date,equity,portfolio_return,drawdown
2018-01-02,100000000.0,0.0,0.0
2018-01-03,100000000.0,0.0,0.0
2018-01-04,100000000.0,0.0,0.0
2018-01-05,100000000.0,0.0,0.0
2018-01-08,100000000.0,0.0,0.0
2018-01-09,100000000.0,0.0,0.0
2018-01-10,100000000.0,0.0,0.0
2018-01-11,100000000.0,0.0,0.0
2018-01-12,100000000.0,0.0,0.0
2018-01-15,100000000.0,0.0,0.0
2018-01-16,100000000.0,0.0,0.0
2018-01-17,100000000.0,0.0,0.0
2018-01-18,100000000.0,0.0,0.0
2018-01-19,100000000.0,0.0,0.0
2018-01-22,100000000.0,0.0,0.0
2018-01-23,100000000.0,0.0,0.0
2018-01-24,100000000.0,0.0,0.0
2018-01-25,100000000.0,0.0,0.0
2018-01-26,100000000.0,0.0,0.0
2018-01-29,100000000.0,0.0,0.0
2018-01-30,100000000.0,0.0,0.0
2018-01-31,100000000.0,0.0,0.0
2018-02-01,100000000.0,0.0,0.0
2018-02-02,100000000.0,0.0,0.0
2018-02-05,100000000.0,0.0,0.0
2018-02-06,100000000.0,0.0,0.0
2018-02-07,100000000.0,0.0,0.0
2018-02-08,100000000.0,0.0,0.0
2018-02-09,100000000.0,0.0,0.0
2018-02-12,100000000.0,0.0,0.0
2018-02-13,100000000.0,0.0,0.0
2018-02-21,100000000.0,0.0,0.0
2018-02-22,100000000.0,0.0,0.0
2018-02-23,100000000.0,0.0,0.0
2018-02-26,100000000.0,0.0,0.0
2018-02-27,100000000.0,0.0,0.0
2018-02-28,100000000.0,0.0,0.0
2018-03-01,100000000.0,0.0,0.0
2018-03-02,100000000.0,0.0,0.0
2018-03-05,100000000.0,0.0,0.0
2018-03-06,100000000.0,0.0,0.0
2018-03-07,100000000.0,0.0,0.0
2018-03-08,100000000.0,0.0,0.0
2018-03-09,100000000.0,0.0,0.0
2018-03-12,100000000.0,0.0,0.0
2018-03-13,100000000.0,0.0,0.0
2018-03-14,100000000.0,0.0,0.0
2018-03-15,100000000.0,0.0,0.0
2018-03-16,100000000.0,0.0,0.0
2018-03-19,100000000.0,0.0,0.0
2018-03-20,100000000.0,0.0,0.0
2018-03-21,100000000.0,0.0,0.0
2018-03-22,100000000.0,0.0,0.0
2018-03-23,100000000.0,0.0,0.0
2018-03-26,100000000.0,0.0,0.0
2018-03-27,100000000.0,0.0,0.0
2018-03-28,100000000.0,0.0,0.0
2018-03-29,100000000.0,0.0,0.0
2018-03-30,100000000.0,0.0,0.0
2018-04-02,100000000.0,0.0,0.0
2018-04-03,100000000.0,0.0,0.0
2018-04-04,100000000.0,0.0,0.0
2018-04-05,100000000.0,0.0,0.0
2018-04-06,100000000.0,0.0,0.0
2018-04-09,100000000.0,0.0,0.0
2018-04-10,100000000.0,0.0,0.0
2018-04-11,100000000.0,0.0,0.0
2018-04-12,100000000.0,0.0,0.0
2018-04-13,100000000.0,0.0,0.0
2018-04-16,100000000.0,0.0,0.0
2018-04-17,100000000.0,0.0,0.0
2018-04-18,100000000.0,0.0,0.0
2018-04-19,100000000.0,0.0,0.0
2018-04-20,100000000.0,0.0,0.0
2018-04-23,100000000.0,0.0,0.0
2018-04-24,100000000.0,0.0,0.0
2018-04-26,100000000.0,0.0,0.0
2018-04-27,100000000.0,0.0,0.0
2018-05-02,100000000.0,0.0,0.0
2018-05-03,100000000.0,0.0,0.0
2018-05-04,100000000.0,0.0,0.0
2018-05-07,100000000.0,0.0,0.0
2018-05-08,100000000.0,0.0,0.0
2018-05-09,100000000.0,0.0,0.0
2018-05-10,100000000.0,0.0,0.0
2018-05-11,100000000.0,0.0,0.0
2018-05-14,100000000.0,0.0,0.0
2018-05-15,100000000.0,0.0,0.0
2018-05-16,100000000.0,0.0,0.0
2018-05-17,100000000.0,0.0,0.0
2018-05-18,100000000.0,0.0,0.0
2018-05-21,100000000.0,0.0,0.0
2018-05-22,100000000.0,0.0,0.0
2018-05-23,100000000.0,0.0,0.0
2018-05-24,100000000.0,0.0,0.0
2018-05-25,100000000.0,0.0,0.0
2018-05-28,100000000.0,0.0,0.0
2018-05-29,100000000.0,0.0,0.0
2018-05-30,100000000.0,0.0,0.0
2018-05-31,100000000.0,0.0,0.0
2018-06-01,100000000.0,0.0,0.0
2018-06-04,100000000.0,0.0,0.0
2018-06-05,100000000.0,0.0,0.0
2018-06-06,100000000.0,0.0,0.0
2018-06-07,100000000.0,0.0,0.0
2018-06-08,100000000.0,0.0,0.0
2018-06-11,100000000.0,0.0,0.0
2018-06-12,100000000.0,0.0,0.0
2018-06-13,100000000.0,0.0,0.0
2018-06-14,100000000.0,0.0,0.0
2018-06-15,100000000.0,0.0,0.0
2018-06-18,100000000.0,0.0,0.0
2018-06-19,100000000.0,0.0,0.0
2018-06-20,100000000.0,0.0,0.0
2018-06-21,100000000.0,0.0,0.0
2018-06-22,100000000.0,0.0,0.0
2018-06-25,100000000.0,0.0,0.0
2018-06-26,100000000.0,0.0,0.0
2018-06-27,100000000.0,0.0,0.0
2018-06-28,100000000.0,0.0,0.0
2018-06-29,100000000.0,0.0,0.0
2018-07-02,100000000.0,0.0,0.0
2018-07-03,100000000.0,0.0,0.0
2018-07-04,100000000.0,0.0,0.0
2018-07-05,100000000.0,0.0,0.0
2018-07-06,100000000.0,0.0,0.0
2018-07-09,100000000.0,0.0,0.0
2018-07-10,100000000.0,0.0,0.0
2018-07-11,100000000.0,0.0,0.0
2018-07-12,100000000.0,0.0,0.0
2018-07-13,100000000.0,0.0,0.0
2018-07-16,100000000.0,0.0,0.0
2018-07-17,100000000.0,0.0,0.0
2018-07-18,100000000.0,0.0,0.0
2018-07-19,100000000.0,0.0,0.0
2018-07-20,100000000.0,0.0,0.0
2018-07-23,100000000.0,0.0,0.0
2018-07-24,100000000.0,0.0,0.0
2018-07-25,100000000.0,0.0,0.0
2018-07-26,100000000.0,0.0,0.0
2018-07-27,100000000.0,0.0,0.0
2018-07-30,100000000.0,0.0,0.0
2018-07-31,100000000.0,0.0,0.0
2018-08-01,100000000.0,0.0,0.0
2018-08-02,100000000.0,0.0,0.0
2018-08-03,100000000.0,0.0,0.0
2018-08-06,100000000.0,0.0,0.0
2018-08-07,100000000.0,0.0,0.0
2018-08-08,100000000.0,0.0,0.0
2018-08-09,100000000.0,0.0,0.0
2018-08-10,100000000.0,0.0,0.0
2018-08-13,100000000.0,0.0,0.0
2018-08-14,100000000.0,0.0,0.0
2018-08-15,100000000.0,0.0,0.0
2018-08-16,100000000.0,0.0,0.0
2018-08-17,100000000.0,0.0,0.0
2018-08-20,100000000.0,0.0,0.0
2018-08-21,100000000.0,0.0,0.0
2018-08-22,100000000.0,0.0,0.0
2018-08-23,100000000.0,0.0,0.0
2018-08-24,100000000.0,0.0,0.0
2018-08-27,100000000.0,0.0,0.0
2018-08-28,100000000.0,0.0,0.0
2018-08-29,100000000.0,0.0,0.0
2018-08-30,100000000.0,0.0,0.0
2018-08-31,100000000.0,0.0,0.0
2018-09-04,100000000.0,0.0,0.0
2018-09-05,100000000.0,0.0,0.0
2018-09-06,100000000.0,0.0,0.0
2018-09-07,100000000.0,0.0,0.0
2018-09-10,100000000.0,0.0,0.0
2018-09-11,100000000.0,0.0,0.0
2018-09-12,100000000.0,0.0,0.0
2018-09-13,100000000.0,0.0,0.0
2018-09-14,100000000.0,0.0,0.0
2018-09-17,100000000.0,0.0,0.0
2018-09-18,100000000.0,0.0,0.0
2018-09-19,100000000.0,0.0,0.0
2018-09-20,100000000.0,0.0,0.0
2018-09-21,100000000.0,0.0,0.0
2018-09-24,100000000.0,0.0,0.0
2018-09-25,100000000.0,0.0,0.0
2018-09-26,100000000.0,0.0,0.0
2018-09-27,100000000.0,0.0,0.0
2018-09-28,100000000.0,0.0,0.0
2018-10-01,100000000.0,0.0,0.0
2018-10-02,100000000.0,0.0,0.0
2018-10-03,100000000.0,0.0,0.0
2018-10-04,100000000.0,0.0,0.0
2018-10-05,100000000.0,0.0,0.0
2018-10-08,100000000.0,0.0,0.0
2018-10-09,100000000.0,0.0,0.0
2018-10-10,100000000.0,0.0,0.0
2018-10-11,100000000.0,0.0,0.0
2018-10-12,100000000.0,0.0,0.0
2018-10-15,100000000.0,0.0,0.0
2018-10-16,100000000.0,0.0,0.0
2018-10-17,100000000.0,0.0,0.0
2018-10-18,100000000.0,0.0,0.0
2018-10-19,100000000.0,0.0,0.0
2018-10-22,100000000.0,0.0,0.0
2018-10-23,100000000.0,0.0,0.0
2018-10-24,100000000.0,0.0,0.0
2018-10-25,100000000.0,0.0,0.0
2018-10-26,100000000.0,0.0,0.0
2018-10-29,100000000.0,0.0,0.0
2018-10-30,100000000.0,0.0,0.0
2018-10-31,100000000.0,0.0,0.0
2018-11-01,100000000.0,0.0,0.0
2018-11-02,100000000.0,0.0,0.0
2018-11-05,100000000.0,0.0,0.0
2018-11-06,100000000.0,0.0,0.0
2018-11-07,100000000.0,0.0,0.0
2018-11-08,100000000.0,0.0,0.0
2018-11-09,100000000.0,0.0,0.0
2018-11-12,100000000.0,0.0,0.0
2018-11-13,100000000.0,0.0,0.0
2018-11-14,100000000.0,0.0,0.0
2018-11-15,100000000.0,0.0,0.0
2018-11-16,100000000.0,0.0,0.0
2018-11-19,100000000.0,0.0,0.0
2018-11-20,100000000.0,0.0,0.0
2018-11-21,100000000.0,0.0,0.0
2018-11-22,100000000.0,0.0,0.0
2018-11-23,100000000.0,0.0,0.0
2018-11-26,100000000.0,0.0,0.0
2018-11-27,100000000.0,0.0,0.0
2018-11-28,100000000.0,0.0,0.0
2018-11-29,100000000.0,0.0,0.0
2018-11-30,100000000.0,0.0,0.0
2018-12-03,100000000.0,0.0,0.0
2018-12-04,100000000.0,0.0,0.0
2018-12-05,100000000.0,0.0,0.0
2018-12-06,100000000.0,0.0,0.0
2018-12-07,100000000.0,0.0,0.0
2018-12-10,100000000.0,0.0,0.0
2018-12-11,100000000.0,0.0,0.0
2018-12-12,100000000.0,0.0,0.0
2018-12-13,100000000.0,0.0,0.0
2018-12-14,100000000.0,0.0,0.0
2018-12-17,100000000.0,0.0,0.0
2018-12-18,100000000.0,0.0,0.0
2018-12-19,100000000.0,0.0,0.0
2018-12-20,100000000.0,0.0,0.0
2018-12-21,100000000.0,0.0,0.0
2018-12-24,100000000.0,0.0,0.0
2018-12-25,100000000.0,0.0,0.0
2018-12-26,100000000.0,0.0,0.0
2018-12-27,100000000.0,0.0,0.0
2018-12-28,100000000.0,0.0,0.0
2019-01-02,100000000.0,0.0,0.0
2019-01-03,100000000.0,0.0,0.0
2019-01-04,100000000.0,0.0,0.0
2019-01-07,100000000.0,0.0,0.0
2019-01-08,100000000.0,0.0,0.0
2019-01-09,100000000.0,0.0,0.0
2019-01-10,100000000.0,0.0,0.0
2019-01-11,100000000.0,0.0,0.0
2019-01-14,100000000.0,0.0,0.0
2019-01-15,100000000.0,0.0,0.0
2019-01-16,100000000.0,0.0,0.0
2019-01-17,100000000.0,0.0,0.0
2019-01-18,100000000.0,0.0,0.0
2019-01-21,100000000.0,0.0,0.0
2019-01-22,100000000.0,0.0,0.0
2019-01-23,100000000.0,0.0,0.0
2019-01-24,100000000.0,0.0,0.0
2019-01-25,100000000.0,0.0,0.0
2019-01-28,100000000.0,0.0,0.0
2019-01-29,100000000.0,0.0,0.0
2019-01-30,100000000.0,0.0,0.0
2019-01-31,100000000.0,0.0,0.0
2019-02-01,100000000.0,0.0,0.0
2019-02-11,100000000.0,0.0,0.0
2019-02-12,100000000.0,0.0,0.0
2019-02-13,100000000.0,0.0,0.0
2019-02-14,100000000.0,0.0,0.0
2019-02-15,100000000.0,0.0,0.0
2019-02-18,100000000.0,0.0,0.0
2019-02-19,100000000.0,0.0,0.0
2019-02-20,100000000.0,0.0,0.0
2019-02-21,100000000.0,0.0,0.0
2019-02-22,100000000.0,0.0,0.0
2019-02-25,100000000.0,0.0,0.0
2019-02-26,100000000.0,0.0,0.0
2019-02-27,100000000.0,0.0,0.0
2019-02-28,100000000.0,0.0,0.0
2019-03-01,100000000.0,0.0,0.0
2019-03-04,100000000.0,0.0,0.0
2019-03-05,100000000.0,0.0,0.0
2019-03-06,100000000.0,0.0,0.0
2019-03-07,100000000.0,0.0,0.0
2019-03-08,100000000.0,0.0,0.0
2019-03-11,100000000.0,0.0,0.0
2019-03-12,100000000.0,0.0,0.0
2019-03-13,100000000.0,0.0,0.0
2019-03-14,100000000.0,0.0,0.0
2019-03-15,100000000.0,0.0,0.0
2019-03-18,100000000.0,0.0,0.0
2019-03-19,100000000.0,0.0,0.0
2019-03-20,100000000.0,0.0,0.0
2019-03-21,100000000.0,0.0,0.0
2019-03-22,100000000.0,0.0,0.0
2019-03-25,100000000.0,0.0,0.0
2019-03-26,100000000.0,0.0,0.0
2019-03-27,100000000.0,0.0,0.0
2019-03-28,100000000.0,0.0,0.0
2019-03-29,100000000.0,0.0,0.0
2019-04-01,100000000.0,0.0,0.0
2019-04-02,100000000.0,0.0,0.0
2019-04-03,100000000.0,0.0,0.0
2019-04-04,100000000.0,0.0,0.0
2019-04-05,100000000.0,0.0,0.0
2019-04-08,100000000.0,0.0,0.0
2019-04-09,100000000.0,0.0,0.0
2019-04-10,100000000.0,0.0,0.0
2019-04-11,100000000.0,0.0,0.0
2019-04-12,100000000.0,0.0,0.0
2019-04-16,100000000.0,0.0,0.0
2019-04-17,100000000.0,0.0,0.0
2019-04-18,100000000.0,0.0,0.0
2019-04-19,100000000.0,0.0,0.0
2019-04-22,100000000.0,0.0,0.0
2019-04-23,100000000.0,0.0,0.0
2019-04-24,100000000.0,0.0,0.0
2019-04-25,100000000.0,0.0,0.0
2019-04-26,100000000.0,0.0,0.0
2019-05-02,100000000.0,0.0,0.0
2019-05-03,100000000.0,0.0,0.0
2019-05-06,100000000.0,0.0,0.0
2019-05-07,100000000.0,0.0,0.0
2019-05-08,100000000.0,0.0,0.0
2019-05-09,100000000.0,0.0,0.0
2019-05-10,100000000.0,0.0,0.0
2019-05-13,100000000.0,0.0,0.0
2019-05-14,100000000.0,0.0,0.0
2019-05-15,100000000.0,0.0,0.0
2019-05-16,100000000.0,0.0,0.0
2019-05-17,100000000.0,0.0,0.0
2019-05-20,100000000.0,0.0,0.0
2019-05-21,100000000.0,0.0,0.0
2019-05-22,100000000.0,0.0,0.0
2019-05-23,100000000.0,0.0,0.0
2019-05-24,100000000.0,0.0,0.0
2019-05-27,100000000.0,0.0,0.0
2019-05-28,100000000.0,0.0,0.0
2019-05-29,100000000.0,0.0,0.0
2019-05-30,100000000.0,0.0,0.0
2019-05-31,100000000.0,0.0,0.0
2019-06-03,100000000.0,0.0,0.0
2019-06-04,100000000.0,0.0,0.0
2019-06-05,100000000.0,0.0,0.0
2019-06-06,100000000.0,0.0,0.0
2019-06-07,100000000.0,0.0,0.0
2019-06-10,100000000.0,0.0,0.0
2019-06-11,100000000.0,0.0,0.0
2019-06-12,100000000.0,0.0,0.0
2019-06-13,100000000.0,0.0,0.0
2019-06-14,100000000.0,0.0,0.0
2019-06-17,100000000.0,0.0,0.0
2019-06-18,100000000.0,0.0,0.0
2019-06-19,100000000.0,0.0,0.0
2019-06-20,100000000.0,0.0,0.0
2019-06-21,100000000.0,0.0,0.0
2019-06-24,100000000.0,0.0,0.0
2019-06-25,100000000.0,0.0,0.0
2019-06-26,100000000.0,0.0,0.0
2019-06-27,100000000.0,0.0,0.0
2019-06-28,100000000.0,0.0,0.0
2019-07-01,100000000.0,0.0,0.0
2019-07-02,100000000.0,0.0,0.0
2019-07-03,100000000.0,0.0,0.0
2019-07-04,100000000.0,0.0,0.0
2019-07-05,100000000.0,0.0,0.0
2019-07-08,100000000.0,0.0,0.0
2019-07-09,100000000.0,0.0,0.0
2019-07-10,100000000.0,0.0,0.0
2019-07-11,100000000.0,0.0,0.0
2019-07-12,100000000.0,0.0,0.0
2019-07-15,100000000.0,0.0,0.0
2019-07-16,100000000.0,0.0,0.0
2019-07-17,100000000.0,0.0,0.0
2019-07-18,100000000.0,0.0,0.0
2019-07-19,100000000.0,0.0,0.0
2019-07-22,100000000.0,0.0,0.0
2019-07-23,100000000.0,0.0,0.0
2019-07-24,100000000.0,0.0,0.0
2019-07-25,100000000.0,0.0,0.0
2019-07-26,100000000.0,0.0,0.0
2019-07-29,100000000.0,0.0,0.0
2019-07-30,100000000.0,0.0,0.0
2019-07-31,100000000.0,0.0,0.0
2019-08-01,100000000.0,0.0,0.0
2019-08-02,100000000.0,0.0,0.0
2019-08-05,100000000.0,0.0,0.0
2019-08-06,100000000.0,0.0,0.0
2019-08-07,100000000.0,0.0,0.0
2019-08-08,100000000.0,0.0,0.0
2019-08-09,100000000.0,0.0,0.0
2019-08-12,100000000.0,0.0,0.0
2019-08-13,100000000.0,0.0,0.0
2019-08-14,100000000.0,0.0,0.0
2019-08-15,100000000.0,0.0,0.0
2019-08-16,100000000.0,0.0,0.0
2019-08-19,100000000.0,0.0,0.0
2019-08-20,100000000.0,0.0,0.0
2019-08-21,100000000.0,0.0,0.0
2019-08-22,100000000.0,0.0,0.0
2019-08-23,100000000.0,0.0,0.0
2019-08-26,100000000.0,0.0,0.0
2019-08-27,100000000.0,0.0,0.0
2019-08-28,100000000.0,0.0,0.0
2019-08-29,100000000.0,0.0,0.0
2019-08-30,100000000.0,0.0,0.0
2019-09-03,100000000.0,0.0,0.0
2019-09-04,100000000.0,0.0,0.0
2019-09-05,100000000.0,0.0,0.0
2019-09-06,100000000.0,0.0,0.0
2019-09-09,100000000.0,0.0,0.0
2019-09-10,100000000.0,0.0,0.0
2019-09-11,100000000.0,0.0,0.0
2019-09-12,100000000.0,0.0,0.0
2019-09-13,100000000.0,0.0,0.0
2019-09-16,100000000.0,0.0,0.0
2019-09-17,100000000.0,0.0,0.0
2019-09-18,100000000.0,0.0,0.0
2019-09-19,100000000.0,0.0,0.0
2019-09-20,100000000.0,0.0,0.0
2019-09-23,100000000.0,0.0,0.0
2019-09-24,100000000.0,0.0,0.0
2019-09-25,100000000.0,0.0,0.0
2019-09-26,100000000.0,0.0,0.0
2019-09-27,100000000.0,0.0,0.0
2019-09-30,100000000.0,0.0,0.0
2019-10-01,100000000.0,0.0,0.0
2019-10-02,100000000.0,0.0,0.0
2019-10-03,100000000.0,0.0,0.0
2019-10-04,100000000.0,0.0,0.0
2019-10-07,100000000.0,0.0,0.0
2019-10-08,100000000.0,0.0,0.0
2019-10-09,100000000.0,0.0,0.0
2019-10-10,100000000.0,0.0,0.0
2019-10-11,100000000.0,0.0,0.0
2019-10-14,100000000.0,0.0,0.0
2019-10-15,100000000.0,0.0,0.0
2019-10-16,100000000.0,0.0,0.0
2019-10-17,100000000.0,0.0,0.0
2019-10-18,100000000.0,0.0,0.0
2019-10-21,100000000.0,0.0,0.0
2019-10-22,100000000.0,0.0,0.0
2019-10-23,100000000.0,0.0,0.0
2019-10-24,100000000.0,0.0,0.0
2019-10-25,100000000.0,0.0,0.0
2019-10-28,100000000.0,0.0,0.0
2019-10-29,100000000.0,0.0,0.0
2019-10-30,100000000.0,0.0,0.0
2019-10-31,100000000.0,0.0,0.0
2019-11-01,100000000.0,0.0,0.0
2019-11-04,100000000.0,0.0,0.0
2019-11-05,100000000.0,0.0,0.0
2019-11-06,100000000.0,0.0,0.0
2019-11-07,100000000.0,0.0,0.0
2019-11-08,100000000.0,0.0,0.0
2019-11-11,100000000.0,0.0,0.0
2019-11-12,100000000.0,0.0,0.0
2019-11-13,100000000.0,0.0,0.0
2019-11-14,100000000.0,0.0,0.0
2019-11-15,100000000.0,0.0,0.0
2019-11-18,100000000.0,0.0,0.0
2019-11-19,100000000.0,0.0,0.0
2019-11-20,100000000.0,0.0,0.0
2019-11-21,100000000.0,0.0,0.0
2019-11-22,100000000.0,0.0,0.0
2019-11-25,100000000.0,0.0,0.0
2019-11-26,100000000.0,0.0,0.0
2019-11-27,100000000.0,0.0,0.0
2019-11-28,100000000.0,0.0,0.0
2019-11-29,100000000.0,0.0,0.0
2019-12-02,100000000.0,0.0,0.0
2019-12-03,100000000.0,0.0,0.0
2019-12-04,100000000.0,0.0,0.0
2019-12-05,100000000.0,0.0,0.0
2019-12-06,100000000.0,0.0,0.0
2019-12-09,100000000.0,0.0,0.0
2019-12-10,100000000.0,0.0,0.0
2019-12-11,100000000.0,0.0,0.0
2019-12-12,100000000.0,0.0,0.0
2019-12-13,100000000.0,0.0,0.0
2019-12-16,100000000.0,0.0,0.0
2019-12-17,100000000.0,0.0,0.0
2019-12-18,100000000.0,0.0,0.0
2019-12-19,100000000.0,0.0,0.0
2019-12-20,100000000.0,0.0,0.0
2019-12-23,100000000.0,0.0,0.0
2019-12-24,100000000.0,0.0,0.0
2019-12-25,100000000.0,0.0,0.0
2019-12-26,100000000.0,0.0,0.0
2019-12-27,100000000.0,0.0,0.0
2019-12-30,100000000.0,0.0,0.0
2019-12-31,100000000.0,0.0,0.0
2020-01-02,100000000.0,0.0,0.0
2020-01-03,100000000.0,0.0,0.0
2020-01-06,100000000.0,0.0,0.0
2020-01-07,100000000.0,0.0,0.0
2020-01-08,100000000.0,0.0,0.0
2020-01-09,100000000.0,0.0,0.0
2020-01-10,100000000.0,0.0,0.0
2020-01-13,100000000.0,0.0,0.0
2020-01-14,100000000.0,0.0,0.0
2020-01-15,100000000.0,0.0,0.0
2020-01-16,100000000.0,0.0,0.0
2020-01-17,100000000.0,0.0,0.0
2020-01-20,100000000.0,0.0,0.0
2020-01-21,100000000.0,0.0,0.0
2020-01-22,100000000.0,0.0,0.0
2020-01-30,100000000.0,0.0,0.0
2020-01-31,100000000.0,0.0,0.0
2020-02-03,100000000.0,0.0,0.0
2020-02-04,100000000.0,0.0,0.0
2020-02-05,100000000.0,0.0,0.0
2020-02-06,100000000.0,0.0,0.0
2020-02-07,100000000.0,0.0,0.0
2020-02-10,100000000.0,0.0,0.0
2020-02-11,100000000.0,0.0,0.0
2020-02-12,100000000.0,0.0,0.0
2020-02-13,100000000.0,0.0,0.0
2020-02-14,100000000.0,0.0,0.0
2020-02-17,100000000.0,0.0,0.0
2020-02-18,100000000.0,0.0,0.0
2020-02-19,100000000.0,0.0,0.0
2020-02-20,100000000.0,0.0,0.0
2020-02-21,100000000.0,0.0,0.0
2020-02-24,100000000.0,0.0,0.0
2020-02-25,100000000.0,0.0,0.0
2020-02-26,100000000.0,0.0,0.0
2020-02-27,100000000.0,0.0,0.0
2020-02-28,100000000.0,0.0,0.0
2020-03-02,100000000.0,0.0,0.0
2020-03-03,100000000.0,0.0,0.0
2020-03-04,100000000.0,0.0,0.0
2020-03-05,100000000.0,0.0,0.0
2020-03-06,100000000.0,0.0,0.0
2020-03-09,100000000.0,0.0,0.0
2020-03-10,100000000.0,0.0,0.0
2020-03-11,100000000.0,0.0,0.0
2020-03-12,100000000.0,0.0,0.0
2020-03-13,100000000.0,0.0,0.0
2020-03-16,100000000.0,0.0,0.0
2020-03-17,100000000.0,0.0,0.0
2020-03-18,100000000.0,0.0,0.0
2020-03-19,100000000.0,0.0,0.0
2020-03-20,100000000.0,0.0,0.0
2020-03-23,100000000.0,0.0,0.0
2020-03-24,100000000.0,0.0,0.0
2020-03-25,100000000.0,0.0,0.0
2020-03-26,100000000.0,0.0,0.0
2020-03-27,100000000.0,0.0,0.0
2020-03-30,100000000.0,0.0,0.0
2020-03-31,100000000.0,0.0,0.0
2020-04-01,100000000.0,0.0,0.0
2020-04-03,100000000.0,0.0,0.0
2020-04-06,100000000.0,0.0,0.0
2020-04-07,100000000.0,0.0,0.0
2020-04-08,100000000.0,0.0,0.0
2020-04-09,100000000.0,0.0,0.0
2020-04-10,100000000.0,0.0,0.0
2020-04-13,100000000.0,0.0,0.0
2020-04-14,100000000.0,0.0,0.0
2020-04-15,100000000.0,0.0,0.0
2020-04-16,100000000.0,0.0,0.0
2020-04-17,100000000.0,0.0,0.0
2020-04-20,100000000.0,0.0,0.0
2020-04-21,100000000.0,0.0,0.0
2020-04-22,100000000.0,0.0,0.0
2020-04-23,100000000.0,0.0,0.0
2020-04-24,100000000.0,0.0,0.0
2020-04-27,100000000.0,0.0,0.0
2020-04-28,100000000.0,0.0,0.0
2020-04-29,100000000.0,0.0,0.0
2020-05-04,100000000.0,0.0,0.0
2020-05-05,100000000.0,0.0,0.0
2020-05-06,100000000.0,0.0,0.0
2020-05-07,100000000.0,0.0,0.0
2020-05-08,100000000.0,0.0,0.0
2020-05-11,100000000.0,0.0,0.0
2020-05-12,100000000.0,0.0,0.0
2020-05-13,100000000.0,0.0,0.0
2020-05-14,100000000.0,0.0,0.0
2020-05-15,100000000.0,0.0,0.0
2020-05-18,100000000.0,0.0,0.0
2020-05-19,100000000.0,0.0,0.0
2020-05-20,100000000.0,0.0,0.0
2020-05-21,100000000.0,0.0,0.0
2020-05-22,100000000.0,0.0,0.0
2020-05-25,100000000.0,0.0,0.0
2020-05-26,100000000.0,0.0,0.0
2020-05-27,100000000.0,0.0,0.0
2020-05-28,100000000.0,0.0,0.0
2020-05-29,100000000.0,0.0,0.0
2020-06-01,100000000.0,0.0,0.0
2020-06-02,100000000.0,0.0,0.0
2020-06-03,100000000.0,0.0,0.0
2020-06-04,100000000.0,0.0,0.0
2020-06-05,100000000.0,0.0,0.0
2020-06-08,100000000.0,0.0,0.0
2020-06-09,100000000.0,0.0,0.0
2020-06-10,100000000.0,0.0,0.0
2020-06-11,100000000.0,0.0,0.0
2020-06-12,100000000.0,0.0,0.0
2020-06-15,100000000.0,0.0,0.0
2020-06-16,100000000.0,0.0,0.0
2020-06-17,100000000.0,0.0,0.0
2020-06-18,100000000.0,0.0,0.0
2020-06-19,100000000.0,0.0,0.0
2020-06-22,100000000.0,0.0,0.0
2020-06-23,100000000.0,0.0,0.0
2020-06-24,100000000.0,0.0,0.0
2020-06-25,100000000.0,0.0,0.0
2020-06-26,100000000.0,0.0,0.0
2020-06-29,100000000.0,0.0,0.0
2020-06-30,100000000.0,0.0,0.0
2020-07-01,100000000.0,0.0,0.0
2020-07-02,100000000.0,0.0,0.0
2020-07-03,100000000.0,0.0,0.0
2020-07-06,100000000.0,0.0,0.0
2020-07-07,100000000.0,0.0,0.0
2020-07-08,100000000.0,0.0,0.0
2020-07-09,100000000.0,0.0,0.0
2020-07-10,100000000.0,0.0,0.0
2020-07-13,100000000.0,0.0,0.0
2020-07-14,100000000.0,0.0,0.0
2020-07-15,100000000.0,0.0,0.0
2020-07-16,100000000.0,0.0,0.0
2020-07-17,100000000.0,0.0,0.0
2020-07-20,100000000.0,0.0,0.0
2020-07-21,100000000.0,0.0,0.0
2020-07-22,100000000.0,0.0,0.0
2020-07-23,100000000.0,0.0,0.0
2020-07-24,100000000.0,0.0,0.0
2020-07-27,100000000.0,0.0,0.0
2020-07-28,100000000.0,0.0,0.0
2020-07-29,100000000.0,0.0,0.0
2020-07-30,100000000.0,0.0,0.0
2020-07-31,100000000.0,0.0,0.0
2020-08-03,100000000.0,0.0,0.0
2020-08-04,100000000.0,0.0,0.0
2020-08-05,100000000.0,0.0,0.0
2020-08-06,100000000.0,0.0,0.0
2020-08-07,100000000.0,0.0,0.0
2020-08-10,100000000.0,0.0,0.0
2020-08-11,100000000.0,0.0,0.0
2020-08-12,100000000.0,0.0,0.0
2020-08-13,100000000.0,0.0,0.0
2020-08-14,100000000.0,0.0,0.0
2020-08-17,100000000.0,0.0,0.0
2020-08-18,100000000.0,0.0,0.0
2020-08-19,100000000.0,0.0,0.0
2020-08-20,100000000.0,0.0,0.0
2020-08-21,100000000.0,0.0,0.0
2020-08-24,100000000.0,0.0,0.0
2020-08-25,100000000.0,0.0,0.0
2020-08-26,100000000.0,0.0,0.0
2020-08-27,100000000.0,0.0,0.0
2020-08-28,100000000.0,0.0,0.0
2020-08-31,100000000.0,0.0,0.0
2020-09-01,100000000.0,0.0,0.0
2020-09-03,100000000.0,0.0,0.0
2020-09-04,100000000.0,0.0,0.0
2020-09-07,100000000.0,0.0,0.0
2020-09-08,100000000.0,0.0,0.0
2020-09-09,100000000.0,0.0,0.0
2020-09-10,100000000.0,0.0,0.0
2020-09-11,100000000.0,0.0,0.0
2020-09-14,100000000.0,0.0,0.0
2020-09-15,100000000.0,0.0,0.0
2020-09-16,100000000.0,0.0,0.0
2020-09-17,100000000.0,0.0,0.0
2020-09-18,100000000.0,0.0,0.0
2020-09-21,100000000.0,0.0,0.0
2020-09-22,100000000.0,0.0,0.0
2020-09-23,100000000.0,0.0,0.0
2020-09-24,100000000.0,0.0,0.0
2020-09-25,100000000.0,0.0,0.0
2020-09-28,100000000.0,0.0,0.0
2020-09-29,100000000.0,0.0,0.0
2020-09-30,100000000.0,0.0,0.0
2020-10-01,100000000.0,0.0,0.0
2020-10-02,100000000.0,0.0,0.0
2020-10-05,100000000.0,0.0,0.0
2020-10-06,100000000.0,0.0,0.0
2020-10-07,100000000.0,0.0,0.0
2020-10-08,100000000.0,0.0,0.0
2020-10-09,100000000.0,0.0,0.0
2020-10-12,100000000.0,0.0,0.0
2020-10-13,100000000.0,0.0,0.0
2020-10-14,100000000.0,0.0,0.0
2020-10-15,100000000.0,0.0,0.0
2020-10-16,100000000.0,0.0,0.0
2020-10-19,100000000.0,0.0,0.0
2020-10-20,100000000.0,0.0,0.0
2020-10-21,100000000.0,0.0,0.0
2020-10-22,100000000.0,0.0,0.0
2020-10-23,100000000.0,0.0,0.0
2020-10-26,100000000.0,0.0,0.0
2020-10-27,100000000.0,0.0,0.0
2020-10-28,100000000.0,0.0,0.0
2020-10-29,100000000.0,0.0,0.0
2020-10-30,100000000.0,0.0,0.0
2020-11-02,100000000.0,0.0,0.0
2020-11-03,100000000.0,0.0,0.0
2020-11-04,100000000.0,0.0,0.0
2020-11-05,100000000.0,0.0,0.0
2020-11-06,100000000.0,0.0,0.0
2020-11-09,100000000.0,0.0,0.0
2020-11-10,100000000.0,0.0,0.0
2020-11-11,100000000.0,0.0,0.0
2020-11-12,100000000.0,0.0,0.0
2020-11-13,100000000.0,0.0,0.0
2020-11-16,100000000.0,0.0,0.0
2020-11-17,100000000.0,0.0,0.0
2020-11-18,100000000.0,0.0,0.0
2020-11-19,100000000.0,0.0,0.0
2020-11-20,100000000.0,0.0,0.0
2020-11-23,100000000.0,0.0,0.0
2020-11-24,100000000.0,0.0,0.0
2020-11-25,100000000.0,0.0,0.0
2020-11-26,100000000.0,0.0,0.0
2020-11-27,100000000.0,0.0,0.0
2020-11-30,100000000.0,0.0,0.0
2020-12-01,100000000.0,0.0,0.0
2020-12-02,100000000.0,0.0,0.0
2020-12-03,100000000.0,0.0,0.0
2020-12-04,100000000.0,0.0,0.0
2020-12-07,100000000.0,0.0,0.0
2020-12-08,100000000.0,0.0,0.0
2020-12-09,100000000.0,0.0,0.0
2020-12-10,100000000.0,0.0,0.0
2020-12-11,100000000.0,0.0,0.0
2020-12-14,100000000.0,0.0,0.0
2020-12-15,100000000.0,0.0,0.0
2020-12-16,100000000.0,0.0,0.0
2020-12-17,100000000.0,0.0,0.0
2020-12-18,100000000.0,0.0,0.0
2020-12-21,100000000.0,0.0,0.0
2020-12-22,100000000.0,0.0,0.0
2020-12-23,100000000.0,0.0,0.0
2020-12-24,100000000.0,0.0,0.0
2020-12-25,100000000.0,0.0,0.0
2020-12-28,100000000.0,0.0,0.0
2020-12-29,100000000.0,0.0,0.0
2020-12-30,100000000.0,0.0,0.0
2020-12-31,100000000.0,0.0,0.0
2021-01-04,100000000.0,0.0,0.0
2021-01-05,100000000.0,0.0,0.0
2021-01-06,100000000.0,0.0,0.0
2021-01-07,100000000.0,0.0,0.0
2021-01-08,100000000.0,0.0,0.0
2021-01-11,100000000.0,0.0,0.0
2021-01-12,100000000.0,0.0,0.0
2021-01-13,100000000.0,0.0,0.0
2021-01-14,100000000.0,0.0,0.0
2021-01-15,100000000.0,0.0,0.0
2021-01-18,100000000.0,0.0,0.0
2021-01-19,100000000.0,0.0,0.0
2021-01-20,100000000.0,0.0,0.0
2021-01-21,100000000.0,0.0,0.0
2021-01-22,99840255.59105432,-0.0015974440894567967,-0.0015974440894568342
2021-01-25,99813879.64853704,-0.00026418144025308225,-0.0018612035146295947
2021-01-26,95479125.86218482,-0.04342836689261734,-0.045208741378151784
2021-01-27,89004008.35462826,-0.06781710084885761,-0.10995991645371739
2021-01-28,81807072.834225,-0.08086080226553101,-0.18192927165774997
2021-01-29,84911000.99218795,0.037942051346254516,-0.15088999007812054
2021-02-01,80611676.34860556,-0.05063330538263162,-0.19388323651394446
2021-02-02,82390181.73853336,0.022062627530987568,-0.17609818261466637
2021-02-03,87227898.46494168,0.05871715081004304,-0.12772101535058322
2021-02-04,87291466.90439077,0.0007287627074339752,-0.1270853309560923
2021-02-05,88396577.99109271,0.01266001278123048,-0.11603422008907294
2021-02-08,85969743.64615704,-0.02745393996111717,-0.14030256353842963
2021-02-09,87809028.19841422,0.021394556669000822,-0.12190971801585782
2021-02-17,92023677.57900771,0.04799790485176566,-0.07976322420992288
2021-02-18,91882307.71915369,-0.0015362335387286965,-0.08117692280846311
2021-02-19,92507596.8817067,0.006805327141589253,-0.074924031182933
2021-02-22,93787277.57639378,0.013833249785133476,-0.062127224236062206
2021-02-23,94842932.00145915,0.011255838236753298,-0.05157067998540843
2021-02-24,92221906.63814324,-0.027635431634226427,-0.07778093361856764
2021-02-25,93881785.97851004,0.01799875323419376,-0.06118214021489965
2021-02-26,95364942.20838206,0.015798125423514196,-0.04635057791617947
2021-03-01,97694742.46120737,0.024430364019247978,-0.023052575387926266
2021-03-02,98576140.11571608,0.009021955862759915,-0.014238598842839179
2021-03-03,100552379.40179381,0.020047846099044503,0.0
2021-03-04,101381212.31439811,0.008242797609914303,0.0
2021-03-05,103464963.19562809,0.020553619686140293,0.0
2021-03-08,103763087.79374073,0.002881406312869012,0.0
2021-03-09,101957937.10518712,-0.017396848213903172,-0.017396848213903193
2021-03-10,101792060.1223008,-0.0016269158399623543,-0.018995460845940948
2021-03-11,102884634.63304557,0.010733396194477864,-0.008465950458619198
2021-03-12,105095398.97388308,0.021487798918881827,0.0
2021-03-15,104839235.83818407,-0.0024374343520277442,-0.002437434352027701
2021-03-16,104790436.08414952,-0.0004654722408495024,-0.0029017720348475384
2021-03-17,105004290.77145123,0.0020407844006869024,-0.0008669095252636927
2021-03-18,104962505.5517094,-0.0003979382121896759,-0.0012645027610267423
2021-03-19,105120649.73450106,0.0015066730920762562,0.0
2021-03-22,105110136.52145198,-0.00010001092150435467,-0.00010001092150435653
2021-03-23,104406401.62521976,-0.006695214367727436,-0.006794555694673243
2021-03-24,103044358.76780385,-0.013045587590549695,-0.019751504313769153
2021-03-25,102847054.08240286,-0.0019147548469450068,-0.02162843987209495
2021-03-26,102434310.0757136,-0.004013182588181405,-0.02555482358197214
2021-03-29,103549705.57685657,0.01088888576804517,-0.014944201368733645
2021-03-30,104531651.54860215,0.009482846583438728,-0.005603068354186558
2021-03-31,104646073.9905643,0.0010946200530367765,-0.004514581532128803
2021-04-01,105063897.24409704,0.003992727463147941,-0.0005398795626488928
2021-04-02,105176699.24256226,0.0010736513819123803,0.0
2021-04-05,104637694.2173881,-0.005124756995188621,-0.005124756995188662
2021-04-06,104215425.48471254,-0.004035531706177277,-0.009139607582025366
2021-04-07,104221733.41254202,6.052777504036124e-05,-0.009079633007096688
2021-04-08,105476629.52727813,0.012040637529687221,0.0
2021-04-09,106638334.7020517,0.011013863260326651,0.0
2021-04-12,107272396.20027867,0.005945905850823187,0.0
2021-04-13,105200507.37898308,-0.01931427743468461,-0.019314277434684612
2021-04-14,104664731.04772021,-0.005092906342483181,-0.024308817971120167
2021-04-15,104887640.35327592,0.002129746126745257,-0.02223084345529469
2021-04-16,105255318.49991393,0.0035054477858364975,-0.018803324730425786
2021-04-19,107211887.50682482,0.01858878995185873,-0.0005640658323775583
2021-04-20,108103996.44370914,0.008320989002525718,0.0
2021-04-22,104286549.86792803,-0.03531272387111878,-0.03531272387111872
2021-04-23,106325716.98728117,0.019553500637767906,-0.01644971060208611
2021-04-26,105529565.42084377,-0.00748785513981199,-0.023814392691817843
2021-04-27,105341732.15183702,-0.0017799113287132325,-0.02555191651319244
2021-04-28,105215483.56119317,-0.0011984670088952144,-0.02671976039313262
2021-04-29,106539554.14599474,0.012584370094459453,-0.014471641652295641
2021-05-04,106539554.14599474,0.0,-0.014471641652295641
2021-05-05,106287056.96470699,-0.0023699853384194307,-0.01680732941217622
2021-05-06,105655814.01148763,-0.005939038780883365,-0.022646548811877554
2021-05-07,106665802.7366386,0.009559234715101997,-0.013303797772355352
2021-05-10,106918299.91792636,0.0023671802471798248,-0.010968110012474774
2021-05-11,106730466.64891961,-0.0017567925149476788,-0.012705633833849372
2021-05-12,107423294.28050184,0.006491376392658577,-0.006296734492713618
2021-05-13,108307034.41500895,0.00822670855912776,0.0
2021-05-14,108873613.4559473,0.005231230307417893,0.0
2021-05-17,108180785.82436508,-0.006363595453388245,-0.006363595453388271
2021-05-18,108433283.00565282,0.0023340298313017697,-0.0040444184437090636
2021-05-19,108999255.2006102,0.005219543107699555,0.0
2021-05-20,111551225.78298569,0.023412734129959405,0.0
2021-05-21,110999900.64157939,-0.004942349468026987,-0.004942349468026963
2021-05-24,110733498.94510724,-0.0024000174318386893,-0.007330505174988122
2021-05-25,112927042.7519175,0.01980921607017622,0.0
2021-05-26,115814599.34100379,0.025570107201246653,0.0
2021-05-27,115862799.79157549,0.00041618630851348736,0.0
2021-05-28,119345661.57956249,0.030060224629926788,0.0
2021-05-31,125299342.23756124,0.04988602500669619,0.0
2021-06-01,124900293.23183818,-0.0031847653674548617,-0.0031847653674548226
2021-06-02,130505720.16821732,0.04487921358178415,0.0
2021-06-03,138070824.28354114,0.057967605600525954,0.0
2021-06-04,137636852.97120285,-0.0031431065512225274,-0.0031431065512225187
2021-06-07,130741441.23200457,-0.05009858617329022,-0.053084227530104444
2021-06-08,123521168.36979543,-0.05522558719080167,-0.10537820708498602
2021-06-09,130466017.16259828,0.056223956463976224,-0.05507903034840789
2021-06-10,132229519.22676355,0.013516945657714316,-0.04230658495079265
2021-06-11,132648539.37534298,0.0031688850646189367,-0.03927176459135928
2021-06-14,134500970.17607725,0.013964954378371397,-0.025855238613864406
2021-06-15,135697739.95295522,0.008897852374679976,-0.01718744233548264
2021-06-16,134651696.84822813,-0.007708625840708475,-0.02476357661406814
2021-06-17,134591406.17936778,-0.0004477527596871085,-0.02520024141398658
2021-06-18,136594563.65225294,0.014883249456622708,-0.010692053436695437
2021-06-21,137012076.53411087,0.003056584908612103,-0.0076681496972599295
2021-06-22,136594563.65225294,-0.003047270667078654,-0.010692053436695437
2021-06-23,136294617.5746727,-0.0021958859090750946,-0.01286446081628978
2021-06-24,135877104.69281477,-0.0030633115913707002,-0.015888364555725176
2021-06-25,137012076.53411087,0.008352929243392425,-0.0076681496972599295
2021-06-28,136953293.13197204,-0.0004290381083611587,-0.0080938978771804
2021-06-29,136893002.46311167,-0.00044022796007013934,-0.008530562677099063
2021-06-30,136234300.3546071,-0.004811802624331093,-0.013301317917553401
2021-07-01,140658073.83255824,0.0324718038440863,0.0
2021-07-02,141603820.0092949,0.006723724781433344,0.0
2021-07-05,140889202.20460743,-0.0050465997643323645,-0.005046599764332416
2021-07-06,134973496.05007002,-0.041988357247891,-0.0468230585784315
2021-07-07,135767042.93932363,0.005879279358365591,-0.04121906506186157
2021-07-08,134631775.3574717,-0.00836187897499762,-0.04923627520334939
2021-07-09,131787176.9684611,-0.021128729688498018,-0.06932470494220733
2021-07-12,129832713.89353532,-0.01483044951629487,-0.08312703792162479
2021-07-13,130743860.09219617,0.007017847592772369,-0.07669256321182494
2021-07-14,131290310.16428855,0.004179546723701182,-0.07283355663942803
2021-07-15,133671163.99430037,0.01813426921630821,-0.05602007074720039
2021-07-16,133117220.11685775,-0.004144079103449963,-0.05993199824609308
2021-07-19,128840096.50643687,-0.032130505780290364,-0.09013685861031306
2021-07-20,131804045.59199788,0.023004865456716945,-0.0692055794586175
2021-07-21,130610262.09168182,-0.009057259926690224,-0.07763602646377377
2021-07-22,132102144.35827631,0.011422397005430233,-0.06710041897453678
2021-07-23,132004613.98674145,-0.0007382951428126747,-0.06778917420393993
2021-07-26,132097142.24680576,0.00070094716593465,-0.0671357436675446
2021-07-27,133008308.6094633,0.006897699277666092,-0.06070112656047966
2021-07-28,132493085.3668536,-0.0038736169792407413,-0.06433961062521665
2021-07-29,134487118.8450452,0.015050094672264841,-0.05025783318403798
2021-07-30,135601729.85254905,0.008287864422079572,-0.04238649886953527
2021-08-02,136257030.94004574,0.004832542241232917,-0.03775879117454728
2021-08-03,137568393.58577234,0.009624183329692558,-0.028498005373426172
2021-08-04,138465910.36293995,0.0065241495795182545,-0.022159781043682103
2021-08-05,139871967.4580921,0.010154536170431067,-0.012230267171387976
2021-08-06,139283980.99305427,-0.0042037477253188205,-0.01638260193890495
2021-08-09,141938226.9322279,0.01905636183177446,0.0
2021-08-10,142426404.4941022,0.0034393663527119674,0.0
2021-08-11,141861259.3487549,-0.003967980146340769,-0.00396798014634081
2021-08-12,140849820.2081933,-0.007129776975087087,-0.011069466307942921
2021-08-13,143028638.21239707,0.01546908615845733,0.0
2021-08-16,147682106.1961514,0.0325352184143986,0.0
2021-08-17,147935804.89374635,0.0017178702561160524,0.0
2021-08-18,148917000.26134822,0.006632575314046568,0.0
2021-08-19,150781564.73926046,0.012520830225158649,0.0
2021-08-20,148531473.01760626,-0.014922856952341523,-0.014922856952341523
2021-08-23,149661471.2514669,0.0076078033221059944,-0.007428583790932919
2021-08-24,145742371.5364961,-0.026186430496769452,-0.03342048619457161
2021-08-25,148105735.81993714,0.016216041076628253,-0.017746393094875468
2021-08-26,147269648.8901759,-0.005645202902727024,-0.023291414007790334
2021-08-27,147165005.0628726,-0.0007105593589168988,-0.023985423434501607
2021-08-30,148370581.57604074,0.008192005379628829,-0.015989906772680862
2021-08-31,148105619.36218297,-0.0017858136770999673,-0.017747165455570646
2021-09-01,146940296.50985634,-0.007868187968458562,-0.025475715390317455
2021-09-06,146349179.33512846,-0.00402283913104964,-0.029396069816603365
2021-09-07,147264864.29379377,0.006256850655571239,-0.023323145979735393
2021-09-08,149571092.2245093,0.015660408487625403,-0.008027987485369148
2021-09-09,149560180.7271393,-7.295191341938101e-05,-0.008100353741740562
2021-09-10,149864245.26937205,0.0020330581358917552,-0.006083764095927036
2021-09-13,149925885.37694854,0.00041130629567909965,-0.005674960090722103
2021-09-14,148621069.0787332,-0.008703075489163983,-0.014328645973818555
2021-09-15,149114450.70426992,0.0033197286804291333,-0.011056484510380327
2021-09-16,148415515.13183665,-0.0046872423774636145,-0.015691902465101215
2021-09-17,149596920.83243662,0.00796012262970305,-0.007856689303313624
2021-09-20,149093287.5860476,-0.003366601689303155,-0.011196840649135953
2021-09-21,148230464.4266448,-0.005787136184147918,-0.01691917919161512
2021-09-22,148272130.78657186,0.0002810917451296104,-0.016642843288090625
2021-09-23,148447459.36496663,0.001182478308395964,-0.015480044780872837
2021-09-24,147765637.764379,-0.00459301630020719,-0.020001960983073608
2021-09-27,145870558.45606694,-0.012824898514862257,-0.0325703363782297
2021-09-28,147365803.31714666,0.010250491099134704,-0.022653707222235808
2021-09-29,146923364.45671108,-0.0030023170265858793,-0.02558801063791316
2021-09-30,147811976.23714197,0.006048131171762679,-0.01969463911091296
2021-10-01,147909703.19662905,0.0006611572483835304,-0.019046503115931923
2021-10-04,147602616.96280414,-0.0020761736869735494,-0.021083132954307304
2021-10-05,150294804.52465957,0.01823942974218314,-0.003228247534389439
2021-10-06,151907833.86530805,0.010732435800093244,0.0
2021-10-07,153767776.8795364,0.012243891357686646,0.0
2021-10-08,152681150.53920996,-0.0070666713298307305,-0.007066671329830743
2021-10-11,153195035.40645137,0.0033657387662234172,-0.003724717133250288
2021-10-12,155264266.427136,0.013507167612805616,0.0
2021-10-13,156155367.58060676,0.005739254588169775,0.0
2021-10-14,156403525.94070652,0.001589175985075661,0.0
2021-10-15,156298469.94725358,-0.0006716983701042888,-0.0006716983701042789
2021-10-18,157587389.2789375,0.008246525587351422,0.0
2021-10-19,161194502.69420773,0.022889607041369723,0.0
2021-10-20,162871258.03173953,0.010402062784440455,0.0
2021-10-21,164280579.375047,0.008652977574673267,0.0
2021-10-22,163938726.7007801,-0.0020809074058989437,-0.0020809074058989463
2021-10-25,161420107.8086377,-0.015363172221895758,-0.017412110288940075
2021-10-26,164227702.29648423,0.017393090154387118,-0.0003218705385865661
2021-10-27,166685262.67099845,0.014964347306506968,0.0
2021-10-28,171645349.1130488,0.02975719846235298,0.0
2021-10-29,173133032.4192239,0.008667192637974112,0.0
2021-11-01,176451641.88782352,0.01916797402683934,0.0
2021-11-02,178903854.70708,0.013897364700156442,0.0
2021-11-03,174591599.48185176,-0.024103758034105652,-0.024103758034105693
2021-11-04,180530277.12203652,0.034014681449791445,0.0
2021-11-05,183232614.85963124,0.01496888932247067,0.0
2021-11-08,191060963.01563337,0.04272355203793378,0.0
2021-11-09,194676186.18962353,0.018921830587100872,0.0
2021-11-10,198566215.4722698,0.019982049981486703,0.0
2021-11-11,196785606.07861537,-0.00896733308543669,-0.008967333085436735
2021-11-12,199680918.79707712,0.01471303097902944,0.0
2021-11-15,206814610.1675982,0.03572545345592375,0.0
2021-11-16,203139206.51655355,-0.017771489393646644,-0.0177714893936467
2021-11-17,210784426.41661927,0.03763537345235579,0.0
2021-11-18,222840547.1419927,0.05719644914157118,0.0
2021-11-19,222772082.74471292,-0.0003072349182312143,-0.00030723491823125837
2021-11-22,215256827.436373,-0.03373517550200434,-0.034032045796348664
2021-11-23,218294675.6563141,0.014112668369782864,-0.020399660402834918
2021-11-24,220731420.61459336,0.01116264036652774,-0.009464734108983408
2021-11-25,226850937.58303845,0.02772381454079451,0.0
2021-11-26,221819289.53060555,-0.022180415501219023,-0.022180415501219075
2021-11-29,224452396.06253892,0.0118705029553801,-0.010573205233597727
2021-11-30,227918547.33876336,0.015442701156367538,0.0
2021-12-01,228828541.93366158,0.0039926307249829335,0.0
2021-12-02,229208527.42627436,0.001660568604780686,0.0
2021-12-03,224164564.0393603,-0.022006002322651156,-0.022006002322651153
2021-12-06,220869371.95083064,-0.014699879540064523,-0.03638239627941431
2021-12-07,226059921.05487666,0.023500538160635163,-0.013736864010918892
2021-12-08,229954301.56738985,0.017227204602835455,0.0
2021-12-09,233552499.3932333,0.015647447346354485,0.0
2021-12-10,235914061.2363201,0.010111481783419656,0.0
2021-12-13,241024919.9349162,0.021664069838874228,0.0
2021-12-14,244905370.87632722,0.01609979143425856,0.0
2021-12-15,245002839.8800936,0.0003979863872222214,0.0
2021-12-16,249299835.74583715,0.017538555340201496,0.0
2021-12-17,245065108.6818023,-0.016986481564922416,-0.01698648156492244
2021-12-20,245942532.30576882,0.0035803694319691197,-0.013466930012305034
2021-12-21,246768818.61866042,0.003359672298829222,-0.010152502185188483
2021-12-22,249899248.67490038,0.012685679146024986,0.0
2021-12-23,245846538.09818485,-0.01621737799615313,-0.01621737799615308
2021-12-24,242380560.95544785,-0.014098132800848219,-0.030086876048330047
2021-12-27,246294823.04959792,0.016149241006458228,-0.01442351525430774
2021-12-28,247146779.72623193,0.0034590929118410657,-0.011014314621846655
2021-12-29,247395920.1912548,0.001008066806692114,-0.01001735098012324
2021-12-30,245141631.44841143,-0.00911206919297874,-0.019038141377840767
2021-12-31,244920888.14678943,-0.0009004725158992727,-0.019921470570675504
2022-01-04,249588384.92634678,0.01905716092602097,-0.0012439563152029098
2022-01-05,251243044.67247993,0.0066295542824295955,0.0
2022-01-06,250800815.69773817,-0.001760164048792857,-0.0017601640487928671
2022-01-07,252592020.00609004,0.007141939723635549,0.0
2022-01-10,246541404.5901929,-0.023954103600546246,-0.023954103600546284
2022-01-11,242581703.53648072,-0.016060998193362694,-0.03963037497925692
2022-01-12,244151739.9740187,0.00647219643793893,-0.03341467411309296
2022-01-13,237253478.09469432,-0.028253994339988944,-0.06072457043981794
2022-01-14,235013424.66180402,-0.009441604190081587,-0.06959283727119403
2022-01-17,225546900.4187441,-0.04028078079659803,-0.10707036424465788
2022-01-18,219866787.79580933,-0.02518373168679871,-0.12955766460671125
2022-01-19,225642377.78548405,0.02626858766426568,-0.10669237381274455
2022-01-20,226470575.59240258,0.0036704001041235747,-0.10341357740857238
2022-01-21,223487078.2338143,-0.013173885175961755,-0.1152251039901182
2022-01-24,215103439.2216764,-0.037512857917301363,-0.14841553895293202
2022-01-25,216175344.6535648,0.004983209174929749,-0.14417191545341468
2022-01-26,214411982.98509496,-0.008157089659302957,-0.15115298187201065
2022-01-27,217204979.59586585,0.013026308380185257,-0.14009563884627474
2022-01-28,221492686.9161331,0.019740373025724452,-0.12312080599065289
2022-02-07,226287157.90348926,0.021646181885777358,-0.10413971946527278
2022-02-08,229521807.08733904,0.014294444341509425,-0.09133389454740004
2022-02-09,232778217.50310367,0.014187804013435118,-0.07844191792958721
2022-02-10,232796208.60523522,7.728859823967707e-05,-0.07837069199722757
2022-02-11,234108231.29026368,0.005635928062957973,-0.07317645551661023
2022-02-14,235700239.4071867,0.006800308165794999,-0.06687376979880877
2022-02-15,235031462.3838234,-0.002837404938770294,-0.06952142677287776
2022-02-16,235413143.48911798,0.0016239574966830286,-0.06801036911838254
2022-02-17,235445785.33699027,0.00013865771209072662,-0.06788114156847225
2022-02-18,238546096.99956772,0.013167836740589845,-0.0556071526178209
2022-02-21,238099132.1985286,-0.001873704104410224,-0.05737666537213659
2022-02-22,239444226.50482175,0.005649303690748488,-0.05205149988883773
2022-02-23,240549087.71326676,0.004614273747889944,-0.04767740601042314
2022-02-24,238680864.29423252,-0.007766495548971505,-0.05507361519782816
2022-02-25,241079757.08557442,0.010050628894927575,-0.0455765107711561
2022-02-28,245270279.21085617,0.017382306071406364,-0.028986429559640703
2022-03-01,246153328.19697702,0.0036003097846262176,-0.025490479900979413
2022-03-02,247287061.12351102,0.004605799705567094,-0.021002084240234975
2022-03-03,253189928.28822017,0.023870505548856356,0.0
2022-03-04,252146449.21739894,-0.004121329303562879,-0.004121329303562904
2022-03-07,254154124.6163082,0.007962338574033485,0.0
2022-03-08,252087624.3090765,-0.008130894237311637,-0.008130894237311614
2022-03-09,258105544.681593,0.023872335617468213,0.0
2022-03-10,258647746.3686101,0.0021006975564433913,0.0
2022-03-11,256243648.6216434,-0.009294872198656375,-0.009294872198656323
2022-03-14,249315242.3707586,-0.027038353099299414,-0.036081907261435675
2022-03-15,248767926.22513878,-0.002195277514584895,-0.038197974976326154
2022-03-16,250125987.67198288,0.005459150090012145,-0.032947353364844334
2022-03-17,247719332.69571483,-0.009621771006954138,-0.042252112482436766
2022-03-18,249166905.80249757,0.0058436016722233615,-0.036655415325370755
2022-03-21,250550539.54235518,0.005553039780308356,-0.03130592452452785
2022-03-22,253246195.96724123,0.010758932827723371,-0.020883810035873696
2022-03-23,252893255.1516981,-0.0013936667999892482,-0.022248371763158636
2022-03-24,253166913.22450802,0.0010821090212380354,-0.02119033790571334
2022-03-25,255701446.93462628,0.010011314977287904,-0.011391166075674697
2022-03-28,257985337.63564682,0.008931864595996784,-0.0025610458326563723
2022-03-29,255660522.6314133,-0.009011422996127207,-0.01154939016147305
2022-03-30,253310135.33416635,-0.00919339158449396,-0.020636603679650478
2022-03-31,250478928.487526,-0.011176839974860953,-0.03158279163755939
2022-04-01,251381742.67799026,0.0036043518547278475,-0.028092275276447864
2022-04-04,250691204.42271215,-0.0027469705950867794,-0.030762077217401096
2022-04-05,249389410.6548891,-0.005192817876561689,-0.035795153229468135
2022-04-06,249064599.36166084,-0.001302426163064919,-0.037050958848456106
2022-04-07,246258964.808034,-0.011264686193130318,-0.04789827761700394
2022-04-08,242762791.99912903,-0.014197139225491115,-0.06141539832650522
2022-04-12,236854849.7553533,-0.02433627573288464,-0.08425705199147104
2022-04-13,239038999.87922984,0.009221470981626697,-0.07581255496978112
2022-04-14,240829284.88435024,0.007489510105149812,-0.06889084376117471
2022-04-15,240276854.28012776,-0.002293868058810878,-0.0710266853139373
2022-04-18,234796021.13602567,-0.022810491507901317,-0.09221702321965075
2022-04-19,228148944.6458548,-0.02831000482039676,-0.11791636366817648
2022-04-20,226591393.41033128,-0.006826905283043223,-0.12393826510513617
2022-04-21,228634878.65385082,0.009018370966186809,-0.11603761539057311
2022-04-22,227941783.16927135,-0.0030314512320266237,-0.11871730425046256
2022-04-25,221911076.6502481,-0.02645722269595825,-0.1420335967900025
2022-04-26,222453278.33726522,0.0024433286305562464,-0.13993730291298412
2022-04-27,224514664.1858942,0.009266601346749611,-0.13196744476586852
2022-04-28,224384228.22274262,-0.0005809685689108282,-0.13247174439725085
2022-04-29,225829244.100224,0.006439917319175067,-0.12688493415912105
2022-05-04,223412360.20675054,-0.01070226269012716,-0.1362292409524578
2022-05-05,222154939.55462834,-0.005628250160190581,-0.1410907588654351
2022-05-06,212937803.41395113,-0.041489674544961906,-0.17672662374376835
2022-05-09,202016646.20411032,-0.05128801478528485,-0.21895068083752933
2022-05-10,204961804.1028585,0.014578788204277522,-0.2075639282363645
2022-05-11,211018579.0835751,0.029550749746899377,-0.1841468481892613
2022-05-12,201956700.90525946,-0.04294350866009117,-0.21918244507940843
2022-05-13,191830267.08726594,-0.05014160843686967,-0.2583338931788707
2022-05-16,192184082.73511463,0.0018444203473257973,-0.25696594912052795
2022-05-17,201704736.0975825,0.04953923981097891,-0.2201566070862867
2022-05-18,206407129.89779568,0.02331325427053048,-0.20197591977609608
2022-05-19,205147339.69602212,-0.0061034238613624945,-0.2068465989892765
2022-05-20,211149874.8912639,0.02925962970875498,-0.18363922417346312
2022-05-23,205874402.76619494,-0.0249844908872699,-0.20403558253782572
2022-05-24,211876277.61552802,0.029153089304400887,-0.18083076079242555
2022-05-25,217534789.59435257,0.02670668015554118,-0.15895346992765091
2022-05-26,216407959.6261585,-0.0051799988879724515,-0.16331009001815877
2022-05-27,215879409.49845132,-0.0024423784070615783,-0.16535360338770466
2022-05-30,220117664.4360344,0.019632511259085564,-0.14896739860885855
2022-05-31,217168502.71351293,-0.013398114731398588,-0.16036963104245772
2022-06-01,214944457.47534335,-0.010241104075315768,-0.16896837303574763
2022-06-02,210882565.28498253,-0.01889740372033906,-0.18467271319486134
2022-06-03,208936786.68803728,-0.009226834823048407,-0.19219560339693664
2022-06-06,206279598.30211374,-0.012717666563384898,-0.20246899036137067
2022-06-07,208433565.99043012,0.01044198120437344,-0.19414118654881918
2022-06-08,213991508.69066307,0.026665295840537204,-0.17265272288243916
2022-06-09,215625240.53126514,0.007634563869371671,-0.16633628725313432
2022-06-10,211307095.07846662,-0.02002615947075266,-0.1830313697095829
2022-06-13,200607145.17199072,-0.05063696466274637,-0.224400181372171
2022-06-14,199789410.55831143,-0.00407629854349507,-0.22756175778317866
2022-06-15,189889035.16406998,-0.04955405477484946,-0.26583920474817946
2022-06-16,184022967.33433506,-0.03089208297186016,-0.2885189609497856
2022-06-17,174923123.07072812,-0.049449502936632,-0.32370134467965705
2022-06-20,164367205.4630736,-0.06034603900472524,-0.3645132897124618
2022-06-21,161898587.99039128,-0.015018917342589495,-0.3740576120865844
2022-06-22,170103747.9541131,0.05068086180102318,-0.3423343124293421
2022-06-23,174863673.82480872,0.027982486734975706,-0.32393119105084756
2022-06-24,177099151.95613155,0.012784119665485795,-0.3152882464951391
2022-06-27,185742757.80217534,0.0488065908310214,-0.28186980010463614
2022-06-28,185840823.69103715,0.0005279661507247024,-0.28149065166727827
2022-06-29,187218907.6926047,0.00741539977168109,-0.27616261760970107
2022-06-30,178992364.63358417,-0.04394077051516456,-0.3079685899196106
2022-07-01,183691496.2815109,0.026253251961592467,-0.289800514945434
2022-07-04,187812451.51385376,0.022434109992916725,-0.273867821580807
2022-07-05,186385589.01917705,-0.0075972731476297165,-0.2793844460815411
2022-07-06,182327753.87704903,-0.021771185012112247,-0.29507310062850556
2022-07-07,185357737.85064122,0.01661833653496018,-0.28335838818220405
2022-07-08,192184312.03093424,0.03682918371497275,-0.2569650626027723
2022-07-11,194624872.6297861,0.012699062546057472,-0.24752921545885898
2022-07-12,201229829.29768202,0.0339368580112564,-0.22199272128626757
2022-07-13,203283189.1437643,0.010204053013654884,-0.21405389376926331
2022-07-14,205983726.79561618,0.01328460884161966,-0.2036129071773939
2022-07-15,206613165.6394641,0.003055769762203013,-0.2011793315801378
2022-07-18,211865195.35789767,0.025419627554607273,-0.1808736077059825
2022-07-19,211311484.54453397,-0.002613505311376574,-0.1830143988829317
2022-07-20,211964486.30014697,0.0030902331551950213,-0.1804897228910427
2022-07-21,210476794.69013932,-0.007018588990898388,-0.18624152869988775
2022-07-22,212943916.27346346,0.01172158473315879,-0.17670298982621768
2022-07-25,212333326.4683687,-0.0028673737939083773,-0.1790636900977931
2022-07-26,214174449.51316956,0.008670909439527478,-0.17194542569901128
2022-07-27,215178829.5090775,0.004689541624553929,-0.16806222930542447
2022-07-28,218899471.06636205,0.01729092757764818,-0.15367725356323447
2022-07-29,218628370.22285348,-0.0012384718984834087,-0.15472540050174377
2022-08-01,218763920.64460775,0.0006200038065329801,-0.15420132703248912
2022-08-02,219170571.9098706,0.0018588589199928732,-0.1526291066247254
2022-08-03,219983874.44039625,0.0037108199492225102,-0.14948466580919795
2022-08-04,219577223.1751334,-0.0018485503371431105,-0.15105688621696167
2022-08-05,219712773.5968877,0.0006173246013143469,-0.15053281274770702
2022-08-08,219983874.44039625,0.001233887493523416,-0.14948466580919795
2022-08-09,220119424.86215052,0.000616183445714325,-0.1489605923399433
2022-08-10,219983874.44039625,-0.0006158039974852699,-0.14948466580919795
2022-08-11,219306122.33162487,-0.0030809172285717603,-0.15210503315547086
2022-08-12,219306122.33162487,0.0,-0.15210503315547086
2022-08-15,220119424.86215052,0.0037085263369702696,-0.1489605923399433
2022-08-16,220119424.86215052,0.0,-0.1489605923399433
2022-08-17,220119424.86215052,0.0,-0.1489605923399433
2022-08-18,219712773.5968877,-0.0018474119924558096,-0.15053281274770702
2022-08-19,219712773.5968877,0.0,-0.15053281274770702
2022-08-22,219565962.64726323,-0.0006681948765247321,-0.15110042237000487
2022-08-23,219712753.738831,0.0006685512171283449,-0.15053288952416066
2022-08-24,219712753.738831,0.0,-0.15053288952416066
2022-08-25,219565962.64726323,-0.0006681045550149207,-0.15110042237000487
2022-08-26,219859544.8303988,0.0013371024342566898,-0.14996535667831634
2022-08-29,218978798.28099218,-0.004005950936021595,-0.1533705537533816
2022-08-30,218920081.84436506,-0.00026813754157046393,-0.15359756689171933
2022-08-31,218685216.09785664,-0.0010728378343809982,-0.15450561944507002
2022-09-05,218978798.28099218,0.00134248756442762,-0.1533705537533816
2022-09-06,218832007.1894244,-0.0006703438539260918,-0.15393808659922592
2022-09-07,218362275.69640756,-0.0021465392519579283,-0.1557541917059273
2022-09-08,217510887.36531448,-0.003898971689948731,-0.1590458822118238
2022-09-09,217158588.74555182,-0.0016196826928068456,-0.16040796104184996
2022-09-12,218978798.28099218,0.00838193665723774,-0.1533705537533816
2022-09-13,221033873.56294093,0.009384813954964197,-0.14542509391156277
2022-09-14,221327455.74607646,0.0013282225859917336,-0.14429002821987436
2022-09-15,221327455.74607646,0.0,-0.14429002821987436
2022-09-16,220299918.1051021,-0.004642612628020453,-0.1482627581407837
2022-09-19,220006335.92196655,-0.001332647717987236,-0.14939782383247213
2022-09-20,221767829.0207798,0.008006556226808008,-0.14258742968234162
2022-09-21,220593500.28823763,-0.0052953069781466,-0.1471276924490953
2022-09-22,220153127.01353434,-0.0019963111974191533,-0.14883029098662792
2022-09-23,220446709.19666988,0.0013335362850307856,-0.1476952252949395
2022-09-26,218626499.66122952,-0.008256914072672636,-0.15473263258340775
2022-09-27,218978798.28099218,0.0016114177389683312,-0.1533705537533816
2022-09-28,218391633.9147211,-0.002681375415704095,-0.15564068513675844
2022-09-29,218538425.00628886,0.0006721461300347916,-0.15507315229091434
2022-09-30,218274201.04146686,-0.001209050375531858,-0.1560947114134339
2022-10-03,217588027.99977604,-0.003143628694627406,-0.15874763629418254
2022-10-04,217764962.8084813,0.0008131642642832004,-0.15806355993477317
2022-10-05,219857162.39189422,0.009607604255662337,-0.14997456781020524
2022-10-06,216143482.7797913,-0.016891328768645308,-0.16433262684703287
2022-10-07,211698900.80005643,-0.020563108924561205,-0.1815165460658793
2022-10-10,214471343.86559567,0.013096161836748195,-0.17079755429245747
2022-10-11,211382738.4200519,-0.014401016890533054,-0.18273891271876308
2022-10-12,213889880.55397427,0.011860675818004917,-0.17304564390385013
2022-10-13,214686479.94255996,0.0037243435104199235,-0.16996578181430988
2022-10-14,218044807.8446933,0.015642940827162832,-0.15698160565471075
2022-10-17,219844299.64888352,0.00825285326432511,-0.15002429854705213
2022-10-18,219340788.41258037,-0.0022903083550827367,-0.15197100499770722
2022-10-19,218812340.48293638,-0.0024092551753300767,-0.15401412324274644
2022-10-20,216778768.4310617,-0.009293680819767345,-0.16187644595935935
2022-10-21,212624424.07628456,-0.01916398171667946,-0.17793823042531265
2022-10-24,212136364.24948356,-0.002295408107141529,-0.17982519767576544
2022-10-25,207072018.05180964,-0.023873069643627808,-0.1994052878516006
2022-10-26,208599048.5246893,0.007374393156769176,-0.1935013876849878
2022-10-27,218668010.56296474,0.04826945333398159,-0.15457214055392743
2022-10-28,223350587.37333485,0.02141409160999242,-0.13646807092210944
2022-10-31,223611895.51573163,0.0011699460720915689,-0.1354577851335591
2022-11-01,227351933.98319006,0.016725579195295118,-0.12099781585113456
2022-11-02,222051813.53155681,-0.023312405391832405,-0.1414894711083191
2022-11-03,224090340.2830412,0.009180410279309381,-0.13360799222398656
2022-11-04,216267473.70593476,-0.03490943236208057,-0.16385324541849045
2022-11-07,206573929.15441436,-0.04482201777924777,-0.20133103011840325
2022-11-08,207044324.4916015,0.002277128285803771,-0.19951235841609205
2022-11-09,206204422.90720016,-0.004056626939490963,-0.20275963814767095
2022-11-10,194741260.36648455,-0.05559125444110607,-0.24707922995412324
2022-11-11,198169926.8328091,0.01760626618042891,-0.23382310646392201
2022-11-14,196203962.8288863,-0.009920597112504481,-0.24142403874160367
2022-11-15,187426147.7826419,-0.04473821486419076,-0.2753613730871919
2022-11-16,191444497.81768176,0.02143964480185525,-0.2598253783164771
2022-11-17,195251257.01811832,0.019884401191105797,-0.2451074491874471
2022-11-18,194963883.62185773,-0.0014718132966177143,-0.24621851008125062
2022-11-21,192194046.2429698,-0.014206925546580517,-0.2569274275869168
2022-11-22,189955249.90135998,-0.011648624842309482,-0.2655832012135667
2022-11-23,185324564.08140567,-0.024377772250879774,-0.2834866466716025
2022-11-24,182581604.12236977,-0.014800843982188085,-0.29409164902537055
2022-11-25,187994842.53856602,0.0296483232372534,-0.27316265005979823
2022-11-28,196276938.44969177,0.04405491022673522,-0.24114189585874446
2022-11-29,205389798.5321166,0.04642858276883384,-0.20590918956082194
2022-11-30,214164323.74608123,0.042721329280590234,-0.171984574569359
2022-12-01,218550254.86737585,0.02047927985659596,-0.1550274149463865
2022-12-02,228975332.2277279,0.04770105331919357,-0.11472133261348727
2022-12-05,236000042.7484191,0.030678896509711253,-0.08756195999448135
2022-12-06,231564245.53266454,-0.01879574750960202,-0.10471191501258126
2022-12-07,230174604.03927332,-0.006001105611942118,-0.11008463336370422
2022-12-08,232808762.50817698,0.011444175085684996,-0.09990028609647683
2022-12-09,234152905.01882845,0.005773590719568636,-0.09470347874159712
2022-12-12,234035078.18265224,-0.0005032046737440308,-0.09515902818221855
2022-12-13,234127348.75889868,0.0003942595997273025,-0.09480228594285278
2022-12-14,233721313.32388723,-0.0017342503435153,-0.09637212538940565
2022-12-15,231732840.19195724,-0.008507881047093038,-0.10406008385743004
2022-12-16,233221522.01741242,0.00642412971861058,-0.09830444961604912
2022-12-19,230849817.6284898,-0.010169320431523294,-0.1074740805995823
2022-12-20,227199045.73991305,-0.01581448894385522,-0.12158892188404447
2022-12-21,226464601.37137967,-0.0032326032274542687,-0.12442847637019361
2022-12-22,229427108.26308334,0.013081545079292305,-0.11297464801368573
2022-12-23,231692605.80820245,0.009874585275778605,-0.10421564053371923
2022-12-26,230016830.27057374,-0.007232753638309609,-0.11069462811878983
2022-12-27,230741521.06202894,0.0031505989827037436,-0.10789278351882792
2022-12-28,232051665.0092616,0.00567797222278198,-0.1028274235239045
2022-12-29,231971143.81021106,-0.00034699685971799403,-0.10313873959056685
2022-12-30,231999646.42327783,0.000122871373562232,-0.10302854101560555
2023-01-03,232590086.21920505,0.0025450029990562277,-0.10074574596242247
2023-01-04,233138627.70077893,0.002358404395004633,-0.09862494077747364
2023-01-05,233849922.7909475,0.003050953405634158,-0.09587488747078499
2023-01-06,232765379.9238396,-0.004637773039067608,-0.10006801454161685
2023-01-09,231901451.49670672,-0.0037115847185502865,-0.10340818834657883
2023-01-10,233545511.72226572,0.007089477943963382,-0.09705182047312377
2023-01-11,233697289.45398325,0.0006498850292529804,-0.09646500796905799
2023-01-12,233191501.89200953,-0.0021642851021312945,-0.09842051529156493
2023-01-13,232115368.08603847,-0.00461480713164844,-0.10258113072734532
2023-01-16,231456091.5818537,-0.002840296657739645,-0.10513006654233292
2023-01-17,232217694.0475125,0.003290483566251163,-0.10218551173235824
2023-01-18,232539778.84371483,0.0013869950673803184,-0.1009402474657084
2023-01-19,232621155.64801216,0.00034994788720436366,-0.1006256234048385
2023-01-27,232571703.87776873,-0.0002125850080388365,-0.10081681691391697
2023-01-30,232307479.91294676,-0.0011360967839872346,-0.10183837603643642
2023-01-31,232196744.89033583,-0.0004766743742062401,-0.1022665066664753
2023-02-01,231954325.68793732,-0.0010440249819738039,-0.10320376286067012
2023-02-02,231888911.4006669,-0.00028201365538848666,-0.10345667164564443
2023-02-03,231338658.70859948,-0.0023729150684426905,-0.10558409281900827
2023-02-06,231565970.9992178,0.0009825953512796106,-0.10470524390650171
2023-02-07,229889277.1256891,-0.007240674725624442,-0.11118778201893198
2023-02-08,228871004.15109837,-0.004429406135519712,-0.1151246923105822
2023-02-09,228564026.26667622,-0.00134127031757806,-0.11631154929554377
2023-02-10,228211727.6469136,-0.0015413563784162,-0.1176736281255698
2023-02-13,225925209.03944352,-0.01001928617361742,-0.12651390854390931
2023-02-14,224966508.10672668,-0.004243443822816028,-0.13022049770301436
2023-02-15,225655142.829225,0.003061054413360194,-0.127558055318858
2023-02-16,225992334.53720748,0.0014942788529205646,-0.12625438377052
2023-02-17,225941171.55647045,-0.00022639254929510456,-0.1264521932680136
2023-02-20,228117810.7465764,0.00963365452658073,-0.11803673548550542
2023-02-21,228059094.30994928,-0.000257395231152511,-0.11826374862384315
2023-02-22,226373991.3752837,-0.007388887252070773,-0.1247787983713251
2023-02-23,226183590.758869,-0.0008410887454780487,-0.12551493707381867
2023-02-24,225238285.52743876,-0.004179371404701098,-0.12916973493965067
2023-02-27,224469129.60588983,-0.003414854271989357,-0.1321434933904696
2023-02-28,224484236.51767,6.730062083237194e-05,-0.13208508610878134
2023-03-01,225026080.14860058,0.002413726858223839,-0.12999017657046907
2023-03-02,225216480.7650153,0.0008461268857769324,-0.1292540378679753
2023-03-03,225010973.2368204,-0.0009124888529331263,-0.13004858385215734
2023-03-06,225991478.9319607,0.004357590570075602,-0.12625769176472756
2023-03-07,226181879.54837543,0.0008425123695573042,-0.12552155306223378
2023-03-08,227096970.9562453,0.004045821043211188,-0.12198356975977831
2023-03-09,227573400.29990548,0.002097911485362653,-0.12014156900644024
2023-03-10,227024003.21308482,-0.0024141533505086456,-0.12226568218559664
2023-03-13,226810942.22899985,-0.0009384954060782052,-0.12308943181062271
2023-03-14,226458643.6092372,-0.001553269945005389,-0.12445151064064885
2023-03-15,227476916.58382794,0.004496507434478042,-0.12051460034899852
2023-03-16,227161529.63826895,-0.0013864569218511064,-0.12173396896901156
2023-03-17,227308320.7298367,0.0006461969674244766,-0.12116643612316746
2023-03-20,226429285.39092365,-0.0038671498521948753,-0.12456501720981761
2023-03-21,225754901.97495872,-0.0029783400799972834,-0.12717236030649337
2023-03-22,225856372.33118597,0.00044947133080859634,-0.12678004930571385
2023-03-23,225988056.51097357,0.0005830438983342478,-0.1262709237415578
2023-03-24,226639779.55926827,0.00288388270759365,-0.12375119156741432
2023-03-27,226983669.11789405,0.0015173398036943352,-0.12242162437243975
2023-03-28,226742105.5207423,-0.0010642333789497847,-0.12335557257242713
2023-03-29,226661584.32169175,-0.0003551223927537342,-0.12366688863908948
2023-03-30,226749658.97663242,0.00038857336678483603,-0.12332636893158289
2023-03-31,226793268.50147933,0.00019232454436196348,-0.12315776307493354
2023-04-03,228206594.01543286,0.006231778938113932,-0.11769347609081515
2023-04-04,228397850.23709434,0.0008380836780226616,-0.11695402939411403
2023-04-05,229182113.07042342,0.0034337575091663826,-0.11392186366160695
2023-04-06,229284439.0318975,0.00044648319235375116,-0.11352624466661965
2023-04-07,229255080.8135839,-0.00012804278579712315,-0.11363975123578862
2023-04-10,229359117.98555154,0.00045380530541969637,-0.11323751625238632
2023-04-11,230165185.5813041,0.0035144344939595784,-0.11012104759155439
2023-04-12,231476185.13378358,0.005695907264030489,-0.10505237960242331
2023-04-13,230852964.69855565,-0.0026923738822969417,-0.10746191320160559
2023-04-14,229681202.78175384,-0.0050757932363220005,-0.11199225198573659
2023-04-17,230486414.77225962,0.0035057809727290046,-0.10887909131911233
2023-04-18,230515772.99057317,0.0001273750487314119,-0.10876558474994347
2023-04-19,229606523.8280998,-0.0039444119188779495,-0.11228098039997003
2023-04-20,229387620.59861833,-0.000953384188880215,-0.1131273176774249
2023-04-21,228449868.82307816,-0.0040880661872379235,-0.11675291190241288
2023-04-24,228801311.83759403,0.0015383813364675206,-0.11539414106659418
2023-04-25,228251914.75077337,-0.0024011972763977453,-0.11751825424575058
2023-04-26,228229254.38310313,-9.927788643079166e-05,-0.11760586516828286
2023-04-27,229217313.5341335,0.004329239709874424,-0.11378576944000907
2023-04-28,230419289.27449566,0.005243826139613042,-0.10913861609250153
2023-05-04,229577165.60978624,-0.003654744649898679,-0.11239448696913878
2023-05-05,229255080.8135839,-0.0014029478730902243,-0.11363975123578862
2023-05-08,229482393.10420227,0.000991525639526377,-0.11276090232328195
2023-05-09,229233276.05116045,-0.001085560637886053,-0.11372405416411335
2023-05-10,230303567.611735,0.004669006084158842,-0.10958602638076198
2023-05-11,230449503.098056,0.0006336657648614132,-0.10902180152912522
2023-05-12,230478861.31636953,0.0001273954507120508,-0.10890829495995635
2023-05-15,230530879.90235335,0.00022569786090885307,-0.1087071774682552
2023-05-16,230795959.47242212,0.001149865780155167,-0.10768231035152809
2023-05-17,231442695.88056707,0.0028021998722305604,-0.10518185783560607
2023-05-18,231267402.17593253,-0.0007573957085472476,-0.10585958925641159
2023-05-19,231597040.42802495,0.0014253554499723859,-0.10458512134891762
2023-05-22,231383979.44393998,-0.0009199641916459562,-0.10540887097394369
2023-05-23,231471198.49363387,0.00037694506725783933,-0.10507165926064466
2023-05-24,232050809.40401483,0.002504030368153559,-0.10283073151811206
2023-05-25,231860408.78760013,-0.0008205126149040779,-0.10356687022060573
2023-05-26,231736278.0637026,-0.0005353683474750918,-0.10404679214391765
2023-05-29,233951540.13850576,0.00955940991765728,-0.09548200816298136
2023-05-30,237089447.07706887,0.013412636380617033,-0.08335003723874546
2023-05-31,238072519.58794954,0.004146420361599304,-0.07954922116869301
2023-06-01,238291422.817431,0.0009194812986409828,-0.07870288389123803
2023-06-02,237784779.6502105,-0.0021261494065972827,-0.08066169920795252
2023-06-05,237117949.69013566,-0.0028043424859058325,-0.08323983866378415
2023-06-06,237461839.24876142,0.0014502890189256046,-0.08191027146880969
2023-06-07,240980547.42015398,0.014817994261833434,-0.06830602313958634
2023-06-08,240164359.55277097,-0.003386945029882287,-0.07146161942388496
2023-06-09,240895748.19486946,0.0030453671121746084,-0.06863387917728658
2023-06-12,242859326.4008904,0.008151153437679358,-0.06104217101980447
2023-06-13,242507027.78112778,-0.0014506283328031896,-0.062404249849830506
2023-06-14,240682687.2107845,-0.007522835882471108,-0.06945762880231265
2023-06-15,240453663.70967257,-0.0009515578530638185,-0.07034309370323444
2023-06-16,240374853.72111556,-0.000327755407595566,-0.07064779378148167
2023-06-19,238748467.22307706,-0.00676604259081711,-0.07693583039062601
2023-06-20,240292621.31157142,0.006467702626344254,-0.07096572583655925
2023-06-21,241246335.60413852,0.003968970363557216,-0.06727841633567566
2023-06-22,241649797.20463818,0.0016724050936951869,-0.06571852800815603
2023-06-23,241092846.66192746,-0.0023047838200297545,-0.06787184482815634
2023-06-26,240578650.03881687,-0.002132774282729445,-0.06985986378571496
2023-06-27,240469626.22669953,-0.0004531732641269182,-0.07028137842733861
2023-06-28,240058611.17030978,-0.0017092181779426482,-0.07187047039570238
2023-06-29,238783667.68678713,-0.005310967506256811,-0.07679973616902824
2023-06-30,238826421.60638732,0.0001790487599690826,-0.07663443830658612
2023-07-03,238782812.08154035,-0.00018259924741008938,-0.0768030441632358
2023-07-04,239295297.49415737,0.0021462407957655786,-0.07482164119409229
2023-07-05,240005736.9790792,0.002968881931075804,-0.07207489588161109
2023-07-06,238752598.25798002,-0.005221286527864964,-0.07691985872661211
2023-07-07,238985752.79399487,0.0009765528740463121,-0.07601842216167654
2023-07-10,241476067.71916625,0.01042034889551772,-0.0663902117475702
2023-07-11,241726040.37745485,0.0010351860565300957,-0.06542375191253125
2023-07-12,242589113.19934094,0.0035704586090038355,-0.06208688610177693
2023-07-13,243601543.92853516,0.004173438436053339,-0.058172563462555615
2023-07-14,243735625.73984334,0.0005504144561066928,-0.0576541680263275
2023-07-17,244429716.38170403,0.002847719284999177,-0.054970631627477395
2023-07-18,245001055.74016717,0.00233743820890799,-0.05276168387330327
2023-07-19,245686317.07460085,0.0027969729859467227,-0.0501122838918433
2023-07-20,247982918.34396812,0.009347697082658174,-0.0412330212591262
2023-07-21,249415995.26866493,0.0057789340260486575,-0.035692370142628715
2023-07-24,251638633.20134157,0.00891136885700723,-0.027099069161343303
2023-07-25,250458725.89902028,-0.0046888956886727935,-0.03166090014145839
2023-07-26,253558352.5667702,0.012375798274241866,-0.019676930780548108
2023-07-27,253592043.1938626,0.0001328712966910424,-0.019546673983164786
2023-07-28,256372990.8378833,0.010966225946981963,-0.0087948012795942
2023-07-31,258929207.83876044,0.009970695401738158,0.0
2023-08-01,256337090.84066895,-0.01001091000790318,-0.010010910007903218
2023-08-02,261179829.37370995,0.01889207105050238,0.0
2023-08-03,262388421.1168339,0.0046274313985963725,0.0
2023-08-04,264624452.206318,0.00852183598638469,0.0
2023-08-07,269443085.66114026,0.01820932802938921,0.0
2023-08-08,268813241.1138218,-0.0023375791803044075,-0.0023375791803044166
2023-08-09,270289801.6506446,0.00549288617891254,0.0
2023-08-10,267022981.0076402,-0.012086362944713777,-0.012086362944713769
2023-08-11,269714449.27938104,0.010079537954314929,-0.002128649944429739
2023-08-14,274106266.33634424,0.016283210145756725,0.0
2023-08-15,273482236.4261197,-0.00227659848337373,-0.002276598483373693
2023-08-16,274539183.78717935,0.0038647751856643766,0.0
2023-08-17,274439429.04779816,-0.0003633533763927965,-0.0003633533763928165
2023-08-18,264374467.2659235,-0.036674620031080435,-0.03702464756045698
2023-08-21,265009219.06894118,0.0024009572844990545,-0.03471258487322426
2023-08-22,268965570.1069003,0.014929107190530864,-0.02030170558312616
2023-08-23,269035364.0416362,0.0002594902191689971,-0.020047483457988458
2023-08-24,270947361.6904396,0.007106863648257968,-0.013083094541157081
2023-08-25,270436660.32036674,-0.0018848730132915031,-0.014943307582617638
2023-08-28,272108190.9280331,0.006180858045230377,-0.008854812000281598
2023-08-29,271888549.4082921,-0.0008071845209506733,-0.009654849054049786
2023-08-30,275355126.8177111,0.012749994131651635,0.0
2023-08-31,275025854.505721,-0.001195809628807546,-0.0011958096288074982
2023-09-05,275110601.61057115,0.000308142319937452,-0.0008880357884233359
2023-09-06,280232022.3066973,0.018615860916097,0.0
2023-09-07,280094303.6417554,-0.0004914451382404186,-0.0004914451382403984
2023-09-08,281676103.3502748,0.005647382642035246,0.0
2023-09-11,279789892.6862352,-0.006696381558836172,-0.0066963815588361175
2023-09-12,284457082.9365419,0.016681053791820326,0.0
2023-09-13,284457082.9365419,0.0,0.0
2023-09-14,281580990.3672122,-0.01011081369336601,-0.010110813693365972
2023-09-15,281600890.26031435,7.067200479768686e-05,-0.01004085624004214
2023-09-18,278915040.98798865,-0.009537786865101427,-0.019482875558382906
2023-09-19,277286351.27326655,-0.005839375707214857,-0.025208483435355533
2023-09-20,278663773.0794562,0.004967506694306071,-0.02036620005126788
2023-09-21,276106842.29611075,-0.009175684212875406,-0.029355010443856577
2023-09-22,269149819.0568077,-0.025196851991961842,-0.05381220858244207
2023-09-25,259281908.4992226,-0.036663262833189325,-0.08850254026873894
2023-09-26,256649252.21007,-0.010153644364895924,-0.0977575613143562
2023-09-27,260920914.2470617,0.016643968373986483,-0.08274066669920388
2023-09-28,262607775.31875807,0.006465028211955099,-0.07681055923173508
2023-09-29,262919913.63058823,0.0011886103199011677,-0.07571324673521418
2023-10-02,266171179.2393125,0.012365992228692153,-0.06428352392725878
2023-10-03,261914346.4123945,-0.015992839040964386,-0.07924828691706853
2023-10-04,267802236.73065582,0.022480213088406427,-0.058549592205448975
2023-10-05,267672344.46201152,-0.0004850305592292093,-0.059006224423228115
2023-10-06,269765772.7381991,0.007820861286193507,-0.051646842633270684
2023-10-09,275092187.60722584,0.01974459107603644,-0.03292199734539658
2023-10-10,273054163.29052055,-0.007408513976467988,-0.040086608244397914
2023-10-11,276224323.95883584,0.011610006711167945,-0.02894200732397545
2023-10-12,275504443.3120577,-0.0026061450217738464,-0.031472725277441715
2023-10-13,275826542.58661485,0.0011691255163980736,-0.03034039532723609
2023-10-16,274088394.8582953,-0.0063015970545101324,-0.036450799435919445
2023-10-17,266063026.7735286,-0.029280218481763372,-0.0646637305463642
2023-10-18,261797894.55149758,-0.016030533342994268,-0.0796576698007525
2023-10-19,259290237.5335445,-0.00957859887394852,-0.08847325980844623
2023-10-20,264092428.5675174,0.01852052387183157,-0.07159130705691574
2023-10-23,262712369.7811925,-0.005225665854225976,-0.07644286066239492
2023-10-24,262942822.47185242,0.0008772053285951078,-0.07563271141850592
2023-10-25,259558914.71269944,-0.012869367291876621,-0.08752873356785729
2023-10-26,251105351.18696564,-0.032568958515991946,-0.11724697239132043
2023-10-27,255668986.29925513,0.018174185021216614,-0.10120365553952115
2023-10-30,247369467.35712752,-0.032461969917670044,-0.13038035543550897
2023-10-31,246665987.74505317,-0.0028438417222232653,-0.13285341606318646
2023-11-01,247769238.15963203,0.004472649126312229,-0.12897497365215682
2023-11-02,250484931.48782617,0.01096057504299417,-0.11942803848654537
2023-11-03,251503316.48589897,0.004065653738226156,-0.11584793779944103
2023-11-06,251588181.90240502,0.0003374325940978602,-0.11554959607551574
2023-11-07,249890873.5722837,-0.006746375434994601,-0.12151643055402295
2023-11-08,251418451.06939292,0.006112978338392041,-0.11614627952336631
2023-11-09,250569796.90433222,-0.003375464932867897,-0.11912969676261997
2023-11-10,249636277.3227655,-0.0037255870144762095,-0.12241145572579892
2023-11-13,249890873.5722837,0.0010198687957079548,-0.12151643055402295
2023-11-14,250400066.07132012,0.0020376594461307598,-0.11972638021047066
2023-11-15,253115759.39951423,0.010845417778047291,-0.11017944504485921
2023-11-16,253285490.23252636,0.0006705660422519688,-0.10958276159700853
2023-11-17,251673047.3189111,-0.006366108505208761,-0.11525125435159034
2023-11-20,251248720.23638076,-0.001686025130822441,-0.11674296297121711
2023-11-21,251928986.34713233,0.0027075406000538382,-0.11435150868317845
2023-11-22,254299808.04996717,0.0094106745603624,-0.10601695895651997
2023-11-23,252087041.1273213,-0.008701410117506192,-0.11379587203473462
2023-11-24,251770931.56694332,-0.0012539698945426081,-0.11490714533162238
2023-11-27,251928986.34713233,0.0006277721546539314,-0.11435150868317845
2023-11-28,253351479.36883324,0.005646404736217487,-0.10935077884718325
2023-11-29,253667588.9292112,0.0012477115237908595,-0.1082395055502956
2023-11-30,255248136.73110113,0.006230783398706075,-0.10268313906585647
2023-12-01,255880355.8518571,0.002476880453869878,-0.10046059247208072
2023-12-04,257777013.21412498,0.0074122820251428705,-0.09379295269075394
2023-12-05,255090081.95091215,-0.010423471161025922,-0.10323877571430029
2023-12-06,255880355.8518571,0.003098018922966293,-0.10046059247208072
2023-12-07,255880355.8518571,0.0,-0.10046059247208072
2023-12-08,254615917.61034516,-0.004941521350095324,-0.1049056856596321
2023-12-11,253351479.36883324,-0.004966061247776979,-0.10935077884718325
2023-12-12,253351479.36883324,0.0,-0.10935077884718325
2023-12-13,252719260.24807727,-0.0024954230475819545,-0.11157332544095899
2023-12-14,251454822.00656533,-0.005003331523963501,-0.11601841862851026
2023-12-15,252087041.1273213,0.0025142453650758134,-0.11379587203473462
2023-12-18,251612876.7867543,-0.0018809548418139714,-0.11546278198006643
2023-12-19,252087041.1273213,0.0018844995002734067,-0.11379587203473462
2023-12-20,252245095.90751028,0.000626984947271245,-0.11324023538629069
2023-12-21,252403150.6876993,0.0006265920834669501,-0.11268459873784675
2023-12-22,252087041.1273213,-0.00125239942336976,-0.11379587203473462
2023-12-25,252245095.90751028,0.000626984947271245,-0.11324023538629069
2023-12-26,252245095.90751028,0.0,-0.11324023538629069
2023-12-27,251928986.34713233,-0.001253184166933664,-0.11435150868317845
2023-12-28,251770931.56694332,-0.000627378304024231,-0.11490714533162238
2023-12-29,252087041.1273213,0.0012555443093077445,-0.11379587203473462
2024-01-02,252403150.6876993,0.0012539698945426081,-0.11268459873784675
2024-01-03,254141753.2697782,0.006888196828533621,-0.1065725956049638
2024-01-04,255564246.2914791,0.005597242497146483,-0.1015718657689686
2024-01-05,255564246.2914791,0.0,-0.1015718657689686
2024-01-08,258409232.33488095,0.011132175508451369,-0.09157040609697831
2024-01-09,258409232.33488095,0.0,-0.09157040609697831
2024-01-10,256038410.6320461,-0.009174678789194418,-0.09990495582363679
2024-01-11,255564246.2914791,-0.00185192658943824,-0.1015718657689686
2024-01-12,254932027.17072314,-0.0024738167796558856,-0.10379441236274423
2024-01-15,254299808.04996717,-0.002479951725848025,-0.10601695895651997
2024-01-16,255722301.0716681,0.005593763646968283,-0.10101622912052477
2024-01-17,255248136.73110113,-0.0018542158371790767,-0.10268313906585647
2024-01-18,255406191.51129013,0.0006192201134675279,-0.10212750241741242
2024-01-19,255248136.73110113,-0.0006188369172014406,-0.10268313906585647
2024-01-22,254615917.61034516,-0.002476880453869878,-0.1049056856596321
2024-01-23,254457862.83015618,-0.0006207576559720785,-0.10546132230807592
2024-01-24,251925449.2267038,-0.009952192379854667,-0.1143639433196868
2024-01-25,253512011.0240086,0.006297743249738484,-0.10878643482200334
2024-01-26,253335726.37986362,-0.000695369988320937,-0.10940615798841258
2024-01-29,253335726.37986362,0.0,-0.10940615798841258
2024-01-30,254217149.60058853,0.0034792693210718437,-0.10630754215636617
2024-01-31,251572879.93841383,-0.010401617933051437,-0.11560338965250538
2024-02-01,252101733.87084877,0.0021021897613304427,-0.11374422015327745
2024-02-02,250867741.36183393,-0.004894819603450315,-0.11808228231814233
2024-02-05,248576040.98794916,-0.009135093900253122,-0.12613868348146307
2024-02-06,248399756.34380418,-0.0007091779378428844,-0.1267584066478724
2024-02-07,247870902.41136926,-0.0021290436843381696,-0.12861757614710012
2024-02-15,248928610.27623913,0.004267172365050252,-0.12489923714864448
2024-02-16,246460625.2582094,-0.00991442894125736,-0.13357536147837434
2024-02-19,247342048.47893432,0.0035763246960907845,-0.13047674564632794
2024-02-20,245931771.3257745,-0.005701728282079534,-0.13543453097760216
2024-02-21,246636909.9023544,0.002867212205965182,-0.1329556383119651
2024-02-22,245931771.3257745,-0.0028590148038226265,-0.13543453097760216
2024-02-23,244521494.17261463,-0.005734424411930607,-0.14039231630887639
2024-02-26,245931771.3257745,0.0057674976914884315,-0.13543453097760216
2024-02-27,246108055.96991944,0.0007168030514912047,-0.13481480781119293
2024-02-28,245755486.6816295,-0.0014325792258219584,-0.1360542541440114
2024-02-29,246636909.9023544,0.0035865861333413233,-0.1329556383119651
2024-03-01,246284340.61406443,-0.0014295074019113738,-0.1341950846447837
2024-03-04,246636909.9023544,0.0014315538186914277,-0.1329556383119651
2024-03-05,248047187.05551422,0.0057180296076453745,-0.12799785298069088
2024-03-06,246989479.19064435,-0.0042641397285152136,-0.13171619197914652
2024-03-07,247165763.83478934,0.0007137334137577287,-0.1310964688127373
2024-03-08,245755486.6816295,-0.005705794893594103,-0.1360542541440114
2024-03-11,244521494.17261463,-0.005021220586678023,-0.14039231630887639
2024-03-12,245226632.74919456,0.0028837488457442158,-0.13791342364323922
2024-03-13,245402917.39333954,0.0007188641876646292,-0.13729370047682998
2024-03-14,245579202.03748453,0.0007183477931618372,-0.13667397731042075
2024-03-15,244874063.4609046,-0.0028713285601127494,-0.1391528699760578
2024-03-18,242934932.37530982,-0.00791889127900377,-0.14596982480655984
2024-03-19,243287501.6635998,0.001451291030247064,-0.14473037847374126
2024-03-20,246108055.96991944,0.011593502695505135,-0.13481480781119293
2024-03-21,246284340.61406443,0.0007162896129110397,-0.1341950846447837
2024-03-22,245402917.39333954,-0.003578884546728448,-0.13729370047682998
2024-03-25,245402917.39333954,0.0,-0.13729370047682998
2024-03-26,245931771.3257745,0.0021550433794855117,-0.13543453097760216
2024-03-27,245755486.6816295,-0.0007168030514913259,-0.1360542541440114
2024-03-28,247165763.83478934,0.00573853781334619,-0.1310964688127373
2024-03-29,247518333.1230793,0.001426448723398556,-0.1298570224799187
2024-04-01,246108055.96991944,-0.005697667463115113,-0.13481480781119293
2024-04-02,246284340.61406443,0.0007162896129110397,-0.1341950846447837
2024-04-03,246636909.9023544,0.0014315538186914277,-0.1329556383119651
2024-04-04,246108055.96991944,-0.0021442611028670605,-0.13481480781119293
2024-04-05,246989479.19064435,0.0035814480645551985,-0.13171619197914652
2024-04-08,247342048.47893432,0.0014274668275154575,-0.13047674564632794
2024-04-09,247870902.41136926,0.0021381481057798704,-0.12861757614710012
2024-04-10,248752325.63209414,0.00355597697087519,-0.12551896031505383
2024-04-11,248399756.34380418,-0.0014173507218236659,-0.1267584066478724
2024-04-12,248752325.63209414,0.0014193624562255265,-0.12551896031505383
2024-04-15,245579202.03748453,-0.012756156496412752,-0.13667397731042075
2024-04-16,245931771.3257745,0.0014356642800563747,-0.13543453097760216
2024-04-17,243287501.6635998,-0.010752045772369765,-0.14473037847374126
2024-04-19,243111217.0194548,-0.0007245939184690862,-0.1453501016401506
2024-04-22,243992640.24017972,0.003625596677648877,-0.1422514858081042
2024-04-23,244345209.52846965,0.0014449996850022804,-0.14101203947528573
2024-04-24,244874063.4609046,0.0021643720106300154,-0.1391528699760578
2024-04-25,245579202.03748453,0.002879596828728688,-0.13667397731042075
2024-04-26,245226632.74919456,-0.0014356642800563747,-0.13791342364323922
2024-05-02,244697778.81675962,-0.0021565925629938873,-0.13977259314246715
2024-05-03,245402917.39333954,0.0028816713416428964,-0.13729370047682998
2024-05-06,247342048.47893432,0.007901825724780088,-0.13047674564632794
2024-05-07,248047187.05551422,0.0028508641410397067,-0.12799785298069088
2024-05-08,249104894.9203841,0.004264139728515334,-0.12427951398223525
2024-05-09,248928610.27623913,-0.0007076723410084899,-0.12489923714864448
2024-05-10,248047187.05551422,-0.0035408674790205286,-0.12799785298069088
2024-05-13,249810033.49696404,0.007106899547525556,-0.12180062131659808
2024-05-14,249281179.5645291,-0.002117024384616535,-0.1236597908158259
2024-05-15,249281179.5645291,0.0,-0.1236597908158259
2024-05-16,249633748.85281906,0.001414343790036094,-0.12242034448300743
2024-05-17,252983157.09157366,0.01341728934547776,-0.11064560432123116
2024-05-20,253512011.0240086,0.0020904709171745937,-0.10878643482200334
2024-05-21,253875519.3613292,0.0014338899993427542,-0.10750853260361604
2024-05-22,252467736.2305882,-0.005545170854923464,-0.1124575502768903
2024-05-23,253235617.9382651,0.003041504309190433,-0.10975808609146809
2024-05-24,250164091.10755748,-0.0121291264464085,-0.12055594283315729
2024-05-27,252083795.37674975,0.007673780280347694,-0.11380728236960147
2024-05-28,252723696.79981384,0.00253844727348588,-0.11155772888174953
2024-05-29,253747539.07671636,0.004051231799262287,-0.10795844330118642
2024-05-30,254003499.645942,0.001008721385661414,-0.10705862190604565
2024-05-31,253491578.50749075,-0.002015409784372343,-0.10885826469632709
2024-06-03,254003499.645942,0.0020194798638492875,-0.10705862190604565
2024-06-04,254259460.21516764,0.00100770489218623,-0.10615880051090487
2024-06-05,253363598.22287792,-0.003523416558548487,-0.10930817539389759
2024-06-06,252723696.79981384,-0.002525624941990194,-0.11155772888174953
2024-06-07,254259460.21516764,0.006076847698893491,-0.10615880051090487
2024-06-10,253747539.07671636,-0.002013380890599169,-0.10795844330118642
2024-06-11,252723696.79981384,-0.004034885542645538,-0.11155772888174953
2024-06-12,253363598.22287792,0.0025320198745389442,-0.10930817539389759
2024-06-13,253363598.22287792,0.0,-0.10930817539389759
2024-06-14,251699854.52291128,-0.006566624849174599,-0.11515701446231263
2024-06-17,250931972.81523436,-0.0030507832796821104,-0.11785647864773507
2024-06-18,252211775.66136256,0.005100198399470349,-0.11335737167203108
2024-06-19,253875519.3613292,0.00659661387975992,-0.10750853260361604
2024-06-20,257330987.04587528,0.013610873916630288,-0.09536094376921544
2024-06-21,256819065.907424,-0.001989348987185971,-0.097160586559497
2024-06-24,253235617.9382651,-0.01395320069597422,-0.10975808609146809
2024-06-25,253875519.3613292,0.0025269013430018784,-0.10750853260361604
2024-06-26,252979657.36903948,-0.0035287450894967284,-0.11065790748660875
2024-06-27,252851677.08442664,-0.0005058916038697155,-0.11110781818417914
2024-06-28,251699854.52291128,-0.00455532893748919,-0.11515701446231263
2024-07-01,251699854.52291128,0.0,-0.11515701446231263
2024-07-02,252851677.08442664,0.004576174919523106,-0.11110781818417914
2024-07-03,252723696.79981384,-0.0005061476597209688,-0.11155772888174953
2024-07-04,252979657.36903948,0.0010128079498156013,-0.11065790748660875
2024-07-05,253235617.9382651,0.0010117832077391952,-0.10975808609146809
2024-07-08,254003499.645942,0.0030322816116021838,-0.10705862190604565
2024-07-09,255027341.92284456,0.00403081956874492,-0.10345933632548254
2024-07-10,255411282.776683,0.0015054889838227636,-0.10210960423277138
2024-07-11,255027341.92284456,-0.0015032258937994515,-0.10345933632548254
2024-07-12,255539263.06129584,0.002007318645097096,-0.10165969353520088
2024-07-15,255795223.63052145,0.001001648694448228,-0.10075987214006021
2024-07-16,255283302.4920702,-0.0020012927965796703,-0.10255951493034166
2024-07-17,251699854.52291128,-0.01403714200724205,-0.11515701446231263
2024-07-18,252851677.08442664,0.004576174919523106,-0.11110781818417914
2024-07-19,250931972.81523436,-0.007592214895815357,-0.11785647864773507
2024-07-22,249140248.83065492,-0.00714027775925837,-0.12415522841372051
2024-07-23,247092564.27684984,-0.008219003406378272,-0.13135379957484672
2024-07-24,248628327.69220364,0.006215336426041092,-0.12595487120400206
2024-07-25,248500347.40759084,-0.0005147453864196899,-0.12640478190157245
2024-07-26,248884288.2614293,0.0015450314570737114,-0.12505504980886117
2024-07-29,250676012.24600875,0.0071990240810115265,-0.11875630004287574
2024-07-30,250164091.10755748,-0.0020421624465163757,-0.12055594283315729
2024-07-31,249396209.39988056,-0.0030695121121391013,-0.12325540701857973
2024-08-01,246196702.2845601,-0.012829012610173121,-0.13450317445783944
2024-08-02,247732465.69991392,0.006237952828380017,-0.12910424608699478
2024-08-05,244788919.1538191,-0.011881957166084218,-0.1394521921311137
2024-08-06,247604485.4153011,0.011502016803762144,-0.12955415678456517
2024-08-07,248628327.69220364,0.00413499083098297,-0.12595487120400206
2024-08-08,245556800.86149603,-0.012353889274073757,-0.13675272794569138
2024-08-09,245556800.86149603,0.0,-0.13675272794569138
2024-08-12,244149017.73075503,-0.0057330243992511,-0.14170174561896565
2024-08-13,245556800.86149603,0.005766081485093209,-0.13675272794569138
2024-08-14,246708623.4230114,0.00469065632665998,-0.13270353166755788
2024-08-15,246708623.4230114,0.0,-0.13270353166755788
2024-08-16,249524189.6844934,0.01141251660528451,-0.12280549632100923
2024-08-19,249268229.11526775,-0.0010257946115335916,-0.12370531771615001
2024-08-20,250548031.96139592,0.005134239733120395,-0.11920621074044624
2024-08-21,250676012.24600875,0.0005108013964865366,-0.11875630004287574
2024-08-22,250676012.24600875,0.0,-0.11875630004287574
2024-08-23,251187933.38446003,0.0020421624465163757,-0.11695665725259419
2024-08-26,250164091.10755748,-0.0040760010367834705,-0.12055594283315729
2024-08-27,251059953.0998472,0.0035810974641622252,-0.11740656795016458
2024-08-28,250292071.39217028,-0.003058559113852494,-0.12010603213558702
2024-08-29,249908130.53833184,-0.0015339712988225896,-0.12145576422829807
2024-08-30,250420051.6767831,0.002048437309136518,-0.11965612143801652
2024-09-04,250036110.82294464,-0.001533187343695726,-0.12100585353072779
2024-09-05,249908130.53833184,-0.0005118472055559604,-0.12145576422829807
2024-09-06,249780150.25371903,-0.0005121093272840699,-0.12190567492586846
2024-09-09,248756307.97681648,-0.004098973740958073,-0.12550496050643167
2024-09-10,248244386.8383652,-0.0020579222397005027,-0.12730460329671323
2024-09-11,248116406.5537524,-0.000515541504252155,-0.1277545139942835
2024-09-12,247604485.4153011,-0.002063229697550753,-0.12955415678456517
2024-09-13,248628327.69220364,0.00413499083098297,-0.12595487120400206
2024-09-16,247476505.1306883,-0.0046327084777775685,-0.13000406748213544
2024-09-17,248116406.5537524,0.0025857057530619377,-0.1277545139942835
2024-09-18,248372367.12297803,0.0010316148487753765,-0.12685469259914273
2024-09-19,248628327.69220364,0.0010305517163222673,-0.12595487120400206
2024-09-20,248372367.12297803,-0.0010294907728393798,-0.12685469259914273
2024-09-23,247604485.4153011,-0.003091655148967162,-0.12955415678456517
2024-09-24,247860445.98452675,0.0010337477077457726,-0.1286543353894244
2024-09-25,248628327.69220364,0.003098040530939835,-0.12595487120400206
2024-09-26,249524189.6844934,0.003603217704938309,-0.12280549632100923
2024-09-27,249268229.11526775,-0.0010257946115335916,-0.12370531771615001
2024-09-30,249524189.6844934,0.001026847946624103,-0.12280549632100923
2024-10-01,249652169.9691062,0.000512897305766736,-0.12235558562343896
2024-10-02,248756307.97681648,-0.00358844063883195,-0.12550496050643167
2024-10-03,247092564.27684984,-0.006688247279026574,-0.13135379957484672
2024-10-04,247092564.27684984,0.0,-0.13135379957484672
2024-10-07,247348524.84607548,0.0010358894043402023,-0.13045397817970594
2024-10-08,247476505.1306883,0.000517408723955303,-0.13000406748213544
2024-10-09,247476505.1306883,0.0,-0.13000406748213544
2024-10-10,247732465.69991392,0.0010342823012246787,-0.12910424608699478
2024-10-11,247988426.2691396,0.001033213666616155,-0.1282044246918539
2024-10-14,245172860.0076576,-0.011353619617821567,-0.13810246003840254
2024-10-15,244149017.73075503,-0.0041760016866082906,-0.14170174561896565
2024-10-16,244532958.58459347,0.001572567677752649,-0.1403520135262546
2024-10-17,245044879.72304475,0.0020934647886092,-0.13855237073597293
2024-10-18,244532958.58459347,-0.0020890913494289822,-0.1403520135262546
2024-10-21,242741234.60001403,-0.007327126760132078,-0.14665076329224003
2024-10-22,243381136.0230781,0.0026361463643311545,-0.1444012098043881
2024-10-23,243637096.59230375,0.0010516861471193404,-0.1435013884092473
2024-10-24,243381136.0230781,-0.001050581265356142,-0.1444012098043881
2024-10-25,242997195.16923967,-0.0015775292206789493,-0.14575094189709914
2024-10-28,243253155.7384653,0.0010533478341071833,-0.14485112050195836
2024-10-29,244276998.01536787,0.004208957839804327,-0.14125183492139526
2024-10-30,244276998.01536787,0.0,-0.14125183492139526
2024-10-31,244404978.29998067,0.0005239145955312304,-0.14080192422382487
2024-11-01,243509116.30769095,-0.003665481769320379,-0.1439512991068176
2024-11-04,242101333.17694995,-0.00578123378741257,-0.14890031678009186
2024-11-05,242229313.46156275,0.0005286227999383419,-0.14845040608252158
2024-11-06,242741234.60001403,0.0021133740220607546,-0.14665076329224003
2024-11-07,242741234.60001403,0.0,-0.14665076329224003
2024-11-08,242741234.60001403,0.0,-0.14665076329224003
2024-11-11,241973352.89233714,-0.0031633756371973365,-0.14935022747766225
2024-11-12,241717392.32311147,-0.0010578047796013109,-0.15025004887280313
2024-11-13,241333451.46927303,-0.0015883873731569037,-0.1515997809655143
2024-11-14,240181628.90775767,-0.0047727430843212924,-0.1556489772436478
2024-11-15,239413747.20008075,-0.0031970876006167156,-0.15834844142907012
2024-11-18,241845372.6077243,0.01015658221836117,-0.14980013817523274
2024-11-19,241973352.89233714,0.000529182275570845,-0.14935022747766225
2024-11-20,243381136.0230781,0.0058179262878063475,-0.1444012098043881
2024-11-21,243381136.0230781,0.0,-0.1444012098043881
2024-11-22,242741234.60001403,-0.0026292153677982895,-0.14665076329224003
2024-11-25,242101333.17694995,-0.0026361463643311545,-0.14890031678009186
2024-11-26,243125175.45385247,0.004228982399507104,-0.14530103119952886
2024-11-27,242997195.16923967,-0.0005263966776533867,-0.14575094189709914
2024-11-28,243125175.45385247,0.0005266739170535303,-0.14530103119952886
2024-11-29,242997195.16923967,-0.0005263966776533867,-0.14575094189709914
2024-12-02,242997195.16923967,0.0,-0.14575094189709914
2024-12-03,242741234.60001403,-0.0010533478341071833,-0.14665076329224003
2024-12-04,242229313.46156275,-0.002108917091464973,-0.14845040608252158
2024-12-05,244021037.4461422,0.007396809077212518,-0.14215165631653615
2024-12-06,243509116.30769095,-0.002097856577485596,-0.1439512991068176
2024-12-09,243765076.8769166,0.0010511334158932056,-0.1430514777116768
2024-12-10,243381136.0230781,-0.0015750445418903686,-0.1444012098043881
2024-12-11,243253155.7384653,-0.0005258430735596089,-0.14485112050195836
2024-12-12,243253155.7384653,0.0,-0.14485112050195836
2024-12-13,242741234.60001403,-0.0021044789199021635,-0.14665076329224003
2024-12-16,242229313.46156275,-0.002108917091464973,-0.14845040608252158
2024-12-17,242229313.46156275,0.0,-0.14845040608252158
2024-12-18,242741234.60001403,0.0021133740220607546,-0.14665076329224003
2024-12-19,241717392.32311147,-0.004217834182929946,-0.15025004887280313
2024-12-20,241461431.75388587,-0.0010589249154378537,-0.1511498702679438
2024-12-23,242229313.46156275,0.0031801422782068377,-0.14845040608252158
2024-12-24,241717392.32311147,-0.0021133740220607546,-0.15025004887280313
2024-12-25,242997195.16923967,0.005294624577189885,-0.14575094189709914
2024-12-26,243125175.45385247,0.0005266739170535303,-0.14530103119952886
2024-12-27,242613254.3154012,-0.0021055867106137918,-0.14710067398981042
2024-12-30,242101333.17694995,-0.0021100295608159256,-0.14890031678009186
2024-12-31,241845372.6077243,-0.0010572455998768067,-0.14980013817523274
2025-01-02,241845372.6077243,0.0,-0.14980013817523274
2025-01-03,240949510.6154346,-0.003704275928995422,-0.15294951305822546
2025-01-06,239669707.7693064,-0.005311498009932935,-0.15744862003392934
2025-01-07,239157786.63085514,-0.002135944267700268,-0.1592482628242109
2025-01-08,239797688.05391923,0.00267564536400307,-0.15699870933635895
2025-01-09,239157786.63085514,-0.0026685053899276924,-0.1592482628242109
2025-01-10,237622023.2155013,-0.006421548873607516,-0.16464719119505555
2025-01-13,238645865.49240386,0.004308701117210948,-0.16104790561449245
2025-01-14,238005964.06933975,-0.0026813849120905084,-0.1632974591023445
2025-01-15,238645865.49240386,0.0026885940676582634,-0.16104790561449245
2025-01-16,238389904.92317823,-0.0010725539648361784,-0.16194772700963322
2025-01-17,239413747.20008075,0.004294822288017869,-0.15834844142907012
2025-01-20,238901826.0616295,-0.0021382278354443456,-0.16014808421935167
2025-01-21,239157786.63085514,0.0010714048253428123,-0.1592482628242109
2025-01-22,238901826.0616295,-0.0010702581456012528,-0.16014808421935167
2025-01-23,239925668.33853203,0.004285619301371125,-0.15654879863878857
2025-01-24,241973352.89233714,0.00853466228930477,-0.14935022747766225
2025-02-03,241973352.89233714,0.0,-0.14935022747766225
2025-02-04,242741234.60001403,0.00317341433880344,-0.14665076329224003
2025-02-05,243125175.45385247,0.0015816878185986683,-0.14530103119952886
2025-02-06,242613254.3154012,-0.0021055867106137918,-0.14710067398981042
2025-02-07,242089140.9339086,-0.0021602833817612826,-0.1489431782301056
2025-02-10,242089140.9339086,0.0,-0.1489431782301056
2025-02-11,241925017.3155446,-0.0006779470476489185,-0.14952014968980598
2025-02-12,245266280.23268646,0.013811150885581299,-0.13777404415202532
2025-02-13,248281745.51934454,0.012294659028535344,-0.12717327001932155
2025-02-14,247679142.38326177,-0.002427094004926824,-0.1292917025429975
2025-02-17,251404993.4807491,0.01504305555015974,-0.1161935892563668
2025-02-18,255020612.2972457,0.014381650763724668,-0.10348299411431083
2025-02-19,252720432.0339054,-0.00901958568219298,-0.11156920606443999
2025-02-20,251843472.99846786,-0.0034700757211426026,-0.11465212819239112
2025-02-21,253487158.78835216,0.006526616593689917,-0.10887380208106356
2025-02-24,257651489.40355828,0.016428171884963646,-0.0942342277304572
2025-02-25,261377340.50104564,0.014460817230718886,-0.0811361144438264
2025-02-26,261487572.7820364,0.00042173617949987756,-0.08074859629925146
2025-02-27,259187392.51869607,-0.00879651846880557,-0.08883480824938061
2025-02-28,261487572.7820364,0.008874583910073498,-0.08074859629925146
2025-03-03,261049093.26431763,-0.0016768656080044684,-0.08229005736322714
2025-03-04,261377340.50104564,0.0012574157321268893,-0.0811361144438264
2025-03-05,261377340.50104564,0.0,-0.0811361144438264
2025-03-06,266090382.91496128,0.018031564652394874,-0.06456756088466942
2025-03-07,268064765.54781783,0.007419969903562928,-0.057626680339617264
2025-03-10,268064765.54781783,0.0,-0.057626680339617264
2025-03-11,270364945.8111581,0.008580688546066993,-0.049540468389488224
2025-03-12,271462369.40857714,0.004059045428860964,-0.04568250997238732
2025-03-13,268174997.82880855,-0.012109861071833443,-0.05723916219504244
2025-03-14,269818683.6186929,0.006129153736149511,-0.05146083608371477
2025-03-17,271241904.84659564,0.005274731937815184,-0.046457546261536975
2025-03-18,269598219.0567114,-0.006059851964296877,-0.052235872372864534
2025-03-19,266090382.91496128,-0.013011347604682083,-0.06456756088466942
2025-03-20,267626286.03009903,0.005772110582548219,-0.059168141403592944
2025-03-21,266749326.9946615,-0.0032768045637299455,-0.06225106353154419
2025-03-24,268721260.02127385,0.007392457363732377,-0.05531879450081578
2025-03-25,272011081.20728666,0.012242504317493746,-0.04375353076383681
2025-03-26,272557343.39975196,0.002008235069103766,-0.041833163069610046
2025-03-27,269818683.6186929,-0.010048013188338034,-0.05146083608371477
2025-03-28,270146930.8554209,0.0012165474693067986,-0.050306893164314026
2025-03-31,270257163.1364116,0.0004080456536806434,-0.04991937501973931
2025-04-01,271241904.84659564,0.003643721035016533,-0.046457546261536975
2025-04-02,272011081.20728666,0.0028357578491643044,-0.04375353076383681
2025-04-03,266528862.43268,-0.02015439499844827,-0.06302609982069396
2025-04-04,271352137.12758636,0.01809663182772417,-0.04607002811696226
2025-04-08,265982600.24021477,-0.019788076645392002,-0.06494646751492039
2025-04-09,260941310.58957112,-0.01895345652719669,-0.08266896399347812
2025-04-10,265544120.72249597,0.017639254292565864,-0.06648792857889618
2025-04-11,270475178.0921489,0.01856963489244816,-0.049152950244913285
2025-04-14,275362553.9969443,0.018069591225595996,-0.03197153273777498
2025-04-15,264275809.59945282,-0.040262353165182056,-0.0709466367606365
2025-04-16,257333553.4593007,-0.02626898069359467,-0.09535192162289052
2025-04-17,255946678.3495287,-0.005389406438174965,-0.1002274378007787
2025-04-18,263019360.73556393,0.027633421272131378,-0.07536364354042258
2025-04-21,256912937.2705159,-0.02321663107982138,-0.09683058471133488
2025-04-22,248564902.87138975,-0.03249363184204343,-0.1261778391827184
2025-04-23,257848319.7026035,0.03734805969778077,-0.09354227695527073
2025-04-24,265496883.4621222,0.029663035106609947,-0.06665398969393721
2025-04-25,266227010.45113036,0.0027500397725471752,-0.06408725104404733
2025-04-28,266007307.38190308,-0.0008252471034211901,-0.0648596103291782
2025-04-29,266831201.20368427,0.003097260108716995,-0.061963237304200725
2025-05-05,270149509.72288823,0.012435983888821707,-0.05029782723619325
2025-05-06,276972831.8912477,0.025257577462785813,-0.02631065104103547
2025-05-07,275582720.9365073,-0.0050189433571817856,-0.031197542730951655
2025-05-08,276640522.4109037,0.003838417266516935,-0.027478874651126084
2025-05-09,277430316.1119912,0.002854945812726693,-0.0247023795365231
2025-05-12,277233377.01197803,-0.0007098687078368804,-0.02539471279811789
2025-05-13,277825552.5127075,0.0021360180621536645,-0.023312938301184194
2025-05-14,278270363.23859936,0.0016010432513098051,-0.02174922007240976
2025-05-15,277627934.3123493,-0.002308650187440903,-0.024007658918853814
2025-05-16,280295440.4670112,0.009608205173117694,-0.014630124258354638
2025-05-19,278517555.7641332,-0.0063428955530485795,-0.020880222461304387
2025-05-20,277579039.08751845,-0.0033696858858317654,-0.02417954855621529
2025-05-21,277035758.81161994,-0.001957209296798611,-0.02608943341578729
2025-05-22,274813063.38285,-0.008023135490900094,-0.033903249847511696
2025-05-23,274813063.38285,0.0,-0.033903249847511696
2025-05-26,275949198.25982285,0.004134209862469572,-0.029909203134931395
2025-05-27,275800475.2842956,-0.000538950562150919,-0.030432034115239315
2025-05-28,275109151.1332147,-0.0025066097162025854,-0.03286236259904485
2025-05-29,275059576.80803895,-0.00018019875010176253,-0.03303663959248082
2025-05-30,273824972.38105947,-0.004488498242113922,-0.03737685293585857
2025-06-02,274417826.9821338,0.0021650859522385395,-0.03529269108285038
2025-06-03,274269783.1069514,-0.0005394834468681538,-0.035813134707083805
2025-06-04,274961107.2580323,0.0025205990366475215,-0.03338280622327838
2025-06-05,276294860.33536327,0.004850697215440402,-0.028694038893028795
2025-06-06,275059576.80803895,-0.004470888549374198,-0.03303663959248082
2025-06-09,275602857.0839375,0.0019751367402041963,-0.0311267547329086
2025-06-10,277776657.28787655,0.007887437114909766,-0.023484827938545894
2025-06-11,281727663.0943488,0.014223678278256399,-0.009595190297307599
2025-06-12,281727663.0943488,0.0,-0.009595190297307599
2025-06-13,279257775.140045,-0.008766934447174439,-0.018278004340137377
2025-06-16,280739572.09255826,0.005306197658311111,-0.013068793385654476
2025-06-17,279257775.140045,-0.00527819053604861,-0.018278004340137377
2025-06-18,278023170.7130655,-0.004421020780389518,-0.02261821768351513
2025-06-19,278220788.91342366,0.0007107975923420596,-0.02192349706584551
2025-06-20,277282272.2368089,-0.003373280193331662,-0.025222823160756414
2025-06-23,276738991.9609103,-0.0019593040388625896,-0.027132708020328633
2025-06-24,277430316.1119912,0.002498108944396808,-0.0247023795365231
2025-06-25,277331846.56198466,-0.0003549343539183328,-0.02504854616732044
2025-06-26,277381420.88716036,0.00017875453464960266,-0.024874269173884578
2025-06-27,279159305.59003836,0.006409530592177792,-0.018624170970934828
2025-06-30,279257775.140045,0.00035273604724907963,-0.018278004340137377
2025-07-01,278220788.91342366,-0.003713365638973853,-0.02192349706584551
2025-07-02,278517555.7641332,0.0010666595112053434,-0.020880222461304387
2025-07-03,278961687.38968027,0.0015946270400389805,-0.019318891588604226
2025-07-04,280739572.09255826,0.00637322178365834,-0.013068793385654476
2025-07-07,280541953.8922002,-0.0007039200027452459,-0.013763514003323873
2025-07-08,280147396.5918289,-0.0014064110372700267,-0.01515056788258795
2025-07-09,280493058.6673693,0.0012338578896167597,-0.013935403640685351
2025-07-10,281096353.1055783,0.0021508355360922893,-0.011814540865953238
2025-07-11,279517426.4914518,-0.005617029878482511,-0.017365208115391106
2025-07-14,283318546.1180526,0.013598864565666169,-0.004002490663040703
2025-07-15,283903333.75291425,0.0020640640821938286,-0.0019466879780638546
2025-07-16,285365302.84006834,0.005149531243005643,0.0
2025-07-17,287996847.19694585,0.00922166896496293,0.0
2025-07-18,292382754.45840824,0.015229011373388751,0.0
2025-07-21,289458816.2841,-0.01000037837294598,-0.010000378372945984
2025-07-22,291505573.0061158,0.007070977309625054,-0.003000113511883673
2025-07-23,290920785.3712541,-0.0020060941848595083,-0.0050001891864730474
2025-07-24,290920785.3712541,0.0,-0.0050001891864730474
2025-07-25,292675148.2758391,0.006030380064958922,0.0
2025-07-28,294137117.36299324,0.004995193803664807,0.0
2025-07-29,289458816.2841,-0.01590517076129421,-0.015905170761294163
2025-07-30,286534878.1097917,-0.010101396156607278,-0.025845902487103167
2025-07-31,288874028.6492383,0.008163580485829368,-0.01789331710645614
2025-08-01,289166422.46666914,0.0010121845110066625,-0.016899243933875208
2025-08-04,290920785.3712541,0.00606696617684635,-0.010934804898389938
2025-08-05,289166422.46666914,-0.006030380064958717,-0.016899243933875208
2025-08-06,291505573.0061158,0.00808928823579534,-0.00894665855322796
2025-08-07,295891480.2675782,0.015045706386444879,0.0
2025-08-08,298230630.80702484,0.007905433902089138,0.0
2025-08-11,298230630.80702484,0.0,0.0
2025-08-12,297061055.53730154,-0.0039217140994483885,-0.0039217140994484145
2025-08-13,298815418.4418865,0.005905731740607282,0.0
2025-08-14,299107812.2593173,0.0009785098070087,0.0
2025-08-15,297061055.53730154,-0.00684287283088836,-0.006842872830888358
2025-08-18,300277387.52904063,0.010827174857780116,0.0
2025-08-19,300862175.1639023,0.0019474914167657454,0.0
2025-08-20,299692599.894179,-0.0038874121317714347,-0.0038874121317714616
2025-08-21,296183874.08500904,-0.01170774924175263,-0.015549648527085957
2025-08-22,291505573.0061158,-0.015795259256925327,-0.031099297054171915
2025-08-25,291797966.8235466,0.0010030470924295497,-0.030127444021229133
2025-08-26,295306692.63271654,0.01202450396541561,-0.018465207625914637
2025-08-27,299692599.894179,0.014852041524562938,-0.0038874121317714616
2025-08-28,299400206.07674813,-0.0009756457701461353,-0.004859265164714355
2025-08-29,300569781.3464714,0.0039063943376962396,-0.0009718530329430042
2025-09-03,305832870.0602263,0.01751037210120617,0.0
2025-09-04,304370900.97307223,-0.004780287635093609,-0.0047802876350936385
2025-09-05,303786113.3382106,-0.0019212994178881258,-0.006692402689131072
2025-09-08,298815418.4418865,-0.01636248227972861,-0.022945380648449976
2025-09-09,302031750.4336256,0.010763607877096895,-0.012428747851243704
2025-09-10,302031750.4336256,0.0,-0.012428747851243704
2025-09-11,303786113.3382106,0.005808538016504136,-0.006692402689131072
2025-09-12,304370900.97307223,0.0019249979152621548,-0.0047802876350936385
2025-09-15,304370900.97307223,0.0,-0.0047802876350936385
2025-09-16,302908931.8859181,-0.004803248544720412,-0.009560575270187388
2025-09-17,300569781.3464714,-0.007722289748549329,-0.017209035486337565
2025-09-18,300277387.52904063,-0.0009727984500668993,-0.018165093013356226
2025-09-19,299984993.7116098,-0.0009737457083829719,-0.019121150540374998
2025-09-22,297938236.989594,-0.0068228636929200705,-0.025813553229506292
2025-09-23,299107812.2593173,0.003925562833226222,-0.021989323121431315
2025-09-24,300862175.1639023,0.005865319569333165,-0.016252977959318682
2025-09-25,301446962.79876393,0.0019437060658857174,-0.014340862905281249
2025-09-26,298815418.4418865,-0.00872970930755132,-0.022945380648449976
2025-09-29,298815418.4418865,0.0,-0.022945380648449976
2025-09-30,296476267.90243983,-0.007828078456070597,-0.030593840864600153
2025-10-01,297061055.53730154,0.0019724601871140028,-0.028681725810562386
2025-10-02,294137117.36299324,-0.00984288623434567,-0.038242301080749996
2025-10-03,292675148.2758391,-0.00497036586290448,-0.04302258871584386
2025-10-06,296183874.08500904,0.011988465128795495,-0.0315498983916187
2025-10-07,294429511.18042403,-0.0059232222213471235,-0.037286243553731446
2025-10-08,293844723.5455624,-0.0019861719449151783,-0.03919835860776888
2025-10-09,295014298.8152857,0.003980249349421945,-0.0353741284996939
2025-10-10,295306692.63271654,0.0009911174427986876,-0.03441807097267513
2025-10-13,296183874.08500904,0.002970408304912628,-0.0315498983916187
2025-10-14,294429511.18042403,-0.0059232222213471235,-0.037286243553731446
2025-10-15,292090360.64097744,-0.007944687779660713,-0.04493470376988129
2025-10-16,296768661.7198707,0.016016622625364803,-0.02963778333758127
2025-10-17,296768661.7198707,0.0,-0.02963778333758127
2025-10-20,291797966.8235466,-0.01674939283520473,-0.04589076129690017
2025-10-21,287119665.74465334,-0.01603267195388741,-0.061187681729200194
2025-10-22,288581634.8318075,0.0050918458802272915,-0.056407394094106444
2025-10-23,287119665.74465334,-0.005066050332711649,-0.061187681729200194
2025-10-24,289166422.46666914,0.007128584232318166,-0.0544952790400689
2025-10-27,286534878.1097917,-0.00910044926526963,-0.06309979678323774
2025-10-28,287996847.19694585,0.00510223780364346,-0.05831950914814388
2025-10-29,289166422.46666914,0.004061069699570306,-0.0544952790400689
2025-10-30,289751210.1015308,0.0020223220589487834,-0.05258316398603147
2025-10-31,286242484.29236084,-0.01210944315966952,-0.06405585431025651
2025-11-03,281973534.55787075,-0.014913753089600421,-0.07801429420473038
2025-11-04,285950090.47493005,0.01410258563199723,-0.06501191183727517
2025-11-05,285072909.02263755,-0.0030676033388749935,-0.06788008441833149
2025-11-06,283903333.75291425,-0.004102723312899651,-0.07170431452640647
2025-11-07,281505704.44998145,-0.008445231238529574,-0.07954398624796033
2025-11-10,280277650.41677195,-0.004362448127326337,-0.0835594278614391
2025-11-11,280979395.57860595,0.0025037499807441257,-0.08126488979659408
2025-11-12,282850716.01016325,0.0066599916613237315,-0.07514612162367407
2025-11-13,282675279.71970475,-0.0006202434023613951,-0.07571975613988535
2025-11-14,282733758.4831909,0.0002068761143320821,-0.07552854463448166
2025-11-17,284301647.84692234,0.005545462176652875,-0.07040192314535687
2025-11-18,285051946.189044,0.002639092484351856,-0.06794862784726186
2025-11-19,283426299.7811138,-0.005702983016478269,-0.07326410099313418
2025-11-20,283301250.05742687,-0.00044120719842691974,-0.0736729835428167
2025-11-21,283176200.33373994,-0.00044140194814384047,-0.07408186609249912
2025-11-24,283051150.610053,-0.000441596869862492,-0.07449074864218164
2025-11-25,281550553.9258098,-0.0053015035657300955,-0.07939733923837133
2025-11-26,285302045.63641787,0.013324398259207847,-0.06713086274789692
2025-11-27,284051548.3995485,-0.004383064390863144,-0.07121968824472191
2025-11-28,282425901.99161834,-0.005723068284927962,-0.07653516139059402
2025-12-01,282676001.4389922,0.0008855400500103186,-0.07571739629122909
2025-12-02,282425901.99161834,-0.0008847565626395917,-0.07653516139059402
2025-12-03,284051548.3995485,0.005756010325067071,-0.07121968824472191
2025-12-04,285176995.91273093,0.003962124197258029,-0.06753974529757945
2025-12-05,283926498.6758616,-0.004384986358619223,-0.0716285707944041
2025-12-08,282122681.06928796,-0.006353114679278068,-0.07752662094911256
2025-12-09,282003363.0075464,-0.00042292970309688416,-0.0779167623414293
2025-12-10,280804500.57766753,-0.004251234513989852,-0.08183675442613492
2025-12-11,281761885.9778315,0.0034094375203902612,-0.07870633420683215
2025-12-12,277926662.5647118,-0.013611576313133502,-0.09124659324558237
2025-12-15,277926662.5647118,0.0,-0.09124659324558237
2025-12-16,280563023.5479526,0.009485815282752654,-0.08262632629153777
2025-12-17,279006206.93284917,-0.005548901617241587,-0.0877167425531935
2025-12-18,278406775.71790975,-0.00214845118153119,-0.08967673859554626
2025-12-19,279125524.9945907,0.0025816515234859264,-0.08732660116087676
2025-12-22,282003363.0075464,0.010310192924891036,-0.0779167623414293
2025-12-23,282960748.40771043,0.0033949432019304976,-0.07478634212212631
2025-12-24,282241999.1310295,-0.00254010240192509,-0.07713647955679581
2025-12-25,280804500.57766753,-0.005093141905838757,-0.08183675442613492
2025-12-26,280324387.4244696,-0.001709777272836658,-0.08340660907617115
2025-12-29,280234683.62049377,-0.0003199999999999653,-0.08369991896126672
2025-12-30,284333524.42326456,0.014626457902411627,-0.07029769439997735
2025-12-31,286409156.9853982,0.00729999238163623,-0.06351087465190752
2026-01-05,280055280.63912725,-0.022184613135797383,-0.0842865236036362
2026-01-06,277757539.75859886,-0.008204597589749453,-0.09179958418497891
2026-01-07,280805475.5143327,0.0109733682058922,-0.0818335666174963
2026-01-08,279971445.3479144,-0.0029701349836240777,-0.08456064486207504
2026-01-09,278442037.1593313,-0.005462729196123961,-0.08956144215466777
2026-01-12,282835561.833206,0.015778956075373756,-0.07519567214109968
2026-01-13,286000009.3732574,0.011188294426418489,-0.06484868903418828
2026-01-14,287454035.73170745,0.005084008079707479,-0.06009437221348901
2026-01-15,291539189.635622,0.01421150304435945,-0.04673690052279045
2026-01-16,289384138.07135135,-0.007391978989048263,-0.05378340132516102
2026-01-19,291673425.4907999,0.007910894614701037,-0.04629798153036346
2026-01-20,290045264.21756756,-0.005582137867008721,-0.051621677681505496
2026-01-21,290922052.95055735,0.0030229375933960947,-0.04875478919820697
2026-01-22,295592879.31132305,0.016055250241065463,-0.0334823092981692
2026-01-23,292594170.5534816,-0.010144725965077057,-0.04328736641073838
2026-01-26,288221663.02098584,-0.014943932492655427,-0.057584415421966795
2026-01-27,287910937.3111178,-0.0010780789570469915,-0.05860041383249359
2026-01-28,288290553.33901376,0.0013185189539559334,-0.05735916063488544
2026-01-29,288419780.51306313,0.0004482532381052855,-0.05693661882626977
2026-01-30,289462504.23975885,0.003615298939763562,-0.05352716278418246
2026-02-02,288471082.5833627,-0.003425043457701057,-0.05676887338318026
2026-02-03,289775515.129935,0.004521883215782543,-0.05250369238312802
2026-02-04,291169187.3326259,0.004809489173251847,-0.047946719149948636
2026-02-05,290151876.68605304,-0.0034938815329066133,-0.05127308052625379
2026-02-06,285457564.13951683,-0.016178811593955313,-0.06662235461053312
2026-02-09,285184658.3913696,-0.0009560291350831644,-0.06751469083356076
2026-02-10,284142052.28877205,-0.0036558982817607505,-0.07092376227310948
2026-02-11,287122117.7307737,0.010487942273933518,-0.06117966432374655
2026-02-12,287391769.0071429,0.0009391518789996473,-0.06029796944145305
2026-02-13,288336928.3885168,0.0032887489597880275,-0.05720752536594298
2026-02-23,291268973.9033672,0.010168817193265239,-0.04762044104020313
2026-02-24,296075355.9669466,0.016501524344209654,-0.031904726563100394
2026-02-25,293215516.9075936,-0.009659159405594912,-0.041255713129030314
2026-02-26,293304638.93961394,0.0003039471886080882,-0.04096430549844188
2026-02-27,292291944.56514937,-0.0034527049354751826,-0.04427557277414429
2026-03-02,288179327.71386933,-0.01407023671965536,-0.05772284170396913
2026-03-03,286236013.53948754,-0.006743419765040509,-0.06407701211736871
2026-03-04,287000053.8787286,0.0026692669793477427,-0.06157878379060111
2026-03-05,286193648.26692355,-0.002809775123407561,-0.0642155363791842
2026-03-06,283424009.73336834,-0.009677498261499003,-0.07327158889901242
2026-03-09,278506655.5618446,-0.0173498151273414,-0.08935015550486936
2026-03-10,278118803.0905417,-0.0013926147313084274,-0.09061833989337709
2026-03-11,280447249.82214797,0.008372129844267372,-0.08300487855696892
2026-03-12,278551830.7072272,-0.00675855839600074,-0.08920244363408947
2026-03-13,279131120.8924845,0.0020796495351925385,-0.08730830391933864
2026-03-16,278907800.0885632,-0.0008000569882972699,-0.08803850928894885
2026-03-17,281971453.3627338,0.010984466096673374,-0.07802109921276157
2026-03-18,286494733.9188097,0.016041625853015308,-0.06323105864195844
2026-03-19,287883995.89478594,0.0048491710719190196,-0.058688505790452816
2026-03-20,282748693.6351405,-0.01783809566656939,-0.07547971027620404
2026-03-23,269392498.4074408,-0.047236982975895056,-0.11915125946275651
2026-03-24,278655769.8039467,0.03438578078924723,-0.08886258776215838
2026-03-25,285155150.9698114,0.023324050208748462,-0.06761117301205388
2026-03-26,287214321.7868232,0.007221229600828189,-0.06087817921512706
2026-03-27,297049196.30785114,0.034242284506716146,-0.02872050264134607
2026-03-30,306152358.4598049,0.0306453014015886,0.0
2026-03-31,311458121.0382781,0.017330464495408454,0.0
2026-04-01,317067150.0859969,0.01800893497019933,0.0
2026-04-02,320556373.75715446,0.01100468361421601,0.0
2026-04-03,321885555.8353454,0.004146484634237465,0.0
2026-04-06,318670246.73469603,-0.009988982240303099,-0.00998898224030309
2026-04-07,320098782.2547108,0.0044828016881163935,-0.005550959178636128
2026-04-08,323851989.79735315,0.011725154079642301,0.0
2026-04-09,319706749.5392879,-0.01279979863844302,-0.01279979863844305
2026-04-10,321069518.91034687,0.00426256052780479,-0.008591798027078323
2026-04-13,321341165.6536944,0.0008460683040528,-0.007752998971011005
2026-04-14,323608668.226858,0.007056371282374975,-0.0007513357279274047
2026-04-15,325580127.0043059,0.006092107446472465,0.0
2026-04-16,325920252.3902804,0.0010446748980168195,0.0
2026-04-17,325330239.2569041,-0.0018102990809843141,-0.00181029908098429
2026-04-20,322887893.75587237,-0.007507280929711256,-0.009303989586927797
2026-04-21,323251601.2984429,0.0011264204995109594,-0.008188049292014776
2026-04-22,324952228.22831565,0.005261000790225453,-0.0029701258355850912
2026-04-23,323204436.985251,-0.005378609811644747,-0.008332760499268677
2026-04-24,324893310.05545014,0.005225401872426032,-0.003150900649158017
2026-04-28,323143695.6517353,-0.0053851967694140135,-0.008519129198575448
2026-04-29,325062238.83485705,0.0059371208813228105,-0.0026325874171081454
2026-05-04,324801249.25622714,-0.0008028911003794038,-0.00343336483647938
2026-05-05,324723936.6095327,-0.00023803063218341214,-0.003670578222660259
2026-05-06,328069636.8185295,0.010303213997494249,0.0
2026-05-07,326086261.3140811,-0.006045593013978038,-0.006045593013978001
2026-05-08,322175226.82325995,-0.011993864675746266,-0.017966947665229993
2026-05-11,316144304.2092469,-0.018719386569475565,-0.036350003995886615
2026-05-12,316889669.10170627,0.0023576730073430543,-0.03407803241178142
2026-05-13,318054013.38830125,0.003674289193130145,-0.03052895576486503
2026-05-14,319527890.0608576,0.004634045195200651,-0.0260363831304411
2026-05-15,319705652.84433186,0.0005563294754658495,-0.025494538462345173
2026-05-18,319750549.33036304,0.00014043069189344375,-0.025357687986127586
2026-05-19,318131326.0349957,-0.005064020370749684,-0.030293296508360323
2026-05-20,316405293.7878767,-0.005425533752463848,-0.035554472958144734
2026-05-21,316489899.07717204,0.00026739530265898937,-0.035296584754543225
2026-05-22,315893971.7953346,-0.0018829267018476128,-0.03711305057447245
2026-05-25,317159492.68440354,0.0040061571351823165,-0.033255574151657474
2026-05-26,316068814.7232026,-0.0034388942672646263,-0.03658010601561734
2026-05-27,315727555.4236477,-0.0010796993681700057,-0.03762030986643472
2026-05-28,314976313.6013515,-0.002379398976716414,-0.03991019511635119
2026-05-29,314242332.33930385,-0.0023302744693894945,-0.04214746787699275
