date,equity,portfolio_return,drawdown
2018-01-02,100000000.0,0.0,0.0
2018-01-03,100000000.0,0.0,0.0
2018-01-04,100000000.0,0.0,0.0
2018-01-05,100000000.0,0.0,0.0
2018-01-08,100000000.0,0.0,0.0
2018-01-09,100000000.0,0.0,0.0
2018-01-10,100000000.0,0.0,0.0
2018-01-11,100000000.0,0.0,0.0
2018-01-12,100000000.0,0.0,0.0
2018-01-15,100000000.0,0.0,0.0
2018-01-16,100000000.0,0.0,0.0
2018-01-17,100000000.0,0.0,0.0
2018-01-18,100000000.0,0.0,0.0
2018-01-19,100000000.0,0.0,0.0
2018-01-22,100000000.0,0.0,0.0
2018-01-23,100000000.0,0.0,0.0
2018-01-24,100000000.0,0.0,0.0
2018-01-25,100000000.0,0.0,0.0
2018-01-26,100000000.0,0.0,0.0
2018-01-29,100000000.0,0.0,0.0
2018-01-30,100000000.0,0.0,0.0
2018-01-31,100000000.0,0.0,0.0
2018-02-01,100000000.0,0.0,0.0
2018-02-02,100000000.0,0.0,0.0
2018-02-05,100000000.0,0.0,0.0
2018-02-06,100000000.0,0.0,0.0
2018-02-07,100000000.0,0.0,0.0
2018-02-08,100000000.0,0.0,0.0
2018-02-09,100000000.0,0.0,0.0
2018-02-12,100000000.0,0.0,0.0
2018-02-13,100000000.0,0.0,0.0
2018-02-21,100000000.0,0.0,0.0
2018-02-22,100000000.0,0.0,0.0
2018-02-23,100000000.0,0.0,0.0
2018-02-26,100000000.0,0.0,0.0
2018-02-27,100000000.0,0.0,0.0
2018-02-28,100000000.0,0.0,0.0
2018-03-01,100000000.0,0.0,0.0
2018-03-02,100000000.0,0.0,0.0
2018-03-05,100000000.0,0.0,0.0
2018-03-06,100000000.0,0.0,0.0
2018-03-07,100000000.0,0.0,0.0
2018-03-08,100000000.0,0.0,0.0
2018-03-09,100000000.0,0.0,0.0
2018-03-12,100000000.0,0.0,0.0
2018-03-13,100000000.0,0.0,0.0
2018-03-14,100000000.0,0.0,0.0
2018-03-15,100000000.0,0.0,0.0
2018-03-16,100000000.0,0.0,0.0
2018-03-19,100000000.0,0.0,0.0
2018-03-20,100000000.0,0.0,0.0
2018-03-21,100000000.0,0.0,0.0
2018-03-22,100000000.0,0.0,0.0
2018-03-23,100000000.0,0.0,0.0
2018-03-26,100000000.0,0.0,0.0
2018-03-27,100000000.0,0.0,0.0
2018-03-28,100000000.0,0.0,0.0
2018-03-29,100000000.0,0.0,0.0
2018-03-30,100000000.0,0.0,0.0
2018-04-02,100000000.0,0.0,0.0
2018-04-03,100000000.0,0.0,0.0
2018-04-04,100000000.0,0.0,0.0
2018-04-05,100000000.0,0.0,0.0
2018-04-06,100000000.0,0.0,0.0
2018-04-09,100000000.0,0.0,0.0
2018-04-10,100000000.0,0.0,0.0
2018-04-11,100000000.0,0.0,0.0
2018-04-12,100000000.0,0.0,0.0
2018-04-13,100000000.0,0.0,0.0
2018-04-16,100000000.0,0.0,0.0
2018-04-17,100000000.0,0.0,0.0
2018-04-18,100000000.0,0.0,0.0
2018-04-19,100000000.0,0.0,0.0
2018-04-20,100000000.0,0.0,0.0
2018-04-23,100000000.0,0.0,0.0
2018-04-24,100000000.0,0.0,0.0
2018-04-26,100000000.0,0.0,0.0
2018-04-27,100000000.0,0.0,0.0
2018-05-02,100000000.0,0.0,0.0
2018-05-03,100000000.0,0.0,0.0
2018-05-04,100000000.0,0.0,0.0
2018-05-07,100000000.0,0.0,0.0
2018-05-08,100000000.0,0.0,0.0
2018-05-09,100000000.0,0.0,0.0
2018-05-10,100000000.0,0.0,0.0
2018-05-11,100000000.0,0.0,0.0
2018-05-14,100000000.0,0.0,0.0
2018-05-15,100000000.0,0.0,0.0
2018-05-16,100000000.0,0.0,0.0
2018-05-17,100000000.0,0.0,0.0
2018-05-18,100000000.0,0.0,0.0
2018-05-21,100000000.0,0.0,0.0
2018-05-22,100000000.0,0.0,0.0
2018-05-23,100000000.0,0.0,0.0
2018-05-24,100000000.0,0.0,0.0
2018-05-25,100000000.0,0.0,0.0
2018-05-28,100000000.0,0.0,0.0
2018-05-29,100000000.0,0.0,0.0
2018-05-30,100000000.0,0.0,0.0
2018-05-31,100000000.0,0.0,0.0
2018-06-01,100000000.0,0.0,0.0
2018-06-04,100000000.0,0.0,0.0
2018-06-05,100000000.0,0.0,0.0
2018-06-06,100000000.0,0.0,0.0
2018-06-07,100000000.0,0.0,0.0
2018-06-08,100000000.0,0.0,0.0
2018-06-11,100000000.0,0.0,0.0
2018-06-12,100000000.0,0.0,0.0
2018-06-13,100000000.0,0.0,0.0
2018-06-14,100000000.0,0.0,0.0
2018-06-15,100000000.0,0.0,0.0
2018-06-18,100000000.0,0.0,0.0
2018-06-19,100000000.0,0.0,0.0
2018-06-20,100000000.0,0.0,0.0
2018-06-21,100000000.0,0.0,0.0
2018-06-22,100000000.0,0.0,0.0
2018-06-25,100000000.0,0.0,0.0
2018-06-26,100000000.0,0.0,0.0
2018-06-27,100000000.0,0.0,0.0
2018-06-28,100000000.0,0.0,0.0
2018-06-29,100000000.0,0.0,0.0
2018-07-02,100000000.0,0.0,0.0
2018-07-03,100000000.0,0.0,0.0
2018-07-04,100000000.0,0.0,0.0
2018-07-05,100000000.0,0.0,0.0
2018-07-06,100000000.0,0.0,0.0
2018-07-09,100000000.0,0.0,0.0
2018-07-10,100000000.0,0.0,0.0
2018-07-11,100000000.0,0.0,0.0
2018-07-12,100000000.0,0.0,0.0
2018-07-13,100000000.0,0.0,0.0
2018-07-16,100000000.0,0.0,0.0
2018-07-17,100000000.0,0.0,0.0
2018-07-18,100000000.0,0.0,0.0
2018-07-19,100000000.0,0.0,0.0
2018-07-20,100000000.0,0.0,0.0
2018-07-23,100000000.0,0.0,0.0
2018-07-24,100000000.0,0.0,0.0
2018-07-25,100000000.0,0.0,0.0
2018-07-26,100000000.0,0.0,0.0
2018-07-27,100000000.0,0.0,0.0
2018-07-30,100000000.0,0.0,0.0
2018-07-31,100000000.0,0.0,0.0
2018-08-01,100000000.0,0.0,0.0
2018-08-02,100000000.0,0.0,0.0
2018-08-03,100000000.0,0.0,0.0
2018-08-06,100000000.0,0.0,0.0
2018-08-07,100000000.0,0.0,0.0
2018-08-08,100000000.0,0.0,0.0
2018-08-09,100000000.0,0.0,0.0
2018-08-10,100000000.0,0.0,0.0
2018-08-13,100000000.0,0.0,0.0
2018-08-14,100000000.0,0.0,0.0
2018-08-15,100000000.0,0.0,0.0
2018-08-16,100000000.0,0.0,0.0
2018-08-17,100000000.0,0.0,0.0
2018-08-20,100000000.0,0.0,0.0
2018-08-21,100000000.0,0.0,0.0
2018-08-22,100000000.0,0.0,0.0
2018-08-23,100000000.0,0.0,0.0
2018-08-24,100000000.0,0.0,0.0
2018-08-27,100000000.0,0.0,0.0
2018-08-28,100000000.0,0.0,0.0
2018-08-29,100000000.0,0.0,0.0
2018-08-30,100000000.0,0.0,0.0
2018-08-31,100000000.0,0.0,0.0
2018-09-04,100000000.0,0.0,0.0
2018-09-05,100000000.0,0.0,0.0
2018-09-06,100000000.0,0.0,0.0
2018-09-07,100000000.0,0.0,0.0
2018-09-10,100000000.0,0.0,0.0
2018-09-11,100000000.0,0.0,0.0
2018-09-12,100000000.0,0.0,0.0
2018-09-13,100000000.0,0.0,0.0
2018-09-14,100000000.0,0.0,0.0
2018-09-17,100000000.0,0.0,0.0
2018-09-18,100000000.0,0.0,0.0
2018-09-19,100000000.0,0.0,0.0
2018-09-20,100000000.0,0.0,0.0
2018-09-21,100000000.0,0.0,0.0
2018-09-24,100000000.0,0.0,0.0
2018-09-25,100000000.0,0.0,0.0
2018-09-26,100000000.0,0.0,0.0
2018-09-27,100000000.0,0.0,0.0
2018-09-28,100000000.0,0.0,0.0
2018-10-01,100000000.0,0.0,0.0
2018-10-02,100000000.0,0.0,0.0
2018-10-03,100000000.0,0.0,0.0
2018-10-04,100000000.0,0.0,0.0
2018-10-05,100000000.0,0.0,0.0
2018-10-08,100000000.0,0.0,0.0
2018-10-09,100000000.0,0.0,0.0
2018-10-10,100000000.0,0.0,0.0
2018-10-11,100000000.0,0.0,0.0
2018-10-12,100000000.0,0.0,0.0
2018-10-15,100000000.0,0.0,0.0
2018-10-16,100000000.0,0.0,0.0
2018-10-17,100000000.0,0.0,0.0
2018-10-18,100000000.0,0.0,0.0
2018-10-19,100000000.0,0.0,0.0
2018-10-22,100000000.0,0.0,0.0
2018-10-23,100000000.0,0.0,0.0
2018-10-24,100000000.0,0.0,0.0
2018-10-25,100000000.0,0.0,0.0
2018-10-26,100000000.0,0.0,0.0
2018-10-29,100000000.0,0.0,0.0
2018-10-30,100000000.0,0.0,0.0
2018-10-31,100000000.0,0.0,0.0
2018-11-01,100000000.0,0.0,0.0
2018-11-02,100000000.0,0.0,0.0
2018-11-05,100000000.0,0.0,0.0
2018-11-06,100000000.0,0.0,0.0
2018-11-07,100000000.0,0.0,0.0
2018-11-08,100000000.0,0.0,0.0
2018-11-09,100000000.0,0.0,0.0
2018-11-12,100000000.0,0.0,0.0
2018-11-13,100000000.0,0.0,0.0
2018-11-14,100000000.0,0.0,0.0
2018-11-15,100000000.0,0.0,0.0
2018-11-16,100000000.0,0.0,0.0
2018-11-19,100000000.0,0.0,0.0
2018-11-20,100000000.0,0.0,0.0
2018-11-21,100000000.0,0.0,0.0
2018-11-22,100000000.0,0.0,0.0
2018-11-23,100000000.0,0.0,0.0
2018-11-26,100000000.0,0.0,0.0
2018-11-27,100000000.0,0.0,0.0
2018-11-28,100000000.0,0.0,0.0
2018-11-29,100000000.0,0.0,0.0
2018-11-30,100000000.0,0.0,0.0
2018-12-03,100000000.0,0.0,0.0
2018-12-04,100000000.0,0.0,0.0
2018-12-05,100000000.0,0.0,0.0
2018-12-06,100000000.0,0.0,0.0
2018-12-07,100000000.0,0.0,0.0
2018-12-10,100000000.0,0.0,0.0
2018-12-11,100000000.0,0.0,0.0
2018-12-12,100000000.0,0.0,0.0
2018-12-13,100000000.0,0.0,0.0
2018-12-14,100000000.0,0.0,0.0
2018-12-17,100000000.0,0.0,0.0
2018-12-18,100000000.0,0.0,0.0
2018-12-19,100000000.0,0.0,0.0
2018-12-20,100000000.0,0.0,0.0
2018-12-21,100000000.0,0.0,0.0
2018-12-24,100000000.0,0.0,0.0
2018-12-25,100000000.0,0.0,0.0
2018-12-26,100000000.0,0.0,0.0
2018-12-27,100000000.0,0.0,0.0
2018-12-28,100000000.0,0.0,0.0
2019-01-02,100000000.0,0.0,0.0
2019-01-03,100000000.0,0.0,0.0
2019-01-04,100000000.0,0.0,0.0
2019-01-07,100000000.0,0.0,0.0
2019-01-08,100000000.0,0.0,0.0
2019-01-09,100000000.0,0.0,0.0
2019-01-10,100000000.0,0.0,0.0
2019-01-11,100000000.0,0.0,0.0
2019-01-14,100000000.0,0.0,0.0
2019-01-15,100000000.0,0.0,0.0
2019-01-16,100000000.0,0.0,0.0
2019-01-17,100000000.0,0.0,0.0
2019-01-18,100000000.0,0.0,0.0
2019-01-21,100000000.0,0.0,0.0
2019-01-22,100000000.0,0.0,0.0
2019-01-23,100000000.0,0.0,0.0
2019-01-24,100000000.0,0.0,0.0
2019-01-25,100000000.0,0.0,0.0
2019-01-28,100000000.0,0.0,0.0
2019-01-29,100000000.0,0.0,0.0
2019-01-30,100000000.0,0.0,0.0
2019-01-31,100000000.0,0.0,0.0
2019-02-01,100000000.0,0.0,0.0
2019-02-11,100000000.0,0.0,0.0
2019-02-12,100000000.0,0.0,0.0
2019-02-13,100000000.0,0.0,0.0
2019-02-14,100000000.0,0.0,0.0
2019-02-15,100000000.0,0.0,0.0
2019-02-18,100000000.0,0.0,0.0
2019-02-19,100000000.0,0.0,0.0
2019-02-20,100000000.0,0.0,0.0
2019-02-21,100000000.0,0.0,0.0
2019-02-22,100000000.0,0.0,0.0
2019-02-25,100000000.0,0.0,0.0
2019-02-26,100000000.0,0.0,0.0
2019-02-27,100000000.0,0.0,0.0
2019-02-28,100000000.0,0.0,0.0
2019-03-01,100000000.0,0.0,0.0
2019-03-04,100000000.0,0.0,0.0
2019-03-05,100000000.0,0.0,0.0
2019-03-06,100000000.0,0.0,0.0
2019-03-07,100000000.0,0.0,0.0
2019-03-08,100000000.0,0.0,0.0
2019-03-11,100000000.0,0.0,0.0
2019-03-12,100000000.0,0.0,0.0
2019-03-13,100000000.0,0.0,0.0
2019-03-14,100000000.0,0.0,0.0
2019-03-15,100000000.0,0.0,0.0
2019-03-18,100000000.0,0.0,0.0
2019-03-19,100000000.0,0.0,0.0
2019-03-20,100000000.0,0.0,0.0
2019-03-21,100000000.0,0.0,0.0
2019-03-22,100000000.0,0.0,0.0
2019-03-25,100000000.0,0.0,0.0
2019-03-26,100000000.0,0.0,0.0
2019-03-27,100000000.0,0.0,0.0
2019-03-28,100000000.0,0.0,0.0
2019-03-29,100000000.0,0.0,0.0
2019-04-01,100000000.0,0.0,0.0
2019-04-02,100000000.0,0.0,0.0
2019-04-03,100000000.0,0.0,0.0
2019-04-04,100000000.0,0.0,0.0
2019-04-05,100000000.0,0.0,0.0
2019-04-08,100000000.0,0.0,0.0
2019-04-09,100000000.0,0.0,0.0
2019-04-10,100000000.0,0.0,0.0
2019-04-11,100000000.0,0.0,0.0
2019-04-12,100000000.0,0.0,0.0
2019-04-16,100000000.0,0.0,0.0
2019-04-17,100000000.0,0.0,0.0
2019-04-18,100000000.0,0.0,0.0
2019-04-19,100000000.0,0.0,0.0
2019-04-22,100000000.0,0.0,0.0
2019-04-23,100000000.0,0.0,0.0
2019-04-24,100000000.0,0.0,0.0
2019-04-25,100000000.0,0.0,0.0
2019-04-26,100000000.0,0.0,0.0
2019-05-02,100000000.0,0.0,0.0
2019-05-03,100000000.0,0.0,0.0
2019-05-06,100000000.0,0.0,0.0
2019-05-07,100000000.0,0.0,0.0
2019-05-08,100000000.0,0.0,0.0
2019-05-09,100000000.0,0.0,0.0
2019-05-10,100000000.0,0.0,0.0
2019-05-13,100000000.0,0.0,0.0
2019-05-14,100000000.0,0.0,0.0
2019-05-15,100000000.0,0.0,0.0
2019-05-16,100000000.0,0.0,0.0
2019-05-17,100000000.0,0.0,0.0
2019-05-20,100000000.0,0.0,0.0
2019-05-21,100000000.0,0.0,0.0
2019-05-22,100000000.0,0.0,0.0
2019-05-23,100000000.0,0.0,0.0
2019-05-24,100000000.0,0.0,0.0
2019-05-27,100000000.0,0.0,0.0
2019-05-28,100000000.0,0.0,0.0
2019-05-29,100000000.0,0.0,0.0
2019-05-30,100000000.0,0.0,0.0
2019-05-31,100000000.0,0.0,0.0
2019-06-03,100000000.0,0.0,0.0
2019-06-04,100000000.0,0.0,0.0
2019-06-05,100000000.0,0.0,0.0
2019-06-06,100000000.0,0.0,0.0
2019-06-07,100000000.0,0.0,0.0
2019-06-10,100000000.0,0.0,0.0
2019-06-11,100000000.0,0.0,0.0
2019-06-12,100000000.0,0.0,0.0
2019-06-13,100000000.0,0.0,0.0
2019-06-14,100000000.0,0.0,0.0
2019-06-17,100000000.0,0.0,0.0
2019-06-18,100000000.0,0.0,0.0
2019-06-19,100000000.0,0.0,0.0
2019-06-20,100000000.0,0.0,0.0
2019-06-21,100000000.0,0.0,0.0
2019-06-24,100000000.0,0.0,0.0
2019-06-25,100000000.0,0.0,0.0
2019-06-26,100000000.0,0.0,0.0
2019-06-27,100000000.0,0.0,0.0
2019-06-28,100000000.0,0.0,0.0
2019-07-01,100000000.0,0.0,0.0
2019-07-02,100000000.0,0.0,0.0
2019-07-03,100000000.0,0.0,0.0
2019-07-04,100000000.0,0.0,0.0
2019-07-05,100000000.0,0.0,0.0
2019-07-08,100000000.0,0.0,0.0
2019-07-09,100000000.0,0.0,0.0
2019-07-10,100000000.0,0.0,0.0
2019-07-11,100000000.0,0.0,0.0
2019-07-12,100000000.0,0.0,0.0
2019-07-15,100000000.0,0.0,0.0
2019-07-16,100000000.0,0.0,0.0
2019-07-17,100000000.0,0.0,0.0
2019-07-18,100000000.0,0.0,0.0
2019-07-19,100000000.0,0.0,0.0
2019-07-22,100000000.0,0.0,0.0
2019-07-23,100000000.0,0.0,0.0
2019-07-24,100000000.0,0.0,0.0
2019-07-25,100000000.0,0.0,0.0
2019-07-26,100000000.0,0.0,0.0
2019-07-29,100000000.0,0.0,0.0
2019-07-30,100000000.0,0.0,0.0
2019-07-31,100000000.0,0.0,0.0
2019-08-01,100000000.0,0.0,0.0
2019-08-02,100000000.0,0.0,0.0
2019-08-05,100000000.0,0.0,0.0
2019-08-06,100000000.0,0.0,0.0
2019-08-07,100000000.0,0.0,0.0
2019-08-08,100000000.0,0.0,0.0
2019-08-09,100000000.0,0.0,0.0
2019-08-12,100000000.0,0.0,0.0
2019-08-13,100000000.0,0.0,0.0
2019-08-14,100000000.0,0.0,0.0
2019-08-15,100000000.0,0.0,0.0
2019-08-16,100000000.0,0.0,0.0
2019-08-19,100000000.0,0.0,0.0
2019-08-20,100000000.0,0.0,0.0
2019-08-21,100000000.0,0.0,0.0
2019-08-22,100000000.0,0.0,0.0
2019-08-23,100000000.0,0.0,0.0
2019-08-26,100000000.0,0.0,0.0
2019-08-27,100000000.0,0.0,0.0
2019-08-28,100000000.0,0.0,0.0
2019-08-29,100000000.0,0.0,0.0
2019-08-30,100000000.0,0.0,0.0
2019-09-03,100000000.0,0.0,0.0
2019-09-04,100000000.0,0.0,0.0
2019-09-05,100000000.0,0.0,0.0
2019-09-06,100000000.0,0.0,0.0
2019-09-09,100000000.0,0.0,0.0
2019-09-10,100000000.0,0.0,0.0
2019-09-11,100000000.0,0.0,0.0
2019-09-12,100000000.0,0.0,0.0
2019-09-13,100000000.0,0.0,0.0
2019-09-16,100000000.0,0.0,0.0
2019-09-17,100000000.0,0.0,0.0
2019-09-18,100000000.0,0.0,0.0
2019-09-19,100000000.0,0.0,0.0
2019-09-20,100000000.0,0.0,0.0
2019-09-23,100000000.0,0.0,0.0
2019-09-24,100000000.0,0.0,0.0
2019-09-25,100000000.0,0.0,0.0
2019-09-26,100000000.0,0.0,0.0
2019-09-27,100000000.0,0.0,0.0
2019-09-30,100000000.0,0.0,0.0
2019-10-01,100000000.0,0.0,0.0
2019-10-02,100000000.0,0.0,0.0
2019-10-03,100000000.0,0.0,0.0
2019-10-04,100000000.0,0.0,0.0
2019-10-07,100000000.0,0.0,0.0
2019-10-08,100000000.0,0.0,0.0
2019-10-09,100000000.0,0.0,0.0
2019-10-10,100000000.0,0.0,0.0
2019-10-11,100000000.0,0.0,0.0
2019-10-14,100000000.0,0.0,0.0
2019-10-15,100000000.0,0.0,0.0
2019-10-16,100000000.0,0.0,0.0
2019-10-17,100000000.0,0.0,0.0
2019-10-18,100000000.0,0.0,0.0
2019-10-21,100000000.0,0.0,0.0
2019-10-22,100000000.0,0.0,0.0
2019-10-23,100000000.0,0.0,0.0
2019-10-24,100000000.0,0.0,0.0
2019-10-25,100000000.0,0.0,0.0
2019-10-28,100000000.0,0.0,0.0
2019-10-29,100000000.0,0.0,0.0
2019-10-30,100000000.0,0.0,0.0
2019-10-31,100000000.0,0.0,0.0
2019-11-01,100000000.0,0.0,0.0
2019-11-04,100000000.0,0.0,0.0
2019-11-05,100000000.0,0.0,0.0
2019-11-06,100000000.0,0.0,0.0
2019-11-07,100000000.0,0.0,0.0
2019-11-08,100000000.0,0.0,0.0
2019-11-11,100000000.0,0.0,0.0
2019-11-12,100000000.0,0.0,0.0
2019-11-13,100000000.0,0.0,0.0
2019-11-14,100000000.0,0.0,0.0
2019-11-15,100000000.0,0.0,0.0
2019-11-18,100000000.0,0.0,0.0
2019-11-19,100000000.0,0.0,0.0
2019-11-20,100000000.0,0.0,0.0
2019-11-21,100000000.0,0.0,0.0
2019-11-22,100000000.0,0.0,0.0
2019-11-25,100000000.0,0.0,0.0
2019-11-26,100000000.0,0.0,0.0
2019-11-27,100000000.0,0.0,0.0
2019-11-28,100000000.0,0.0,0.0
2019-11-29,100000000.0,0.0,0.0
2019-12-02,100000000.0,0.0,0.0
2019-12-03,100000000.0,0.0,0.0
2019-12-04,100000000.0,0.0,0.0
2019-12-05,100000000.0,0.0,0.0
2019-12-06,100000000.0,0.0,0.0
2019-12-09,100000000.0,0.0,0.0
2019-12-10,100000000.0,0.0,0.0
2019-12-11,100000000.0,0.0,0.0
2019-12-12,100000000.0,0.0,0.0
2019-12-13,100000000.0,0.0,0.0
2019-12-16,100000000.0,0.0,0.0
2019-12-17,100000000.0,0.0,0.0
2019-12-18,100000000.0,0.0,0.0
2019-12-19,100000000.0,0.0,0.0
2019-12-20,100000000.0,0.0,0.0
2019-12-23,100000000.0,0.0,0.0
2019-12-24,100000000.0,0.0,0.0
2019-12-25,100000000.0,0.0,0.0
2019-12-26,100000000.0,0.0,0.0
2019-12-27,100000000.0,0.0,0.0
2019-12-30,100000000.0,0.0,0.0
2019-12-31,100000000.0,0.0,0.0
2020-01-02,100000000.0,0.0,0.0
2020-01-03,100000000.0,0.0,0.0
2020-01-06,100000000.0,0.0,0.0
2020-01-07,100000000.0,0.0,0.0
2020-01-08,100000000.0,0.0,0.0
2020-01-09,100000000.0,0.0,0.0
2020-01-10,100000000.0,0.0,0.0
2020-01-13,100000000.0,0.0,0.0
2020-01-14,100000000.0,0.0,0.0
2020-01-15,100000000.0,0.0,0.0
2020-01-16,100000000.0,0.0,0.0
2020-01-17,100000000.0,0.0,0.0
2020-01-20,100000000.0,0.0,0.0
2020-01-21,100000000.0,0.0,0.0
2020-01-22,100000000.0,0.0,0.0
2020-01-30,100000000.0,0.0,0.0
2020-01-31,100000000.0,0.0,0.0
2020-02-03,100000000.0,0.0,0.0
2020-02-04,100000000.0,0.0,0.0
2020-02-05,100000000.0,0.0,0.0
2020-02-06,100000000.0,0.0,0.0
2020-02-07,100000000.0,0.0,0.0
2020-02-10,100000000.0,0.0,0.0
2020-02-11,100000000.0,0.0,0.0
2020-02-12,100000000.0,0.0,0.0
2020-02-13,100000000.0,0.0,0.0
2020-02-14,100000000.0,0.0,0.0
2020-02-17,100000000.0,0.0,0.0
2020-02-18,100000000.0,0.0,0.0
2020-02-19,100000000.0,0.0,0.0
2020-02-20,100000000.0,0.0,0.0
2020-02-21,100000000.0,0.0,0.0
2020-02-24,100000000.0,0.0,0.0
2020-02-25,100000000.0,0.0,0.0
2020-02-26,100000000.0,0.0,0.0
2020-02-27,100000000.0,0.0,0.0
2020-02-28,100000000.0,0.0,0.0
2020-03-02,100000000.0,0.0,0.0
2020-03-03,100000000.0,0.0,0.0
2020-03-04,100000000.0,0.0,0.0
2020-03-05,100000000.0,0.0,0.0
2020-03-06,100000000.0,0.0,0.0
2020-03-09,100000000.0,0.0,0.0
2020-03-10,100000000.0,0.0,0.0
2020-03-11,100000000.0,0.0,0.0
2020-03-12,100000000.0,0.0,0.0
2020-03-13,100000000.0,0.0,0.0
2020-03-16,100000000.0,0.0,0.0
2020-03-17,100000000.0,0.0,0.0
2020-03-18,100000000.0,0.0,0.0
2020-03-19,100000000.0,0.0,0.0
2020-03-20,100000000.0,0.0,0.0
2020-03-23,100000000.0,0.0,0.0
2020-03-24,100000000.0,0.0,0.0
2020-03-25,100000000.0,0.0,0.0
2020-03-26,100000000.0,0.0,0.0
2020-03-27,100000000.0,0.0,0.0
2020-03-30,100000000.0,0.0,0.0
2020-03-31,100000000.0,0.0,0.0
2020-04-01,100000000.0,0.0,0.0
2020-04-03,100000000.0,0.0,0.0
2020-04-06,100000000.0,0.0,0.0
2020-04-07,100000000.0,0.0,0.0
2020-04-08,100000000.0,0.0,0.0
2020-04-09,100000000.0,0.0,0.0
2020-04-10,100000000.0,0.0,0.0
2020-04-13,100000000.0,0.0,0.0
2020-04-14,100000000.0,0.0,0.0
2020-04-15,100000000.0,0.0,0.0
2020-04-16,100000000.0,0.0,0.0
2020-04-17,100000000.0,0.0,0.0
2020-04-20,100000000.0,0.0,0.0
2020-04-21,100000000.0,0.0,0.0
2020-04-22,100000000.0,0.0,0.0
2020-04-23,100000000.0,0.0,0.0
2020-04-24,100000000.0,0.0,0.0
2020-04-27,100000000.0,0.0,0.0
2020-04-28,100000000.0,0.0,0.0
2020-04-29,100000000.0,0.0,0.0
2020-05-04,100000000.0,0.0,0.0
2020-05-05,100000000.0,0.0,0.0
2020-05-06,100000000.0,0.0,0.0
2020-05-07,100000000.0,0.0,0.0
2020-05-08,100000000.0,0.0,0.0
2020-05-11,100000000.0,0.0,0.0
2020-05-12,100000000.0,0.0,0.0
2020-05-13,100000000.0,0.0,0.0
2020-05-14,100000000.0,0.0,0.0
2020-05-15,100000000.0,0.0,0.0
2020-05-18,100000000.0,0.0,0.0
2020-05-19,100000000.0,0.0,0.0
2020-05-20,100000000.0,0.0,0.0
2020-05-21,100000000.0,0.0,0.0
2020-05-22,100000000.0,0.0,0.0
2020-05-25,100000000.0,0.0,0.0
2020-05-26,100000000.0,0.0,0.0
2020-05-27,100000000.0,0.0,0.0
2020-05-28,100000000.0,0.0,0.0
2020-05-29,100000000.0,0.0,0.0
2020-06-01,100000000.0,0.0,0.0
2020-06-02,100000000.0,0.0,0.0
2020-06-03,100000000.0,0.0,0.0
2020-06-04,100000000.0,0.0,0.0
2020-06-05,100000000.0,0.0,0.0
2020-06-08,100000000.0,0.0,0.0
2020-06-09,100000000.0,0.0,0.0
2020-06-10,100000000.0,0.0,0.0
2020-06-11,100000000.0,0.0,0.0
2020-06-12,100000000.0,0.0,0.0
2020-06-15,100000000.0,0.0,0.0
2020-06-16,100000000.0,0.0,0.0
2020-06-17,100000000.0,0.0,0.0
2020-06-18,100000000.0,0.0,0.0
2020-06-19,100000000.0,0.0,0.0
2020-06-22,100000000.0,0.0,0.0
2020-06-23,100000000.0,0.0,0.0
2020-06-24,100000000.0,0.0,0.0
2020-06-25,100000000.0,0.0,0.0
2020-06-26,100000000.0,0.0,0.0
2020-06-29,100000000.0,0.0,0.0
2020-06-30,100000000.0,0.0,0.0
2020-07-01,100000000.0,0.0,0.0
2020-07-02,100000000.0,0.0,0.0
2020-07-03,100000000.0,0.0,0.0
2020-07-06,100000000.0,0.0,0.0
2020-07-07,100000000.0,0.0,0.0
2020-07-08,100000000.0,0.0,0.0
2020-07-09,100000000.0,0.0,0.0
2020-07-10,100000000.0,0.0,0.0
2020-07-13,100000000.0,0.0,0.0
2020-07-14,100000000.0,0.0,0.0
2020-07-15,100000000.0,0.0,0.0
2020-07-16,100000000.0,0.0,0.0
2020-07-17,100000000.0,0.0,0.0
2020-07-20,100000000.0,0.0,0.0
2020-07-21,100000000.0,0.0,0.0
2020-07-22,100000000.0,0.0,0.0
2020-07-23,100000000.0,0.0,0.0
2020-07-24,100000000.0,0.0,0.0
2020-07-27,100000000.0,0.0,0.0
2020-07-28,100000000.0,0.0,0.0
2020-07-29,100000000.0,0.0,0.0
2020-07-30,100000000.0,0.0,0.0
2020-07-31,100000000.0,0.0,0.0
2020-08-03,100000000.0,0.0,0.0
2020-08-04,100000000.0,0.0,0.0
2020-08-05,100000000.0,0.0,0.0
2020-08-06,100000000.0,0.0,0.0
2020-08-07,100000000.0,0.0,0.0
2020-08-10,100000000.0,0.0,0.0
2020-08-11,100000000.0,0.0,0.0
2020-08-12,100000000.0,0.0,0.0
2020-08-13,100000000.0,0.0,0.0
2020-08-14,100000000.0,0.0,0.0
2020-08-17,100000000.0,0.0,0.0
2020-08-18,100000000.0,0.0,0.0
2020-08-19,100000000.0,0.0,0.0
2020-08-20,100000000.0,0.0,0.0
2020-08-21,100000000.0,0.0,0.0
2020-08-24,100000000.0,0.0,0.0
2020-08-25,100000000.0,0.0,0.0
2020-08-26,100000000.0,0.0,0.0
2020-08-27,100000000.0,0.0,0.0
2020-08-28,100000000.0,0.0,0.0
2020-08-31,100000000.0,0.0,0.0
2020-09-01,100000000.0,0.0,0.0
2020-09-03,100000000.0,0.0,0.0
2020-09-04,100000000.0,0.0,0.0
2020-09-07,100000000.0,0.0,0.0
2020-09-08,100000000.0,0.0,0.0
2020-09-09,100000000.0,0.0,0.0
2020-09-10,100000000.0,0.0,0.0
2020-09-11,100000000.0,0.0,0.0
2020-09-14,100000000.0,0.0,0.0
2020-09-15,100000000.0,0.0,0.0
2020-09-16,100000000.0,0.0,0.0
2020-09-17,100000000.0,0.0,0.0
2020-09-18,100000000.0,0.0,0.0
2020-09-21,100000000.0,0.0,0.0
2020-09-22,100000000.0,0.0,0.0
2020-09-23,100000000.0,0.0,0.0
2020-09-24,100000000.0,0.0,0.0
2020-09-25,100000000.0,0.0,0.0
2020-09-28,100000000.0,0.0,0.0
2020-09-29,100000000.0,0.0,0.0
2020-09-30,100000000.0,0.0,0.0
2020-10-01,100000000.0,0.0,0.0
2020-10-02,100000000.0,0.0,0.0
2020-10-05,100000000.0,0.0,0.0
2020-10-06,100000000.0,0.0,0.0
2020-10-07,100000000.0,0.0,0.0
2020-10-08,100000000.0,0.0,0.0
2020-10-09,100000000.0,0.0,0.0
2020-10-12,100000000.0,0.0,0.0
2020-10-13,100000000.0,0.0,0.0
2020-10-14,100000000.0,0.0,0.0
2020-10-15,100000000.0,0.0,0.0
2020-10-16,100000000.0,0.0,0.0
2020-10-19,100000000.0,0.0,0.0
2020-10-20,100000000.0,0.0,0.0
2020-10-21,100000000.0,0.0,0.0
2020-10-22,100000000.0,0.0,0.0
2020-10-23,100000000.0,0.0,0.0
2020-10-26,100000000.0,0.0,0.0
2020-10-27,100000000.0,0.0,0.0
2020-10-28,100000000.0,0.0,0.0
2020-10-29,100000000.0,0.0,0.0
2020-10-30,100000000.0,0.0,0.0
2020-11-02,100000000.0,0.0,0.0
2020-11-03,100000000.0,0.0,0.0
2020-11-04,100000000.0,0.0,0.0
2020-11-05,100000000.0,0.0,0.0
2020-11-06,100000000.0,0.0,0.0
2020-11-09,100000000.0,0.0,0.0
2020-11-10,100000000.0,0.0,0.0
2020-11-11,100000000.0,0.0,0.0
2020-11-12,100000000.0,0.0,0.0
2020-11-13,100000000.0,0.0,0.0
2020-11-16,100000000.0,0.0,0.0
2020-11-17,100000000.0,0.0,0.0
2020-11-18,100000000.0,0.0,0.0
2020-11-19,100000000.0,0.0,0.0
2020-11-20,100000000.0,0.0,0.0
2020-11-23,100000000.0,0.0,0.0
2020-11-24,100000000.0,0.0,0.0
2020-11-25,100000000.0,0.0,0.0
2020-11-26,100000000.0,0.0,0.0
2020-11-27,100000000.0,0.0,0.0
2020-11-30,100000000.0,0.0,0.0
2020-12-01,100000000.0,0.0,0.0
2020-12-02,100000000.0,0.0,0.0
2020-12-03,100000000.0,0.0,0.0
2020-12-04,100000000.0,0.0,0.0
2020-12-07,100000000.0,0.0,0.0
2020-12-08,100000000.0,0.0,0.0
2020-12-09,100000000.0,0.0,0.0
2020-12-10,100000000.0,0.0,0.0
2020-12-11,100000000.0,0.0,0.0
2020-12-14,100000000.0,0.0,0.0
2020-12-15,100000000.0,0.0,0.0
2020-12-16,100000000.0,0.0,0.0
2020-12-17,100000000.0,0.0,0.0
2020-12-18,100000000.0,0.0,0.0
2020-12-21,100000000.0,0.0,0.0
2020-12-22,100000000.0,0.0,0.0
2020-12-23,100000000.0,0.0,0.0
2020-12-24,100000000.0,0.0,0.0
2020-12-25,100000000.0,0.0,0.0
2020-12-28,100000000.0,0.0,0.0
2020-12-29,100000000.0,0.0,0.0
2020-12-30,100000000.0,0.0,0.0
2020-12-31,100000000.0,0.0,0.0
2021-01-04,100000000.0,0.0,0.0
2021-01-05,99880000.0,-0.0012,-0.0011999999999999789
2021-01-06,100205423.51745832,0.003258144948521422,0.0
2021-01-07,102736780.11624363,0.025261672571487957,0.0
2021-01-08,104208665.15354653,0.014326758495229283,0.0
2021-01-11,106481917.5698779,0.021814427936312553,0.0
2021-01-12,106985427.85119969,0.004728598928464725,0.0
2021-01-13,106919215.62478557,-0.0006188901399376117,-0.0006188901399376556
2021-01-14,109178262.55585964,0.02112854006525638,0.0
2021-01-15,110121698.50481725,0.008641243475320103,0.0
2021-01-18,110121090.04077187,-5.5253783190509764e-06,-5.52537831910449e-06
2021-01-19,106571731.04215807,-0.03223141904334283,-0.03223676633087791
2021-01-20,105984712.35174781,-0.005508202641261792,-0.037567402330690225
2021-01-21,105984712.35174781,0.0,-0.037567402330690225
2021-01-22,105984712.35174781,0.0,-0.037567402330690225
2021-01-25,105984712.35174781,0.0,-0.037567402330690225
2021-01-26,105984712.35174781,0.0,-0.037567402330690225
2021-01-27,105857530.6969257,-0.0012000000000001298,-0.03872232144789356
2021-01-28,100376054.46693473,-0.051781637016308814,-0.08849885327055862
2021-01-29,101828884.2098593,0.014473867802834923,-0.07530590617066435
2021-02-01,101828884.2098593,0.0,-0.07530590617066435
2021-02-02,101828884.2098593,0.0,-0.07530590617066435
2021-02-03,101828884.2098593,0.0,-0.07530590617066435
2021-02-04,101828884.2098593,0.0,-0.07530590617066435
2021-02-05,101828884.2098593,0.0,-0.07530590617066435
2021-02-08,101747421.10249141,-0.0008000000000000064,-0.07604566144572777
2021-02-09,103581146.69340858,0.018022329913109404,-0.059393851531653885
2021-02-17,106710767.80643283,0.030214196433716485,-0.030974192595069838
2021-02-18,107654534.64973162,0.008844157555034479,-0.022403975679486043
2021-02-19,106806267.58348933,-0.00787952935751608,-0.03010697225291059
2021-02-22,106398604.1092764,-0.00381684973584779,-0.03380890819966764
2021-02-23,105417617.2941438,-0.009219921852781858,-0.042717114560920755
2021-02-24,104878768.9152399,-0.005111559080304027,-0.04761032258640652
2021-02-25,105588420.48143485,0.006766398705237207,-0.04116607430627384
2021-02-26,108279269.89639288,0.025484323022249872,-0.016730840819203063
2021-03-01,112735520.9977459,0.04115516391657413,0.0
2021-03-02,113391367.63931233,0.005817568728666619,0.0
2021-03-03,114221846.03646901,0.007324000181375025,0.0
2021-03-04,111934492.06976059,-0.02002553842439309,-0.02002553842439314
2021-03-05,114124727.80003606,0.019567120820188768,-0.0008502597340437346
2021-03-08,116257383.87816164,0.018687063875081657,0.0
2021-03-09,115667072.09281588,-0.005077628324790216,-0.0050776283247901954
2021-03-10,115032925.72983603,-0.005482514180621602,-0.010532304336117182
2021-03-11,115232033.97512464,0.0017308804763970969,-0.008819654019667
2021-03-12,114698957.57965662,-0.0046261128705156985,-0.01340496617520881
2021-03-15,115291605.20046861,0.005166983495908535,-0.008307245918290795
2021-03-16,114811757.33923952,-0.0041620364327024,-0.012434707290825853
2021-03-17,117479755.22664699,0.023238019774614302,0.0
2021-03-18,117048965.91156408,-0.003666923839361177,-0.0036669238393611803
2021-03-19,115618491.43324506,-0.012221162888357414,-0.01584327265417851
2021-03-22,115078916.59694612,-0.004666855877552063,-0.020436190261624798
2021-03-23,113657727.50329971,-0.01234969128727548,-0.03253350090808116
2021-03-24,111895103.33426091,-0.015508177118776459,-0.04753714273248122
2021-03-25,110862126.52991854,-0.009231653339258229,-0.056329949649294386
2021-03-26,111009530.90636799,0.0013296188794436538,-0.05507522813438259
2021-03-29,111714338.19253418,0.00634907003400156,-0.04907583458094478
2021-03-30,112002668.44596581,0.0025809601354367787,-0.04662153721817475
2021-03-31,111675206.66680588,-0.002923696227094026,-0.049408926232802686
2021-04-01,113166533.20814322,0.013354141763864047,-0.03671459827425172
2021-04-02,113488912.13777454,0.002848712605151405,-0.033970475007997214
2021-04-05,110635494.5499129,-0.025142699265613,-0.05825906483657417
2021-04-06,110814578.45878492,0.0016186840362631544,-0.05673468381852964
2021-04-07,110814578.45878492,0.0,-0.05673468381852964
2021-04-08,110893207.46601208,0.0007095547203330917,-0.05606538546090656
2021-04-09,111942904.71249457,0.009465838985712589,-0.047130252386638816
2021-04-12,112976845.67623018,0.009236324235029488,-0.0383292384439311
2021-04-13,111823510.0373889,-0.01020860187711833,-0.048146552385522234
2021-04-14,112816643.76479025,0.008881260542342888,-0.03969289391913067
2021-04-15,112162344.174413,-0.00579967253538756,-0.045262360667805424
2021-04-16,112881855.35810868,0.006414908577310452,-0.039137805996172226
2021-04-19,114182512.78332715,0.011522289575168931,-0.028066473555027893
2021-04-20,113967678.51591292,-0.0018814988580773033,-0.029895165375161237
2021-04-22,111155222.10542099,-0.024677666923778173,-0.05383508936517989
2021-04-23,115258219.14463776,0.036912319201030774,-0.018909948167012636
2021-04-26,115113551.40659578,-0.0012551620102722412,-0.020141375128729377
2021-04-27,115377311.60572323,0.002291304506763203,-0.01789622064557106
2021-04-28,115467911.4764927,0.0007852485857798127,-0.017125025041743958
2021-04-29,117662013.80304676,0.019001836081539776,0.0
2021-05-04,119172749.81655759,0.012839623976176617,0.0
2021-05-05,118951086.62116031,-0.0018600157816151637,-0.0018600157816152096
2021-05-06,118648717.96825227,-0.0025419578878756828,-0.004397245587703158
2021-05-07,121803091.90416974,0.026585824018439935,0.0
2021-05-10,126314984.05082041,0.037042509152398734,0.0
2021-05-11,124267733.1678958,-0.016207506166496796,-0.0162075061664968
2021-05-12,125845103.88848835,0.012693324971667443,-0.003719908337580957
2021-05-13,126291301.06768811,0.003545606188979204,-0.00018749147862595628
2021-05-14,125258051.4369761,-0.008181479024895102,-0.008367436545921314
2021-05-17,124652741.24324434,-0.004832505270420347,-0.013159506135133614
2021-05-18,126669183.05260915,0.016176473852508186,0.0
2021-05-19,127655905.43356839,0.007789758780945402,0.0
2021-05-20,129813080.4719716,0.016898356805951278,0.0
2021-05-21,129742851.05735898,-0.0005410041450159142,-0.0005410041450158998
2021-05-24,128650216.34397444,-0.008421540797662046,-0.008957988854198962
2021-05-25,130572726.2676857,0.01494369755718875,0.0
2021-05-26,132484550.22579625,0.014641832278137066,0.0
2021-05-27,133259539.54833296,0.005849658101385226,0.0
2021-05-28,137851796.37485585,0.03446099875541957,0.0
2021-05-31,142272192.96693462,0.03206629661944003,0.0
2021-06-01,142081055.15616947,-0.0013434656961362043,-0.0013434656961361924
2021-06-02,145851294.11767662,0.026535831658647625,0.0
2021-06-03,152257768.38041043,0.04392469947894262,0.0
2021-06-04,152503980.9407754,0.0016170771644952039,0.0
2021-06-07,145330854.41881788,-0.04703566738197599,-0.047035667381975954
2021-06-08,139185431.45957094,-0.04228574161916718,-0.08733247092334384
2021-06-09,145715104.68070045,0.046913481911547435,-0.0445160593067494
2021-06-10,143450910.67022312,-0.015538499014489747,-0.05936284557757232
2021-06-11,145972252.01800543,0.017576335598026165,-0.04282989127547132
2021-06-14,147228804.1072383,0.008608157179611563,-0.03459042053194472
2021-06-15,146645430.57185867,-0.0039623600756459425,-0.0384157209062751
2021-06-16,147057135.05787784,0.0028074825408039043,-0.03571608983120789
2021-06-17,151148598.1825724,0.027822268692262113,-0.008887523786866636
2021-06-18,151148598.1825724,0.0,-0.008887523786866636
2021-06-21,149928869.18689382,-0.008069734091779423,-0.016885537924951732
2021-06-22,148225165.57177067,-0.011363412692717645,-0.028057073281689604
2021-06-23,146805701.52568942,-0.009576403848872343,-0.03736479126599901
2021-06-24,144516746.32772127,-0.015591732297724231,-0.05237394174094345
2021-06-25,149494844.90907514,0.034446517153555456,-0.019731524469966732
2021-06-28,151261013.26703256,0.011814242551518288,-0.008150394934447913
2021-06-29,150523336.9694044,-0.004876843554696333,-0.012987490288139947
2021-06-30,148953560.30691248,-0.010428792598525721,-0.023280839044075297
2021-07-01,154181716.66983116,0.03509923732031837,0.0
2021-07-02,159259825.37053674,0.03293586821049597,0.0
2021-07-05,156734575.5816067,-0.015856163241764,-0.015856163241763976
2021-07-06,149740769.52580315,-0.04462197335751285,-0.05977060330555051
2021-07-07,151625621.83355224,0.012587435697826417,-0.047935526233452985
2021-07-08,150526627.43389258,-0.007248078434039926,-0.054836164213575844
2021-07-09,147477304.9446961,-0.020257694875517377,-0.07398300480631081
2021-07-12,144486801.87407294,-0.020277717115488356,-0.09276051547898301
2021-07-13,144607536.47009188,0.0008356098581527613,-0.09200241722201186
2021-07-14,142969955.56644583,-0.011324312298098936,-0.10228486541530868
2021-07-15,145567850.99902862,0.018170918654132295,-0.08597255673018689
2021-07-16,146082553.64630103,0.0035358263774591453,-0.08274071438655195
2021-07-19,141192156.73354828,-0.033476940200494486,-0.11344774863938156
2021-07-20,144359455.40872532,0.022432539798610956,-0.09356012997718643
2021-07-21,145259276.8746441,0.006233200751354404,-0.08791010829830259
2021-07-22,147072832.3261225,0.01248495442424276,-0.07652270756959434
2021-07-23,146269258.8867135,-0.0054637789093986205,-0.0815683833232842
2021-07-26,145883729.27810773,-0.0026357527995979485,-0.08398914202817909
2021-07-27,144530541.7582459,-0.009275794679488738,-0.09248587067090808
2021-07-28,141904168.69184324,-0.018171751343710726,-0.10897699176998044
2021-07-29,146272494.95724842,0.030783635926097164,-0.08154806388285163
2021-07-30,146759574.61654222,0.0033299470241220748,-0.07848966759137921
2021-08-02,146989362.2205978,0.0015657418240409824,-0.0770468203226411
2021-08-03,150381455.7082796,0.023077135899066223,-0.05574770436675136
2021-08-04,149894230.53704655,-0.0032399285466301856,-0.058807014334594676
2021-08-05,150458393.33331347,0.0037637392329618706,-0.05526460936865718
2021-08-06,149848539.2670776,-0.004053307048712452,-0.059093911986671355
2021-08-09,153900833.1594553,0.027042598561172707,-0.033649366364763456
2021-08-10,153946967.25037235,0.0002997650498048423,-0.03335968821894286
2021-08-11,151943168.11948192,-0.013016165025398267,-0.04594163803728757
2021-08-12,150353254.04017034,-0.010463873427078576,-0.05592478397891132
2021-08-13,154957326.19943732,0.030621699468086634,-0.027015596438644596
2021-08-16,156232448.15040603,0.008228858759008084,-0.019009045207020403
2021-08-17,156933376.75309718,0.004486447028061386,-0.014607881253334343
2021-08-18,156535529.48008302,-0.0025351348530535346,-0.017105983157493343
2021-08-19,156449630.16348627,-0.0005487528414926143,-0.017645349042121672
2021-08-20,153416158.3353352,-0.019389447101799913,-0.036692662582076596
2021-08-23,150626508.22530282,-0.018183548201844528,-0.05420900798520589
2021-08-24,150314560.26888537,-0.002071003039855631,-0.056167744004736675
2021-08-25,151562352.0945551,0.008301203978095424,-0.04833279992661399
2021-08-26,151250404.13813767,-0.002058215329245,-0.05029153594614466
2021-08-27,151813550.33095217,0.003723270665116208,-0.04675551428152036
2021-08-30,153948406.55272764,0.01406235620681754,-0.033350650771162504
2021-08-31,154770328.34075874,0.005338943133195675,-0.0281897648658892
2021-09-01,155874379.79796112,0.007133482683913278,-0.021257373381510347
2021-09-06,158925017.496372,0.019571129664573663,-0.0021022745277144983
2021-09-07,156448395.03093293,-0.015583590956632226,-0.01765310449802826
2021-09-08,157552446.4881353,0.007056968893698667,-0.010720713013649408
2021-09-09,157854087.94656518,0.0019145463314185255,-0.008826691984001322
2021-09-10,157714309.96783203,-0.0008854884947957006,-0.00970436454459811
2021-09-13,159679762.29287973,0.012462105217012851,0.0
2021-09-14,162984664.01162592,0.020697060612380146,0.0
2021-09-15,166262805.28676954,0.020113188532325896,0.0
2021-09-16,163037288.09437436,-0.01940011289254875,-0.019400112892548727
2021-09-17,166597748.88479337,0.021838321969376937,0.0
2021-09-20,165756685.38580617,-0.005048468569457171,-0.005048468569457176
2021-09-21,167865763.74944857,0.012723941473210685,0.0
2021-09-22,168279835.76820597,0.0024666853413626046,0.0
2021-09-23,166055736.2983869,-0.013216672453154842,-0.013216672453154832
2021-09-24,165026830.38744327,-0.006196147955375525,-0.019330927950532928
2021-09-27,160984181.86144134,-0.02449691675293505,-0.043354296570706774
2021-09-28,164427084.50154373,0.021386589665472123,-0.022894907456227465
2021-09-29,164363765.0830133,-0.00038509117109499007,-0.02327118200059808
2021-09-30,166082307.4817323,0.010455725432251132,-0.013058773657829148
2021-10-01,167557227.90557176,0.008880659512764049,-0.004294084667574527
2021-10-04,170228826.30352962,0.01594439363405715,0.0
2021-10-05,172573353.59277377,0.01377279829835455,0.0
2021-10-06,176335896.6895872,0.021802572752291874,0.0
2021-10-07,178464153.06906924,0.012069331426195687,0.0
2021-10-08,175583718.5179293,-0.016140129553217135,-0.016140129553217086
2021-10-11,177753017.0910519,0.012354782046042088,-0.003984755289999975
2021-10-12,180351887.72940484,0.014620683692933827,0.0
2021-10-13,184319023.9593951,0.021996643783082876,0.0
2021-10-14,186554276.00197738,0.012127082677448922,0.0
2021-10-15,188037236.285672,0.007949216257465502,0.0
2021-10-18,184799371.23035133,-0.017219275922571074,-0.01721927592257111
2021-10-19,189262985.87398326,0.024153841075942113,0.0
2021-10-20,191877925.48704734,0.013816434317511943,0.0
2021-10-21,193503330.32703936,0.008471036133344786,0.0
2021-10-22,192307048.32382405,-0.006182229531623464,-0.0061822295316235065
2021-10-25,188702573.9376878,-0.01874332957399821,-0.024809683540008343
2021-10-26,190521192.56026804,0.009637487102750189,-0.015411299442398274
2021-10-27,192168914.6528614,0.008648497683910487,-0.006896086346021457
2021-10-28,196885460.18081754,0.024543748589496074,0.0
2021-10-29,197927060.38170284,0.005290386603097563,0.0
2021-11-01,198840335.82501233,0.004614202027495543,0.0
2021-11-02,198663779.34058136,-0.0008879309306052759,-0.0008879309306052408
2021-11-03,191885876.96468753,-0.034117454114642926,-0.03497509110246633
2021-11-04,192393250.85070556,0.0026441439778885295,-0.032423426301092406
2021-11-05,195186901.71489415,0.014520524248308561,-0.018373707200602163
2021-11-08,201106553.67079562,0.030328120913298777,0.0
2021-11-09,203916073.8333581,0.01397030634397711,0.0
2021-11-10,207556880.98383075,0.017854439240763034,0.0
2021-11-11,207632781.71256948,0.00036568640065774575,0.0
2021-11-12,211959877.28630164,0.020840136793631454,0.0
2021-11-15,216437879.41808948,0.02112664995431773,0.0
2021-11-16,215450382.76443887,-0.004562494588773348,-0.004562494588773336
2021-11-17,223115138.3895505,0.035575502474237165,0.0
2021-11-18,228638286.80994105,0.024754700466569596,0.0
2021-11-19,226786618.55863914,-0.0080986796968136,-0.008098679696813549
2021-11-22,224759722.63631094,-0.008937458194007682,-0.016963756279604336
2021-11-23,220177046.3281936,-0.02038922389814775,-0.03700710235281368
2021-11-24,221430389.57651103,0.005692433744656562,-0.03152532908638217
2021-11-25,221027609.60981655,-0.0018189913654796752,-0.033286976150459835
2021-11-26,220177046.3281936,-0.0038482218720297377,-0.03700710235281368
2021-11-29,220715396.46517137,0.0024450783855793166,-0.03465250923331009
2021-11-30,215998884.65995342,-0.021369201608743282,-0.05528121438599798
2021-12-01,214815135.69110593,-0.005480347598604766,-0.06045860171409445
2021-12-02,213023690.6865391,-0.008339472909128863,-0.06829388175210482
2021-12-03,211054794.2013008,-0.00924261747082165,-0.07690528499829419
2021-12-06,209892582.73315725,-0.005506681203531692,-0.08198847331447356
2021-12-07,213560355.6142298,0.01747452355539167,-0.06594665926728627
2021-12-08,212174252.488622,-0.006490451477387551,-0.07200908715260368
2021-12-09,213832407.7813835,0.007815063672018471,-0.06475677908164679
2021-12-10,215601782.8526175,0.008274587980335278,-0.057018026767145735
2021-12-13,220216397.4199192,0.02140341562229186,-0.036834991669714046
2021-12-14,223210623.04344553,0.013596742379800183,-0.02373908518220902
2021-12-15,223722186.02976355,0.0022918397849660222,-0.02150165157712225
2021-12-16,228182540.6243869,0.019937024010796858,-0.0019933065100903313
2021-12-17,223459812.23007983,-0.020697150541772596,-0.022649201286947696
2021-12-20,226137607.14041978,0.011983340018127406,-0.01093727434898073
2021-12-21,230664966.67495996,0.020020374283561425,0.0
2021-12-22,235291634.15460527,0.020057954817928422,0.0
2021-12-23,232782498.53902942,-0.010663938922397679,-0.010663938922397698
2021-12-24,225913772.7170614,-0.029507054289205404,-0.03985633178688308
2021-12-27,231101284.70699152,0.022962353855367018,-0.017809173125383437
2021-12-28,226116182.51300073,-0.021571070884834342,-0.038996081074329836
2021-12-29,230838910.9073078,0.020886291028885295,-0.018924273543749037
2021-12-30,229789415.7085729,-0.004546439742805444,-0.023384675217211437
2021-12-31,224624470.0637704,-0.022476864867235002,-0.045335925899624985
2022-01-04,224027577.80830583,-0.002657289543276951,-0.04787274476107406
2022-01-05,232289627.8908477,0.036879611712855684,-0.012758661286635498
2022-01-06,233224561.6277659,0.004024862174894456,-0.008785150964955912
2022-01-07,238166353.6498604,0.021188986218277393,0.0
2022-01-10,240449760.35986283,0.009587444552975633,0.0
2022-01-11,244720668.99403057,0.017762166316056156,0.0
2022-01-12,237797801.13489828,-0.028288856383034643,-0.02828885638303469
2022-01-13,228503577.31288007,-0.03908456586924353,-0.06626776458160988
2022-01-14,225842823.95106915,-0.011644252545629376,-0.07714037854081668
2022-01-17,218901145.3031342,-0.030736768724778787,-0.10550610129104454
2022-01-18,211189354.41841507,-0.03522955932478036,-0.13701872716126573
2022-01-19,210444725.48197407,-0.0035258829143713453,-0.1400614980865903
2022-01-20,213084773.52935588,0.012545090124427734,-0.12927349207862115
2022-01-21,211595515.65647382,-0.006989039377217156,-0.1353590339292705
2022-01-24,208752386.99006265,-0.0134366206088554,-0.14697688655323704
2022-01-25,210033599.3866417,0.0061374742346780795,-0.14174147917287272
2022-01-26,211132247.6116645,0.0052308212982644705,-0.13725208222271323
2022-01-27,206136239.10522595,-0.02366293431227858,-0.15766722952913226
2022-01-28,208125166.38183367,0.0096486056272349,-0.14953989281996272
2022-02-07,211668906.3066036,0.017026965005608546,-0.1350591383363421
2022-02-08,219423997.5428012,0.03663783864865016,-0.10336957460608454
2022-02-09,224264826.28136835,0.022061528332254925,-0.08358853707269487
2022-02-10,224839726.0437676,0.002563486088888377,-0.0812393290357829
2022-02-11,227078914.26412824,0.009959041757259361,-0.07208935314872267
2022-02-14,226382128.71229494,-0.0030684731521255708,-0.07493662205615725
2022-02-15,226409482.97358632,0.0001208322469930864,-0.07482484456958927
2022-02-16,222935626.324012,-0.015343247128829764,-0.0890200356168116
2022-02-17,225033551.33471563,0.009410452000410754,-0.08044730238864772
2022-02-18,231294777.1395837,0.02782352128263356,-0.054862108336155124
2022-02-21,233312887.40229484,0.008725273815816566,-0.04661552143768444
2022-02-22,236403075.77936196,0.01324482505648646,-0.03398811080755704
2022-02-23,241376095.6962624,0.02103618956946994,-0.013666901580143054
2022-02-24,249078573.5926067,0.031910690551713874,0.0
2022-02-25,249031743.80114937,-0.0001880121231700969,-0.0001880121231701004
2022-02-28,245307371.49115893,-0.014955411921157846,-0.015140612245579721
2022-03-01,248094975.40760568,0.011363718503449917,-0.003948947397658498
2022-03-02,250534085.46641982,0.009831356136120135,0.0
2022-03-03,251411107.76953945,0.003500610711260607,0.0
2022-03-04,252247602.49263862,0.003327198748378135,0.0
2022-03-07,246252511.97547272,-0.023766689783863672,-0.023766689783863648
2022-03-08,235872065.48475522,-0.042153667418228874,-0.0649185040653113
2022-03-09,234978466.2556111,-0.003788491135258579,-0.06846105202340425
2022-03-10,241220658.4273498,0.026564954104979208,-0.043714762623405345
2022-03-11,242231556.01731175,0.004190758770631602,-0.03970720187764387
2022-03-14,239130081.77010712,-0.01280375809906029,-0.05200255856907221
2022-03-15,240926540.93136367,0.007512476673610711,-0.04488074990367974
2022-03-16,247783869.34174442,0.028462320439549663,-0.017695839749455988
2022-03-17,252435446.53665257,0.018772719980785633,0.0
2022-03-18,254708687.35820717,0.009005236200949045,0.0
2022-03-21,258003411.51364684,0.012935264162412217,0.0
2022-03-22,259675025.19960392,0.0064790371419901,0.0
2022-03-23,262888831.13242555,0.012376261176257829,0.0
2022-03-24,263557995.66533148,0.0025454277765374392,0.0
2022-03-25,268624270.3577868,0.019222618079432114,0.0
2022-03-28,270559339.9946719,0.007203629196675875,0.0
2022-03-29,269925813.5955828,-0.002341543260349371,-0.00234154326034941
2022-03-30,268224656.84172398,-0.006302312221266723,-0.008629098344909769
2022-03-31,266474404.25704607,-0.006525323231975303,-0.015098113920984035
2022-04-01,270869057.12009716,0.016491838588789654,0.0
2022-04-04,268447016.31322706,-0.008941740457996372,-0.008941740457996339
2022-04-05,269613330.61814594,0.004344672259489807,-0.0046359171302259305
2022-04-06,269969350.1150565,0.0013204818029372717,-0.003321556971499051
2022-04-07,260542529.33040944,-0.0349181148920406,-0.03812368935558841
2022-04-08,261401095.14329863,0.003295300061359235,-0.03495401829010192
2022-04-12,255713731.38936645,-0.02175723001777937,-0.05595074569189784
2022-04-13,265581095.5082652,0.03858754109639132,-0.019522206294266375
2022-04-14,274907607.4061588,0.03511737866750141,0.0
2022-04-15,274791102.8202783,-0.0004237954234143463,-0.0004237954234143082
2022-04-18,272575629.8783535,-0.008062389645030818,-0.008482768264611806
2022-04-19,279149750.203897,0.024118518330040938,0.0
2022-04-20,274900371.282937,-0.01522257826795894,-0.01522257826795892
2022-04-21,274820476.42339414,-0.00029063205396916733,-0.015508786152739429
2022-04-22,262626834.67222244,-0.044369480432695015,-0.05919014980169557
2022-04-25,248660923.96804985,-0.053177774927695654,-0.10922032426530004
2022-04-26,250253867.65163678,0.006406087688275463,-0.10351391155161005
2022-04-27,250695928.50813287,0.0017664496482886001,-0.10193031401597474
2022-04-28,252154729.3345701,0.005819004860264054,-0.09670444214837781
2022-04-29,255337567.5013423,0.012622559866997599,-0.08530253989180281
2022-05-04,255868040.52913764,0.0020775361533612005,-0.08340222284904031
2022-05-05,253360033.49674255,-0.009801955051551226,-0.09238667306102577
2022-05-06,251316910.54920945,-0.008064109083563763,-0.0997057659351579
2022-05-09,247112222.74414134,-0.016730620298807154,-0.1147682469225022
2022-05-10,247135348.5270692,9.358413222568542e-05,-0.11468540327707177
2022-05-11,247135348.5270692,0.0,-0.11468540327707177
2022-05-12,247135348.5270692,0.0,-0.11468540327707177
2022-05-13,247135348.5270692,0.0,-0.11468540327707177
2022-05-16,247135348.5270692,0.0,-0.11468540327707177
2022-05-17,246937640.24824756,-0.0007999999999999669,-0.11539365495445009
2022-05-18,245632711.87567988,-0.005284444976698704,-0.1200683085108819
2022-05-19,245691149.67739108,0.0002379072447841488,-0.11985896638656146
2022-05-20,245530883.0733449,-0.0006523092274859576,-0.12043309050427653
2022-05-23,242835135.98924863,-0.010979258699977797,-0.1300900831475701
2022-05-24,243726783.73793897,0.0036718234577463042,-0.12689592750874512
2022-05-25,248524474.43713054,0.019684708531460232,-0.10970912832412383
2022-05-26,249969859.0038103,0.005815864091266336,-0.10453131761276191
2022-05-27,252602558.31587797,0.010532067036240387,-0.09510018142100574
2022-05-30,253193248.20085996,0.0023384160830364027,-0.09298414913170383
2022-05-31,251742878.2013948,-0.005728312306000273,-0.09817981919197005
2022-06-01,252088597.91234595,0.0013733048315852376,-0.09694134518044528
2022-06-02,247053763.8142538,-0.019972478484896836,-0.11497766473442872
2022-06-03,244236320.22490406,-0.011404171892997462,-0.12507061157493937
2022-06-06,242450717.53863943,-0.007310962942040598,-0.13146718791061718
2022-06-07,239904227.84443557,-0.010503122944142324,-0.14058949481701366
2022-06-08,241672996.26839203,0.007372810557984001,-0.13425322397075812
2022-06-09,245131785.07809514,0.014311854709087662,-0.12186278189736655
2022-06-10,240414345.32505018,-0.019244504549020686,-0.13876209758580704
2022-06-13,233387370.9306864,-0.029228598588253957,-0.16393487452446132
2022-06-14,234252461.245538,0.003706671493842333,-0.16083585575686543
2022-06-15,232511336.20655128,-0.007432686212682759,-0.16707309952195915
2022-06-16,232511336.20655128,0.0,-0.16707309952195915
2022-06-17,232511336.20655128,0.0,-0.16707309952195915
2022-06-20,232418331.6720687,-0.0003999999999999045,-0.16740627028215027
2022-06-21,228503636.63862506,-0.01684331440330223,-0.1814299082420061
2022-06-22,232175922.2629152,0.01607101610421107,-0.16827465511493778
2022-06-23,232175922.2629152,0.0,-0.16827465511493778
2022-06-24,232175922.2629152,0.0,-0.16827465511493778
2022-06-27,232175922.2629152,0.0,-0.16827465511493778
2022-06-28,232175922.2629152,0.0,-0.16827465511493778
2022-06-29,232175922.2629152,0.0,-0.16827465511493778
2022-06-30,232083051.89401,-0.0004000000000000886,-0.1686073452528919
2022-07-01,232515141.07936284,0.0018617868983822345,-0.16705946930087245
2022-07-04,232155066.75823548,-0.0015486059077952834,-0.16834936592755534
2022-07-05,231867007.3013336,-0.0012408062461193709,-0.16938128322890156
2022-07-06,229058427.59654027,-0.012112890650041095,-0.1794424769170273
2022-07-07,230120790.8735944,0.004637957608463811,-0.17563676590966237
2022-07-08,230120790.8735944,0.0,-0.17563676590966237
2022-07-11,230120790.8735944,0.0,-0.17563676590966237
2022-07-12,230028742.55724496,-0.00040000000000003916,-0.17596651120329854
2022-07-13,231751203.56677786,0.0074880251501798605,-0.1697961277145984
2022-07-14,231923449.66773114,0.0007432371366461928,-0.16917908936572845
2022-07-15,232784680.17249757,0.0037134257273263665,-0.16609389762137838
2022-07-18,233129172.37440416,0.0014798748854577407,-0.16485982092363838
2022-07-19,233129172.37440416,0.0,-0.16485982092363838
2022-07-20,234507141.1820305,0.005910752367847497,-0.15992351413267814
2022-07-21,235196125.58584362,0.0029380103323945954,-0.15745536073719824
2022-07-22,235251317.97680178,0.00023466539179028964,-0.1572576446693248
2022-07-25,233088665.88240576,-0.009192943584738109,-0.16500492759834906
2022-07-26,233088665.88240576,0.0,-0.16500492759834906
2022-07-27,233259454.5983595,0.000732719951470747,-0.1643931100494206
2022-07-28,235558149.67209995,0.009854670532855731,-0.15615847945397343
2022-07-29,236197859.44897985,0.0027157191452318297,-0.153866842881085
2022-08-01,237127779.65113515,0.003937039075310335,-0.1505355835785921
2022-08-02,237750868.15799224,0.0026276487207605595,-0.14830348949145078
2022-08-03,240056650.05880132,0.00969831117199884,-0.14004347170843334
2022-08-04,241300963.4953152,0.00518341581542973,-0.1355859594391048
2022-08-05,243313390.74628475,0.008339905576086229,-0.12837682796218375
2022-08-08,242402414.12606966,-0.003744046381586165,-0.13164022554555854
2022-08-09,242289560.09928876,-0.00046556478072949285,-0.13204450327354678
2022-08-10,247395781.5355454,0.021074871877121527,-0.11375245238499343
2022-08-11,245383354.28457585,-0.008134444485992242,-0.12096158386191447
2022-08-12,249856880.90023005,0.01823076642136925,-0.10493603982189059
2022-08-15,248555602.14651263,-0.00520809652721565,-0.10959761932453005
2022-08-16,248795294.42210704,0.0009643406687455195,-0.10873896809729688
2022-08-17,247661271.71964586,-0.004558055268268844,-0.11280138513916371
2022-08-18,245321510.8825891,-0.009447423171214999,-0.12118312589066982
2022-08-19,249221147.10899973,0.015896022376435608,-0.10721343319503873
2022-08-22,252056526.41632888,0.011376961145632887,-0.09705623511315575
2022-08-23,256038614.607125,0.015798393508838608,-0.08279117419912108
2022-08-24,258108529.35145447,0.008084385035068265,-0.07537610489378399
2022-08-25,259181570.2817669,0.004157324568113418,-0.07153214325839419
2022-08-26,262598797.1402552,0.013184683057415363,-0.05929058883825833
2022-08-29,259769300.09437525,-0.010774980985037463,-0.06942671485597196
2022-08-30,258740632.50107718,-0.003959927493065418,-0.07311171759212598
2022-08-31,260459593.63399696,0.006643568566342714,-0.06695387173460965
2022-09-05,263086398.49000865,0.01008526819596796,-0.057543851291843584
2022-09-06,262408732.13305074,-0.0025758319732505993,-0.05997145997307274
2022-09-07,258507366.94961542,-0.014867512798534415,-0.07394734632291067
2022-09-08,255426262.43140095,-0.011918826742044026,-0.08498480745609804
2022-09-09,260144669.22243878,0.018472676795734878,-0.06808202754104742
2022-09-12,261017313.6307406,0.0033544581594161698,-0.06495594769442592
2022-09-13,262052911.94649225,0.003967546448725987,-0.06124611698529858
2022-09-14,262633584.54860646,0.0022158601398513224,-0.05916596967479559
2022-09-15,261263641.0592423,-0.005216177861329868,-0.06407352731496374
2022-09-16,255246242.19578543,-0.023031903096276653,-0.08562969513908547
2022-09-19,247978429.84060872,-0.02847372910431322,-0.1116652275007235
2022-09-20,253243114.9783809,0.02123041565008745,-0.09280551104413792
2022-09-21,249890865.30480218,-0.01323727862794962,-0.104814297264187
2022-09-22,252688758.9058808,0.011196462094226308,-0.09479138447621216
2022-09-23,250087147.242479,-0.010295715862733873,-0.10411115517814384
2022-09-26,242824478.50521746,-0.029040551733031727,-0.13012826152323897
2022-09-27,239934459.85661888,-0.011901677567224694,-0.14048119447943053
2022-09-28,239934459.85661888,0.0,-0.14048119447943053
2022-09-29,239934459.85661888,0.0,-0.14048119447943053
2022-09-30,239838486.0726762,-0.000400000000000092,-0.14082500200163883
2022-10-03,235665001.26616615,-0.017401230615029007,-0.1557757042804755
2022-10-04,234595279.8271328,-0.00453916123856333,-0.15960777448025898
2022-10-05,234595279.8271328,0.0,-0.15960777448025898
2022-10-06,234595279.8271328,0.0,-0.15960777448025898
2022-10-07,234595279.8271328,0.0,-0.15960777448025898
2022-10-10,234595279.8271328,0.0,-0.15960777448025898
2022-10-11,234595279.8271328,0.0,-0.15960777448025898
2022-10-12,234313765.49134022,-0.001200000000000051,-0.16061624515088269
2022-10-13,236243908.46442404,0.008237428855434267,-0.15370188118790573
2022-10-14,239022303.0258463,0.011760703501231892,-0.14374881993890642
2022-10-17,238059512.79824066,-0.00402803510558398,-0.14719782975139017
2022-10-18,238993071.89989826,0.003921536638818571,-0.14385353479509633
2022-10-19,238609787.67283317,-0.0016037461840133346,-0.14522657642162518
2022-10-20,237566057.84832266,-0.004374212117155948,-0.14896553668846457
2022-10-21,231425593.89029536,-0.02584739593544027,-0.17096256141638277
2022-10-24,226601660.364072,-0.020844425394496737,-0.1882433704541836
2022-10-25,223535852.57718396,-0.013529502749284009,-0.1992260340053733
2022-10-26,224806398.70723385,0.005683858385138382,-0.1946745481841542
2022-10-27,227667316.7539062,0.012726141529441641,-0.18442586250708426
2022-10-28,227238179.04690534,-0.0018849333014484553,-0.18596316535864466
2022-10-31,226809041.3399045,-0.0018884929847649908,-0.18750046821020516
2022-11-01,229956051.19124407,0.013875151681556435,-0.17622691396542822
2022-11-02,229240821.67957598,-0.0031102878483213383,-0.17878908538469573
2022-11-03,228102569.01497498,-0.004965314014586826,-0.18286665544796676
2022-11-04,223600751.42172292,-0.01973593551660752,-0.1989935464445155
2022-11-07,221718610.70722565,-0.008417416768638003,-0.2057359515984607
2022-11-08,222889803.25217733,0.005282337559377053,-0.20154038078352643
2022-11-09,224212486.66687673,0.005934248204270352,-0.19680212322200863
2022-11-10,220346169.5996606,-0.01724398638404337,-0.2106524564728609
2022-11-11,220753150.3435781,0.0018470062114395924,-0.20919452665698168
2022-11-14,219328717.7398669,-0.006452603740849064,-0.21429728101255874
2022-11-15,215311437.9392427,-0.018316250794795073,-0.22868840906368515
2022-11-16,222575945.14501995,0.03373953225758114,-0.20266471676064313
2022-11-17,227072540.034361,0.020202519577806523,-0.18655653509092407
2022-11-18,226425419.9348063,-0.0028498386438835545,-0.1888747177118365
2022-11-21,225249349.49300683,-0.005194074243687316,-0.19308776264897298
2022-11-22,224589185.58379444,-0.002930813832307544,-0.19545267219565965
2022-11-23,224602229.3934521,5.807852957726875e-05,-0.19540594526988542
2022-11-24,224990501.45318493,0.0017287097317839177,-0.19401503569733802
2022-11-25,229106240.9611503,0.018292947841719184,-0.17927119478413955
2022-11-28,237084499.06855965,0.03482339928383809,-0.15069062789636023
2022-11-29,238643214.43879148,0.006574514050288419,-0.14510683149642323
2022-11-30,241228115.74289703,0.010831656413044753,-0.13584692242533336
2022-12-01,246656766.39092997,0.02250422025357457,-0.1163998312347887
2022-12-02,254111701.28739506,0.030223922114707594,-0.08969396855348644
2022-12-05,255391108.1297902,0.005034820655299711,-0.08511074094371562
2022-12-06,245364315.7388772,-0.03926053833408071,-0.12102978577033363
2022-12-07,241654883.1610676,-0.015118060532311765,-0.13431811067515675
2022-12-08,247429834.55319285,0.023897515815048245,-0.1136304640342155
2022-12-09,253244523.56371698,0.02350035524626305,-0.0928004650595542
2022-12-12,248978996.35023355,-0.016843512165467242,-0.10808089146282984
2022-12-13,257236696.30441657,0.033166251271119586,-0.07849927819557301
2022-12-14,259410298.6383462,0.008449814373907853,-0.07071276815090355
2022-12-15,258899996.5183384,-0.001967162146940106,-0.07254082681703178
2022-12-16,260186725.13836095,0.004969983149194031,-0.06793137035474706
2022-12-19,253948325.15473887,-0.023976626710316005,-0.09027923195614707
2022-12-20,247583540.3006209,-0.025063307073357115,-0.11307984291664042
2022-12-21,252449056.91411802,0.019652019708536764,-0.09565007050973973
2022-12-22,255826016.05343914,0.013376794433698139,-0.08355276740681905
2022-12-23,264047051.1295191,0.03213525818407258,-0.05410249897535846
2022-12-26,264088865.24146733,0.00015835856438976652,-0.053952708005036265
2022-12-27,263402149.3128971,-0.002600321402957857,-0.05641273502662114
2022-12-28,263224836.14870343,-0.0006731652139369167,-0.05704792514971502
2022-12-29,262435104.15333033,-0.0030002183947678753,-0.05987698731006541
2022-12-30,263378539.31552675,0.0035949274592670965,-0.05649731327665741
2023-01-03,274618940.1613201,0.04267774008848674,-0.016230750839889674
2023-01-04,271111781.042234,-0.012771002309694544,-0.02879447019311998
2023-01-05,273946228.1308801,0.010454901951326716,-0.018640611604402668
2023-01-06,271858227.64663506,-0.007621935510816751,-0.026120469575688476
2023-01-09,269542804.0087472,-0.00851702616445162,-0.03441502701733623
2023-01-10,269729295.8222157,0.0006918819968289869,-0.033746956158120955
2023-01-11,272549362.08313006,0.010455172295311782,-0.02364461410388463
2023-01-12,269797778.0492171,-0.010095727294616446,-0.03350163182252186
2023-01-13,269502911.22310734,-0.0010929179189013807,-0.0345579352076919
2023-01-16,269195902.39815664,-0.0011391670077231133,-0.0356577349557714
2023-01-17,271723348.8784361,0.009388874265036928,-0.026603646680810278
2023-01-18,276346672.36475813,0.017014818584436164,-0.010041484318332516
2023-01-19,276355419.4130281,3.165244652717084e-05,-0.010010149709350769
2023-01-27,275958838.1318712,-0.0014350407240039877,-0.011430825460868488
2023-01-30,279389867.71146405,0.012433120833597846,0.0
2023-01-31,282357056.6978301,0.010620245503785972,0.0
2023-02-01,276521629.21993554,-0.020666837748416683,-0.02066683774841671
2023-02-02,271598032.07865906,-0.017805468437192027,-0.03810432345838266
2023-02-03,271562988.2153019,-0.00012902841411986766,-0.03822843533207565
2023-02-06,274263700.5335506,0.009945067757567747,-0.028663551954151156
2023-02-07,263300461.24359444,-0.0399733514447168,-0.06749112516295075
2023-02-08,259203437.20509166,-0.015560261532213533,-0.08200120713652548
2023-02-09,258766879.25792384,-0.0016842290051207634,-0.08354732733013193
2023-02-10,256943665.65248132,-0.007045776533190904,-0.0900044480650094
2023-02-13,255834360.98892894,-0.004317306911362891,-0.0939331781506878
2023-02-14,256150677.56625873,0.0012364116223757488,-0.09281290660150432
2023-02-15,257022744.79681376,0.00340450877913235,-0.08972438017771356
2023-02-16,258448366.03769594,0.005546673474400858,-0.08467537854285145
2023-02-17,257259982.2298111,-0.004598147885800565,-0.08888417651582581
2023-02-20,258687800.11359137,0.005550097109564428,-0.08382739521742788
2023-02-21,259959513.88977224,0.004916017591948465,-0.07932347457505551
2023-02-22,254296800.6489544,-0.021783058277370617,-0.09937862498299421
2023-02-23,259087132.46707252,0.01883756227327047,-0.08241311374647287
2023-02-24,257750591.4537118,-0.00515865454464656,-0.08714662750735269
2023-02-27,257258181.60668415,-0.0019104120935299152,-0.08889055362978227
2023-02-28,257047148.81510088,-0.0008203151801248164,-0.08963795053939483
2023-03-01,259227820.99479473,0.008483549378960235,-0.08191484914006442
2023-03-02,260282984.95271108,0.004070411709156545,-0.07817786459200138
2023-03-03,259475710.4971745,-0.0031015260397572355,-0.08103691994899387
2023-03-06,257968813.8520097,-0.005807467073806112,-0.08637376777843353
2023-03-07,262846519.94322014,0.018908123111379824,-0.06909881050180211
2023-03-08,266187241.9023076,0.01270978196633199,-0.0572672593510809
2023-03-09,266036384.0846406,-0.0005667357180190222,-0.05780153966775259
2023-03-10,267979969.6735748,0.0073057134482622235,-0.050918107705171356
2023-03-13,267226100.96811613,-0.0028131531859524983,-0.053588020454210294
2023-03-14,264769346.56938848,-0.009193542059803436,-0.062288898794066405
2023-03-15,267735061.95705453,0.011201128174740642,-0.05178547655858157
2023-03-16,268292430.06264743,0.0020817897421381063,-0.04981149329033485
2023-03-17,270735868.4402467,0.00910736980923657,-0.04115777517124364
2023-03-20,265959936.9951662,-0.017640556726359922,-0.05807228582996449
2023-03-21,267956952.57729056,0.007508708283987329,-0.05099962539965863
2023-03-22,269098104.33850443,0.0042587130143029615,-0.04695810515376986
2023-03-23,270524544.04002184,0.005300816611190442,-0.0419062048464085
2023-03-24,272571749.1671996,0.007567539331569516,-0.034655792368251004
2023-03-27,275105252.84796464,0.009294813892143105,-0.025683097616455486
2023-03-28,273045605.69178265,-0.007486760557495583,-0.032977574971721935
2023-03-29,270950094.3589871,-0.007674583619415579,-0.040399069434451484
2023-03-30,264891041.11078566,-0.022362248156937978,-0.0618579035753869
2023-03-31,267059648.5772948,0.008186790528722164,-0.05417753074578224
2023-04-03,274101254.37805164,0.02636716493213986,-0.02923887370243261
2023-04-04,278383950.9375571,0.01562450551064824,-0.014071211135073147
2023-04-05,281211649.0726694,0.010157547249361916,-0.004056592877671461
2023-04-06,282070692.95388377,0.0030547947926310485,-0.0010141901438389667
2023-04-07,287017241.074159,0.017536554643356652,0.0
2023-04-10,285022918.498683,-0.006948441731278299,-0.006948441731278288
2023-04-11,290748951.56455445,0.020089728559487527,0.0
2023-04-12,289999997.5395768,-0.0025759474658375013,-0.002575947465837447
2023-04-13,287064363.2071762,-0.010122877094162694,-0.012672748560402458
2023-04-14,283870471.49985945,-0.011126047384055484,-0.02365779834348869
2023-04-17,288298368.91227174,0.015598302243333112,-0.008428517589129214
2023-04-18,292510091.49087536,0.014608901862657567,0.0
2023-04-19,298868325.64327145,0.021736802720170163,0.0
2023-04-20,296092349.0015764,-0.00928829321648632,-0.009288293216486276
2023-04-21,295732522.5096097,-0.0012152508944593115,-0.010492256504306297
2023-04-24,293189121.286597,-0.008600343315064507,-0.01900236281128409
2023-04-25,287176634.7531587,-0.020507195175093227,-0.039119872823418333
2023-04-26,291443615.2674407,0.014858383301098472,-0.024842747587420444
2023-04-27,290645720.0635842,-0.0027377343748782646,-0.027512469118262217
2023-04-28,293781423.1541962,0.010788746828702657,-0.017020547353508997
2023-05-04,293459900.5709032,-0.0010944278907800923,-0.01809634748254907
2023-05-05,295800331.77903354,0.007975301578093752,-0.010265369733090557
2023-05-08,295053392.6708384,-0.0025251462826387182,-0.012764594455507927
2023-05-09,293259700.89048135,-0.006079210830692279,-0.0187662066253369
2023-05-10,292818557.3802211,-0.0015042759333133556,-0.02024225300566418
2023-05-11,297518000.1538828,0.01604899230331057,-0.004518128465043181
2023-05-12,302171171.516849,0.015639965852686084,0.0
2023-05-15,298329060.66779214,-0.01271501457193975,-0.012715014571939798
2023-05-16,301046771.83818156,0.009109776849449318,-0.0037210686678782467
2023-05-17,297258799.1108661,-0.012582671802744107,-0.016256919484819
2023-05-18,299802738.14415056,0.008557994047253195,-0.007838052057743572
2023-05-19,294190989.47562075,-0.018718136809783167,-0.026409475136787708
2023-05-22,297299322.7536023,0.010565698438018148,-0.01612281124897119
2023-05-23,298928295.02093923,0.005479233024311244,-0.01073191886450009
2023-05-24,301549942.21230507,0.008770154030357673,-0.0020558854156252915
2023-05-25,304248238.1441189,0.008948089699563302,0.0
2023-05-26,301168984.96923286,-0.010120857868131486,-0.010120857868131439
2023-05-29,306601018.37965107,0.018036496722838656,0.0
2023-05-30,315310193.3107952,0.02840556426449933,0.0
2023-05-31,312063306.7296729,-0.010297436143847991,-0.010297436143848038
2023-06-01,316027765.3836434,0.012704020525568297,0.0
2023-06-02,315554030.92699796,-0.0014990279606297788,-0.0014990279606297285
2023-06-05,311427346.05740273,-0.013077585659331729,-0.01455700995340059
2023-06-06,318361980.9855853,0.02226726398941325,0.0
2023-06-07,318349062.24777484,-4.057877065106541e-05,-4.057877065111182e-05
2023-06-08,314637412.7432558,-0.011659055875057752,-0.011699161535554503
2023-06-09,321253827.9987104,0.021028698392119047,0.0
2023-06-12,323701736.7280896,0.007619858554304927,0.0
2023-06-13,321392924.7115319,-0.007132528975268064,-0.00713252897526806
2023-06-14,315240258.34703034,-0.01914375174880996,-0.026139737360034276
2023-06-15,316117400.5985533,0.0027824563275080224,-0.023430013710143083
2023-06-16,316690173.7931379,0.0018119002418091799,-0.0216605663158409
2023-06-19,316659174.59511113,-9.788493799944988e-05,-0.021756331010649554
2023-06-20,321353486.8617257,0.014824494735125957,-0.007254362890046551
2023-06-21,332011602.52566284,0.03316632960177962,0.0
2023-06-22,332685371.4553683,0.0020293535665018275,0.0
2023-06-23,338888878.84046245,0.018646769342325602,0.0
2023-06-26,331207130.70046985,-0.022667454199961825,-0.022667454199961856
2023-06-27,327315653.80777454,-0.011749375336410253,-0.03415050110905582
2023-06-28,327157946.31195533,-0.00048182081725864915,-0.034615867503960285
2023-06-29,316759998.2687309,-0.03178265470987425,-0.06529833804947349
2023-06-30,320475332.4099841,0.011729177173758034,-0.05433505665184968
2023-07-03,322259339.7618756,0.005566754041491209,-0.04907077250656977
2023-07-04,332476612.45992136,0.03170512515043162,-0.01892144233968729
2023-07-05,329860697.29397297,-0.007867967453691884,-0.026640536500873613
2023-07-06,326764233.2051511,-0.009387187119362416,-0.03577764391914218
2023-07-07,329867450.5329446,0.009496808440002238,-0.02662060890987461
2023-07-10,335080673.01273257,0.015803991789324148,-0.011237329005188923
2023-07-11,339076262.63786805,0.01192426166872255,0.0
2023-07-12,336960585.12144554,-0.006239532959232963,-0.006239532959232963
2023-07-13,340278851.6391783,0.009847639944407112,0.0
2023-07-14,341325975.4170191,0.003077252003163547,0.0
2023-07-17,338062282.9161767,-0.009561805241616893,-0.009561805241616872
2023-07-18,335789876.0459175,-0.006721858619237374,-0.016219390757875485
2023-07-19,337392686.142195,0.004773253187830772,-0.011523556828684334
2023-07-20,337322041.5277599,-0.00020938395328849352,-0.01173052793408813
2023-07-21,342610239.4069614,0.01567700069420539,0.0
2023-07-24,338137386.4955561,-0.013055222515087455,-0.013055222515087506
2023-07-25,337074093.49898845,-0.0031445591024039,-0.01615872869869761
2023-07-26,340168186.03791547,0.00917926532653066,-0.0071277886302317794
2023-07-27,341844898.77896595,0.004929069824488507,-0.0022338521735958405
2023-07-28,347421997.8930393,0.01631470627174531,0.0
2023-07-31,350240181.7491991,0.008111702405866193,0.0
2023-08-01,344777439.2657676,-0.015597132391118084,-0.01559713239111804
2023-08-02,352689866.2549134,0.022949375707401246,0.0
2023-08-03,354633602.2080789,0.005511176076039164,0.0
2023-08-04,356781756.05486536,0.006057389467357987,0.0
2023-08-07,357715543.72716886,0.0026172517413135367,0.0
2023-08-08,350739429.27106726,-0.019501848824948764,-0.019501848824948764
2023-08-09,355744473.0698776,0.014269977599074665,-0.005510162171746713
2023-08-10,349684327.86379135,-0.017035107119980204,-0.022451403088882715
2023-08-11,353764372.1518437,0.011667792814671507,-0.011045568593850974
2023-08-14,365863346.35097915,0.03420065770202056,0.0
2023-08-15,363912830.19756067,-0.005331269647184927,-0.005331269647184889
2023-08-16,371355494.78865474,0.02045177848512131,0.0
2023-08-17,370122148.09362495,-0.003321202223577479,-0.0033212022235774574
2023-08-18,352236621.37077254,-0.048323308440131885,-0.05148401918426737
2023-08-21,353112313.4840061,0.0024860904860650257,-0.0491259226284807
2023-08-22,358689963.40165627,0.015795682293313167,-0.03410621780137291
2023-08-23,356679659.10182655,-0.005604573601014337,-0.03951964059446722
2023-08-24,370376913.37121224,0.03840211775428253,-0.002635160731900399
2023-08-25,373462574.86673844,0.008331138859169588,0.0
2023-08-28,378233087.9992486,0.012773738129483077,0.0
2023-08-29,378251353.3879217,4.829135591940433e-05,0.0
2023-08-30,386300226.79356015,0.021279166177586167,0.0
2023-08-31,389118505.8981888,0.007295566787577316,0.0
2023-09-05,388328759.1163409,-0.002029579086774628,-0.002029579086774591
2023-09-06,393359417.75181365,0.012954638350557036,0.0
2023-09-07,391083430.86354876,-0.005786023635262005,-0.005786023635262039
2023-09-08,390446865.5102465,-0.0016276970668295627,-0.007404302808391883
2023-09-11,387208938.34969306,-0.008292875283611369,-0.015635775132251117
2023-09-12,402684457.69512737,0.03996684428668374,0.0
2023-09-13,398939580.0509937,-0.009299781932405587,-0.009299781932405549
2023-09-14,392286037.28836894,-0.01667807130536976,-0.02582275081158225
2023-09-15,392181498.53481746,-0.00026648604236361557,-0.026082355451279238
2023-09-18,386740888.1232729,-0.013872685049831716,-0.03959320819857759
2023-09-19,389254619.1708107,0.006499780924991197,-0.033350774452994725
2023-09-20,392487927.72358143,0.008306410235177994,-0.025321389432084174
2023-09-21,382421175.5517477,-0.025648565116946714,-0.05032049724333043
2023-09-22,371439101.08750093,-0.02871722374787978,-0.07759265601276899
2023-09-25,360394352.419521,-0.029735018837928198,-0.10502045576247265
2023-09-26,362008359.8111493,0.00447844806887962,-0.10101233635089524
2023-09-27,368168628.860872,0.017016924838244976,-0.08571433084806901
2023-09-28,365524215.12475514,-0.007182615597365656,-0.09228129335576762
2023-09-29,364864758.94585305,-0.0018041381435618816,-0.09391894329804906
2023-10-02,366266861.3448101,0.0038428002830636476,-0.09043705475687625
2023-10-03,354348008.9832266,-0.032541443465077535,-0.1200355459174347
2023-10-04,362369154.55444825,0.022636350051006886,-0.10011636250237865
2023-10-05,361103549.8333659,-0.0034925840270219927,-0.10325928172088128
2023-10-06,364039092.8386588,0.008129366234830763,-0.09596934800430512
2023-10-09,367567222.52017033,0.009691623100146499,-0.08720782365418311
2023-10-10,368178972.8748651,0.001664322380272125,-0.08568864320655345
2023-10-11,375561307.005773,0.02005093901279627,-0.0673558419527811
2023-10-12,374985227.9003674,-0.0015339149551867263,-0.06878643877467727
2023-10-13,381062639.34245235,0.016207068945392485,-0.05369419638501394
2023-10-16,377586938.1768236,-0.009121075662589944,-0.06232552321973428
2023-10-17,366927290.5507833,-0.028230975566873123,-0.08879698846339845
2023-10-18,364353298.0457063,-0.007014993355259194,-0.09518907153461986
2023-10-19,355214634.81773114,-0.02508187321754044,-0.11788342452823364
2023-10-20,360253098.86486936,0.01418428058214315,-0.1053712355155828
2023-10-23,359174598.9184228,-0.0029937284366041844,-0.10804951108802385
2023-10-24,362700293.441994,0.009816102068988357,-0.09929403404837989
2023-10-25,361584167.0670241,-0.003077269015632599,-0.10206574860959816
2023-10-26,345994643.26358,-0.04311450893964164,-0.14077974291838014
2023-10-27,346053371.1077593,0.00016973628153697616,-0.14063390206692183
2023-10-30,343830645.45635706,-0.006423071806198615,-0.14615367222175868
2023-10-31,340718829.5443939,-0.009050432103959017,-0.15388135043853046
2023-11-01,342670639.76731366,0.0057285070670432415,-0.14903435377496044
2023-11-02,349512845.0776961,0.019967293711035596,-0.1320428727787839
2023-11-03,351561171.3056562,0.0058605177372086864,-0.1269561946395672
2023-11-06,352766866.6848527,0.0034295464846664267,-0.12396205032593355
2023-11-07,349777605.6492746,-0.008473757934439498,-0.13138538385285425
2023-11-08,354389328.03117007,0.01318472740224456,-0.11993293692134888
2023-11-09,358043166.64702445,0.010310238844249316,-0.110859235302051
2023-11-10,355502071.7541722,-0.00709717466932521,-0.11716962261472974
2023-11-13,355616075.800829,0.0003206846196261286,-0.11688651249096349
2023-11-14,356799469.9189424,0.0033277295337350997,-0.11394774965693988
2023-11-15,362367827.19625837,0.01560640568939464,-0.10011965877608509
2023-11-16,362019213.8830074,-0.000962042673457735,-0.10098538206534813
2023-11-17,353123330.04200494,-0.024572960494514854,-0.12307683275584769
2023-11-20,353464093.31135464,0.0009649978926885391,-0.12223060374740735
2023-11-21,354693338.82225484,0.0034777097141162746,-0.11917797659130569
2023-11-22,353851956.8441118,-0.0023721392145023413,-0.12126740905403077
2023-11-23,349773290.91306233,-0.011526475556121645,-0.131396098783937
2023-11-24,349332477.23585033,-0.0012602839858391762,-0.13249078637067702
2023-11-27,350667501.1033895,0.0038216425741538817,-0.12917547622640035
2023-11-28,354296549.69355464,0.010348973254567902,-0.12016333652044564
2023-11-29,355161979.38178885,0.0024426703815850167,-0.11801418556193155
2023-11-30,356198353.7375384,0.0029180329424717925,-0.11544052190060838
2023-12-01,358035367.1167624,0.005157276444285841,-0.11087860414063666
2023-12-04,363121791.2434122,0.014206485151482293,-0.09824731423249533
2023-12-05,358010842.3138386,-0.01407502676188211,-0.1109395074172721
2023-12-06,364645233.6307491,0.018531258087135478,-0.09446409797414579
2023-12-07,363140384.45446587,-0.004126885634290496,-0.09820114107955058
2023-12-08,359389914.2725079,-0.010327879636940328,-0.10751481115121109
2023-12-11,365933040.61246324,0.018206204682177016,-0.09126604312721864
2023-12-12,367110081.211627,0.0032165463856276937,-0.08834305820274235
2023-12-13,368658978.4790404,0.00421916298866358,-0.0844966289755531
2023-12-14,365506375.1655172,-0.008551543560744746,-0.09232559593287726
2023-12-15,363094245.8408931,-0.006599417926792122,-0.09831571866676825
2023-12-18,362124727.5124286,-0.0026701561359618693,-0.10072335648327058
2023-12-19,357188421.87853885,-0.013631506657385927,-0.11298185203620048
2023-12-20,358975628.4112395,0.005003539933633105,-0.10854362131100637
2023-12-21,365898487.28528565,0.01928503866595472,-0.0913518505789771
2023-12-22,365718858.3829553,-0.0004909255123273712,-0.09179792913725693
2023-12-25,369142233.86758524,0.009360675300602653,-0.0832965444445759
2023-12-26,369151107.3840188,2.4038204300188582e-05,-0.08327450853962859
2023-12-27,369063527.0791091,-0.00023724784555122162,-0.08349199968743948
2023-12-28,366204386.8571758,-0.0077470137582042525,-0.09059219977536515
2023-12-29,363253325.7591064,-0.008058508319345663,-0.09792067009915317
2024-01-02,365352972.29190356,0.005780116474940551,-0.09270654650268995
2024-01-03,373486278.1540933,0.022261501832511597,-0.07250883162503385
2024-01-04,371612961.94297963,-0.005015756456628901,-0.07716090144127685
2024-01-05,370108112.7666963,-0.004049506692165016,-0.08089794454668187
2024-01-08,373017713.3347152,0.007861488218316975,-0.07367243456630479
2024-01-09,376646288.65907264,0.009727622026092545,-0.06466147013741519
2024-01-10,369009614.5530355,-0.02027545295408339,-0.08362588249578562
2024-01-11,376307386.22971135,0.019776643721100096,-0.06550307805866729
2024-01-12,371101515.82659227,-0.013834090410176641,-0.07843099296483547
2024-01-15,364125201.5495035,-0.018798937701856876,-0.09575551131605153
2024-01-16,370597214.73102605,0.01777414239382897,-0.07968334101534802
2024-01-17,369776763.2110746,-0.002213863157463108,-0.08172079615987371
2024-01-18,369297822.46291673,-0.0012952159135117738,-0.08291016599773438
2024-01-19,371133099.7424029,0.0049696401328509585,-0.07835255955324705
2024-01-22,374290626.49467623,0.008507801525827004,-0.07051136605313957
2024-01-23,378907902.4776131,0.012336071640849744,-0.05904512767541559
2024-01-24,371628289.2699647,-0.019212091276134036,-0.07712283856923852
2024-01-25,374836008.19737566,0.008631525155720191,-0.06915700113470924
2024-01-26,377010246.32277226,0.005800504961763788,-0.06375764170116804
2024-01-29,378190179.41174865,0.0031297109308965555,-0.060827473758431894
2024-01-30,378974207.3915955,0.0020731050739242938,-0.05888047042899014
2024-01-31,372220668.3576379,-0.017820576973934122,-0.075651763447383
2024-02-01,374412456.05308914,0.00588840943497888,-0.07020882257006045
2024-02-02,372131671.3138752,-0.006091636916295711,-0.07587277283093874
2024-02-05,368130127.4070133,-0.010753032368176992,-0.08580994281700138
2024-02-06,368804664.1181693,0.001832332267688124,-0.08413484287642525
2024-02-07,366769577.9869642,-0.005518059637534889,-0.08918864143337346
2024-02-15,367787457.9437454,0.0027752573219617647,-0.08666090554158545
2024-02-16,363071710.3287679,-0.012821936999544916,-0.0983716818699526
2024-02-19,366176338.5625775,0.008551005615387368,-0.09066185305863039
2024-02-20,370197707.1122974,0.010982054617471414,-0.08067545186316993
2024-02-21,371518350.78127193,0.003567400995743901,-0.0773958525547348
2024-02-22,370769119.0518222,-0.002016674890686227,-0.07925644517293062
2024-02-23,366302443.79335284,-0.012047053082231043,-0.09034869165305448
2024-02-26,378510127.35329604,0.03332678710391047,-0.060032936160982264
2024-02-27,383354700.449214,0.012799058059009565,-0.04800224313734991
2024-02-28,382408042.9537388,-0.0024694036472381383,-0.050353109870309054
2024-02-29,379150296.28937066,-0.0085190328090517,-0.05844318288433781
2024-03-01,383463134.37286055,0.011375009134104174,-0.04773296548936912
2024-03-04,386016543.5961721,0.006658812789103045,-0.0413919975813285
2024-03-05,391725589.3030647,0.014789639982023876,-0.027214530341669207
2024-03-06,386612549.7275432,-0.013052605484922111,-0.039911915298584066
2024-03-07,386501924.0109553,-0.0002861410387889948,-0.04018663590046945
2024-03-08,383979552.2057916,-0.0065261558829709364,-0.04645052753314172
2024-03-11,388561713.6623519,0.011933347570822029,-0.03507149025222078
2024-03-12,399928729.02231383,0.029254079751767595,-0.00684339467330497
2024-03-13,409785623.2383516,0.024646627013104102,0.0
2024-03-14,408152681.88891757,-0.003984867347296415,-0.003984867347296417
2024-03-15,417128478.6137618,0.02199127219574919,0.0
2024-03-18,399368282.7928964,-0.04257727949884325,-0.04257727949884327
2024-03-19,399653417.90549004,0.0007139653419636122,-0.04189371285879695
2024-03-20,403963783.5835358,0.010785259139370264,-0.0315602882689191
2024-03-21,405659522.1408826,0.004197748972207452,-0.02749502146435512
2024-03-22,408599244.72131515,0.0072467732666992345,-0.020447498384171037
2024-03-25,398752178.31687355,-0.024099570744820588,-0.04405429319512777
2024-03-26,408810293.15685666,0.02522397465623447,-0.019941542913945454
2024-03-27,406070960.79076755,-0.006700742158265691,-0.026508661934906863
2024-03-28,410438990.4463475,0.010756813654130266,-0.016036997017430665
2024-03-29,409643421.06097275,-0.0019383377405483644,-0.017944249641415166
2024-04-01,408581141.0579687,-0.0025931821393659358,-0.02049089907310664
2024-04-02,419107436.8835884,0.025763048677095567,0.0
2024-04-03,411859436.7779897,-0.01729389523481994,-0.017293895234819945
2024-04-04,409765274.2630978,-0.005084653471278135,-0.022290615241660428
2024-04-05,398471035.87657946,-0.027562702590719468,-0.04923892823390985
2024-04-08,398737941.86346036,0.000669825314388895,-0.04860208440010538
2024-04-09,404485188.72986764,0.01441359415045409,-0.03488902096906055
2024-04-10,400085148.7436337,-0.010878123869135004,-0.045387617746421305
2024-04-11,408594502.01417184,0.021268855635505655,-0.025084104800403795
2024-04-12,415338461.5128664,0.01650526246792383,-0.008992862065983487
2024-04-15,393358947.4594797,-0.05291952489380954,-0.06143648897182563
2024-04-16,395700033.33868325,0.005951525684933646,-0.055850604129
2024-04-17,382536935.78452086,-0.0332653435560769,-0.08725805815091126
2024-04-19,364905545.9137863,-0.046090686209360326,-0.1293269605827998
2024-04-22,370233732.9379244,0.014601551233745695,-0.11661378358990848
2024-04-23,370233732.9379244,0.0,-0.11661378358990848
2024-04-24,370233732.9379244,0.0,-0.11661378358990848
2024-04-25,370233732.9379244,0.0,-0.11661378358990848
2024-04-26,369937545.9515741,-0.0007999999999998877,-0.11732049256303645
2024-05-02,372718036.8727242,0.00751610900698915,-0.11068617716690476
2024-05-03,372718036.8727242,0.0,-0.11068617716690476
2024-05-06,378018019.8030863,0.014219818753155604,-0.09804029579154216
2024-05-07,379756700.9970193,0.004599466435062297,-0.09389176240625663
2024-05-08,378894355.3457664,-0.0022707845549238496,-0.09594933899727376
2024-05-09,378960370.1459384,0.00017423009670262414,-0.09579182616318316
2024-05-10,377228683.8977189,-0.004569570817002881,-0.09992366944684339
2024-05-13,372390502.5575824,-0.01282559239702022,-0.11146768158872378
2024-05-14,372232723.3844067,-0.00042369279584754,-0.11184414633091244
2024-05-15,375260122.2889866,0.008133081038803584,-0.1046207027979339
2024-05-16,375104307.6944584,-0.00041521756582546207,-0.10499248001020867
2024-05-17,379669148.9078036,0.012169524902026628,-0.09410066370819181
2024-05-20,376675584.4132646,-0.00788466617092968,-0.10124337755931945
2024-05-21,377428370.65195054,0.0019985002209754487,-0.09944721225076869
2024-05-22,373015104.2373344,-0.011692990664673449,-0.1099773675909661
2024-05-23,373166103.971452,0.0004048086321500594,-0.1096170787465579
2024-05-24,366189201.91579103,-0.018696505340138586,-0.12626412778854113
2024-05-27,366731181.14980984,0.0014800524733753245,-0.12497095284979787
2024-05-28,371998420.4570813,0.014362671019020362,-0.11240319851349256
2024-05-29,368786769.097926,-0.008633508054171526,-0.1200662726479832
2024-05-30,369487260.1887609,0.001899447457261816,-0.11839488476700555
2024-05-31,367451933.0353577,-0.005508517810230778,-0.12325122224585705
2024-06-03,369605548.0006199,0.005860943355154278,-0.1181126473227393
2024-06-04,370827601.7547685,0.003306372863609052,-0.11519679891108714
2024-06-05,369149335.6337447,-0.00452573139939466,-0.11920118054054019
2024-06-06,367318164.9155257,-0.004960514733354028,-0.1235703960615896
2024-06-07,369140492.9582443,0.004961170496802793,-0.11922227936800589
2024-06-10,373996227.1424313,0.013154162918496876,-0.10763638573583023
2024-06-11,371503697.98574066,-0.006664583693090069,-0.11358361772776215
2024-06-12,372159161.3072119,0.0017643520778529984,-0.11201966714185718
2024-06-13,372523553.22679317,0.0009791292475546342,-0.11115021962670246
2024-06-14,363176589.4994596,-0.02509093357016031,-0.13345229041990048
2024-06-17,361412397.5816866,-0.004857669708844582,-0.13766169297999642
2024-06-18,363859842.49273443,0.006771889750944815,-0.13182203303684048
2024-06-19,365624034.4105075,0.004848548016969736,-0.12761263047674443
2024-06-20,365703266.7905659,0.00021670451776003584,-0.12742358019253197
2024-06-21,367102659.26622903,0.003826579094970299,-0.12408459750573275
2024-06-24,355796098.38808066,-0.030799452395000683,-0.1510623122469028
2024-06-25,355591045.7202873,-0.0005763207317964308,-0.1515515726363582
2024-06-26,358517328.90404,0.008229350032774755,-0.1445693935428255
2024-06-27,358059692.02477,-0.0012764707376040048,-0.145661325680019
2024-06-28,349506556.4176211,-0.02388745730853517,-0.166069304289868
2024-07-01,350095170.03718984,0.0016841275471394534,-0.16466485863281743
2024-07-02,350632525.5358116,0.0015348840675656272,-0.16338271603325527
2024-07-03,350632525.5358116,0.0,-0.16338271603325527
2024-07-04,352781947.53029865,0.00613012723563638,-0.15825414563500662
2024-07-05,352781947.53029865,0.0,-0.15825414563500662
2024-07-08,351016835.7382778,-0.0050034073579381805,-0.1624657430362504
2024-07-09,350504234.7432592,-0.0014603316503052368,-0.16368882081990943
2024-07-10,348463679.77749956,-0.005821769791895156,-0.16855763197948426
2024-07-11,350122886.93900514,0.004761492395893351,-0.16459872546653098
2024-07-12,349207682.3588391,-0.0026139524558572475,-0.16678242467972404
2024-07-15,348091175.9860994,-0.003197256043159933,-0.16944643460768383
2024-07-16,346502017.42640305,-0.004565351463433355,-0.17323820354290742
2024-07-17,344845423.26869524,-0.004780907684208998,-0.17719087536859957
2024-07-18,347818897.5027406,0.008622629251856206,-0.1700960973418587
2024-07-19,346167783.79448855,-0.004747050031227997,-0.1740356926888883
2024-07-22,344816872.57864594,-0.003902475270906804,-0.17725899797282152
2024-07-23,344216467.59382707,-0.0017412285551135125,-0.17869157809901404
2024-07-24,346317885.0406933,0.006104930021377918,-0.17367754765734011
2024-07-25,346017682.5482838,-0.0008668408574226338,-0.17439383772043637
2024-07-26,344816872.57864594,-0.003470371689661577,-0.17725899797282152
2024-07-29,345267176.31726015,0.001305921416335264,-0.17618456287817708
2024-07-30,344541019.0805831,-0.002103174835275384,-0.17791719077444312
2024-07-31,347269065.0646295,0.007917913493511638,-0.1714080102064921
2024-08-01,337179839.86454725,-0.029053049105322866,-0.19548113397424016
2024-08-02,336951176.4083116,-0.0006781646741617366,-0.1960267302488754
2024-08-05,327003167.74768764,-0.029523590826016712,-0.21976290810006238
2024-08-06,331787748.4792337,0.014631603615649922,-0.20834678824515507
2024-08-07,331787748.4792337,0.0,-0.20834678824515507
2024-08-08,331787748.4792337,0.0,-0.20834678824515507
2024-08-09,331655033.379842,-0.0004000000000000162,-0.20866344952985705
2024-08-12,333885880.09944564,0.006726406944195796,-0.20334059786157876
2024-08-13,332871858.8632622,-0.0030370294062194102,-0.20576007589261425
2024-08-14,331857837.62707865,-0.003046281051352154,-0.20817955392364995
2024-08-15,330438207.8964218,-0.004277824928914755,-0.21156682316709985
2024-08-16,336116726.8190493,0.01718481333855763,-0.19801774619330037
2024-08-19,338955986.280363,0.00844724238565568,-0.1912432077064008
2024-08-20,339970007.5165465,0.0029916014976196057,-0.1888237296753652
2024-08-21,340462441.27921784,0.0014484623695735408,-0.18764877137270897
2024-08-22,339213163.489058,-0.0036693556724375124,-0.19062957696148408
2024-08-23,338073077.0738736,-0.0033609733875236652,-0.19334984941396538
2024-08-26,337440409.40122193,-0.0018713932447019495,-0.1948594090566098
2024-08-27,338182268.44884896,0.0021984890575003713,-0.19308931627767145
2024-08-28,341477278.7642834,0.009743297099956723,-0.18522734575303557
2024-08-29,340282596.6616113,-0.0034985698228454346,-0.18807788477366372
2024-08-30,338689687.1913818,-0.004681137048608896,-0.19187860346783459
2024-09-04,333652195.5666342,-0.014873472134689245,-0.20389817454060188
2024-09-05,333597599.87914646,-0.0001636305356690454,-0.20402844110874896
2024-09-06,333652195.5666342,0.00016365731500316553,-0.20389817454060188
2024-09-09,331942194.38219494,-0.005125100949913381,-0.2079782767624916
2024-09-10,330747111.4387388,-0.0036002742757074947,-0.2108297721984651
2024-09-11,330348884.07118154,-0.001204023720192178,-0.2117799518720077
2024-09-12,328170826.5607004,-0.0065932037778938125,-0.21697684727113675
2024-09-13,329435166.37074053,0.003852688014015946,-0.2139601033559213
2024-09-16,327251955.1809555,-0.006627134600827819,-0.21916929555260245
2024-09-17,329327839.7341007,0.006343383195364868,-0.21421618718358593
2024-09-18,332067646.1735234,0.008319389097608166,-0.20767894589816405
2024-09-19,334108208.417555,0.006145019749877239,-0.20281011737246468
2024-09-20,332823629.2335901,-0.0038447998331110535,-0.2058751529001489
2024-09-23,330496144.5248264,-0.006993147434042877,-0.21142858503695483
2024-09-24,331914065.254195,0.004290279184367475,-0.20804539350995177
2024-09-25,332690287.68818647,0.002338624708166631,-0.20619330889946774
2024-09-26,332430316.674885,-0.0007814205070667685,-0.2068136057265405
2024-09-27,328334466.0186449,-0.01232092998378895,-0.2165863997544778
2024-09-30,325339392.90774477,-0.009122018614792893,-0.22373271319899934
2024-10-01,326092973.0567292,0.002316289282552765,-0.2219346536021859
2024-10-02,323855580.72541445,-0.0068612098885231475,-0.22727312325080773
2024-10-03,321914855.6449961,-0.0059925633397184515,-0.23190373800403008
2024-10-04,321857366.9787241,-0.0001785834523131868,-0.2320409072862062
2024-10-07,323598865.9441661,0.005410778637100828,-0.2278856506331831
2024-10-08,321062982.72616416,-0.007836502178717474,-0.23393632641421513
2024-10-09,323886619.2462754,0.008794649872544021,-0.22719906462495332
2024-10-10,329770530.0788075,0.018166575841338066,-0.21315991782220556
2024-10-11,329187786.5624358,-0.0017671182328888068,-0.2145503572777897
2024-10-14,326396415.5495227,-0.008479570405883449,-0.2212106328235286
2024-10-15,320879902.288446,-0.01690126790084094,-0.2343731605565046
2024-10-16,317213395.82566404,-0.011426413547976159,-0.24312152944741594
2024-10-17,323634963.2430626,0.02024368296516637,-0.2277995216463894
2024-10-18,321542668.33033013,-0.006464984165388478,-0.23279178551145085
2024-10-21,324280216.0691399,0.008513793062130721,-0.22625993353772855
2024-10-22,324230811.71384233,-0.00015235081528079387,-0.2263778134676695
2024-10-23,329638818.5377213,0.016679496915462524,-0.21347418459367018
2024-10-24,327512644.3302188,-0.00645001161251032,-0.21854728523658007
2024-10-25,330100764.95170027,0.007902353287074842,-0.21237196980737583
2024-10-28,330636378.723899,0.0016225765859012979,-0.21109398300718574
2024-10-29,332750571.50136524,0.00639431385507556,-0.20604947033237608
2024-10-30,333386650.5784004,0.001911579217325309,-0.20453177100027908
2024-10-31,331132457.0927578,-0.006761498943439094,-0.20991032859019998
2024-11-01,329608717.6483116,-0.004601600996242333,-0.2135460060092801
2024-11-04,330263034.4203477,0.0019851318760756302,-0.21198479111674218
2024-11-05,333704334.3302126,0.010419876132685597,-0.20377377024950627
2024-11-06,334460915.6915648,0.0022672206606808424,-0.20196854969083988
2024-11-07,339718614.18321335,0.0157199189650522,-0.18942355996041682
2024-11-08,346235621.09204245,0.019183543782250366,-0.17387383133405687
2024-11-11,343120480.361377,-0.008997169964315497,-0.18130662888551308
2024-11-12,351166757.22348833,0.02345029609901727,-0.16210802691857573
2024-11-13,348970797.0052984,-0.006253326013978052,-0.1673476385907492
2024-11-14,348545354.15732896,-0.0012191359610040761,-0.16836275502755826
2024-11-15,354467525.5075469,0.0169911068375473,-0.15423231774814794
2024-11-18,353235726.56553316,-0.0034750685277867986,-0.15717141840256055
2024-11-19,347713938.63163936,-0.015632019975956153,-0.17034653162639857
2024-11-20,343332149.380294,-0.012601707221139931,-0.18080158172984595
2024-11-21,351494079.95632505,0.023772695306172494,-0.1613270273370111
2024-11-22,352700518.6313889,0.0034323157738922793,-0.15844843686380283
2024-11-25,360562403.1629107,0.02229053861907795,-0.13968979924576996
2024-11-26,357892030.8035939,-0.007406130910743592,-0.1460613692164039
2024-11-27,359493458.3428806,0.004474610780494226,-0.14224032621321914
2024-11-28,363544858.63785386,0.011269746920148618,-0.13257359177133288
2024-11-29,366540159.7173548,0.008239151258317451,-0.12542673438847785
2024-12-02,368711504.12135684,0.005923892229643896,-0.12024585661606746
2024-12-03,373630972.0477075,0.013342322849605124,-0.10850789280676132
2024-12-04,379957608.2586995,0.01693284733949774,-0.09341239305129101
2024-12-05,370739505.0687994,-0.02426087276458437,-0.11540699963342271
2024-12-06,373198163.75516343,0.006631768810037638,-0.10954058336401395
2024-12-09,376828556.04831964,0.009727787126889308,-0.10087838371384505
2024-12-10,373188329.0058232,-0.009660167691828713,-0.1095640493025174
2024-12-11,372225664.6344167,-0.0025795671959277008,-0.11186098867101135
2024-12-12,365246342.11992013,-0.018750245288302034,-0.12851381298353992
2024-12-13,367156697.19998467,0.005230319539893748,-0.12395566175084027
2024-12-16,367008079.144363,-0.0004047810015589437,-0.12431026785548682
2024-12-17,370261529.0618709,0.008864791001584844,-0.11654746139779182
2024-12-18,369424526.03910273,-0.0022605724793738325,-0.1185445698933889
2024-12-19,368680807.32268894,-0.0020131817570094817,-0.12031909988489653
2024-12-20,370725394.85922176,0.0055456847655844695,-0.11544066691855259
2024-12-23,368867375.9353975,-0.005011846907681654,-0.11987394287671771
2024-12-24,369982954.0100182,0.0030243338050478697,-0.11721214788945633
2024-12-25,368719828.9850234,-0.0034140087031162194,-0.12022599329956696
2024-12-26,364244811.83723974,-0.012136632738472557,-0.13090348731174462
2024-12-27,359938535.3129058,-0.011822478685731242,-0.14117836230884495
2024-12-30,361783283.5668318,0.005125175753472302,-0.13677675047479276
2024-12-31,361545932.154612,-0.0006560596439939623,-0.1373430764125636
2025-01-02,369486569.02965856,0.021963009866339214,-0.11839653388854698
2025-01-03,369807079.76775694,0.0008674489547484895,-0.11763178788336592
2025-01-06,377557086.3323271,0.020956890737292757,-0.09914009367197729
2025-01-07,382324844.27955645,0.01262791275762926,-0.08776411336802092
2025-01-08,379742925.95348114,-0.006753205722062397,-0.09392462997749462
2025-01-09,376766499.41327894,-0.007838003914697848,-0.10102645227474238
2025-01-10,374699625.94037086,-0.005485820730151769,-0.10595805999871166
2025-01-13,381517035.3157502,0.018194331948610584,-0.08969156416634838
2025-01-14,379030073.7591061,-0.0065186120839553835,-0.09562551173630018
2025-01-15,381731559.9662107,0.00712736638629251,-0.08917970340802905
2025-01-16,391809308.80170715,0.026400093396491676,-0.06513396251058068
2025-01-17,395501307.55884254,0.009422948036703984,-0.05632476841803857
2025-01-20,394789983.8062805,-0.0017985370439166388,-0.058022003279465384
2025-01-21,399397572.48491347,0.011670986771776541,-0.04702819054043539
2025-01-22,404191338.76170945,0.012002492270974078,-0.035590153762940835
2025-01-23,402909136.7243991,-0.0031722650001322333,-0.03864951736394151
2025-01-24,412117540.91163886,0.02285479118717173,-0.016678052825607637
2025-02-03,410054329.83780134,-0.005006365585103515,-0.021600921981018484
2025-02-04,419885366.4136194,0.023974961024571473,0.0
2025-02-05,431748594.541035,0.02825349268240371,0.0
2025-02-06,432862600.28264886,0.0025802185709442667,0.0
2025-02-07,430707467.23201984,-0.004978792460290563,-0.004978792460290538
2025-02-10,420204676.63029283,-0.024384974491443424,-0.02924235922459162
2025-02-11,423914207.26280767,0.008827913725906904,-0.02067259452306136
2025-02-12,439118802.01912624,0.03586715070130312,0.0
2025-02-13,444647819.8026013,0.012591166121905707,0.0
2025-02-14,441331950.97930664,-0.007457292435992826,-0.007457292435992802
2025-02-17,448263452.990089,0.01570586946039483,0.0
2025-02-18,463028549.0052411,0.03293843367480273,0.0
2025-02-19,457362640.5852601,-0.012236628674740463,-0.012236628674740513
2025-02-20,453288587.2353458,-0.008907709087696768,-0.021035337433988444
2025-02-21,462454350.45752823,0.020220591208981006,-0.0012400931842031504
2025-02-24,469410673.66911846,0.015042183525158768,0.0
2025-02-25,480189901.21359307,0.02296332007156859,0.0
2025-02-26,479867653.1368106,-0.0006710846603979828,-0.0006710846603980025
2025-02-27,473018576.79756296,-0.014272844386314506,-0.014934350759784554
2025-02-28,483290461.1270263,0.021715604488530278,0.0
2025-03-03,477395806.8038888,-0.012196918410910229,-0.012196918410910196
2025-03-04,485221840.8151924,0.016393177107478216,0.0
2025-03-05,486303758.09170955,0.002229737380946183,0.0
2025-03-06,505704806.30311924,0.0398949172993044,0.0
2025-03-07,504867889.1331878,-0.0016549519789017461,-0.001654951978901753
2025-03-10,499127707.284813,-0.011369671099958751,-0.013005806819174182
2025-03-11,505739305.87976587,0.01324630650323758,0.0
2025-03-12,505811071.02615917,0.00014190146100758185,0.0
2025-03-13,496912789.27631474,-0.01759210554998753,-0.01759210554998758
2025-03-14,500078457.4628322,0.006370671584299205,-0.011333507492623629
2025-03-17,505742680.2029767,0.011326668156997101,-0.00013521021405027422
2025-03-18,498510952.19547474,-0.014299224270729041,-0.014432501083604943
2025-03-19,490052747.8232995,-0.016966937907632186,-0.03115456364149982
2025-03-20,494250634.975968,0.008566194499091202,-0.022855245194095986
2025-03-21,491893146.425248,-0.004769824020225295,-0.02751605371680632
2025-03-24,500360747.7651718,0.01721431046856556,-0.010775413139791579
2025-03-25,508431800.68863237,0.016130467786510765,0.0
2025-03-26,507535012.690765,-0.0017638314453437302,-0.0017638314453437554
2025-03-27,499187697.62806034,-0.01644677678186234,-0.0181815988851437
2025-03-28,501457501.1214935,0.004546994054978464,-0.013717276452205995
2025-03-31,503396668.9100828,0.0038670630796277103,-0.009903258945899607
2025-04-01,505686207.8326022,0.004548180518310791,-0.005400120236994321
2025-04-02,507703597.5110649,0.003989410126705497,-0.0014322534046476987
2025-04-03,482192367.19339585,-0.050248275652829195,-0.05160856079359555
2025-04-04,486749216.01559895,0.009450271576728331,-0.042646004132050774
2025-04-08,471276681.4899889,-0.03178748730663426,-0.07307788212365873
2025-04-09,456750004.4581889,-0.030824094639846113,-0.10164941720884568
2025-04-10,470013185.2855709,0.02903816244756303,-0.07556296705089327
2025-04-11,484222223.606763,0.03023114832950686,-0.04761617398651963
2025-04-14,499701816.7703866,0.03196795274765116,-0.017170412838893423
2025-04-15,515913760.7062908,0.03244323592954557,0.0
2025-04-16,518649566.7487416,0.005302835959842399,0.0
2025-04-17,536156009.06112,0.03375389363982501,0.0
2025-04-18,548064633.9561386,0.022211118953739253,0.0
2025-04-21,538260955.9425406,-0.017887813601164693,-0.017887813601164648
2025-04-22,535893536.5883177,-0.004398274346459704,-0.02220741243594815
2025-04-23,530365285.5122152,-0.01031595027493192,-0.03229427214845593
2025-04-24,537408265.8753666,0.013279489731967308,-0.019443633871885413
2025-04-25,556767899.1010395,0.036024070441377926,0.0
2025-04-28,572327664.4430833,0.02794659204879922,0.0
2025-04-29,567946081.6967461,-0.007655724191841707,-0.007655724191841684
2025-05-05,568542429.7892371,0.0010500082872469745,-0.006613754478441036
2025-05-06,567913742.9455516,-0.0011057870279243128,-0.007712228102457197
2025-05-07,565584392.4010938,-0.0041015921403421965,-0.011782187828629831
2025-05-08,579576136.4198445,0.024738561047187073,0.0
2025-05-09,581981514.1617001,0.004150235992658551,0.0
2025-05-12,590474145.7366966,0.014592613971990945,0.0
2025-05-13,601478441.0665553,0.018636371142261122,0.0
2025-05-14,612401815.3818468,0.01816087422172929,0.0
2025-05-15,613672612.8906796,0.002075104085118429,0.0
2025-05-16,640147137.4153353,0.04314112112637476,0.0
2025-05-19,661538086.5926838,0.033415675751854196,0.0
2025-05-20,656640605.143316,-0.007403173828724988,-0.007403173828725018
2025-05-21,656922707.9974549,0.0004296153054337546,-0.006976739040076896
2025-05-22,635810528.506882,-0.03213799619582449,-0.03889051682317213
2025-05-23,660519026.17996,0.038861416357956105,-0.0015404410318573536
2025-05-26,682759967.0962397,0.03367191562203399,0.0
2025-05-27,702986342.0845047,0.029624430199514013,0.0
2025-05-28,680087906.3207867,-0.03257308768733579,-0.0325730876873358
2025-05-29,668824107.5155541,-0.01656226893692135,-0.048595872385873595
2025-05-30,646487610.8238044,-0.03339666803387502,-0.08036960020186101
2025-06-02,655877931.5062481,0.014525136329337954,-0.06701184327218945
2025-06-03,657074526.3318847,0.001824416965651826,-0.065309683850303
2025-06-04,657227824.5631102,0.00023330417643988905,-0.06509161669586738
2025-06-05,656036820.5270145,-0.0018121631367135954,-0.0667858232042956
2025-06-06,657916835.31813,0.0028657153566552084,-0.06411149700680385
2025-06-09,631503516.9086189,-0.0401468954609425,-0.10168451489956964
2025-06-10,658989654.8625708,0.04352491667584678,-0.06258540826195058
2025-06-11,675467918.8809834,0.025005345526780774,-0.0391450324936945
2025-06-12,673504779.2799512,-0.002906340251191176,-0.04193760396131507
2025-06-13,660403348.3332816,-0.019452617634987554,-0.0605744254219156
2025-06-16,685341223.6210946,0.037761582146351724,-0.02510022941710166
2025-06-17,675515789.2021136,-0.014336558316260217,-0.03907693683057201
2025-06-18,669064055.9209893,-0.009550825286770613,-0.048254545120931636
2025-06-19,675247268.1436887,0.009241584819839116,-0.03945890877277036
2025-06-20,676956147.2888701,0.002530745736860616,-0.03702802350106771
2025-06-23,689953372.3263543,0.019199508106302794,-0.01853943523213397
2025-06-24,687369669.5585431,-0.0037447498214257064,-0.022214759506784865
2025-06-25,679776861.5883164,-0.011046178361496599,-0.033015549672511746
2025-06-26,683606997.1009513,0.005634401123459338,-0.027567171399218826
2025-06-27,669219270.4252435,-0.0210467808795455,-0.048033752062856094
2025-06-30,678903618.6616876,0.014471113825354086,-0.03425774013106242
2025-07-01,678504349.1143136,-0.0005881093227358017,-0.03482570215745129
2025-07-02,690941379.0096307,0.018330066581815973,-0.017133993014939897
2025-07-03,678495468.0421572,-0.018012976709128357,-0.03483833550695581
2025-07-04,676430695.7957726,-0.003043162915063612,-0.03777547969138206
2025-07-07,678032436.7749918,0.0023679306530210963,-0.03549699875465473
2025-07-08,678358611.4770958,0.0004810606165916134,-0.03503301434617123
2025-07-09,676341424.1062007,-0.002973629783371971,-0.037902468914682075
2025-07-10,682726305.0909183,0.009440322235408485,-0.028819958199345797
2025-07-11,683253308.074908,0.000771909592555592,-0.028070295008981283
2025-07-14,700521923.0734566,0.025274103753999525,-0.00350564280344412
2025-07-15,729548414.1909997,0.04143552137553786,0.0
2025-07-16,770817855.5733883,0.056568475209630195,0.0
2025-07-17,807193497.7924056,0.04719096989775686,0.0
2025-07-18,822377077.1126397,0.0188103340298945,0.0
2025-07-21,787331949.5202215,-0.04261442660277132,-0.04261442660277137
2025-07-22,810130115.6826141,0.02895623145521428,-0.014892148347598111
2025-07-23,794995610.113591,-0.018681573831224416,-0.0332955134099614
2025-07-24,804792326.2465737,0.012322981420718727,-0.021382831982386885
2025-07-25,819120575.7459342,0.017803660686211174,-0.003959863981300327
2025-07-28,844854574.1304739,0.031416618195806975,0.0
2025-07-29,801066022.1699715,-0.05182969152480432,-0.05182969152480432
2025-07-30,818781874.2176995,0.022115345748579363,-0.030860577324338223
2025-07-31,831677799.9648163,0.015750135845933502,-0.015596499763546934
2025-08-01,811260024.8276551,-0.024550102381024258,-0.03976370647859051
2025-08-04,805039829.4680138,-0.007667326343317284,-0.047126151507716596
2025-08-05,803738175.4376101,-0.0016168815290341259,-0.048666835632843464
2025-08-06,808127215.9640534,0.005460783947525634,-0.04347181076011852
2025-08-07,799185148.0153346,-0.01106517361632397,-0.054055961242965744
2025-08-08,837014674.61062,0.04733512214188389,-0.00927958462901457
2025-08-11,846379282.1601491,0.011188104382859833,0.0
2025-08-12,863502830.801913,0.020231530949175413,0.0
2025-08-13,879376736.5911038,0.01838315431398074,0.0
2025-08-14,895610226.2210634,0.018460221830393836,0.0
2025-08-15,906841584.2046833,0.01254045303949856,0.0
2025-08-18,922602749.1857121,0.01738028477691793,0.0
2025-08-19,905130297.411321,-0.01893821776470124,-0.01893821776470128
2025-08-20,896200966.8465457,-0.009865243258692473,-0.028616630898258832
2025-08-21,889333664.9582204,-0.007662680740558947,-0.036060031532374026
2025-08-22,891622765.5876621,0.0025739502727013903,-0.033578897987669
2025-08-25,884297643.5734484,-0.008215494598083468,-0.0415185253307252
2025-08-26,894927860.6404753,0.01202108491895345,-0.029996538130482087
2025-08-27,894927860.6404753,0.0,-0.029996538130482087
2025-08-28,894927860.6404753,0.0,-0.029996538130482087
2025-08-29,894927860.6404753,0.0,-0.029996538130482087
2025-09-03,894211918.3519628,-0.0008000000000000985,-0.03077254089997783
2025-09-04,900342109.1369911,0.00685541163030606,-0.024128087704451517
2025-09-05,889713272.4195973,-0.011805331117503745,-0.03564857875737204
2025-09-08,878532875.4083287,-0.012566292262745783,-0.04776690056070121
2025-09-09,892643074.4738017,0.016061093967502212,-0.032472995271640714
2025-09-10,888893376.733688,-0.004200668606905531,-0.03653725558673648
2025-09-11,894309606.8027412,0.006093228064040208,-0.030666657353820348
2025-09-12,896392772.2139155,0.002329355958303804,-0.028408734956544945
2025-09-15,901058976.7300152,0.00520553563208132,-0.023351082006542345
2025-09-16,892185087.4086576,-0.009848289124826617,-0.03296940292439099
2025-09-17,891075851.2434878,-0.0012432803247042392,-0.03417169303912204
2025-09-18,894403559.738997,0.0037344839845736616,-0.030564822694928773
2025-09-19,886361597.5415165,-0.008991424631435086,-0.03928142602672924
2025-09-22,877718429.3425143,-0.009751289116062394,-0.04864967060071379
2025-09-23,877718429.3425143,0.0,-0.04864967060071379
2025-09-24,877718429.3425143,0.0,-0.04864967060071379
2025-09-25,877367341.9707773,-0.0003999999999999973,-0.04903021073247349
2025-09-26,875315319.4582869,-0.002338840773217131,-0.05125437764971008
2025-09-29,885159079.6268997,0.011245958970197072,-0.0405848233076046
2025-09-30,885569484.1293979,0.0004636505594803795,-0.04013998992415724
2025-10-01,887621506.6418881,0.002317178436322942,-0.03791582300692076
2025-10-02,880240173.4882636,-0.008315856587961811,-0.045916377048342505
2025-10-03,873263296.9457966,-0.007926105570504301,-0.05347854456694656
2025-10-06,884338270.6219037,0.012682284615466293,-0.041474490074499104
2025-10-07,880812041.957675,-0.003987420630059226,-0.045296534467214156
2025-10-08,893840916.6205823,0.014791889804264767,-0.03117466600930352
2025-10-09,898846256.7113695,0.005599810881013673,-0.025749427362220634
2025-10-10,914887841.5530998,0.01784686170961202,-0.008362112121843901
2025-10-13,935322352.7053347,0.022335536908595917,0.0
2025-10-14,931949506.6616888,-0.003606078731990323,-0.0036060787319903698
2025-10-15,925719339.0103364,-0.00668509142053127,-0.010267063186528591
2025-10-16,924644415.7183777,-0.001161176229836425,-0.01141631754664263
2025-10-17,922627071.2843673,-0.0021817516006334874,-0.013573161578195325
2025-10-20,895341539.8755829,-0.029573738141891768,-0.04274549059381605
2025-10-21,900914582.7036844,0.006224488175625079,-0.036787071218953415
2025-10-22,900424651.6794584,-0.000543815178077998,-0.037310881029345544
2025-10-23,915122582.4062402,0.01632333221815672,-0.02159658671758291
2025-10-24,920021892.6485009,0.005353720186183536,-0.01635848861366196
2025-10-27,913897754.8456751,-0.006656513124047546,-0.02290611124356312
2025-10-28,921369202.9651226,0.008175365438674408,-0.014918011635083772
2025-10-29,910718941.2447652,-0.01155916833999125,-0.02630474016728712
2025-10-30,887975889.5717837,-0.024972634962325956,-0.05062047645563661
2025-10-31,865425989.0076199,-0.025394721668668546,-0.07472970521397881
2025-11-03,867701319.3133957,0.0026291448774088608,-0.07229703555822364
2025-11-04,875819482.2783272,0.00935594170970642,-0.06361750069898453
2025-11-05,880668459.1542474,0.005536502640140194,-0.05843321651942335
2025-11-06,882260734.9829822,0.0018080309476098445,-0.056730834635648986
2025-11-07,861387672.8074504,-0.023658609465300937,-0.0790472714396645
2025-11-10,846033650.9827254,-0.017824752210213228,-0.09546302562357234
2025-11-11,860649314.2285966,0.0172755105295092,-0.0798366875984019
2025-11-12,882711747.4247353,0.025634637513089042,-0.05624863463214369
2025-11-13,878313671.6930277,-0.004982459726562749,-0.06095083780197763
2025-11-14,882466781.9126223,0.004728504580361488,-0.056510539537339644
2025-11-17,891887195.9141555,0.010675091906706938,-0.0464387028338914
2025-11-18,896342224.4594988,0.004995058305301737,-0.04167560855686747
2025-11-19,887377940.9127182,-0.010000960907744938,-0.051259773332628766
2025-11-20,899968499.2814076,0.014188496004013037,-0.03779857641771234
2025-11-21,898477721.5030648,-0.0016564777317574731,-0.03939244164934175
2025-11-24,908006781.3840175,0.010605783151764227,-0.029204446191528954
2025-11-25,901474072.4118185,-0.007194559673047339,-0.03618889273373305
2025-11-26,915124283.5724683,0.015142100675319233,-0.02159476791551629
2025-11-27,917700031.8354459,0.0028146431137444816,-0.018840906366578092
2025-11-28,930141057.5396591,0.013556745420756485,-0.0055395823169296365
2025-12-01,938755399.713554,0.009261328810364428,0.0
2025-12-02,944349445.7330897,0.005959002761787142,0.0
2025-12-03,936255935.6210976,-0.008570461017964812,-0.00857046101796477
2025-12-04,935935178.531112,-0.0003425955209275376,-0.008910120337335292
2025-12-05,963343962.5458608,0.029284916993680136,0.0
2025-12-08,983252960.4683568,0.020666551820060112,0.0
2025-12-09,994132611.3815119,0.011064956171576367,0.0
2025-12-10,952492362.4043365,-0.0418860104783299,-0.04188601047832985
2025-12-11,931437088.0092258,-0.02210545220747142,-0.0630655534830109
2025-12-12,925796547.5447518,-0.006055739606128087,-0.06873938451912953
2025-12-15,922035014.0660242,-0.004063023877873936,-0.07252311863635197
2025-12-16,936205225.1916783,0.01536840891016251,-0.05826927466883314
2025-12-17,927380888.3236095,-0.009425643684334408,-0.06714569293239447
2025-12-18,925749900.9228231,-0.0017587028386304925,-0.06878630645026296
2025-12-19,944412795.8400334,0.020159759021963115,-0.05001326279034801
2025-12-22,976144997.5920221,0.03359992779827129,-0.018093777010788403
2025-12-23,997408456.960539,0.021783095155914475,0.0
2025-12-24,1002317370.294049,0.004921668048082587,0.0
2025-12-25,972451702.1823523,-0.029796618313553774,-0.029796618313553735
2025-12-26,957152271.5630963,-0.015732843682541162,-0.04506067645789946
2025-12-29,971237074.3211988,0.014715320828838523,-0.031008437939903377
2025-12-30,979320936.2209289,0.00832326330353475,-0.022943266029973763
2025-12-31,998626565.0559299,0.019713281030730213,-0.0036822720502552864
2026-01-05,1005203509.3209054,0.006585989693361697,0.0
2026-01-06,1008056150.2623062,0.002837874037395623,0.0
2026-01-07,1032690891.6546348,0.024437866269570813,0.0
2026-01-08,1017604501.1500065,-0.01460881530624914,-0.014608815306249134
2026-01-09,1019666001.633044,0.002025836639586152,-0.012612573739971378
2026-01-12,1008093614.5240042,-0.011349193844362811,-0.02381862504008292
2026-01-13,1018382166.0327516,0.01020594849577073,-0.01385576820471135
2026-01-14,996146923.1293066,-0.021833888735567186,-0.03538713163895102
2026-01-15,972432245.5764053,-0.02380640546316574,-0.058351096698141536
2026-01-16,987314098.546474,0.01530374279315217,-0.043940344080556026
2026-01-19,990429944.1131971,0.0031558807590312578,-0.04092313380795376
2026-01-20,987668181.3261764,-0.00278844839398862,-0.04359747015519866
2026-01-21,995895301.6292558,0.008329842409251786,-0.03563078780178175
2026-01-22,1031510847.9711149,0.03576233996042868,-0.0011426881877782957
2026-01-23,1018842357.1476922,-0.012281490639037296,-0.013410144912534006
2026-01-26,995519853.6736739,-0.022891179690753168,-0.03599435056641531
2026-01-27,994423084.7715602,-0.0011017047003797787,-0.03705640012158895
2026-01-28,997798964.3866181,0.003394812194885294,-0.03378738744573495
2026-01-29,1002644905.7643828,0.004856630995546955,-0.02909484932331552
2026-01-30,1005356666.9810994,0.0027046077839982365,-0.026468931695271425
2026-02-02,1007737465.2969551,0.002368113122485018,-0.024163499997272186
2026-02-03,1011143293.3797148,0.003379677941968869,-0.020865486903244856
2026-02-04,1010788002.1126537,-0.0003513757836177347,-0.0212095310600513
2026-02-05,996650296.8053706,-0.013986815511990512,-0.03489969277400906
2026-02-06,972434138.3472435,-0.02429754803239279,-0.05834926384490968
2026-02-09,982695811.823839,0.010552563995785072,-0.04841243418995489
2026-02-10,974419550.1077383,-0.00842199754646387,-0.05642670233445268
2026-02-11,994921045.897535,0.0210397008019081,-0.0365742024668998
2026-02-12,987623453.0119345,-0.007334846232966322,-0.04364078254867798
2026-02-13,985073331.4431089,-0.0025820787882755826,-0.046110177398030916
2026-02-23,1007644560.5764403,0.02291324758560371,-0.024253463723364344
2026-02-24,1014663281.956986,0.006965473397217007,-0.0174569271825028
2026-02-25,1017058693.9561743,0.0023607949965118095,-0.015137344412337939
2026-02-26,1011723673.5302995,-0.005245538391813403,-0.02030347928288634
2026-02-27,995777092.4774135,-0.015761794915050423,-0.03574525492141789
2026-03-02,1009512321.9379462,0.013793478042721907,-0.022444828267586092
2026-03-03,1009332260.2992463,-0.0001783649736480952,-0.022619189870031753
2026-03-04,1009394040.1534513,6.12086392509597e-05,-0.022559365720613678
2026-03-05,978610002.6490388,-0.030497542366836883,-0.05236890287561713
2026-03-06,980886927.151656,0.0023266924479146355,-0.05016405675852875
2026-03-09,945546214.5550511,-0.03602934407458045,-0.08438602277197937
2026-03-10,945869067.1237469,0.0003414455726499941,-0.0840733904331985
2026-03-11,965783153.9789867,0.021053745753411485,-0.06478970446659482
2026-03-12,962420953.1273185,-0.003481320664805666,-0.06804547139437434
2026-03-13,955149803.7120485,-0.007555061422595682,-0.075086445101056
2026-03-16,937787720.2974969,-0.01817734071354718,-0.09189891391903227
2026-03-17,920127266.6281677,-0.018832037663840055,-0.10900030777468306
2026-03-18,934230305.8830955,0.01532727022274727,-0.09534371472356096
2026-03-19,933948727.8254356,-0.0003014011169266217,-0.09561637913837795
2026-03-20,929921451.3828712,-0.004312095859845987,-0.09951616800560792
2026-03-23,905636957.9165108,-0.026114564225018417,-0.12303191086981613
2026-03-24,929872013.1121752,0.02676023210384331,-0.09956404125702845
2026-03-25,952493456.1967428,0.024327480304365937,-0.07765870320536605
2026-03-26,934216134.5137894,-0.019188920998926082,-0.09535743748360526
2026-03-27,954918155.3077188,0.022159776553959492,-0.07531076043704066
2026-03-30,958895449.7923412,0.004165063217738079,-0.0714593712974988
2026-03-31,975256325.0195756,0.01706220968175152,-0.05561641639255133
2026-04-01,975086094.1895412,-0.00017454983440477382,-0.055781258390684596
2026-04-02,979486012.0912948,0.004512337862238317,-0.05152062441268579
2026-04-03,968720094.0772111,-0.010991395365715714,-0.0619457362259932
2026-04-06,953801775.821048,-0.015400029737562217,-0.07639179978355992
2026-04-07,954612632.8809385,0.0008501316315882404,-0.07560661123736157
2026-04-08,994574628.723707,0.04186200189093096,-0.03690965344901598
2026-04-09,990447059.7496865,-0.004150084724478851,-0.0409065599845303
2026-04-10,998118766.9725618,0.007745701445985624,-0.03347770853936716
2026-04-13,1000636813.5086591,0.0025227924966633843,-0.031039373354612265
2026-04-14,1027261894.1553254,0.02660813622607728,-0.005257137003126688
2026-04-15,1035519357.5489446,0.008038323469993936,0.0
2026-04-16,1051192363.4509256,0.015135406004460134,0.0
2026-04-17,1042022235.7224116,-0.008723548655176336,-0.008723548655176327
2026-04-20,1063566112.6593668,0.020675064502840772,0.0
2026-04-21,1050867844.2476245,-0.01193933151930844,-0.011939331519308483
2026-04-22,1053299167.105067,0.0023136333181678227,-0.009653321436340345
2026-04-23,1041368473.1533864,-0.011326975587070381,-0.020870954087167104
2026-04-24,1031364593.1186385,-0.009606474838300906,-0.030276932630178388
2026-04-28,1048351199.1882632,0.01647003027150718,-0.014305564355618583
2026-04-29,1036258891.5333337,-0.011534596101280348,-0.025675151550056063
2026-05-04,1028650934.2873152,-0.007341753405619567,-0.0328284043243432
2026-05-05,1039354881.5664666,0.010405811069979131,-0.02276419942749197
2026-05-06,1038233861.6183009,-0.0010785728417189967,-0.023818219421945064
2026-05-07,1040897898.1065578,0.002565931036100559,-0.021313404294283966
2026-05-08,1037817978.2886131,-0.0029589067511302347,-0.02420924666955826
2026-05-11,1022084206.3851912,-0.015160434905326316,-0.03900265886664367
2026-05-12,1030946114.3565062,0.008670428440193756,-0.030670400189130476
2026-05-13,1048149705.3466812,0.01668718738118831,-0.01449501552295418
2026-05-14,1065121073.5638,0.01619174067458748,0.0
2026-05-15,1083088414.641725,0.01686882507901939,0.0
2026-05-18,1091948062.140592,0.008179985474036963,0.0
2026-05-19,1069477766.5321602,-0.020578172522585425,-0.020578172522585425
2026-05-20,1082548211.6396658,0.012221334109532083,-0.008608331134815406
2026-05-21,1063128464.8387468,-0.01793892095716016,-0.026392827920175055
2026-05-22,1053229879.8861535,-0.009310807940877328,-0.03545789730927107
2026-05-25,1064190433.1218381,0.01040661060325158,-0.025420283236127106
2026-05-26,1045641735.2584653,-0.017429867142255338,-0.04240707821885825
2026-05-27,1031473367.3759944,-0.013549925758241335,-0.05538239121561017
2026-05-28,1047374245.7827282,0.015415694587621414,-0.04082045465650075
2026-05-29,1041884558.2275804,-0.005241381079639962,-0.04584788017744179
