date,symbol,realized_forward_return,predicted_class,realized_class,score,class_0_prob,class_1_prob,class_2_prob,class_3_prob,class_4_prob,class_3_4_prob,target_weight
2021-01-04,VN:BSI,0.13533834586466176,4,4.0,0.09580173874344522,0.2042684658407763,0.23202384489721406,0.10856321956448511,0.1739264240728373,0.2812180456246873,0.45514446969752453,0.16666666666666666
2021-01-04,VN:HDC,-0.02894736842105261,4,1.0,0.06159965785741295,0.2109514357291376,0.24192478123195144,0.11211504209213022,0.14459017134592192,0.2904185696008588,0.43500874094678077,0.16666666666666666
2021-01-04,VN:KBC,0.4252873563218391,4,4.0,0.0552481276224881,0.20768245028739685,0.2494411822283532,0.11140723030434319,0.1428840639341786,0.2885850732457282,0.43146913717990676,0.16666666666666666
2021-01-04,VN:STB,0.08262108262108248,4,3.0,0.02700826425074543,0.20427592827841906,0.2549402916826199,0.10856718165549704,0.17393278427672446,0.2582838141067395,0.43221659838346393,0.16666666666666666
2021-01-04,VN:PVD,0.2341040462427746,1,4.0,0.0241062935574905,0.20682950009659679,0.243057396366337,0.11222760212082264,0.19494831271546614,0.24293718870077746,0.4378855014162436,0.16666666666666666
2021-01-04,VN:CTS,-0.053254437869822424,4,0.0,0.01910418243550982,0.22582277319099348,0.22963495210357082,0.11029393806615564,0.16811199235749255,0.2661363442817875,0.4342483366392801,0.16666666666666666
2021-01-14,VN:FTS,-0.20960698689956336,4,0.0,0.2058406071180241,0.19912152437392305,0.20477773706863234,0.10162378329687827,0.18009251758663022,0.31438443767393615,0.49447695526056634,0.16666666666666666
2021-01-14,VN:CTG,-0.1826029581569254,4,0.0,0.20161495952595054,0.1872999654166403,0.22744183072863644,0.09863247648900392,0.16959473364357103,0.31703099372214827,0.4866257273657193,0.16666666666666666
2021-01-14,VN:STB,-0.1990049751243781,4,0.0,0.19194721257529296,0.19859216209030633,0.22170820002878308,0.10135363344411949,0.14585227208889343,0.33249373234789764,0.4783460044367911,0.16666666666666666
2021-01-14,VN:HDC,-0.10594315245478036,4,0.0,0.18546380931722267,0.1975119500240065,0.22594159361458988,0.10080233666907266,0.1450589364048363,0.33068518328749463,0.47574411969233094,0.16666666666666666
2021-01-14,VN:HCM,-0.2556154164939909,4,0.0,0.18460374933031387,0.2020764037812024,0.20781656944888405,0.10313183737447978,0.17737725244926472,0.309597936946169,0.4869751893954337,0.16666666666666666
2021-01-14,VN:VPB,-0.15762668703845184,4,0.0,0.18460374933031387,0.2020764037812024,0.20781656944888405,0.10313183737447978,0.17737725244926472,0.309597936946169,0.4869751893954337,0.16666666666666666
2021-01-26,VN:NKG,-0.07647058823529407,4,0.0,0.15717636165899307,0.21157096483983817,0.2033915385856594,0.10244246648581673,0.1814802302530425,0.30111479983564315,0.48259503008868565,0.16666666666666666
2021-01-26,VN:DXG,0.1045454545454545,4,3.0,0.12925134502909075,0.2128358318445397,0.21184512814994805,0.10305491758097024,0.17776010798096575,0.2945040144435762,0.47226412242454197,0.16666666666666666
2021-01-26,VN:HDG,-0.02243192235103808,4,0.0,0.10350933902359027,0.21640253550713962,0.2209702183523078,0.10478190566856949,0.158406052553789,0.29943928791819413,0.4578453404719831,0.16666666666666666
2021-01-26,VN:PVT,0.005617977528090012,4,1.0,0.09813041765696373,0.22797682371787376,0.2092408044060885,0.09107012098125843,0.18009963229075895,0.2916126186040204,0.4717122508947793,0.16666666666666666
2021-01-26,VN:HDC,0.1130653266331656,4,3.0,-0.009281828515434298,0.2257822932267483,0.2305479674500542,0.10932357784163173,0.19586159757501495,0.2384845639065508,0.43434616148156574,0.16666666666666666
2021-01-26,VN:BCM,0.03281760166221437,0,1.0,-0.07510331552860572,0.2844895230416031,0.20833275498199294,0.08302226226859771,0.14610243387901908,0.27805302582878716,0.4241554597078062,0.16666666666666666
2021-02-05,VN:DXG,0.02666666666666684,4,1.0,0.10278670489788055,0.21712832152843475,0.22171133756637573,0.10284924507141113,0.15786750614643097,0.3004435896873474,0.4583110958337784,0.16666666666666666
2021-02-05,VN:SJS,0.12569832402234637,4,4.0,0.021791145692567793,0.2233728220322614,0.22560005394220473,0.10815691444628495,0.19160357545920256,0.25126663412004635,0.44287020957924894,0.16666666666666666
2021-02-05,VN:VPB,0.10130856901646257,0,3.0,-0.11596137198834588,0.25107446125839306,0.23120428449508335,0.11084369487431872,0.19636328372088607,0.21051427565131875,0.4068775593722048,0.16666666666666666
2021-02-05,VN:HDC,0.05513784461152893,1,2.0,-0.11652580250876549,0.24031331361273867,0.24321212599313635,0.11424878580119567,0.1971385984760105,0.20508717611691882,0.4022257745929293,0.16666666666666666
2021-02-05,VN:VIB,0.23173963744301918,1,4.0,-0.11696803395497746,0.22559307179461313,0.26500555478028126,0.11166815293329727,0.19624277656908667,0.2014904439227217,0.39773322049180837,0.16666666666666666
2021-02-05,VN:VIX,0.35380989787902606,0,4.0,-0.14272731967947833,0.25712201765543274,0.23382582467275334,0.10966503946974991,0.1934316960999875,0.20595542210207649,0.39938711820206396,0.16666666666666666
2021-02-24,VN:SJS,-0.02676399026763987,4,0.0,0.11623273616682384,0.21932147116480066,0.21154293102707072,0.10619525453157344,0.15946207702961449,0.3034782662469407,0.4629403432765552,0.16666666666666666
2021-02-24,VN:DXG,0.00628930817610085,4,1.0,0.003721967339515686,0.2289983630180359,0.23383189737796783,0.1084718257188797,0.16184523701667786,0.2668526768684387,0.4286979138851166,0.16666666666666666
2021-02-24,VN:PTB,0.06101825414648232,4,3.0,-0.04192249726787195,0.2285753028735699,0.24289186256479398,0.11472263125912137,0.16950043556096767,0.24430976774154708,0.4138102033025147,0.16666666666666666
2021-02-24,VN:PVD,0.048034934497816595,1,2.0,-0.054982958585531705,0.23353060384003507,0.24365612138342496,0.10861211691462645,0.17266794524586365,0.24153321261604987,0.4142011578619135,0.16666666666666666
2021-02-24,VN:VIB,0.161850290989364,1,4.0,-0.06546641544800319,0.22782026533229754,0.23956920447212135,0.11485399451868265,0.2057697516650836,0.21198678401181484,0.4177565356768984,0.16666666666666666
2021-02-24,VN:VPB,0.12093791801085851,0,3.0,-0.09342238028578814,0.23875714126953063,0.23676366398442794,0.11350896616253357,0.20108489092931475,0.20988533765419312,0.41097022858350785,0.16666666666666666
2021-03-08,VN:PVD,-0.14980544747081703,4,0.0,0.1078175862201457,0.2159108439121081,0.22046814037605597,0.10227254397151828,0.1625895290602174,0.2987589426801002,0.4613484717403176,0.16666666666666666
2021-03-08,VN:PTB,0.006330275229357696,4,1.0,-0.013629898225815618,0.22583843431117484,0.23998359978223444,0.11334900389091665,0.16362735385257968,0.2572016081630944,0.4208289620156741,0.16666666666666666
2021-03-08,VN:VPB,0.06655586613280962,0,3.0,-0.039513855878160475,0.23260880833410613,0.23066668040553717,0.11058594949106909,0.19590668234298614,0.2302318794263014,0.42613856176928755,0.16666666666666666
2021-03-08,VN:NKG,0.002309468822170979,0,1.0,-0.06012526244111749,0.24823584032410145,0.21884458093113573,0.11022572383620924,0.19019671067888605,0.23249714422966755,0.4226938549085536,0.16666666666666666
2021-03-08,VN:VIB,0.015044786503174201,0,1.0,-0.06283874997016042,0.2476394548308687,0.2183187967037796,0.10996090203407115,0.19740273646720458,0.22667810996407597,0.4240808464312805,0.16666666666666666
2021-03-08,VN:DCM,0.014925373134328401,1,1.0,-0.06522369190383875,0.23184271955958843,0.23427166836644206,0.1168818737005629,0.20127406116503294,0.21572967720837363,0.41700373837340654,0.16666666666666666
2021-03-18,VN:VPB,0.013080801199073289,4,1.0,0.06340813825750757,0.22280768224023825,0.21623534608588654,0.10788327777037852,0.18088853898312268,0.272185154920374,0.45307369390349667,0.16666666666666666
2021-03-18,VN:LPB,0.08294654888456354,4,3.0,0.030018850266371633,0.22304747333981176,0.22527145668055246,0.10799938118459639,0.18597812396353114,0.25770356483150825,0.4436816887950394,0.16666666666666666
2021-03-18,VN:VIB,0.16503978344680492,0,4.0,-0.06283874997016042,0.2476394548308687,0.2183187967037796,0.10996090203407115,0.19740273646720458,0.22667810996407597,0.4240808464312805,0.16666666666666666
2021-03-18,VN:DCM,0.028653295128939993,0,1.0,-0.07299003005027771,0.24902957677841187,0.2216368466615677,0.11057816445827484,0.1908048540353775,0.2279505580663681,0.4187554121017456,0.16666666666666666
2021-03-18,VN:NKG,0.06181015452538641,0,3.0,-0.07827849627823757,0.2510332148445158,0.22131074800110795,0.11146785980859503,0.18727767327966038,0.2289105040661208,0.4161881773457812,0.16666666666666666
2021-03-18,VN:HSG,0.00520663846404168,0,1.0,-0.11506843824092527,0.2513879593771985,0.2328347615786216,0.1092002341717534,0.1926118476527597,0.21396519721966678,0.4065770448724265,0.16666666666666666
2021-03-30,VN:SHB,0.10643591130340724,4,3.0,0.03525940968813268,0.22238033347188432,0.22459767089493063,0.1053370056945978,0.1907522323503425,0.25693275758824474,0.44768498993858724,0.16666666666666666
2021-03-30,VN:LPB,0.07222457328255039,0,3.0,-0.06377915895478814,0.23418549669864408,0.2320448406328669,0.11577088127052304,0.19936088772056504,0.21863789367740094,0.417998781397966,0.16666666666666666
2021-03-30,VN:NKG,0.0903225806451613,0,3.0,-0.07827849627823757,0.2510332148445158,0.22131074800110795,0.11146785980859503,0.18727767327966038,0.2289105040661208,0.4161881773457812,0.16666666666666666
2021-03-30,VN:VPB,0.11236970118137601,1,3.0,-0.09734168068518151,0.23746763244464203,0.2398353970148923,0.11498161465039165,0.19800173056115325,0.20971362532892077,0.407715355890074,0.16666666666666666
2021-03-30,VN:DCM,0.0028985507246377384,1,1.0,-0.15224077843902173,0.23458450333522252,0.2662675301352879,0.11152521933540048,0.19204973602146697,0.1955730111726221,0.38762274719408907,0.16666666666666666
2021-03-30,VN:HSG,0.1327967806841046,1,4.0,-0.16508702318791213,0.2463785467155819,0.2596907220896064,0.1064074372348399,0.18768579558708534,0.1998374983728864,0.38752329395997176,0.16666666666666666
2021-04-09,VN:EVF,-0.08800000000000008,4,0.0,-0.003129497263714587,0.2284591415065271,0.2265516438052548,0.10861312176624303,0.19241175628935564,0.2439643366326194,0.43637609292197505,0.16666666666666666
2021-04-09,VN:SHB,0.0829817158931081,4,3.0,-0.010094911386552274,0.22948424224845837,0.22756819123757882,0.1106326116206369,0.1881881454387085,0.2441268094546174,0.4323149548933259,0.16666666666666666
2021-04-09,VN:LPB,0.1266469481043293,0,4.0,-0.030680835704219866,0.2337818329599773,0.22474371231710483,0.11319694091673108,0.19492848507953414,0.2333490287266527,0.42827751380618684,0.16666666666666666
2021-04-09,VN:VPB,0.16525479814692257,0,4.0,-0.03703661262989044,0.23231612145900726,0.22546331584453583,0.1149263083934784,0.20152956247329712,0.2257646918296814,0.4272942543029785,0.16666666666666666
2021-04-09,VN:NKG,0.034482758620689724,0,2.0,-0.10225203861859522,0.25392896504541407,0.22386362158947337,0.11275366945759213,0.18943797475333454,0.22001576915418586,0.40945374390752043,0.16666666666666666
2021-04-09,VN:SJS,0.11395348837209296,0,3.0,-0.10909141356293672,0.2405442094681216,0.23853581610614472,0.1143585641452991,0.20258999908141795,0.20397141119901663,0.4065614102804346,0.16666666666666666
2021-04-22,VN:SHB,-0.05881813176729678,4,0.0,0.13555908203125,0.21444986760616302,0.2081240862607956,0.10158051550388336,0.1791081577539444,0.2967373728752136,0.475845530629158,0.16666666666666666
2021-04-22,VN:NKG,0.27091633466135456,0,4.0,-0.10416349613422904,0.25338831166344417,0.2255161371005157,0.11251360010335446,0.18903463797219638,0.2195473131604893,0.4085819511326857,0.16666666666666666
2021-04-22,VN:LPB,0.1808151609553479,1,4.0,-0.1179369214638265,0.22779547659019805,0.26333838112641017,0.11145216722520812,0.1938355372733875,0.20357843778479612,0.39741397505818365,0.16666666666666666
2021-04-22,VN:SJS,0.06465517241379315,0,3.0,-0.14554873217306086,0.24532242302091734,0.24327413919027252,0.11663020489089343,0.20117621273678699,0.19359702016112967,0.39477323289791666,0.16666666666666666
2021-05-06,VN:SHB,0.19183250023578235,4,4.0,-0.001485079493707131,0.2254805663493149,0.23241635637544789,0.10680552333283,0.18870269830444383,0.24659485563796335,0.4352975539424072,0.16666666666666666
2021-05-06,VN:LPB,0.12507333098674178,0,4.0,-0.02257511036526494,0.231392236287834,0.222446502912391,0.1144692682807838,0.20072811991518824,0.2309638726038029,0.43169199251899115,0.16666666666666666
2021-05-06,VN:HSG,0.08884607150503099,0,3.0,-0.06208163916121978,0.24771914057040412,0.2204705624597897,0.10999628894006164,0.18980081162011106,0.23201319640963353,0.42181400802974456,0.16666666666666666
2021-05-06,VN:NKG,0.08896797153024916,0,3.0,-0.08361049058743186,0.25106570311684684,0.22133939133092306,0.1114822857937387,0.1923649325397978,0.22374768721869354,0.41611261975849134,0.16666666666666666
2021-05-06,VN:VND,0.17447916666666674,0,4.0,-0.12507769279066183,0.2519997320771257,0.23340138445196473,0.11189701986466319,0.1930805713969384,0.20962129220930797,0.4027018636062464,0.16666666666666666
2021-05-06,VN:SJS,0.16630669546436283,0,4.0,-0.16194074338497944,0.256530262724467,0.23622829426015302,0.11325230041898192,0.2006302088686886,0.19335893372770946,0.39398914259639806,0.16666666666666666
2021-05-18,VN:SHB,0.10583596214511037,4,3.0,0.13779478185757343,0.2148720835111166,0.20656502862468448,0.10178050702156148,0.17946078418078376,0.2973215966618537,0.47678238084263747,0.16666666666666666
2021-05-18,VN:FTS,0.4811798099469333,4,4.0,0.10365237295627594,0.21679022908210754,0.2103954255580902,0.10496963560581207,0.1880611628293991,0.27978354692459106,0.4678447097539902,0.16666666666666666
2021-05-18,VN:LPB,0.4717241379310344,0,4.0,-0.07507675606471459,0.24853407410777828,0.21910750049697233,0.11275104013267755,0.19811587787732937,0.22149150738524245,0.4196073852625718,0.16666666666666666
2021-05-18,VN:HSG,0.15735522736105723,0,4.0,-0.09157279133796692,0.2526390254497528,0.22272641956806183,0.11218088865280151,0.18847565352916718,0.22397801280021667,0.41245366632938385,0.16666666666666666
2021-05-18,VN:NKG,0.09309791332263262,0,3.0,-0.10930526256561279,0.2519339621067047,0.22996138036251068,0.11186781525611877,0.18794964253902435,0.21828719973564148,0.40623684227466583,0.16666666666666666
2021-05-18,VN:DGW,-0.0902196060674666,0,0.0,-0.1236415076798425,0.2494880147202017,0.23622867817027388,0.11079198287117456,0.19541944854586496,0.20807187569248492,0.4034913242383499,0.16666666666666666
2021-05-28,VN:FTS,0.32173405909797825,0,4.0,-0.04326731192224609,0.23523084556025206,0.22613671111283434,0.11389855889446968,0.19613667855379543,0.22859720587864846,0.42473388443244386,0.16666666666666666
2021-05-28,VN:SHB,-0.07291507268553932,0,0.0,-0.058856916776735324,0.23542562564794903,0.2343297645004199,0.11151629187838918,0.1911325369269012,0.2275957810463407,0.4187283179732419,0.16666666666666666
2021-05-28,VN:LPB,0.03573296147812455,0,2.0,-0.07516984529540172,0.24884225057300552,0.21937919826240543,0.111650852685409,0.1983615428453454,0.22176615563383467,0.4201276984791801,0.16666666666666666
2021-05-28,VN:VND,0.550473826053842,0,4.0,-0.08361049058743186,0.25106570311684684,0.22133939133092306,0.1114822857937387,0.1923649325397978,0.22374768721869354,0.41611261975849134,0.16666666666666666
2021-05-28,VN:NKG,0.029968454258675115,0,1.0,-0.10225203861859522,0.25392896504541407,0.22386362158947337,0.11275366945759213,0.18943797475333454,0.22001576915418586,0.40945374390752043,0.16666666666666666
2021-05-28,VN:HSG,0.11515645519177653,0,3.0,-0.12593285927076425,0.2568833270204563,0.23447908810494972,0.11406551471450202,0.1668312574450859,0.22774081271500607,0.394572070160092,0.16666666666666666
2021-06-09,VN:SHB,-0.13420936069688472,4,0.0,0.06379330110703929,0.2194613499979574,0.22409359943796991,0.10395435166392958,0.17817179725936205,0.274318901640781,0.45249069890014304,0.16666666666666666
2021-06-09,VN:FTS,0.3007185310032823,0,4.0,-0.08442422936314853,0.23938334523253169,0.23826906617587207,0.11590919902717767,0.18026525185105022,0.22617313771336833,0.4064383895644186,0.16666666666666666
2021-06-09,VN:VND,0.24653586406733652,0,4.0,-0.09867393602900437,0.25066416521876433,0.22880232971897982,0.11130397352188924,0.18700233895322907,0.2222271925871375,0.40922953154036656,0.16666666666666666
2021-06-09,VN:NKG,0.053968253968254,1,2.0,-0.11942673596749342,0.23883061355490762,0.24617706445426157,0.11564156555018605,0.19428995728470608,0.20506079915593867,0.39935075644064477,0.16666666666666666
2021-06-09,VN:LPB,-0.055989379978135134,0,0.0,-0.1302010416984558,0.25667959451675415,0.2342931181192398,0.11397504806518555,0.1726532131433487,0.2223990261554718,0.3950522392988205,0.16666666666666666
2021-06-09,VN:HSG,0.05080641674233588,0,2.0,-0.13120551211825737,0.25533371783295694,0.23909696580325118,0.11337743530605085,0.1658248727645744,0.22636700829316664,0.39219188105774105,0.16666666666666666
2021-06-21,VN:SJS,-0.09238249594813619,0,0.0,-0.07958218514607984,0.24916221387060145,0.22175489531274806,0.11063706212220387,0.19639451948102205,0.22205130921342453,0.4184458286944466,0.16666666666666666
2021-06-21,VN:FTS,0.03734524051146737,0,2.0,-0.11926312655759508,0.2553616147088884,0.2330901009359203,0.11338982646621892,0.17176671198184257,0.22639174590712974,0.3981584578889723,0.16666666666666666
2021-06-21,VN:VND,0.059523809523809534,0,3.0,-0.11926312655759508,0.2553616147088884,0.2330901009359203,0.11338982646621892,0.17176671198184257,0.22639174590712974,0.3981584578889723,0.16666666666666666
2021-06-21,VN:NKG,0.05918057663125942,0,3.0,-0.12507769279066183,0.2519997320771257,0.23340138445196473,0.11189701986466319,0.1930805713969384,0.20962129220930797,0.4027018636062464,0.16666666666666666
2021-06-21,VN:HSG,-0.07820554123711343,0,0.0,-0.12593285927076425,0.2568833270204563,0.23447908810494972,0.11406551471450202,0.1668312574450859,0.22774081271500607,0.394572070160092,0.16666666666666666
2021-06-21,VN:VCI,0.05079605761940864,0,2.0,-0.12593285927076425,0.2568833270204563,0.23447908810494972,0.11406551471450202,0.1668312574450859,0.22774081271500607,0.394572070160092,0.16666666666666666
2021-07-01,VN:NKG,-0.1607142857142856,0,0.0,-0.07299003005027771,0.24902957677841187,0.2216368466615677,0.11057816445827484,0.1908048540353775,0.2279505580663681,0.4187554121017456,0.16666666666666666
2021-07-01,VN:LPB,-0.14544564152791384,1,0.0,-0.10133610967803325,0.23620673227926292,0.24347246418811275,0.11437107963475822,0.19734962872712697,0.20860009517073916,0.4059497238978661,0.16666666666666666
2021-07-01,VN:BSI,-0.19838056680161942,1,0.0,-0.11680894122163693,0.23659108146687216,0.2514097206924731,0.11206836009331167,0.19207873309010565,0.20785210465723744,0.39993083774734306,0.16666666666666666
2021-07-01,VN:VND,-0.18534482758620696,0,0.0,-0.11926312655759508,0.2553616147088884,0.2330901009359203,0.11338982646621892,0.17176671198184257,0.22639174590712974,0.3981584578889723,0.16666666666666666
2021-07-01,VN:VCI,-0.1084750474954822,0,0.0,-0.12593285927076425,0.2568833270204563,0.23447908810494972,0.11406551471450202,0.1668312574450859,0.22774081271500607,0.394572070160092,0.16666666666666666
2021-07-01,VN:HCM,-0.1759320147706004,0,0.0,-0.1302010416984558,0.25667959451675415,0.2342931181192398,0.11397504806518555,0.1726532131433487,0.2223990261554718,0.3950522392988205,0.16666666666666666
2021-07-13,VN:SJS,0.04166666666666674,0,2.0,-0.17235160387610204,0.260001875758227,0.23942517457679435,0.11478494449809028,0.18449868811663056,0.20128931705025782,0.3857880051668884,0.16666666666666666
2021-07-13,VN:FTS,0.03168529006581955,0,1.0,-0.19322427819335042,0.25875147791577163,0.2506980858639168,0.11423292585860303,0.1776582572213075,0.19865925314040106,0.3763175103617086,0.16666666666666666
2021-07-13,VN:VCI,-0.09394432220415183,0,0.0,-0.20433610677719116,0.2630450129508972,0.2516854405403137,0.11468280851840973,0.16773411631584167,0.20285262167453766,0.37058673799037933,0.16666666666666666
2021-07-23,VN:HDC,0.10499139414802072,0,3.0,-0.12405664283290396,0.25528414198536314,0.23301937727716762,0.11335541814664385,0.17715110676666082,0.22118995582416456,0.39834106259082536,0.16666666666666666
2021-07-23,VN:HDG,0.11006507592190884,0,3.0,-0.14807291328907013,0.2546173930168152,0.2344668209552765,0.11240781843662262,0.20138724148273468,0.19712072610855103,0.3985079675912857,0.16666666666666666
2021-07-23,VN:SJS,0.02400000000000002,0,1.0,-0.19191734921747478,0.2718886197780509,0.2296036831200946,0.11007633306256681,0.1953991546198537,0.19303220941943397,0.3884313640392877,0.16666666666666666
2021-08-04,VN:FTS,0.3275402765444628,0,4.0,-0.11479003727436066,0.25077977776527405,0.2322714775800705,0.11135531961917877,0.19214585423469543,0.21344757080078125,0.4055934250354767,0.16666666666666666
2021-08-04,VN:HDC,0.05263157894736836,0,2.0,-0.11685106071195706,0.2533803861336381,0.23128166622458646,0.11368703012401588,0.18211045725561337,0.21954046026214613,0.4016509175177595,0.16666666666666666
2021-08-04,VN:VND,0.06425702811244971,0,3.0,-0.13367665112785954,0.25359964937566926,0.23488322425372654,0.11016097166003969,0.1943064375439235,0.207049717166641,0.4013561547105645,0.16666666666666666
2021-08-04,VN:VCI,0.16290596676737157,0,4.0,-0.1649427836396875,0.25637870644958755,0.2452849411176899,0.11318538914344625,0.17720235620137517,0.20794860708790114,0.38515096328927634,0.16666666666666666
2021-08-04,VN:SSI,0.10035278616058152,0,3.0,-0.18994915909951526,0.27232286942726824,0.22997037090294892,0.11025213696626135,0.1902422947490728,0.19721232795444865,0.3874546227035215,0.16666666666666666
2021-08-04,VN:SJS,-0.020537124802527562,0,0.0,-0.19846125242801382,0.27338135649832124,0.23086424515939125,0.11068067119539785,0.1909817485657595,0.1940919785811302,0.3850737271468897,0.16666666666666666
2021-08-16,VN:FRT,0.0071428571428571175,4,1.0,0.002685338238735957,0.22730614075581623,0.2321039718977811,0.11006142862095364,0.17165532580274845,0.25887313292270053,0.430528458725449,0.16666666666666666
2021-08-16,VN:DIG,0.05162241887905594,1,2.0,-0.09734168068518151,0.23746763244464203,0.2398353970148923,0.11498161465039165,0.19800173056115325,0.20971362532892077,0.407715355890074,0.16666666666666666
2021-08-16,VN:HDC,-0.004524886877827927,0,1.0,-0.11685106071195706,0.2533803861336381,0.23128166622458646,0.11368703012401588,0.18211045725561337,0.21954046026214613,0.4016509175177595,0.16666666666666666
2021-08-16,VN:DCM,0.10874200426439229,0,3.0,-0.11793288237056487,0.2412903534981503,0.23927573146594372,0.1147132928754898,0.20551768822915292,0.19920293393126326,0.40472062216041615,0.16666666666666666
2021-08-16,VN:FTS,0.0722519654656828,0,3.0,-0.11926312655759508,0.2553616147088884,0.2330901009359203,0.11338982646621892,0.17176671198184257,0.22639174590712974,0.3981584578889723,0.16666666666666666
2021-08-16,VN:SSI,-0.014500641449286533,0,1.0,-0.1267735641185408,0.2522008381456012,0.2335876340629513,0.1119863225223672,0.19323466430254782,0.20899054096653252,0.40222520526908034,0.16666666666666666
2021-08-26,VN:NKG,0.21468144044321313,0,4.0,-0.13335043092555976,0.25298073699339674,0.2343099993891269,0.11233263379087571,0.1938322172028406,0.20654441262376,0.4003766298266006,0.16666666666666666
2021-08-26,VN:DCM,0.03519668737060022,0,2.0,-0.13670993564255202,0.24342956918483216,0.24139709539547316,0.11573031403207927,0.20733974465264537,0.19210327673497005,0.39944302138761545,0.16666666666666666
2021-08-26,VN:FTS,0.12614732878324308,0,4.0,-0.1466023900121094,0.2661860247524675,0.22970179871169033,0.1117415411510834,0.16926981256500165,0.22310082281975713,0.3923706353847588,0.16666666666666666
2021-08-26,VN:HDC,0.015748031496062964,0,1.0,-0.17923962802827909,0.25941696376477236,0.24292055900513293,0.11639553135044081,0.18001903325290927,0.20124791262674463,0.38126694587965393,0.16666666666666666
2021-08-26,VN:CTS,-0.005244755244755317,0,1.0,-0.19040520347352918,0.27297672425972874,0.230522541474383,0.10811579891953021,0.19069908417240466,0.19768585117395332,0.388384935346358,0.16666666666666666
2021-08-26,VN:VND,0.055118110236220375,0,2.0,-0.19040520347352918,0.27297672425972874,0.230522541474383,0.10811579891953021,0.19069908417240466,0.19768585117395332,0.388384935346358,0.16666666666666666
2021-09-09,VN:NKG,0.008403361344537785,0,1.0,-0.12593285927076425,0.2568833270204563,0.23447908810494972,0.11406551471450202,0.1668312574450859,0.22774081271500607,0.394572070160092,0.16666666666666666
2021-09-09,VN:DGW,0.17031956270366866,0,4.0,-0.13120551211825737,0.25533371783295694,0.23909696580325118,0.11337743530605085,0.1658248727645744,0.22636700829316664,0.39219188105774105,0.16666666666666666
2021-09-09,VN:VND,-0.051039697542533013,0,0.0,-0.14272731967947833,0.25712201765543274,0.23382582467275334,0.10966503946974991,0.1934316960999875,0.20595542210207649,0.39938711820206396,0.16666666666666666
2021-09-09,VN:FTS,-0.04586334959058569,0,0.0,-0.1466023900121094,0.2661860247524675,0.22970179871169033,0.1117415411510834,0.16926981256500165,0.22310082281975713,0.3923706353847588,0.16666666666666666
2021-09-09,VN:HDC,0.06717557251908413,0,3.0,-0.1484922010563895,0.25265294125189675,0.23658665838400528,0.11336063509165767,0.20139919071347123,0.19600057455896902,0.39739976527244025,0.16666666666666666
2021-09-09,VN:SSI,-0.08987537181369787,0,0.0,-0.15406344029590968,0.25789607724082814,0.23452972924097162,0.11243796851208665,0.19401400658550888,0.20112221842060468,0.39513622500611356,0.16666666666666666
2021-09-21,VN:HDC,0.2071330589849112,0,4.0,-0.07516984529540172,0.24884225057300552,0.21937919826240543,0.111650852685409,0.1983615428453454,0.22176615563383467,0.4201276984791801,0.16666666666666666
2021-09-21,VN:FRT,0.04413347685683533,1,2.0,-0.11863530818714768,0.2408966648311417,0.2513415738540419,0.11452613429647283,0.1719716587075097,0.22126396831083392,0.3932356270183436,0.16666666666666666
2021-09-21,VN:NKG,0.060439560439560225,0,3.0,-0.12593285927076425,0.2568833270204563,0.23447908810494972,0.11406551471450202,0.1668312574450859,0.22774081271500607,0.394572070160092,0.16666666666666666
2021-09-21,VN:EVF,0.07633587786259555,1,3.0,-0.1319300740329955,0.23177617334318937,0.2630799232310022,0.11019009844318473,0.19520541408086184,0.19974839090176183,0.39495380498262367,0.16666666666666666
2021-09-21,VN:FTS,-0.05424222161035275,0,0.0,-0.1466023900121094,0.2661860247524675,0.22970179871169033,0.1117415411510834,0.16926981256500165,0.22310082281975713,0.3923706353847588,0.16666666666666666
2021-09-21,VN:VND,-0.03591682419659736,1,0.0,-0.16508702318791213,0.2463785467155819,0.2596907220896064,0.1064074372348399,0.18768579558708534,0.1998374983728864,0.38752329395997176,0.16666666666666666
2021-10-01,VN:HDC,0.24966974900924677,0,4.0,-0.08802741897147026,0.25038406625962356,0.22073844404128856,0.11234262753043514,0.1995905667482401,0.21694429542041266,0.41653486216865276,0.16666666666666666
2021-10-01,VN:DPM,0.16272965879265078,1,4.0,-0.08841756249718552,0.2350025098026547,0.237345687667897,0.11625525701806715,0.2038599462467416,0.2075365992646396,0.4113965455113812,0.16666666666666666
2021-10-01,VN:DCM,0.15248226950354615,1,4.0,-0.09758323576425365,0.23685218746739906,0.23921381293555816,0.11468361489003323,0.20316581730791655,0.20608456739909303,0.4092503847070096,0.16666666666666666
2021-10-01,VN:NKG,0.1875,0,4.0,-0.13120551211825737,0.25533371783295694,0.23909696580325118,0.11337743530605085,0.1658248727645744,0.22636700829316664,0.39219188105774105,0.16666666666666666
2021-10-01,VN:EVF,0.21969696969696995,1,4.0,-0.1646323303987881,0.24522463246510529,0.25847446148173625,0.10826112007316589,0.19178817594682646,0.1962516100331661,0.38803978597999256,0.16666666666666666
2021-10-13,VN:EVF,0.19354838709677424,4,4.0,0.0227168940688105,0.2293588450742112,0.21366626877587233,0.11105534103347835,0.19673823723977096,0.24918130787666715,0.4459195451164381,0.16666666666666666
2021-10-13,VN:DCM,0.07246376811594213,1,3.0,-0.0691378096002993,0.23335478504434867,0.23828027432321686,0.11299016734986998,0.19489751175351405,0.22047726152905042,0.41537477328256445,0.16666666666666666
2021-10-13,VN:DPM,0.2189054726368158,0,4.0,-0.08644199564550803,0.23824589486969772,0.23121817926805122,0.1165651779599155,0.20667352244273252,0.20729722545960305,0.41397074790233557,0.16666666666666666
2021-10-13,VN:NKG,0.12049433573635415,0,3.0,-0.11926312655759508,0.2553616147088884,0.2330901009359203,0.11338982646621892,0.17176671198184257,0.22639174590712974,0.3981584578889723,0.16666666666666666
2021-10-13,VN:HDC,0.14132762312633806,0,4.0,-0.14418324720722997,0.26445734303848933,0.22821007498942258,0.11101587779063077,0.17969189450374323,0.21662480967771403,0.39631670418145726,0.16666666666666666
2021-10-13,VN:FTS,0.016386624521710136,0,1.0,-0.14540254853065981,0.2556059918462337,0.23674149458495536,0.11103249920856209,0.1906890989737347,0.20593091538651415,0.39662001436024885,0.16666666666666666
2021-10-25,VN:EVF,0.034482758620689724,0,2.0,-0.06183609274273971,0.23796979728386108,0.22876977579638696,0.11522476203404722,0.1931980521500401,0.22483761273566466,0.41803566488570476,0.16666666666666666
2021-10-25,VN:DPM,0.19866814650388442,0,4.0,-0.10048881098263851,0.24727810735048272,0.23155359751318694,0.10980044968574904,0.19711468966964862,0.21425315578093262,0.41136784545058125,0.16666666666666666
2021-10-25,VN:NKG,-0.06130268199233713,0,0.0,-0.1466023900121094,0.2661860247524675,0.22970179871169033,0.1117415411510834,0.16926981256500165,0.22310082281975713,0.3923706353847588,0.16666666666666666
2021-10-25,VN:FRT,0.15856236786469347,0,4.0,-0.1695408275586613,0.2596654671330889,0.23911537942634165,0.11463642462004496,0.1842599715071908,0.20232275731333366,0.38658272882052447,0.16666666666666666
2021-10-25,VN:PC1,0.1310311170184748,0,4.0,-0.1788791593742245,0.25993773728516306,0.23936610280522858,0.11724488611884246,0.18654012958020164,0.19691114421056427,0.38345127379076593,0.16666666666666666
2021-10-25,VN:FTS,0.20369025754922476,0,4.0,-0.19040520347352918,0.27297672425972874,0.230522541474383,0.10811579891953021,0.19069908417240466,0.19768585117395332,0.388384935346358,0.16666666666666666
2021-11-04,VN:GEX,0.5355822287957221,4,4.0,0.05766433563328288,0.21856440929419413,0.22074368925010696,0.10812336367552525,0.1896002320885693,0.2629683056916044,0.4525685377801737,0.16666666666666666
2021-11-04,VN:FTS,-0.03547694863630069,0,0.0,-0.07302330216695957,0.2503720745333411,0.2207278841517006,0.10875893805149382,0.19183347547550572,0.22830762778795874,0.42014110326346443,0.16666666666666666
2021-11-04,VN:EVF,0.061797752808989026,0,3.0,-0.09657468333429176,0.2420655299156396,0.24093874875927337,0.11720790492927603,0.17108050753536108,0.22870730886044988,0.39978781639581096,0.16666666666666666
2021-11-04,VN:VIX,0.24760741193239677,0,4.0,-0.10269408806001618,0.24102941208902526,0.23901698058742402,0.11209971534611492,0.1973260672494133,0.21052782472802253,0.4078538919774358,0.16666666666666666
2021-11-04,VN:VND,0.1815336463223789,1,4.0,-0.11262712302159966,0.2419789374611876,0.2442622722783041,0.10944260319481057,0.19303934995231592,0.21127683711338183,0.4043161870656977,0.16666666666666666
2021-11-04,VN:FRT,0.02757352941176472,1,1.0,-0.11651894276560926,0.23600370830291945,0.25078555567882127,0.11427278646420261,0.1916018695890625,0.2073360799649942,0.3989379495540567,0.16666666666666666
2021-11-16,VN:HAG,0.06280193236715004,4,3.0,0.166629636040716,0.21266540092731265,0.19811498380769105,0.10297239188207716,0.18241902506280597,0.3038281983201132,0.48624722338291915,0.16666666666666666
2021-11-16,VN:CII,0.003502626970227629,4,1.0,-0.06823456439900166,0.24574277354201912,0.24322635479032295,0.09481851223450553,0.1659473813909452,0.25026497804220715,0.4162123594331524,0.16666666666666666
2021-11-16,VN:EVF,0.016393442622950838,0,1.0,-0.06936708041007011,0.23605952981070033,0.2349607181924528,0.1142998105712249,0.1916471854474605,0.2230327559781614,0.4146799414256219,0.16666666666666666
2021-11-16,VN:CTS,0.020930232558139528,0,1.0,-0.09179650383884463,0.2532562651225368,0.2232705685983683,0.11001180276292269,0.18893613202774723,0.22452523148842501,0.41346136351617224,0.16666666666666666
2021-11-16,VN:VND,0.11798561151079134,0,3.0,-0.09179650383884463,0.2532562651225368,0.2232705685983683,0.11001180276292269,0.18893613202774723,0.22452523148842501,0.41346136351617224,0.16666666666666666
2021-11-16,VN:PC1,0.01464713715046595,1,1.0,-0.09699542820453644,0.2309223860502243,0.24538597464561462,0.11841371655464172,0.2003205269575119,0.20495739579200745,0.40527792274951935,0.16666666666666666
2021-11-26,VN:DBC,0.01953125,1,1.0,-0.038799538919333076,0.22824124821840786,0.2381374222178949,0.10850954719998279,0.19440318499205123,0.23070859737166316,0.4251117823637144,0.16666666666666666
2021-11-26,VN:VIX,-0.010429638854296375,0,1.0,-0.11955769181910614,0.2559922597409448,0.23366573104760452,0.1112002862811046,0.1721908871503042,0.22695083578004188,0.3991417229303461,0.16666666666666666
2021-11-26,VN:HDG,0.027404553853863423,0,1.0,-0.12272790440106107,0.2427510542497353,0.2407242280460664,0.11540773854874785,0.19873552616642493,0.2023814529890255,0.4011169791554504,0.16666666666666666
2021-11-26,VN:EVF,0.0888888888888888,1,3.0,-0.12585726755432092,0.2395552468167319,0.2469239904559848,0.11599243032909722,0.19487944826124454,0.20264888413694154,0.3975283323981861,0.16666666666666666
2021-11-26,VN:VND,0.03461538461538449,0,2.0,-0.12624573613520162,0.2575215082055218,0.2350616139541446,0.11186457342010309,0.16724571461047444,0.22830658980975604,0.3955523044202305,0.16666666666666666
2021-11-26,VN:FTS,-0.14865606143719134,0,0.0,-0.12708278284406915,0.2528159376863227,0.23415734397226595,0.10982052482263427,0.19370595053671189,0.20950024298206515,0.40320619351877707,0.16666666666666666
2021-12-08,VN:HAG,0.4387031408308004,4,4.0,0.08250108361244202,0.22071637213230133,0.2121833860874176,0.10687066614627838,0.1843419373035431,0.2758876383304596,0.4602295756340027,0.16666666666666666
2021-12-08,VN:EVF,-0.09661835748792269,0,0.0,-0.04326731192224609,0.23523084556025206,0.22613671111283434,0.11389855889446968,0.19613667855379543,0.22859720587864846,0.42473388443244386,0.16666666666666666
2021-12-08,VN:SJS,-0.039215686274509776,0,0.0,-0.09864075922850185,0.23991636514289819,0.23283937124189905,0.11616728229078423,0.20812262034964354,0.202954360974775,0.41107698132441856,0.16666666666666666
2021-12-08,VN:HDC,-0.10576923076923084,0,0.0,-0.1405699721063669,0.2528976239695791,0.23767681774015453,0.11164857613516713,0.1926518707372527,0.20512511141784656,0.39777698215509927,0.16666666666666666
2021-12-08,VN:FRT,0.4634525660964228,1,4.0,-0.14491931770177213,0.24200681801125068,0.2571646811701801,0.11717948800669264,0.1710390261328438,0.21260998667903275,0.3836490128118766,0.16666666666666666
2021-12-08,VN:DGC,-0.05383993039124402,1,0.0,-0.15184233856436102,0.24316538507989965,0.25080877168761534,0.11429753729257677,0.1981594085967629,0.19356889734314536,0.39172830593990826,0.16666666666666666
2021-12-20,VN:POW,0.054823544991061235,4,2.0,0.12841807497170676,0.21344665010939018,0.20715046237633322,0.10559162654864232,0.18516068436444824,0.28865057660118604,0.4738112609656343,0.16666666666666666
2021-12-20,VN:CII,0.4077922077922078,4,4.0,0.025948137044906616,0.24706050753593445,0.21708808839321136,0.08843258023262024,0.15768040716648102,0.28973841667175293,0.44741882383823395,0.16666666666666666
2021-12-20,VN:HAG,0.11372549019607847,0,3.0,-0.07354073171659758,0.2381334436078858,0.23702497603725659,0.1153039998165965,0.17932402954009152,0.23021355099816954,0.40953758053826106,0.16666666666666666
2021-12-20,VN:EVF,-0.1428571428571428,1,0.0,-0.10017817913954913,0.2378203947001578,0.2406891363653798,0.11306361517120554,0.20070196090036746,0.2077248928628894,0.4084268537632568,0.16666666666666666
2021-12-20,VN:DXG,0.07183098591549286,0,3.0,-0.1108265626867651,0.24881025221905662,0.24018762110964875,0.1114201727725501,0.17218234493649212,0.2273996089622524,0.3995819538987445,0.16666666666666666
2021-12-20,VN:TPB,0.055276381909547645,0,2.0,-0.11275494350690263,0.24013640523261737,0.23813142414684796,0.11664011590123435,0.20453481833342058,0.20055723638587974,0.4050920547193003,0.16666666666666666
2021-12-30,VN:CTS,-0.16286644951140072,0,0.0,-0.13721005618572235,0.25483667850494385,0.2346687614917755,0.11006037890911102,0.19373629987239838,0.20669788122177124,0.4004341810941696,0.16666666666666666
2021-12-30,VN:HAG,0.04561403508771922,0,2.0,-0.14139156570254136,0.2655385235525118,0.22914307673063414,0.10904797572821288,0.17371228984416612,0.2225581341444751,0.3962704239886412,0.16666666666666666
2021-12-30,VN:HDG,-0.14284485724114204,1,0.0,-0.16270615524141835,0.2436017597526705,0.25416392656037046,0.11581217756447593,0.194182981420673,0.19223915470181005,0.38642213612248305,0.16666666666666666
2021-12-30,VN:VND,-0.24637681159420288,0,0.0,-0.17049853376672763,0.26107480927501014,0.23742046775355585,0.11135094529873918,0.19123600280854103,0.19891777486415374,0.39015377767269477,0.16666666666666666
2021-12-30,VN:VIX,-0.19637080867850099,1,0.0,-0.1733244087297381,0.25147772210058156,0.2571274974514171,0.10860969288065572,0.17881164221184911,0.2039734453554965,0.38278508756734564,0.16666666666666666
2022-01-12,VN:TPB,-0.024418604651162745,0,0.0,-0.11078567307655485,0.23991257369909105,0.2379094702939926,0.11653139666327551,0.2043441740716618,0.20130238527197902,0.4056465593436408,0.16666666666666666
2022-01-12,VN:SJS,-0.029761904761904767,0,0.0,-0.11793288237056487,0.2412903534981503,0.23927573146594372,0.1147132928754898,0.20551768822915292,0.19920293393126326,0.40472062216041615,0.16666666666666666
2022-01-12,VN:HAG,-0.20538720538720534,0,0.0,-0.14139156570254136,0.2655385235525118,0.22914307673063414,0.10904797572821288,0.17371228984416612,0.2225581341444751,0.3962704239886412,0.16666666666666666
2022-01-12,VN:EVF,-0.17847769028871385,0,0.0,-0.1625364608139498,0.25602782344880304,0.24071096421877214,0.11540138234350195,0.1854895096754173,0.20237032031350555,0.3878598299889229,0.16666666666666666
2022-01-12,VN:STB,0.02449567723342927,0,1.0,-0.17524036765098572,0.2609308958053589,0.24028067290782928,0.11519508063793182,0.18028460443019867,0.20330874621868134,0.38359335064888,0.16666666666666666
2022-01-24,VN:NKG,0.30148270181219106,0,4.0,-0.14563278745388397,0.2640501241084179,0.24185262440254818,0.07559318039124324,0.2126880570300813,0.20581601406770933,0.41850407109779064,0.16666666666666666
2022-01-24,VN:HSG,0.21298495645289006,0,4.0,-0.20813534688647062,0.27845596644753295,0.2550474348281152,0.07971732885277281,0.1697345189064476,0.21704475096513143,0.38677926987157907,0.16666666666666666
2022-01-24,VN:SZC,0.06666666666666687,1,3.0,-0.2507084459066391,0.24481652677059174,0.29537656903266907,0.10808095335960388,0.1691507250070572,0.18257522583007812,0.3517259508371353,0.16666666666666666
2022-02-10,VN:FRT,0.2608247422680412,0,4.0,-0.18425429141900374,0.25815582660072783,0.25157073515013956,0.11463055185423124,0.16765767585721128,0.2079852105376901,0.3756428863949014,0.16666666666666666
2022-02-10,VN:SZC,0.03333333333333344,0,2.0,-0.19155336916446686,0.25984814763069153,0.2517606019973755,0.11471708118915558,0.16744481027126312,0.20622935891151428,0.3736741691827774,0.16666666666666666
2022-02-10,VN:MBB,0.01925925925925931,1,1.0,-0.3194671648859867,0.24526318359531796,0.30452191149021884,0.11062592765779955,0.20359684071845918,0.13599213653820447,0.33958897725666365,0.16666666666666666
2022-02-22,VN:FRT,0.1051724137931036,0,3.0,-0.1466023900121094,0.2661860247524675,0.22970179871169033,0.1117415411510834,0.16926981256500165,0.22310082281975713,0.3923706353847588,0.16666666666666666
2022-02-22,VN:DXG,0.03350515463917514,1,2.0,-0.16617736467983368,0.2519369460930965,0.2524016239106897,0.111224459278948,0.17877579001748248,0.20566118069978329,0.3844369707172658,0.16666666666666666
2022-02-22,VN:HDG,-0.004275599128540253,1,1.0,-0.20825721944145015,0.23268105783108048,0.2877582993435353,0.11314945260135688,0.18795918488380864,0.1784520053402187,0.36641119022402735,0.16666666666666666
2022-03-04,VN:DXG,0.027272727272727337,1,1.0,-0.12964926660060883,0.24028393626213074,0.25533387064933777,0.11634527146816254,0.1698213666677475,0.21821555495262146,0.38803692162036896,0.16666666666666666
2022-03-04,VN:VHC,0.06483790523690769,0,3.0,-0.19844005854099944,0.25930735275665406,0.2512366454956185,0.11447832648099715,0.1785440580655332,0.196433617201197,0.3749776752667302,0.16666666666666666
2022-03-04,VN:DPM,0.09452736318407973,0,3.0,-0.2046133042756707,0.2622006315648744,0.25344387452137096,0.10615407246810414,0.18317100951585202,0.19503041192979848,0.3782014214456505,0.16666666666666666
2022-03-16,VN:VHC,0.13668224299065423,0,4.0,-0.21821088113438136,0.2658848941675621,0.25125946471425303,0.11448871577581543,0.1719154787697429,0.19645144657262653,0.3683669253423694,0.16666666666666666
2022-03-16,VN:HDG,0.01559708854347197,1,1.0,-0.21955522894859314,0.24535726010799408,0.2813580632209778,0.1106683611869812,0.17271527647972107,0.18990103900432587,0.36261631548404694,0.16666666666666666
2022-03-16,VN:PC1,0.07256235827664392,1,3.0,-0.22007213368958134,0.24593488688815468,0.2820204475371506,0.10857468017507582,0.17312188317535904,0.1903481022242598,0.36346998539961883,0.16666666666666666
2022-03-28,VN:ANV,-0.0848214285714286,1,0.0,-0.1416843629746004,0.2339257212755933,0.26551978791058856,0.10879586976781973,0.19183037460482216,0.1999282464411763,0.39175862104599846,0.16666666666666666
2022-03-28,VN:DXG,-0.13019693654266962,1,0.0,-0.18751380639099302,0.23706456135717924,0.2831133796604954,0.11270428029059319,0.16450686139960358,0.2026109172921286,0.3671177786917322,0.16666666666666666
2022-03-28,VN:DPM,-0.023004059539918797,0,0.0,-0.1914546163163391,0.25959881753327224,0.2529768906090127,0.11276693474103608,0.16859480487413994,0.20606255224253905,0.374657357116679,0.16666666666666666
2022-04-07,VN:CII,-0.2698412698412699,0,0.0,-0.20435401340527792,0.269369536577846,0.2599423469615948,0.08140370812854823,0.18424140995201296,0.20504299837999795,0.38928440833201094,0.16666666666666666
2022-04-07,VN:FRT,-0.046052631578947345,0,0.0,-0.35090890709650124,0.34654469987211006,0.2068777156294243,0.09845200559303144,0.14719294953372516,0.20093262937170903,0.34812557890543416,0.16666666666666666
2022-04-07,VN:HCM,-0.2270439879225623,0,0.0,-0.35840804874897003,0.28967806696891785,0.2722262144088745,0.10194344818592072,0.17913024127483368,0.15702202916145325,0.3361522704362869,0.16666666666666666
2022-04-20,VN:ANV,-0.00717948717948691,0,1.0,-0.11189076221070615,0.24204566894437618,0.24002474367600124,0.11257236367037621,0.19848912806444519,0.20686809564480113,0.4053572237092463,0.16666666666666666
2022-04-20,VN:VCG,-0.11165048543689304,0,0.0,-0.1290598194441226,0.279944922328816,0.21935481996305556,0.09203952413738482,0.1671366219649222,0.24152411160582138,0.4086607335707436,0.16666666666666666
2022-04-20,VN:DIG,-0.23741007194244612,0,0.0,-0.16391910856841663,0.26158121618004465,0.2395912593542227,0.09406054160089108,0.2106993825837878,0.1940676002810538,0.4047669828648416,0.16666666666666666
2022-04-20,VN:TCH,-0.1185897435897435,0,0.0,-0.1742954649241129,0.26659952799679254,0.2485487536028399,0.09060667185167456,0.18103774842507397,0.21320729812361902,0.39424504654869297,0.16666666666666666
2022-04-20,VN:HHV,-0.11019424565503144,0,0.0,-0.1763128936290741,0.26664212346076965,0.2505781054496765,0.08847169578075409,0.18106669187545776,0.21324138343334198,0.39430807530879974,0.16666666666666666
2022-04-20,VN:VIX,-0.21377132027795331,0,0.0,-0.17671634125175817,0.26725220481118406,0.25115144065654693,0.08638612116585581,0.1814809577056694,0.21372927566074373,0.39521023336641314,0.16666666666666666
2022-05-04,VN:CII,-0.07555555555555549,0,0.0,-0.12222382153070371,0.25266485841576325,0.23744289046281075,0.08167093064626461,0.23589385518668915,0.1923274652884722,0.42822132047516137,0.16666666666666666
2022-05-04,VN:VCG,-0.12599681020733655,0,0.0,-0.17348517089742788,0.27929826946634945,0.23183269280569196,0.09492247339511349,0.17094906782472727,0.22299749650811784,0.39394656433284514,0.16666666666666666
2022-05-04,VN:HCM,-0.10117043450376784,0,0.0,-0.18623235821723938,0.2695482075214386,0.25330910086631775,0.08653497695922852,0.1750422716140747,0.21556544303894043,0.39060771465301514,0.16666666666666666
2022-05-04,VN:SZC,-0.12028725314183131,0,0.0,-0.20008153766211406,0.2675021827034164,0.24501448322055153,0.08668330863080974,0.22166273992517427,0.179137285520048,0.4008000254452223,0.16666666666666666
2022-05-04,VN:DIG,-0.03442622950819674,0,0.0,-0.2062734575949149,0.26749933563170836,0.2450118584934431,0.09288710632583816,0.2154663269360759,0.1791353726129345,0.39460169954901037,0.16666666666666666
2022-05-16,VN:OCB,0.15606936416184958,4,4.0,0.24535970024228537,0.2296445335500757,0.18356072629152645,0.07241114866120892,0.1405576893604146,0.3738259021367743,0.5143835914971889,0.16666666666666666
2022-05-16,VN:MSB,0.11780821917808182,4,3.0,0.2340933715416993,0.23051263735462185,0.1842546192445549,0.07673418636223951,0.13762384858166946,0.3708747084569142,0.5084985570385837,0.16666666666666666
2022-05-16,VN:TCB,0.13034542199827626,4,4.0,0.23123258524561363,0.23743124483101996,0.18180693821465177,0.07464347090306483,0.12433467898022144,0.38178366707104194,0.5061183460512634,0.16666666666666666
2022-05-16,VN:PLX,0.13810741687979533,4,4.0,0.20765335084299175,0.2419741063574662,0.187511705327343,0.06760074691471656,0.1267136139156813,0.3761998274847929,0.5029134414004742,0.16666666666666666
2022-05-16,VN:CTD,0.2792594148117038,4,4.0,0.20267344558223832,0.21427212176608768,0.19976432174970982,0.07044779351842866,0.2000495150674243,0.3154662478983496,0.5155157629657738,0.16666666666666666
2022-05-16,VN:HDG,0.3324902048306304,4,4.0,0.20144662261009216,0.21466855704784393,0.2017357051372528,0.06712619960308075,0.20041963458061218,0.3160499036312103,0.5164695382118225,0.16666666666666666
2022-05-26,VN:PAN,0.06756756756756754,0,3.0,-0.10133981251687652,0.24919216710960118,0.2341794266918558,0.08469059684765651,0.2326516703075914,0.19928613904329512,0.43193780935088655,0.16666666666666666
2022-05-26,VN:SSI,-0.11884025397538911,0,0.0,-0.10193055488427893,0.2506447639076127,0.2355445088615824,0.07935506554860378,0.23400784157187338,0.20044782011032775,0.4344556616822011,0.16666666666666666
2022-05-26,VN:STB,-0.08035714285714268,0,0.0,-0.12038271487899765,0.2550442592812854,0.2377758693032226,0.07438136858884599,0.23811533266649643,0.19468317016014963,0.43279850282664606,0.16666666666666666
2022-05-26,VN:CTD,0.08501987159889945,0,3.0,-0.12078538177056963,0.2519149407173711,0.2367381680983851,0.08385869610730719,0.23519372239131564,0.192294472685621,0.42748819507693664,0.16666666666666666
2022-05-26,VN:DBC,-0.09486166007905139,0,0.0,-0.12078538177056963,0.2519149407173711,0.2367381680983851,0.08385869610730719,0.23519372239131564,0.192294472685621,0.42748819507693664,0.16666666666666666
2022-05-26,VN:CII,-0.15261958997722103,0,0.0,-0.12221051297297647,0.2526373173059032,0.23741701850976726,0.08177102052528334,0.2358681471694951,0.19230649648955106,0.4281746436590462,0.16666666666666666
2022-06-07,VN:HCM,-0.11838062533887583,0,0.0,-0.06233276426792145,0.2525891959667206,0.23548701405525208,0.08111722767353058,0.18328048288822174,0.24752607941627502,0.43080656230449677,0.16666666666666666
2022-06-07,VN:NKG,-0.21728971962616828,0,0.0,-0.10196338366053881,0.2507255319343761,0.23562041888489382,0.07905836971718737,0.23408325983397826,0.20051241962956445,0.4345956794635427,0.16666666666666666
2022-06-07,VN:DXG,-0.06697459584295606,0,0.0,-0.1025723360287224,0.25222286394072424,0.23702753903696283,0.07355853115351102,0.2354812008479148,0.20170986502088706,0.43719106586880185,0.16666666666666666
2022-06-07,VN:CTD,-0.06498923206935092,0,0.0,-0.10300418811294576,0.24791832452951612,0.23298232430951538,0.08252828629708503,0.24732734447216498,0.18924372039171844,0.4365710648638834,0.16666666666666666
2022-06-07,VN:STB,0.054455445544554504,0,2.0,-0.11257344316581719,0.2543114683879693,0.22962931946472348,0.08450421565019763,0.2374311799193743,0.1941238165777353,0.4315549964971096,0.16666666666666666
2022-06-07,VN:HDC,-0.2435349031711761,0,0.0,-0.13586202466282282,0.2617981174856144,0.2397899365393808,0.07494846098048182,0.2194028231412593,0.20406066185326371,0.423463484994523,0.16666666666666666
2022-06-17,VN:MSB,0.07788161993769482,4,3.0,0.23816921171798122,0.23306946803732914,0.18481910504131174,0.0679726163740846,0.1391503682605977,0.37498844228667677,0.5141388105472745,0.16666666666666666
2022-06-17,VN:VCG,-0.04901582770867985,4,0.0,0.16444085415869314,0.22818219491703662,0.20603599990877508,0.0748861948036686,0.15494997683949785,0.3359456335310218,0.49089561037051965,0.16666666666666666
2022-06-17,VN:SSI,0.05743433207486537,4,3.0,0.16197305314343224,0.22892270129461953,0.2067046386486054,0.07338469202128454,0.1554528416897043,0.3355351263457862,0.4909879680354905,0.16666666666666666
2022-06-17,VN:HCM,0.2950572982984143,4,4.0,0.1491781462045152,0.23348606948937423,0.205481319088628,0.07295038496739875,0.15453284863730632,0.33354937781729266,0.488082226454599,0.16666666666666666
2022-06-17,VN:HSG,0.08512919481076442,4,3.0,0.14382547247279787,0.23495496984537667,0.20677404259721965,0.0734093269214729,0.1492138665110906,0.33564779412484014,0.4848616606359307,0.16666666666666666
2022-06-17,VN:OCB,0.05882352941176472,0,3.0,-0.05106496658727622,0.2689098933663996,0.21070817975079478,0.0893550786568201,0.1645906965556533,0.2664361516703322,0.43102684822598547,0.16666666666666666
2022-06-29,VN:NKG,0.05013192612137218,0,2.0,-0.10088012887060349,0.25269844563234345,0.2355888880285124,0.07369723006269567,0.2359252221303011,0.20209021414614736,0.43801543627644846,0.16666666666666666
2022-06-29,VN:VCG,0.07567448869995741,0,3.0,-0.10098408012115834,0.26091172902417586,0.2355889940919132,0.08669739832434954,0.1771753851000162,0.23962649345954518,0.4168018785595614,0.16666666666666666
2022-06-29,VN:DXG,0.0759803921568627,0,3.0,-0.1015162720598457,0.2496260889041682,0.23458719694969668,0.08309676871761223,0.23305678815885836,0.19963315726966452,0.4326899454285229,0.16666666666666666
2022-06-29,VN:VND,0.018867924528301883,0,1.0,-0.10193055488427893,0.2506447639076127,0.2355445088615824,0.07935506554860378,0.23400784157187338,0.20044782011032775,0.4344556616822011,0.16666666666666666
2022-06-29,VN:NLG,0.021419009370816644,0,1.0,-0.1020304262638092,0.25089043378829956,0.23577538132667542,0.07845266163349152,0.23423722386360168,0.20064429938793182,0.4348815232515335,0.16666666666666666
2022-06-29,VN:HDC,0.08996088657105594,0,3.0,-0.1025723360287224,0.25222286394072424,0.23702753903696283,0.07355853115351102,0.2354812008479148,0.20170986502088706,0.43719106586880185,0.16666666666666666
2022-07-11,VN:HCM,0.13472209587919592,0,4.0,-0.10081293878516728,0.26484020755171156,0.2330747922338607,0.08090805766260452,0.18041161655152987,0.24076532600029332,0.4211769425518232,0.16666666666666666
2022-07-11,VN:NLG,0.05524861878453047,0,2.0,-0.10186301551248933,0.25047866443092615,0.23538840693937269,0.0799651846276665,0.2338527677153337,0.20031497628670097,0.4341677440020347,0.16666666666666666
2022-07-11,VN:HDC,0.19422572178477693,0,4.0,-0.10196338366053881,0.2507255319343761,0.23562041888489382,0.07905836971718737,0.23408325983397826,0.20051241962956445,0.4345956794635427,0.16666666666666666
2022-07-11,VN:DXG,0.1435406698564592,0,4.0,-0.1020304262638092,0.25089043378829956,0.23577538132667542,0.07845266163349152,0.23423722386360168,0.20064429938793182,0.4348815232515335,0.16666666666666666
2022-07-11,VN:MSB,0.09696969696969693,0,3.0,-0.13041563720749738,0.2828858281041929,0.22165921991047918,0.08250111587348925,0.16889243331230977,0.24406140279952893,0.41295383611183867,0.16666666666666666
2022-07-11,VN:DGW,0.13747130035483202,0,4.0,-0.1468605802398747,0.2589340430815803,0.24333439042167693,0.08048921583625031,0.2201428049760221,0.19709954568447036,0.4172423506604924,0.16666666666666666
2022-07-21,VN:SSI,0.1572402163985105,0,4.0,-0.05958866806676977,0.25280847015342994,0.23289327772438775,0.08311767504583262,0.1834396041882215,0.24774097288812819,0.4311805770763497,0.16666666666666666
2022-07-21,VN:HSG,0.13391530460624068,0,4.0,-0.07537982036277247,0.26117680060513615,0.22985078908169543,0.08160209093098546,0.1779160688351706,0.2494542505470123,0.42737031938218295,0.16666666666666666
2022-07-21,VN:DIG,0.11950549450549453,0,3.0,-0.14876293089279324,0.2603311616281021,0.23844630236763664,0.08401704084923985,0.2240652955789952,0.19314019957602618,0.41720549515502137,0.16666666666666666
2022-07-21,VN:NKG,0.1156812339331621,0,3.0,-0.16259875009204255,0.2645216682747628,0.24858539732491214,0.08340854508461598,0.19193879484902304,0.21154559446668605,0.40348438931570907,0.16666666666666666
2022-07-21,VN:CTS,0.20994475138121538,0,4.0,-0.18366398464631983,0.26550424890232827,0.24950879065718623,0.09023443133337591,0.19265175439869625,0.2021007747084133,0.39475252910710956,0.16666666666666666
2022-07-21,VN:HPG,0.03964914360220484,0,2.0,-0.18409377473662625,0.2851078531526614,0.2254050688848277,0.08931275523686971,0.188821644997758,0.21135267772788313,0.40017432272564113,0.16666666666666666
2022-08-02,VN:DXS,0.05714285714285716,0,2.0,-0.17296048612235881,0.26918646091551046,0.24459947098941792,0.08602174179207366,0.19037274590791584,0.20981958039508208,0.40019232630299795,0.16666666666666666
2022-08-02,VN:NKG,0.12661498708010366,0,4.0,-0.18574058456001913,0.26850613151472413,0.25232981883496586,0.07994833350335558,0.1948299349895139,0.20438578115744052,0.3992157161469544,0.16666666666666666
2022-08-02,VN:HSG,0.15304606240713214,0,4.0,-0.19764659120758832,0.27486367375471155,0.24189603377008237,0.09263204976129236,0.18723969535591034,0.20336854735800342,0.39060824271391376,0.16666666666666666
2022-08-02,VN:FRT,0.17146776406035658,0,4.0,-0.20559467222098504,0.266619084279097,0.24420562204565388,0.09587208110189377,0.21475730676384786,0.17854590580950747,0.3933032125733553,0.16666666666666666
2022-08-02,VN:HPG,0.0545764305017038,0,2.0,-0.25135410198476466,0.29393114325711983,0.23238070760455545,0.0919111329952866,0.19466514015204578,0.18711187599099235,0.38177701614303816,0.16666666666666666
2022-08-12,VN:VGC,0.018099547511312153,0,1.0,-0.2233333207170165,0.2720162651543696,0.2493762895279017,0.10919660655249973,0.16874617841083342,0.2006646603543955,0.36941083876522895,0.16666666666666666
2022-08-12,VN:DGC,0.09278669502997494,1,3.0,-0.4662151942785027,0.28964798779344597,0.29302369674969625,0.10322171887094621,0.22210871511373773,0.09199788147217389,0.3141065965859116,0.16666666666666666
2022-08-12,VN:FRT,0.05200945626477549,0,2.0,-0.46923936995150545,0.2926639529268756,0.289953401984173,0.10429651724408516,0.2201303178033138,0.09295581004155248,0.3130861278448663,0.16666666666666666
2022-08-24,VN:VGC,-0.12857142857142856,0,0.0,-0.2852436814884174,0.29965422227205835,0.237475922051279,0.10585721818783622,0.16248458987067468,0.1945280476181518,0.3570126374888265,0.16666666666666666
2022-08-24,VN:BCM,0.022468046761992877,0,1.0,-0.3379663352819805,0.2842473068516902,0.28051924496502245,0.10264452470358815,0.15413032357297596,0.1784585999067232,0.33258892347969915,0.16666666666666666
2022-08-24,VN:TLG,0.19096682053505387,1,4.0,-0.3602957794004132,0.2583197893577861,0.3019756905292938,0.12166202541451099,0.1777654995523654,0.14027699514604372,0.3180424946984091,0.16666666666666666
2022-09-07,VN:DGC,-0.008478290816645861,0,1.0,-0.1794797344467024,0.25967693522331814,0.23784706173723236,0.09865177496263217,0.22992725841646833,0.17389696966034895,0.4038242280768173,0.16666666666666666
2022-09-07,VN:TLG,-0.016670747178882284,1,1.0,-0.25593958223001106,0.24913308957666702,0.2786900040800124,0.11651517935435818,0.19030685297458946,0.16535487401437296,0.3556617269889624,0.16666666666666666
2022-09-07,VN:VSC,0.017931034482758568,0,1.0,-0.351542644609719,0.2867585484704051,0.2694825888309461,0.10066684560478134,0.19472699302569763,0.14836502406816984,0.3430920170938675,0.16666666666666666
2022-09-19,VN:DGC,-0.18297172003969986,0,0.0,-0.23692289524353055,0.2689073443913611,0.24630152239579384,0.0921443795892085,0.23810019131228755,0.15454656231134897,0.39264675362363655,0.16666666666666666
2022-09-19,VN:ANV,-0.19094922737306852,0,0.0,-0.27581634090034884,0.2832085980769769,0.2594005070850064,0.09704487409275495,0.17069067915191208,0.18965534159334965,0.36034602074526173,0.16666666666666666
2022-09-19,VN:BCM,-0.0729662606960425,0,0.0,-0.30107974557459727,0.305696602080813,0.23463941760898505,0.10691563625759429,0.16054381190920156,0.1922045321434061,0.3527483440526077,0.16666666666666666
2022-09-29,VN:DGC,0.1446255449281022,0,4.0,-0.10171674495091276,0.25011906773206793,0.2350504766419672,0.08128600064772369,0.233517042801292,0.20002741217694914,0.4335444549782411,0.16666666666666666
2022-09-29,VN:ANV,-0.0756192959582791,0,0.0,-0.2798086172399338,0.2873078797069824,0.2631552140964504,0.08397505927160205,0.1731613375794489,0.19240050934551628,0.3655618469249652,0.16666666666666666
2022-09-29,VN:FRT,0.12394366197183104,0,4.0,-0.4166638286163198,0.3056820057755858,0.27370196784810696,0.09888067170143627,0.17506855856678305,0.14666679610808786,0.3217353546748709,0.16666666666666666
2022-10-11,VN:KDH,-0.05737704918032793,4,0.0,0.22726923057981407,0.2408392113384663,0.17617565262186785,0.07530949208654841,0.1302279820276202,0.37744766192549717,0.5076756439531174,0.16666666666666666
2022-10-11,VN:TCB,-0.04791066282420753,4,0.0,0.2226494997739792,0.2437797635793686,0.17832668125629425,0.07141399383544922,0.12442341446876526,0.3820561468601227,0.5064795613288879,0.16666666666666666
2022-10-11,VN:NLG,-0.012738853503184822,4,1.0,0.20759336650371552,0.21576981246471405,0.19482830166816711,0.07169735431671143,0.2014477699995041,0.3162567615509033,0.5177045315504074,0.16666666666666666
2022-10-11,VN:STB,0.012618296529968598,4,1.0,0.16402677702823942,0.2276076010582566,0.20551718158968743,0.07721574374390412,0.15455978648186366,0.3350996871262882,0.4896594736081519,0.16666666666666666
2022-10-11,VN:LPB,0.17042136003337505,4,4.0,0.15170361440711355,0.232782935338831,0.204862539578882,0.0742547752169097,0.15406747506709714,0.3340322747982802,0.4880997498653773,0.16666666666666666
2022-10-11,VN:HT1,-0.056459330143540654,4,0.0,0.1489504735838657,0.23312968189365924,0.20516768250739337,0.07436538543079335,0.15429698045773044,0.33304026971042355,0.487337250168154,0.16666666666666666
2022-10-21,VN:KDH,-0.14884696016771493,4,0.0,0.2525503969542505,0.23448050464031825,0.17552032282112587,0.0732610937985289,0.1364444284240412,0.38029365031598583,0.5167380787400271,0.16666666666666666
2022-10-21,VN:TCB,0.054554034922132955,4,2.0,0.22230529205728544,0.2434029150262692,0.17805101110079147,0.07284946793950697,0.12423107865624933,0.38146552727718297,0.5056966059334322,0.16666666666666666
2022-10-21,VN:DXS,-0.3563829787234043,4,0.0,0.14382547247279787,0.23495496984537667,0.20677404259721965,0.0734093269214729,0.1492138665110906,0.33564779412484014,0.4848616606359307,0.16666666666666666
2022-10-21,VN:MSN,0.14973262032085577,4,4.0,0.13275215029716492,0.23347945511341095,0.20963513851165771,0.08257095515727997,0.1392827033996582,0.33503174781799316,0.47431445121765137,0.16666666666666666
2022-10-21,VN:TPB,0.01990049751243772,4,1.0,-0.023022667259653296,0.25690151026551455,0.22608827728296152,0.08194829767788343,0.15325519899294374,0.28180671578069677,0.43506191477364053,0.16666666666666666
2022-10-21,VN:NLG,-0.1869918699186992,0,0.0,-0.03241330240309381,0.2446617970766814,0.2209161868281877,0.08129776650826187,0.22842202059528138,0.22470222899158765,0.45312424958686903,0.16666666666666666
2022-11-02,VN:KDH,-0.03913043478260858,4,0.0,0.25510942966398176,0.23367771409021104,0.17491939216371727,0.07301027017893018,0.13940099712616189,0.3789916264409796,0.5183926235671414,0.16666666666666666
2022-11-02,VN:HPG,-0.016301489921121792,4,1.0,0.250884687495057,0.23500304538745265,0.17591147959562095,0.07342435891090486,0.13451997434645988,0.3811411417595617,0.5156611161060216,0.16666666666666666
2022-11-02,VN:VTP,-0.2378268010120289,4,0.0,0.24060836019851384,0.23561971942870555,0.1763730724024656,0.07361702950076891,0.14055948587772932,0.3738306927903306,0.5143901786680599,0.16666666666666666
2022-11-02,VN:TCB,-0.09915087057209027,4,0.0,0.22762105850232262,0.24121206459674094,0.176448385943881,0.07387796624277608,0.13042959279351846,0.3780319904230835,0.508461583216602,0.16666666666666666
2022-11-02,VN:KBC,-0.08379888268156421,4,0.0,0.20759336650371552,0.21576981246471405,0.19482830166816711,0.07169735431671143,0.2014477699995041,0.3162567615509033,0.5177045315504074,0.16666666666666666
2022-11-02,VN:DXS,-0.35058214747736083,4,0.0,0.14382547247279787,0.23495496984537667,0.20677404259721965,0.0734093269214729,0.1492138665110906,0.33564779412484014,0.4848616606359307,0.16666666666666666
2022-11-14,VN:PDR,-0.44057377049180324,4,0.0,0.27846174149559244,0.2354636358876797,0.17224338779034754,0.07211735153285675,0.11871884851693248,0.40145677627218346,0.5201756247891159,0.16666666666666666
2022-11-14,VN:PLX,0.1132075471698113,4,3.0,0.2419739270651473,0.2380748593376918,0.17469621095127338,0.0729171128478001,0.13580377703466512,0.37850803982856956,0.5143118168632347,0.16666666666666666
2022-11-14,VN:TCB,0.1666828935838769,4,4.0,0.2419739270651473,0.2380748593376918,0.17469621095127338,0.0729171128478001,0.13580377703466512,0.37850803982856956,0.5143118168632347,0.16666666666666666
2022-11-14,VN:ANV,0.2658959537572254,4,4.0,0.20759336650371552,0.21576981246471405,0.19482830166816711,0.07169735431671143,0.2014477699995041,0.3162567615509033,0.5177045315504074,0.16666666666666666
2022-11-14,VN:PC1,0.3970588235294117,4,4.0,0.20289947092533112,0.21950872242450714,0.19820432364940643,0.06390261650085449,0.19664743542671204,0.3217369019985199,0.5183843374252319,0.16666666666666666
2022-11-14,VN:CTR,0.2962962962962963,4,4.0,0.19830798068526478,0.22039008481256223,0.19395611168673052,0.06885868696860366,0.20054597106708738,0.3162491454650162,0.5167951165321036,0.16666666666666666
2022-11-24,VN:SJS,0.1925465838509317,4,4.0,0.2820553919060411,0.23429090576497,0.1713855215494179,0.07175817126756397,0.1231080778506971,0.399457323567351,0.5225654014180481,0.16666666666666666
2022-11-24,VN:TCB,0.22804449648711955,4,4.0,0.2512846272343052,0.2348775846147717,0.1758175479187254,0.07338515614431235,0.13498207826180697,0.38093763306038353,0.5159197113221905,0.16666666666666666
2022-11-24,VN:PDR,0.11913357400722036,4,3.0,0.23626533502735703,0.23696723933469116,0.17738177146586434,0.07403804472145505,0.13564430379337525,0.3759686406846142,0.5116129444779894,0.16666666666666666
2022-11-24,VN:CTD,0.3534527653369439,4,4.0,0.2010823071164236,0.21754275586519772,0.19642916614456724,0.07228647280166257,0.19488622538575867,0.3188553798028138,0.5137416051885725,0.16666666666666666
2022-11-24,VN:DIG,0.460905349794239,4,4.0,0.1891794857138242,0.22250873513545796,0.19582062053145827,0.06952062456371261,0.19428246302254387,0.31786755674682726,0.5121500197693711,0.16666666666666666
2022-11-24,VN:EVF,0.09763779527559047,4,3.0,0.143274320017184,0.23596952503965013,0.20766691554089017,0.07208813619482314,0.1456705608118987,0.33860486241273785,0.48427542322463657,0.16666666666666666
2022-12-06,VN:PDR,-0.17419354838709677,4,0.0,0.18734468380104985,0.22340395880189567,0.19660849722766505,0.0698003391191338,0.1896133110701046,0.3205738937812008,0.5101872048513054,0.16666666666666666
2022-12-06,VN:PC1,0.10344827586206895,0,3.0,-0.06316017963379217,0.25873672383867075,0.23362507893983098,0.07325025484151569,0.18083753777658482,0.2535504046033977,0.4343879423799826,0.16666666666666666
2022-12-06,VN:HDC,-0.11011904761904745,0,0.0,-0.06741284034886474,0.25919229564643786,0.22061734558991627,0.09035992891669062,0.18807176315998325,0.241758666686972,0.42983042984695524,0.16666666666666666
2022-12-06,VN:GVR,-0.0034364261168383647,0,1.0,-0.07023051590414386,0.2578347998212218,0.23281069793733053,0.08377129089150699,0.17291664102425103,0.2526665703256896,0.42558321134994065,0.16666666666666666
2022-12-06,VN:SZC,-0.06818181818181812,0,0.0,-0.07537982036277247,0.26117680060513615,0.22985078908169543,0.08160209093098546,0.1779160688351706,0.2494542505470123,0.42737031938218295,0.16666666666666666
2022-12-06,VN:VTP,-0.11003821129815139,0,0.0,-0.07537982036277247,0.26117680060513615,0.22985078908169543,0.08160209093098546,0.1779160688351706,0.2494542505470123,0.42737031938218295,0.16666666666666666
2022-12-16,VN:PDR,0.034482758620689724,4,2.0,0.18734468380104985,0.22340395880189567,0.19660849722766505,0.0698003391191338,0.1896133110701046,0.3205738937812008,0.5101872048513054,0.16666666666666666
2022-12-16,VN:VTP,-0.07893395841826334,0,0.0,-0.06812501004431404,0.2594148237959655,0.22830015591010566,0.08105158121177242,0.1834620847065902,0.2477713543755662,0.4312334390821564,0.16666666666666666
2022-12-16,VN:GVR,-0.060126582278481,0,0.0,-0.07573176976838536,0.2603919227450484,0.21772138936610064,0.0976984433658305,0.1856030239582287,0.2385852205647917,0.4241882445230204,0.16666666666666666
2022-12-16,VN:DXS,0.008968609865470878,0,1.0,-0.08332858979701996,0.2635516822338104,0.23194082081317902,0.08051441609859467,0.17227056622505188,0.251722514629364,0.4239930808544159,0.16666666666666666
2022-12-16,VN:ANV,0.010101010101010166,0,1.0,-0.0878887007857404,0.25758066197676965,0.2401405221192422,0.07512108068642585,0.18690232514808344,0.24025541006947881,0.4271577352175623,0.16666666666666666
2022-12-16,VN:SIP,-0.004178272980501441,0,1.0,-0.08843486076917395,0.25353130887099584,0.22312231528105075,0.07921332924971974,0.24651602094259872,0.19761702565563488,0.4441330465982336,0.16666666666666666
2022-12-28,VN:PDR,0.01858736059479571,4,1.0,0.31028664009064316,0.20761651728823113,0.18271463436102722,0.06486770800654774,0.18136797166025512,0.36343316868393877,0.5448011403441939,0.16666666666666666
2022-12-28,VN:DBC,0.054421768707483054,0,2.0,-0.06718347866559804,0.25831046315565015,0.21986676424940282,0.0934547171971989,0.18743189890039116,0.24093615649735695,0.42836805539774814,0.16666666666666666
2022-12-28,VN:DIG,-0.05095541401273884,0,0.0,-0.07938763380963154,0.2678709884305151,0.21829779120835974,0.09050543471417673,0.17199943703413847,0.25132634861280995,0.42332578564694845,0.16666666666666666
2022-12-28,VN:CTD,0.06303854875283443,0,3.0,-0.08332858979701996,0.2635516822338104,0.23194082081317902,0.08051441609859467,0.17227056622505188,0.251722514629364,0.4239930808544159,0.16666666666666666
2022-12-28,VN:ANV,0.2699784017278615,0,4.0,-0.08528079028963453,0.258317110998056,0.23796796621406102,0.07533586714166501,0.18743671337189738,0.24094234227432054,0.4283790556462179,0.16666666666666666
2022-12-28,VN:NKG,0.1740890688259109,0,4.0,-0.09106974235870136,0.26410463255565886,0.2208257003067009,0.09909144715151602,0.17399121691293107,0.2419870030731931,0.41597821998612416,0.16666666666666666
2023-01-10,VN:PDR,-0.0350877192982455,4,0.0,0.1847535330484763,0.2237233171524856,0.1968895450929654,0.06990011625215152,0.18988433055838203,0.31960269094401544,0.5094870215023974,0.16666666666666666
2023-01-10,VN:SIP,0.23152443143436163,0,4.0,-0.06812501004431404,0.2594148237959655,0.22830015591010566,0.08105158121177242,0.1834620847065902,0.2477713543755662,0.4312334390821564,0.16666666666666666
2023-01-10,VN:VTP,0.03686978392591733,0,2.0,-0.1817800863219804,0.2757202705422064,0.2426498848397276,0.0842318913655869,0.18248556690279816,0.2149123863496809,0.39739795325247906,0.16666666666666666
2023-01-10,VN:DXS,0.0852713178294573,0,3.0,-0.1862385841274472,0.28229933556468284,0.23005598440682912,0.09538033462494114,0.17611261939834624,0.21615172600520066,0.39226434540354693,0.16666666666666666
2023-01-10,VN:DGW,0.018855430085041203,0,1.0,-0.1917712645581826,0.2733767865588489,0.24684425636729024,0.08604570285873779,0.18563994350344068,0.20809331071168236,0.39373325421512306,0.16666666666666666
2023-01-10,VN:DIG,0.0331125827814569,0,1.0,-0.19210531103767914,0.2836954933955594,0.23119375454178087,0.09585204863327815,0.17203797656354272,0.21722072686583888,0.3892587034293816,0.16666666666666666
2023-01-27,VN:PDR,-0.22627737226277367,4,0.0,0.2744047770321013,0.21841762797223307,0.19222023939922273,0.06824240782676333,0.13877917722777144,0.38234054757400937,0.5211197248017808,0.16666666666666666
2023-01-27,VN:DIG,-0.1795665634674921,0,0.0,-0.14259824369249108,0.2727243344891717,0.22958872064335228,0.09621399784407017,0.17050674811760705,0.23096619890579878,0.40147294702340586,0.16666666666666666
2023-01-27,VN:VTP,-0.06992741848120465,0,0.0,-0.21806978176690156,0.28009865313988896,0.23419876920131077,0.10138537961360916,0.19230810237619508,0.19200909566899602,0.3843171980451911,0.16666666666666666
2023-02-08,VN:PDR,-0.14574898785425083,4,0.0,0.14047065167917827,0.23632584160080788,0.2079804955723808,0.07219698917572216,0.14589051684900348,0.33760615680208567,0.48349667365108917,0.16666666666666666
2023-02-08,VN:DGW,-0.04435363301106354,0,0.0,-0.1829801717020635,0.26740009588748576,0.24929513965901506,0.0857334839453356,0.19402740128440416,0.20354387922375944,0.3975712805081636,0.16666666666666666
2023-02-08,VN:EIB,-0.06097608472173399,0,0.0,-0.20556362585913013,0.27327603916156407,0.24536745981477082,0.0977446167988961,0.18086785617076923,0.20274402805399977,0.383611884224769,0.16666666666666666
2023-02-20,VN:PDR,0.012820512820512775,4,1.0,0.1528295599345797,0.2369985019713417,0.19661343390663616,0.0815151792990443,0.14630577186205643,0.3385671129609214,0.48487288482297786,0.16666666666666666
2023-02-20,VN:BID,0.016949152542372836,1,1.0,-0.4007345587015152,0.27631664276123047,0.28644776344299316,0.12612108886241913,0.18388251960277557,0.12723198533058167,0.31111450493335724,0.16666666666666666
2023-02-20,VN:HT1,0.009708737864077666,1,1.0,-0.4209558548104454,0.27715915648012723,0.2912578306440847,0.12375722917733512,0.19103127860301194,0.11679450509544093,0.30782578369845287,0.16666666666666666
2023-03-02,VN:PDR,0.12380952380952359,0,4.0,-0.45963981969802903,0.32057855727443685,0.2553887462388257,0.11055858100051362,0.19004218988277727,0.12343192560344657,0.31347411548622384,0.16666666666666666
2023-03-02,VN:BID,-0.022629310344827624,1,0.0,-0.46590662696818447,0.27830115375371506,0.30645543793522473,0.12030900449021167,0.1927176891672267,0.10221671465362184,0.29493440382084857,0.16666666666666666
2023-03-02,VN:VTP,-0.0038580246913578753,0,1.0,-0.46874245908088863,0.30573675947596907,0.2819047654242744,0.10544005350589912,0.18920101789239102,0.11771740370146644,0.30691842159385746,0.16666666666666666
2023-03-14,VN:PDR,0.05084745762711873,0,2.0,-0.11310000801905995,0.270648421873513,0.22784115543843175,0.09548164230198891,0.1560195696057347,0.25000921078033156,0.40602878038606627,0.16666666666666666
2023-03-14,VN:DIG,0.17272727272727284,0,4.0,-0.19210531103767914,0.2836954933955594,0.23119375454178087,0.09585204863327815,0.17203797656354272,0.21722072686583888,0.3892587034293816,0.16666666666666666
2023-03-14,VN:VHC,-0.029090909090908945,0,0.0,-0.3173940574346203,0.28771142028902236,0.2650466938330738,0.08801712358048927,0.19537404761833094,0.16385071467908366,0.3592247622974146,0.16666666666666666
2023-03-24,VN:DIG,0.3725490196078429,0,4.0,-0.19669142951641777,0.28377936136065013,0.23126210961526958,0.10011408031326771,0.16755949460147304,0.21728495410933954,0.3848444487108126,0.16666666666666666
2023-03-24,VN:DGW,0.03323288129917956,0,1.0,-0.30948200821876526,0.28526604175567627,0.25757959485054016,0.10098278522491455,0.1937134861946106,0.16245809197425842,0.356171578168869,0.16666666666666666
2023-03-24,VN:VHC,0.032727272727272716,0,1.0,-0.354821903810721,0.2951122930315246,0.26576403773442053,0.09058890829193995,0.19590280189748116,0.15263195904463378,0.34853476094211494,0.16666666666666666
2023-04-05,VN:MSN,-0.025510204081632626,0,0.0,-0.33302412927150726,0.2787700891494751,0.2510470449924469,0.09646882861852646,0.27186498045921326,0.10184905678033829,0.37371403723955154,0.16666666666666666
2023-04-05,VN:BSI,0.1423076923076927,1,4.0,-0.3377293199300766,0.26445522904396057,0.285497784614563,0.12130974233150482,0.1807955652475357,0.1479416787624359,0.3287372440099716,0.16666666666666666
2023-04-05,VN:HAG,0.04365079365079372,0,2.0,-0.3964594095153976,0.2852028970093183,0.28398568072883074,0.10325851522218843,0.19717374884725547,0.13037915819240714,0.3275529070396626,0.16666666666666666
2023-04-17,VN:BSI,0.09814814814814832,1,3.0,-0.38969973891078646,0.27432737571976706,0.28828198576813896,0.12249277897157607,0.1825587207841492,0.1323391387563687,0.3148978595405179,0.16666666666666666
2023-04-17,VN:MSN,-0.05121638924455829,0,0.0,-0.4579116335822398,0.3077040864869343,0.27160527897469283,0.10400894874321001,0.20426155322400402,0.11242013257115882,0.31668168579516287,0.16666666666666666
2023-04-17,VN:DGW,0.007637798616709768,0,1.0,-0.46409883296636983,0.3107778178271326,0.26736531059988305,0.11297673155332702,0.19293816675153624,0.11594197326812108,0.30888014001965736,0.16666666666666666
2023-04-27,VN:MSN,0.012448132780083165,0,1.0,-0.18944150491716716,0.27170947598978096,0.24533875652162368,0.09103980796098422,0.18450771547120384,0.20740424405640728,0.39191195952761115,0.16666666666666666
2023-04-27,VN:BSI,-0.006968641114982521,0,1.0,-0.2587529420852661,0.2689644396305084,0.2608746886253357,0.11467893421649933,0.17091324925422668,0.18456868827342987,0.35548193752765656,0.16666666666666666
2023-04-27,VN:CTD,0.07925431671165906,0,3.0,-0.2908877857708351,0.30207106246001225,0.23185662752496727,0.11088635689849885,0.16526093955888643,0.18992501355763514,0.35518595311652157,0.16666666666666666
2023-05-12,VN:CTD,0.013933372296902391,0,1.0,-0.1945878074782832,0.2922678226470689,0.2243320742771311,0.09999822601679953,0.15252384202501532,0.23087803503398519,0.38340187705900053,0.16666666666666666
2023-05-12,VN:BSI,0.1144781144781144,1,3.0,-0.23801545798778534,0.26226353645324707,0.2667928636074066,0.11191070079803467,0.16476131975650787,0.19427157938480377,0.35903289914131165,0.16666666666666666
2023-05-12,VN:DGW,0.04695255919928387,0,2.0,-0.37293461343840917,0.30583705586680604,0.2436449306117019,0.10547464771644331,0.20770230270319276,0.137341063101856,0.3450433658050488,0.16666666666666666
2023-05-24,VN:BSI,0.06209150326797386,1,3.0,-0.21810211403744006,0.25369632433128597,0.26938054166272685,0.11440790529853034,0.16635938112705484,0.19615584758040194,0.3625152287074568,0.16666666666666666
2023-05-24,VN:FTS,-0.018722995679308796,1,0.0,-0.2278660518835034,0.25486001182451834,0.27061617172795405,0.11351444487635459,0.1695485996488586,0.19146077192231437,0.36100937157117297,0.16666666666666666
2023-05-24,VN:CTD,0.02624280420444225,0,1.0,-0.31262909900204683,0.30896177427527644,0.2371456438728326,0.10570999822452667,0.15392507383338996,0.19425750979397433,0.3481825836273643,0.16666666666666666
2023-06-05,VN:VIX,0.1634856070087609,0,4.0,-0.1326496432326787,0.25317296008507967,0.23079555882818165,0.11613440340557094,0.19530231959667327,0.2045947580844945,0.3998970776811678,0.16666666666666666
2023-06-05,VN:BSI,0.0644171779141105,0,3.0,-0.17893805276371733,0.256408075109425,0.2502515409235485,0.114203941606132,0.17414324634310777,0.2049931960177867,0.3791364423608945,0.16666666666666666
2023-06-05,VN:NT2,-0.0714285714285714,1,0.0,-0.20996028028458147,0.24466100152834502,0.2805596569138791,0.10801229545464891,0.17361271252026622,0.19315433358286072,0.36676704610312694,0.16666666666666666
2023-06-15,VN:VIX,0.02826596367896883,0,1.0,-0.13513350788802292,0.25276768772529856,0.23447245883507561,0.10996831454265821,0.2007087513962854,0.2020827875006822,0.4027915388969676,0.16666666666666666
2023-06-15,VN:BSI,0.018575851393188847,1,1.0,-0.22353075777785114,0.2539601661855007,0.2696606855043871,0.11311365832557765,0.1724807198715317,0.19078477011300282,0.36326548998453456,0.16666666666666666
2023-06-15,VN:GEX,0.018411013435063905,1,1.0,-0.24664235502590137,0.25648872897824365,0.2775966102959241,0.10956353949471387,0.16877052923572677,0.18758059199539162,0.3563511212311184,0.16666666666666666
2023-06-27,VN:CTS,0.038374717832957206,0,2.0,-0.15265810944611152,0.2572925465492173,0.23693025818259295,0.11112103197339272,0.19045508475467815,0.2042010785401189,0.394656163294797,0.16666666666666666
2023-06-27,VN:SSI,0.06766266103713336,0,3.0,-0.1563636178591038,0.252174133386296,0.24432543864118816,0.11132917304346324,0.19203242230342873,0.20013883262562382,0.3921712549290526,0.16666666666666666
2023-06-27,VN:VIX,0.05395531825207245,0,2.0,-0.1674666553735733,0.2605980634689331,0.23997417092323303,0.11254863440990448,0.18005461990833282,0.20682451128959656,0.3868791311979294,0.16666666666666666
2023-07-07,VN:DBC,0.028629856850715507,4,1.0,-0.026670767267300666,0.22614713155346325,0.24031160829594087,0.11492999703109281,0.17128742210343945,0.24732384101606364,0.4186112631195031,0.16666666666666666
2023-07-07,VN:HPG,0.029111938835522544,1,1.0,-0.1147400323969135,0.2304038325072477,0.2704103371623259,0.1115832958097248,0.15872709926149545,0.22887543525920614,0.3876025345207016,0.16666666666666666
2023-07-07,VN:CTD,0.0,0,1.0,-0.11866451446221726,0.26099639353166837,0.23520235016338975,0.10733614542078539,0.15439959900380376,0.24206551188035275,0.3964651108841565,0.16666666666666666
2023-07-07,VN:VIX,0.23347533324172054,0,4.0,-0.15279859532115747,0.25672331834917245,0.2406609094241397,0.1108751909565209,0.1821722117390068,0.20956836953116015,0.391740581270167,0.16666666666666666
2023-07-07,VN:VCI,0.053886334211348696,0,2.0,-0.1552275705693098,0.2532397489753384,0.24356110212533844,0.10937068529895927,0.19284389769402221,0.20098456590634162,0.39382846360036383,0.16666666666666666
2023-07-07,VN:HHV,0.03193458809009564,1,1.0,-0.15652505470346456,0.24483825844383766,0.25806721083569484,0.10574220472044481,0.1914859789801397,0.19986634701988298,0.3913523260000227,0.16666666666666666
2023-07-19,VN:VIX,0.2786045957852128,4,4.0,0.053958788112112965,0.2202638371269119,0.22246005965426519,0.10433446538199137,0.18893675365346108,0.2640048841833704,0.4529416378368315,0.16666666666666666
2023-07-19,VN:CTD,-0.16859414177146304,0,0.0,-0.08547079563140869,0.25658246874809265,0.2312246561050415,0.10683926939964294,0.15178841352462769,0.2535651922225952,0.4053536057472229,0.16666666666666666
2023-07-19,VN:SSI,0.02455289481661116,1,1.0,-0.09625665843486786,0.2377411127090454,0.24804919958114624,0.11571282148361206,0.16971896588802338,0.2287779003381729,0.3984968662261963,0.16666666666666666
2023-07-19,VN:DBC,0.03585657370517925,0,2.0,-0.1266322015218183,0.24758095102565625,0.24523003947503952,0.1147783945823847,0.17106148982930533,0.22134912508761417,0.39241061491691953,0.16666666666666666
2023-07-19,VN:SHB,0.11344247175466915,1,3.0,-0.14821065741463513,0.24079352258453485,0.2512552402726525,0.1140898896144347,0.2030910670296689,0.1907702804987091,0.393861347528378,0.16666666666666666
2023-07-19,VN:HDC,0.03287671232876721,1,1.0,-0.15041686482416938,0.24470870014497115,0.2509127836606444,0.12000004112720458,0.17884363100794232,0.2055348440592375,0.3843784750671798,0.16666666666666666
2023-07-31,VN:VIX,0.16242797536260678,4,4.0,0.13344917099026354,0.21595505523547695,0.20760614298600386,0.1022934944121091,0.17532519028559895,0.2988201170808112,0.47414530736641014,0.16666666666666666
2023-07-31,VN:SHB,0.023827740736692693,4,1.0,0.02434681446652165,0.22278568978554344,0.221124061238917,0.11226984531692584,0.1965985520407018,0.24722185161791188,0.4438204036586137,0.16666666666666666
2023-07-31,VN:TCH,0.20642201834862384,4,4.0,0.018427372665232866,0.22483947220591724,0.21911447566429063,0.11025657915534746,0.2043581532075313,0.24143131976691334,0.44578947297444466,0.16666666666666666
2023-07-31,VN:CTS,0.003875968992248069,4,1.0,-0.014294103000970226,0.22513322867651625,0.2392342126255365,0.10664099613787228,0.18277655814255114,0.2462150044175238,0.428991562560075,0.16666666666666666
2023-07-31,VN:SSI,-0.026952214452214407,4,0.0,-0.033950730399398554,0.22896161163684103,0.2433023845411304,0.11086300512709457,0.16647111997445405,0.2504018787204799,0.416872998694934,0.16666666666666666
2023-07-31,VN:KDH,-0.051999999999999935,1,0.0,-0.046512065585253226,0.21884641726142104,0.26159124591979216,0.11172771782697298,0.16289722312624666,0.24493739586556718,0.40783461899181384,0.16666666666666666
2023-08-10,VN:VIX,0.1682215743440234,4,4.0,0.1295414062049357,0.2133134210118612,0.21232049708125753,0.101042206538817,0.1781590054262129,0.29516486994185137,0.4733238753680643,0.16666666666666666
2023-08-10,VN:TCH,0.09243697478991564,4,3.0,0.06304296945099486,0.21817353692909386,0.2165463003001556,0.10633053043977217,0.20196292105261865,0.25698671127835976,0.4589496323309784,0.16666666666666666
2023-08-10,VN:SHB,-0.06571671629094011,4,0.0,0.02715686105264742,0.22242515949142067,0.2207662280303508,0.1108569784164343,0.19912986005774902,0.24682177400404526,0.4459516340617943,0.16666666666666666
2023-08-10,VN:LPB,0.09498389323515877,4,3.0,-0.0009396225774063183,0.22796040642025509,0.2260570660863558,0.1083760177121173,0.19417476321308394,0.24343174656818786,0.4376065097812718,0.16666666666666666
2023-08-10,VN:NAB,0.007581175797453765,1,1.0,-0.16864391048201716,0.2352661543026452,0.2581740675458476,0.11638569346932381,0.22028570369524592,0.16988838098693745,0.3901740846821834,0.16666666666666666
2023-08-10,VN:CTS,0.05200000000000027,0,2.0,-0.17775539391654005,0.2573774957143703,0.2493668403712347,0.11115771863022005,0.1778294526849146,0.20426849259926033,0.38209794528417496,0.16666666666666666
2023-08-22,VN:VIX,0.13533351683640715,4,4.0,0.12336800808656201,0.21214759033698455,0.21662546371481622,0.10048997252449435,0.17718529437206246,0.2935516790516424,0.4707369734237049,0.16666666666666666
2023-08-22,VN:LPB,0.05536811142832421,4,2.0,0.051311239982480106,0.22302131520972635,0.21644267601104583,0.10798671177019709,0.19130204760508274,0.26124724940394795,0.4525492970090307,0.16666666666666666
2023-08-22,VN:TCH,0.05350806226529459,0,2.0,-0.05887800630563517,0.23650684167465097,0.23048477561726496,0.11205050683172067,0.19729529909179505,0.22366257678456833,0.42095787587636335,0.16666666666666666
2023-08-22,VN:SSI,0.09117343588781535,0,3.0,-0.12181098940686863,0.25053587929212867,0.23240217912796407,0.1114179806622562,0.1996249735299494,0.2060189873877017,0.4056439609176511,0.16666666666666666
2023-08-22,VN:EVF,0.11914893617021294,0,3.0,-0.14647698838940226,0.2505659237672664,0.23792209440237566,0.11220722234866685,0.20603256541587608,0.19327219406581503,0.3993047594816911,0.16666666666666666
2023-09-05,VN:LPB,-0.06829992576095023,4,0.0,0.1518062226743433,0.214384871935619,0.19971680938775555,0.10380496239371542,0.18389393663248324,0.2981994196504268,0.48209335628291006,0.16666666666666666
2023-09-05,VN:VIX,-0.030481028734719806,4,0.0,0.07359926457404542,0.2321213799128039,0.21187678137329802,0.10083104000114679,0.16062279165255122,0.2945480070602,0.45517079871275123,0.16666666666666666
2023-09-05,VN:SSI,0.04196528797167787,4,2.0,0.022688462316015512,0.21990901738811952,0.23368278591262762,0.10647974432350348,0.18366762174661658,0.2562608306291328,0.4399284523757494,0.16666666666666666
2023-09-05,VN:CTS,0.08173913043478254,4,3.0,0.021842480682245535,0.22389894234682362,0.22613140461436232,0.10605633732928353,0.19205486142880596,0.25185845428072456,0.4439133157095305,0.16666666666666666
2023-09-05,VN:FTS,0.12501722949689875,4,4.0,0.016354739787837413,0.21967275604361858,0.22751896252869785,0.1096145742357863,0.203168199980022,0.2400255072118752,0.4431937071918972,0.16666666666666666
2023-09-05,VN:TCH,0.11538461538461542,4,3.0,0.0049572290098047755,0.22526044156984482,0.22750647874563512,0.11060261228537438,0.1902763439031618,0.24635412349598385,0.4366304673991457,0.16666666666666666
2023-09-15,VN:BSI,-0.13466042154566749,4,0.0,0.10278670489788055,0.21712832152843475,0.22171133756637573,0.10284924507141113,0.15786750614643097,0.3004435896873474,0.4583110958337784,0.16666666666666666
2023-09-15,VN:CTS,-0.16216216216216217,4,0.0,0.10278670489788055,0.21712832152843475,0.22171133756637573,0.10284924507141113,0.15786750614643097,0.3004435896873474,0.4583110958337784,0.16666666666666666
2023-09-15,VN:FTS,-0.06162893740433417,4,0.0,0.10278670489788055,0.21712832152843475,0.22171133756637573,0.10284924507141113,0.15786750614643097,0.3004435896873474,0.4583110958337784,0.16666666666666666
2023-09-15,VN:SSI,-0.14930034475765563,4,0.0,0.10255245864391327,0.21663351356983185,0.22120608389377594,0.1048937439918518,0.1575077474117279,0.2997589111328125,0.4572666585445404,0.16666666666666666
2023-09-15,VN:VTP,-0.04882039687025852,4,0.0,0.09453247276248478,0.21551320965186038,0.22098215920517983,0.11002602182270538,0.16041616736912354,0.2930624419511309,0.4534786093202544,0.16666666666666666
2023-09-15,VN:VIX,-0.23977399331529525,4,0.0,0.07923291387459896,0.2280103347298403,0.21351108808782435,0.09904524388774502,0.17010199516707672,0.2893313381275136,0.45943333329459035,0.16666666666666666
2023-09-27,VN:VTP,0.06806391986166593,1,3.0,-0.10560613870620728,0.2353648990392685,0.25205641984939575,0.11798125505447388,0.1720147728919983,0.2225826531648636,0.3945974260568619,0.16666666666666666
2023-09-27,VN:PVT,0.1113172541743972,1,3.0,-0.2271164076560468,0.2463402766461691,0.2824853381699721,0.10875365964139744,0.1767919672786591,0.1856287582638022,0.3624207255424613,0.16666666666666666
2023-09-27,VN:NAB,-0.04253056884635831,1,0.0,-0.2901401135283674,0.23117607142996574,0.3137425090747324,0.11228787564373387,0.19963254929683955,0.14316099455472844,0.342793543851568,0.16666666666666666
2023-10-09,VN:FRT,-0.01041666666666674,1,1.0,-0.16967597603797913,0.2537081241607666,0.26169881224632263,0.10665598511695862,0.1564350724220276,0.22150200605392456,0.37793707847595215,0.16666666666666666
2023-10-09,VN:FTS,-0.10808233330684247,0,0.0,-0.18630737482698345,0.2592463849316474,0.25117755497643846,0.11196486157100338,0.1718594470290716,0.2057517514918391,0.37761119852091074,0.16666666666666666
2023-10-09,VN:VTP,0.019222132399173475,1,1.0,-0.20142307877540588,0.24488666653633118,0.273571252822876,0.11540263891220093,0.1703573763370514,0.19578206539154053,0.3661394417285919,0.16666666666666666
2023-10-19,VN:HDC,0.1473684210526316,0,4.0,-0.24134592352292056,0.27223732661847283,0.2558362147832481,0.10001090019925088,0.1848661723007832,0.18704938609824498,0.3719155583990282,0.16666666666666666
2023-10-19,VN:HT1,-0.016393442622950838,0,1.0,-0.2430894239828349,0.27540134250083625,0.2588096136546621,0.08902023584531339,0.18701474132487678,0.18975406667431147,0.3767688079991882,0.16666666666666666
2023-10-19,VN:VHM,-0.03529411764705881,0,0.0,-0.27273633263300867,0.28932105632659627,0.2449827568238152,0.10388467896328334,0.17273447892861132,0.1890770289576939,0.36181150788630523,0.16666666666666666
2023-10-31,VN:MSN,0.134020618556701,0,4.0,-0.1458521528796004,0.2842659438927753,0.21766941898075995,0.09470543547586904,0.1663692494144812,0.23698995223611452,0.4033592016505957,0.16666666666666666
2023-10-31,VN:VHM,0.055128205128205154,0,2.0,-0.1498385105245973,0.28062919409489323,0.22431403899894742,0.09341723680683754,0.16754514353450708,0.23409438656481474,0.40163953009932185,0.16666666666666666
2023-10-31,VN:DXS,0.2678571428571428,0,4.0,-0.17661013936087278,0.2670915981070459,0.25100049002467856,0.08693519105113758,0.1813718947563783,0.21360082606075964,0.39497272081713797,0.16666666666666666
2023-10-31,VN:ANV,0.2642276422764227,0,4.0,-0.17677831913200492,0.2673459688923652,0.25123954193650994,0.08606559166409956,0.18154463442481508,0.21380426308221018,0.3953488975070253,0.16666666666666666
2023-10-31,VN:CII,0.2517985611510791,0,4.0,-0.17792822685730791,0.2690849940342455,0.25287378211131367,0.08012068391026085,0.18272553656586313,0.21519500337831682,0.39792053994418,0.16666666666666666
2023-10-31,VN:HT1,0.14581702726996904,0,4.0,-0.20826747547982305,0.2727080820640605,0.25627862834307635,0.08575249271648021,0.17709427676139153,0.20816652011499137,0.3852607968763829,0.16666666666666666
2023-11-10,VN:VHM,-0.03664302600472802,0,0.0,-0.20019199103260032,0.280921997732833,0.23787082908951362,0.09547431093062692,0.17194289097147353,0.21378997127555288,0.3857328622470264,0.16666666666666666
2023-11-10,VN:VIC,-0.05672969966629593,0,0.0,-0.20057867766288928,0.28712767790448185,0.23508149735751,0.08987181022572234,0.16707985352098723,0.22083916099129858,0.38791901451228583,0.16666666666666666
2023-11-10,VN:MSN,-0.006482982171799101,0,1.0,-0.2842722130458386,0.2961674972797557,0.24312448863870634,0.10295930658220212,0.1643101448462925,0.19343856265304332,0.35774870749933585,0.16666666666666666
2023-11-22,VN:EVF,0.005988023952095967,0,1.0,-0.034982426390837484,0.23281169387049852,0.22381107998738825,0.11517147205003476,0.20195946684660912,0.22624628724546936,0.4282057540920785,0.16666666666666666
2023-11-22,VN:VIC,0.02261904761904776,0,1.0,-0.19221206152597115,0.28989234782675166,0.22990186683760483,0.0887876681148087,0.1653617334765325,0.22605638374430226,0.39141811722083475,0.16666666666666666
2023-11-22,VN:VHM,0.016666666666666607,0,1.0,-0.19867852330207825,0.28145357966423035,0.2364286631345749,0.09565497934818268,0.17226825654506683,0.21419452130794525,0.3864627778530121,0.16666666666666666
2023-12-04,VN:HAG,0.024590163934426368,4,1.0,0.04213799567623433,0.22107532785143946,0.22327964174210757,0.10704446663740624,0.1896328344168725,0.25896772935217416,0.44860056376904667,0.16666666666666666
2023-12-04,VN:EVF,-0.098314606741573,0,0.0,-0.08366082359371113,0.23866171423608917,0.23755077309755168,0.11806545799775547,0.18023073136118856,0.22549132330741514,0.40572205466860367,0.16666666666666666
2023-12-04,VN:VIC,0.006984866123399325,0,1.0,-0.20099375101164918,0.29141805227290213,0.2258223792721863,0.09112530405354434,0.17560379599639317,0.21603046840497409,0.3916342644013673,0.16666666666666666
2023-12-14,VN:HAG,0.011152416356877248,4,1.0,0.08956405320247895,0.21811641265191706,0.22272027531146388,0.10561177643511199,0.15858591738523728,0.2949656182162698,0.45355153560150707,0.16666666666666666
2023-12-14,VN:EVF,0.018987341772151778,1,1.0,-0.3503959801077543,0.25842434360403077,0.2993733309162656,0.11656227049650453,0.18545407194982522,0.14018598303337382,0.32564005498319903,0.16666666666666666
2023-12-14,VN:CII,0.02077151335311589,0,1.0,-0.3750566579384608,0.29221048080293893,0.2676456490860686,0.11048757700659105,0.18230263345531722,0.14735365964908423,0.3296562931044015,0.16666666666666666
2023-12-26,VN:HAG,0.01098901098901095,4,1.0,-0.045567928386690326,0.23026936560066444,0.24469203517758742,0.1114962067754207,0.16742194690042891,0.24612044554589851,0.4135423924463274,0.16666666666666666
2023-12-26,VN:CTD,-0.027330953894294185,1,0.0,-0.23816251222426038,0.25756793638539455,0.27149816740680854,0.11371040835133772,0.16597544775958104,0.1912480400968781,0.35722348785645913,0.16666666666666666
2023-12-26,VN:EVF,0.052959501557632516,1,2.0,-0.29616177027573887,0.25448592170028794,0.2802003475919185,0.11478585151209711,0.2080453376746374,0.14248254152105905,0.35052787919569645,0.16666666666666666
2024-01-08,VN:EVF,-0.11111111111111116,1,0.0,-0.20086425243520362,0.23495380230316815,0.2726406116390137,0.11623115664376085,0.2106648950179682,0.1655095343960891,0.3761744294140573,0.16666666666666666
2024-01-08,VN:HAG,0.11284046692607008,1,3.0,-0.2295887287022363,0.2550145945695848,0.2688067515372224,0.11376088688133826,0.17558832204955335,0.18682944496230117,0.3624177670118545,0.16666666666666666
2024-01-08,VN:CTD,-0.04149854973830469,1,0.0,-0.2503819260660873,0.2589741589358264,0.2729804156799521,0.11433122051511957,0.16688160225268597,0.18683260261641585,0.3537142048691018,0.16666666666666666
2024-01-18,VN:BSI,0.01338432122370925,0,1.0,-0.13721005618572235,0.25483667850494385,0.2346687614917755,0.11006037890911102,0.19373629987239838,0.20669788122177124,0.4004341810941696,0.16666666666666666
2024-01-18,VN:HAG,-0.003731343283582156,1,1.0,-0.21033748121075269,0.256833173538243,0.2573068516643897,0.11338602344352076,0.18431218517757014,0.1881617661762764,0.37247395135384653,0.16666666666666666
2024-01-18,VN:EVF,-0.07624633431085048,1,0.0,-0.28732526302337646,0.2535065710544586,0.2791220247745514,0.11434410512447357,0.20724469423294067,0.14578260481357574,0.3530272990465164,0.16666666666666666
2024-01-30,VN:HAG,-0.15719063545150502,0,0.0,-0.07131129715774348,0.23542591140943503,0.23346025447428984,0.11435211045599313,0.2005226671851476,0.2162390564751344,0.41676172366028197,0.16666666666666666
2024-01-30,VN:HCM,-0.014845423936333035,0,1.0,-0.17932534217834473,0.260586142539978,0.23996318876743317,0.11504288017749786,0.1870054453611374,0.19740234315395355,0.38440778851509094,0.16666666666666666
2024-01-30,VN:SZC,0.06926952141057963,1,3.0,-0.18710739771196694,0.2541339080472744,0.2546026389702958,0.11219436591718818,0.18237511677760543,0.19669397028763613,0.37906908706524156,0.16666666666666666
2024-02-16,VN:GVR,0.11444652908067532,1,3.0,-0.08248056164083778,0.23259445158412861,0.24267937829049757,0.11297680761751504,0.1981110051978005,0.21363835731005829,0.41174936250785876,0.16666666666666666
2024-02-16,VN:HCM,0.0760636669727579,1,3.0,-0.1960554941019227,0.2549000775404303,0.25537020919361,0.11370980418137476,0.18292494799662187,0.19309496108796304,0.37601990908458494,0.16666666666666666
2024-02-16,VN:SZC,0.04171632896305133,0,2.0,-0.21261973362237607,0.26097985713213895,0.2528570852747994,0.11521670050596147,0.1796956482574992,0.191250708829601,0.3709463570871002,0.16666666666666666
2024-02-28,VN:GVR,0.19723183391003474,4,4.0,0.06904359367619739,0.22596625167030845,0.2181352888982084,0.10568045394660396,0.1613246250547357,0.2888933804301435,0.4502180054848792,0.16666666666666666
2024-02-28,VN:FTS,0.20075469199960305,0,4.0,-0.1485704470532354,0.2556066195994122,0.23537775698767782,0.11284453337755401,0.19432163093744492,0.20184945909791097,0.3961710900353559,0.16666666666666666
2024-02-28,VN:SZC,0.042873696407879525,1,2.0,-0.22525691146936594,0.2586491011586375,0.26173504211995596,0.1153822125724624,0.17469095533002335,0.1895426888189208,0.36423364414894416,0.16666666666666666
2024-03-11,VN:GVR,0.1302876480541455,4,4.0,-0.023214965712801128,0.23676262443121338,0.22855750875834363,0.11072972251877602,0.1690324966753647,0.25491764761630226,0.423950144291667,0.16666666666666666
2024-03-11,VN:FTS,0.018077524769685382,1,1.0,-0.09114356610606816,0.23930308935949474,0.2443541361199062,0.11587033021063596,0.16912813988709866,0.23134430442286444,0.4004724443099631,0.16666666666666666
2024-03-11,VN:CTS,0.014864864864864824,1,1.0,-0.11489343899995319,0.23643793694163717,0.2494070734696181,0.11448303865975973,0.1919543935050307,0.20771755742395426,0.399671950928985,0.16666666666666666
2024-03-21,VN:GVR,-0.046616541353383445,0,0.0,-0.16224519908428192,0.26988232135772705,0.22780941426753998,0.11322388052940369,0.1728399097919464,0.21624447405338287,0.3890843838453293,0.16666666666666666
2024-03-21,VN:CTS,-0.022757697456492587,1,0.0,-0.17226446908318294,0.24755601216024142,0.2582896611349335,0.11769209626775837,0.1717872445019,0.2046749859351667,0.3764622304370667,0.16666666666666666
2024-03-21,VN:FTS,-0.0609504432495277,0,0.0,-0.19803256239069755,0.2581642625815629,0.2546481845076721,0.11603281906320495,0.1693653204150197,0.2017894134325403,0.37115473384756004,0.16666666666666666
2024-04-02,VN:GVR,-0.20283687943262396,0,0.0,-0.13929256693055803,0.2612646202648832,0.23125938898876763,0.11249924367294278,0.17545743155883675,0.2195193155145696,0.39497674707340635,0.16666666666666666
2024-04-02,VN:CTS,-0.11772151898734173,1,0.0,-0.14491931770177213,0.24200681801125068,0.2571646811701801,0.11717948800669264,0.1710390261328438,0.21260998667903275,0.3836490128118766,0.16666666666666666
2024-04-02,VN:FTS,-0.21384781824738552,1,0.0,-0.14491931770177213,0.24200681801125068,0.2571646811701801,0.11717948800669264,0.1710390261328438,0.21260998667903275,0.3836490128118766,0.16666666666666666
2024-04-02,VN:TCH,-0.07763975155279501,1,0.0,-0.14754519196328197,0.23339221403134347,0.2649142205323477,0.11211910349396847,0.19499546725292805,0.1945789946894123,0.38957446194234036,0.16666666666666666
2024-04-12,VN:TCH,0.017595307917888547,1,1.0,-0.12318858596077997,0.22860939971066563,0.2642793079039403,0.11069246463993537,0.19452813412642578,0.2018906936190329,0.39641882774545867,0.16666666666666666
2024-04-12,VN:CTS,-0.07901234567901239,1,0.0,-0.14306174112065329,0.24138904928126148,0.25185531190145527,0.11476022664636204,0.19241915499851736,0.1995762571724038,0.39199541217092115,0.16666666666666666
2024-04-12,VN:BSI,-0.13216560509554154,0,0.0,-0.20148331227128669,0.2585868277935211,0.2550477125502782,0.11416022649646143,0.17367241045344486,0.1985328227062944,0.3722052331597393,0.16666666666666666
2024-04-25,VN:FRT,0.0823529411764703,1,3.0,-0.27150148760158166,0.23885646996326304,0.28878731180997147,0.11601842454116995,0.21767682323627524,0.1386609704493203,0.35633779368559554,0.16666666666666666
2024-04-25,VN:LPB,0.057719320648703665,1,3.0,-0.4095007089637061,0.23351987674415386,0.36747469676715067,0.11342630281836608,0.14614450604890647,0.13943461762142292,0.2855791236703294,0.16666666666666666
2024-04-25,VN:EVF,0.02583025830258312,0,1.0,-0.4498937875032425,0.3110341429710388,0.2784941792488098,0.09351000189781189,0.183254674077034,0.13370700180530548,0.3169616758823395,0.16666666666666666
2024-05-10,VN:TCH,0.043010752688172005,0,2.0,-0.12196510666712801,0.24266382328677705,0.24063772736079314,0.11536626173954422,0.198664107958552,0.2026680796543336,0.4013321876128856,0.16666666666666666
2024-05-10,VN:PVT,0.0235294117647058,1,1.0,-0.34262188331019183,0.24956719574732755,0.3098658209959162,0.11256725266976671,0.18962113199359965,0.1383785985933899,0.32799973058698956,0.16666666666666666
2024-05-10,VN:CTS,0.09624999999999995,1,3.0,-0.3520442448861039,0.273677263761718,0.2751379650106723,0.12124355318015148,0.189434188446912,0.1405070296005462,0.32994121804745824,0.16666666666666666
2024-05-22,VN:TCH,0.03626943005181338,0,2.0,-0.13996833145712817,0.24532715245106362,0.24327882399324108,0.11663245807193344,0.1955583335292836,0.19920323195447825,0.39476156548376184,0.16666666666666666
2024-05-22,VN:FTS,0.006436106289224197,0,1.0,-0.1422671665082338,0.25009986571893195,0.24410882410325985,0.11496130291401369,0.17961862549469898,0.21121138176909549,0.39083000726379447,0.16666666666666666
2024-05-22,VN:CTS,0.02188940092165903,0,1.0,-0.16963596389240077,0.2602946123436896,0.23969472587563506,0.11491417713591193,0.1795449826189133,0.2055515020258501,0.3850964846447634,0.16666666666666666
2024-06-03,VN:TCH,-0.002512562814070418,0,1.0,-0.14488310269488858,0.24589058365928756,0.24383756118286676,0.1169003151461623,0.19600745421681348,0.19736408579486991,0.3933715400116834,0.16666666666666666
2024-06-03,VN:GVR,-0.04000000000000015,1,0.0,-0.2214900718740379,0.24647852962075567,0.28264385672393333,0.10881469479810219,0.17001499362301076,0.192047925234198,0.36206291885720876,0.16666666666666666
2024-06-03,VN:DBC,0.008426966292134797,1,1.0,-0.23560791681093168,0.2480449323048085,0.2844400938352922,0.10950622462839876,0.17109545682902358,0.18691329240247698,0.35800874923150056,0.16666666666666666
2024-06-13,VN:TCH,-0.03307888040712481,0,0.0,-0.16849177699181928,0.2579765858208406,0.23756014769762424,0.1138908167058792,0.1961233572038258,0.19444909257183018,0.39057244977565597,0.16666666666666666
2024-06-13,VN:CTS,-0.12389380530973448,1,0.0,-0.21899076295623393,0.25291732518935184,0.2713807583908906,0.11165727179476481,0.16986464343662508,0.19418000118836762,0.3640446446249927,0.16666666666666666
2024-06-13,VN:FTS,-0.11474504025680143,1,0.0,-0.22917577112073223,0.2428316717706992,0.29198008123084723,0.10720468072880773,0.16749947888777825,0.1904840873818676,0.35798356626964584,0.16666666666666666
2024-06-25,VN:GEE,0.03155281007751953,0,1.0,-0.11092766290471923,0.24022005440116254,0.23821437288608388,0.11539912911648328,0.20460606840885093,0.20156037518741937,0.4061664435962703,0.16666666666666666
2024-06-25,VN:LPB,0.10225782274686157,1,3.0,-0.29513933424218003,0.2393262737838836,0.3084030220300635,0.11839422103153663,0.1758367309533819,0.1580397522011344,0.3338764831545163,0.16666666666666666
2024-06-25,VN:TCH,0.022670025188917142,1,1.0,-0.30967005520075713,0.2692467948569892,0.2697433909697351,0.11886635776955956,0.18571998732447587,0.15642346907924023,0.34214345640371613,0.16666666666666666
2024-07-05,VN:GEE,-0.12118914821032112,4,0.0,0.027511209044521978,0.2216478718694458,0.2263262702053318,0.10732170114426537,0.1922750905731686,0.2524290662077884,0.444704156780957,0.16666666666666666
2024-07-05,VN:LPB,-0.013981111065286322,1,1.0,-0.26336470246315,0.24573568999767303,0.2834324538707733,0.12156493961811066,0.18699470162391663,0.16227221488952637,0.349266916513443,0.16666666666666666
2024-07-05,VN:DXG,-0.09999999999999998,0,0.0,-0.30204252673653864,0.28017473012078753,0.2632954399042171,0.10060056224017916,0.19025616206037876,0.16567310567443738,0.35592926773481615,0.16666666666666666
2024-07-17,VN:GEE,-0.21374173105786876,0,0.0,-0.1761862109816278,0.25449227149074055,0.2465714255017895,0.11235257480952554,0.19379769889424597,0.19278602930369843,0.3865837281979444,0.16666666666666666
2024-07-17,VN:DXG,-0.029629629629629672,0,0.0,-0.2407144588178809,0.272710678929756,0.2562810461500209,0.09792049901246652,0.18518760662386113,0.1879001692838954,0.37308777590775655,0.16666666666666666
2024-07-17,VN:LPB,-0.10935424966799479,1,0.0,-0.29513933424218003,0.2393262737838836,0.3084030220300635,0.11839422103153663,0.1758367309533819,0.1580397522011344,0.3338764831545163,0.16666666666666666
2024-07-29,VN:LPB,-0.0335576451713534,1,0.0,-0.26397980159566253,0.2355442888540561,0.2900440032025277,0.11652328558586644,0.21862406540012214,0.13926435695742764,0.3578884223575498,0.16666666666666666
2024-07-29,VN:DXS,-0.01243339253996456,0,1.0,-0.3877025453403971,0.29596582496115303,0.26653269330460866,0.10388589060136513,0.19646938437922873,0.13714620675364445,0.3336155911328732,0.16666666666666666
2024-07-29,VN:VIX,-0.0008976660682227244,0,1.0,-0.4348614993308596,0.29979196414196463,0.2754088660732572,0.10522888679227893,0.1990092709586715,0.12056101203382769,0.3195702829924992,0.16666666666666666
2024-08-08,VN:VGC,0.13358778625954204,0,4.0,-0.1719856087567566,0.28229245122831387,0.2238519009373799,0.10136096028445721,0.1685381804624471,0.22395650708740195,0.39249468754984906,0.16666666666666666
2024-08-08,VN:PDR,0.2658959537572254,0,4.0,-0.19560076004861648,0.2692118544994018,0.25098421795689735,0.09149449927368015,0.18281168963295683,0.20549773863706383,0.3883094282700207,0.16666666666666666
2024-08-08,VN:DXS,0.11090909090909107,0,3.0,-0.2776336500224944,0.2819046059108927,0.25454437543046193,0.09747562484833877,0.19143085039086005,0.17464454341944646,0.3660753938103065,0.16666666666666666
2024-08-20,VN:LPB,-0.012854345790414556,1,1.0,-0.2661953776969473,0.23041300990610591,0.301084644371673,0.11867981669336147,0.20392977157078174,0.14589275745807792,0.3498225290288597,0.16666666666666666
2024-08-20,VN:HAG,-0.01886792452830177,0,0.0,-0.28865786972112467,0.2873285221803383,0.26317412641548094,0.08398109242249624,0.1818592169083363,0.18365704207334824,0.36551625898168455,0.16666666666666666
2024-08-20,VN:PDR,0.06112469437652801,0,3.0,-0.33312330147256547,0.28245767109222203,0.2654408137368913,0.10100845691536495,0.20495326206227357,0.14613979619324816,0.35109305825552173,0.16666666666666666
2024-08-30,VN:DXS,0.005042016806722671,0,1.0,-0.23989829242305238,0.27137967741951585,0.2500015180557853,0.10373001468382764,0.19691499920997768,0.17797379063089347,0.37488878984087115,0.16666666666666666
2024-08-30,VN:LPB,-0.022288952799864536,1,0.0,-0.29887468444836107,0.2169111322556928,0.33664744339926295,0.10969871782439833,0.2018903895790043,0.13485231694164163,0.3367427065206459,0.16666666666666666
2024-08-30,VN:EVF,-0.05327868852459028,0,0.0,-0.30343222844177653,0.27876472680840436,0.2619703729597507,0.1000942818827501,0.20227363856340674,0.15689697978568806,0.3591706183490948,0.16666666666666666
2024-09-13,VN:DXS,0.02941176470588225,0,1.0,-0.3101755208509004,0.2836455979671657,0.2546780090430527,0.10548031996577739,0.20059846192152453,0.1555976111024796,0.35619607302400413,0.16666666666666666
2024-09-13,VN:CMG,0.015655624073808605,0,1.0,-0.33379879098530985,0.30115083757492417,0.2549996154010181,0.09721809915358123,0.16976039617539632,0.17687105169508016,0.3466314478704765,0.16666666666666666
2024-09-13,VN:EVF,0.0387931034482758,0,2.0,-0.36811816143813486,0.2899498300261821,0.26636725267220657,0.10177424398401017,0.20566859534876653,0.13624007796883467,0.3419086733176012,0.16666666666666666
2024-09-25,VN:LPB,0.03303403633326374,1,1.0,-0.3727434883734775,0.2062754852222098,0.3855388318919081,0.09789327912430171,0.1952384935603107,0.11505391020126976,0.31029240376158046,0.16666666666666666
2024-09-25,VN:HCM,0.0,1,1.0,-0.4357120245695114,0.2576136291027069,0.3305071294307709,0.11619658768177032,0.1813429445028305,0.11433970928192139,0.2956826537847519,0.16666666666666666
2024-09-25,VN:DXS,-0.05369127516778527,0,0.0,-0.4566946463791921,0.30324510643616637,0.27308807590866313,0.11157421355170648,0.2013015658051242,0.11079103829833979,0.312092604103464,0.16666666666666666
2024-10-07,VN:EVF,0.03976757548507437,0,2.0,-0.486175540731665,0.30584156741083834,0.2809664329958441,0.11845762370867746,0.18299472468342426,0.11173965120121576,0.29473437588464,0.16666666666666666
2024-10-07,VN:DIG,-0.03456221198156684,0,0.0,-0.49163527054138073,0.30927615896945954,0.28412168794689047,0.10855790810945767,0.1850497546039558,0.11299449037023648,0.2980442449741923,0.16666666666666666
2024-10-07,VN:HCM,-0.07072458863838238,1,0.0,-0.5082377457969877,0.2715297402038367,0.335746266001752,0.11803851540472765,0.1788029561669295,0.0958825222227541,0.2746854783896836,0.16666666666666666
2024-10-17,VN:BMP,0.0,0,1.0,-0.464800744199775,0.29971263705827705,0.2933545498059556,0.1097829523617909,0.16632064182521825,0.1308292189487582,0.2971498607739764,0.16666666666666666
2024-10-17,VN:EVF,0.03301886792452824,0,1.0,-0.486175540731665,0.30584156741083834,0.2809664329958441,0.11845762370867746,0.18299472468342426,0.11173965120121576,0.29473437588464,0.16666666666666666
2024-10-17,VN:VIX,-0.061077844311377194,1,0.0,-0.4921461605120736,0.2906554319660706,0.3090465343814601,0.10827817687184976,0.1858284757597113,0.1061913810209082,0.2920198567806195,0.16666666666666666
2024-10-29,VN:VTP,0.27647996566418365,1,4.0,-0.4346429239107049,0.2711668989410072,0.3153216336763392,0.11537903146085236,0.17325236419595375,0.12488007172584747,0.2981324359218012,0.16666666666666666
2024-10-29,VN:BMP,-0.05039317265177523,0,0.0,-0.44067562788221515,0.2986676670710171,0.2828227558521721,0.10940017469674218,0.17873634264814597,0.1303730597319226,0.30910940238006857,0.16666666666666666
2024-10-29,VN:GEE,-0.0265444670739986,0,0.0,-0.4739681701953436,0.30702695708016986,0.28229210201341065,0.10284572992989019,0.19329257597465183,0.11454263500187747,0.3078352109765293,0.16666666666666666
2024-11-08,VN:VTP,0.1297038845390035,0,4.0,-0.18059402166026767,0.27194603467148437,0.2354927886875633,0.11166835988556266,0.16299479714051493,0.21789801961487473,0.38089281675538966,0.16666666666666666
2024-11-08,VN:GEE,-0.013396537510304896,1,1.0,-0.4976204409840768,0.2901231689769502,0.31676853175116376,0.09971077888773053,0.18740061204732375,0.10599690833683176,0.2933975203841555,0.16666666666666666
2024-11-08,VN:SZC,-0.04342723004694837,1,0.0,-0.5429810096101387,0.2736940065496116,0.3446210299087984,0.11897934884593375,0.17638319599342944,0.08632241870222673,0.2627056146956562,0.16666666666666666
2024-11-20,VN:VTP,0.2555162478573252,0,4.0,-0.36557663031781656,0.32944462194211216,0.22895615144008624,0.10432601130494493,0.15227766561921932,0.18499554969363732,0.33727321531285664,0.16666666666666666
2024-11-20,VN:GEX,0.09165613147914042,0,3.0,-0.5416303671289099,0.3431708088826087,0.2582692705739561,0.10923249612627565,0.17567432762405547,0.11365309679310408,0.28932742441715953,0.16666666666666666
2024-11-20,VN:GEE,-0.015366095453901774,1,1.0,-0.5449563075232781,0.299423453961138,0.31836932660364115,0.10535347383205984,0.1814475642036828,0.09540618139947815,0.27685374560316095,0.16666666666666666
2024-12-02,VN:VTP,0.04612882105004701,0,2.0,-0.30558066649494575,0.3263390563029332,0.21243641637455177,0.10334255983404637,0.15623007249146484,0.2016518949970038,0.3578819674884687,0.16666666666666666
2024-12-02,VN:DXS,0.06675567423230966,1,3.0,-0.4887605498263117,0.264218324477561,0.3326383158719916,0.12321392171351786,0.18754446087305707,0.09238497706387243,0.2799294379369295,0.16666666666666666
2024-12-02,VN:GEE,-0.06249550521395175,1,0.0,-0.560721386676441,0.3052185200543591,0.31680575249199383,0.10639193733328534,0.17664617431645224,0.09493761580390941,0.27158379012036166,0.16666666666666666
2024-12-12,VN:VTP,0.0,0,1.0,-0.3481627903604923,0.326269273851354,0.22674936394019968,0.1033204660314391,0.15619667107159899,0.1874642251054082,0.3436608961770072,0.16666666666666666
2024-12-12,VN:ANV,-0.03448275862068961,1,0.0,-0.42629766683883463,0.23142946566851538,0.37697388598400694,0.11241094433036612,0.14483625755202004,0.1343494464650915,0.2791857040171115,0.16666666666666666
2024-12-12,VN:DXS,-0.07822685788787476,1,0.0,-0.4756034314632416,0.27060163021087646,0.315835177898407,0.1284066140651703,0.1888781487941742,0.09627842903137207,0.28515657782554626,0.16666666666666666
2024-12-24,VN:VTP,0.04107348043702652,0,2.0,-0.3481627903604923,0.326269273851354,0.22674936394019968,0.1033204660314391,0.15619667107159899,0.1874642251054082,0.3436608961770072,0.16666666666666666
2024-12-24,VN:BMP,-0.03845762021189891,1,0.0,-0.4375767125776676,0.264074812236235,0.3312624220275291,0.09898964684418018,0.18951090386177985,0.11616221503027585,0.30567311889205573,0.16666666666666666
2024-12-24,VN:ANV,-0.11274509803921573,1,0.0,-0.4861643833840547,0.24477194614368597,0.3866977153226393,0.11040435895926295,0.12617473492286704,0.13195124465154476,0.2581259795744118,0.16666666666666666
2025-01-06,VN:VTP,0.10247173378036178,0,3.0,-0.3465702935031144,0.34216548032061694,0.20955031244606712,0.09936671255131699,0.1505240097798112,0.19839348490218772,0.34891749468199895,0.16666666666666666
2025-01-06,VN:EVF,0.0776470588235294,0,3.0,-0.468585751482632,0.3244890618993202,0.2558645644167746,0.1069024221137527,0.18923096640752207,0.12351298516263046,0.31274395157015256,0.16666666666666666
2025-01-06,VN:GEE,0.06777217015140602,1,3.0,-0.5481047428297137,0.300575150575123,0.3119861026996122,0.11590039503129103,0.17804504236780297,0.0934933093261708,0.2715383516939738,0.16666666666666666
2025-01-16,VN:VTP,-0.05639408663289558,0,0.0,-0.3488886971440652,0.33010725937384144,0.2204513020645342,0.10453585145861463,0.15803405053786745,0.18687153656514224,0.34490558710300967,0.16666666666666666
2025-01-16,VN:GEE,0.3921582429959174,1,4.0,-0.5496055279074041,0.3012002296298657,0.31263493326921266,0.11442271193777352,0.17805438570475632,0.09368773945839183,0.27174212516314816,0.16666666666666666
2025-01-16,VN:LPB,0.16215728064154877,1,4.0,-0.562118649482727,0.283860445022583,0.35533422231674194,0.1096789762377739,0.1413162499666214,0.10981010645627975,0.25112635642290115,0.16666666666666666
2025-02-04,VN:GEE,0.3127244599149124,1,4.0,-0.11181588470935822,0.22958943247795105,0.260597825050354,0.1091504842042923,0.1933637112379074,0.20729854702949524,0.40066225826740265,0.16666666666666666
2025-02-04,VN:VTP,-0.06625952137934532,0,0.0,-0.39508345410476486,0.34547544555292864,0.22018188894337085,0.10032794178509538,0.15198012149274712,0.18203460222585804,0.3340147237186052,0.16666666666666666
2025-02-04,VN:LPB,0.03417918177110302,1,2.0,-0.48849479490149916,0.28265449194122483,0.33982726678380915,0.10489252876570426,0.12860996925376378,0.14401574325549793,0.2726257125092617,0.16666666666666666
2025-02-14,VN:GEE,0.253501971984224,4,4.0,0.11623273616682384,0.21932147116480066,0.21154293102707072,0.10619525453157344,0.15946207702961449,0.3034782662469407,0.4629403432765552,0.16666666666666666
2025-02-14,VN:VTP,0.006407657459147842,0,1.0,-0.3839457837335137,0.31900048731268177,0.2490330524598517,0.10430143928977012,0.15224179852369127,0.17542322241400513,0.3276650209376964,0.16666666666666666
2025-02-14,VN:CTD,-0.0065184467195734674,0,1.0,-0.3951723008988224,0.2989280544141535,0.2696281989636138,0.11072083645105985,0.16913381344924727,0.15158909672192555,0.3207229101711728,0.16666666666666666
2025-02-26,VN:GEE,0.12279751588677068,0,4.0,-0.09774087150974109,0.26247378597094595,0.22155582409599817,0.10777880755561275,0.16762064022673726,0.24057094215070585,0.40819158237744313,0.16666666666666666
2025-02-26,VN:VTP,-0.02007233772329442,1,0.0,-0.4362822473049164,0.275227427482605,0.3041822910308838,0.11710674315690994,0.1886121779680252,0.11487136036157608,0.3034835383296013,0.16666666666666666
2025-02-26,VN:CTD,-0.1036718364002267,1,0.0,-0.4437618868421946,0.2929728539892181,0.30244871072623997,0.10851506565466328,0.14749420739727595,0.14856916223260277,0.2960633696298787,0.16666666666666666
2025-03-10,VN:GEE,0.06036667654125938,0,3.0,-0.2948414937430397,0.32481899373503037,0.21144690794576843,0.10286120917109834,0.1555023766234163,0.20537051252468658,0.3608728891481029,0.16666666666666666
2025-03-10,VN:BSI,-0.005357142857142727,1,1.0,-0.4044687208849954,0.24925939743164793,0.333085070068534,0.11941272798700762,0.16935046497878642,0.12889233953402401,0.29824280451281043,0.16666666666666666
2025-03-10,VN:VCI,-0.021644413211524882,1,0.0,-0.41530780241810694,0.2374028038204552,0.35803018087238614,0.11373257975973426,0.1641408849996592,0.1266935505477652,0.2908344355474244,0.16666666666666666
2025-03-20,VN:GEE,-0.022217071717104964,0,0.0,-0.30558066649494575,0.3263390563029332,0.21243641637455177,0.10334255983404637,0.15623007249146484,0.2016518949970038,0.3578819674884687,0.16666666666666666
2025-03-20,VN:FTS,-0.1858818267653929,1,0.0,-0.43611333614418896,0.24885186182183233,0.3469802983555153,0.11534571475765534,0.169073564275003,0.11974856078999399,0.288822125064997,0.16666666666666666
2025-03-20,VN:SJS,-0.136,1,0.0,-0.4551890173856535,0.2672298749078112,0.34529389644809455,0.10017232968761289,0.15004316903489945,0.13726072992158198,0.28730389895648145,0.16666666666666666
2025-04-01,VN:GEE,0.2570869373066482,0,4.0,-0.30558066649494575,0.3263390563029332,0.21243641637455177,0.10334255983404637,0.15623007249146484,0.2016518949970038,0.3578819674884687,0.16666666666666666
2025-04-01,VN:CMG,-0.15695899089637844,0,0.0,-0.3591104027562618,0.2894806883445433,0.27204075658351745,0.1039420001502484,0.17718137932703926,0.1573551755946515,0.33453655492169077,0.16666666666666666
2025-04-01,VN:SJS,-0.16981132075471683,1,0.0,-0.3829151363453631,0.25576466131385667,0.3267842804880121,0.10249242855241575,0.1745187925210685,0.14043983712464692,0.3149586296457154,0.16666666666666666
2025-04-14,VN:CMG,-0.03725078698845752,0,0.0,-0.11904600440034274,0.2522122897537394,0.23513564817809535,0.08465927965431332,0.23547134154247257,0.1925214408713794,0.42799278241385197,0.16666666666666666
2025-04-14,VN:VTP,-0.006277772990805008,0,1.0,-0.1455870728610983,0.2566886861375621,0.241224305638852,0.08846279299603993,0.2182338254022138,0.19539038982533208,0.4136242152275459,0.16666666666666666
2025-04-14,VN:CTR,-0.0022988505747124632,0,1.0,-0.16694812227862887,0.2884008245408412,0.22025267451625058,0.09027030929520265,0.17204618197610702,0.22903000967159853,0.4010761916477056,0.16666666666666666
2025-04-24,VN:CMG,0.1312613882490461,0,4.0,-0.11904600440034274,0.2522122897537394,0.23513564817809535,0.08465927965431332,0.23547134154247257,0.1925214408713794,0.42799278241385197,0.16666666666666666
2025-04-24,VN:VTP,0.0620257676834548,0,3.0,-0.1477192055264056,0.2604478617045869,0.24475699845520404,0.07511346843178174,0.22142982647888232,0.19825184492954495,0.41968167140842727,0.16666666666666666
2025-04-24,VN:CTR,0.1241217798594847,0,4.0,-0.23135811779970278,0.2807253980852782,0.25508446261538453,0.0878678735455237,0.16746739052138895,0.2088548752324246,0.37632226575381356,0.16666666666666666
2025-05-09,VN:VTP,-0.028870791179973376,0,0.0,-0.14594623772679793,0.25732192972276946,0.24181941692127473,0.08621403022588857,0.21877220762011873,0.1958724155099485,0.4146446231300672,0.16666666666666666
2025-05-09,VN:CMG,0.025235048315487063,0,1.0,-0.23678545477401125,0.2758590260456575,0.2506625633637416,0.09313499113071716,0.1950916782387221,0.18525174122116161,0.3803434194598837,0.16666666666666666
2025-05-09,VN:CTR,0.010683760683760868,0,1.0,-0.25680830541284033,0.2877750205909841,0.2356115071330781,0.1077169890596341,0.18343972353040142,0.18545675968590228,0.3688964832163037,0.16666666666666666
2025-05-21,VN:GEX,0.10768672951414082,1,3.0,-0.2187094357802058,0.24151397881636055,0.26994001463144995,0.12384493464462557,0.1951436073311626,0.16955746457640133,0.36470107190756396,0.16666666666666666
2025-05-21,VN:VTP,-0.035252216891990096,0,0.0,-0.22468097340553272,0.26372295421568337,0.247834799827376,0.09335116227454571,0.23958243251157973,0.15550865117081514,0.3950910836823949,0.16666666666666666
2025-05-21,VN:GEE,-0.015167412152336746,0,1.0,-0.34309735426596866,0.34398407769155737,0.20534910873619047,0.09989483952208875,0.1513240382469904,0.19944793580317305,0.35077197405016347,0.16666666666666666
2025-06-02,VN:VTP,0.06746470461159193,0,3.0,-0.18852547092028665,0.263523970000803,0.2476477957911461,0.08372055118859635,0.22404510116644355,0.18106258185301097,0.40510768301945455,0.16666666666666666
2025-06-02,VN:GEX,-0.002819746643659804,1,1.0,-0.2509565726207665,0.25524503753319494,0.2650532205418712,0.12160294120320503,0.19161087845596309,0.16648792226576573,0.35809880072172884,0.16666666666666666
2025-06-02,VN:VRE,-0.07677902621722854,1,0.0,-0.3388986910797558,0.24502326730656077,0.32535371426756465,0.11294204825864768,0.1568603825335233,0.15982058763370355,0.31668097016722685,0.16666666666666666
2025-06-12,VN:DXS,-0.01980198019801982,1,0.0,-0.11733983282238492,0.228875976370633,0.2553047797783497,0.11394731530625649,0.20802695739229088,0.19384497115246996,0.40187192854476084,0.16666666666666666
2025-06-12,VN:SIP,0.05683460167613896,0,2.0,-0.19867852330207825,0.28145357966423035,0.2364286631345749,0.09565497934818268,0.17226825654506683,0.21419452130794525,0.3864627778530121,0.16666666666666666
2025-06-12,VN:SZC,0.14648729446935715,0,4.0,-0.30470440827750545,0.2990875497596331,0.2455215864550831,0.10527349851617965,0.16124245284136454,0.18887491242773963,0.3501173652691042,0.16666666666666666
2025-06-24,VN:GEE,-0.040399396859254866,0,0.0,-0.19243900621264431,0.260262133630083,0.2530603427667941,0.11052901380158225,0.17115141578876536,0.20499709401277522,0.3761485098015406,0.16666666666666666
2025-06-24,VN:DXS,0.06888888888888878,1,3.0,-0.20479312844266184,0.24888895822896,0.27050704167048695,0.10909082158045205,0.17953452735445688,0.1919786511656441,0.371513178520101,0.16666666666666666
2025-06-24,VN:VTP,0.06824333265166183,0,3.0,-0.2786222869773677,0.2745494719796119,0.25221945708009047,0.08569007728889239,0.252385873240864,0.13515512041054129,0.38754099365140526,0.16666666666666666
2025-07-04,VN:DXS,0.23913043478260887,1,4.0,-0.20821352147896943,0.2504134755550811,0.2701843062774516,0.10975905426026095,0.17648859190576827,0.19315457200143804,0.3696431639072063,0.16666666666666666
2025-07-04,VN:GEE,0.26527570789865873,0,4.0,-0.2106315642595291,0.2608128488063812,0.25789675116539,0.11264139413833618,0.1684071272611618,0.20024187862873077,0.3686490058898926,0.16666666666666666
2025-07-04,VN:GEX,0.1875092060686403,1,4.0,-0.22636943240074608,0.2404907864478465,0.27738294832059585,0.11897029337198417,0.19431685490360423,0.16883911695596923,0.3631559718595735,0.16666666666666666
2025-07-16,VN:DXS,0.06280193236714982,4,3.0,-0.00462281717726043,0.22502458766176067,0.2326383660029878,0.10738687537273393,0.19183561777578645,0.24311455318673114,0.4349501709625176,0.16666666666666666
2025-07-16,VN:GEE,0.07678712020180933,0,3.0,-0.07496940810347313,0.24984644912755305,0.22236388093367662,0.10853061420728959,0.1914307403776519,0.22782831535382883,0.4192590557314807,0.16666666666666666
2025-07-16,VN:TCH,-0.04761904761904767,1,0.0,-0.11085140539927174,0.21945185632330394,0.27376901695476447,0.10912708775509763,0.19348275373156737,0.20416928523526662,0.397652038966834,0.16666666666666666
2025-07-16,VN:VIX,0.5380084540225905,1,4.0,-0.1652679269720923,0.2340324486191206,0.25682022784918207,0.11852763416576931,0.2216221806165251,0.16899750874940292,0.39061968936592806,0.16666666666666666
2025-07-28,VN:DXS,0.06751054852320681,4,3.0,0.0690280635799756,0.2188835707473223,0.21786470386587525,0.10598322591210566,0.18987709000889824,0.2673914094657986,0.45726849947469683,0.16666666666666666
2025-07-28,VN:GEE,-0.0038959015116099005,0,1.0,-0.18444937467575073,0.28058481216430664,0.22775998711585999,0.10838976502418518,0.16205063462257385,0.22121480107307434,0.3832654356956482,0.16666666666666666
2025-07-28,VN:VSC,0.2057026476578412,1,4.0,-0.19798650142530355,0.2389514034830243,0.2661592701995264,0.11820876774502945,0.20728554140456829,0.16939501716785157,0.3766805585724199,0.16666666666666666
2025-08-07,VN:VSC,0.13872832369942212,4,4.0,0.06919881598355149,0.22647419234403682,0.21862563165090038,0.10367013359561364,0.16168725249637286,0.2895427899130763,0.4512300424094492,0.16666666666666666
2025-08-07,VN:DXS,-0.057613168724279906,1,0.0,-0.09477363244373699,0.23713947125853685,0.23950395764398702,0.11482271209887528,0.19805845027987806,0.2104754087187228,0.40853385899860084,0.16666666666666666
2025-08-07,VN:SJS,-0.11267605633802813,0,0.0,-0.23795589627358393,0.3015583433094744,0.21680623131389742,0.10546830962994463,0.1703672098341047,0.2057999059125788,0.3761671157466835,0.16666666666666666
2025-08-19,VN:PDR,-0.08949416342412453,4,0.0,0.06904359367619739,0.22596625167030845,0.2181352888982084,0.10568045394660396,0.1613246250547357,0.2888933804301435,0.4502180054848792,0.16666666666666666
2025-08-19,VN:DXS,-0.02692307692307694,1,0.0,-0.10945286939096188,0.23703848432606145,0.24204172782444477,0.11477381308474342,0.20562612244389494,0.2005198523208554,0.40614597476475034,0.16666666666666666
2025-08-19,VN:EVF,-0.16242038216560506,1,0.0,-0.14730227103309534,0.25007522292491213,0.25706288410025,0.10021250769654294,0.17538771163961075,0.2172616736386841,0.39264938527829485,0.16666666666666666
2025-08-29,VN:DXS,-0.0038610038610037423,0,1.0,-0.13163132063886473,0.24373110728253905,0.24169610031080693,0.11587366979749515,0.19987125098129738,0.19882787162786147,0.39869912260915885,0.16666666666666666
2025-08-29,VN:ANV,0.018416206261510082,1,1.0,-0.2155151330575788,0.25340489874656713,0.26710997424848243,0.11304281496479887,0.17447998539626522,0.19196232664388632,0.36644231204015154,0.16666666666666666
2025-08-29,VN:PDR,-0.044806517311609007,1,0.0,-0.2688516100410492,0.2486706543614764,0.29018914915762206,0.1171175324702079,0.1693664801818615,0.17465618382883208,0.3440226640106936,0.16666666666666666
2025-09-12,VN:CII,0.06694560669456062,0,3.0,-0.07185125190352082,0.24511095333596422,0.23710132605355994,0.10627843947086246,0.16754658145725917,0.24396269968235418,0.4115092811396134,0.16666666666666666
2025-09-12,VN:DXS,-0.09926470588235292,0,0.0,-0.13375099102967225,0.24397346559147137,0.24193644703877304,0.11598888871065444,0.20007001012615866,0.19803118853294244,0.3981011986591011,0.16666666666666666
2025-09-12,VN:GEX,0.009096661920582116,1,1.0,-0.15097291430146437,0.2384822911363328,0.25394424228494816,0.11583666989572339,0.20353768310984188,0.18819911357315375,0.39173679668299566,0.16666666666666666
2025-09-24,VN:CII,0.09836065573770503,1,3.0,-0.14665520518992547,0.24878633578389142,0.2511964496492546,0.11020683743521953,0.17750683823615696,0.21230353889547748,0.38981037713163447,0.16666666666666666
2025-09-24,VN:DXS,-0.07307692307692304,1,0.0,-0.20185603351783776,0.25608656001155494,0.2565588672202741,0.11305641467166255,0.18172036246747048,0.19257779562903787,0.37429815809650835,0.16666666666666666
2025-09-24,VN:GEX,0.06477542677200154,1,3.0,-0.2164345484278824,0.25509723450771193,0.2608283103817334,0.11506158601354988,0.1834375072247347,0.18557536187227006,0.36901286909700476,0.16666666666666666
2025-10-06,VN:ANV,-0.009493670886075889,1,1.0,-0.09073939649047263,0.23488932147951957,0.24507374331135323,0.11167014802485263,0.19262058458862946,0.21574620259564511,0.40836678718427455,0.16666666666666666
2025-10-06,VN:CII,0.06153846153846154,1,3.0,-0.2070369211722337,0.25657378862578306,0.25905933204116427,0.11365650255511693,0.17625076543537482,0.1944596113425609,0.3707103767779357,0.16666666666666666
2025-10-06,VN:VIX,-0.082995066508462,0,0.0,-0.21297619381476018,0.27215529299245156,0.24093151810561175,0.11424737019084007,0.17306572714643859,0.19960009156465802,0.3726658187110966,0.16666666666666666
2025-10-16,VN:GEX,-0.3256907179919287,0,0.0,-0.10452130826269485,0.24752123085861022,0.2293682332846609,0.11443547585738732,0.1974607332594966,0.21121432673984494,0.4086750599993415,0.16666666666666666
2025-10-16,VN:VIX,-0.3413231064237775,0,0.0,-0.13544375891736682,0.2551324310496651,0.23890846433695112,0.11328804984789975,0.17161254201205353,0.22105851275343047,0.39267105476548403,0.16666666666666666
2025-10-16,VN:GEE,-0.019167217448777252,0,0.0,-0.1537104226095911,0.26840444999330565,0.23161616576289884,0.11022491588853425,0.16479429357060352,0.22496017478465774,0.3897544683552613,0.16666666666666666
2025-10-16,VN:CII,-0.2533333333333334,0,0.0,-0.1568992596633677,0.26466384727257375,0.23429955716654327,0.1111025595002067,0.1731400800730294,0.21679395598764684,0.3899340360606762,0.16666666666666666
2025-10-28,VN:LPB,-0.07387661843107385,1,0.0,-0.347569088565382,0.23829924280343184,0.3278392054986717,0.11788615935701607,0.17508218214160748,0.14089321019927295,0.31597539234088046,0.16666666666666666
2025-10-28,VN:VIC,-0.040436165379373,0,0.0,-0.3537446724718559,0.3455471863766318,0.20628223544797913,0.10034877433073616,0.15201167195991905,0.1958101318847339,0.34782180384465294,0.16666666666666666
2025-10-28,VN:GEE,-0.03833323463808458,0,0.0,-0.3543659518428306,0.3446989876471686,0.21110189979295657,0.0979276501105506,0.14640900165418533,0.19986246079513892,0.3462714624493243,0.16666666666666666
2025-11-07,VN:GEX,0.026166435689302325,0,1.0,-0.34529707296797424,0.29246791325605176,0.26788147485609426,0.10021769701785752,0.1713456013397693,0.16808731353022713,0.33943291486999644,0.16666666666666666
2025-11-07,VN:GEE,0.10254834745488628,0,3.0,-0.4041396319249327,0.343481475957014,0.22602502664886376,0.10075287370751987,0.15063290073524563,0.1791077229513567,0.32974062368660234,0.16666666666666666
2025-11-07,VN:DXS,0.021671826625387025,0,1.0,-0.4081425873605328,0.3030914000475839,0.2713823853869203,0.10152742784781543,0.1785749753138056,0.1454238114038748,0.3239987867176804,0.16666666666666666
2025-11-19,VN:VIX,-0.024030713811735605,0,0.0,-0.16544449082844714,0.2640154918429927,0.24182091293005775,0.08562980464652471,0.2126601753732536,0.19587361520717123,0.4085337905804248,0.16666666666666666
2025-11-19,VN:VGC,-0.03816793893129766,0,0.0,-0.22722035341368968,0.272894128488443,0.256453438067243,0.0939028237560374,0.1784778777461137,0.19827173194216283,0.37674960968827653,0.16666666666666666
2025-11-19,VN:VSC,0.008928571428571619,0,1.0,-0.23179902481733294,0.2794686597506502,0.25597498202286634,0.08878141773911442,0.16843660426790422,0.2073383362194648,0.37577494048736904,0.16666666666666666
2025-12-01,VN:VIX,-0.09184561810795111,0,0.0,-0.16573578242760734,0.26448032456994297,0.24224667431597913,0.08401993724718643,0.2130345867055251,0.1962184771613663,0.4092530638668914,0.16666666666666666
2025-12-01,VN:BSI,-0.03069053708439906,0,0.0,-0.20528182234405112,0.28211334137534094,0.2388796043479472,0.09587920385689136,0.16843123608506294,0.2146966143347575,0.38312785041982045,0.16666666666666666
2025-12-01,VN:DXS,-0.08375378405650857,0,0.0,-0.2157150901428651,0.2723833146266631,0.25597341012835845,0.09395541670719162,0.17035076783675407,0.20733709070103276,0.37768785853778686,0.16666666666666666
2025-12-11,VN:SJS,0.01565217391304352,0,1.0,-0.14493181027370405,0.2555333414008221,0.24013857901302843,0.09256556768068026,0.21725157226996977,0.19451093963549942,0.4117625119054692,0.16666666666666666
2025-12-11,VN:VIX,-0.025624145439813617,0,0.0,-0.16621515154838562,0.265245258808136,0.2429472953081131,0.0813707560300827,0.21365071833133698,0.19678597152233124,0.4104366898536682,0.16666666666666666
2025-12-11,VN:VSC,-0.04245283018867918,0,0.0,-0.21830148506980784,0.2732233642066263,0.2567628564664083,0.09308220983112879,0.16895503918182017,0.20797653031401642,0.3769315694958366,0.16666666666666666
2025-12-23,VN:VIX,-0.04392880162625812,0,0.0,-0.14895884803651904,0.2606740017285496,0.23876032411128523,0.08281075271078014,0.22436036336690457,0.1933945580824804,0.417754921449385,0.16666666666666666
2025-12-23,VN:DXS,-0.08794788273615639,0,0.0,-0.2084929166958791,0.2714853246288698,0.25512951232299935,0.09043143554879075,0.17630021011382027,0.2066535173855198,0.3829537274993401,0.16666666666666666
2025-12-23,VN:VSC,-0.012019230769230727,0,1.0,-0.23179902481733294,0.2794686597506502,0.25597498202286634,0.08878141773911442,0.16843660426790422,0.2073383362194648,0.37577494048736904,0.16666666666666666
2026-01-06,VN:PAN,0.08239311163895491,4,3.0,0.15244506526656543,0.22728053074003057,0.21358788331729,0.07166573512056075,0.15433769158032076,0.3331281592417979,0.4874658508221187,0.16666666666666666
2026-01-06,VN:CTS,0.06280113659761977,0,3.0,-0.1015162720598457,0.2496260889041682,0.23458719694969668,0.08309676871761223,0.23305678815885836,0.19963315726966452,0.4326899454285229,0.16666666666666666
2026-01-06,VN:DGC,0.17142857142857149,0,4.0,-0.11109937727451324,0.28418511152267456,0.20788350701332092,0.09852109849452972,0.15366621315479279,0.255744069814682,0.4094102829694748,0.16666666666666666
2026-01-06,VN:VIX,0.17142534702629497,0,4.0,-0.16712356979307852,0.2666948715843642,0.24427503165397768,0.07635032328702268,0.2148183419196431,0.19786143155499225,0.41267977347463536,0.16666666666666666
2026-01-06,VN:HDC,0.04825326356957871,0,2.0,-0.1765652312082442,0.2700713595008206,0.2517855484171625,0.07876389532360356,0.183395357306267,0.21598383945214628,0.39937919675841327,0.16666666666666666
2026-01-06,VN:DXG,-0.05406698564593304,0,0.0,-0.20811833906438204,0.2725127996320903,0.2560951170942586,0.08640716418043891,0.17696746089236723,0.20801745820084494,0.3849849190932122,0.16666666666666666
2026-01-16,VN:HDC,0.01646068325327854,0,1.0,-0.1025723360287224,0.25222286394072424,0.23702753903696283,0.07355853115351102,0.2354812008479148,0.20170986502088706,0.43719106586880185,0.16666666666666666
2026-01-16,VN:PAN,0.11347982945227941,0,3.0,-0.10983014434069815,0.2591235714889637,0.24351251851059552,0.08341859529669866,0.17596111225965955,0.23798420244408258,0.41394531470374213,0.16666666666666666
2026-01-16,VN:CTS,-0.06802103431316908,0,0.0,-0.11366329105183287,0.2540146524018639,0.23871138268909078,0.07733938443687786,0.22679176450334926,0.2031428159688182,0.4299345804721675,0.16666666666666666
2026-01-16,VN:DIG,0.009287925696594534,0,1.0,-0.19884739371730242,0.26933141940836414,0.25310536653312965,0.08965637334459185,0.18289286979527317,0.20501397091864115,0.38790684071391435,0.16666666666666666
2026-01-16,VN:DXG,-0.04087037434686136,0,0.0,-0.20889937255086372,0.2735354818840181,0.25705616900157424,0.0829786782569087,0.1776315814962512,0.20879808936124775,0.3864296708574989,0.16666666666666666
2026-01-16,VN:DXS,-0.12974296205630353,0,0.0,-0.21343077560193258,0.27459248695826166,0.25804948614500844,0.08257301835288838,0.17576633262808372,0.20901867591575773,0.38478500854384146,0.16666666666666666
2026-01-28,VN:CTS,-0.0032278088144009898,0,1.0,-0.1015162720598457,0.2496260889041682,0.23458719694969668,0.08309676871761223,0.23305678815885836,0.19963315726966452,0.4326899454285229,0.16666666666666666
2026-01-28,VN:HDC,-0.009303320322942787,0,1.0,-0.1025723360287224,0.25222286394072424,0.23702753903696283,0.07355853115351102,0.2354812008479148,0.20170986502088706,0.43719106586880185,0.16666666666666666
2026-01-28,VN:VJC,-0.013410048818945475,0,1.0,-0.1434192657470703,0.25725123286247253,0.2417529821395874,0.08397820591926575,0.22119897603988647,0.19581860303878784,0.4170175790786743,0.16666666666666666
2026-01-28,VN:PAN,0.0729956480775269,0,3.0,-0.17677831913200492,0.2673459688923652,0.25123954193650994,0.08606559166409956,0.18154463442481508,0.21380426308221018,0.3953488975070253,0.16666666666666666
2026-01-28,VN:DXS,0.011019283746556585,0,1.0,-0.1865636585140773,0.270027790517029,0.2537598051691026,0.08490967877074597,0.1753537233971614,0.21594900214596097,0.3913027255431224,0.16666666666666666
2026-01-28,VN:DXG,0.036163522012578664,0,2.0,-0.19758372008800507,0.2691766321659088,0.2529599070549011,0.08960485458374023,0.18278776109218597,0.20547084510326385,0.38825860619544983,0.16666666666666666
2026-02-09,VN:CTS,0.03997954138607107,0,2.0,-0.10133981251687652,0.24919216710960118,0.2341794266918558,0.08469059684765651,0.2326516703075914,0.19928613904329512,0.43193780935088655,0.16666666666666666
2026-02-09,VN:HDC,-0.11692729766803844,0,0.0,-0.16195902590362032,0.26671863198396484,0.24865979512020486,0.07778609717904249,0.19353291824906135,0.21330255746772642,0.4068354757167878,0.16666666666666666
2026-02-09,VN:VJC,-0.010904850452267634,0,1.0,-0.1862772595795376,0.26394808882358867,0.2480463739047879,0.07969423561604848,0.2269573113387222,0.1813539903168527,0.40831130165557494,0.16666666666666666
2026-02-26,VN:PVD,-0.005347593582887611,4,1.0,-0.03208193111236546,0.2336449421872584,0.23472050797818955,0.11326697960644261,0.16680667921587797,0.25156089101223145,0.41836757022810944,0.16666666666666666
2026-02-26,VN:VIC,-0.14328004736530497,1,0.0,-0.14601158769402828,0.24226320738502127,0.2565479519244741,0.09374894737268356,0.21981700763515366,0.18762288568266736,0.40743989331782104,0.16666666666666666
2026-02-26,VN:CTS,-0.14620612006916234,0,0.0,-0.1759348038444697,0.2660702427317166,0.25004064664184084,0.09042678638656755,0.18067832021894573,0.21278400402092928,0.39346232423987504,0.16666666666666666
2026-02-26,VN:DXS,-0.13324175824175832,0,0.0,-0.1759348038444697,0.2660702427317166,0.25004064664184084,0.09042678638656755,0.18067832021894573,0.21278400402092928,0.39346232423987504,0.16666666666666666
2026-02-26,VN:HDC,-0.1405265708286223,0,0.0,-0.17822128268746606,0.2695282061468332,0.2532903216288936,0.07860548677138258,0.1830265196706873,0.2155494657822033,0.39857598545289064,0.16666666666666666
2026-02-26,VN:DXG,-0.11106293807356027,0,0.0,-0.18366398464631983,0.26550424890232827,0.24950879065718623,0.09023443133337591,0.19265175439869625,0.2021007747084133,0.39475252910710956,0.16666666666666666
2026-03-10,VN:HDC,0.03798063995697776,0,2.0,-0.10638873437626262,0.262479398585549,0.24180235328975846,0.07641208285707358,0.17823991445064416,0.2410662508169748,0.419306165267619,0.16666666666666666
2026-03-10,VN:DXS,0.06218487394957983,0,3.0,-0.10779892229434607,0.258888967600136,0.24136025432825847,0.08618024248421916,0.17580180394058836,0.23776873164679801,0.4135705355873864,0.16666666666666666
2026-03-10,VN:VJC,0.0,0,1.0,-0.13886085152626038,0.2584376633167267,0.24286791682243347,0.07453373074531555,0.22743898630142212,0.19672170281410217,0.4241606891155243,0.16666666666666666
2026-03-10,VN:GEE,0.20158073108812835,0,4.0,-0.16621515154838562,0.265245258808136,0.2429472953081131,0.0813707560300827,0.21365071833133698,0.19678597152233124,0.4104366898536682,0.16666666666666666
2026-03-10,VN:CTS,-0.06296858470171562,0,0.0,-0.17462015932590486,0.26709623338712307,0.24901184062712672,0.08891232709194692,0.1813750497121386,0.2136045491816647,0.3949795988938033,0.16666666666666666
2026-03-10,VN:DIG,0.07539682539682557,0,3.0,-0.17462015932590486,0.26709623338712307,0.24901184062712672,0.08891232709194692,0.1813750497121386,0.2136045491816647,0.3949795988938033,0.16666666666666666
2026-03-20,VN:VJC,0.039415503376228456,0,2.0,-0.1396424163904606,0.25989222332915496,0.2442348432225373,0.06932496227826951,0.22871906884968973,0.19782890232034844,0.4265479711700382,0.16666666666666666
2026-03-20,VN:HDC,0.022858644245927318,0,1.0,-0.1740963983876883,0.27088109869723465,0.2495422325823709,0.0790000444203635,0.18394521701091007,0.2166314072891209,0.40057662430003094,0.16666666666666666
2026-03-20,VN:DXS,0.1298076923076923,0,4.0,-0.17449056842192157,0.26689794261905636,0.24882696198184845,0.08958875999467432,0.18124039201080214,0.21344594339361872,0.3946863354044209,0.16666666666666666
2026-03-20,VN:CTS,0.045691460860246336,0,2.0,-0.17462015932590486,0.26709623338712307,0.24901184062712672,0.08891232709194692,0.1813750497121386,0.2136045491816647,0.3949795988938033,0.16666666666666666
2026-03-20,VN:DGC,-0.023423423423423406,0,0.0,-0.1989685729222851,0.28298198965950316,0.23061230606874594,0.0956109829574005,0.1839817301632335,0.20681299115111684,0.39079472131435034,0.16666666666666666
2026-03-20,VN:CII,0.09815950920245387,0,3.0,-0.22009553849412383,0.27546875847969177,0.2588729781248278,0.08562901360902149,0.1703435429828303,0.2096857068036286,0.3800292497864589,0.16666666666666666
2026-04-01,VN:VJC,0.06530713985262282,0,3.0,-0.1269017765440179,0.2545314450154561,0.23919704734680836,0.07866165845589085,0.23386153752998662,0.19374831165185802,0.42760984918184464,0.16666666666666666
2026-04-01,VN:HDC,-0.007991639515583682,0,1.0,-0.1740963983876883,0.27088109869723465,0.2495422325823709,0.0790000444203635,0.18394521701091007,0.2166314072891209,0.40057662430003094,0.16666666666666666
2026-04-01,VN:CTS,-0.03203494721514377,0,0.0,-0.17462015932590486,0.26709623338712307,0.24901184062712672,0.08891232709194692,0.1813750497121386,0.2136045491816647,0.3949795988938033,0.16666666666666666
2026-04-01,VN:DXG,0.031109710955343983,0,1.0,-0.19943602977502423,0.27012873500969214,0.2538546399430823,0.086961435883088,0.18343429814083273,0.2056208910233048,0.3890551891641375,0.16666666666666666
2026-04-01,VN:DGC,0.07920792079207928,0,3.0,-0.28324398820465785,0.2808636766800832,0.2416298723463695,0.09253010291651044,0.24983945861219553,0.13513688944484128,0.38497634805703684,0.16666666666666666
2026-04-13,VN:VRE,0.22323049001814899,0,4.0,-0.21734048264219996,0.2757718244510008,0.2525889258638849,0.08944279633877578,0.17760081456899035,0.2045956387773481,0.38219645334633845,0.16666666666666666
2026-04-13,VN:VJC,0.07853407222079345,0,3.0,-0.30198460817337036,0.27294066548347473,0.25074148178100586,0.10780258476734161,0.24239233136177063,0.12612293660640717,0.3685152679681778,0.16666666666666666
2026-04-13,VN:DGC,-0.016574585635359074,1,1.0,-0.37124085149734576,0.2700981477640707,0.2849081733457135,0.0948061712473171,0.2465113979092881,0.10367610973361052,0.35018750764289863,0.16666666666666666
2026-04-23,VN:BCM,-0.016574585635359074,0,1.0,-0.22778429260689237,0.28870627499152923,0.23889646112096652,0.0961847684993205,0.16390027227923476,0.21231222310894893,0.3762124953881837,0.16666666666666666
2026-04-23,VN:PLX,0.013994910941475869,0,1.0,-0.25422824161564583,0.2794625973861635,0.26262619308751245,0.09363211412334102,0.1612350445617722,0.20304405084121074,0.364279095402983,0.16666666666666666
2026-04-23,VN:FPT,-0.00537590394323928,0,1.0,-0.2847425064797886,0.2920911631888983,0.2650431414324279,0.08773962473675329,0.1457691799534051,0.20935689068851537,0.3551260706419205,0.16666666666666666
2026-05-08,VN:PLX,0.06382978723404253,0,3.0,-0.1552556133977232,0.261451747097794,0.2457004152879057,0.06945778326008047,0.23343181262266915,0.18995824173155068,0.42339005435421984,0.16666666666666666
2026-05-08,VN:GAS,0.10441767068273089,0,3.0,-0.16834087669849396,0.26449477672576904,0.2485601156949997,0.06990547478199005,0.2248704731464386,0.1921691596508026,0.4170396327972412,0.16666666666666666
2026-05-08,VN:FPT,0.036165982826445564,0,2.0,-0.26721346378326416,0.2898501753807068,0.2630096673965454,0.08706647157669067,0.14465081691741943,0.2154228687286377,0.36007368564605713,0.16666666666666666
