date,equity,portfolio_return,drawdown
2018-01-02,100000000.0,0.0,0.0
2018-01-03,100000000.0,0.0,0.0
2018-01-04,100000000.0,0.0,0.0
2018-01-05,100000000.0,0.0,0.0
2018-01-08,100000000.0,0.0,0.0
2018-01-09,100000000.0,0.0,0.0
2018-01-10,100000000.0,0.0,0.0
2018-01-11,100000000.0,0.0,0.0
2018-01-12,100000000.0,0.0,0.0
2018-01-15,100000000.0,0.0,0.0
2018-01-16,100000000.0,0.0,0.0
2018-01-17,100000000.0,0.0,0.0
2018-01-18,100000000.0,0.0,0.0
2018-01-19,100000000.0,0.0,0.0
2018-01-22,100000000.0,0.0,0.0
2018-01-23,100000000.0,0.0,0.0
2018-01-24,100000000.0,0.0,0.0
2018-01-25,100000000.0,0.0,0.0
2018-01-26,100000000.0,0.0,0.0
2018-01-29,100000000.0,0.0,0.0
2018-01-30,100000000.0,0.0,0.0
2018-01-31,100000000.0,0.0,0.0
2018-02-01,100000000.0,0.0,0.0
2018-02-02,100000000.0,0.0,0.0
2018-02-05,100000000.0,0.0,0.0
2018-02-06,100000000.0,0.0,0.0
2018-02-07,100000000.0,0.0,0.0
2018-02-08,100000000.0,0.0,0.0
2018-02-09,100000000.0,0.0,0.0
2018-02-12,100000000.0,0.0,0.0
2018-02-13,100000000.0,0.0,0.0
2018-02-21,100000000.0,0.0,0.0
2018-02-22,100000000.0,0.0,0.0
2018-02-23,100000000.0,0.0,0.0
2018-02-26,100000000.0,0.0,0.0
2018-02-27,100000000.0,0.0,0.0
2018-02-28,100000000.0,0.0,0.0
2018-03-01,100000000.0,0.0,0.0
2018-03-02,100000000.0,0.0,0.0
2018-03-05,100000000.0,0.0,0.0
2018-03-06,100000000.0,0.0,0.0
2018-03-07,100000000.0,0.0,0.0
2018-03-08,100000000.0,0.0,0.0
2018-03-09,100000000.0,0.0,0.0
2018-03-12,100000000.0,0.0,0.0
2018-03-13,100000000.0,0.0,0.0
2018-03-14,100000000.0,0.0,0.0
2018-03-15,100000000.0,0.0,0.0
2018-03-16,100000000.0,0.0,0.0
2018-03-19,100000000.0,0.0,0.0
2018-03-20,100000000.0,0.0,0.0
2018-03-21,100000000.0,0.0,0.0
2018-03-22,100000000.0,0.0,0.0
2018-03-23,100000000.0,0.0,0.0
2018-03-26,100000000.0,0.0,0.0
2018-03-27,100000000.0,0.0,0.0
2018-03-28,100000000.0,0.0,0.0
2018-03-29,100000000.0,0.0,0.0
2018-03-30,100000000.0,0.0,0.0
2018-04-02,100000000.0,0.0,0.0
2018-04-03,100000000.0,0.0,0.0
2018-04-04,100000000.0,0.0,0.0
2018-04-05,100000000.0,0.0,0.0
2018-04-06,100000000.0,0.0,0.0
2018-04-09,100000000.0,0.0,0.0
2018-04-10,100000000.0,0.0,0.0
2018-04-11,100000000.0,0.0,0.0
2018-04-12,100000000.0,0.0,0.0
2018-04-13,100000000.0,0.0,0.0
2018-04-16,100000000.0,0.0,0.0
2018-04-17,100000000.0,0.0,0.0
2018-04-18,100000000.0,0.0,0.0
2018-04-19,100000000.0,0.0,0.0
2018-04-20,100000000.0,0.0,0.0
2018-04-23,100000000.0,0.0,0.0
2018-04-24,100000000.0,0.0,0.0
2018-04-26,100000000.0,0.0,0.0
2018-04-27,100000000.0,0.0,0.0
2018-05-02,100000000.0,0.0,0.0
2018-05-03,100000000.0,0.0,0.0
2018-05-04,100000000.0,0.0,0.0
2018-05-07,100000000.0,0.0,0.0
2018-05-08,100000000.0,0.0,0.0
2018-05-09,100000000.0,0.0,0.0
2018-05-10,100000000.0,0.0,0.0
2018-05-11,100000000.0,0.0,0.0
2018-05-14,100000000.0,0.0,0.0
2018-05-15,100000000.0,0.0,0.0
2018-05-16,100000000.0,0.0,0.0
2018-05-17,100000000.0,0.0,0.0
2018-05-18,100000000.0,0.0,0.0
2018-05-21,100000000.0,0.0,0.0
2018-05-22,100000000.0,0.0,0.0
2018-05-23,100000000.0,0.0,0.0
2018-05-24,100000000.0,0.0,0.0
2018-05-25,100000000.0,0.0,0.0
2018-05-28,100000000.0,0.0,0.0
2018-05-29,100000000.0,0.0,0.0
2018-05-30,100000000.0,0.0,0.0
2018-05-31,100000000.0,0.0,0.0
2018-06-01,100000000.0,0.0,0.0
2018-06-04,100000000.0,0.0,0.0
2018-06-05,100000000.0,0.0,0.0
2018-06-06,100000000.0,0.0,0.0
2018-06-07,100000000.0,0.0,0.0
2018-06-08,100000000.0,0.0,0.0
2018-06-11,100000000.0,0.0,0.0
2018-06-12,100000000.0,0.0,0.0
2018-06-13,100000000.0,0.0,0.0
2018-06-14,100000000.0,0.0,0.0
2018-06-15,100000000.0,0.0,0.0
2018-06-18,100000000.0,0.0,0.0
2018-06-19,100000000.0,0.0,0.0
2018-06-20,100000000.0,0.0,0.0
2018-06-21,100000000.0,0.0,0.0
2018-06-22,100000000.0,0.0,0.0
2018-06-25,100000000.0,0.0,0.0
2018-06-26,100000000.0,0.0,0.0
2018-06-27,100000000.0,0.0,0.0
2018-06-28,100000000.0,0.0,0.0
2018-06-29,100000000.0,0.0,0.0
2018-07-02,100000000.0,0.0,0.0
2018-07-03,100000000.0,0.0,0.0
2018-07-04,100000000.0,0.0,0.0
2018-07-05,100000000.0,0.0,0.0
2018-07-06,100000000.0,0.0,0.0
2018-07-09,100000000.0,0.0,0.0
2018-07-10,100000000.0,0.0,0.0
2018-07-11,100000000.0,0.0,0.0
2018-07-12,100000000.0,0.0,0.0
2018-07-13,100000000.0,0.0,0.0
2018-07-16,100000000.0,0.0,0.0
2018-07-17,100000000.0,0.0,0.0
2018-07-18,100000000.0,0.0,0.0
2018-07-19,100000000.0,0.0,0.0
2018-07-20,100000000.0,0.0,0.0
2018-07-23,100000000.0,0.0,0.0
2018-07-24,100000000.0,0.0,0.0
2018-07-25,100000000.0,0.0,0.0
2018-07-26,100000000.0,0.0,0.0
2018-07-27,100000000.0,0.0,0.0
2018-07-30,100000000.0,0.0,0.0
2018-07-31,100000000.0,0.0,0.0
2018-08-01,100000000.0,0.0,0.0
2018-08-02,100000000.0,0.0,0.0
2018-08-03,100000000.0,0.0,0.0
2018-08-06,100000000.0,0.0,0.0
2018-08-07,100000000.0,0.0,0.0
2018-08-08,100000000.0,0.0,0.0
2018-08-09,100000000.0,0.0,0.0
2018-08-10,100000000.0,0.0,0.0
2018-08-13,100000000.0,0.0,0.0
2018-08-14,100000000.0,0.0,0.0
2018-08-15,100000000.0,0.0,0.0
2018-08-16,100000000.0,0.0,0.0
2018-08-17,100000000.0,0.0,0.0
2018-08-20,100000000.0,0.0,0.0
2018-08-21,100000000.0,0.0,0.0
2018-08-22,100000000.0,0.0,0.0
2018-08-23,100000000.0,0.0,0.0
2018-08-24,100000000.0,0.0,0.0
2018-08-27,100000000.0,0.0,0.0
2018-08-28,100000000.0,0.0,0.0
2018-08-29,100000000.0,0.0,0.0
2018-08-30,100000000.0,0.0,0.0
2018-08-31,100000000.0,0.0,0.0
2018-09-04,100000000.0,0.0,0.0
2018-09-05,100000000.0,0.0,0.0
2018-09-06,100000000.0,0.0,0.0
2018-09-07,100000000.0,0.0,0.0
2018-09-10,100000000.0,0.0,0.0
2018-09-11,100000000.0,0.0,0.0
2018-09-12,100000000.0,0.0,0.0
2018-09-13,100000000.0,0.0,0.0
2018-09-14,100000000.0,0.0,0.0
2018-09-17,100000000.0,0.0,0.0
2018-09-18,100000000.0,0.0,0.0
2018-09-19,100000000.0,0.0,0.0
2018-09-20,100000000.0,0.0,0.0
2018-09-21,100000000.0,0.0,0.0
2018-09-24,100000000.0,0.0,0.0
2018-09-25,100000000.0,0.0,0.0
2018-09-26,100000000.0,0.0,0.0
2018-09-27,100000000.0,0.0,0.0
2018-09-28,100000000.0,0.0,0.0
2018-10-01,100000000.0,0.0,0.0
2018-10-02,100000000.0,0.0,0.0
2018-10-03,100000000.0,0.0,0.0
2018-10-04,100000000.0,0.0,0.0
2018-10-05,100000000.0,0.0,0.0
2018-10-08,100000000.0,0.0,0.0
2018-10-09,100000000.0,0.0,0.0
2018-10-10,100000000.0,0.0,0.0
2018-10-11,100000000.0,0.0,0.0
2018-10-12,100000000.0,0.0,0.0
2018-10-15,100000000.0,0.0,0.0
2018-10-16,100000000.0,0.0,0.0
2018-10-17,100000000.0,0.0,0.0
2018-10-18,100000000.0,0.0,0.0
2018-10-19,100000000.0,0.0,0.0
2018-10-22,100000000.0,0.0,0.0
2018-10-23,100000000.0,0.0,0.0
2018-10-24,100000000.0,0.0,0.0
2018-10-25,100000000.0,0.0,0.0
2018-10-26,100000000.0,0.0,0.0
2018-10-29,100000000.0,0.0,0.0
2018-10-30,100000000.0,0.0,0.0
2018-10-31,100000000.0,0.0,0.0
2018-11-01,100000000.0,0.0,0.0
2018-11-02,100000000.0,0.0,0.0
2018-11-05,100000000.0,0.0,0.0
2018-11-06,100000000.0,0.0,0.0
2018-11-07,100000000.0,0.0,0.0
2018-11-08,100000000.0,0.0,0.0
2018-11-09,100000000.0,0.0,0.0
2018-11-12,100000000.0,0.0,0.0
2018-11-13,100000000.0,0.0,0.0
2018-11-14,100000000.0,0.0,0.0
2018-11-15,100000000.0,0.0,0.0
2018-11-16,100000000.0,0.0,0.0
2018-11-19,100000000.0,0.0,0.0
2018-11-20,100000000.0,0.0,0.0
2018-11-21,100000000.0,0.0,0.0
2018-11-22,100000000.0,0.0,0.0
2018-11-23,100000000.0,0.0,0.0
2018-11-26,100000000.0,0.0,0.0
2018-11-27,100000000.0,0.0,0.0
2018-11-28,100000000.0,0.0,0.0
2018-11-29,100000000.0,0.0,0.0
2018-11-30,100000000.0,0.0,0.0
2018-12-03,100000000.0,0.0,0.0
2018-12-04,100000000.0,0.0,0.0
2018-12-05,100000000.0,0.0,0.0
2018-12-06,100000000.0,0.0,0.0
2018-12-07,100000000.0,0.0,0.0
2018-12-10,100000000.0,0.0,0.0
2018-12-11,100000000.0,0.0,0.0
2018-12-12,100000000.0,0.0,0.0
2018-12-13,100000000.0,0.0,0.0
2018-12-14,100000000.0,0.0,0.0
2018-12-17,100000000.0,0.0,0.0
2018-12-18,100000000.0,0.0,0.0
2018-12-19,100000000.0,0.0,0.0
2018-12-20,100000000.0,0.0,0.0
2018-12-21,100000000.0,0.0,0.0
2018-12-24,100000000.0,0.0,0.0
2018-12-25,100000000.0,0.0,0.0
2018-12-26,100000000.0,0.0,0.0
2018-12-27,100000000.0,0.0,0.0
2018-12-28,100000000.0,0.0,0.0
2019-01-02,100000000.0,0.0,0.0
2019-01-03,100000000.0,0.0,0.0
2019-01-04,100000000.0,0.0,0.0
2019-01-07,100000000.0,0.0,0.0
2019-01-08,100000000.0,0.0,0.0
2019-01-09,100000000.0,0.0,0.0
2019-01-10,100000000.0,0.0,0.0
2019-01-11,100000000.0,0.0,0.0
2019-01-14,100000000.0,0.0,0.0
2019-01-15,100000000.0,0.0,0.0
2019-01-16,100000000.0,0.0,0.0
2019-01-17,100000000.0,0.0,0.0
2019-01-18,100000000.0,0.0,0.0
2019-01-21,100000000.0,0.0,0.0
2019-01-22,100000000.0,0.0,0.0
2019-01-23,100000000.0,0.0,0.0
2019-01-24,100000000.0,0.0,0.0
2019-01-25,100000000.0,0.0,0.0
2019-01-28,100000000.0,0.0,0.0
2019-01-29,100000000.0,0.0,0.0
2019-01-30,100000000.0,0.0,0.0
2019-01-31,100000000.0,0.0,0.0
2019-02-01,100000000.0,0.0,0.0
2019-02-11,100000000.0,0.0,0.0
2019-02-12,100000000.0,0.0,0.0
2019-02-13,100000000.0,0.0,0.0
2019-02-14,100000000.0,0.0,0.0
2019-02-15,100000000.0,0.0,0.0
2019-02-18,100000000.0,0.0,0.0
2019-02-19,100000000.0,0.0,0.0
2019-02-20,100000000.0,0.0,0.0
2019-02-21,100000000.0,0.0,0.0
2019-02-22,100000000.0,0.0,0.0
2019-02-25,100000000.0,0.0,0.0
2019-02-26,100000000.0,0.0,0.0
2019-02-27,100000000.0,0.0,0.0
2019-02-28,100000000.0,0.0,0.0
2019-03-01,100000000.0,0.0,0.0
2019-03-04,100000000.0,0.0,0.0
2019-03-05,100000000.0,0.0,0.0
2019-03-06,100000000.0,0.0,0.0
2019-03-07,100000000.0,0.0,0.0
2019-03-08,100000000.0,0.0,0.0
2019-03-11,100000000.0,0.0,0.0
2019-03-12,100000000.0,0.0,0.0
2019-03-13,100000000.0,0.0,0.0
2019-03-14,100000000.0,0.0,0.0
2019-03-15,100000000.0,0.0,0.0
2019-03-18,100000000.0,0.0,0.0
2019-03-19,100000000.0,0.0,0.0
2019-03-20,100000000.0,0.0,0.0
2019-03-21,100000000.0,0.0,0.0
2019-03-22,100000000.0,0.0,0.0
2019-03-25,100000000.0,0.0,0.0
2019-03-26,100000000.0,0.0,0.0
2019-03-27,100000000.0,0.0,0.0
2019-03-28,100000000.0,0.0,0.0
2019-03-29,100000000.0,0.0,0.0
2019-04-01,100000000.0,0.0,0.0
2019-04-02,100000000.0,0.0,0.0
2019-04-03,100000000.0,0.0,0.0
2019-04-04,100000000.0,0.0,0.0
2019-04-05,100000000.0,0.0,0.0
2019-04-08,100000000.0,0.0,0.0
2019-04-09,100000000.0,0.0,0.0
2019-04-10,100000000.0,0.0,0.0
2019-04-11,100000000.0,0.0,0.0
2019-04-12,100000000.0,0.0,0.0
2019-04-16,100000000.0,0.0,0.0
2019-04-17,100000000.0,0.0,0.0
2019-04-18,100000000.0,0.0,0.0
2019-04-19,100000000.0,0.0,0.0
2019-04-22,100000000.0,0.0,0.0
2019-04-23,100000000.0,0.0,0.0
2019-04-24,100000000.0,0.0,0.0
2019-04-25,100000000.0,0.0,0.0
2019-04-26,100000000.0,0.0,0.0
2019-05-02,100000000.0,0.0,0.0
2019-05-03,100000000.0,0.0,0.0
2019-05-06,100000000.0,0.0,0.0
2019-05-07,100000000.0,0.0,0.0
2019-05-08,100000000.0,0.0,0.0
2019-05-09,100000000.0,0.0,0.0
2019-05-10,100000000.0,0.0,0.0
2019-05-13,100000000.0,0.0,0.0
2019-05-14,100000000.0,0.0,0.0
2019-05-15,100000000.0,0.0,0.0
2019-05-16,100000000.0,0.0,0.0
2019-05-17,100000000.0,0.0,0.0
2019-05-20,100000000.0,0.0,0.0
2019-05-21,100000000.0,0.0,0.0
2019-05-22,100000000.0,0.0,0.0
2019-05-23,100000000.0,0.0,0.0
2019-05-24,100000000.0,0.0,0.0
2019-05-27,100000000.0,0.0,0.0
2019-05-28,100000000.0,0.0,0.0
2019-05-29,100000000.0,0.0,0.0
2019-05-30,100000000.0,0.0,0.0
2019-05-31,100000000.0,0.0,0.0
2019-06-03,100000000.0,0.0,0.0
2019-06-04,100000000.0,0.0,0.0
2019-06-05,100000000.0,0.0,0.0
2019-06-06,100000000.0,0.0,0.0
2019-06-07,100000000.0,0.0,0.0
2019-06-10,100000000.0,0.0,0.0
2019-06-11,100000000.0,0.0,0.0
2019-06-12,100000000.0,0.0,0.0
2019-06-13,100000000.0,0.0,0.0
2019-06-14,100000000.0,0.0,0.0
2019-06-17,100000000.0,0.0,0.0
2019-06-18,100000000.0,0.0,0.0
2019-06-19,100000000.0,0.0,0.0
2019-06-20,100000000.0,0.0,0.0
2019-06-21,100000000.0,0.0,0.0
2019-06-24,100000000.0,0.0,0.0
2019-06-25,100000000.0,0.0,0.0
2019-06-26,100000000.0,0.0,0.0
2019-06-27,100000000.0,0.0,0.0
2019-06-28,100000000.0,0.0,0.0
2019-07-01,100000000.0,0.0,0.0
2019-07-02,100000000.0,0.0,0.0
2019-07-03,100000000.0,0.0,0.0
2019-07-04,100000000.0,0.0,0.0
2019-07-05,100000000.0,0.0,0.0
2019-07-08,100000000.0,0.0,0.0
2019-07-09,100000000.0,0.0,0.0
2019-07-10,100000000.0,0.0,0.0
2019-07-11,100000000.0,0.0,0.0
2019-07-12,100000000.0,0.0,0.0
2019-07-15,100000000.0,0.0,0.0
2019-07-16,100000000.0,0.0,0.0
2019-07-17,100000000.0,0.0,0.0
2019-07-18,100000000.0,0.0,0.0
2019-07-19,100000000.0,0.0,0.0
2019-07-22,100000000.0,0.0,0.0
2019-07-23,100000000.0,0.0,0.0
2019-07-24,100000000.0,0.0,0.0
2019-07-25,100000000.0,0.0,0.0
2019-07-26,100000000.0,0.0,0.0
2019-07-29,100000000.0,0.0,0.0
2019-07-30,100000000.0,0.0,0.0
2019-07-31,100000000.0,0.0,0.0
2019-08-01,100000000.0,0.0,0.0
2019-08-02,100000000.0,0.0,0.0
2019-08-05,100000000.0,0.0,0.0
2019-08-06,100000000.0,0.0,0.0
2019-08-07,100000000.0,0.0,0.0
2019-08-08,100000000.0,0.0,0.0
2019-08-09,100000000.0,0.0,0.0
2019-08-12,100000000.0,0.0,0.0
2019-08-13,100000000.0,0.0,0.0
2019-08-14,100000000.0,0.0,0.0
2019-08-15,100000000.0,0.0,0.0
2019-08-16,100000000.0,0.0,0.0
2019-08-19,100000000.0,0.0,0.0
2019-08-20,100000000.0,0.0,0.0
2019-08-21,100000000.0,0.0,0.0
2019-08-22,100000000.0,0.0,0.0
2019-08-23,100000000.0,0.0,0.0
2019-08-26,100000000.0,0.0,0.0
2019-08-27,100000000.0,0.0,0.0
2019-08-28,100000000.0,0.0,0.0
2019-08-29,100000000.0,0.0,0.0
2019-08-30,100000000.0,0.0,0.0
2019-09-03,100000000.0,0.0,0.0
2019-09-04,100000000.0,0.0,0.0
2019-09-05,100000000.0,0.0,0.0
2019-09-06,100000000.0,0.0,0.0
2019-09-09,100000000.0,0.0,0.0
2019-09-10,100000000.0,0.0,0.0
2019-09-11,100000000.0,0.0,0.0
2019-09-12,100000000.0,0.0,0.0
2019-09-13,100000000.0,0.0,0.0
2019-09-16,100000000.0,0.0,0.0
2019-09-17,100000000.0,0.0,0.0
2019-09-18,100000000.0,0.0,0.0
2019-09-19,100000000.0,0.0,0.0
2019-09-20,100000000.0,0.0,0.0
2019-09-23,100000000.0,0.0,0.0
2019-09-24,100000000.0,0.0,0.0
2019-09-25,100000000.0,0.0,0.0
2019-09-26,100000000.0,0.0,0.0
2019-09-27,100000000.0,0.0,0.0
2019-09-30,100000000.0,0.0,0.0
2019-10-01,100000000.0,0.0,0.0
2019-10-02,100000000.0,0.0,0.0
2019-10-03,100000000.0,0.0,0.0
2019-10-04,100000000.0,0.0,0.0
2019-10-07,100000000.0,0.0,0.0
2019-10-08,100000000.0,0.0,0.0
2019-10-09,100000000.0,0.0,0.0
2019-10-10,100000000.0,0.0,0.0
2019-10-11,100000000.0,0.0,0.0
2019-10-14,100000000.0,0.0,0.0
2019-10-15,100000000.0,0.0,0.0
2019-10-16,100000000.0,0.0,0.0
2019-10-17,100000000.0,0.0,0.0
2019-10-18,100000000.0,0.0,0.0
2019-10-21,100000000.0,0.0,0.0
2019-10-22,100000000.0,0.0,0.0
2019-10-23,100000000.0,0.0,0.0
2019-10-24,100000000.0,0.0,0.0
2019-10-25,100000000.0,0.0,0.0
2019-10-28,100000000.0,0.0,0.0
2019-10-29,100000000.0,0.0,0.0
2019-10-30,100000000.0,0.0,0.0
2019-10-31,100000000.0,0.0,0.0
2019-11-01,100000000.0,0.0,0.0
2019-11-04,100000000.0,0.0,0.0
2019-11-05,100000000.0,0.0,0.0
2019-11-06,100000000.0,0.0,0.0
2019-11-07,100000000.0,0.0,0.0
2019-11-08,100000000.0,0.0,0.0
2019-11-11,100000000.0,0.0,0.0
2019-11-12,100000000.0,0.0,0.0
2019-11-13,100000000.0,0.0,0.0
2019-11-14,100000000.0,0.0,0.0
2019-11-15,100000000.0,0.0,0.0
2019-11-18,100000000.0,0.0,0.0
2019-11-19,100000000.0,0.0,0.0
2019-11-20,100000000.0,0.0,0.0
2019-11-21,100000000.0,0.0,0.0
2019-11-22,100000000.0,0.0,0.0
2019-11-25,100000000.0,0.0,0.0
2019-11-26,100000000.0,0.0,0.0
2019-11-27,100000000.0,0.0,0.0
2019-11-28,100000000.0,0.0,0.0
2019-11-29,100000000.0,0.0,0.0
2019-12-02,100000000.0,0.0,0.0
2019-12-03,100000000.0,0.0,0.0
2019-12-04,100000000.0,0.0,0.0
2019-12-05,100000000.0,0.0,0.0
2019-12-06,100000000.0,0.0,0.0
2019-12-09,100000000.0,0.0,0.0
2019-12-10,100000000.0,0.0,0.0
2019-12-11,100000000.0,0.0,0.0
2019-12-12,100000000.0,0.0,0.0
2019-12-13,100000000.0,0.0,0.0
2019-12-16,100000000.0,0.0,0.0
2019-12-17,100000000.0,0.0,0.0
2019-12-18,100000000.0,0.0,0.0
2019-12-19,100000000.0,0.0,0.0
2019-12-20,100000000.0,0.0,0.0
2019-12-23,100000000.0,0.0,0.0
2019-12-24,100000000.0,0.0,0.0
2019-12-25,100000000.0,0.0,0.0
2019-12-26,100000000.0,0.0,0.0
2019-12-27,100000000.0,0.0,0.0
2019-12-30,100000000.0,0.0,0.0
2019-12-31,100000000.0,0.0,0.0
2020-01-02,100000000.0,0.0,0.0
2020-01-03,100000000.0,0.0,0.0
2020-01-06,100000000.0,0.0,0.0
2020-01-07,100000000.0,0.0,0.0
2020-01-08,100000000.0,0.0,0.0
2020-01-09,100000000.0,0.0,0.0
2020-01-10,100000000.0,0.0,0.0
2020-01-13,100000000.0,0.0,0.0
2020-01-14,100000000.0,0.0,0.0
2020-01-15,100000000.0,0.0,0.0
2020-01-16,100000000.0,0.0,0.0
2020-01-17,100000000.0,0.0,0.0
2020-01-20,100000000.0,0.0,0.0
2020-01-21,100000000.0,0.0,0.0
2020-01-22,100000000.0,0.0,0.0
2020-01-30,100000000.0,0.0,0.0
2020-01-31,100000000.0,0.0,0.0
2020-02-03,100000000.0,0.0,0.0
2020-02-04,100000000.0,0.0,0.0
2020-02-05,100000000.0,0.0,0.0
2020-02-06,100000000.0,0.0,0.0
2020-02-07,100000000.0,0.0,0.0
2020-02-10,100000000.0,0.0,0.0
2020-02-11,100000000.0,0.0,0.0
2020-02-12,100000000.0,0.0,0.0
2020-02-13,100000000.0,0.0,0.0
2020-02-14,100000000.0,0.0,0.0
2020-02-17,100000000.0,0.0,0.0
2020-02-18,100000000.0,0.0,0.0
2020-02-19,100000000.0,0.0,0.0
2020-02-20,100000000.0,0.0,0.0
2020-02-21,100000000.0,0.0,0.0
2020-02-24,100000000.0,0.0,0.0
2020-02-25,100000000.0,0.0,0.0
2020-02-26,100000000.0,0.0,0.0
2020-02-27,100000000.0,0.0,0.0
2020-02-28,100000000.0,0.0,0.0
2020-03-02,100000000.0,0.0,0.0
2020-03-03,100000000.0,0.0,0.0
2020-03-04,100000000.0,0.0,0.0
2020-03-05,100000000.0,0.0,0.0
2020-03-06,100000000.0,0.0,0.0
2020-03-09,100000000.0,0.0,0.0
2020-03-10,100000000.0,0.0,0.0
2020-03-11,100000000.0,0.0,0.0
2020-03-12,100000000.0,0.0,0.0
2020-03-13,100000000.0,0.0,0.0
2020-03-16,100000000.0,0.0,0.0
2020-03-17,100000000.0,0.0,0.0
2020-03-18,100000000.0,0.0,0.0
2020-03-19,100000000.0,0.0,0.0
2020-03-20,100000000.0,0.0,0.0
2020-03-23,100000000.0,0.0,0.0
2020-03-24,100000000.0,0.0,0.0
2020-03-25,100000000.0,0.0,0.0
2020-03-26,100000000.0,0.0,0.0
2020-03-27,100000000.0,0.0,0.0
2020-03-30,100000000.0,0.0,0.0
2020-03-31,100000000.0,0.0,0.0
2020-04-01,100000000.0,0.0,0.0
2020-04-03,100000000.0,0.0,0.0
2020-04-06,100000000.0,0.0,0.0
2020-04-07,100000000.0,0.0,0.0
2020-04-08,100000000.0,0.0,0.0
2020-04-09,100000000.0,0.0,0.0
2020-04-10,100000000.0,0.0,0.0
2020-04-13,100000000.0,0.0,0.0
2020-04-14,100000000.0,0.0,0.0
2020-04-15,100000000.0,0.0,0.0
2020-04-16,100000000.0,0.0,0.0
2020-04-17,100000000.0,0.0,0.0
2020-04-20,100000000.0,0.0,0.0
2020-04-21,100000000.0,0.0,0.0
2020-04-22,100000000.0,0.0,0.0
2020-04-23,100000000.0,0.0,0.0
2020-04-24,100000000.0,0.0,0.0
2020-04-27,100000000.0,0.0,0.0
2020-04-28,100000000.0,0.0,0.0
2020-04-29,100000000.0,0.0,0.0
2020-05-04,100000000.0,0.0,0.0
2020-05-05,100000000.0,0.0,0.0
2020-05-06,100000000.0,0.0,0.0
2020-05-07,100000000.0,0.0,0.0
2020-05-08,100000000.0,0.0,0.0
2020-05-11,100000000.0,0.0,0.0
2020-05-12,100000000.0,0.0,0.0
2020-05-13,100000000.0,0.0,0.0
2020-05-14,100000000.0,0.0,0.0
2020-05-15,100000000.0,0.0,0.0
2020-05-18,100000000.0,0.0,0.0
2020-05-19,100000000.0,0.0,0.0
2020-05-20,100000000.0,0.0,0.0
2020-05-21,100000000.0,0.0,0.0
2020-05-22,100000000.0,0.0,0.0
2020-05-25,100000000.0,0.0,0.0
2020-05-26,100000000.0,0.0,0.0
2020-05-27,100000000.0,0.0,0.0
2020-05-28,100000000.0,0.0,0.0
2020-05-29,100000000.0,0.0,0.0
2020-06-01,100000000.0,0.0,0.0
2020-06-02,100000000.0,0.0,0.0
2020-06-03,100000000.0,0.0,0.0
2020-06-04,100000000.0,0.0,0.0
2020-06-05,100000000.0,0.0,0.0
2020-06-08,100000000.0,0.0,0.0
2020-06-09,100000000.0,0.0,0.0
2020-06-10,100000000.0,0.0,0.0
2020-06-11,100000000.0,0.0,0.0
2020-06-12,100000000.0,0.0,0.0
2020-06-15,100000000.0,0.0,0.0
2020-06-16,100000000.0,0.0,0.0
2020-06-17,100000000.0,0.0,0.0
2020-06-18,100000000.0,0.0,0.0
2020-06-19,100000000.0,0.0,0.0
2020-06-22,100000000.0,0.0,0.0
2020-06-23,100000000.0,0.0,0.0
2020-06-24,100000000.0,0.0,0.0
2020-06-25,100000000.0,0.0,0.0
2020-06-26,100000000.0,0.0,0.0
2020-06-29,100000000.0,0.0,0.0
2020-06-30,100000000.0,0.0,0.0
2020-07-01,100000000.0,0.0,0.0
2020-07-02,100000000.0,0.0,0.0
2020-07-03,100000000.0,0.0,0.0
2020-07-06,100000000.0,0.0,0.0
2020-07-07,100000000.0,0.0,0.0
2020-07-08,100000000.0,0.0,0.0
2020-07-09,100000000.0,0.0,0.0
2020-07-10,100000000.0,0.0,0.0
2020-07-13,100000000.0,0.0,0.0
2020-07-14,100000000.0,0.0,0.0
2020-07-15,100000000.0,0.0,0.0
2020-07-16,100000000.0,0.0,0.0
2020-07-17,100000000.0,0.0,0.0
2020-07-20,100000000.0,0.0,0.0
2020-07-21,100000000.0,0.0,0.0
2020-07-22,100000000.0,0.0,0.0
2020-07-23,100000000.0,0.0,0.0
2020-07-24,100000000.0,0.0,0.0
2020-07-27,100000000.0,0.0,0.0
2020-07-28,100000000.0,0.0,0.0
2020-07-29,100000000.0,0.0,0.0
2020-07-30,100000000.0,0.0,0.0
2020-07-31,100000000.0,0.0,0.0
2020-08-03,100000000.0,0.0,0.0
2020-08-04,100000000.0,0.0,0.0
2020-08-05,100000000.0,0.0,0.0
2020-08-06,100000000.0,0.0,0.0
2020-08-07,100000000.0,0.0,0.0
2020-08-10,100000000.0,0.0,0.0
2020-08-11,100000000.0,0.0,0.0
2020-08-12,100000000.0,0.0,0.0
2020-08-13,100000000.0,0.0,0.0
2020-08-14,100000000.0,0.0,0.0
2020-08-17,100000000.0,0.0,0.0
2020-08-18,100000000.0,0.0,0.0
2020-08-19,100000000.0,0.0,0.0
2020-08-20,100000000.0,0.0,0.0
2020-08-21,100000000.0,0.0,0.0
2020-08-24,100000000.0,0.0,0.0
2020-08-25,100000000.0,0.0,0.0
2020-08-26,100000000.0,0.0,0.0
2020-08-27,100000000.0,0.0,0.0
2020-08-28,100000000.0,0.0,0.0
2020-08-31,100000000.0,0.0,0.0
2020-09-01,100000000.0,0.0,0.0
2020-09-03,100000000.0,0.0,0.0
2020-09-04,100000000.0,0.0,0.0
2020-09-07,100000000.0,0.0,0.0
2020-09-08,100000000.0,0.0,0.0
2020-09-09,100000000.0,0.0,0.0
2020-09-10,100000000.0,0.0,0.0
2020-09-11,100000000.0,0.0,0.0
2020-09-14,100000000.0,0.0,0.0
2020-09-15,100000000.0,0.0,0.0
2020-09-16,100000000.0,0.0,0.0
2020-09-17,100000000.0,0.0,0.0
2020-09-18,100000000.0,0.0,0.0
2020-09-21,100000000.0,0.0,0.0
2020-09-22,100000000.0,0.0,0.0
2020-09-23,100000000.0,0.0,0.0
2020-09-24,100000000.0,0.0,0.0
2020-09-25,100000000.0,0.0,0.0
2020-09-28,100000000.0,0.0,0.0
2020-09-29,100000000.0,0.0,0.0
2020-09-30,100000000.0,0.0,0.0
2020-10-01,100000000.0,0.0,0.0
2020-10-02,100000000.0,0.0,0.0
2020-10-05,100000000.0,0.0,0.0
2020-10-06,100000000.0,0.0,0.0
2020-10-07,100000000.0,0.0,0.0
2020-10-08,100000000.0,0.0,0.0
2020-10-09,100000000.0,0.0,0.0
2020-10-12,100000000.0,0.0,0.0
2020-10-13,100000000.0,0.0,0.0
2020-10-14,100000000.0,0.0,0.0
2020-10-15,100000000.0,0.0,0.0
2020-10-16,100000000.0,0.0,0.0
2020-10-19,100000000.0,0.0,0.0
2020-10-20,100000000.0,0.0,0.0
2020-10-21,100000000.0,0.0,0.0
2020-10-22,100000000.0,0.0,0.0
2020-10-23,100000000.0,0.0,0.0
2020-10-26,100000000.0,0.0,0.0
2020-10-27,100000000.0,0.0,0.0
2020-10-28,100000000.0,0.0,0.0
2020-10-29,100000000.0,0.0,0.0
2020-10-30,100000000.0,0.0,0.0
2020-11-02,100000000.0,0.0,0.0
2020-11-03,100000000.0,0.0,0.0
2020-11-04,100000000.0,0.0,0.0
2020-11-05,100000000.0,0.0,0.0
2020-11-06,100000000.0,0.0,0.0
2020-11-09,100000000.0,0.0,0.0
2020-11-10,100000000.0,0.0,0.0
2020-11-11,100000000.0,0.0,0.0
2020-11-12,100000000.0,0.0,0.0
2020-11-13,100000000.0,0.0,0.0
2020-11-16,100000000.0,0.0,0.0
2020-11-17,100000000.0,0.0,0.0
2020-11-18,100000000.0,0.0,0.0
2020-11-19,100000000.0,0.0,0.0
2020-11-20,100000000.0,0.0,0.0
2020-11-23,100000000.0,0.0,0.0
2020-11-24,100000000.0,0.0,0.0
2020-11-25,100000000.0,0.0,0.0
2020-11-26,100000000.0,0.0,0.0
2020-11-27,100000000.0,0.0,0.0
2020-11-30,100000000.0,0.0,0.0
2020-12-01,100000000.0,0.0,0.0
2020-12-02,100000000.0,0.0,0.0
2020-12-03,100000000.0,0.0,0.0
2020-12-04,100000000.0,0.0,0.0
2020-12-07,100000000.0,0.0,0.0
2020-12-08,100000000.0,0.0,0.0
2020-12-09,100000000.0,0.0,0.0
2020-12-10,100000000.0,0.0,0.0
2020-12-11,100000000.0,0.0,0.0
2020-12-14,100000000.0,0.0,0.0
2020-12-15,100000000.0,0.0,0.0
2020-12-16,100000000.0,0.0,0.0
2020-12-17,100000000.0,0.0,0.0
2020-12-18,100000000.0,0.0,0.0
2020-12-21,100000000.0,0.0,0.0
2020-12-22,100000000.0,0.0,0.0
2020-12-23,100000000.0,0.0,0.0
2020-12-24,100000000.0,0.0,0.0
2020-12-25,100000000.0,0.0,0.0
2020-12-28,100000000.0,0.0,0.0
2020-12-29,100000000.0,0.0,0.0
2020-12-30,100000000.0,0.0,0.0
2020-12-31,100000000.0,0.0,0.0
2021-01-04,100000000.0,0.0,0.0
2021-01-05,99840255.59105432,-0.0015974440894567967,-0.0015974440894568342
2021-01-06,102405928.90697503,0.025697783932261836,0.0
2021-01-07,107655285.5491881,0.05126028051541393,0.0
2021-01-08,111415384.7788707,0.034927214307230565,0.0
2021-01-11,111668396.1910294,0.00227088397765584,0.0
2021-01-12,112027688.54956585,0.0032174936758455467,0.0
2021-01-13,111564242.18818378,-0.004136891222003734,-0.00413689122200378
2021-01-14,115761470.01081553,0.03762162266608657,0.0
2021-01-15,120241557.27670288,0.03870102258954364,0.0
2021-01-18,122647698.15748489,0.02001089253397589,0.0
2021-01-19,120210824.09589419,-0.019868893572398325,-0.019868893572398294
2021-01-20,120069889.00841308,-0.001172399312134197,-0.02101799860737541
2021-01-21,120643873.75194046,0.004780422038094535,-0.016338051473020143
2021-01-22,120362003.5769782,-0.002336381999319868,-0.018636261542974486
2021-01-25,120643873.75194046,0.0023418534635972614,-0.016338051473020143
2021-01-26,119219156.28672488,-0.01180928149028921,-0.027954392314461618
2021-01-27,116957670.24686137,-0.01896914984387731,-0.046393271101731415
2021-01-28,108892137.64689162,-0.06896112570424759,-0.11215506460570124
2021-01-29,111205736.41430777,0.021246701712464656,-0.09329128809645615
2021-02-01,103595867.95822783,-0.06843053876041646,-0.1553378537507789
2021-02-02,107926544.14557216,0.041803561017419666,-0.12002796818094497
2021-02-03,107926544.14557216,0.0,-0.12002796818094497
2021-02-04,107926544.14557216,0.0,-0.12002796818094497
2021-02-05,107926544.14557216,0.0,-0.12002796818094497
2021-02-08,107868983.32202783,-0.0005333333333335028,-0.12049728659791525
2021-02-09,109106441.72122407,0.011471864859446923,-0.11040775032624961
2021-02-17,110918018.7507684,0.01660375868707232,-0.09563717528277693
2021-02-18,110607684.35598564,-0.0027978717820417425,-0.09816746651078079
2021-02-19,110762851.55337702,0.0014028609159918541,-0.09690232089677886
2021-02-22,110863710.2316814,0.0009105821752502007,-0.09607997624767761
2021-02-23,110347779.30035508,-0.004653740437228238,-0.10028658541423408
2021-02-24,110553375.83689865,0.0018631687728301782,-0.09861026747568147
2021-02-25,111580005.12732169,0.009286277172916364,-0.09023971257863972
2021-02-26,112779887.64542495,0.010753562134489017,-0.08045654880036357
2021-03-01,116358401.73906152,0.03173007322801442,-0.051279367757458005
2021-03-02,116722350.37742078,0.0031278243162486306,-0.04831193629460295
2021-03-03,115296549.72241943,-0.012215318235034184,-0.05993710885324788
2021-03-04,112860714.94094907,-0.021126692753033093,-0.07979752872303336
2021-03-05,115217518.78029871,0.020882411037204295,-0.060581482480376536
2021-03-08,115062351.58290733,-0.0013467326760199967,-0.061846628094378464
2021-03-09,116191219.54026198,0.009810923745472492,-0.0526424769010545
2021-03-10,116396966.21131831,0.0017707592008278726,-0.050964934850553534
2021-03-11,116294092.87579015,-0.000883814577618792,-0.051803705875804074
2021-03-12,115676852.86262119,-0.005307578380857352,-0.056836332027306646
2021-03-15,115368232.85603672,-0.0026679495417374923,-0.05935264510305793
2021-03-16,115265359.52050856,-0.0008916955125466515,-0.06019141612830836
2021-03-17,117528572.90212804,0.019634809547588332,-0.04173845357279904
2021-03-18,117528572.90212804,0.0,-0.04173845357279904
2021-03-19,116975840.87160063,-0.0047029587518917695,-0.04624511809917009
2021-03-22,116249788.31406328,-0.006206859058481177,-0.05216494022746698
2021-03-23,114335328.20754984,-0.016468504022917343,-0.06777436572239304
2021-03-24,111960407.82561752,-0.020771535964992285,-0.08713812401227805
2021-03-25,110630522.72136652,-0.011878173097782411,-0.09798125538962665
2021-03-26,111056451.17513412,0.003850008508414436,-0.09450847554812736
2021-03-29,113782493.13949731,0.024546453047236905,-0.07228187035849853
2021-03-30,117529942.48981461,0.03293520160191012,-0.04172728672900872
2021-03-31,119951979.23844251,0.020607827225286014,-0.02197936821921398
2021-04-01,120120762.46795374,0.0014070899920352387,-0.020603205176231265
2021-04-02,119783196.00893128,-0.0028102257435513663,-0.023355531262196805
2021-04-05,120205154.08270934,0.0035226817102676157,-0.01991512365474002
2021-04-06,119614412.77942008,-0.004914442378092991,-0.024731694305179186
2021-04-07,120542720.54173179,0.007760835343677157,-0.0171627975687747
2021-04-08,120711503.771243,0.0014001942942111023,-0.015786634525792098
2021-04-09,121217853.45977667,0.004194709474361556,-0.011658145396844177
2021-04-12,121358652.59216541,0.001161537911867592,-0.010510148862837076
2021-04-13,120742351.7543394,-0.005078342785307097,-0.0155351175094941
2021-04-14,122053228.91339421,0.010856813206039808,-0.004846966172388778
2021-04-15,120884283.63369355,-0.009577340067997053,-0.01437788519705474
2021-04-16,120991437.18183929,0.0008864142213096987,-0.013504215737656144
2021-04-19,121813277.81860319,0.006792552067372732,-0.006803391758810395
2021-04-20,120468404.8754181,-0.011040446224489523,-0.017768725502442684
2021-04-22,118860194.45263693,-0.013349644867003041,-0.0308811641942488
2021-04-23,121733150.23119271,0.024170882369711988,-0.007456706811715841
2021-04-26,120020073.87762937,-0.014072389897985097,-0.021424163024091447
2021-04-27,120798744.94743088,0.006487840280746957,-0.015075319291193545
2021-04-28,121188080.48233165,0.003223009767776978,-0.011900897424744428
2021-04-29,121966751.55213317,0.006425310696418275,-0.005552053691846304
2021-05-04,124302764.76153773,0.019152868955487908,0.0
2021-05-05,124458498.97549805,0.0012528620281220622,0.0
2021-05-06,125237170.04529956,0.006256471644855729,0.0
2021-05-07,128127748.84648639,0.023080837742830488,0.0
2021-05-10,134308156.6296214,0.048236294157793444,0.0
2021-05-11,131686044.5528733,-0.01952310375295395,-0.019523103752953963
2021-05-12,132715683.947746,0.007818895300323828,-0.011856857556811873
2021-05-13,131744369.77583484,-0.00731875949411966,-0.019088839562117155
2021-05-14,129099555.65732513,-0.020075348366005344,-0.03878097282401016
2021-05-17,129447932.97339505,0.002698516770999815,-0.03618710715857165
2021-05-18,131954379.8820752,0.019362587343865093,-0.017525195837786223
2021-05-19,132203894.98004031,0.0018909194085720584,-0.015667415162162857
2021-05-20,135322245.42611223,0.023587432477255837,0.0
2021-05-21,135263557.00284535,-0.0004336938326886715,-0.000433693832688653
2021-05-24,133644085.58660083,-0.011972710552114603,-0.01240121189407628
2021-05-25,136404893.6543666,0.0206579143076017,0.0
2021-05-26,139141160.2277067,0.020059885683232557,0.0
2021-05-27,140297715.0512336,0.008312097021716428,0.0
2021-05-28,146774792.9419446,0.046166666993441234,0.0
2021-05-31,153137813.6334244,0.04335227162607298,0.0
2021-06-01,153777926.2714291,0.004179977647695612,0.0
2021-06-02,155775666.48431617,0.012991072654738,0.0
2021-06-03,161718453.1197236,0.03814964666516609,0.0
2021-06-04,162541994.52784878,0.005092439311891679,0.0
2021-06-07,155190331.54464436,-0.04522931445845426,-0.04522931445845424
2021-06-08,149491066.63230577,-0.03672435554207866,-0.08029265257543616
2021-06-09,155838335.58174217,0.0424591856384863,-0.041242627578056745
2021-06-10,152605878.07900202,-0.020742376968243593,-0.061129534417915465
2021-06-11,156275329.34775823,0.024045281315157367,-0.03855412995450147
2021-06-14,158241527.912355,0.01258163123253707,-0.02645757256754322
2021-06-15,157693936.85620564,-0.0034604762945202156,-0.029826493059382897
2021-06-16,158508702.44919872,0.005166752820281419,-0.02481384635623518
2021-06-17,164402999.13045102,0.03718594998366979,0.0
2021-06-18,164854476.68259925,0.0027461637229013263,0.0
2021-06-21,162159767.5884447,-0.01634598676590849,-0.016345986765908482
2021-06-22,160065186.38918898,-0.012916774798121946,-0.0290516241341221
2021-06-23,158117985.40829584,-0.01216504990759597,-0.04086325958422976
2021-06-24,154941199.5093597,-0.020091236874369377,-0.060133503030833535
2021-06-25,161773559.7665209,0.04409647194417435,-0.01868870641596332
2021-06-28,164355374.5232685,0.015959435895914007,-0.003027531732072375
2021-06-29,163315078.35467508,-0.006329553697960315,-0.00933792250536225
2021-06-30,161205400.00736022,-0.012917841809641286,-0.022135138509248642
2021-07-01,168334217.03354406,0.044221949301067834,0.0
2021-07-02,174973785.6267418,0.03944277467886795,0.0
2021-07-05,172416704.15054122,-0.014614083287055393,-0.01461408328705538
2021-07-06,165188492.21299204,-0.041922921408113954,-0.05592433963007448
2021-07-07,166783910.02093753,0.009658165569356838,-0.046806300592221906
2021-07-08,165077156.93830726,-0.010233319763375354,-0.05656063651469634
2021-07-09,158917353.24848884,-0.03731469455898406,-0.09176478819807277
2021-07-12,151632070.20060346,-0.045843219125943156,-0.1334012140306059
2021-07-13,153878797.78418225,0.01481696834057901,-0.12056084725491323
2021-07-14,151490484.73565948,-0.015520741537586107,-0.13421039504270338
2021-07-15,155199717.39383334,0.024484921707434073,-0.11301160435021373
2021-07-16,155967094.33780777,0.00494444807542495,-0.10862593628441886
2021-07-19,149107349.72942036,-0.043981999135855855,-0.14783034958448193
2021-07-20,153584412.80883825,0.03002577061118883,-0.12224329913928855
2021-07-21,154930258.12781253,0.008762903047000076,-0.11455160227079153
2021-07-22,157397956.3507552,0.015927800371357465,-0.10044835695262233
2021-07-23,156072102.67171925,-0.008423576199943463,-0.10802579876361629
2021-07-26,155360399.17063928,-0.004560094269870687,-0.1120932852075468
2021-07-27,153437024.4908726,-0.012380083277554896,-0.12308564427937752
2021-07-28,149700604.1583345,-0.024351491075482658,-0.14443981638667092
2021-07-29,155989974.85549065,0.04201299475387591,-0.108495170880899
2021-07-30,156959716.35381073,0.0062166911637651255,-0.10295296068726034
2021-08-02,156806172.7061465,-0.0009782360164190711,-0.10383048440953813
2021-08-03,165048846.20639476,0.052566001439847375,-0.05672243636266261
2021-08-04,163880233.19574517,-0.007080407028039643,-0.06340122545363258
2021-08-05,164977362.19662333,0.006694700022593329,-0.05713097761651609
2021-08-06,164078525.83369583,-0.005448240600769488,-0.062267954905473655
2021-08-09,169912011.29129326,0.035553009925930516,-0.028928758198364823
2021-08-10,169958289.55418658,0.00027236604723594694,-0.028664271362650817
2021-08-11,167067413.13793504,-0.01700932872315041,-0.04518604007158433
2021-08-12,164785176.6335482,-0.013660572469046197,-0.05822934536564339
2021-08-13,171392138.3505246,0.040094393512524897,-0.02046962214018533
2021-08-16,173258497.79047573,0.010889411019157223,-0.009803113249919448
2021-08-17,174154654.44533652,0.005172367683486043,-0.004681450872604853
2021-08-18,174145393.8929677,-5.317430302574202e-05,-0.004734376242743199
2021-08-19,173509240.46671677,-0.003653001736249905,-0.0083700832943584
2021-08-20,169435774.9144278,-0.02347693725897191,-0.031650516632976244
2021-08-23,166000777.92648193,-0.02027315063587175,-0.0512820115774445
2021-08-24,167458254.01372835,0.008779935283748501,-0.04295232903656643
2021-08-25,167458254.01372835,0.0,-0.04295232903656643
2021-08-26,167458254.01372835,0.0,-0.04295232903656643
2021-08-27,167279631.8761137,-0.0010666666666666312,-0.043973179885594016
2021-08-30,167799422.318174,0.003107314597901826,-0.04100250379146686
2021-08-31,168404134.36752155,0.003603779089304139,-0.03754648866793553
2021-09-01,168055267.2240712,-0.002071606761678365,-0.03954031386981216
2021-09-06,169441555.08357126,0.008248999762986823,-0.03161748214656579
2021-09-07,166754441.01387617,-0.015858648537365926,-0.046974720146932936
2021-09-08,166840982.74721658,0.0005189770827945204,-0.046480121867365276
2021-09-09,167100067.90522015,0.0015528867891896362,-0.044999413445383496
2021-09-10,166393990.40992388,-0.004225477009960042,-0.04903474646836836
2021-09-13,169253780.501045,0.017186859237378727,-0.03269064051628201
2021-09-14,173862993.8869904,0.027232557951146926,-0.006348332327454798
2021-09-15,178124945.51446095,0.024513276414880953,0.0
2021-09-16,173608912.2827109,-0.02535317677547534,-0.025353176775475328
2021-09-17,178441675.97320998,0.027837071420787566,0.0
2021-09-20,177449593.59249148,-0.005559701091730633,-0.005559701091730651
2021-09-21,180177220.51644787,0.015371277379312126,0.0
2021-09-22,180721973.66365314,0.003023429630248594,0.0
2021-09-23,177671504.20200044,-0.01687935008572899,-0.01687935008572894
2021-09-24,176301224.57581988,-0.007712433304007177,-0.024461602527985016
2021-09-27,170900876.72713953,-0.03063136890667416,-0.05434367906357607
2021-09-28,175508964.98250958,0.026963514427882824,-0.02884546121018816
2021-09-29,175414744.13001603,-0.0005368435310580514,-0.029366819241995135
2021-09-30,177794014.48302788,0.013563685109892188,-0.016201456420980476
2021-10-01,179782951.22961396,0.011186747497486466,-0.005195950525567095
2021-10-04,183234480.99005324,0.019198315173005895,0.0
2021-10-05,185843776.41291693,0.014240198726599585,0.0
2021-10-06,190198437.8166698,0.023431838761592213,0.0
2021-10-07,193358314.62180597,0.01661357917241121,0.0
2021-10-08,190938059.92235124,-0.012516941431707023,-0.012516941431707007
2021-10-11,191676483.99118897,0.003867348757696747,-0.008698000051906352
2021-10-12,196113617.60685593,0.02314907662783987,0.0
2021-10-13,198117549.84564504,0.01021822076020414,0.0
2021-10-14,199289316.20945552,0.005914500581717329,0.0
2021-10-15,200315963.7001815,0.00515154304431942,0.0
2021-10-18,198604884.5489715,-0.008541901102655153,-0.00854190110265518
2021-10-19,202437701.84768194,0.019298706108939374,0.0
2021-10-20,204354110.49703717,0.009466658788673544,0.0
2021-10-21,206133632.8142956,0.008708032899021221,0.0
2021-10-22,205517644.31985998,-0.0029882968927760966,-0.002988296892776132
2021-10-25,203464349.338408,-0.009990845254416778,-0.01294928653536287
2021-10-26,205613254.89863557,0.010561582740244331,-0.002524468756288978
2021-10-27,207985528.9508718,0.01153755410080798,0.0
2021-10-28,214755650.1798424,0.0325509243990229,0.0
2021-10-29,216254152.5905875,0.006977708896088165,0.0
2021-11-01,217563315.0203255,0.0060538140611640515,0.0
2021-11-02,217312855.0889809,-0.0011512047944351267,-0.00115120479443509
2021-11-03,207580698.13779366,-0.04478408305483044,-0.04588373219813846
2021-11-04,208304432.04826477,0.0034865183370309865,-0.04255718833478772
2021-11-05,212302876.69495922,0.01919519718028851,-0.024178884776024145
2021-11-08,220892353.24567845,0.04045859709692372,0.0
2021-11-09,224968996.21977177,0.018455337698173913,0.0
2021-11-10,230251845.25847223,0.023482564831020788,0.0
2021-11-11,230361978.00521827,0.00047831428504906213,0.0
2021-11-12,236640638.68327385,0.02725562930317154,0.0
2021-11-15,243138266.34645373,0.027457784509601804,0.0
2021-11-16,241705398.4323208,-0.005893222550543294,-0.005893222550543253
2021-11-17,252838770.895148,0.04606174514527704,0.0
2021-11-18,260498605.26751432,0.030295331468538245,0.0
2021-11-19,257134972.4421624,-0.012912287272700374,-0.012912287272700329
2021-11-22,253619502.332377,-0.01367169186049224,-0.026407446320386052
2021-11-23,247431248.94225544,-0.024399753698797315,-0.0501628648331518
2021-11-24,247966077.4921704,0.00216152386653382,-0.048109769196168495
2021-11-25,247458908.53966314,-0.002045315865930377,-0.05005668538785568
2021-11-26,246387903.71258083,-0.004328010793398629,-0.05416805030661398
2021-11-29,246790852.99369875,0.0016354263949092606,-0.052621211770936926
2021-11-30,245965799.2312871,-0.0033431294247875543,-0.055788421674285105
2021-12-01,243652305.93727604,-0.009405751942917996,-0.06466944156164778
2021-12-02,241169167.61090168,-0.010191318800871894,-0.07420169346689065
2021-12-03,230123855.3313672,-0.045799023104623436,-0.11660235149802178
2021-12-06,219776640.03315952,-0.044963679594660806,-0.15632316031994153
2021-12-07,220003276.5582258,0.0010312129852931221,-0.15545314980747238
2021-12-08,220003276.5582258,0.0,-0.15545314980747238
2021-12-09,219768606.3965637,-0.0010666666666666403,-0.15635399978101105
2021-12-10,222192855.06754228,0.011030914336345727,-0.14704781302239467
2021-12-13,228515411.2139097,0.028455263084159334,-0.12277683414373786
2021-12-14,232617846.9305955,0.017952556000022143,-0.10702843613418656
2021-12-15,233318747.44053563,0.003013098604378666,-0.10433782476135267
2021-12-16,239429949.567153,0.02619250357571413,-0.0808781900337825
2021-12-17,232959264.96249932,-0.027025376801655513,-0.10571780327473912
2021-12-20,236628153.97200564,0.015749058145838997,-0.09163370095972434
2021-12-21,242852169.16263622,0.026302936003832066,-0.06774100032803021
2021-12-22,249217216.33968294,0.026209554557382164,-0.04330690721451724
2021-12-23,246315173.06736755,-0.011644634006183182,-0.05444724813624757
2021-12-24,237341325.9725021,-0.03643237638637503,-0.08889598188532044
2021-12-27,244266102.93826255,0.029176448464616443,-0.06231320245489258
2021-12-28,235769341.64095104,-0.034784856331289825,-0.09493050299124639
2021-12-29,241302195.16541934,0.02346723066688708,-0.07369102833537855
2021-12-30,240944269.2617507,-0.001483309770237581,-0.07506503148330734
2021-12-31,233258263.99090463,-0.03189951474835182,-0.10457000815277195
2022-01-04,233258263.99090463,0.0,-0.10457000815277195
2022-01-05,233258263.99090463,0.0,-0.10457000815277195
2022-01-06,233258263.99090463,0.0,-0.10457000815277195
2022-01-07,233258263.99090463,0.0,-0.10457000815277195
2022-01-10,233258263.99090463,0.0,-0.10457000815277195
2022-01-11,233258263.99090463,0.0,-0.10457000815277195
2022-01-12,233258263.99090463,0.0,-0.10457000815277195
2022-01-13,232885646.95577538,-0.0015974440894569054,-0.10600040750077078
2022-01-14,234418994.75116572,0.006584123218557639,-0.10011420402641547
2022-01-17,227155374.93301255,-0.030985628216107057,-0.1279977307374085
2022-01-18,219290075.8302482,-0.034625194781694214,-0.15819097916070513
2022-01-19,219012240.87390435,-0.0012669746010710063,-0.15925752980906094
2022-01-20,223151577.86121067,0.018900025728194516,-0.1433674754916664
2022-01-21,221861576.86782542,-0.005780828465338356,-0.14831952117367886
2022-01-24,213866330.57928905,-0.0360370930442794,-0.17901160983313946
2022-01-25,219277733.61925477,0.025302734775072458,-0.15823835834333366
2022-01-26,220551355.67212942,0.005808259834927525,-0.15334918800951658
2022-01-27,215136644.96324036,-0.024550793135629374,-0.17413513695280758
2022-01-28,217784980.42417577,0.012310015624664621,-0.16396872758483516
2022-02-07,218958247.01815578,0.005387270470602999,-0.15946480099845228
2022-02-08,224300740.93549564,0.024399601248620097,-0.1389560773073849
2022-02-09,225300221.4344745,0.0044559839383958326,-0.13511927941761326
2022-02-10,226245063.31314358,0.004193701509272052,-0.13149222783436665
2022-02-11,227953528.02806103,0.007551390027692148,-0.12493378690466195
2022-02-14,226234379.26250166,-0.007541663340028449,-0.13153324168406055
2022-02-15,229786961.66589034,0.015703105845228712,-0.11789561625516276
2022-02-16,227673525.32079256,-0.00919737277422516,-0.12600865909824222
2022-02-17,231418428.49843812,0.016448566746480455,-0.1116327541915737
2022-02-18,231251981.40422434,-0.0007192473619917747,-0.11227170998960123
2022-02-21,229649920.41087556,-0.006927771963814672,-0.11842168914862039
2022-02-22,228822664.8161769,-0.003602246381007198,-0.12159735142845929
2022-02-23,234901246.83329052,0.02656459761971924,-0.0982629385210606
2022-02-24,238954344.1899016,0.017254473576666696,-0.08270394022067118
2022-02-25,240926729.9356321,0.008254236818406728,-0.07513236131066126
2022-02-28,239057226.9299391,-0.007759633006235919,-0.08230899476623454
2022-03-01,241032616.63991088,0.008263250332736087,-0.07472588426188764
2022-03-02,240971932.13327277,-0.0002517688580245922,-0.07495883946936677
2022-03-03,245037068.81604457,0.01686975178720617,-0.05935362469826588
2022-03-04,245024473.76842284,-5.1400580665541694e-05,-0.059401974468157315
2022-03-07,240446211.80823323,-0.018684917019826396,-0.07697697052423236
2022-03-08,232543158.7207751,-0.032868278639220885,-0.10731514864745972
2022-03-09,232501519.13313824,-0.00017906176154963444,-0.10747499436945152
2022-03-10,233504464.18789852,0.0043137139856103774,-0.10362489677015607
2022-03-11,231548984.71682355,-0.008374484307509493,-0.1111315760057966
2022-03-14,227660206.69009054,-0.016794623528532646,-0.1260597865531794
2022-03-15,232326213.63784003,0.02049548761985111,-0.10814795572798996
2022-03-16,235184979.81584248,0.01230496607868285,-0.09717374657601896
2022-03-17,234849634.39053905,-0.0014258794314416499,-0.09846106796094178
2022-03-18,236569504.70915022,0.007323282929839043,-0.09185884328935479
2022-03-21,240103273.6770754,0.014937550688410767,-0.0782934387287576
2022-03-22,240732471.5729816,0.0026205302671234863,-0.07587807878753994
2022-03-23,239960994.33414945,-0.0032047078393338444,-0.07883961955294982
2022-03-24,239014319.91696766,-0.003945117913053531,-0.08247370587064662
2022-03-25,239482088.8704986,0.0019570750141390605,-0.08067803808559049
2022-03-28,237213207.28192797,-0.009474118082365384,-0.08938780290847936
2022-03-29,236683364.4245181,-0.0022336144917097563,-0.09142175950823073
2022-03-30,239136865.58962536,0.010366174957301272,-0.08200327850489608
2022-03-31,238381462.88945246,-0.003158871796326134,-0.08490311245754678
2022-04-01,243440065.16886228,0.021220619330437254,-0.06548418975654047
2022-04-04,240627868.7315355,-0.011551904717804392,-0.07627962735375471
2022-04-05,241986347.503483,0.005645558758878155,-0.07106470971320744
2022-04-06,242391000.35991514,0.0016722135798438612,-0.06951133150599365
2022-04-07,231525697.72877294,-0.04482551998633949,-0.1112209699126342
2022-04-08,232639768.44136098,0.004811866343636508,-0.1069442840108269
2022-04-12,225944366.89443403,-0.028780124704321924,-0.13264653888490285
2022-04-13,232458398.9729713,0.028830247764400997,-0.10764052370164379
2022-04-14,237867206.17042306,0.023267850167378423,-0.08687723711169337
2022-04-15,238997815.6762868,0.0047531121421323045,-0.08253706222015156
2022-04-18,233635321.93396127,-0.022437417376185577,-0.10312256108229945
2022-04-19,232999955.3659988,-0.002719479925822426,-0.10556160127335912
2022-04-20,227316832.98488188,-0.024391087853170693,-0.12737792683594995
2022-04-21,226076954.19594106,-0.005454408160891796,-0.1321375637931902
2022-04-22,213073451.50367433,-0.057518037336068265,-0.1820553078015047
2022-04-25,198205139.4996189,-0.06978021850741478,-0.23913166715009582
2022-04-26,200062485.1796332,0.009370825018479825,-0.23200170314085689
2022-04-27,201038527.3562351,0.004878686654949391,-0.22825488009894634
2022-04-28,201524889.0142401,0.002419246024137348,-0.22638783878597835
2022-04-29,205864963.04935074,0.021536168839194722,-0.2097271966660188
2022-05-04,211303097.55769897,0.026416027418150682,-0.1888513286253296
2022-05-05,208817485.3173334,-0.01176325510177075,-0.19839307737217227
2022-05-06,202241851.1279133,-0.03148986388485293,-0.22363557025487835
2022-05-09,193579626.7710454,-0.04283101795478154,-0.2568880490847454
2022-05-10,193580594.00451726,4.996566467267805e-06,-0.25688433607648997
2022-05-11,196685374.02382287,0.016038694556506868,-0.24496573092266505
2022-05-12,193165949.11594552,-0.017893678802222868,-0.25847607161820596
2022-05-13,190811321.70558667,-0.012189660864842746,-0.267514996828346
2022-05-16,190811321.70558667,0.0,-0.267514996828346
2022-05-17,190607789.6291007,-0.0010666666666666802,-0.2682963141650624
2022-05-18,192645425.9902588,0.01069020508093133,-0.2604742517050136
2022-05-19,196942978.28092518,0.02230809409865604,-0.24397684172367007
2022-05-20,196632759.0821542,-0.0015751726793146411,-0.24516770874751603
2022-05-23,194293299.7683457,-0.011897607116579502,-0.25414840678774564
2022-05-24,194637103.951599,0.0017695112680838872,-0.25282861398923817
2022-05-25,198284610.0294561,0.018740034678917866,-0.23882659630430148
2022-05-26,197261593.72581676,-0.005159332857388067,-0.2427537432561585
2022-05-27,200455621.03272587,0.016191835656304412,-0.23049253631561062
2022-05-30,202143247.74463794,0.008418954296305556,-0.22401408814818569
2022-05-31,200833640.23492873,-0.006478611204286184,-0.22904139917107713
2022-06-01,201593378.3079657,0.003782922383661679,-0.2261249226231249
2022-06-02,196786992.75952914,-0.023841981263362927,-0.24457563771812785
2022-06-03,195772372.70201036,-0.005155930497696214,-0.24847055322631972
2022-06-06,197647133.2521296,0.00957622632981451,-0.2412737371504946
2022-06-07,198824995.99507815,0.005959422348139931,-0.2367521669035486
2022-06-08,202675665.60650712,0.019367130335686256,-0.22197024664153953
2022-06-09,202503763.51488048,-0.0008481634492834992,-0.2226301430407932
2022-06-10,200269036.32373396,-0.011035484735483988,-0.23120879623109192
2022-06-13,195799581.94144094,-0.022317251155431556,-0.24836610261168923
2022-06-14,195283875.66656098,-0.002633847681218226,-0.2503457918094504
2022-06-15,193736756.8419211,-0.007922409463449645,-0.25628485940273404
2022-06-16,193392952.65866777,-0.001774594500587434,-0.2576046522012416
2022-06-17,190814421.28426796,-0.013333119635185645,-0.2675030981900477
2022-06-20,190522046.9006121,-0.001532244689306307,-0.2686254626777793
2022-06-21,186238497.95200014,-0.022483219229984995,-0.28506911673962365
2022-06-22,194810639.17138064,0.046027761787414245,-0.25216244835044943
2022-06-23,200340805.66034317,0.02838739461296814,-0.23093328866537766
2022-06-24,201378092.58234876,0.005177611812963381,-0.2269513597758146
2022-06-27,202977677.17597264,0.007943190707150851,-0.22081088700061025
2022-06-28,209079376.51089215,0.030060937832240585,-0.19738773151517686
2022-06-29,210280407.65876216,0.005744378847463396,-0.19277722257737806
2022-06-30,206038775.45416474,-0.020171314350315647,-0.20905996697150464
2022-07-01,206320968.73380616,0.0013696124868699591,-0.20797668562590355
2022-07-04,205612414.239841,-0.0034342340398727036,-0.21069667905249978
2022-07-05,206174471.6320985,0.0027335771253668463,-0.20853905754938162
2022-07-06,203628692.30911916,-0.012347694177783884,-0.21831177522042244
2022-07-07,203631021.47614452,1.1438304685577833e-05,-0.2183028340323383
2022-07-08,205614001.27903014,0.009738102713971452,-0.21069058673892482
2022-07-11,203209318.59587148,-0.011695131013453562,-0.21992166373716526
2022-07-12,204766679.3122696,0.0076638252967881374,-0.21394327965023774
2022-07-13,206886839.5487615,0.010354029491578756,-0.20580442518568265
2022-07-14,206812848.8700714,-0.0003576384019952941,-0.20608846002193104
2022-07-15,210710115.47552288,0.01884441235998781,-0.19112766358523137
2022-07-18,209433360.99957708,-0.006059293703410811,-0.19602885864013253
2022-07-19,208155864.395795,-0.006099776070464091,-0.2009329025695431
2022-07-20,210420192.56696916,0.010878041691242934,-0.1922406173695942
2022-07-21,212259746.56300873,0.008742288340288947,-0.18517895193706535
2022-07-22,210915679.25219756,-0.0063321818318113334,-0.19033854697378694
2022-07-25,207478934.6433499,-0.016294400781547726,-0.20353149518676628
2022-07-26,206773451.44424635,-0.003400264225938112,-0.20623969855076918
2022-07-27,205841300.52558562,-0.004508078344439068,-0.20981803217640793
2022-07-28,209017451.26017413,0.01543009457518325,-0.19762544968128548
2022-07-29,210064684.024231,0.00501026473025604,-0.1936053407713686
2022-08-01,214860557.27402586,0.022830459446680083,-0.1751949802058299
2022-08-02,215891725.80952656,0.00479924537375926,-0.17123653853032927
2022-08-03,221158313.84215218,0.0243945802595146,-0.15101920175335426
2022-08-04,221078568.46470815,-0.0003605805093130964,-0.15132532768198304
2022-08-05,220351825.87377405,-0.0032872593484795935,-0.15411514143237837
2022-08-08,219471026.47158754,-0.003997241224091642,-0.15749634725987982
2022-08-09,221547394.3469516,0.009460783542801124,-0.1495256025672862
2022-08-10,225530300.91158706,0.017977672797171666,-0.13423605212786915
2022-08-11,223836723.70904934,-0.007509311146627857,-0.14073734299197382
2022-08-12,226051067.47373837,0.009892674124230429,-0.13223693753907306
2022-08-15,225177746.24997193,-0.003863380224328756,-0.13558943619398756
2022-08-16,225702616.83873534,0.0023309167868691256,-0.1335745671000651
2022-08-17,224824667.90428072,-0.0038898482735887593,-0.1369448305744243
2022-08-18,222521513.9220878,-0.010244222769956467,-0.14578615999278244
2022-08-19,226702634.1205691,0.018789734640872843,-0.12973570861248584
2022-08-22,228120431.33950692,0.006253995346978525,-0.12429307978350679
2022-08-23,232330658.3378052,0.018456159203172354,-0.10813089344867144
2022-08-24,235331499.15157616,0.012916249776246806,-0.09661128930073637
2022-08-25,237085256.75836772,0.007452285873817372,-0.08987897837342618
2022-08-26,238249622.59672084,0.00491116931636042,-0.08540921993783912
2022-08-29,234636025.61464208,-0.015167272639064809,-0.09928106765221689
2022-08-30,235892636.74843466,0.005355576282460532,-0.09445719870097191
2022-08-31,237794115.33498293,0.008060779737589188,-0.08715781763674102
2022-09-05,235739676.50644785,-0.008639569678336958,-0.09504438127659354
2022-09-06,232794700.0820187,-0.012492493703530635,-0.1063495336454704
2022-09-07,226701399.39039218,-0.02617456793251614,-0.12974044848499167
2022-09-08,223116879.97621667,-0.015811633381242488,-0.14350067346007156
2022-09-09,225383054.67233276,0.010156894881093956,-0.1348012998346777
2022-09-12,226896648.6304592,0.006715651095983789,-0.12899092723566874
2022-09-13,227482560.0360537,0.002582283207491341,-0.12674173513349674
2022-09-14,226915645.25833955,-0.0024921241330512676,-0.1289180031297571
2022-09-15,225817771.86545774,-0.00483824458922566,-0.13313251088788647
2022-09-16,223527975.91018623,-0.010140016599914788,-0.14192256161740968
2022-09-19,217918447.95964056,-0.025095417822776613,-0.16345637345791864
2022-09-20,222925515.98015755,0.02297679736340781,-0.1442352800652109
2022-09-21,218680890.27184808,-0.0190405557194596,-0.160529515897877
2022-09-22,222231203.34548628,0.016235131790549744,-0.14690060195420251
2022-09-23,219070685.03962338,-0.014221757603271767,-0.1590331748047069
2022-09-26,210204811.16041288,-0.0404703800401543,-0.19306742182152237
2022-09-27,206946805.353576,-0.01549919713469642,-0.20557422892511945
2022-09-28,205247807.85947812,-0.008209827115693284,-0.21209632716189553
2022-09-29,200751086.63728088,-0.021908741774605906,-0.2293583052733692
2022-09-30,200644019.39107433,-0.0005333333333333432,-0.22976931417722335
2022-10-03,195988127.88652623,-0.023204736022922896,-0.24764231391849578
2022-10-04,194892624.0031031,-0.005589644103633654,-0.2518477256223247
2022-10-05,198544303.6145134,0.01873687950013002,-0.23782968660956194
2022-10-06,194892624.0031031,-0.018392265831510643,-0.2518477256223247
2022-10-07,191697404.3431191,-0.01639476956261371,-0.264113509758492
2022-10-10,195615072.29742455,0.020436729269913367,-0.24907439678403953
2022-10-11,195615072.29742455,0.0,-0.24907439678403953
2022-10-12,195302588.15637442,-0.001597444089456517,-0.2502739584505185
2022-10-13,198123416.07322744,0.014443371915759952,-0.2394453863974888
2022-10-14,201207362.0681547,0.015565782460501363,-0.22760675873282143
2022-10-17,197896065.91623265,-0.01645713217392322,-0.24031813639460042
2022-10-18,200680246.22079316,0.014068901732180098,-0.22963024690781653
2022-10-19,199290207.70727336,-0.00692663348633946,-0.234966315836448
2022-10-20,197103912.27811036,-0.010970410710667433,-0.24335904955921717
2022-10-21,187766664.27862316,-0.04737221038166147,-0.27920280384687823
2022-10-24,178237766.54507735,-0.05074861275378504,-0.315782261628467
2022-10-25,176327180.0237218,-0.010719313635880537,-0.32311660616130433
2022-10-26,175693811.79899865,-0.003592005637689841,-0.3255479751280316
2022-10-27,178377788.03841954,0.015276441508887496,-0.3152447482195242
2022-10-28,177744419.8136964,-0.0035507124047682087,-0.31767611718625133
2022-10-31,177430871.18759584,-0.0017640420240996443,-0.3188797651895816
2022-11-01,179167930.57619298,0.009790062895878788,-0.31221155525113187
2022-11-02,180898718.99226815,0.009660146268972698,-0.3055674182727486
2022-11-03,179344156.63691708,-0.00859355093287037,-0.31153506003326636
2022-11-04,173376367.50942454,-0.03327562625625076,-0.3344441620661315
2022-11-07,167644844.54956996,-0.03305827110227704,-0.3564462873902525
2022-11-08,164759418.22080222,-0.017211542272715527,-0.36752283931959817
2022-11-09,165263158.69534755,0.0030574305249745563,-0.36558908434218473
2022-11-10,165263158.69534755,0.0,-0.36558908434218473
2022-11-11,165263158.69534755,0.0,-0.36558908434218473
2022-11-14,165263158.69534755,0.0,-0.36558908434218473
2022-11-15,164999160.03928468,-0.0015974440894569641,-0.3666025203096892
2022-11-16,168645621.0516501,0.022099876214504634,-0.35260451441395413
2022-11-17,169712413.06242535,0.006325643109633532,-0.34850932162134896
2022-11-18,165706701.41592386,-0.023602938489997546,-0.363886416029927
2022-11-21,164510276.89154336,-0.007220133610513912,-0.36847924109765384
2022-11-22,163840553.33505318,-0.004071013490128105,-0.3710501706264412
2022-11-23,163851957.1771713,6.960329348249593e-05,-0.3710063936468816
2022-11-24,164246949.00579453,0.002410662865602118,-0.3694901021173449
2022-11-25,168372225.21815196,0.025116303452381906,-0.3536540241923939
2022-11-28,178235639.88921726,0.058581007991583764,-0.3157904254182805
2022-11-29,180214154.64232963,0.011100556287968702,-0.30819531852286897
2022-11-30,182690394.72485763,0.013740541565353618,-0.2986895475419262
2022-12-01,190577398.62733793,0.0431714207764376,-0.2684129789039449
2022-12-02,198887093.41730368,0.043602729651142064,-0.2365137878068092
2022-12-05,201135149.2067961,0.01130317584145881,-0.22788396889786022
2022-12-06,188003680.66023624,-0.0652867914849573,-0.27829294722261844
2022-12-07,182678421.74694723,-0.028325290731477316,-0.2987355093154954
2022-12-08,184302110.21027932,0.008888233475003846,-0.2925025067945619
2022-12-09,190920675.7477379,0.03591150166380164,-0.2670952093901793
2022-12-12,189542958.05192876,-0.007216178606184717,-0.2723839812605482
2022-12-13,194923652.360418,0.028387729957317084,-0.25172861420795445
2022-12-14,194959027.12731236,0.00018148011524513,-0.25159281783062626
2022-12-15,191539611.36222255,-0.017539150740923933,-0.26471924421428505
2022-12-16,193325668.67188787,0.00932474122173972,-0.2578629414412581
2022-12-19,191827836.6389079,-0.007747714223723101,-0.2636128072858056
2022-12-20,182044033.14452976,-0.05100304348839082,-0.3011707953001017
2022-12-21,183339146.05856436,0.0071142837898256145,-0.2961991260172485
2022-12-22,186415723.33530247,0.01678079855218345,-0.2843887853300934
2022-12-23,188491534.56710333,0.011135387051376195,-0.27642017747643843
2022-12-26,178694243.31160247,-0.05197735419790431,-0.3140299422022024
2022-12-27,184003120.52946508,0.029709279490358967,-0.2936502660330699
2022-12-28,185364118.28491732,0.007396601489887798,-0.28842567853842827
2022-12-29,183495280.20056242,-0.010081984051964013,-0.29559975949919093
2022-12-30,182518675.001118,-0.005322236072649785,-0.29934874386876753
2023-01-03,189439899.990655,0.03792064011802959,-0.2727795997367697
2023-01-04,186440896.1534642,-0.01583089854533679,-0.28429215211343606
2023-01-05,189548957.0530708,0.016670488952425396,-0.2723609523420789
2023-01-06,188795203.50856778,-0.003976563924284709,-0.2752544555288964
2023-01-09,188998852.7121414,0.0010786778466242786,-0.27447268856563567
2023-01-10,189834311.28316548,0.004420442553143709,-0.27126553676470333
2023-01-11,188538266.76561597,-0.006827240601496301,-0.27624078227981297
2023-01-12,191419296.36266515,0.015280874522044746,-0.2651811084896575
2023-01-13,194385438.8527936,0.015495524988811842,-0.25379470399400794
2023-01-16,192663565.6181578,-0.008858036099811775,-0.26040461744389976
2023-01-17,198458502.16019604,0.030078009422514713,-0.23815906055852898
2023-01-18,204162683.9959682,0.02874244123422705,-0.21626189212680413
2023-01-19,206585672.62277487,0.011867930903840026,-0.20696054241585882
2023-01-27,206040007.99891272,-0.0026413478579346114,-0.20905523548840632
2023-01-30,204051415.37233377,-0.009651487814878413,-0.21668902924533184
2023-01-31,206803964.22382122,0.013489486688758646,-0.20612256633217807
2023-02-01,202104832.42115217,-0.022722638902527223,-0.22416155659027703
2023-02-02,198371277.86183402,-0.018473356201290928,-0.23849389651003994
2023-02-03,198322961.84476006,-0.00024356357228091919,-0.23867937165691966
2023-02-06,199798119.67356586,0.007438159530717899,-0.23301654736927746
2023-02-07,191101148.30213732,-0.04352879489375493,-0.26640241276574417
2023-02-08,188318830.54450876,-0.014559398425118945,-0.27708315232199365
2023-02-09,186815072.00849596,-0.007985173504236415,-0.2828557687798382
2023-02-10,184205942.9465139,-0.013966373451192459,-0.29287167293142724
2023-02-13,182408934.62413937,-0.009755430762059087,-0.29977001436603534
2023-02-14,182713211.51738566,0.001668103011912587,-0.2986019586179679
2023-02-15,183552086.0077939,0.004591208722355693,-0.29538169381253143
2023-02-16,184923445.0613832,0.007471225652706853,-0.2901173314479768
2023-02-17,183780293.67772862,-0.006181754743294496,-0.2945056520014808
2023-02-20,185153765.76529878,0.007473445928749239,-0.28923317813867566
2023-02-21,186378244.49340567,0.00661330717766247,-0.2845326588140159
2023-02-22,180962860.7845375,-0.029055878939023807,-0.3053211912643411
2023-02-23,185643860.16021547,0.025867182666013337,-0.28735180762456725
2023-02-24,184365695.06122795,-0.006885038362617703,-0.2922584177681222
2023-02-27,182235419.89624876,-0.011554617925377734,-0.30043610134071386
2023-02-28,179337124.4744218,-0.015904127877429272,-0.31156205504342416
2023-03-01,183911610.09185082,0.02550774487343506,-0.2940015555822799
2023-03-02,184298423.2139128,0.0021032555903828577,-0.29251666040725677
2023-03-03,184259775.4362916,-0.00020970216102365478,-0.2926650211924575
2023-03-06,182996122.504358,-0.00685799670026475,-0.2975159221431015
2023-03-07,185091980.91109273,0.011453020851219525,-0.28947035735175675
2023-03-08,186777254.14062625,0.00910505804323867,-0.28300094371400286
2023-03-09,187127521.56382275,0.0018753216220470568,-0.28165633988076244
2023-03-10,185223047.55906776,-0.010177412648013083,-0.28896721973288
2023-03-13,183396276.54159355,-0.009862547029368177,-0.2959798139676868
2023-03-14,181165874.44022855,-0.012161654224529219,-0.30454186403730055
2023-03-15,184152357.64339408,0.016484799978987497,-0.29307737577219595
2023-03-16,184663775.89635286,0.0027771474636731058,-0.2911141473993085
2023-03-17,186905775.34652779,0.012140981301245057,-0.28250757751816635
2023-03-20,182523575.34013185,-0.023446038509357094,-0.2993299324858474
2023-03-21,184355955.43130183,0.010039141999905224,-0.29229580618298967
2023-03-22,185403029.76911324,0.005679633919944566,-0.28827630543849947
2023-03-23,186711872.6913775,0.007059447323456262,-0.2832519295078869
2023-03-24,188590304.66314566,0.010060591994988427,-0.27604101960747063
2023-03-27,191013203.82279247,0.012847421631639648,-0.26674001334235575
2023-03-28,188808524.36739552,-0.011542026473951425,-0.2752033195206476
2023-03-29,188157624.80296496,-0.0034474056010522242,-0.2777019876565562
2023-03-30,182743147.22519755,-0.028776285752104593,-0.2984870416579283
2023-03-31,184772266.53443015,0.01110366840039191,-0.29069767438992
2023-04-03,189484101.05458152,0.025500767017291426,-0.2726099210397144
2023-04-04,192101786.89911005,0.013814804672052632,-0.26256116917848904
2023-04-05,195243009.91254425,0.016351867747507944,-0.2505026669450189
2023-04-06,196888948.41493362,0.008430204508354185,-0.2441842511488993
2023-04-07,200713052.67458004,0.01942264555950244,-0.22950430975067448
2023-04-10,200541358.1976163,-0.000855422578032831,-0.2301634091603907
2023-04-11,205633958.842581,0.025394266253778802,-0.21061397380070834
2023-04-12,202000135.37324765,-0.017671319901569137,-0.22456346679550443
2023-04-13,200110935.06095445,-0.009352470525836104,-0.231815714116956
2023-04-14,197945210.95645547,-0.010822617483843628,-0.24012947880016777
2023-04-17,199520268.59954035,0.007957038391958719,-0.234083159890063
2023-04-18,204334252.95673323,0.0241277960930129,-0.21560327454768569
2023-04-19,207096973.17696756,0.013520592755534369,-0.20499776586407026
2023-04-20,206044508.33116397,-0.005081990478461707,-0.20903795964830485
2023-04-21,206570740.75406578,0.002553974513390208,-0.2070178627561875
2023-04-24,205255159.69681132,-0.006368670860413564,-0.21206810498648065
2023-04-25,201571532.73649886,-0.017946574233523065,-0.22620878323130122
2023-04-26,204202694.85100776,0.013053242582366238,-0.21610829877071513
2023-04-27,203939578.63955688,-0.001288505088744554,-0.2171183472167736
2023-04-28,205145690.27830634,0.005914063600578159,-0.21248833533048794
2023-05-04,204846492.65768927,-0.0014584640808742414,-0.21363689280667786
2023-05-05,207024982.88111508,0.010634745048167327,-0.20527412164639225
2023-05-08,206329713.22983536,-0.0033583852615458446,-0.207943117323224
2023-05-09,204660086.00048864,-0.008092034846609255,-0.21435246921834117
2023-05-10,204249439.96797594,-0.00200647835412184,-0.2159288539828239
2023-05-11,208623789.84365022,0.021416704380487542,-0.1991366340353039
2023-05-12,212955124.90469226,0.020761462843178577,-0.18250953902036493
2023-05-15,209394165.33262208,-0.016721642992456195,-0.19617932265860483
2023-05-16,211458275.73043606,0.009857535402360146,-0.18825563187456296
2023-05-17,208153411.9311157,-0.01562891680594881,-0.20094231707169286
2023-05-18,210521457.8341737,0.011376445291426118,-0.19185188105716533
2023-05-19,205819325.7431188,-0.022335642833894647,-0.20990238879875622
2023-05-22,208600947.21733797,0.01351487021044316,-0.19922432212979024
2023-05-23,210179307.4133597,0.007566409534934986,-0.1931653254054091
2023-05-24,212818402.88692826,0.012556400085467257,-0.18303438642837166
2023-05-25,214853797.46417978,0.00956399704931975,-0.17522092971077685
2023-05-26,212062948.99770498,-0.012989523570976626,-0.1859344168851469
2023-05-29,216818741.93128935,0.022426326503814823,-0.1676779163226948
2023-05-30,224850836.40354335,0.03704520375272451,-0.13684437514497683
2023-05-31,221903344.21751785,-0.013108655645539114,-0.14815918499971148
2023-06-01,225293683.462368,0.01527845042987195,-0.13514437733358786
2023-06-02,224909013.38368815,-0.0017074161723851131,-0.1366210458105067
2023-06-05,221461657.89425623,-0.015327778276057042,-0.1498547269885372
2023-06-06,227597208.13436055,0.027704796841329198,-0.12630162491413832
2023-06-07,227190421.29884377,-0.001787310305127454,-0.1278631950235024
2023-06-08,223848206.37712997,-0.01471107321605556,-0.14069326341592836
2023-06-09,229441348.30873293,0.024986315602546605,-0.11922235409624438
2023-06-12,231945467.41483226,0.010913983571652618,-0.10960956133857191
2023-06-13,229910927.10109648,-0.00877163212720612,-0.11741973871609168
2023-06-14,224522157.1805048,-0.02343851155113707,-0.1381061063650001
2023-06-15,225282235.950469,0.0033853174203787926,-0.13518832195235952
2023-06-16,225533428.2029906,0.0011150113610237423,-0.1342240471061903
2023-06-19,225504633.79474944,-0.00012767246288313612,-0.13433458285440125
2023-06-20,229703377.22679704,0.018619322190377836,-0.11821647954349956
2023-06-21,239004061.23942038,0.04048997504917106,-0.08251308680144565
2023-06-22,239405645.4386993,0.0016802400645260884,-0.08097148853121106
2023-06-23,244727175.00385123,0.02222808720905676,-0.06054324263067323
2023-06-26,238367966.6775205,-0.02598488838123779,-0.0849549216099148
2023-06-27,235196752.37590462,-0.01330386102552998,-0.09712855416491162
2023-06-28,234930027.10117576,-0.001134051690911825,-0.09815245705473696
2023-06-29,225638364.87954548,-0.039550764694836975,-0.13382121701638194
2023-06-30,229064100.12757748,0.015182414789527456,-0.12067053145123652
2023-07-03,230570895.10743925,0.0065780494587434485,-0.1148862587165922
2023-07-04,239624849.21597192,0.03926754981071566,-0.08013001079259707
2023-07-05,237118894.2981671,-0.010457825747221277,-0.08974985084982634
2023-07-06,234552863.7630663,-0.010821704203268346,-0.09960030871491043
2023-07-07,237325500.35654148,0.011820945389419645,-0.08895673313557906
2023-07-10,242178881.74815327,0.020450315639576864,-0.07032561076689048
2023-07-11,246720211.79568222,0.018751965550206702,-0.05289238864708168
2023-07-12,245568088.65755594,-0.004669755792364502,-0.057315149901189466
2023-07-13,248169422.23956138,0.010593125500247689,-0.047329170976910584
2023-07-14,247893273.51099092,-0.0011127427629012694,-0.048389248547333286
2023-07-17,245441853.7054242,-0.009889013004856862,-0.057799739644010306
2023-07-18,244127689.20775813,-0.005354280363459536,-0.06284454399648076
2023-07-19,244781892.51909116,0.0026797587502509343,-0.060333193462909995
2023-07-20,243620169.0785427,-0.004745953340718795,-0.06479280828255718
2023-07-21,248695676.91419208,0.02083369310039776,-0.04530898866503119
2023-07-24,244377555.5885659,-0.01736307353310401,-0.0618853588962337
2023-07-25,243485344.65584198,-0.0036509528486570026,-0.06531037121753835
2023-07-26,245214235.12878087,0.007100593571176209,-0.05867352004836046
2023-07-27,242705692.95782298,-0.010230002224954291,-0.06830329203267416
2023-07-28,252870778.04313207,0.041882351260197105,-0.029281643241617306
2023-07-31,255565224.87008035,0.010655429812015267,-0.018938221923943566
2023-08-01,250449245.3353467,-0.020018292932203207,-0.03857740398205822
2023-08-02,256836417.67507118,0.0255028611931818,-0.014058376967824193
2023-08-03,259119173.14855844,0.00888797427619948,-0.005295353184479823
2023-08-04,260495084.78570867,0.005309956883666764,-1.3514397906422282e-05
2023-08-07,262198400.7586255,0.006538764346813077,0.0
2023-08-08,256033410.42653704,-0.023512692351483237,-0.023512692351483233
2023-08-09,255664060.8257457,-0.001442583607256646,-0.024921356934191174
2023-08-10,252839653.89572942,-0.011047336574777028,-0.03569337889101598
2023-08-11,254067203.8203382,0.004855053017573763,-0.031011619120334455
2023-08-14,264830048.4864918,0.04236219592421098,0.0
2023-08-15,263394987.18405184,-0.005418800890009867,-0.0054188008900099005
2023-08-16,270468285.7848691,0.026854340230380476,0.0
2023-08-17,269480121.86363083,-0.0036535297229791696,-0.0036535297229791652
2023-08-18,253226851.98080054,-0.060313427834410675,-0.06374660065610205
2023-08-21,254339260.36932,0.004392932186369429,-0.059633702963526436
2023-08-22,264249568.30827206,0.038964916091057025,-0.022992409104642286
2023-08-23,262917200.30109227,-0.005042082057918307,-0.027918561549145737
2023-08-24,271532517.1829351,0.03276817519727354,0.0
2023-08-25,273923129.8929368,0.00880414889090841,0.0
2023-08-28,277784503.2010565,0.014096558073167741,0.0
2023-08-29,278081132.5738603,0.0010678398880628382,0.0
2023-08-30,282556422.02845013,0.016093466727380993,0.0
2023-08-31,285532487.44793296,0.010532641226548276,0.0
2023-09-05,284918571.3014628,-0.0021500745920622344,-0.002150074592062179
2023-09-06,287596231.66516787,0.009397984664439077,0.0
2023-09-07,288740151.06695735,0.003977518742739604,0.0
2023-09-08,287585582.1428114,-0.003998643485776242,-0.0039986434857762765
2023-09-11,288560147.3556822,0.0033887832818643173,-0.0006234107401066336
2023-09-12,294293237.37321615,0.019867920328122415,0.0
2023-09-13,298487608.513111,0.014252353120080821,0.0
2023-09-14,295674851.5635674,-0.0094233625427705,-0.009423362542770541
2023-09-15,293730683.68772227,-0.006575357577974994,-0.01593675814243989
2023-09-18,291560054.3556336,-0.0073898623897132205,-0.023208850082542365
2023-09-19,294954388.7747536,0.011641973474801445,-0.011837073424782463
2023-09-20,299448862.75355357,0.01523786100444253,0.0
2023-09-21,288209499.77862316,-0.03753349694361806,-0.03753349694361807
2023-09-22,276061355.9160123,-0.04215039362665699,-0.07810183889991662
2023-09-25,264756323.17791772,-0.040951159935380316,-0.1158546379392591
2023-09-26,265063238.17282724,0.001159235750162901,-0.11482970502721757
2023-09-27,269829569.01361686,0.0179818630212382,-0.09891269403254799
2023-09-28,273270984.8229011,0.012754035155837942,-0.08742019485375985
2023-09-29,272616988.2281315,-0.0023932163716301334,-0.08960419578385481
2023-10-02,274012816.7792806,0.005120108472407714,-0.08494287051344329
2023-10-03,262144824.11145025,-0.04331181587535048,-0.12457565642119184
2023-10-04,270280157.0128101,0.031033734611907265,-0.09740796966976395
2023-10-05,265780017.79045844,-0.01664990605336367,-0.11243604217927716
2023-10-06,271614567.3114311,0.021952551472747064,-0.09295174870986267
2023-10-09,276741724.27782595,0.018876590519963106,-0.07582977028841009
2023-10-10,275717417.4380466,-0.0037013097408869836,-0.07925041056187943
2023-10-11,287290876.01042944,0.0419757978292518,-0.04060121194425825
2023-10-12,287854435.1630412,0.001961632615827569,-0.0387192239900227
2023-10-13,296159906.3100992,0.02885302476702775,-0.010983365951739099
2023-10-16,293168001.6380334,-0.01010232853373836,-0.0209747369142268
2023-10-17,275754468.04358524,-0.059397797498883145,-0.07912668123728628
2023-10-18,269955937.47675306,-0.02102787529780181,-0.0984906905493016
2023-10-19,260689396.0508272,-0.03432612563568389,-0.1294360123672449
2023-10-20,269120961.12130797,0.032343337313332235,-0.10127906766239902
2023-10-23,269843579.94276047,0.0026851079099958083,-0.09886590497810055
2023-10-24,272936180.24335134,0.0114607147638898,-0.0885382641510386
2023-10-25,271519222.5876262,-0.0051915347187088,-0.09327014939747302
2023-10-26,262073824.31503418,-0.034787217577362375,-0.1248127579942725
2023-10-27,261443334.388033,-0.0024057722233384047,-0.12691825915130994
2023-10-30,259148705.11440492,-0.008776774818142456,-0.1345811009885708
2023-10-31,256113706.06430423,-0.01171141892744878,-0.14471638426262512
2023-11-01,258009376.606959,0.0074016754971278015,-0.13838585248092683
2023-11-02,264881065.06926936,0.026633483451953863,-0.11543806634100828
2023-11-03,266938217.5616629,0.007766325206581244,-0.10856827069885022
2023-11-06,268149108.2979747,0.004536220955442908,-0.10452453940804762
2023-11-07,265146966.4976042,-0.011195792592509581,-0.11455009693651719
2023-11-08,269778560.8513958,0.017468026939819598,-0.09908303417594355
2023-11-09,273448143.9055043,0.013602204128184393,-0.08682857770426022
2023-11-10,270896099.4016143,-0.009332828036206713,-0.09535104955612472
2023-11-13,271010594.6931951,0.0004226538951048254,-0.09496869615351711
2023-11-14,272199088.0719989,0.004385412976748218,-0.09099976012926536
2023-11-15,277791439.4734531,0.02054507765277666,-0.07232427961472854
2023-11-16,277441323.98088825,-0.0012603537863819432,-0.07349347922145066
2023-11-17,268507107.6603824,-0.03220218312222767,-0.10332901186749954
2023-11-20,268849339.2831044,0.0012745719310897972,-0.10218614019460326
2023-11-21,270083881.62894464,0.004591948595195225,-0.09806342510232313
2023-11-22,269238874.12488335,-0.003128685425301304,-0.1008853009187517
2023-11-23,265146318.85499263,-0.015200461980807574,-0.11455225971852145
2023-11-24,264718002.91626787,-0.0016153946265382638,-0.11598260724025256
2023-11-27,266051580.81387943,0.005037730274934789,-0.11152916605717789
2023-11-28,269631479.57508016,0.013455656795007358,-0.09957420744326928
2023-11-29,270486241.20075697,0.0031701106525983303,-0.09671975804641086
2023-11-30,271455095.2552627,0.0035818977342607786,-0.09348430059435475
2023-12-01,273271229.9283543,0.006690368701253696,-0.08741937633185615
2023-12-04,278293188.26067734,0.018377193726685614,-0.07064870541948709
2023-12-05,273134295.2353055,-0.018537618752419886,-0.08787666540548855
2023-12-06,279837870.9744666,0.024543149125180328,-0.06549028638397869
2023-12-07,278305548.54284465,-0.005475750749124957,-0.0706074286483761
2023-12-08,274260213.64686406,-0.014535588374580409,-0.08411669650393616
2023-12-11,278630136.8154948,0.01593349290632949,-0.06952347638465606
2023-12-12,279396037.2956952,0.0027488070348527273,-0.06696577597077691
2023-12-13,281768562.96590143,0.008491622476718655,-0.059042801582462556
2023-12-14,278862431.57262874,-0.010313895072902037,-0.06874773539503298
2023-12-15,276718363.3665315,-0.007688623361726767,-0.07590778331233561
2023-12-18,275651853.741837,-0.0038541338988833393,-0.07946935845036585
2023-12-19,270650575.35297847,-0.018143460023826018,-0.09617096934602853
2023-12-20,272501015.68259823,0.00683700866774973,-0.08999148242928345
2023-12-21,279550992.1675954,0.025871376909687462,-0.06644830908018551
2023-12-22,279347839.35824513,-0.0007267111011663258,-0.0671267314574896
2023-12-25,282891847.8542907,0.012686722418141323,-0.05529162724818648
2023-12-26,282943023.5432782,0.00018090195732275963,-0.055120727654456525
2023-12-27,282830109.75769997,-0.0003990689862723542,-0.0554977996678212
2023-12-28,279971055.3048782,-0.010108734375102912,-0.0650455215276794
2023-12-29,276937986.1852485,-0.010833509615223547,-0.07517435986000565
2024-01-02,279093775.4142229,0.007784375334961662,-0.06797516995775976
2024-01-03,287131482.3629342,0.028799305669866496,-0.041133501985467835
2024-01-04,285163066.4723801,-0.00685545128787373,-0.04770696455418055
2024-01-05,283631265.5119794,-0.005371666742646231,-0.05282236538193852
2024-01-08,286400107.59518886,0.009762118707933878,-0.043575904875296945
2024-01-09,290097371.2066399,0.012909435134280441,-0.031229010058421713
2024-01-10,282564788.37884367,-0.02596570522671393,-0.05638383201543662
2024-01-11,289978283.2221479,0.026236442572471933,-0.03162670061365358
2024-01-12,284774242.29787123,-0.017946312621934916,-0.0490054305791755
2024-01-15,277775408.6631884,-0.024576779059119112,-0.07237781399825327
2024-01-16,284338356.929342,0.023626815266830765,-0.050461055972176316
2024-01-17,283535965.8886478,-0.002821958491142196,-0.053140615457945795
2024-01-18,283825018.5095991,0.001019456632407663,-0.052175333378416955
2024-01-19,286234931.961884,0.008490842227157038,-0.04412750367512541
2024-01-22,287462778.68155956,0.004289646659335923,-0.04002714841451427
2024-01-23,292173668.12263054,0.016387824060830915,-0.024295282219557235
2024-01-24,285481061.23845834,-0.022906263001644604,-0.04664503109698148
2024-01-25,289462540.7598228,0.01394656270399239,-0.033349006244012824
2024-01-26,291219299.9615737,0.006069038146143334,-0.02748236448890029
2024-01-29,291486763.6418051,0.0009184270419806795,-0.026589177993643798
2024-01-30,291796732.76091766,0.0010634071861096864,-0.02555404593048538
2024-01-31,284960157.45033556,-0.023429238723463086,-0.048384572811492776
2024-02-01,286824291.57361436,0.006541736009546136,-0.042159355904214046
2024-02-02,284503748.0888952,-0.008090470552504031,-0.049908737429262495
2024-02-05,280063090.76707304,-0.015608431704859831,-0.06473817201448195
2024-02-06,280938052.7184172,0.003124160163153713,-0.06181626426937126
2024-02-07,279789201.99811673,-0.004089338233763522,-0.06565281489018959
2024-02-15,281006578.8507714,0.004351050161910429,-0.06158742341913703
2024-02-16,275467687.8858708,-0.019710894269995158,-0.08008437449775607
2024-02-19,276408202.5074875,0.0034142466175790705,-0.07694355568492695
2024-02-20,279865371.0686514,0.01250747456045648,-0.06539845068979078
2024-02-21,281218061.5135477,0.004833361268424036,-0.06088118375994567
2024-02-22,280532923.6002646,-0.002436322580404755,-0.06316918013763428
2024-02-23,276201097.6413709,-0.015441417368416255,-0.07763517583072466
2024-02-26,288055108.0845604,0.04291804248577303,-0.038049083119645166
2024-02-27,292888498.53495675,0.01677939503498576,-0.02190812868104297
2024-02-28,291946028.9841212,-0.003217844181488282,-0.025055475918127623
2024-02-29,288894636.08570653,-0.010451907529047552,-0.035245505929782595
2024-03-01,291563142.0115805,0.009236952136011025,-0.026334114845054546
2024-03-04,293858986.383829,0.00787426132263756,-0.018667215224407285
2024-03-05,294033384.4773396,0.000593475447719794,-0.018084818310600492
2024-03-06,289798784.3257475,-0.014401766517497215,-0.032226131497277044
2024-03-07,290034970.5033791,0.0008150005811140056,-0.03143739523206035
2024-03-08,290274129.27154374,0.0008245859723382852,-0.03063873209483725
2024-03-11,292352640.99751246,0.007160513171410898,-0.023697607968146794
2024-03-12,302060102.6633302,0.033204631340752404,0.0
2024-03-13,309895216.5250661,0.025938923388597046,0.0
2024-03-14,309891148.6732943,-1.3126539407047856e-05,-1.3126539406993487e-05
2024-03-15,314551241.42214745,0.015037837540065057,0.0
2024-03-18,302502937.381705,-0.0383031520904821,-0.03830315209048207
2024-03-19,303526764.315524,0.0033845189824623363,-0.035048270853358154
2024-03-20,306932632.69943595,0.01122098208239547,-0.02422056479022716
2024-03-21,308304820.7186539,0.004470648842873883,-0.019858197587306448
2024-03-22,310136134.27855873,0.005939944615968214,-0.014036209565179814
2024-03-25,302633507.3965814,-0.024191398720532817,-0.03788805274359641
2024-03-26,314486425.43057036,0.039165914362736046,-0.00020605860998690329
2024-03-27,313051269.01598716,-0.004563492407083395,-0.004768610670168205
2024-03-28,314191426.4939115,0.003642079080235642,-0.0011438992470961251
2024-03-29,316608354.68256235,0.007692533865807705,0.0
2024-04-01,317739491.73157525,0.003572669616210852,0.0
2024-04-02,328444073.06078136,0.033689804408226616,0.0
2024-04-03,321967055.8477768,-0.01972030474669568,-0.019720304746695727
2024-04-04,321121324.11742043,-0.0026267648040245156,-0.022295268948286928
2024-04-05,310394077.2725053,-0.0334055886023709,-0.05495607096839217
2024-04-08,310272174.32227015,-0.00039273607056653257,-0.05532722380759281
2024-04-09,315807284.9326861,0.017839532734465535,-0.038474702893349866
2024-04-10,311521167.7458676,-0.013571938936532324,-0.051524465511612494
2024-04-11,321041844.6709466,0.030561894056733107,-0.022537256711175013
2024-04-12,327930319.9205289,0.021456627427003064,-0.0015642028046504164
2024-04-15,305554089.0037009,-0.06823471194200849,-0.06969218181886472
2024-04-16,310344086.2045297,0.015676429716411925,-0.05510827669251961
2024-04-17,302537318.40759325,-0.025155200772188926,-0.07887721770029887
2024-04-19,290088330.32192624,-0.04114860325725212,-0.11678013362036543
2024-04-22,296324339.6430466,0.021496932724594454,-0.09779361557177713
2024-04-23,286386583.7868139,-0.03353675188546361,-0.1280506872358277
2024-04-24,298211552.3825592,0.04129023238235129,-0.09204769748616348
2024-04-25,298590746.3922806,0.001271560429808404,-0.09089318126613344
2024-04-26,299523575.2264029,0.0031241049677298923,-0.0880530361375299
2024-05-02,304395076.06345636,0.016264164960541835,-0.07322098028200541
2024-05-03,304047969.03633153,-0.001140317483494581,-0.07427780260152572
2024-05-06,317539002.9216697,0.044371399447585544,-0.033202213203261444
2024-05-07,324147856.85441554,0.020812731261161267,-0.013080510682775381
2024-05-08,325406372.29313135,0.0038825351212519424,-0.009248761103653247
2024-05-09,324121077.4076968,-0.0039498147389589325,-0.013162044949687868
2024-05-10,325199129.1241628,0.0033260771718032355,-0.009879745755126068
2024-05-13,317495560.75693285,-0.023688773054151305,-0.03333447975425141
2024-05-14,318357463.7804756,0.002714693148741738,-0.030710279489315484
2024-05-15,323408885.493622,0.015867137692206306,-0.0153304260303323
2024-05-16,322990364.4668526,-0.001294092542109989,-0.016604679582449045
2024-05-17,329763733.8169284,0.020970809334378483,0.0
2024-05-20,326677293.24316186,-0.009359551270364976,-0.00935955127036503
2024-05-21,333725472.57708836,0.02157535733186143,0.0
2024-05-22,325312586.59312445,-0.025209001635380368,-0.025209001635380424
2024-05-23,327694933.96587884,0.007323256064893821,-0.018070357544602733
2024-05-24,327694933.96587884,0.0,-0.018070357544602733
2024-05-27,327694933.96587884,0.0,-0.018070357544602733
2024-05-28,327694933.96587884,0.0,-0.018070357544602733
2024-05-29,327694933.96587884,0.0,-0.018070357544602733
2024-05-30,327694933.96587884,0.0,-0.018070357544602733
2024-05-31,327694933.96587884,0.0,-0.018070357544602733
2024-06-03,327694933.96587884,0.0,-0.018070357544602733
2024-06-04,327345392.70298195,-0.0010666666666665383,-0.01911774916322173
2024-06-05,325589439.5549264,-0.005364221361284971,-0.024379418686065635
2024-06-06,323134839.56285053,-0.007538942280902123,-0.03173456593665158
2024-06-07,327034191.4361577,0.012067259223989478,-0.020050255946180484
2024-06-10,329676290.1914951,0.008078967962752594,-0.012133273358862051
2024-06-11,325624449.6974441,-0.012290360619192527,-0.02427451167298289
2024-06-12,327456647.15587157,0.005626719554167036,-0.018784377988314116
2024-06-13,326211842.08857477,-0.003801434718484329,-0.022514405120148573
2024-06-14,315016083.6866303,-0.034320514945942786,-0.056062214088666296
2024-06-17,313132010.4312348,-0.005980879558104589,-0.06170779229654588
2024-06-18,316599597.3043155,0.011073881805648958,-0.05131725528927633
2024-06-19,320395224.3411786,0.011988729831563027,-0.03994375416707385
2024-06-20,326663166.7203633,0.019563157946793214,-0.021162022192039
2024-06-21,325693649.56659347,-0.002967941453282353,-0.024067156002422263
2024-06-24,310802276.16652215,-0.04572202565167466,-0.06868878252999133
2024-06-25,312536069.6030625,0.005578445106404017,-0.06349351402635661
2024-06-26,309529865.1963445,-0.009618743879821794,-0.07250153005672899
2024-06-27,308795274.44104207,-0.0023732467780983113,-0.07470271281221297
2024-06-28,296564715.74200076,-0.0396073376484797,-0.11135127489108199
2024-07-01,297387623.9673084,0.002774801524344319,-0.10888545105404313
2024-07-02,304418196.1555386,0.02364110548528772,-0.08781851800293716
2024-07-03,311298080.1661034,0.02260010767243892,-0.06720311829299863
2024-07-04,316354181.5477242,0.01624199345824078,-0.05205263744244615
2024-07-05,318754134.13515216,0.007586283752237757,-0.04486123976789913
2024-07-08,309825606.588269,-0.028010703519526618,-0.07161534840076866
2024-07-09,314594248.6697377,0.015391374954381377,-0.05732623212611221
2024-07-10,309295079.9116862,-0.016844455295858263,-0.07320505826764212
2024-07-11,309825606.588269,0.0017152768053546015,-0.07161534840076866
2024-07-12,310093918.93044883,0.0008660108669984736,-0.07081135720372922
2024-07-15,309295079.9116862,-0.002576119588278093,-0.07320505826764212
2024-07-16,311679400.95242053,0.007708887711421572,-0.06606050013031395
2024-07-17,315655302.0229034,0.01275638062166897,-0.054146812392365073
2024-07-18,319722807.6051611,0.012885909269354066,-0.041958634034723774
2024-07-19,317700492.89728427,-0.006325212527140828,-0.04801844928424637
2024-07-22,316045871.77265775,-0.00520811632848638,-0.052976479942946963
2024-07-23,315310484.60615706,-0.0023268368049739183,-0.055180049124591624
2024-07-24,317884339.6889094,0.008162922606164703,-0.04746755698883531
2024-07-25,317516646.10565907,-0.0011566898313083906,-0.04856934157965764
2024-07-26,316045871.77265775,-0.00463211724815174,-0.052976479942946963
2024-07-29,316597412.14753324,0.0017451276037303443,-0.05132380305671347
2024-07-30,315887474.821922,-0.002242397753018921,-0.053451112429081626
2024-07-31,319307111.93624806,0.010825491312227056,-0.04320425567008446
2024-08-01,314207350.5076559,-0.015971336803830255,-0.058485562755249076
2024-08-02,312531682.75655764,-0.005332999843545819,-0.06350665910177145
2024-08-05,300659983.7411318,-0.03798558568755783,-0.0990799071482884
2024-08-06,306512187.3438611,0.01946452444355903,-0.08154392597928273
2024-08-07,307853612.85737324,0.004376418194449327,-0.077524378106136
2024-08-08,308192311.6581272,0.0011001943346069102,-0.07650947565311539
2024-08-09,307894383.99927074,-0.00096669400107209,-0.07740220840304846
2024-08-12,310077342.1245877,0.007089957591828463,-0.07086102918631143
2024-08-13,310404105.32144034,0.0010538119122594015,-0.06988189147072355
2024-08-14,293765691.57783103,-0.05360242811988368,-0.11973848052616631
2024-08-15,289859186.80786866,-0.013298029286470885,-0.1314442239918827
2024-08-16,303986238.44642454,0.0487376363472651,-0.08911286843348243
2024-08-19,307116601.18019384,0.010297711994357278,-0.07973281509324415
2024-08-20,313602559.00291824,0.02111887731825643,-0.06029780531518114
2024-08-21,317630406.9700599,0.012843798149951152,-0.04822846000558323
2024-08-22,315831584.5718349,-0.0056632562838812486,-0.05361858616027604
2024-08-23,313317387.39956784,-0.007960562828684516,-0.06115231486504635
2024-08-26,309702926.00525296,-0.011536102175221542,-0.07198295768773344
2024-08-27,307217655.3053069,-0.008024692346316071,-0.07943000894442753
2024-08-28,311017293.0709531,0.012367901714080051,-0.0680444897741207
2024-08-29,311021157.4081784,1.2424830745460751e-05,-0.06803291038464387
2024-08-30,308737233.6566269,-0.007343306708083945,-0.07487663056552973
2024-09-04,304294928.2092108,-0.014388628785722474,-0.08818788730931915
2024-09-05,303782718.35178274,-0.001683267810089546,-0.08972271128746112
2024-09-06,304763415.5523672,0.0032282850252489223,-0.08678407674748623
2024-09-09,305142461.48156273,0.0012437382896123637,-0.08564827513705342
2024-09-10,305217159.47925663,0.0002447971263363807,-0.0854244444623462
2024-09-11,304672158.8122822,-0.0017856160771048163,-0.08705752527804134
2024-09-12,301560249.7208613,-0.010213959501754903,-0.09638228274228333
2024-09-13,301960761.9049913,0.0013281332155041865,-0.09518215803787522
2024-09-16,300523633.78194404,-0.004759320760687009,-0.09948847637776559
2024-09-17,302360624.4283297,0.006112632884369307,-0.09398398002571884
2024-09-18,301461235.35362786,-0.0029745575383775973,-0.09667897680782422
2024-09-19,305306980.3455331,0.012757013310165656,-0.08515529849160919
2024-09-20,304201130.95334256,-0.0036220901039961946,-0.088468948431636
2024-09-23,303534770.9297035,-0.002190524478166017,-0.09046567951270501
2024-09-24,303666254.2304379,0.00043317376896122176,-0.09007169310309993
2024-09-25,305443809.3869785,0.005853647324248714,-0.08474529370417472
2024-09-26,305231245.52950233,-0.0006959180410393242,-0.08538223596643213
2024-09-27,301514174.3142156,-0.012177885684142568,-0.09652034654151898
2024-09-30,297739787.0752081,-0.012518108800663175,-0.10783020314269776
2024-10-01,296253183.9935712,-0.004992960787136569,-0.11228477195387376
2024-10-02,292997001.9165667,-0.010991213775697858,-0.12204183979727112
2024-10-03,292530385.0053043,-0.001592565480910025,-0.12344004565689326
2024-10-04,293132993.2312923,0.002059985071216119,-0.12163434523692063
2024-10-07,292899492.02509195,-0.000796570879403263,-0.1223340257389729
2024-10-08,297756483.6706775,0.016582451584345702,-0.10778017221356173
2024-10-09,300556124.48982716,0.009402451240141968,-0.09939111878731188
2024-10-10,305437808.7137711,0.01624217184803758,-0.08476327457078658
2024-10-11,305521094.34255135,0.0002726762254187516,-0.08451371127513196
2024-10-14,305454433.5530254,-0.0002181871915239535,-0.08471345865734747
2024-10-15,305954649.5331703,0.0016376124396898736,-0.08321457403136401
2024-10-16,306222961.8753501,0.0008769676897841867,-0.08241058283432456
2024-10-17,307589451.890162,0.004462402187096967,-0.0783159298123074
2024-10-18,306458864.3693606,-0.00367563813990959,-0.08170370693363638
2024-10-21,309279469.5808274,0.009203862375693088,-0.07325183423214443
2024-10-22,304329286.7947332,-0.016005533095369277,-0.08808493267041462
2024-10-23,309832897.9620733,0.018084395443190536,-0.07159349998222264
2024-10-24,308501364.46655405,-0.004297585906072097,-0.07558340667180485
2024-10-25,312713307.3178529,0.013652914821242236,-0.06296242566375199
2024-10-28,310608382.11489487,-0.006731166067130385,-0.0692697811877504
2024-10-29,315299452.58882034,0.015102845718407663,-0.05521310628756915
2024-10-30,317080138.1141511,0.005647601068476832,-0.049877326817155954
2024-10-31,314166221.5232513,-0.009189842694753697,-0.05860880472442509
2024-11-01,312121070.3300192,-0.006509774295008855,-0.06473704892897769
2024-11-04,313006917.6670114,0.0028381529515311456,-0.062082629623937735
2024-11-05,317533360.27188987,0.014461158362301392,-0.0485192580001762
2024-11-06,318603250.54131305,0.003369379105575196,-0.04531335866872488
2024-11-07,325233139.00205827,0.020809230444073963,-0.025447064347383308
2024-11-08,333561543.9177673,0.02560749172505546,-0.0004912081120305167
2024-11-11,329988776.4868444,-0.010710969223129804,-0.011196916020190129
2024-11-12,339924916.848998,0.030110540327876002,0.0
2024-11-13,337426077.0125902,-0.0073511523061365325,-0.007351152306136477
2024-11-14,336885226.5750049,-0.001602870893600714,-0.00894224025167134
2024-11-15,344389192.42323416,0.022274547104720217,0.0
2024-11-18,342847931.040536,-0.0044753477072069624,-0.0044753477072069225
2024-11-19,335925879.66531605,-0.02018985896811938,-0.024574850036284568
2024-11-20,330660648.84879357,-0.015673787389552257,-0.0398634564512379
2024-11-21,341033565.3195354,0.03137027797790718,-0.009743706183366285
2024-11-22,342984311.32633346,0.0057200997355504124,-0.004079341418978588
2024-11-25,352741289.8203925,0.028447302607890187,0.0
2024-11-26,348586716.34002215,-0.01177796192355523,-0.01177796192355518
2024-11-27,350762241.95623076,0.0062409882942485355,-0.0056104797518017335
2024-11-28,356074732.1693336,0.015145558950343712,0.0
2024-11-29,359737353.6432072,0.010286103289496635,0.0
2024-12-02,362492017.82233655,0.007657431599003418,0.0
2024-12-03,369384236.34699994,0.019013435291812084,0.0
2024-12-04,379899672.52021414,0.028467474078498534,0.0
2024-12-05,367494934.28158236,-0.032652668943724185,-0.032652668943724206
2024-12-06,369384236.34699994,0.005141028866454972,-0.02767950839087574
2024-12-09,375646712.2388184,0.01695382551716551,-0.011194956429369962
2024-12-10,371156573.8821423,-0.011953088394985031,-0.02301423052057683
2024-12-11,369384236.34699994,-0.004775174844956816,-0.02767950839087574
2024-12-12,362296510.7137953,-0.019187948309051343,-0.04633634372370299
2024-12-13,366589405.8833394,0.011849120934359135,-0.03503626772978197
2024-12-16,361698530.21664345,-0.013341563035382389,-0.04791039219072302
2024-12-17,366965415.0465814,0.014561532298135893,-0.03404650861588865
2024-12-18,365901362.72255003,-0.0028995983828511078,-0.03684738579741542
2024-12-19,364201973.3836138,-0.004644391937465388,-0.04132064403336666
2024-12-20,368309037.2725972,0.011276885324993557,-0.030509726872692156
2024-12-23,367077892.6428013,-0.0033426945993852977,-0.033750436772831405
2024-12-24,367867815.8619342,0.002151922616330274,-0.031671142484703596
2024-12-25,363428707.900959,-0.012067127836595599,-0.043356090596205266
2024-12-26,358265567.7366773,-0.014206748261859314,-0.056946889793345945
2024-12-27,349809709.26992357,-0.02360220804966867,-0.07920502550233055
2024-12-30,352600763.31002676,0.007978778078882701,-0.07185820674466314
2024-12-31,352881257.9842028,0.0007955021751595312,-0.07111986792927205
2025-01-02,360887834.7215842,0.02268915267168942,-0.0500443647990203
2025-01-03,360125927.59034,-0.0021112020354800117,-0.05204991306967233
2025-01-06,367551064.8104609,0.020618168954964402,-0.0325049180164696
2025-01-07,374348797.0415658,0.018494660693229963,-0.014611424752815516
2025-01-08,366853852.231951,-0.020021287283000344,-0.03434017250322574
2025-01-09,366324336.3502063,-0.0014433973598017046,-0.03573400334870125
2025-01-10,362097102.1005555,-0.011539594370846269,-0.046861241815656984
2025-01-13,368805671.2223092,0.018526989260164536,-0.029202450279329106
2025-01-14,366797067.993402,-0.005446237370076718,-0.03448964417339673
2025-01-15,367316231.13954526,0.0014153961180316643,-0.0331230645638404
2025-01-16,379429343.6975621,0.032977340860864394,-0.0012380342934541488
2025-01-17,381925532.76390755,0.006578798155197852,0.0
2025-01-20,379433077.5770078,-0.006526023983949055,-0.006526023983949081
2025-01-21,384174244.3553916,0.012495396576018359,0.0
2025-01-22,392266922.8982613,0.021065125165921635,0.0
2025-01-23,396585724.7204921,0.011009854693639168,0.0
2025-01-24,399958593.84540486,0.008504766850319406,0.0
2025-02-03,383020572.6360394,-0.042349436841735935,-0.04234943684173598
2025-02-04,385846298.5251441,0.007377478106874002,-0.035284390778000274
2025-02-05,393260748.1966078,0.01921607049181154,-0.016746347626639402
2025-02-06,393112646.3583013,-0.00037659959450746857,-0.017116640553421214
2025-02-07,391591188.1014792,-0.003870285707968247,-0.02092067997208713
2025-02-10,378362813.5192293,-0.03378108339562994,-0.053995040132886696
2025-02-11,384420480.57977873,0.0160102072510928,-0.03884930466485248
2025-02-12,399971965.7976401,0.040454361834225835,0.0
2025-02-13,403675835.9025063,0.009260324276677244,0.0
2025-02-14,399803829.73798984,-0.009591870060440268,-0.009591870060440266
2025-02-17,402903172.45577604,0.007752158651950226,-0.0019140691069674531
2025-02-18,414078382.4106613,0.027736713728934145,0.0
2025-02-19,408139526.48414063,-0.01434234719510375,-0.014342347195103744
2025-02-20,404018856.44342506,-0.010096228797569537,-0.024293772373897293
2025-02-21,407756569.915246,0.009251334219209505,-0.015267187962364148
2025-02-24,412263316.7590339,0.01105254256166775,-0.004383386645447462
2025-02-25,420146142.4792139,0.01912085164925661,0.0
2025-02-26,422640253.47840154,0.005936293939223875,0.0
2025-02-27,415520380.69757426,-0.016846177623237524,-0.01684617762323748
2025-02-28,427957266.0838287,0.02993086732683347,0.0
2025-03-03,425897743.31715333,-0.004812449582926188,-0.004812449582926148
2025-03-04,431369863.8635391,0.0128484375234429,0.0
2025-03-05,432905023.3234012,0.003558800900258879,0.0
2025-03-06,443622401.4452842,0.024756880942627846,0.0
2025-03-07,443032279.3716018,-0.001330235064234358,-0.001330235064234353
2025-03-10,440078924.9821528,-0.006666228460007579,-0.007987595873398257
2025-03-11,445348352.5589298,0.011973823961214866,0.0
2025-03-12,445715688.76730084,0.0008248289373034925,0.0
2025-03-13,438594959.5483382,-0.0159759447522617,-0.015975944752261717
2025-03-14,441268579.8461213,0.006095875567143796,-0.009977456556395259
2025-03-17,445391704.9732114,0.009343799480416004,-0.0007268844293667476
2025-03-18,439969177.3091638,-0.012174738782738989,-0.012892773584052941
2025-03-19,433322534.1766402,-0.015107065393021927,-0.027805067003443207
2025-03-20,436637802.82075626,0.007650810614812391,-0.020366987690406346
2025-03-21,434643612.9207385,-0.004567148989700214,-0.024841117612853014
2025-03-24,441255941.3624296,0.015213218934145302,-0.01000581203952089
2025-03-25,447495496.6325432,0.014140444774178512,0.0
2025-03-26,446432152.33750194,-0.0023762122815604966,-0.002376212281560486
2025-03-27,439849788.9474041,-0.014744375725701767,-0.01708555224057895
2025-03-28,441837659.605576,0.004519430742320069,-0.012643338468304455
2025-03-31,443152419.1078284,0.002975661928469548,-0.009705298840763765
2025-04-01,444859658.3861925,0.003852487777909917,-0.005890200608018814
2025-04-02,446581750.37619936,0.0038710904833539166,-0.0020419116241836566
2025-04-03,423845989.3243404,-0.05091063625575029,-0.05284859285996879
2025-04-04,425128759.96896887,0.003026501788239993,-0.049982037432525495
2025-04-08,403812641.61067116,-0.050140381845381665,-0.09761630083563011
2025-04-09,392348834.8669938,-0.028388924868602814,-0.1232340038738593
2025-04-10,402815546.6606623,0.026677055883743667,-0.09984446839823602
2025-04-11,414028687.07612514,0.027836910735992433,-0.07478691921652791
2025-04-14,426244492.8044461,0.029504732666205093,-0.047488754608735584
2025-04-15,438818865.64744604,0.029500376087601088,-0.01938931464202398
2025-04-16,439246934.77525485,0.0009755030180327906,-0.018432725958942076
2025-04-17,452877804.6478079,0.031032361966344565,0.0
2025-04-18,467546061.01401484,0.03238899371015564,0.0
2025-04-21,454181473.6902256,-0.028584536237572178,-0.028584536237572178
2025-04-22,444736004.45753545,-0.020796685421678906,-0.0487867580511937
2025-04-23,449856171.4504274,0.011512823206516112,-0.03783560816494003
2025-04-24,458459100.0795476,0.019123731483737538,-0.019435434692272713
2025-04-25,470733620.9420238,0.0267734261580727,0.0
2025-04-28,481958461.153704,0.02384541853886965,0.0
2025-04-29,478464519.74352175,-0.007249465860228908,-0.007249465860228899
2025-05-05,478644322.66345817,0.00037579154256370126,-0.006876398605623613
2025-05-06,478547999.3845816,-0.0002012418706661843,-0.007076256656970981
2025-05-07,476709779.64434177,-0.003841244227546309,-0.010890319254481029
2025-05-08,489423057.394785,0.02666879995608271,0.0
2025-05-09,491939082.68883187,0.005140798448360329,0.0
2025-05-12,499423696.8221321,0.015214514147546428,0.0
2025-05-13,508097637.739259,0.017367900186394412,0.0
2025-05-14,516433426.01560795,0.016405878825649322,0.0
2025-05-15,517456600.8580539,0.0019812327996272003,0.0
2025-05-16,538145936.6095675,0.03998274583260944,0.0
2025-05-19,555301014.6921151,0.03187811505300615,0.0
2025-05-20,551537730.5227017,-0.0067770165547056845,-0.006777016554705639
2025-05-21,551740035.5070822,0.0003668017130736563,-0.006412700662913773
2025-05-22,535426152.2570203,-0.02956806140607232,-0.035791150942006356
2025-05-23,554631674.2639006,0.035869600179075915,-0.0012053650371691704
2025-05-26,573386706.3786938,0.033815292175090064,0.0
2025-05-27,590428741.3028368,0.029721712649695663,0.0
2025-05-28,573194329.2078352,-0.029189656413019835,-0.02918965641301985
2025-05-29,563443349.6999863,-0.017011646855133556,-0.04570473914143236
2025-05-30,544941752.128735,-0.03283665976553426,-0.07704060793810696
2025-06-02,554484922.4934155,0.017512275995372965,-0.0608774883317974
2025-06-03,555335960.1673208,0.0015348256361569124,-0.05943609902539704
2025-06-04,556087543.7146623,0.001353385340137196,-0.058163153630355735
2025-06-05,554666562.4414022,-0.0025553193725001786,-0.060569847569618585
2025-06-06,556889085.9440237,0.004006954183138325,-0.05680559399057139
2025-06-09,534822271.1986125,-0.039625152121636815,-0.09417981580897183
2025-06-10,555289016.4198458,0.038268311406262925,-0.0595156069222712
2025-06-11,566867773.734722,0.0208517672284043,-0.03990484527586724
2025-06-12,566345186.2856758,-0.0009218859728138474,-0.04078994353157395
2025-06-13,559970906.441197,-0.011255114369884328,-0.0515859624218693
2025-06-16,580089547.5084617,0.03592801132316925,-0.017511332140709546
2025-06-17,572422628.4014041,-0.013216785477324489,-0.030496674097708176
2025-06-18,566981503.2281573,-0.009505433404060576,-0.039712223397087576
2025-06-19,572649503.7341342,0.009996799672838837,-0.03011241886611249
2025-06-20,572594858.2015979,-9.5425792181667e-05,-0.030204971156869376
2025-06-23,585570147.2870231,0.02266050576524183,-0.00822892531466668
2025-06-24,583707156.0551894,-0.003181499672524345,-0.011384244663997234
2025-06-25,578531939.7183495,-0.008866117681021884,-0.02014942829211852
2025-06-26,582538924.164339,0.006926124853089764,-0.013362860895098416
2025-06-27,571117892.0134668,-0.01960561204945362,-0.03270648587797187
2025-06-30,579286004.94263,0.014301973451342364,-0.01887227971934302
2025-07-01,579705086.7528384,0.0007234454252866417,-0.018162487358484025
2025-07-02,593322174.7833735,0.02348968180840002,0.0
2025-07-03,581496571.9399619,-0.019931166145491164,-0.019931166145491175
2025-07-04,579771993.9896069,-0.0029657577251085004,-0.022837812860633244
2025-07-07,583615151.4437313,0.006628739390597995,-0.016360459379739622
2025-07-08,588031509.563916,0.007567243772303706,-0.008917019191789333
2025-07-09,587074223.4376891,-0.001627950391530592,-0.010530453118435368
2025-07-10,592866279.4715843,0.009865968905906174,-0.0007683773355607881
2025-07-11,591834848.6312776,-0.0017397360518227865,-0.002506776613631412
2025-07-14,611210108.3920462,0.03273761219971645,0.0
2025-07-15,635848198.5579908,0.04031034472051149,0.0
2025-07-16,675217793.5192688,0.06191665723133659,0.0
2025-07-17,710338717.2497584,0.052014215365145534,0.0
2025-07-18,729979997.2712852,0.027650583509755175,0.0
2025-07-21,699527280.6560042,-0.04171719325065797,-0.041717193250657925
2025-07-22,718545888.4890232,0.02718780004574476,-0.015663591913481767
2025-07-23,704301139.7562845,-0.01982441060611029,-0.035177481041932634
2025-07-24,710844586.729463,0.009290694851697659,-0.026213609432247043
2025-07-25,723513084.5783224,0.01782175469204336,-0.008859027257098195
2025-07-28,742943144.7930934,0.026855160782745555,0.0
2025-07-29,708227862.4453913,-0.04672670121664586,-0.046726701216645905
2025-07-30,716885758.0251167,0.01222473167015928,-0.03507319093069183
2025-07-31,732586390.5945888,0.02190116401910999,-0.013940170618828462
2025-08-01,716559172.5040884,-0.02187758098740026,-0.03551277439453715
2025-08-04,715514099.3550891,-0.001458460360429439,-0.03691944078122322
2025-08-05,712112215.9279472,-0.00475446036662046,-0.04149836912989158
2025-08-06,719424522.3560735,0.010268474918096628,-0.03165601917434713
2025-08-07,720910196.6260229,0.0020650870574774674,-0.029656304552357904
2025-08-08,756996728.82415,0.0500569035741454,0.0
2025-08-11,768292188.7365419,0.014921411787257316,0.0
2025-08-12,787115099.8969291,0.024499677904237963,0.0
2025-08-13,809008899.2192055,0.02781524496880227,0.0
2025-08-14,829047328.5588242,0.024769108669828312,0.0
2025-08-15,839389703.9446594,0.0124750120162788,0.0
2025-08-18,863436611.8963784,0.02864808543482498,0.0
2025-08-19,843277220.5980002,-0.02334785324206008,-0.023347853242060124
2025-08-20,831250735.4088917,-0.014261603296458132,-0.03727647871775608
2025-08-21,818005774.3097243,-0.015933773691823756,-0.05261629743366292
2025-08-22,812068279.5717416,-0.007258499786255318,-0.05949288183624246
2025-08-25,808085748.6258798,-0.004904182377326785,-0.06410530027089156
2025-08-26,820240101.6273415,0.015040919880259957,-0.050028583075906186
2025-08-27,827939952.3351935,0.009387313169126506,-0.04111090388352079
2025-08-28,826649567.7130725,-0.0015585485619838298,-0.042605379105375096
2025-08-29,829313409.3535645,0.0032224557352173847,-0.039520217318406936
2025-09-03,845853320.8511605,0.019944102327356075,-0.020364310249248563
2025-09-04,851299984.7621405,0.006439253445856484,-0.014056187758337058
2025-09-05,836971694.2634199,-0.016831071015141714,-0.030650678079116034
2025-09-08,815080098.3327279,-0.02615571838418949,-0.05600470595918372
2025-09-09,837921931.4627008,0.02802403490981638,-0.029550148884281535
2025-09-10,833190144.3391715,-0.005647050096026691,-0.03503032780921356
2025-09-11,842771861.9987891,0.011500037206053481,-0.023933140676306364
2025-09-12,846316270.6352195,0.004205656116738596,-0.019828139119045796
2025-09-15,852204795.6975769,0.006957830384068685,-0.01300826956379919
2025-09-16,838722246.6381521,-0.015820785247269754,-0.02862325377186148
2025-09-17,833660512.8355622,-0.006035053705656224,-0.03448556460377383
2025-09-18,837400239.090241,0.00448591026814818,-0.030154353483984653
2025-09-19,826798352.3705114,-0.012660477302045586,-0.04243306227818833
2025-09-22,813099756.1756399,-0.01656824321867156,-0.058298264200521865
2025-09-23,811728585.0024929,-0.0016863504911084645,-0.059886303385164985
2025-09-24,814475499.0392348,0.0033840301887772214,-0.0567049302549375
2025-09-25,814956261.778388,0.0005902728071260333,-0.05614812882617093
2025-09-26,808294147.777354,-0.008174811721178796,-0.0638639401656993
2025-09-29,820487146.5469174,0.015084853457236732,-0.0497424648870638
2025-09-30,817332943.0871127,-0.003844305755525213,-0.05339554539852964
2025-10-01,820790324.0452809,0.004230076601475948,-0.04939133604426715
2025-10-02,807069226.7495863,-0.016716933537995304,-0.06528259790025759
2025-10-03,796138205.7028365,-0.013544093473584337,-0.0779424977656824
2025-10-06,815350078.3134363,0.024131328546956717,-0.05569202524007988
2025-10-07,808071401.5659958,-0.008927057151323893,-0.06412191649921262
2025-10-08,824018567.8164915,0.019734847959711213,-0.04565250481249861
2025-10-09,830145036.3437619,0.007434867084979082,-0.038557058032896774
2025-10-10,849779719.0781661,0.023652111227312707,-0.015816902630776175
2025-10-13,874791284.1613765,0.029432998366144447,0.0
2025-10-14,870662966.2531171,-0.0047192032922653395,-0.004719203292265384
2025-10-15,863037325.3689178,-0.008758430276431849,-0.013436300755701569
2025-10-16,861721633.8079115,-0.0015244897553462085,-0.01494030700819593
2025-10-17,859245755.497761,-0.0028731764563107256,-0.01777055732616073
2025-10-20,825556908.4616964,-0.0392074640119097,-0.05628128285123335
2025-10-21,832708522.7056135,0.008662775601070417,-0.04810605937404355
2025-10-22,829776307.1817749,-0.0035212988025045853,-0.05145796236728106
2025-10-23,838442950.1452355,0.010444553415722108,-0.04155086438816824
2025-10-24,835197811.4653742,-0.0038704346900396533,-0.045260479171278845
2025-10-27,827701949.6807299,-0.008974953815423318,-0.05382922227647602
2025-10-28,836846901.0579959,0.011048604368750778,-0.04337535568813555
2025-10-29,823893893.9999425,-0.015478347403422712,-0.058182324267470276
2025-10-30,797827279.1621375,-0.031638315355456255,-0.08797984889963884
2025-10-31,771395925.7469076,-0.03312916730922964,-0.11819431707483163
2025-11-03,774649273.9701569,0.00421748172976056,-0.11447531771789576
2025-11-04,788852743.1777371,0.018335354701600602,-0.09823890857123119
2025-11-05,793963142.0729969,0.0064782672551451205,-0.09239705922066421
2025-11-06,795912066.1370044,0.0024546782598987914,-0.09016918601331303
2025-11-07,761120022.483505,-0.04371342656276608,-0.12994100848506174
2025-11-10,738743161.8326848,-0.029399910644585896,-0.1555206650911194
2025-11-11,737574843.4546698,-0.0015814946768732735,-0.1568562046640073
2025-11-12,752866401.4953443,0.02073221202752998,-0.13937596872940516
2025-11-13,752866401.4953443,0.0,-0.13937596872940516
2025-11-14,752566567.0239584,-0.0003982572084373867,-0.13971871845361317
2025-11-17,761561601.1655316,0.011952476413009228,-0.12943622672737654
2025-11-18,766059118.2363183,0.005905651051606976,-0.12429498086425816
2025-11-19,766808704.4147828,0.0009784965162873709,-0.12343810655373844
2025-11-20,777355626.1656919,0.013754306243769556,-0.11138160582966006
2025-11-21,775880446.2494965,-0.0018976898944846137,-0.11306792797633036
2025-11-24,787813688.4359565,0.015380258961472394,-0.09942668302737101
2025-11-25,781264887.744834,-0.008312626179577867,-0.1069128123586669
2025-11-26,796767831.034291,0.019843389268660493,-0.08919093564344671
2025-11-27,800392635.2258893,0.004549385718664002,-0.08504731389363329
2025-11-28,813857491.7612641,0.01682281413243472,-0.06965523491529402
2025-12-01,822658466.9586625,0.01081390204856662,-0.05959457775427124
2025-12-02,833354192.1449375,0.013001416281311368,-0.04736797538645221
2025-12-03,825073576.600462,-0.009936489937324735,-0.05683379391299792
2025-12-04,824885556.1670763,-0.00022788323213586393,-0.05704872567648245
2025-12-05,854586496.4853408,0.036006134543406544,-0.023096695225313213
2025-12-08,881069623.2765439,0.030989404700542563,0.0
2025-12-09,896430377.7814922,0.017434211893294447,0.0
2025-12-10,853431312.3211137,-0.04796698831959897,-0.047966988319599
2025-12-11,831016486.6077946,-0.026264358232130598,-0.07297152438718724
2025-12-12,805431013.4892159,-0.030788165494788883,-0.1015130305127363
2025-12-15,802209039.9494461,-0.00400030975441562,-0.10510725670099152
2025-12-16,813043727.4993193,0.013506065140522498,-0.09302077701621425
2025-12-17,804720030.4196243,-0.010237699152167625,-0.102306157438389
2025-12-18,803430442.5126789,-0.0016025298963578754,-0.10374473865887035
2025-12-19,826811762.0464987,0.02910185909896091,-0.0776620443266185
2025-12-22,861831359.4628342,0.04235498214207327,-0.03859643668511603
2025-12-23,889365017.136843,0.03194784846442582,-0.007881661331173073
2025-12-24,895016132.892432,0.006354101686821233,-0.0015776405219112277
2025-12-25,859463185.5278672,-0.0397232475013249,-0.04123821901831615
2025-12-26,849433272.9400332,-0.011669973486617469,-0.05242694358235456
2025-12-29,865077810.7645557,0.018417618337899674,-0.03497490468197728
2025-12-30,874972348.3202863,0.011437742862674734,-0.023937195785701526
2025-12-31,896658700.5832255,0.024785185845668415,0.0
2026-01-05,905945548.8944232,0.010357171915197154,0.0
2026-01-06,907670346.304858,0.0019038643244503944,0.0
2026-01-07,931385427.5249767,0.02612741654132833,0.0
2026-01-08,921925959.5845193,-0.01015634093137429,-0.010156340931374297
2026-01-09,923262314.2617522,0.0014495249464883606,-0.008721537854430972
2026-01-12,893939408.2332354,-0.03176010281754402,-0.04020464373299115
2026-01-13,910161161.0605623,0.01814636727939677,-0.022787844685110525
2026-01-14,883897988.3536793,-0.028855519033881734,-0.05098580863294
2026-01-15,856587656.9435824,-0.030897605572068616,-0.08030807480009505
2026-01-16,875373482.5890939,0.02193100203257867,-0.06013830931918973
2026-01-19,880621312.5672162,0.005994961102317969,-0.054503875041999494
2026-01-20,877572184.9431536,-0.003462473120453582,-0.05777762996015956
2026-01-21,895059049.3421485,0.019926411409823416,-0.03900251937520682
2026-01-22,919856305.4377867,0.027704603527402654,-0.012378465183664145
2026-01-23,927619082.1642927,0.008439118893479194,-0.004043809629588613
2026-01-26,892755836.7479959,-0.03758357938794766,-0.041475408177292894
2026-01-27,863391254.4751599,-0.03289206417266461,-0.07300326056260253
2026-01-28,830231795.4321296,-0.038406063150578595,-0.10860555587781573
2026-01-29,834268931.457437,0.0048626613043723736,-0.10427100660745026
2026-01-30,835491761.5988579,0.0014657505455520224,-0.1029580913467183
2026-02-02,837072453.0505157,0.0018919294292415831,-0.10126095136047408
2026-02-03,840648286.1678517,0.00427183227007978,-0.09742168889011504
2026-02-04,840478474.6326472,-0.00020200069160745734,-0.0976040103331891
2026-02-05,829116608.1574099,-0.013518331305514098,-0.10980289829027234
2026-02-06,811735431.5766721,-0.020963488621178323,-0.12846453510257017
2026-02-09,823635644.5592883,0.014660211344356178,-0.11568764099307205
2026-02-10,810107204.3029853,-0.016425272929441712,-0.1302127128446393
2026-02-11,850117449.6481025,0.04938882796325944,-0.0872549381546931
2026-02-12,844277853.0736383,-0.00686916446295914,-0.09352473409726225
2026-02-13,845192318.0071346,0.001083132679800943,-0.09254290111333174
2026-02-23,869570481.0936933,0.02884333253766383,-0.06636881424647989
2026-02-24,879535140.2698461,0.01145928868654773,-0.05567006496216642
2026-02-25,881321630.6291757,0.0020311756489700644,-0.05375196499352419
2026-02-26,872745417.0515184,-0.009731082591873596,-0.06295998277457027
2026-02-27,846146027.987854,-0.030477832989977496,-0.09151893192449256
2026-03-02,861961649.713585,0.018691362013884015,-0.07453818339833318
2026-03-03,862595375.0105723,0.0007352128684586734,-0.07385777196150056
2026-03-04,863200759.4250345,0.0007018173665199502,-0.07320778926199567
2026-03-05,843120929.7267543,-0.023262062132168533,-0.09476688725179294
2026-03-06,832581401.1574727,-0.012500613135884691,-0.10608285619205093
2026-03-09,775789702.6919491,-0.06821158674283445,-0.16705836298781374
2026-03-10,769814105.6155379,-0.007702599113749825,-0.17347417850286906
2026-03-11,792227142.0521786,0.02911486847687655,-0.1494099879172378
2026-03-12,788274181.5378602,-0.004989680742417825,-0.15365416052022007
2026-03-13,779711654.8465188,-0.010862371103714944,-0.1628474831107346
2026-03-16,759568309.4838401,-0.02583435201650761,-0.1844747759235572
2026-03-17,740324196.3946594,-0.02533559240018574,-0.20513659059282807
2026-03-18,756353426.7921594,0.02165163650676496,-0.18792649697981612
2026-03-19,755614529.8640869,-0.0009769201829446003,-0.18871982797495102
2026-03-20,751926376.6229374,-0.00488099830718292,-0.19267968512125644
2026-03-23,727023670.1518493,-0.03311854357727357,-0.2194169581503863
2026-03-24,752862945.0166862,0.035541174140093716,-0.19167412032920506
2026-03-25,777035689.2403454,0.03210776195542922,-0.16572058540232226
2026-03-26,757476616.4694135,-0.025171395653722686,-0.1867205626329166
2026-03-27,779505987.3638587,0.029082575508566494,-0.16306830198612388
2026-03-30,783613172.0189598,0.005268958445066958,-0.15865854364792942
2026-03-31,801448488.1526127,0.022760357751134632,-0.1395093111104957
2026-04-01,802715021.9694076,0.0015803059529306861,-0.13814947255240217
2026-04-02,823752779.2621827,0.02620825164223341,-0.11556187705106402
2026-04-03,816060337.906152,-0.009338288804221885,-0.12382101567262505
2026-04-06,804232379.0533371,-0.014493975878258089,-0.13652033273650266
2026-04-07,804106263.38153,-0.0001568149642961424,-0.1366557392696951
2026-04-08,838183808.0183501,0.042379404549733074,-0.10006772357851523
2026-04-09,838686634.05532,0.000599899487629916,-0.09952785466698832
2026-04-10,844776356.0206118,0.007261021838211456,-0.09298950675502426
2026-04-13,850288451.0462368,0.006524916312277211,-0.08707133919224352
2026-04-14,865823475.785805,0.018270299591218925,-0.07039185905387546
2026-04-15,875152945.3548934,0.010775255961524038,-0.060375093391264456
2026-04-16,891906672.901691,0.019143770966803426,-0.04238712938444278
2026-04-17,881937098.6303463,-0.011177822270249506,-0.05309115585588697
2026-04-20,905585317.1942182,0.02681395147182003,-0.027700788060769477
2026-04-21,891591419.1059382,-0.015452876523702221,-0.042725607726959436
2026-04-22,894422621.5188768,0.0031754482515967256,-0.03968583243171764
2026-04-23,881152926.1617832,-0.014836046224501171,-0.05393309781180411
2026-04-24,870529477.0386798,-0.012056305787212323,-0.06533916967974562
2026-04-28,892679088.5100269,0.025443838555237033,-0.04155781040917328
2026-04-29,881089648.6520724,-0.012982761674521207,-0.05400103693543723
2026-05-04,871524489.5443063,-0.010856056613988519,-0.06427085523524056
2026-05-05,884074006.2707255,0.014399499815525518,-0.05079682358781856
2026-05-06,880286099.1209788,-0.0042846041427290925,-0.054863783449765835
2026-05-07,885311153.688376,0.005708433397295438,-0.04946853630621706
2026-05-08,883876140.4941506,-0.0016209139444892016,-0.05100926601039402
2026-05-11,872084506.3793483,-0.01334082183529695,-0.06366958231589703
2026-05-12,871545587.4107299,-0.0006179664524208029,-0.06424820310240698
2026-05-13,856641902.0667031,-0.017100293500772672,-0.08024983347323122
2026-05-14,888970969.5099137,0.03773930199446778,-0.04553910417921547
2026-05-15,884519062.8346643,-0.005007932573662847,-0.05031897998968382
2026-05-18,880765619.9472663,-0.004243484448338683,-0.054348936628979994
2026-05-19,884807029.5099554,0.0045885187513688775,-0.05000979899245017
2026-05-20,904375403.210042,0.02211597901852612,-0.028999835639161753
2026-05-21,888202181.5782293,-0.017883305510528625,-0.04636452822920012
2026-05-22,874453454.7554094,-0.01547927612426047,-0.061126115018629745
2026-05-25,886457186.905364,0.01372712530858741,-0.04823807555053017
2026-05-26,869531106.1483378,-0.019094075841514027,-0.06641108991903366
2026-05-27,854923079.1941398,-0.016799890022227617,-0.08209528093436524
2026-05-28,873498720.093407,0.021727850553264753,-0.06215118437637068
2026-05-29,870881475.5402609,-0.0029962774906713663,-0.06496123967227663
