date,equity,portfolio_return,drawdown
2018-01-02,100000000.0,0.0,0.0
2018-01-03,100000000.0,0.0,0.0
2018-01-04,100000000.0,0.0,0.0
2018-01-05,100000000.0,0.0,0.0
2018-01-08,100000000.0,0.0,0.0
2018-01-09,100000000.0,0.0,0.0
2018-01-10,100000000.0,0.0,0.0
2018-01-11,100000000.0,0.0,0.0
2018-01-12,100000000.0,0.0,0.0
2018-01-15,100000000.0,0.0,0.0
2018-01-16,100000000.0,0.0,0.0
2018-01-17,100000000.0,0.0,0.0
2018-01-18,100000000.0,0.0,0.0
2018-01-19,100000000.0,0.0,0.0
2018-01-22,100000000.0,0.0,0.0
2018-01-23,100000000.0,0.0,0.0
2018-01-24,100000000.0,0.0,0.0
2018-01-25,100000000.0,0.0,0.0
2018-01-26,100000000.0,0.0,0.0
2018-01-29,100000000.0,0.0,0.0
2018-01-30,100000000.0,0.0,0.0
2018-01-31,100000000.0,0.0,0.0
2018-02-01,100000000.0,0.0,0.0
2018-02-02,100000000.0,0.0,0.0
2018-02-05,100000000.0,0.0,0.0
2018-02-06,100000000.0,0.0,0.0
2018-02-07,100000000.0,0.0,0.0
2018-02-08,100000000.0,0.0,0.0
2018-02-09,100000000.0,0.0,0.0
2018-02-12,100000000.0,0.0,0.0
2018-02-13,100000000.0,0.0,0.0
2018-02-21,100000000.0,0.0,0.0
2018-02-22,100000000.0,0.0,0.0
2018-02-23,100000000.0,0.0,0.0
2018-02-26,100000000.0,0.0,0.0
2018-02-27,100000000.0,0.0,0.0
2018-02-28,100000000.0,0.0,0.0
2018-03-01,100000000.0,0.0,0.0
2018-03-02,100000000.0,0.0,0.0
2018-03-05,100000000.0,0.0,0.0
2018-03-06,100000000.0,0.0,0.0
2018-03-07,100000000.0,0.0,0.0
2018-03-08,100000000.0,0.0,0.0
2018-03-09,100000000.0,0.0,0.0
2018-03-12,100000000.0,0.0,0.0
2018-03-13,100000000.0,0.0,0.0
2018-03-14,100000000.0,0.0,0.0
2018-03-15,100000000.0,0.0,0.0
2018-03-16,100000000.0,0.0,0.0
2018-03-19,100000000.0,0.0,0.0
2018-03-20,100000000.0,0.0,0.0
2018-03-21,100000000.0,0.0,0.0
2018-03-22,100000000.0,0.0,0.0
2018-03-23,100000000.0,0.0,0.0
2018-03-26,100000000.0,0.0,0.0
2018-03-27,100000000.0,0.0,0.0
2018-03-28,100000000.0,0.0,0.0
2018-03-29,100000000.0,0.0,0.0
2018-03-30,100000000.0,0.0,0.0
2018-04-02,100000000.0,0.0,0.0
2018-04-03,100000000.0,0.0,0.0
2018-04-04,100000000.0,0.0,0.0
2018-04-05,100000000.0,0.0,0.0
2018-04-06,100000000.0,0.0,0.0
2018-04-09,100000000.0,0.0,0.0
2018-04-10,100000000.0,0.0,0.0
2018-04-11,100000000.0,0.0,0.0
2018-04-12,100000000.0,0.0,0.0
2018-04-13,100000000.0,0.0,0.0
2018-04-16,100000000.0,0.0,0.0
2018-04-17,100000000.0,0.0,0.0
2018-04-18,100000000.0,0.0,0.0
2018-04-19,100000000.0,0.0,0.0
2018-04-20,100000000.0,0.0,0.0
2018-04-23,100000000.0,0.0,0.0
2018-04-24,100000000.0,0.0,0.0
2018-04-26,100000000.0,0.0,0.0
2018-04-27,100000000.0,0.0,0.0
2018-05-02,100000000.0,0.0,0.0
2018-05-03,100000000.0,0.0,0.0
2018-05-04,100000000.0,0.0,0.0
2018-05-07,100000000.0,0.0,0.0
2018-05-08,100000000.0,0.0,0.0
2018-05-09,100000000.0,0.0,0.0
2018-05-10,100000000.0,0.0,0.0
2018-05-11,100000000.0,0.0,0.0
2018-05-14,100000000.0,0.0,0.0
2018-05-15,100000000.0,0.0,0.0
2018-05-16,100000000.0,0.0,0.0
2018-05-17,100000000.0,0.0,0.0
2018-05-18,100000000.0,0.0,0.0
2018-05-21,100000000.0,0.0,0.0
2018-05-22,100000000.0,0.0,0.0
2018-05-23,100000000.0,0.0,0.0
2018-05-24,100000000.0,0.0,0.0
2018-05-25,100000000.0,0.0,0.0
2018-05-28,100000000.0,0.0,0.0
2018-05-29,100000000.0,0.0,0.0
2018-05-30,100000000.0,0.0,0.0
2018-05-31,100000000.0,0.0,0.0
2018-06-01,100000000.0,0.0,0.0
2018-06-04,100000000.0,0.0,0.0
2018-06-05,100000000.0,0.0,0.0
2018-06-06,100000000.0,0.0,0.0
2018-06-07,100000000.0,0.0,0.0
2018-06-08,100000000.0,0.0,0.0
2018-06-11,100000000.0,0.0,0.0
2018-06-12,100000000.0,0.0,0.0
2018-06-13,100000000.0,0.0,0.0
2018-06-14,100000000.0,0.0,0.0
2018-06-15,100000000.0,0.0,0.0
2018-06-18,100000000.0,0.0,0.0
2018-06-19,100000000.0,0.0,0.0
2018-06-20,100000000.0,0.0,0.0
2018-06-21,100000000.0,0.0,0.0
2018-06-22,100000000.0,0.0,0.0
2018-06-25,100000000.0,0.0,0.0
2018-06-26,100000000.0,0.0,0.0
2018-06-27,100000000.0,0.0,0.0
2018-06-28,100000000.0,0.0,0.0
2018-06-29,100000000.0,0.0,0.0
2018-07-02,100000000.0,0.0,0.0
2018-07-03,100000000.0,0.0,0.0
2018-07-04,100000000.0,0.0,0.0
2018-07-05,100000000.0,0.0,0.0
2018-07-06,100000000.0,0.0,0.0
2018-07-09,100000000.0,0.0,0.0
2018-07-10,100000000.0,0.0,0.0
2018-07-11,100000000.0,0.0,0.0
2018-07-12,100000000.0,0.0,0.0
2018-07-13,100000000.0,0.0,0.0
2018-07-16,100000000.0,0.0,0.0
2018-07-17,100000000.0,0.0,0.0
2018-07-18,100000000.0,0.0,0.0
2018-07-19,100000000.0,0.0,0.0
2018-07-20,100000000.0,0.0,0.0
2018-07-23,100000000.0,0.0,0.0
2018-07-24,100000000.0,0.0,0.0
2018-07-25,100000000.0,0.0,0.0
2018-07-26,100000000.0,0.0,0.0
2018-07-27,100000000.0,0.0,0.0
2018-07-30,100000000.0,0.0,0.0
2018-07-31,100000000.0,0.0,0.0
2018-08-01,100000000.0,0.0,0.0
2018-08-02,100000000.0,0.0,0.0
2018-08-03,100000000.0,0.0,0.0
2018-08-06,100000000.0,0.0,0.0
2018-08-07,100000000.0,0.0,0.0
2018-08-08,100000000.0,0.0,0.0
2018-08-09,100000000.0,0.0,0.0
2018-08-10,100000000.0,0.0,0.0
2018-08-13,100000000.0,0.0,0.0
2018-08-14,100000000.0,0.0,0.0
2018-08-15,100000000.0,0.0,0.0
2018-08-16,100000000.0,0.0,0.0
2018-08-17,100000000.0,0.0,0.0
2018-08-20,100000000.0,0.0,0.0
2018-08-21,100000000.0,0.0,0.0
2018-08-22,100000000.0,0.0,0.0
2018-08-23,100000000.0,0.0,0.0
2018-08-24,100000000.0,0.0,0.0
2018-08-27,100000000.0,0.0,0.0
2018-08-28,100000000.0,0.0,0.0
2018-08-29,100000000.0,0.0,0.0
2018-08-30,100000000.0,0.0,0.0
2018-08-31,100000000.0,0.0,0.0
2018-09-04,100000000.0,0.0,0.0
2018-09-05,100000000.0,0.0,0.0
2018-09-06,100000000.0,0.0,0.0
2018-09-07,100000000.0,0.0,0.0
2018-09-10,100000000.0,0.0,0.0
2018-09-11,100000000.0,0.0,0.0
2018-09-12,100000000.0,0.0,0.0
2018-09-13,100000000.0,0.0,0.0
2018-09-14,100000000.0,0.0,0.0
2018-09-17,100000000.0,0.0,0.0
2018-09-18,100000000.0,0.0,0.0
2018-09-19,100000000.0,0.0,0.0
2018-09-20,100000000.0,0.0,0.0
2018-09-21,100000000.0,0.0,0.0
2018-09-24,100000000.0,0.0,0.0
2018-09-25,100000000.0,0.0,0.0
2018-09-26,100000000.0,0.0,0.0
2018-09-27,100000000.0,0.0,0.0
2018-09-28,100000000.0,0.0,0.0
2018-10-01,100000000.0,0.0,0.0
2018-10-02,100000000.0,0.0,0.0
2018-10-03,100000000.0,0.0,0.0
2018-10-04,100000000.0,0.0,0.0
2018-10-05,100000000.0,0.0,0.0
2018-10-08,100000000.0,0.0,0.0
2018-10-09,100000000.0,0.0,0.0
2018-10-10,100000000.0,0.0,0.0
2018-10-11,100000000.0,0.0,0.0
2018-10-12,100000000.0,0.0,0.0
2018-10-15,100000000.0,0.0,0.0
2018-10-16,100000000.0,0.0,0.0
2018-10-17,100000000.0,0.0,0.0
2018-10-18,100000000.0,0.0,0.0
2018-10-19,100000000.0,0.0,0.0
2018-10-22,100000000.0,0.0,0.0
2018-10-23,100000000.0,0.0,0.0
2018-10-24,100000000.0,0.0,0.0
2018-10-25,100000000.0,0.0,0.0
2018-10-26,100000000.0,0.0,0.0
2018-10-29,100000000.0,0.0,0.0
2018-10-30,100000000.0,0.0,0.0
2018-10-31,100000000.0,0.0,0.0
2018-11-01,100000000.0,0.0,0.0
2018-11-02,100000000.0,0.0,0.0
2018-11-05,100000000.0,0.0,0.0
2018-11-06,100000000.0,0.0,0.0
2018-11-07,100000000.0,0.0,0.0
2018-11-08,100000000.0,0.0,0.0
2018-11-09,100000000.0,0.0,0.0
2018-11-12,100000000.0,0.0,0.0
2018-11-13,100000000.0,0.0,0.0
2018-11-14,100000000.0,0.0,0.0
2018-11-15,100000000.0,0.0,0.0
2018-11-16,100000000.0,0.0,0.0
2018-11-19,100000000.0,0.0,0.0
2018-11-20,100000000.0,0.0,0.0
2018-11-21,100000000.0,0.0,0.0
2018-11-22,100000000.0,0.0,0.0
2018-11-23,100000000.0,0.0,0.0
2018-11-26,100000000.0,0.0,0.0
2018-11-27,100000000.0,0.0,0.0
2018-11-28,100000000.0,0.0,0.0
2018-11-29,100000000.0,0.0,0.0
2018-11-30,100000000.0,0.0,0.0
2018-12-03,100000000.0,0.0,0.0
2018-12-04,100000000.0,0.0,0.0
2018-12-05,100000000.0,0.0,0.0
2018-12-06,100000000.0,0.0,0.0
2018-12-07,100000000.0,0.0,0.0
2018-12-10,100000000.0,0.0,0.0
2018-12-11,100000000.0,0.0,0.0
2018-12-12,100000000.0,0.0,0.0
2018-12-13,100000000.0,0.0,0.0
2018-12-14,100000000.0,0.0,0.0
2018-12-17,100000000.0,0.0,0.0
2018-12-18,100000000.0,0.0,0.0
2018-12-19,100000000.0,0.0,0.0
2018-12-20,100000000.0,0.0,0.0
2018-12-21,100000000.0,0.0,0.0
2018-12-24,100000000.0,0.0,0.0
2018-12-25,100000000.0,0.0,0.0
2018-12-26,100000000.0,0.0,0.0
2018-12-27,100000000.0,0.0,0.0
2018-12-28,100000000.0,0.0,0.0
2019-01-02,100000000.0,0.0,0.0
2019-01-03,100000000.0,0.0,0.0
2019-01-04,100000000.0,0.0,0.0
2019-01-07,100000000.0,0.0,0.0
2019-01-08,100000000.0,0.0,0.0
2019-01-09,100000000.0,0.0,0.0
2019-01-10,100000000.0,0.0,0.0
2019-01-11,100000000.0,0.0,0.0
2019-01-14,100000000.0,0.0,0.0
2019-01-15,100000000.0,0.0,0.0
2019-01-16,100000000.0,0.0,0.0
2019-01-17,100000000.0,0.0,0.0
2019-01-18,100000000.0,0.0,0.0
2019-01-21,100000000.0,0.0,0.0
2019-01-22,100000000.0,0.0,0.0
2019-01-23,100000000.0,0.0,0.0
2019-01-24,100000000.0,0.0,0.0
2019-01-25,100000000.0,0.0,0.0
2019-01-28,100000000.0,0.0,0.0
2019-01-29,100000000.0,0.0,0.0
2019-01-30,100000000.0,0.0,0.0
2019-01-31,100000000.0,0.0,0.0
2019-02-01,100000000.0,0.0,0.0
2019-02-11,100000000.0,0.0,0.0
2019-02-12,100000000.0,0.0,0.0
2019-02-13,100000000.0,0.0,0.0
2019-02-14,100000000.0,0.0,0.0
2019-02-15,100000000.0,0.0,0.0
2019-02-18,100000000.0,0.0,0.0
2019-02-19,100000000.0,0.0,0.0
2019-02-20,100000000.0,0.0,0.0
2019-02-21,100000000.0,0.0,0.0
2019-02-22,100000000.0,0.0,0.0
2019-02-25,100000000.0,0.0,0.0
2019-02-26,100000000.0,0.0,0.0
2019-02-27,100000000.0,0.0,0.0
2019-02-28,100000000.0,0.0,0.0
2019-03-01,100000000.0,0.0,0.0
2019-03-04,100000000.0,0.0,0.0
2019-03-05,100000000.0,0.0,0.0
2019-03-06,100000000.0,0.0,0.0
2019-03-07,100000000.0,0.0,0.0
2019-03-08,100000000.0,0.0,0.0
2019-03-11,100000000.0,0.0,0.0
2019-03-12,100000000.0,0.0,0.0
2019-03-13,100000000.0,0.0,0.0
2019-03-14,100000000.0,0.0,0.0
2019-03-15,100000000.0,0.0,0.0
2019-03-18,100000000.0,0.0,0.0
2019-03-19,100000000.0,0.0,0.0
2019-03-20,100000000.0,0.0,0.0
2019-03-21,100000000.0,0.0,0.0
2019-03-22,100000000.0,0.0,0.0
2019-03-25,100000000.0,0.0,0.0
2019-03-26,100000000.0,0.0,0.0
2019-03-27,100000000.0,0.0,0.0
2019-03-28,100000000.0,0.0,0.0
2019-03-29,100000000.0,0.0,0.0
2019-04-01,100000000.0,0.0,0.0
2019-04-02,100000000.0,0.0,0.0
2019-04-03,100000000.0,0.0,0.0
2019-04-04,100000000.0,0.0,0.0
2019-04-05,100000000.0,0.0,0.0
2019-04-08,100000000.0,0.0,0.0
2019-04-09,100000000.0,0.0,0.0
2019-04-10,100000000.0,0.0,0.0
2019-04-11,100000000.0,0.0,0.0
2019-04-12,100000000.0,0.0,0.0
2019-04-16,100000000.0,0.0,0.0
2019-04-17,100000000.0,0.0,0.0
2019-04-18,100000000.0,0.0,0.0
2019-04-19,100000000.0,0.0,0.0
2019-04-22,100000000.0,0.0,0.0
2019-04-23,100000000.0,0.0,0.0
2019-04-24,100000000.0,0.0,0.0
2019-04-25,100000000.0,0.0,0.0
2019-04-26,100000000.0,0.0,0.0
2019-05-02,100000000.0,0.0,0.0
2019-05-03,100000000.0,0.0,0.0
2019-05-06,100000000.0,0.0,0.0
2019-05-07,100000000.0,0.0,0.0
2019-05-08,100000000.0,0.0,0.0
2019-05-09,100000000.0,0.0,0.0
2019-05-10,100000000.0,0.0,0.0
2019-05-13,100000000.0,0.0,0.0
2019-05-14,100000000.0,0.0,0.0
2019-05-15,100000000.0,0.0,0.0
2019-05-16,100000000.0,0.0,0.0
2019-05-17,100000000.0,0.0,0.0
2019-05-20,100000000.0,0.0,0.0
2019-05-21,100000000.0,0.0,0.0
2019-05-22,100000000.0,0.0,0.0
2019-05-23,100000000.0,0.0,0.0
2019-05-24,100000000.0,0.0,0.0
2019-05-27,100000000.0,0.0,0.0
2019-05-28,100000000.0,0.0,0.0
2019-05-29,100000000.0,0.0,0.0
2019-05-30,100000000.0,0.0,0.0
2019-05-31,100000000.0,0.0,0.0
2019-06-03,100000000.0,0.0,0.0
2019-06-04,100000000.0,0.0,0.0
2019-06-05,100000000.0,0.0,0.0
2019-06-06,100000000.0,0.0,0.0
2019-06-07,100000000.0,0.0,0.0
2019-06-10,100000000.0,0.0,0.0
2019-06-11,100000000.0,0.0,0.0
2019-06-12,100000000.0,0.0,0.0
2019-06-13,100000000.0,0.0,0.0
2019-06-14,100000000.0,0.0,0.0
2019-06-17,100000000.0,0.0,0.0
2019-06-18,100000000.0,0.0,0.0
2019-06-19,100000000.0,0.0,0.0
2019-06-20,100000000.0,0.0,0.0
2019-06-21,100000000.0,0.0,0.0
2019-06-24,100000000.0,0.0,0.0
2019-06-25,100000000.0,0.0,0.0
2019-06-26,100000000.0,0.0,0.0
2019-06-27,100000000.0,0.0,0.0
2019-06-28,100000000.0,0.0,0.0
2019-07-01,100000000.0,0.0,0.0
2019-07-02,100000000.0,0.0,0.0
2019-07-03,100000000.0,0.0,0.0
2019-07-04,100000000.0,0.0,0.0
2019-07-05,100000000.0,0.0,0.0
2019-07-08,100000000.0,0.0,0.0
2019-07-09,100000000.0,0.0,0.0
2019-07-10,100000000.0,0.0,0.0
2019-07-11,100000000.0,0.0,0.0
2019-07-12,100000000.0,0.0,0.0
2019-07-15,100000000.0,0.0,0.0
2019-07-16,100000000.0,0.0,0.0
2019-07-17,100000000.0,0.0,0.0
2019-07-18,100000000.0,0.0,0.0
2019-07-19,100000000.0,0.0,0.0
2019-07-22,100000000.0,0.0,0.0
2019-07-23,100000000.0,0.0,0.0
2019-07-24,100000000.0,0.0,0.0
2019-07-25,100000000.0,0.0,0.0
2019-07-26,100000000.0,0.0,0.0
2019-07-29,100000000.0,0.0,0.0
2019-07-30,100000000.0,0.0,0.0
2019-07-31,100000000.0,0.0,0.0
2019-08-01,100000000.0,0.0,0.0
2019-08-02,100000000.0,0.0,0.0
2019-08-05,100000000.0,0.0,0.0
2019-08-06,100000000.0,0.0,0.0
2019-08-07,100000000.0,0.0,0.0
2019-08-08,100000000.0,0.0,0.0
2019-08-09,100000000.0,0.0,0.0
2019-08-12,100000000.0,0.0,0.0
2019-08-13,100000000.0,0.0,0.0
2019-08-14,100000000.0,0.0,0.0
2019-08-15,100000000.0,0.0,0.0
2019-08-16,100000000.0,0.0,0.0
2019-08-19,100000000.0,0.0,0.0
2019-08-20,100000000.0,0.0,0.0
2019-08-21,100000000.0,0.0,0.0
2019-08-22,100000000.0,0.0,0.0
2019-08-23,100000000.0,0.0,0.0
2019-08-26,100000000.0,0.0,0.0
2019-08-27,100000000.0,0.0,0.0
2019-08-28,100000000.0,0.0,0.0
2019-08-29,100000000.0,0.0,0.0
2019-08-30,100000000.0,0.0,0.0
2019-09-03,100000000.0,0.0,0.0
2019-09-04,100000000.0,0.0,0.0
2019-09-05,100000000.0,0.0,0.0
2019-09-06,100000000.0,0.0,0.0
2019-09-09,100000000.0,0.0,0.0
2019-09-10,100000000.0,0.0,0.0
2019-09-11,100000000.0,0.0,0.0
2019-09-12,100000000.0,0.0,0.0
2019-09-13,100000000.0,0.0,0.0
2019-09-16,100000000.0,0.0,0.0
2019-09-17,100000000.0,0.0,0.0
2019-09-18,100000000.0,0.0,0.0
2019-09-19,100000000.0,0.0,0.0
2019-09-20,100000000.0,0.0,0.0
2019-09-23,100000000.0,0.0,0.0
2019-09-24,100000000.0,0.0,0.0
2019-09-25,100000000.0,0.0,0.0
2019-09-26,100000000.0,0.0,0.0
2019-09-27,100000000.0,0.0,0.0
2019-09-30,100000000.0,0.0,0.0
2019-10-01,100000000.0,0.0,0.0
2019-10-02,100000000.0,0.0,0.0
2019-10-03,100000000.0,0.0,0.0
2019-10-04,100000000.0,0.0,0.0
2019-10-07,100000000.0,0.0,0.0
2019-10-08,100000000.0,0.0,0.0
2019-10-09,100000000.0,0.0,0.0
2019-10-10,100000000.0,0.0,0.0
2019-10-11,100000000.0,0.0,0.0
2019-10-14,100000000.0,0.0,0.0
2019-10-15,100000000.0,0.0,0.0
2019-10-16,100000000.0,0.0,0.0
2019-10-17,100000000.0,0.0,0.0
2019-10-18,100000000.0,0.0,0.0
2019-10-21,100000000.0,0.0,0.0
2019-10-22,100000000.0,0.0,0.0
2019-10-23,100000000.0,0.0,0.0
2019-10-24,100000000.0,0.0,0.0
2019-10-25,100000000.0,0.0,0.0
2019-10-28,100000000.0,0.0,0.0
2019-10-29,100000000.0,0.0,0.0
2019-10-30,100000000.0,0.0,0.0
2019-10-31,100000000.0,0.0,0.0
2019-11-01,100000000.0,0.0,0.0
2019-11-04,100000000.0,0.0,0.0
2019-11-05,100000000.0,0.0,0.0
2019-11-06,100000000.0,0.0,0.0
2019-11-07,100000000.0,0.0,0.0
2019-11-08,100000000.0,0.0,0.0
2019-11-11,100000000.0,0.0,0.0
2019-11-12,100000000.0,0.0,0.0
2019-11-13,100000000.0,0.0,0.0
2019-11-14,100000000.0,0.0,0.0
2019-11-15,100000000.0,0.0,0.0
2019-11-18,100000000.0,0.0,0.0
2019-11-19,100000000.0,0.0,0.0
2019-11-20,100000000.0,0.0,0.0
2019-11-21,100000000.0,0.0,0.0
2019-11-22,100000000.0,0.0,0.0
2019-11-25,100000000.0,0.0,0.0
2019-11-26,100000000.0,0.0,0.0
2019-11-27,100000000.0,0.0,0.0
2019-11-28,100000000.0,0.0,0.0
2019-11-29,100000000.0,0.0,0.0
2019-12-02,100000000.0,0.0,0.0
2019-12-03,100000000.0,0.0,0.0
2019-12-04,100000000.0,0.0,0.0
2019-12-05,100000000.0,0.0,0.0
2019-12-06,100000000.0,0.0,0.0
2019-12-09,100000000.0,0.0,0.0
2019-12-10,100000000.0,0.0,0.0
2019-12-11,100000000.0,0.0,0.0
2019-12-12,100000000.0,0.0,0.0
2019-12-13,100000000.0,0.0,0.0
2019-12-16,100000000.0,0.0,0.0
2019-12-17,100000000.0,0.0,0.0
2019-12-18,100000000.0,0.0,0.0
2019-12-19,100000000.0,0.0,0.0
2019-12-20,100000000.0,0.0,0.0
2019-12-23,100000000.0,0.0,0.0
2019-12-24,100000000.0,0.0,0.0
2019-12-25,100000000.0,0.0,0.0
2019-12-26,100000000.0,0.0,0.0
2019-12-27,100000000.0,0.0,0.0
2019-12-30,100000000.0,0.0,0.0
2019-12-31,100000000.0,0.0,0.0
2020-01-02,100000000.0,0.0,0.0
2020-01-03,100000000.0,0.0,0.0
2020-01-06,100000000.0,0.0,0.0
2020-01-07,100000000.0,0.0,0.0
2020-01-08,100000000.0,0.0,0.0
2020-01-09,100000000.0,0.0,0.0
2020-01-10,100000000.0,0.0,0.0
2020-01-13,100000000.0,0.0,0.0
2020-01-14,100000000.0,0.0,0.0
2020-01-15,100000000.0,0.0,0.0
2020-01-16,100000000.0,0.0,0.0
2020-01-17,100000000.0,0.0,0.0
2020-01-20,100000000.0,0.0,0.0
2020-01-21,100000000.0,0.0,0.0
2020-01-22,100000000.0,0.0,0.0
2020-01-30,100000000.0,0.0,0.0
2020-01-31,100000000.0,0.0,0.0
2020-02-03,100000000.0,0.0,0.0
2020-02-04,100000000.0,0.0,0.0
2020-02-05,100000000.0,0.0,0.0
2020-02-06,100000000.0,0.0,0.0
2020-02-07,100000000.0,0.0,0.0
2020-02-10,100000000.0,0.0,0.0
2020-02-11,100000000.0,0.0,0.0
2020-02-12,100000000.0,0.0,0.0
2020-02-13,100000000.0,0.0,0.0
2020-02-14,100000000.0,0.0,0.0
2020-02-17,100000000.0,0.0,0.0
2020-02-18,100000000.0,0.0,0.0
2020-02-19,100000000.0,0.0,0.0
2020-02-20,100000000.0,0.0,0.0
2020-02-21,100000000.0,0.0,0.0
2020-02-24,100000000.0,0.0,0.0
2020-02-25,100000000.0,0.0,0.0
2020-02-26,100000000.0,0.0,0.0
2020-02-27,100000000.0,0.0,0.0
2020-02-28,100000000.0,0.0,0.0
2020-03-02,100000000.0,0.0,0.0
2020-03-03,100000000.0,0.0,0.0
2020-03-04,100000000.0,0.0,0.0
2020-03-05,100000000.0,0.0,0.0
2020-03-06,100000000.0,0.0,0.0
2020-03-09,100000000.0,0.0,0.0
2020-03-10,100000000.0,0.0,0.0
2020-03-11,100000000.0,0.0,0.0
2020-03-12,100000000.0,0.0,0.0
2020-03-13,100000000.0,0.0,0.0
2020-03-16,100000000.0,0.0,0.0
2020-03-17,100000000.0,0.0,0.0
2020-03-18,100000000.0,0.0,0.0
2020-03-19,100000000.0,0.0,0.0
2020-03-20,100000000.0,0.0,0.0
2020-03-23,100000000.0,0.0,0.0
2020-03-24,100000000.0,0.0,0.0
2020-03-25,100000000.0,0.0,0.0
2020-03-26,100000000.0,0.0,0.0
2020-03-27,100000000.0,0.0,0.0
2020-03-30,100000000.0,0.0,0.0
2020-03-31,100000000.0,0.0,0.0
2020-04-01,100000000.0,0.0,0.0
2020-04-03,100000000.0,0.0,0.0
2020-04-06,100000000.0,0.0,0.0
2020-04-07,100000000.0,0.0,0.0
2020-04-08,100000000.0,0.0,0.0
2020-04-09,100000000.0,0.0,0.0
2020-04-10,100000000.0,0.0,0.0
2020-04-13,100000000.0,0.0,0.0
2020-04-14,100000000.0,0.0,0.0
2020-04-15,100000000.0,0.0,0.0
2020-04-16,100000000.0,0.0,0.0
2020-04-17,100000000.0,0.0,0.0
2020-04-20,100000000.0,0.0,0.0
2020-04-21,100000000.0,0.0,0.0
2020-04-22,100000000.0,0.0,0.0
2020-04-23,100000000.0,0.0,0.0
2020-04-24,100000000.0,0.0,0.0
2020-04-27,100000000.0,0.0,0.0
2020-04-28,100000000.0,0.0,0.0
2020-04-29,100000000.0,0.0,0.0
2020-05-04,100000000.0,0.0,0.0
2020-05-05,100000000.0,0.0,0.0
2020-05-06,100000000.0,0.0,0.0
2020-05-07,100000000.0,0.0,0.0
2020-05-08,100000000.0,0.0,0.0
2020-05-11,100000000.0,0.0,0.0
2020-05-12,100000000.0,0.0,0.0
2020-05-13,100000000.0,0.0,0.0
2020-05-14,100000000.0,0.0,0.0
2020-05-15,100000000.0,0.0,0.0
2020-05-18,100000000.0,0.0,0.0
2020-05-19,100000000.0,0.0,0.0
2020-05-20,100000000.0,0.0,0.0
2020-05-21,100000000.0,0.0,0.0
2020-05-22,100000000.0,0.0,0.0
2020-05-25,100000000.0,0.0,0.0
2020-05-26,100000000.0,0.0,0.0
2020-05-27,100000000.0,0.0,0.0
2020-05-28,100000000.0,0.0,0.0
2020-05-29,100000000.0,0.0,0.0
2020-06-01,100000000.0,0.0,0.0
2020-06-02,100000000.0,0.0,0.0
2020-06-03,100000000.0,0.0,0.0
2020-06-04,100000000.0,0.0,0.0
2020-06-05,100000000.0,0.0,0.0
2020-06-08,100000000.0,0.0,0.0
2020-06-09,100000000.0,0.0,0.0
2020-06-10,100000000.0,0.0,0.0
2020-06-11,100000000.0,0.0,0.0
2020-06-12,100000000.0,0.0,0.0
2020-06-15,100000000.0,0.0,0.0
2020-06-16,100000000.0,0.0,0.0
2020-06-17,100000000.0,0.0,0.0
2020-06-18,100000000.0,0.0,0.0
2020-06-19,100000000.0,0.0,0.0
2020-06-22,100000000.0,0.0,0.0
2020-06-23,100000000.0,0.0,0.0
2020-06-24,100000000.0,0.0,0.0
2020-06-25,100000000.0,0.0,0.0
2020-06-26,100000000.0,0.0,0.0
2020-06-29,100000000.0,0.0,0.0
2020-06-30,100000000.0,0.0,0.0
2020-07-01,100000000.0,0.0,0.0
2020-07-02,100000000.0,0.0,0.0
2020-07-03,100000000.0,0.0,0.0
2020-07-06,100000000.0,0.0,0.0
2020-07-07,100000000.0,0.0,0.0
2020-07-08,100000000.0,0.0,0.0
2020-07-09,100000000.0,0.0,0.0
2020-07-10,100000000.0,0.0,0.0
2020-07-13,100000000.0,0.0,0.0
2020-07-14,100000000.0,0.0,0.0
2020-07-15,100000000.0,0.0,0.0
2020-07-16,100000000.0,0.0,0.0
2020-07-17,100000000.0,0.0,0.0
2020-07-20,100000000.0,0.0,0.0
2020-07-21,100000000.0,0.0,0.0
2020-07-22,100000000.0,0.0,0.0
2020-07-23,100000000.0,0.0,0.0
2020-07-24,100000000.0,0.0,0.0
2020-07-27,100000000.0,0.0,0.0
2020-07-28,100000000.0,0.0,0.0
2020-07-29,100000000.0,0.0,0.0
2020-07-30,100000000.0,0.0,0.0
2020-07-31,100000000.0,0.0,0.0
2020-08-03,100000000.0,0.0,0.0
2020-08-04,100000000.0,0.0,0.0
2020-08-05,100000000.0,0.0,0.0
2020-08-06,100000000.0,0.0,0.0
2020-08-07,100000000.0,0.0,0.0
2020-08-10,100000000.0,0.0,0.0
2020-08-11,100000000.0,0.0,0.0
2020-08-12,100000000.0,0.0,0.0
2020-08-13,100000000.0,0.0,0.0
2020-08-14,100000000.0,0.0,0.0
2020-08-17,100000000.0,0.0,0.0
2020-08-18,100000000.0,0.0,0.0
2020-08-19,100000000.0,0.0,0.0
2020-08-20,100000000.0,0.0,0.0
2020-08-21,100000000.0,0.0,0.0
2020-08-24,100000000.0,0.0,0.0
2020-08-25,100000000.0,0.0,0.0
2020-08-26,100000000.0,0.0,0.0
2020-08-27,100000000.0,0.0,0.0
2020-08-28,100000000.0,0.0,0.0
2020-08-31,100000000.0,0.0,0.0
2020-09-01,100000000.0,0.0,0.0
2020-09-03,100000000.0,0.0,0.0
2020-09-04,100000000.0,0.0,0.0
2020-09-07,100000000.0,0.0,0.0
2020-09-08,100000000.0,0.0,0.0
2020-09-09,100000000.0,0.0,0.0
2020-09-10,100000000.0,0.0,0.0
2020-09-11,100000000.0,0.0,0.0
2020-09-14,100000000.0,0.0,0.0
2020-09-15,100000000.0,0.0,0.0
2020-09-16,100000000.0,0.0,0.0
2020-09-17,100000000.0,0.0,0.0
2020-09-18,100000000.0,0.0,0.0
2020-09-21,100000000.0,0.0,0.0
2020-09-22,100000000.0,0.0,0.0
2020-09-23,100000000.0,0.0,0.0
2020-09-24,100000000.0,0.0,0.0
2020-09-25,100000000.0,0.0,0.0
2020-09-28,100000000.0,0.0,0.0
2020-09-29,100000000.0,0.0,0.0
2020-09-30,100000000.0,0.0,0.0
2020-10-01,100000000.0,0.0,0.0
2020-10-02,100000000.0,0.0,0.0
2020-10-05,100000000.0,0.0,0.0
2020-10-06,100000000.0,0.0,0.0
2020-10-07,100000000.0,0.0,0.0
2020-10-08,100000000.0,0.0,0.0
2020-10-09,100000000.0,0.0,0.0
2020-10-12,100000000.0,0.0,0.0
2020-10-13,100000000.0,0.0,0.0
2020-10-14,100000000.0,0.0,0.0
2020-10-15,100000000.0,0.0,0.0
2020-10-16,100000000.0,0.0,0.0
2020-10-19,100000000.0,0.0,0.0
2020-10-20,100000000.0,0.0,0.0
2020-10-21,100000000.0,0.0,0.0
2020-10-22,100000000.0,0.0,0.0
2020-10-23,100000000.0,0.0,0.0
2020-10-26,100000000.0,0.0,0.0
2020-10-27,100000000.0,0.0,0.0
2020-10-28,100000000.0,0.0,0.0
2020-10-29,100000000.0,0.0,0.0
2020-10-30,100000000.0,0.0,0.0
2020-11-02,100000000.0,0.0,0.0
2020-11-03,100000000.0,0.0,0.0
2020-11-04,100000000.0,0.0,0.0
2020-11-05,100000000.0,0.0,0.0
2020-11-06,100000000.0,0.0,0.0
2020-11-09,100000000.0,0.0,0.0
2020-11-10,100000000.0,0.0,0.0
2020-11-11,100000000.0,0.0,0.0
2020-11-12,100000000.0,0.0,0.0
2020-11-13,100000000.0,0.0,0.0
2020-11-16,100000000.0,0.0,0.0
2020-11-17,100000000.0,0.0,0.0
2020-11-18,100000000.0,0.0,0.0
2020-11-19,100000000.0,0.0,0.0
2020-11-20,100000000.0,0.0,0.0
2020-11-23,100000000.0,0.0,0.0
2020-11-24,100000000.0,0.0,0.0
2020-11-25,100000000.0,0.0,0.0
2020-11-26,100000000.0,0.0,0.0
2020-11-27,100000000.0,0.0,0.0
2020-11-30,100000000.0,0.0,0.0
2020-12-01,100000000.0,0.0,0.0
2020-12-02,100000000.0,0.0,0.0
2020-12-03,100000000.0,0.0,0.0
2020-12-04,100000000.0,0.0,0.0
2020-12-07,100000000.0,0.0,0.0
2020-12-08,100000000.0,0.0,0.0
2020-12-09,100000000.0,0.0,0.0
2020-12-10,100000000.0,0.0,0.0
2020-12-11,100000000.0,0.0,0.0
2020-12-14,100000000.0,0.0,0.0
2020-12-15,100000000.0,0.0,0.0
2020-12-16,100000000.0,0.0,0.0
2020-12-17,100000000.0,0.0,0.0
2020-12-18,100000000.0,0.0,0.0
2020-12-21,100000000.0,0.0,0.0
2020-12-22,100000000.0,0.0,0.0
2020-12-23,100000000.0,0.0,0.0
2020-12-24,100000000.0,0.0,0.0
2020-12-25,100000000.0,0.0,0.0
2020-12-28,100000000.0,0.0,0.0
2020-12-29,100000000.0,0.0,0.0
2020-12-30,100000000.0,0.0,0.0
2020-12-31,100000000.0,0.0,0.0
2021-01-04,100000000.0,0.0,0.0
2021-01-05,99840255.59105432,-0.0015974440894567967,-0.0015974440894568342
2021-01-06,99722052.28136164,-0.001183924349881891,-0.0027794771863836054
2021-01-07,101221350.68239099,0.015034772818344533,0.0
2021-01-08,102198802.80323032,0.009656580496602387,0.0
2021-01-11,101854544.7052264,-0.00336851399978462,-0.0033685139997846614
2021-01-12,103599048.77324921,0.017127405292238156,0.0
2021-01-13,105074850.64440411,0.014245322603154809,0.0
2021-01-14,107377135.81503841,0.021910905954325145,0.0
2021-01-15,109283325.78332484,0.017752289198418522,0.0
2021-01-18,108670190.56297795,-0.005610510258102331,-0.00561051025810233
2021-01-19,101238046.97895148,-0.06839174152105033,-0.0736185392117793
2021-01-20,100378091.76155144,-0.008494387664144079,-0.08148758246459054
2021-01-21,102838784.63365889,0.024514242390190403,-0.05897094642272771
2021-01-22,101736275.35809499,-0.010720753648454215,-0.06905948708216769
2021-01-25,102013078.82452673,0.002720794185332952,-0.06652658954773005
2021-01-26,99080952.29365492,-0.028742653046629207,-0.09335709191261332
2021-01-27,93416964.44143455,-0.05716525448235008,-0.14518556447804665
2021-01-28,89113590.29634783,-0.04606630252671735,-0.18456370486900608
2021-01-29,90893718.8625275,0.01997594935026014,-0.16827459073910556
2021-02-01,86806432.44035228,-0.044967754354479195,-0.20567541463312822
2021-02-02,88547133.80631804,0.02005267716953885,-0.18974708015493846
2021-02-03,90884481.08856434,0.026396645286778514,-0.16835912123721186
2021-02-04,91337608.18667492,0.00498574776114997,-0.16421276958783948
2021-02-05,92638324.85460141,0.014240756833352786,-0.15231052687511848
2021-02-08,89557512.40767242,-0.03325634883580223,-0.1805015836977969
2021-02-09,90261360.68764381,0.007859176310831653,-0.17406100115763057
2021-02-17,92783954.11519246,0.027947655656092647,-0.15097794242504614
2021-02-18,94192395.75712933,0.01517979757780392,-0.13808995945196778
2021-02-19,96556979.20790747,0.025103761633530473,-0.11645277524450337
2021-02-22,96640849.1434306,0.0008686056275906049,-0.1156853211528387
2021-02-23,95683418.78102309,-0.009907097991104563,-0.12444631333114964
2021-02-24,95285334.62008579,-0.00416042994709807,-0.12808899310945887
2021-02-25,95700792.33999118,0.004360143368986128,-0.12428733611441911
2021-02-26,96693679.83964695,0.010374914098186241,-0.11520189245191237
2021-03-01,99708509.4951745,0.031179180071822934,-0.08761461292946238
2021-03-02,99967184.43218201,0.002594311541885354,-0.08524760098913775
2021-03-03,98727806.27753976,-0.01239784997128784,-0.09658856399295002
2021-03-04,96638754.14817663,-0.021159713844856154,-0.11570449146302975
2021-03-05,98652316.32303251,0.020835969923292723,-0.0972793368438506
2021-03-08,98523285.65299691,-0.0013079335067318198,-0.09846003544641169
2021-03-09,99535504.30980504,0.010273902764197278,-0.08919770151255035
2021-03-10,99712162.07828121,0.0017748216548571915,-0.08758118986990104
2021-03-11,99623833.19404313,-0.0008858386218597354,-0.08838944569122564
2021-03-12,99093859.88861461,-0.005319744165999516,-0.09323898061917335
2021-03-15,98828873.23590036,-0.00267409759809647,-0.09566374808314704
2021-03-16,98740544.35166226,-0.0008937558564211975,-0.09647200390447175
2021-03-17,100683779.80490014,0.01968021815149293,-0.07869037583533056
2021-03-18,100683779.80490014,0.0,-0.07869037583533056
2021-03-19,100209558.9874917,-0.004710002130704303,-0.08302974612818448
2021-03-22,99988873.78354841,-0.0022022370537607954,-0.08504913199845743
2021-03-23,98726844.51460648,-0.012621697006748223,-0.09659736463043422
2021-03-24,96687368.05866645,-0.020657770092492787,-0.11525964857285076
2021-03-25,95961859.95272695,-0.007503649344341393,-0.12189842993074951
2021-03-26,95805837.26764065,-0.0016258822532530678,-0.12332611969007878
2021-03-29,98960260.51956895,0.032925167629569235,-0.09446148522440967
2021-03-30,102225030.05507931,0.03299071282118106,-0.0645871241349294
2021-03-31,102996860.02521564,0.0075503031862202835,-0.05752447331785382
2021-04-01,103241684.88146873,0.0023770128156639886,-0.055284196912480654
2021-04-02,103363458.6737071,0.0011795021785839458,-0.054169902564596306
2021-04-05,103830182.44026121,0.004515365222321447,-0.04989913423641157
2021-04-06,102913155.42651525,-0.008831988851349422,-0.05829041449049299
2021-04-07,103708408.64802286,0.0077274204469948106,-0.051013428584295806
2021-04-08,103953233.50427595,0.00236070401083871,-0.04877315217892275
2021-04-09,105725123.3638723,0.017045067285217954,-0.03255942655430666
2021-04-12,107280441.33622976,0.01471095916345769,-0.018327447785274953
2021-04-13,105769803.52304178,-0.014081204312475299,-0.03215057956095957
2021-04-14,107003596.05314073,0.011664884390469395,-0.02086072796415539
2021-04-15,106182042.9346308,-0.007677808492547568,-0.028378371782379008
2021-04-16,107164446.23057109,0.009252066251400862,-0.019388864106815618
2021-04-19,108780589.52390616,0.015080965284492123,-0.004600301608824187
2021-04-20,108517072.79092611,-0.002422460975192003,-0.00701161853289467
2021-04-22,104971722.00633666,-0.03267090323584462,-0.03945344585812438
2021-04-23,110119390.51709598,0.049038621186461843,0.0
2021-04-26,111347249.19465677,0.011150249486444141,0.0
2021-04-27,111041537.4422845,-0.002745570766978139,-0.0027455707669781226
2021-04-28,110836059.05134577,-0.0018504642107061019,-0.0045909543972419975
2021-04-29,112991076.32216674,0.01944328668184282,0.0
2021-05-04,112991076.32216674,0.0,0.0
2021-05-05,112580119.54028925,-0.003637072902162149,-0.0036370729021621973
2021-05-06,111552727.58559552,-0.00912587372343356,-0.01272975515756769
2021-05-07,113136183.2172585,0.014194683231281624,0.0
2021-05-10,116116646.48336057,0.0263440323099694,0.0
2021-05-11,114320697.78647539,-0.015466763390747264,-0.015466763390747262
2021-05-12,115807439.4796953,0.013005008909207364,-0.002662899877233116
2021-05-13,116525635.05364752,0.006201635898168142,0.0
2021-05-14,116831330.87163417,0.0026234211711947523,0.0
2021-05-17,116423858.71812592,-0.0034876958985937336,-0.003487695898593768
2021-05-18,117810382.98429795,0.011909279433255504,0.0
2021-05-19,118877568.13254681,0.009058498251305263,0.0
2021-05-20,121457395.70707464,0.021701550721927275,0.0
2021-05-21,121342762.70788383,-0.0009438124251179725,-0.0009438124251179847
2021-05-24,120064659.00303206,-0.010533003174887626,-0.011466874420735351
2021-05-25,122376948.28079292,0.01925870024502772,0.0
2021-05-26,124682964.03276986,0.018843546798419934,0.0
2021-05-27,125583860.37617806,0.007225496685909862,0.0
2021-05-28,131191309.83586642,0.04465103591250998,0.0
2021-05-31,136466059.13558704,0.04020654497862594,0.0
2021-06-01,136780475.6627351,0.0023039906709380145,0.0
2021-06-02,143382274.23501652,0.048265650051983515,0.0
2021-06-03,151845180.5614226,0.05902337908613858,0.0
2021-06-04,151777898.12026656,-0.00044309895715665087,-0.00044309895715666237
2021-06-07,145653466.80915743,-0.040351272398410847,-0.04077649174884779
2021-06-08,137883349.42400533,-0.053346601048177615,-0.0919478055595554
2021-06-09,145154239.82533383,0.052732185805624554,-0.04406422852111669
2021-06-10,147007907.47216812,0.012770330712108919,-0.03185661257979644
2021-06-11,150053819.0975167,0.020719372703983472,-0.01179728890494014
2021-06-14,152219600.47393158,0.014433363905302546,0.0
2021-06-15,153545043.23521554,0.00870743818244979,0.0
2021-06-16,154975230.66622165,0.009314448717274453,0.0
2021-06-17,157889404.63578296,0.018804127324305902,0.0
2021-06-18,158538808.90662012,0.004113032615045921,0.0
2021-06-21,156132561.02228528,-0.015177658397522845,-0.01517765839752283
2021-06-22,154411123.20665166,-0.011025488881770911,-0.026035806175380594
2021-06-23,152825419.0438515,-0.010269364860962651,-0.03603779984327893
2021-06-24,148436093.509037,-0.028721174542011497,-0.06372392644588154
2021-06-25,151369774.20167947,0.019763930882914765,-0.04521943084083113
2021-06-28,152478663.79465032,0.007325700251712107,-0.03822499458501194
2021-06-29,152140132.57948428,-0.00222018744617245,-0.04036031537807672
2021-06-30,151641910.12439114,-0.0032747602269431004,-0.04350290524947287
2021-07-01,155907253.26575506,0.028127732879815865,-0.01659881046801004
2021-07-02,154404985.5768019,-0.009635649769240938,-0.026074519912995253
2021-07-05,151937872.56943417,-0.015978195251607173,-0.04163609139434066
2021-07-06,144965483.70463055,-0.04588973602758125,-0.08561515817861542
2021-07-07,148136908.9154116,0.021877105706368465,-0.06561106433778796
2021-07-08,147617386.98846948,-0.003507039067750259,-0.06888800283962893
2021-07-09,143805026.2132445,-0.02582596029506179,-0.09293486430854836
2021-07-12,137886607.86099905,-0.041155851836980936,-0.13026590263955673
2021-07-13,142451843.15872818,0.033108619963522955,-0.10147020694073217
2021-07-14,140120554.99467564,-0.016365447524991927,-0.11617504911868548
2021-07-15,140981576.22401413,0.006144860255308113,-0.1107440683053652
2021-07-16,141538684.20087364,0.003951636744182002,-0.1072300518906989
2021-07-19,138733833.8823482,-0.01981684607541463,-0.12492193653313688
2021-07-20,140386066.4970631,0.011909370399985122,-0.11450030774640829
2021-07-21,140716064.78655547,0.002350648449141299,-0.11241880926809722
2021-07-22,142407950.1136176,0.012023398533980172,-0.10174706688066293
2021-07-23,142709797.2320029,0.002119594574210862,-0.09984313483735419
2021-07-26,143196207.43346223,0.0034083868864907903,-0.09677505198234915
2021-07-27,141111618.71125245,-0.014557569362850686,-0.1099238118133733
2021-07-28,136455375.9824101,-0.03299687702094974,-0.13929354633424318
2021-07-29,142557916.96957424,0.044721880272059,-0.1008011353640147
2021-07-30,142698416.36171022,0.0009855600805808923,-0.09991492085852582
2021-08-02,142758036.3574809,0.0004178041865550125,-0.09953886154420477
2021-08-03,147633990.5310217,0.03415537435196227,-0.06878327427085296
2021-08-04,146313852.14989713,-0.008941967743174907,-0.077110184194228
2021-08-05,147343852.45889613,0.007039663667277221,-0.07061335028899995
2021-08-06,145088474.83737427,-0.015306900042884607,-0.08483937883731762
2021-08-09,150532031.2156198,0.037518875185276204,-0.050503581717435075
2021-08-10,150289974.62832537,-0.0016080071818582674,-0.052030378777182196
2021-08-11,146427370.11866647,-0.025701012454166134,-0.07639415781840098
2021-08-12,145818516.29081017,-0.004158060254465268,-0.08023456656156813
2021-08-13,152259383.58048993,0.04417043495926508,-0.03960812730609564
2021-08-16,157114265.6580667,0.03188560181586632,-0.008985454466183596
2021-08-17,156309128.36612093,-0.005124533336126232,-0.014063941541357705
2021-08-18,156866273.4119737,0.0035643794554837925,-0.010549691310167031
2021-08-19,157046759.78094512,0.0011505747223139603,-0.0094112547960028
2021-08-20,152426135.56702122,-0.0294219646452364,-0.03855632183536384
2021-08-23,149667890.15225288,-0.018095619917855542,-0.05595424120785608
2021-08-24,147953289.2612601,-0.01145603702469899,-0.06676926437358899
2021-08-25,150133475.04492408,0.014735635784441092,-0.05301751615055217
2021-08-26,150608219.87576053,0.0031621517499304426,-0.050023013832094176
2021-08-27,151226167.83609334,0.004103016162348692,-0.046125242903987895
2021-08-30,151914487.05771077,0.004551588071473623,-0.04178359793790998
2021-08-31,152497209.65344092,0.003835859285156822,-0.03810801465487046
2021-09-01,152317287.8009116,-0.0011798370143178381,-0.03924289042295637
2021-09-06,153835999.3432008,0.009970710247114236,-0.02966345966550865
2021-09-07,151294709.0274608,-0.01651947740834375,-0.04569291222205474
2021-09-08,151498708.06465828,0.0013483553952996713,-0.0444061671114766
2021-09-09,151741483.86253506,0.0016024941795091793,-0.04287483355629784
2021-09-10,151257836.38777262,-0.003187312147287181,-0.04592549022577819
2021-09-13,153718744.83342907,0.016269626119386853,-0.030403054661714335
2021-09-14,157174261.22507358,0.022479473114283718,-0.008607026197290701
2021-09-15,157586404.1715987,0.0026222038094070497,-0.006007391764765835
2021-09-16,154371785.4682266,-0.020399086585360715,-0.026283933045364916
2021-09-17,158553594.12258917,0.02708920313176837,0.0
2021-09-20,160216694.96400973,0.010489203039665555,0.0
2021-09-21,164235148.8453333,0.025081367969962562,0.0
2021-09-22,164543860.49695724,0.001879692951200479,0.0
2021-09-23,162605599.78931317,-0.011779599079480195,-0.01177959907948023
2021-09-24,161981958.8091824,-0.0038352982980832686,-0.015569719101261814
2021-09-27,159619779.65932584,-0.01458297681558016,-0.029925643064163232
2021-09-28,161828673.18580467,0.01383846996401847,-0.016501298212842075
2021-09-29,161678319.20117778,-0.0009290936004539771,-0.017415060562727347
2021-09-30,163607805.66418555,0.011934107631381922,-0.005688786138507984
2021-10-01,164917906.97472546,0.00800757216455161,0.0
2021-10-04,164720510.27443555,-0.001196939155431782,-0.001196939155431731
2021-10-05,168381497.31711808,0.02222544743567802,0.0
2021-10-06,172287970.70638666,0.023200134524943645,0.0
2021-10-07,175250241.86120406,0.0171937201574317,0.0
2021-10-08,171422830.84507975,-0.021839690350644814,-0.021839690350644814
2021-10-11,173544512.1106628,0.012376888510845263,-0.009733109252380912
2021-10-12,177113136.14117247,0.020563162655550315,0.0
2021-10-13,182637058.5254604,0.031188665644116553,0.0
2021-10-14,184713969.3938663,0.011371793244887253,0.0
2021-10-15,186633413.3854576,0.01039143925004647,0.0
2021-10-18,182449112.59021926,-0.0224198910545371,-0.022419891054537122
2021-10-19,188235718.35920626,0.03171627248187125,0.0
2021-10-20,191621634.98165947,0.017987641516536937,0.0
2021-10-21,193733557.34678376,0.01102131481826894,0.0
2021-10-22,192187799.96146116,-0.007978779755515919,-0.007978779755515975
2021-10-25,187527889.08167893,-0.024246652913018765,-0.03203197396513324
2021-10-26,190075779.1541167,0.013586726139321144,-0.0188804574837782
2021-10-27,189537887.96852803,-0.0028298775782080393,-0.02165690567868661
2021-10-28,195732187.65061554,0.03268106312926758,0.0
2021-10-29,195403778.4919757,-0.0016778495278766453,-0.0016778495278766403
2021-11-01,197549708.16393173,0.010982027515113561,0.0
2021-11-02,196638130.37207437,-0.004614422366551469,-0.004614422366551518
2021-11-03,190599582.66370893,-0.030708935733570253,-0.035181654100219784
2021-11-04,192235894.94428933,0.008585077982397719,-0.0268986133618222
2021-11-05,199572993.90739426,0.03816716417727944,0.0
2021-11-08,207646727.44533074,0.040455040433390745,0.0
2021-11-09,211478594.13799596,0.018453778394721263,0.0
2021-11-10,216444241.95224375,0.023480616723825756,0.0
2021-11-11,216547761.9334414,0.00047827551458031327,0.0
2021-11-12,222449429.28073692,0.027253421114134962,0.0
2021-11-15,228556916.04916483,0.02745561896101834,0.0
2021-11-16,227210082.66933572,-0.005892770182195631,-0.005892770182195584
2021-11-17,237674930.09211138,0.04605802392143574,0.0
2021-11-18,244875988.57884318,0.030297930387277336,0.0
2021-11-19,241714593.6213802,-0.01291018762521539,-0.012910187625215341
2021-11-22,238410366.38462842,-0.013669953424192126,-0.02640365938587319
2021-11-23,232592692.62112606,-0.024401932901343234,-0.050161291962532495
2021-11-24,233205099.30115205,0.0026329575238356853,-0.047660406989774806
2021-11-25,236988437.9934445,0.016223224550535213,-0.03221038792400466
2021-11-26,233076804.17445868,-0.01650558926884873,-0.04818432575958953
2021-11-29,238413253.11988539,0.022895667221489592,-0.026391870825983266
2021-11-30,235623817.1448809,-0.011700003831589994,-0.03778308966778643
2021-12-01,235145633.36232305,-0.002029437381806859,-0.03973584863502133
2021-12-02,232360822.3478868,-0.011842920383493926,-0.05110818052676014
2021-12-03,224995019.30318314,-0.03169984927009641,-0.0811879081776894
2021-12-06,224338027.473881,-0.0029200283247907315,-0.08387086551097078
2021-12-07,230406128.81901836,0.027048919942223564,-0.05909056189543849
2021-12-08,228189056.14021844,-0.009622455314725656,-0.06814442091880324
2021-12-09,232860237.2338984,0.020470662233729564,-0.04906872010881558
2021-12-10,235431483.4589718,0.011042014968363566,-0.038568522682371986
2021-12-13,242137416.23673397,0.028483585454410158,-0.011183507039635554
2021-12-14,246488608.61910486,0.01796992984395603,0.0
2021-12-15,247232009.16703963,0.003015963099063682,0.0
2021-12-16,253713772.1919452,0.02621732940950308,0.0
2021-12-17,246850728.98910403,-0.02705033764445779,-0.027050337644457745
2021-12-20,250742085.9809997,0.015764008507616924,-0.011712750889601997
2021-12-21,257343876.9728483,0.02632901040932094,0.0
2021-12-22,264091128.15446728,0.026218813756081222,0.0
2021-12-23,261019374.2382445,-0.011631416540528797,-0.011631416540528794
2021-12-24,251517017.387904,-0.036404795153892576,-0.047612772357913835
2021-12-27,258846675.82210767,0.029141799271973173,-0.01985849494077707
2021-12-28,249835956.81011757,-0.03481102851088076,-0.053978228818091334
2021-12-29,255708671.2359599,0.02350628188522017,-0.03174077439513412
2021-12-30,255335935.5737944,-0.00145765749891815,-0.03315216471623372
2021-12-31,246919509.4578582,-0.03296216843517417,-0.06502156591404074
2022-01-04,248873690.6276517,0.007914243690521372,-0.0576219187413024
2022-01-05,250094801.77141845,0.004906549746930488,-0.05299809380518972
2022-01-06,253192916.57192218,0.01238776167501212,-0.04126685988546619
2022-01-07,250696088.285201,-0.009861367057683538,-0.05072127929050119
2022-01-10,244849368.1051306,-0.023321944191721723,-0.0728603046372771
2022-01-11,246125085.24808508,0.0052102121105197866,-0.06802971016835457
2022-01-12,238649105.1064558,-0.030374718343291845,-0.09633804522630696
2022-01-13,231601300.63375932,-0.029532080036724303,-0.12302506240082633
2022-01-14,233129197.9321341,0.006597101545603576,-0.1172395696845352
2022-01-17,225907832.16547018,-0.03097581011180809,-0.14458378914820502
2022-01-18,218196051.7915027,-0.03413684377405224,-0.17378499869984454
2022-01-19,222621302.29370433,0.020281075050937063,-0.157028470250266
2022-01-20,224815958.27590835,0.009858247883702567,-0.14871824795108923
2022-01-21,222674167.65168774,-0.009526862063733344,-0.1568282917802324
2022-01-24,210237294.307523,-0.05585234010448299,-0.20392140479420073
2022-01-25,216693127.34742165,0.030707363606265848,-0.17947592991205097
2022-01-26,214806089.43526348,-0.00870834223151293,-0.18662133432357075
2022-01-27,219374707.53838328,0.021268568852637875,-0.16932193416936492
2022-01-28,221041039.26198494,0.007595824251116627,-0.16301224957205784
2022-02-07,225970144.13974702,0.022299501007683672,-0.1443478403879711
2022-02-08,227275989.08870637,0.005778838412174376,-0.13940316482054516
2022-02-09,228872430.51926515,0.007024241482612912,-0.13335812483107223
2022-02-10,227423126.54774404,-0.006332365887114199,-0.13884601827773657
2022-02-11,227198345.51197,-0.0009883824885629341,-0.13969716779322716
2022-02-14,224987836.94552037,-0.00972942193513104,-0.14806741703975512
2022-02-15,225634801.01122874,0.002875551294201864,-0.14561764119825105
2022-02-16,220668790.10614777,-0.022009064571709574,-0.16442179770204823
2022-02-17,223035422.68133017,0.01072481783239031,-0.1554603736976865
2022-02-18,228739421.98193422,0.025574409804642727,-0.1338617711983714
2022-02-21,232956498.52778026,0.01843615984208926,-0.11789350836684043
2022-02-22,238513015.36995032,0.02385216500628095,-0.09685335877529477
2022-02-23,243858395.86868107,0.022411273826879807,-0.07661269209298105
2022-02-24,255288192.06754535,0.04687062816987971,-0.033332948927285
2022-02-25,255518057.3054952,0.0009004146885455217,-0.032462547715566115
2022-02-28,251770308.98651922,-0.01466725427743531,-0.04665366555116379
2022-03-01,254751839.84566247,0.011842265560006521,-0.035363885087961955
2022-03-02,257610145.95096982,0.011219962560580532,-0.02454070399406505
2022-03-03,258662837.9026485,0.004086376131625845,-0.0205546104094938
2022-03-04,260841554.54014993,0.008422998275157755,-0.012304743582361777
2022-03-07,256687591.9748464,-0.01592523312716317,-0.028034020799405868
2022-03-08,245647542.81050435,-0.04300967210531896,-0.06983795886234867
2022-03-09,249891817.92136016,0.01727790582513543,-0.053766706713456625
2022-03-10,248944111.8663448,-0.0037924653271904814,-0.057355263669679024
2022-03-11,249811144.48321652,0.003482840426999994,-0.05407218247368906
2022-03-14,240187717.76407832,-0.03852280785569497,-0.090511978033612
2022-03-15,245847970.135184,0.023565952596566117,-0.06907902642080743
2022-03-16,249533109.49279118,0.014989504918754646,-0.05512498190837034
2022-03-17,247384919.16598597,-0.008608838847765265,-0.06325925867040039
2022-03-18,250530129.54325676,0.012713832305842662,-0.05134969397108513
2022-03-21,254179567.88243204,0.014566864056744793,-0.03753083392577261
2022-03-22,252106900.70023048,-0.008154342221402523,-0.04537913688348971
2022-03-23,254850399.58082008,0.01088228395561366,-0.034990681581102856
2022-03-24,256800460.9160279,0.007651788415538276,-0.027606634457538637
2022-03-25,256273282.8181697,-0.0020528705282603617,-0.02960283213953674
2022-03-28,260135589.88227755,0.015071048459031948,-0.014977929398204304
2022-03-29,259938164.42778504,-0.0007589328879675896,-0.01572549504295795
2022-03-30,259775101.44007924,-0.000627314530995307,-0.01634294474240572
2022-03-31,258458716.0199892,-0.005067404122999417,-0.02132753255983555
2022-04-01,256372870.68511167,-0.008070323055834579,-0.0292257355379284
2022-04-04,255898388.43671024,-0.0018507506162156017,-0.031022396606087854
2022-04-05,257055745.66753635,0.004522721842432985,-0.026639980434389754
2022-04-06,256008354.48175737,-0.004074568273348853,-0.030606002288658063
2022-04-07,251490324.0825514,-0.017647980310454784,-0.047713848473340814
2022-04-08,249812983.462084,-0.006669603001970006,-0.05406521904829753
2022-04-12,237272384.93330753,-0.050199946996269104,-0.10155109491400038
2022-04-13,244766320.76418442,0.031583683170644916,-0.0731747693507514
2022-04-14,249387672.8987012,0.01888067002064852,-0.05567568800405143
2022-04-15,246967408.6019209,-0.009704827302203407,-0.06484019236924421
2022-04-18,236611554.49954462,-0.04193206772100266,-0.10405337675277693
2022-04-19,231180339.0985373,-0.022954142761518342,-0.12461906344949392
2022-04-20,226751748.24291426,-0.01915643377326916,-0.141388240386906
2022-04-21,222518316.94292992,-0.018669894864268708,-0.1574184316681072
2022-04-22,215852720.7926097,-0.029955269489251896,-0.18265818961416558
2022-04-25,208742853.17739564,-0.032938512839248285,-0.20958021332961385
2022-04-26,213727666.24916068,0.023880161624162524,-0.190704861072989
2022-04-27,214294244.2727269,0.0026509344040921107,-0.18855947274614282
2022-04-28,212327007.89822358,-0.009180070986879434,-0.19600855438796416
2022-04-29,210508006.1174902,-0.008566982593214395,-0.20289633510761573
2022-05-04,217586049.44569296,0.033623630087742634,-0.1760948163376902
2022-05-05,216372495.1112096,-0.005577353592176161,-0.18069002687340174
2022-05-06,207786231.3367106,-0.03968278763937113,-0.21320253054780347
2022-05-09,198565904.8031459,-0.04437409771691507,-0.24811595834069666
2022-05-10,198393214.31087223,-0.0008696885421737447,-0.24876986327677109
2022-05-11,203465422.9130553,0.025566441976363048,-0.2295635815753414
2022-05-12,196465146.18280405,-0.0344052401141525,-0.2560706315439294
2022-05-13,188145403.93113425,-0.042347166473632736,-0.2875739323545631
2022-05-16,189887605.36543596,0.009259867091621285,-0.28097696165555996
2022-05-17,197489409.00940585,0.04003317451573699,-0.25219218688068157
2022-05-18,199620897.30675715,0.010792924582855905,-0.24412115355121433
2022-05-19,197732746.70736247,-0.00945868205618353,-0.2512707712327682
2022-05-20,196863179.9572498,-0.0043976871033891566,-0.25456344810604836
2022-05-23,193514942.6349765,-0.017007940860248105,-0.2672417888957279
2022-05-24,193871552.98957646,0.0018428052621890802,-0.2658914582083928
2022-05-25,201144348.31811014,0.03751347330943752,-0.2383524970196632
2022-05-26,203168225.28936267,0.01006181375800709,-0.23068894169542387
2022-05-27,207098119.68963355,0.019343056202187722,-0.2158081146576739
2022-05-30,207226469.02392742,0.0006197513260198699,-0.215322110696879
2022-05-31,207868215.69539684,0.003096837361038666,-0.21289209089290417
2022-06-01,208253263.69827852,0.0018523659405722348,-0.21143407901051914
2022-06-02,206199674.34957635,-0.009861018801018378,-0.21921014238323877
2022-06-03,204146085.00087416,-0.009959226924969252,-0.22698620575595851
2022-06-06,202349194.32075977,-0.008801984520578458,-0.23379026120708823
2022-06-07,201322399.64640868,-0.005074369966225032,-0.2376782928934481
2022-06-08,203928329.17687324,0.012944061540302856,-0.2278107538031522
2022-06-09,208508332.6745481,0.022458887964028167,-0.21046824203578973
2022-06-10,206322781.57113078,-0.010481840583458323,-0.21874398805834827
2022-06-13,193880354.96350718,-0.060305636211743396,-0.26585812890273897
2022-06-14,190184302.58796138,-0.0190635733890702,-0.2798534963403909
2022-06-15,183585719.00321263,-0.03469573195556905,-0.30483950640010493
2022-06-16,187841495.77555263,0.02318141517459496,-0.2887247023849894
2022-06-17,180944011.595258,-0.03671970430078066,-0.3148425209898623
2022-06-20,168108456.7853315,-0.07093661015230245,-0.36344526997133886
2022-06-21,164311183.48870918,-0.022588234817188815,-0.37782391768721846
2022-06-22,171989735.3766725,0.04673176666937564,-0.34874853018131124
2022-06-23,176954541.35505733,0.028866873755642827,-0.32994893621887833
2022-06-24,177817829.73329705,0.004878588430841922,-0.3266800328510424
2022-06-27,179230875.80348164,0.007946593838784157,-0.32132943254856616
2022-06-28,184806631.0771215,0.031109345689709262,-0.3002164352562884
2022-06-29,185907376.80511606,0.005956202553874866,-0.29604838260080224
2022-06-30,181777505.00509852,-0.022214674161890945,-0.31168643840706156
2022-07-01,185204567.34270915,0.018853060710204542,-0.2987096210426927
2022-07-04,185980926.5673819,0.004191901073563331,-0.29576988115026204
2022-07-05,183784669.79507884,-0.011809043071453508,-0.3040861649559734
2022-07-06,180302355.43523347,-0.018947795611724168,-0.3172721980657587
2022-07-07,181358403.75884384,0.005857096658893672,-0.3132733953381158
2022-07-08,187658925.87388274,0.034740723255465136,-0.2894160164133921
2022-07-11,187751255.2575814,0.0004920063528484786,-0.28906640457923516
2022-07-12,189227187.4670977,0.007861104350495087,-0.2834776813993598
2022-07-13,191095226.13359582,0.009871935906794228,-0.27640421899434675
2022-07-14,191049605.155346,-0.00023873426444428385,-0.2765769661008801
2022-07-15,194289278.9499992,0.01695723889101455,-0.2643097088957902
2022-07-18,193280733.60562915,-0.005190946972579061,-0.2681286381851534
2022-07-19,192242569.29841086,-0.0053712767323025505,-0.27205972180190807
2022-07-20,194198750.92347658,0.010175590308664714,-0.26465249976178884
2022-07-21,195751705.85239446,0.007996729749975694,-0.2587721245300637
2022-07-22,194660723.26041836,-0.0055732980063977365,-0.2629032083707067
2022-07-25,192385753.16783082,-0.011686847015070735,-0.2715175458097777
2022-07-26,194167872.4835523,0.009263260331791937,-0.26476942318947105
2022-07-27,194253619.89271227,0.00044161481538209626,-0.2644447344740296
2022-07-28,195070487.00940362,0.004205157757896675,-0.26135160854284134
2022-07-29,192858287.51641995,-0.011340513508212174,-0.26972826060398036
2022-08-01,195671090.0120545,0.014584815264394972,-0.2590773821920811
2022-08-02,195046458.80288082,-0.0031922508794487645,-0.26144259307038187
2022-08-03,195222087.18616378,0.0009004438448198345,-0.26077756359926596
2022-08-04,197919219.18117505,0.013815711295204446,-0.25056467983501585
2022-08-05,201109566.93601754,0.01611944392283626,-0.2384841992178235
2022-08-08,209280938.38749546,0.040631440741342825,-0.2075427150847463
2022-08-09,208834979.70813957,-0.002130909211283122,-0.2092313696127206
2022-08-10,207714582.24486583,-0.005364989451669265,-0.2134738349734593
2022-08-11,203346416.68270347,-0.021029652877297397,-0.23001420720287946
2022-08-12,216564634.1946841,0.06500344450429137,-0.179962478451699
2022-08-15,218360515.66126442,0.00829258883038999,-0.17316224446000683
2022-08-16,219215878.42160836,0.003917204343256066,-0.16992335201283748
2022-08-17,217065804.0054576,-0.009808023176202612,-0.17806476301432017
2022-08-18,215958346.4065329,-0.005101944103995543,-0.1822582306505255
2022-08-19,220185621.08595178,0.01957449086714707,-0.16625135185470952
2022-08-22,216710231.6951984,-0.015783907112611743,-0.17941116307230032
2022-08-23,217848292.61291894,0.005251532928640084,-0.1751018137743
2022-08-24,220758285.68891904,0.013357887918684218,-0.16408291625837124
2022-08-25,220962184.0138598,0.0009236270534737421,-0.1633108406253666
2022-08-26,224912057.76413336,0.01787579068292428,-0.1483543603457138
2022-08-29,222943993.52195662,-0.008750372308809972,-0.15580657676786347
2022-08-30,220141431.60499585,-0.012570699361249065,-0.16641867849405834
2022-08-31,221150823.16197196,0.004585195751735099,-0.16259654495996356
2022-09-05,225330746.91579166,0.018900783158099788,-0.14676896384040827
2022-09-06,225880354.48107135,0.002439114824773941,-0.14468783537115415
2022-09-07,222145544.8627739,-0.016534459700480206,-0.15882995988854032
2022-09-08,218597751.41414094,-0.01597058113780556,-0.17226393426483155
2022-09-09,223803858.07590607,0.023815920466180737,-0.15255063795629342
2022-09-12,224862059.57822287,0.004728254067710931,-0.14854368206303115
2022-09-13,226045637.43236768,0.005263572949411147,-0.14406197962033296
2022-09-14,226683969.06799027,0.002823906016826262,-0.14164489109455247
2022-09-15,225141306.5327641,-0.006805344645979218,-0.1474862934392911
2022-09-16,218413946.0047975,-0.029880614230990112,-0.17295992663166304
2022-09-19,210517777.53793633,-0.036152309004516214,-0.20285933492319297
2022-09-20,216220928.98310667,0.027091068088739477,-0.18126394288929415
2022-09-21,215248831.8134607,-0.0044958514155764955,-0.1849448585506388
2022-09-22,215996666.78411478,0.0034742812044720427,-0.182113127792093
2022-09-23,214127520.8185012,-0.008653587082812511,-0.18919078306463322
2022-09-26,209267917.89231455,-0.02269490118603553,-0.2075920181237082
2022-09-27,206053198.73274958,-0.015361739113872236,-0.2197647828130418
2022-09-28,202539169.00051433,-0.017053992628345165,-0.23307090845532352
2022-09-29,198501566.49661684,-0.019934921841647503,-0.24835957995335234
2022-09-30,202131997.17001584,0.01828917895950648,-0.2346126937979206
2022-10-03,194600334.39863986,-0.03726111094148545,-0.263131875127521
2022-10-04,193720968.44795728,-0.004518830624829218,-0.26646165737665517
2022-10-05,199418971.6598425,0.029413456155707635,-0.244885759497373
2022-10-06,191851822.4823437,-0.03794598434900366,-0.2735393126491955
2022-10-07,185418187.88622823,-0.03353439395504081,-0.2979007315316671
2022-10-10,192978854.16726983,0.04077629259153791,-0.2692717263322977
2022-10-11,189126714.10129923,-0.019961462008846055,-0.2838581310059052
2022-10-12,195900905.5699057,0.0358182687242063,-0.2582071690976193
2022-10-13,198420281.7179236,0.012860461980452119,-0.24866737059842725
2022-10-14,200867527.48575664,0.012333647279626662,-0.23940069895771388
2022-10-17,198241656.20732698,-0.013072651967679823,-0.2493437489071002
2022-10-18,201910710.10235572,0.01850798649094989,-0.2354506131525257
2022-10-19,200420015.88477692,-0.007382937818519447,-0.2410952337348078
2022-10-20,197810442.85031304,-0.013020521043986679,-0.2509765692143455
2022-10-21,184423912.75870597,-0.06767352571844201,-0.30166562562133414
2022-10-24,171405596.4099873,-0.07058909093720074,-0.350960414278923
2022-10-25,164734364.21103936,-0.03892073735440311,-0.37622151352738364
2022-10-26,168062036.4790987,0.020200231348186097,-0.36362104379061544
2022-10-27,178394115.06130028,0.061477766178839176,-0.3244978871196411
2022-10-28,181802854.3202972,0.019107913160843974,-0.3115904514067567
2022-10-31,181052063.92856118,-0.004129695292975437,-0.3144333730792215
2022-11-01,183529656.55104986,0.013684420761236262,-0.3050517908965761
2022-11-02,184418350.8354303,0.00484223803978645,-0.30168668624277395
2022-11-03,186315209.47968057,0.010285628494438585,-0.29450409492474683
2022-11-04,177525314.1969934,-0.04717755092155146,-0.3277876639113806
2022-11-07,167146692.56776568,-0.05846277009097951,-0.36708705916844986
2022-11-08,168346936.34472615,0.007180780896839175,-0.3625422500135643
2022-11-09,170152443.0880429,0.01072491595344278,-0.3557055692210891
2022-11-10,157567775.0252345,-0.07396113646335757,-0.40335831753850937
2022-11-11,159264802.82320723,0.010770145086461744,-0.3969324000537685
2022-11-14,153925090.96412763,-0.0335272562702192,-0.4171516020254319
2022-11-15,141297070.064971,-0.0820400418155322,-0.4649685089673814
2022-11-16,148023246.59709314,0.0476030856763648,-0.43949935906020243
2022-11-17,152145947.86648053,0.027851714944538686,-0.4238884549825159
2022-11-18,151399314.48542547,-0.00490734976202116,-0.42671563583585514
2022-11-21,150127546.4721391,-0.008400090962160925,-0.4315312766420185
2022-11-22,149332106.0610338,-0.005298430766354555,-0.4345432688155688
2022-11-23,149317229.92922488,-9.961777277035619e-05,-0.43459959835572737
2022-11-24,149637136.04345214,0.002142459476236587,-0.43338825090735666
2022-11-25,153293593.3491301,0.024435493770852284,-0.41954281304191166
2022-11-28,159256752.24386474,0.03890024863043952,-0.39696288414991643
2022-11-29,160944835.0690893,0.01059975669125565,-0.390570837446109
2022-11-30,165870753.25253257,0.03060625202000868,-0.3719184949086418
2022-12-01,173782760.95194623,0.047699835831624245,-0.3419591102269045
2022-12-02,181437863.14949,0.04404983644874034,-0.31297251665581616
2022-12-05,181275210.79242614,-0.0008964631430312174,-0.31358841147288374
2022-12-06,172676618.1093716,-0.04743391358071886,-0.34614759944388285
2022-12-07,168325968.23360237,-0.0251953618469269,-0.36262164727037605
2022-12-08,171187173.60311916,0.01699800333568268,-0.3517874879045859
2022-12-09,174238784.315319,0.01782616447231438,-0.340232345050961
2022-12-12,177417278.2440663,0.01824217232252489,-0.32819674979655256
2022-12-13,177353756.11793074,-0.00035803799249007126,-0.3284372808836037
2022-12-14,177955522.75783336,0.0033930301397308944,-0.3261586483369221
2022-12-15,176125135.09262186,-0.010285646867517224,-0.333089542524859
2022-12-16,177282997.0491983,0.006574086974965456,-0.3287052151729034
2022-12-19,174422687.33646795,-0.016134145746287083,-0.3395359830700262
2022-12-20,171208976.71804252,-0.018424842934715597,-0.35170492884599236
2022-12-21,171776381.66436744,0.0033141074562892344,-0.3495564093168053
2022-12-22,171452558.4584554,-0.001885143945718565,-0.3507825891138131
2022-12-23,171360361.22882158,-0.0005377419296789216,-0.3511317005371243
2022-12-26,167177705.74209905,-0.024408535653921325,-0.36696962555926316
2022-12-27,167349434.7131863,0.0010272241165467913,-0.36631936149213096
2022-12-28,167513018.28749916,0.0009774970234780014,-0.3656999405541539
2022-12-29,167042318.80607072,-0.002809927767050275,-0.3674822779038325
2022-12-30,167443242.59669203,0.002400133053030511,-0.3659641512124019
2023-01-03,172405942.48357028,0.029638101901977226,-0.34717253211652843
2023-01-04,173677533.29615456,0.007375562548868984,-0.3423575622935341
2023-01-05,171035410.19665244,-0.015212808757461876,-0.3523621509291536
2023-01-06,169736185.57341713,-0.007596231808030264,-0.35728175815834984
2023-01-09,169494146.7522726,-0.0014259706633965247,-0.3581982555160458
2023-01-10,171347903.48128402,0.010936995551361486,-0.35117887269176884
2023-01-11,171238492.9647115,-0.0006385284812340042,-0.3515931634607814
2023-01-12,172083210.51727676,0.004932988710309162,-0.3483945798564462
2023-01-13,173601573.25930652,0.008823421747337263,-0.34264519042166874
2023-01-16,172118799.53056708,-0.008541245916732792,-0.3482598195048243
2023-01-17,177316971.53472784,0.030201070529995204,-0.32857656834645776
2023-01-18,182507180.10026997,0.029270794107407933,-0.3089234713196376
2023-01-19,184445636.93846542,0.010621263432652071,-0.30158336545640074
2023-01-27,183009053.41958177,-0.007788655469052473,-0.30702309199671596
2023-01-30,181299061.57942665,-0.00934375544927089,-0.31349809875709056
2023-01-31,183090932.1742479,0.00988350727913851,-0.3067130522190138
2023-02-01,178126489.16058376,-0.027114630717699657,-0.32551127178949635
2023-02-02,174698162.7995934,-0.019246583577469414,-0.3384928754690609
2023-02-03,174872750.5196079,0.0009993678079762776,-0.33783178654405777
2023-02-06,176921858.18075597,0.011717707047321313,-0.3300726934027328
2023-02-07,171800468.79861045,-0.02894718286823072,-0.3494652016552252
2023-02-08,170320066.06972837,-0.008616988878053912,-0.3550708527773492
2023-02-09,170051290.11246312,-0.001578063956100287,-0.3560885922188197
2023-02-10,164527257.6094942,-0.03248450805233879,-0.3770057375298803
2023-02-13,159803028.26693326,-0.02871396151131331,-0.3948943708042163
2023-02-14,161766557.0035919,0.012287181024997696,-0.3874593283990426
2023-02-15,160010890.98283714,-0.010853083933261752,-0.39410728372046433
2023-02-16,163576769.48938954,0.022285223741019457,-0.3806048289751208
2023-02-17,164886100.0276956,0.008004379487339048,-0.37564695497361245
2023-02-20,166051546.50197518,0.007068191157919465,-0.37123390830133685
2023-02-21,169986811.24658915,0.023699055067621218,-0.35633274606951726
2023-02-22,165032218.23418653,-0.029146926023662555,-0.37509366790368304
2023-02-23,169280551.91517022,0.025742450331456838,-0.3590070476878807
2023-02-24,168117240.4585811,-0.006872091586587516,-0.36341200996252676
2023-02-27,166158799.3895989,-0.011649257765830884,-0.3708277875491055
2023-02-28,163511359.96221915,-0.015933188233818448,-0.38085250684157357
2023-03-01,167661531.7511183,0.025381550186226145,-0.3651375836712969
2023-03-02,167999630.4068491,0.0020165547350042556,-0.363857348859573
2023-03-03,167979084.58943146,-0.00012229680129572472,-0.3639351470709752
2023-03-06,166728716.37191552,-0.007443594662823953,-0.3686697560154476
2023-03-07,170930486.76084408,0.025201239956504133,-0.3527594510449946
2023-03-08,173836539.50940678,0.017001371748438722,-0.34175547386154703
2023-03-09,173722702.29433456,-0.0006548520546570967,-0.3421865266419556
2023-03-10,175392129.89699683,0.009609726193608194,-0.3358651192765184
2023-03-13,174759565.27057105,-0.0036065736062231607,-0.3382603706083078
2023-03-14,172657622.56619766,-0.012027626076541573,-0.3462195274306603
2023-03-15,175221075.07089746,0.014847027699092508,-0.3365128306452976
2023-03-16,173938951.50583494,-0.0073171766840475876,-0.3413676834910645
2023-03-17,176117803.08944744,0.01252653051400859,-0.3331173056808032
2023-03-20,173576609.92680287,-0.014428939710052671,-0.3427397158708123
2023-03-21,173666423.81555265,0.0005174308265822954,-0.3423996291387157
2023-03-22,173375754.4286835,-0.0016737224184329147,-0.34350026962179603
2023-03-23,173278864.6330604,-0.0005588428205683659,-0.34386714978282296
2023-03-24,173117839.74617428,-0.0009292817518576782,-0.3444768820673241
2023-03-27,172118423.28965423,-0.005773041403389721,-0.3482612441680286
2023-03-28,172081363.79539213,-0.00021531393068673814,-0.34840157260132765
2023-03-29,169100872.28927106,-0.017320245727857713,-0.3596874174797583
2023-03-30,165252656.43107218,-0.022756924941321185,-0.37425896285915494
2023-03-31,164290602.46652246,-0.005821715579809747,-0.37790184920400416
2023-04-03,168052639.93643838,0.022898677181992306,-0.3636566244734123
2023-04-04,172799487.62284195,0.028246195288565215,-0.34568234521770347
2023-04-05,173677908.82709888,0.005083471116385449,-0.34235614031867656
2023-04-06,170755884.14931267,-0.016824388878928506,-0.35342059635779466
2023-04-07,174771403.51376092,0.02351614050931909,-0.33821554425131284
2023-04-10,174863261.64823768,0.0005255901859798161,-0.33786771683613737
2023-04-11,180015452.90014544,0.029464115008172108,-0.3183585750943737
2023-04-12,178484590.0230746,-0.00850406369235431,-0.32415529718711833
2023-04-13,176252096.8881605,-0.012508044165748326,-0.33260879257908893
2023-04-14,176919633.3615736,0.003787395924354252,-0.33008111784015304
2023-04-17,180907087.56814033,0.02253822332096684,-0.31498233646710194
2023-04-18,186241843.5747807,0.029488927594564195,-0.2947819001861828
2023-04-19,189003520.27480352,0.014828443742901069,-0.28432461326661795
2023-04-20,187577144.4127604,-0.007546821667497088,-0.28972568778211183
2023-04-21,186857815.05122972,-0.003834845464689552,-0.2924494800070061
2023-04-24,183440306.26166105,-0.01828935433410534,-0.30539012217643846
2023-04-25,178778571.65817606,-0.02541281520123197,-0.32304211463851895
2023-04-26,181132381.29650885,0.013166061326596003,-0.314129245604327
2023-04-27,181565508.4025333,0.002391218527157917,-0.31248917874918025
2023-04-28,183195624.94105688,0.008978117886298058,-0.30631662554788475
2023-05-04,181029521.52801916,-0.011823990959034423,-0.3145187314958391
2023-05-05,184769196.3345705,0.02065781743765214,-0.30035818459414987
2023-05-08,184956405.43953097,0.0010132051698784404,-0.29964930388971756
2023-05-09,183108505.0270841,-0.009991005221233081,-0.30664651135124965
2023-05-10,182755654.52605808,-0.001927002249151907,-0.3079826050833331
2023-05-11,186815813.7056755,0.022216325892332484,-0.2926085211147015
2023-05-12,191089837.88521713,0.02287827831467873,-0.2764246219833314
2023-05-15,187646642.34298217,-0.01801872658609506,-0.2894625288842442
2023-05-16,190715051.0616729,0.016352057678081226,-0.2778437791741214
2023-05-17,186972001.85272306,-0.01962639649106361,-0.2920171034925382
2023-05-18,186470013.56663856,-0.002684831317578322,-0.29391791814539114
2023-05-19,186915361.14145732,0.0023883066574648306,-0.2922315776085812
2023-05-22,189072889.16905156,0.011542807474027904,-0.2840619429727206
2023-05-23,190217857.54017478,0.006055698287338801,-0.27972643810693976
2023-05-24,193764598.68131924,0.018645679154468284,-0.2662964483684358
2023-05-25,194449262.4742607,0.003533482367785376,-0.26370391980556407
2023-05-26,192396949.98249435,-0.010554488433907014,-0.2714751482679073
2023-05-29,195050180.6113667,0.013790398595787224,-0.26142850017558505
2023-05-30,201703106.40084732,0.03410879071543358,-0.23623671945969016
2023-05-31,199466026.3430227,-0.011090954907649424,-0.24470758356428113
2023-06-01,200948252.0315206,0.007430968148675656,-0.239095029674811
2023-06-02,200875864.42376953,-0.0003602300941623358,-0.23936913054391984
2023-06-05,199837272.35647488,-0.005170317849155009,-0.2433018339048869
2023-06-06,203337266.75297987,0.017514222223077674,-0.23004885406810183
2023-06-07,202436590.74989858,-0.004429468426835203,-0.23345932835921268
2023-06-08,199085474.67780003,-0.016553904902689792,-0.24614856974159827
2023-06-09,202561445.8581602,0.01745969255660505,-0.23298655553592962
2023-06-12,201825671.0969841,-0.0036323534227304124,-0.23577261944620886
2023-06-13,201012217.736787,-0.00403047519067188,-0.23885281894356314
2023-06-14,197900959.15283442,-0.015477957603684447,-0.25063382274211854
2023-06-15,199094915.05327544,0.00603309809892814,-0.246112823082703
2023-06-16,198414675.93259963,-0.0034166574294164083,-0.24868859730665926
2023-06-19,199896901.6210975,0.007470343015359282,-0.24307604341718925
2023-06-20,202804292.4835726,0.014544451859419143,-0.23206699936942954
2023-06-21,208415639.22712368,0.027668777000889176,-0.21081923242335854
2023-06-22,208859885.90289977,0.0021315419390958977,-0.209137060519741
2023-06-23,211353437.54453868,0.011938872947571044,-0.19969504836634366
2023-06-26,206711290.20073774,-0.02196390746103994,-0.21727287226463732
2023-06-27,203770484.35741925,-0.014226633874050468,-0.2284084445342155
2023-06-28,203197023.5734919,-0.0028142485195328123,-0.23057989492686903
2023-06-29,194916926.74980977,-0.04074910487400619,-0.2619330754806629
2023-06-30,197927739.18413886,0.015446644293718483,-0.25053241823265404
2023-07-03,199305199.45060948,0.006959409894482315,-0.2453165661285086
2023-07-04,207403747.4086164,0.04063390207747113,-0.2146508333770848
2023-07-05,205237464.83118197,-0.010444761025298737,-0.22285361774387857
2023-07-06,202870983.24356082,-0.011530456145361672,-0.23181447002300926
2023-07-07,205341933.0469782,0.0121799074658737,-0.22245804135126646
2023-07-10,209523789.07421282,0.02036532901576361,-0.2066231435398237
2023-07-11,212991747.55804178,0.01655162165190044,-0.19349146998432076
2023-07-12,212080915.7928142,-0.00427637115367288,-0.19694039979727085
2023-07-13,214837476.95977566,0.012997686079658377,-0.18650248321057983
2023-07-14,216153884.9171284,0.006127459584713102,-0.1815178100541882
2023-07-17,213350133.08925503,-0.01297109153947575,-0.19213441746340587
2023-07-18,211653174.39485487,-0.007953867522033552,-0.19856007328251246
2023-07-19,212789338.3307842,0.005368045809744054,-0.19425790704213508
2023-07-20,211340618.76109815,-0.006808233819656881,-0.19974358760933186
2023-07-21,216409375.97454512,0.02398382877442389,-0.18055037483891934
2023-07-24,217160787.5796096,0.003472176756116451,-0.1777051008976267
2023-07-25,217374524.59921634,0.0009842339493652131,-0.17689577034154036
2023-07-26,220034728.7087494,0.012237883507452472,-0.16682271666448867
2023-07-27,220846407.73034737,0.0036888677817415658,-0.16374923582751333
2023-07-28,226492755.65136492,0.02556685426331103,-0.1423689344123329
2023-07-31,229171036.60652742,0.011825018188595451,-0.13222743146265425
2023-08-01,222654419.73471758,-0.028435604116057958,-0.156903068684357
2023-08-02,228609179.0237864,0.02674440191289999,-0.13435494550171878
2023-08-03,229937758.6620721,0.005811576087885168,-0.1293241834024006
2023-08-04,231183733.14545947,0.005418746754066289,-0.12460621164736829
2023-08-07,233219185.44410357,0.008804478891961662,-0.11689882551566322
2023-08-08,227557609.96350047,-0.024275770751116133,-0.13833678717748632
2023-08-09,227082874.4048262,-0.002086221413339778,-0.14013440742316385
2023-08-10,224780563.80349293,-0.0101386359819846,-0.1488522716597338
2023-08-11,225352287.62271315,0.0025434753323246664,-0.14668739840853617
2023-08-14,235174883.42712647,0.04358773504380128,-0.10949343482083074
2023-08-15,233648618.1319874,-0.006489916239767235,-0.11527274783980634
2023-08-16,239816640.73241082,0.026398712090559544,-0.09191708783135755
2023-08-17,238821310.31274724,-0.004150380960319494,-0.09568597786041377
2023-08-18,224288172.8616474,-0.06085360402749673,-0.15071674528020906
2023-08-21,224975514.7547989,0.0030645480962363542,-0.1481140758987921
2023-08-22,234004738.29106653,0.040134249925413444,-0.11392427331297239
2023-08-23,232894895.79187405,-0.004742820625332808,-0.11812677154511042
2023-08-24,240317589.03637546,0.03187142946719916,-0.09002021114539915
2023-08-25,242384137.89524823,0.00859924097590697,-0.08219507565783357
2023-08-28,245718245.72985816,0.013755470401494819,-0.06957023718669864
2023-08-29,245965306.16130498,0.0010054622956995954,-0.06863472514139313
2023-08-30,249843256.8323707,0.015766250661882142,-0.05395058676019959
2023-08-31,252397424.9638359,0.010223082118957826,-0.04427904592005727
2023-09-05,251853582.12738007,-0.0021547083395709963,-0.04633834583011609
2023-09-06,254437674.36116514,0.010260295731978534,-0.03655349523008522
2023-09-07,253402587.61134058,-0.004068134769834774,-0.04047292545501546
2023-09-08,252637983.8049815,-0.003017348060911687,-0.04336815261278604
2023-09-11,250536301.1780808,-0.008318949491470972,-0.051326324633132914
2023-09-12,257768157.55499876,0.028865503094410126,-0.023942381721245187
2023-09-13,254654810.69029212,-0.012078089451534973,-0.03573129294466815
2023-09-14,249554561.04259473,-0.02002809070785726,-0.05504375407632056
2023-09-15,249884892.19069985,0.0013236830724513698,-0.053792931489384244
2023-09-18,244929650.4927281,-0.019830097188069037,-0.07255630961798765
2023-09-19,246008619.36986345,0.0044052195190119325,-0.06847071657033232
2023-09-20,248581545.15380165,0.010458681449977634,-0.05872814853361552
2023-09-21,243352695.97999182,-0.021034744033691835,-0.07852756099533009
2023-09-22,238538834.83584943,-0.01978141694611914,-0.09675559151563884
2023-09-25,234056964.11544102,-0.018788851398107192,-0.11372651648282273
2023-09-26,234305956.9332415,0.0010638129001692706,-0.11278368731797916
2023-09-27,238455837.22991595,0.017711373415302645,-0.09706986790391992
2023-09-28,241446529.3731407,0.01254191207045672,-0.08574539758140509
2023-09-29,241212107.6023721,-0.0009709055308320397,-0.0866330524314819
2023-10-02,242852003.21361274,0.006798562590995322,-0.08042347006989103
2023-10-03,232959704.58152115,-0.04073385642773682,-0.11788136841438046
2023-10-04,237720295.95330203,0.020435256733917117,-0.09985504770815667
2023-10-05,233885421.8968908,-0.01613187481966017,-0.11437607339807765
2023-10-06,237891473.6767192,0.017128266256776284,-0.09920687097986824
2023-10-09,238988501.38759303,0.004611462924327585,-0.09505289686290286
2023-10-10,240825404.19587213,0.0076861556000135615,-0.08809733261840968
2023-10-11,245407299.2206875,0.019025796053844708,-0.07074765844785058
2023-10-12,245715980.6555807,0.0012578331446270585,-0.06957881405292399
2023-10-13,251171898.9541645,0.02220416549231834,-0.048919588062596
2023-10-16,252293133.22068453,0.0044640115840531725,-0.04467395408634134
2023-10-17,242833450.95814365,-0.03749480670275062,-0.08049371951597706
2023-10-18,238935230.22117305,-0.016053063206858294,-0.09525461195569018
2023-10-19,236202316.53556734,-0.011437884999528755,-0.10560298565799509
2023-10-20,238695036.63191974,0.010553326203204465,-0.09616412221047177
2023-10-23,239341014.2936923,0.002706288622032307,-0.09371808145822536
2023-10-24,242104104.82056415,0.011544575989309159,-0.08325544098188298
2023-10-25,240832907.00694603,-0.005250624786226875,-0.08806892268610211
2023-10-26,232436029.0219149,-0.03486599106985387,-0.11986430348405064
2023-10-27,231911609.1829357,-0.002256189977026928,-0.12185005682095362
2023-10-30,229973676.19761807,-0.0083563431436025,-0.12918817907769276
2023-10-31,226902210.25861,-0.013355728315482178,-0.14081850517184136
2023-11-01,227614571.8251716,0.0031395091557269153,-0.13812109700239728
2023-11-02,238503044.14428824,0.047837325316236676,-0.09689111553649976
2023-11-03,245243121.1548521,0.028259920265362636,-0.07136933047062055
2023-11-06,244318162.68854117,-0.0037715980042795105,-0.07487175205053032
2023-11-07,240296686.3189556,-0.01645999759220597,-0.0900993607842604
2023-11-08,247418606.22183472,0.02963802793945275,-0.06313170021705838
2023-11-09,251061365.64466465,0.014723061771529987,-0.04933813036756585
2023-11-10,246632763.96672183,-0.017639518794822288,-0.06610734828446807
2023-11-13,246354547.43423072,-0.0011280599058146933,-0.0671608351412033
2023-11-14,249250288.5094224,0.011754364209431744,-0.056195903848630824
2023-11-15,251748345.89854422,0.010022284844927658,-0.046736830359192294
2023-11-16,249794295.80065233,-0.007761918319333818,-0.0541359812187735
2023-11-17,240314571.78315395,-0.037950122067893985,-0.09003163619114984
2023-11-20,239391704.55138564,-0.0038402466605356434,-0.09352613916145991
2023-11-21,240234763.79935622,0.00352167277287429,-0.09033383484642254
2023-11-22,236573036.36590672,-0.015242287900129962,-0.10419922842870055
2023-11-23,229741139.82259467,-0.028878593470581203,-0.13006869474154104
2023-11-24,229990500.92066345,0.0010854002825150496,-0.12912447105704483
2023-11-27,232173000.6204426,0.00948952104996727,-0.12086027939323929
2023-11-28,234981454.26579002,0.012096383463375607,-0.110225868214895
2023-11-29,236084565.80193037,0.0046944621207961855,-0.10604885725716551
2023-11-30,234903635.5278994,-0.005002149420567067,-0.11052053444785193
2023-12-01,234872265.9868708,-0.00013354216914575196,-0.11063931746509237
2023-12-04,237278052.14488193,0.010242955454543196,-0.10152963561086514
2023-12-05,235144428.68487328,-0.008992080981454875,-0.10960875388688951
2023-12-06,239813753.46325275,0.019857263063787167,-0.09192802068312822
2023-12-07,238495063.95911962,-0.005498806824418438,-0.09692133308005901
2023-12-08,237035681.12824905,-0.006119132222882069,-0.10244739085060617
2023-12-11,244572261.22330776,0.031795129151804845,-0.07390958972216177
2023-12-12,245598589.27078423,0.00419642048670179,-0.07002332495193375
2023-12-13,247880290.6769857,0.00929036853581352,-0.06138349891102679
2023-12-14,246951195.8549526,-0.003748159321161263,-0.06490158309857919
2023-12-15,243926159.00318718,-0.012249533116422675,-0.0763561021235275
2023-12-18,243760766.0880343,-0.0006780450109523371,-0.07698237426037924
2023-12-19,238749714.17126885,-0.020557253725382977,-0.09595708178570928
2023-12-20,240087869.18373236,0.005604844458593047,-0.09089006184522552
2023-12-21,245925757.8649523,0.024315633693064127,-0.06878447760232986
2023-12-22,246225182.42987254,0.0012175404785564293,-0.06765068500955063
2023-12-25,248997706.54217866,0.01126011598385458,-0.057152323585290876
2023-12-26,249006389.74772635,3.487263263695769e-05,-0.05711944400463864
2023-12-27,249382637.15244138,0.0015109949792702733,-0.05569475621847808
2023-12-28,247069806.55511588,-0.009274224636223283,-0.06445245517447151
2023-12-29,244032642.75080562,-0.012292735590225742,-0.07595289377509662
2024-01-02,245378555.19819432,0.00551529677430527,-0.0708564997508282
2024-01-03,250096951.02650893,0.019229047234806295,-0.052989955496623664
2024-01-04,246362579.25207257,-0.01493169652452313,-0.06713042208682318
2024-01-05,245043889.7479394,-0.005352637190828855,-0.07212373448375409
2024-01-08,243470611.6426329,-0.00642039312600218,-0.07808106488065514
2024-01-09,246646985.48142773,0.013046230990116873,-0.06605349749892564
2024-01-10,243318841.5299633,-0.013493552110390664,-0.07865575329874097
2024-01-11,250443303.77739072,0.029280355777750434,-0.051678465961544684
2024-01-12,246750763.87162197,-0.014744015312347527,-0.06566053318043652
2024-01-15,241500186.86495346,-0.02127886829724364,-0.0855422196398069
2024-01-16,245303984.0765596,0.015750700904149702,-0.0711388686518809
2024-01-17,245271637.16821152,-0.00013186458617805408,-0.07126135254058297
2024-01-18,245339765.26291817,0.00027776589047648885,-0.07100338062315148
2024-01-19,247538481.65236193,0.008961924240399849,-0.06267778330070861
2024-01-22,251005178.13694882,0.014004677016058672,-0.04955088839585886
2024-01-23,255280136.72259885,0.01703135615520092,-0.033363451068734395
2024-01-24,252392934.2469387,-0.011309937830366861,-0.04429605034170736
2024-01-25,254824535.16788805,0.009634187772349784,-0.035088619035923085
2024-01-26,254859628.74857414,0.0001377166475079466,-0.03495573467539448
2024-01-29,255566679.88750136,0.0027742767357820577,-0.032278434821104485
2024-01-30,257568109.2526583,0.007831339226373185,-0.0246998789675118
2024-01-31,252450406.63384193,-0.01986931780361142,-0.0440784270262069
2024-02-01,254351319.07196474,0.0075298450236997334,-0.036880485726903056
2024-02-02,252362490.4232921,-0.00781921892887818,-0.0444113280636792
2024-02-05,248831389.94887996,-0.013992176366976588,-0.05778209329569706
2024-02-06,249476352.65230125,0.0025919668075390172,-0.055339895756050694
2024-02-07,247791066.68805683,-0.006755293422913042,-0.06172135194513817
2024-02-15,248673213.22634655,0.003560041732256056,-0.05838104080157802
2024-02-16,244457560.13479382,-0.016952582213652322,-0.07434391362132298
2024-02-19,246928527.2378965,0.01010795944187692,-0.06498741944308084
2024-02-20,250224657.3123978,0.013348518744963558,-0.05250638648474004
2024-02-21,251424840.39704233,0.004796422133355685,-0.04796180714566234
2024-02-22,250791926.7392855,-0.002517307584872511,-0.0503583801096229
2024-02-23,246864278.3921139,-0.01566098398077483,-0.06523070230620309
2024-02-26,257588323.21381325,0.043441055512557836,-0.024623337353652186
2024-02-27,261923067.92519534,0.01682818792909336,-0.008209515572987547
2024-02-28,261074778.52645284,-0.003238696787809337,-0.011421624229081218
2024-02-29,258326201.55094028,-0.010527929932665136,-0.02182930810214534
2024-03-01,260734942.42310768,0.009324415633047662,-0.012708438010823886
2024-03-04,262882654.018421,0.0082371452608301,-0.004575973999927263
2024-03-05,262800367.32479876,-0.00031301682467214215,-0.004887558467748132
2024-03-06,258920582.5823245,-0.014763239419978345,-0.019578641691887944
2024-03-07,259178321.3192954,0.0009954354899110918,-0.01860269547676119
2024-03-08,259486239.4845209,0.0011880552495984618,-0.017436741257180643
2024-03-11,261333377.9024889,0.007118444591271524,-0.010442419142400627
2024-03-12,270278500.92846,0.03422878125161954,0.0
2024-03-13,277264040.88885665,0.025845710762787046,0.0
2024-03-14,277419675.7628095,0.0005613236878966681,0.0
2024-03-15,281715589.12536025,0.015485251183927162,0.0
2024-03-18,270890612.35974437,-0.038425196132113544,-0.03842519613211359
2024-03-19,271825423.15294605,0.0034508792499617913,-0.03510691759415974
2024-03-20,274850642.6692822,0.011129273639110513,-0.02436835844758034
2024-03-21,276137588.5193937,0.004682346155762931,-0.01980011338131671
2024-03-22,277412758.1993769,0.00461787794563014,-0.015273669942591162
2024-03-25,271436586.2030475,-0.02154252758639992,-0.0364871640729072
2024-03-26,278699169.4108785,0.026756095445431984,-0.010707322671943076
2024-03-27,278078563.16263354,-0.0022267961887249064,-0.012910275835350649
2024-03-28,281559621.014239,0.01251825315844137,-0.0005536367781615592
2024-03-29,283639493.3888933,0.007386969648425226,0.0
2024-04-01,284851090.2841304,0.004271608585818084,0.0
2024-04-02,288185622.36762816,0.011706228963953296,0.0
2024-04-03,282364703.5521382,-0.020198505281656308,-0.020198505281656343
2024-04-04,284750888.8021355,0.008450720716786446,-0.011918476491901697
2024-04-05,279511682.1679437,-0.018399263497408683,-0.030098448799848243
2024-04-08,278808264.85120845,-0.0025165936224183344,-0.03253929685797219
2024-04-09,282122194.76796883,0.011886053372660705,-0.021040007304474195
2024-04-10,280048514.6570844,-0.007350290580965898,-0.028235647717926526
2024-04-11,287887615.39877665,0.027991938294302746,-0.0010340799322435812
2024-04-12,293744846.2413144,0.02034554641895391,0.0
2024-04-15,279818710.5733881,-0.04740895319908302,-0.047408953199083004
2024-04-16,284103387.26246613,0.01531233090274101,-0.03282256387547888
2024-04-17,277293323.71397406,-0.02397037083616558,-0.05600616568375549
2024-04-19,266341301.16515023,-0.03949616385326594,-0.0932903008403827
2024-04-22,271794609.5782327,0.020474888382786147,-0.07472552095449991
2024-04-23,262925865.79831576,-0.03263031519896344,-0.10491751885131129
2024-04-24,273489873.2409296,0.040178654201778845,-0.06895430935916791
2024-04-25,273832085.7504945,0.0012512803692128157,-0.06778931016362888
2024-04-26,274650407.1989254,0.002988406001393568,-0.06500348614355855
2024-05-02,279117088.41419655,0.016263151621821632,-0.04979749607283668
2024-05-03,278806276.56164443,-0.0011135536498965116,-0.05085559753922553
2024-05-06,290985901.7730392,0.043684903229579394,-0.009392316166829673
2024-05-07,296968079.53152436,0.020558307883764993,0.0
2024-05-08,298054988.81770843,0.003660020591771018,0.0
2024-05-09,296964172.9281961,-0.0036597806795292637,-0.003659780679529212
2024-05-10,297857300.00810695,0.0030075246825374672,-0.0006632628777181182
2024-05-13,290790652.29894423,-0.023724943820313874,-0.02437247082352001
2024-05-14,291558756.18159086,0.0026414325102066187,-0.021795416550100755
2024-05-15,296236864.8590477,0.016045166122684376,-0.0060999615066757995
2024-05-16,295847605.3995781,-0.0013140142421329962,-0.007405960312512616
2024-05-17,302106119.77648324,0.021154520985398075,0.0
2024-05-20,299240041.69607556,-0.009486991135857098,-0.009486991135857048
2024-05-21,305538814.25864065,0.02104923033315997,0.0
2024-05-22,297859276.3336651,-0.02513441031578657,-0.02513441031578656
2024-05-23,300197063.3356605,0.007848629160626277,-0.01748305182089993
2024-05-24,292737578.8744086,-0.024848625693953616,-0.04189724770416803
2024-05-27,297399756.66269106,0.015926133591077623,-0.026638375277125426
2024-05-28,298953815.9254519,0.005225489355471875,-0.021552084468111188
2024-05-29,301440310.74586916,0.008317320896941906,-0.013414019173688563
2024-05-30,302061934.4509735,0.0020621784245319938,-0.011379502850082823
2024-05-31,300818687.0407648,-0.004115869192417188,-0.015448535497294413
2024-06-03,302061934.4509735,0.004132879584173659,-0.011379502850082823
2024-06-04,302398639.9178426,0.0011146901627347061,-0.010277497307231931
2024-06-05,298365596.47963417,-0.0133368438406475,-0.023477271771220165
2024-06-06,295058290.96127844,-0.011084741529781157,-0.03430177381159294
2024-06-07,300633017.8835585,0.018893646079620467,-0.016056213306271938
2024-06-10,303855162.7303613,0.010717867483373951,-0.005510434189399338
2024-06-11,299065710.97406685,-0.01576228527189631,-0.021185862425630364
2024-06-12,301230639.87448263,0.007238973981218153,-0.014100252351280984
2024-06-13,301896840.5482024,0.0022115966489908117,-0.011919839773140262
2024-06-14,289481431.65035367,-0.04112467316751007,-0.05255431342577077
2024-06-17,285930301.1581266,-0.012267213382156627,-0.06417683183098077
2024-06-18,291005722.290048,0.017750553583737096,-0.04756545253949396
2024-06-19,296732535.7501402,0.0196793843606423,-0.02882212700166431
2024-06-20,306248628.68699133,0.03206959733213768,0.0
2024-06-21,306410597.424211,0.0005288798774842361,0.0
2024-06-24,292227522.57777977,-0.0462878078162403,-0.04628780781624031
2024-06-25,293360016.996312,0.003875385892958887,-0.042591805040708475
2024-06-26,294398923.4300814,0.0035414043277154075,-0.03920123551568944
2024-06-27,294006852.1625564,-0.0013317686863693055,-0.040480797224132004
2024-06-28,282332279.8414118,-0.039708504190540804,-0.07858186950846191
2024-07-01,283055302.2584064,0.002560891788217411,-0.07622221738457147
2024-07-02,290082441.28819525,0.024826028601907787,-0.053288483731553926
2024-07-03,296574510.1945596,0.02238008228810543,-0.03210100209436895
2024-07-04,301008463.74028236,0.014950555065619122,-0.017630374828223272
2024-07-05,303393152.8765125,0.007922332503871853,-0.009847716015908503
2024-07-08,295504898.2643794,-0.026000107574424506,-0.03559178191455703
2024-07-09,300040152.103657,0.015347474325857263,-0.020790551547844927
2024-07-10,295000336.7758664,-0.016797136291443675,-0.037238466111365165
2024-07-11,295504898.2643794,0.0017103759745750581,-0.03559178191455703
2024-07-12,295760078.7873055,0.0008635407549075203,-0.034758976113872464
2024-07-15,295000336.7758664,-0.0025687780939003943,-0.037238466111365165
2024-07-16,297267963.69550514,0.007686862138607107,-0.02983785092800928
2024-07-17,301049275.080683,0.012720211549775642,-0.017497183154228657
2024-07-18,304917258.1154842,0.012848338644112473,-0.004873654244599734
2024-07-19,302988591.65471065,-0.006325212527140939,-0.011168039872859747
2024-07-22,301410591.8231687,-0.005208116328486264,-0.01631799175052706
2024-07-23,300709258.5647056,-0.002326836804973802,-0.01860685925171246
2024-07-24,303163924.96932644,0.008162922606164583,-0.010595822997563342
2024-07-25,302813258.3400949,-0.0011566898313082347,-0.011740256748156042
2024-07-26,301410591.8231687,-0.004632117248151894,-0.01631799175052706
2024-07-29,301936591.76701605,0.0017451276037305,-0.014601341124637846
2024-07-30,301259050.27953905,-0.0022439860088233933,-0.01681256192826741
2024-07-31,306419633.1488956,0.01713005091321922,0.0
2024-08-01,296040371.6815071,-0.03387270378443738,-0.03387270378443741
2024-08-02,302258371.71320474,0.021003892125859177,-0.013580270274877737
2024-08-05,295864515.3025965,-0.021153612303168853,-0.03444661080567957
2024-08-06,305857991.17140085,0.033777203253264325,-0.0018329177269847952
2024-08-07,310919157.4716407,0.016547438505223215,0.0
2024-08-08,306500967.16904116,-0.014210093512821053,-0.014210093512821098
2024-08-09,313353563.9175843,0.02235750448631963,0.0
2024-08-12,311826457.48967195,-0.004873429262524685,-0.004873429262524653
2024-08-13,317084676.1228708,0.01686264429108943,0.0
2024-08-14,300710043.8447758,-0.05164119716636767,-0.051641197166367725
2024-08-15,296880319.23528856,-0.012735605903021018,-0.06371912113391764
2024-08-16,311646454.3980669,0.049737669377388445,-0.01715069233650579
2024-08-19,313911519.690521,0.007268060523354934,-0.010007284083069945
2024-08-20,327137474.4399475,0.04213274735016315,0.0
2024-08-21,333291738.352051,0.018812469964315476,0.0
2024-08-22,333664270.14243495,0.0011177348476320023,0.0
2024-08-23,332296910.2031436,-0.004098011269554448,-0.004098011269554447
2024-08-26,330608183.6051806,-0.005081981041986227,-0.00915916629595892
2024-08-27,327429693.2648298,-0.009614070364775447,-0.01868517979148232
2024-08-28,332384272.27469915,0.015131733962386859,-0.0038361849987396113
2024-08-29,329698641.61882067,-0.008079896914192568,-0.011885085933598605
2024-08-30,327893043.1970249,-0.005476511558950608,-0.01729650868205468
2024-09-04,328014087.74600345,0.0003691586372140067,-0.0169337352004143
2024-09-05,327475237.3288622,-0.0016427660800914002,-0.018548683114709252
2024-09-06,328472714.27591836,0.0030459614448785717,-0.015559220243451355
2024-09-09,329937051.68035984,0.004458018400917851,-0.011170565132682775
2024-09-10,332209851.575018,0.006888586423024769,-0.004358928112968452
2024-09-11,331633324.4630792,-0.0017354305093766494,-0.00608679400550971
2024-09-12,329659393.8659003,-0.005952147904239624,-0.012002712411565919
2024-09-13,328561627.5312544,-0.0033300016777086583,-0.015292745036806998
2024-09-16,327990428.15106565,-0.0017384847539277173,-0.017004643586642554
2024-09-17,331958905.229813,0.012099368573400968,-0.005111020463455684
2024-09-18,334949147.7521269,0.009007869574228677,0.0
2024-09-19,335544414.68405575,0.0017771859875559072,0.0
2024-09-20,334026889.7094006,-0.004522575576422672,-0.0045225755764226605
2024-09-23,333166106.1663668,-0.00257698876812777,-0.007087909718087038
2024-09-24,334931719.65045655,0.005299499112938191,-0.0018259729764124044
2024-09-25,341522088.467854,0.019676753292507964,0.0
2024-09-26,340535080.19896424,-0.002890027621105648,-0.002890027621105684
2024-09-27,340580974.2556485,0.00013477042264615179,-0.002755646688703428
2024-09-30,339564162.27155304,-0.002985521978489057,-0.005732941623438403
2024-10-01,339736445.1389402,0.0005073646943030435,-0.00522848562130962
2024-10-02,336406022.7478761,-0.00980295884859242,-0.014980189840515856
2024-10-03,333685556.5244348,-0.008086853502858335,-0.022945900742688985
2024-10-04,333319096.648525,-0.001098219172944546,-0.024018920287497414
2024-10-07,333284703.3831688,-0.00010318420307147814,-0.024119626117420356
2024-10-08,331924769.80258805,-0.0040803960301091,-0.028101604520872292
2024-10-09,335565705.67861557,0.010969159903893185,-0.017440695610524526
2024-10-10,343881785.77897525,0.02478227053489284,0.0
2024-10-11,343365498.96928996,-0.0015013496818849408,-0.001501349681884978
2024-10-14,340496941.7158274,-0.008354238448747327,-0.009843045497394898
2024-10-15,339797546.17164075,-0.002054043541954496,-0.011876870995312205
2024-10-16,336716655.7192109,-0.00906684137993625,-0.020836026669844077
2024-10-17,340622466.3737873,0.011599695436014988,-0.009478022797295926
2024-10-18,338141676.7909073,-0.0072831061594088396,-0.016692099510490777
2024-10-21,334964009.3158591,-0.009397444009876313,-0.02593268044981001
2024-10-22,337518724.3247785,0.007626834340015357,-0.01850363036757785
2024-10-23,341436858.5100565,0.01160864243344248,-0.0071097899627932115
2024-10-24,336760071.63255,-0.013697369692056099,-0.020709774233296008
2024-10-25,334261752.3761351,-0.0074186920210092145,-0.027974826817443788
2024-10-28,329982735.0602206,-0.01280139676614708,-0.04041810672603652
2024-10-29,340439394.6629355,0.03168850516014601,-0.010010390949441894
2024-10-30,337981249.333432,-0.007220507873177408,-0.017158618715955254
2024-10-31,337313418.2110627,-0.0019759413390132994,-0.019100655630927332
2024-11-01,335165156.8695716,-0.006368739651343783,-0.025347748179387786
2024-11-04,339545034.9749454,0.013067820492683893,-0.012611167509805843
2024-11-05,344379703.4005596,0.014238666237516687,0.0
2024-11-06,344656366.16852736,0.000803365486513486,0.0
2024-11-07,352504494.14204836,0.022770877731831823,0.0
2024-11-08,359682051.607,0.020361605551784262,0.0
2024-11-11,355627115.1452386,-0.011273669185450396,-0.011273669185450363
2024-11-12,366586258.81818163,0.03081638943213688,0.0
2024-11-13,364363581.1269723,-0.00606317786808183,-0.006063177868081859
2024-11-14,364130891.931589,-0.0006386181480146982,-0.006697923960675367
2024-11-15,374000559.5318688,0.027104724754125144,0.0
2024-11-18,375016228.9030551,0.0027156894429718375,0.0
2024-11-19,368096190.20349264,-0.018452637955973152,-0.018452637955973183
2024-11-20,359315312.74971414,-0.023854844704924057,-0.04186729784806131
2024-11-21,371165014.54026335,0.03297856052910076,-0.0102694605352327
2024-11-22,372595358.87734646,0.0038536615280262087,-0.0064553740321846576
2024-11-25,379538144.80342346,0.018633581338737187,0.0
2024-11-26,377269201.2251722,-0.005978170071486255,-0.005978170071486266
2024-11-27,378969778.44776255,0.004507596212645362,-0.0014975210356136248
2024-11-28,383084029.29451114,0.010856408823944523,0.0
2024-11-29,387873147.2173275,0.012501481546061819,0.0
2024-12-02,391257228.8210917,0.008724712262352403,0.0
2024-12-03,397650789.07297504,0.01634106613479819,0.0
2024-12-04,408005237.2984535,0.026039048607491306,0.0
2024-12-05,396757197.93706894,-0.027568370043144063,-0.027568370043144053
2024-12-06,396906358.50499403,0.000375949242258623,-0.027202785108713434
2024-12-09,405453424.6160503,0.021534213115783896,-0.006254362564803495
2024-12-10,401614365.4339707,-0.009468557789874541,-0.015663700561294402
2024-12-11,398901592.2414067,-0.00675467171009354,-0.02231256911633117
2024-12-12,387896939.86239725,-0.027587386445802015,-0.04928441009532225
2024-12-13,393038958.96689963,0.013256147641501018,-0.03668158387046916
2024-12-16,393499418.1597892,0.0011715357533509788,-0.035553021904111914
2024-12-17,394835586.6609688,0.0033956047697051355,-0.03227814114516181
2024-12-18,395493324.82158005,0.001665853288893253,-0.03066605850385462
2024-12-19,395644528.2080529,0.00038231590012558116,-0.030295466725489217
2024-12-20,397715806.72864044,0.005235200724167137,-0.02521886885066238
2024-12-23,393257577.9122375,-0.011209584182920696,-0.03614576000020353
2024-12-24,398634905.0945059,0.01367380435697142,-0.022966205693808917
2024-12-25,397558351.2081662,-0.002700601158055894,-0.02560478429017199
2024-12-26,391161589.3294408,-0.01609012075657792,-0.041282920975574844
2024-12-27,385362412.95932597,-0.014825526146511975,-0.05549640609775908
2024-12-30,387181495.83817893,0.004720447084819772,-0.05103792686132147
2024-12-31,387995003.56215876,0.00210110176422231,-0.0490440609752697
2025-01-02,397835196.50304306,0.025361648605116235,-0.024926250610776135
2025-01-03,397469711.88267404,-0.0009186834739148615,-0.025822034750188294
2025-01-06,406348200.48067325,0.0223375224138336,-0.004061312616357782
2025-01-07,412512647.67284465,0.01517035681437597,0.0
2025-01-08,407652518.8849881,-0.0117817691536842,-0.01178176915368423
2025-01-09,405037262.7755364,-0.006415405249070861,-0.018121589579083164
2025-01-10,399922532.0195631,-0.012627802985148606,-0.030520556701249424
2025-01-13,409682534.17322993,0.024404731847390438,-0.006860670855986073
2025-01-14,406105266.47204185,-0.008731804269877606,-0.01553256909078915
2025-01-15,407857542.39044744,0.00431483180119317,-0.01128475771266313
2025-01-16,420711326.28086066,0.03151537621463949,0.0
2025-01-17,423682918.01404756,0.007063255842090426,0.0
2025-01-20,422700445.9990399,-0.0023188851219512704,-0.0023188851219512197
2025-01-21,427679986.51541436,0.011780305801678239,0.0
2025-01-22,440702433.6864844,0.030449045037557975,0.0
2025-01-23,446000499.72038835,0.012021866976284953,0.0
2025-01-24,453741843.71817267,0.01735725408970978,0.0
2025-02-03,442513681.2633587,-0.024745706419326788,-0.02474570641932683
2025-02-04,446481747.1884947,0.008967103375894056,-0.01600050035100431
2025-02-05,457561898.1495057,0.024816582157687173,0.0
2025-02-06,455134438.4004762,-0.005305205172997817,-0.005305205172997818
2025-02-07,454873835.6328207,-0.000572584154632099,-0.005874751651210763
2025-02-10,440995771.52380145,-0.030509699661472305,-0.036205214404218866
2025-02-11,448467268.0529038,0.01694233144976782,-0.019876283697097263
2025-02-12,460399365.02796996,0.0266063943236513,0.0
2025-02-13,460320387.42874825,-0.00017154150335743488,-0.0001715415033574086
2025-02-14,456791776.6290517,-0.00766555402728659,-0.007835780569982131
2025-02-17,454045363.10576284,-0.006012397034719683,-0.013801065780838173
2025-02-18,457411684.9814517,0.0074140650895816295,-0.0064893226912612345
2025-02-19,455113903.138226,-0.005023443691253524,-0.011480167635380845
2025-02-20,450336193.5140882,-0.010497832720980808,-0.021857483476916628
2025-02-21,452203387.9194992,0.00414622327119837,-0.017801886212360007
2025-02-24,452347964.8991204,0.0003197167104084355,-0.017487861062450483
2025-02-25,455174914.5912168,0.006249502399611457,-0.011347649092512846
2025-02-26,457861052.39240056,0.005901330928124906,-0.0055132843969391
2025-02-27,452864281.5150494,-0.01091329094545649,-0.016366407265706817
2025-02-28,461628382.9511537,0.019352600312800453,0.0
2025-03-03,458554390.9037309,-0.006659018727945147,-0.006659018727945165
2025-03-04,465139277.7534871,0.014360099871202878,0.0
2025-03-05,466708360.61252415,0.0033733613437578126,0.0
2025-03-06,473202684.1546345,0.013915164351431265,0.0
2025-03-07,468500878.9510192,-0.009936133840861264,-0.009936133840861228
2025-03-10,463966710.4827868,-0.00967803620429598,-0.019518007782114655
2025-03-11,465847303.14018,0.004053292218823935,-0.015543827752360961
2025-03-12,463626927.5977243,-0.004766316188778131,-0.020236057143287356
2025-03-13,459086797.84617,-0.009792636021119225,-0.029830528822299862
2025-03-14,457701805.75895154,-0.0030168414637846853,-0.032757376309846764
2025-03-17,463269687.7410362,0.012164867850700494,-0.0209909976130912
2025-03-18,458666644.96069956,-0.009935989558871549,-0.030718420838848792
2025-03-19,455332324.0793264,-0.007269595288881024,-0.037764705640317864
2025-03-20,456829279.06581396,0.0032876097463855284,-0.034601251508264874
2025-03-21,457213524.30068815,0.0008411134147529802,-0.03378924167032271
2025-03-24,459085853.27320385,0.004095086590842747,-0.029832524949958805
2025-03-25,460646501.06399924,0.00339946826866529,-0.02653447140323506
2025-03-26,454783546.87238383,-0.012727664658416328,-0.03892441420774273
2025-03-27,453117507.4523097,-0.0036633678406611534,-0.04244518760117866
2025-03-28,451751249.4328156,-0.003015239969817132,-0.04533244514481427
2025-03-31,447704176.2510558,-0.008958631961374829,-0.05388496041422752
2025-04-01,450262632.847502,0.005714614096008631,-0.048478278072564884
2025-04-02,450446535.1266357,0.00040843335803964604,-0.048089644860430436
2025-04-03,425467022.47652256,-0.055455000099158325,-0.1008778336990851
2025-04-04,413992624.9791572,-0.026968946807148883,-0.125126211575183
2025-04-08,391689741.240245,-0.053872659543234815,-0.1722579893222932
2025-04-09,370799951.56911826,-0.05333249118289738,-0.21640353280847568
2025-04-10,390185184.82616293,0.05227949241905768,-0.1754375072423361
2025-04-11,406669980.6806586,0.04224864627251295,-0.14060085815623602
2025-04-14,417799738.6598042,0.027368034297779637,-0.11708079296677343
2025-04-15,412074719.3841073,-0.013702783285746768,-0.1291792435195731
2025-04-16,399611683.4185814,-0.03024460220261339,-0.1555168708891025
2025-04-17,401856095.9448117,0.005616483749999171,-0.15077384511730274
2025-04-18,412162231.9851414,0.025646334955050854,-0.12899430669659118
2025-04-21,401307475.96323603,-0.026336124903110193,-0.1519332214267498
2025-04-22,391534211.5658138,-0.024353556768320926,-0.17258666386206056
2025-04-23,409015595.0724799,0.044648418938296644,-0.1356439665950402
2025-04-24,419055720.4504234,0.024547047836071745,-0.11442657769565134
2025-04-25,417783085.3421758,-0.00303691143239792,-0.11711598574607518
2025-04-28,421819511.66850644,0.009661536017009205,-0.10858597004351922
2025-04-29,419030833.89714867,-0.006611068701699369,-0.11447916943722025
2025-05-05,425647751.80820864,0.0157910048039188,-0.10049590574783318
2025-05-06,436482371.103218,0.025454426222110797,-0.07759954514420486
2025-05-07,432966417.11361164,-0.0080552027352668,-0.0850296678111706
2025-05-08,435939225.0372111,0.006866139742241043,-0.07874735365035734
2025-05-09,442529378.9461989,0.015117139111364055,-0.0648206492387775
2025-05-12,442014748.98499453,-0.0011629283516268348,-0.0659081958196337
2025-05-13,446117072.22422796,0.009280964602773242,-0.057238922849295215
2025-05-14,459511267.1409669,0.03002394606859322,-0.028933515113353514
2025-05-15,462817436.60290396,0.0071949693040341,-0.021946721562417837
2025-05-16,462058925.68953466,-0.001638898739288637,-0.023549651847406317
2025-05-19,450489802.84919006,-0.0250381979378061,-0.047998208940890574
2025-05-20,451463253.69846284,0.002160872106573894,-0.045941054825182626
2025-05-21,447434324.79896504,-0.008924156875431487,-0.05445522652033141
2025-05-22,435973568.475695,-0.02561438782869287,-0.07867477705763315
2025-05-23,443448398.74673843,0.017145145512325096,-0.06287852204611089
2025-05-26,452648015.36508155,0.020745630482245096,-0.04343734614750416
2025-05-27,456206909.27495944,0.00786238708460366,-0.03591648029224004
2025-05-28,452157545.7872857,-0.008876155545538169,-0.044473835572056086
2025-05-29,453346002.86477566,0.00262841367696443,-0.04196231753277624
2025-05-30,448494227.2464881,-0.010702147118598846,-0.05221537775570195
2025-06-02,448101704.97702,-0.0008752002715351398,-0.053044879114447
2025-06-03,451168948.5502823,0.006844971887396794,-0.04656299793335905
2025-06-04,451494892.84842294,0.0007224439961747919,-0.045874193095485016
2025-06-05,453543292.32147044,0.00453692722884285,-0.041545393742398296
2025-06-06,451605866.598096,-0.0042717547722019526,-0.0456396767806182
2025-06-09,443432165.46589744,-0.018099191655259673,-0.06291282717874136
2025-06-10,458890795.9372105,0.034861319667848764,-0.03024473169037878
2025-06-11,472845368.87376237,0.030409354600481588,-0.0007550998606663528
2025-06-12,470858645.235785,-0.004201634971511725,-0.0049535621781965355
2025-06-13,456550595.89239764,-0.030387143759933583,-0.0351901813320975
2025-06-16,457531498.6071799,0.0021485082345909863,-0.03311727949187526
2025-06-17,455386982.54736567,-0.004687144090281354,-0.037649198121300076
2025-06-18,453622918.42808115,-0.003873769314653229,-0.04137712312754971
2025-06-19,457215128.0643393,0.00791893330413297,-0.03378585250178068
2025-06-20,450316787.8040284,-0.015087734059709753,-0.048363834603962985
2025-06-23,458799364.63927686,0.018836910070827672,-0.03043794973625058
2025-06-24,462988526.71336854,0.009130705918447227,-0.021585163785605488
2025-06-25,470237046.0293672,0.01565593723769781,-0.00626716251740056
2025-06-26,469445749.67474693,-0.001682760559385744,-0.007939376942882825
2025-06-27,465902133.07618856,-0.007548511411624331,-0.015427957877052534
2025-06-30,469565665.30186987,0.007863308548283059,-0.0076859641218266495
2025-07-01,463427747.5715336,-0.013071478994083528,-0.020656976197342525
2025-07-02,467716835.9047767,0.009255139243860271,-0.011593020144545774
2025-07-03,473513887.583863,0.012394361789162877,0.0
2025-07-04,477131144.53862417,0.007639178173249466,0.0
2025-07-07,478053736.7090323,0.0019336238704355739,0.0
2025-07-08,482186147.7987027,0.008644239700160768,0.0
2025-07-09,477577779.4274409,-0.00955723923696307,-0.009557239236963055
2025-07-10,481015684.6938256,0.0071986290285665335,-0.0024274092282007276
2025-07-11,475470912.6539345,-0.011527216713152426,-0.013926644669128185
2025-07-14,493910320.94503117,0.038781359280578284,0.0
2025-07-15,506741215.1601316,0.02597818606128783,0.0
2025-07-16,522921888.5385207,0.031930841412368606,0.0
2025-07-17,543036536.7264928,0.03846587536082903,0.0
2025-07-18,561192779.713477,0.033434661867197485,0.0
2025-07-21,536167505.9950614,-0.04459300729277476,-0.04459300729277471
2025-07-22,553989398.196926,0.0332394111963002,-0.012835841402358716
2025-07-23,547522499.0630878,-0.01167332652012123,-0.02435933095462972
2025-07-24,552910189.3295858,0.009840125795227235,-0.014758904040283571
2025-07-25,565485973.9170088,0.02274471483817534,0.0
2025-07-28,583926772.3651547,0.032610532000308064,0.0
2025-07-29,543986024.6133038,-0.06840026805086148,-0.06840026805086152
2025-07-30,554815488.0594089,0.019907613350551277,-0.049854340789740825
2025-07-31,576965660.4700845,0.03992349328269624,-0.011921206946677088
2025-08-01,567241188.5299226,-0.01685450730679344,-0.028574788183881927
2025-08-04,572380484.874778,0.00906016073722461,-0.01977351962063545
2025-08-05,554184401.8208975,-0.03179018770680381,-0.05093510342707508
2025-08-06,567932697.9734144,0.024808161520504444,-0.027390548179453078
2025-08-07,579279552.2788059,0.019979223499335463,-0.007958566563964209
2025-08-08,592420724.3830936,0.022685371946225594,0.0
2025-08-11,600662300.232211,0.01391169402066346,0.0
2025-08-12,612096216.9404941,0.019035515802910904,0.0
2025-08-13,630751223.2431027,0.03047724489436305,0.0
2025-08-14,645399040.5783509,0.023222812410785772,0.0
2025-08-15,648443462.0957117,0.0047171150341851435,0.0
2025-08-18,670898540.1080785,0.03462919949843268,0.0
2025-08-19,657001411.8218157,-0.020714202603606787,-0.02071420260360679
2025-08-20,645496550.6401503,-0.017511166604289786,-0.03786263935502976
2025-08-21,635245815.2359314,-0.015880387577676562,-0.0531417535450347
2025-08-22,621578168.0303062,-0.02151552497917517,-0.07351390579837447
2025-08-25,622350902.5854564,0.001243181622029677,-0.07236211531299697
2025-08-26,632685459.7675967,0.01660567557499652,-0.05695806154880856
2025-08-27,645347534.1460677,0.020013221709128823,-0.03808475415357826
2025-08-28,644481664.2821159,-0.001341710966785567,-0.039375366388048616
2025-08-29,647889262.5526421,0.005287347118434894,-0.03429621049962295
2025-09-03,662534546.2243549,0.022604609334026124,-0.01246685360557831
2025-09-04,668570998.9183162,0.009111151604639874,-0.003469289394171682
2025-09-05,653634983.1870601,-0.022340208826618517,-0.02573199357124445
2025-09-08,629087678.6597964,-0.037555065378498426,-0.062320692248855725
2025-09-09,641843688.1947833,0.02027699789346102,-0.0433073709008438
2025-09-10,647800856.5704283,0.009281338252931565,-0.03442798300608807
2025-09-11,654371278.7303011,0.01014265741273925,-0.024634516830391195
2025-09-12,660700806.6062391,0.00967268595317835,-0.015200112822121525
2025-09-15,674101035.0711257,0.02028184063179578,0.0
2025-09-16,663277871.7887096,-0.01605569895212241,-0.016055698952122444
2025-09-17,654853192.0533133,-0.012701584198304309,-0.028553350338323735
2025-09-18,649477421.6269939,-0.008209123039415078,-0.03652807541162395
2025-09-19,647395125.8364038,-0.0032061095909596475,-0.03961707198966713
2025-09-22,630348949.3254771,-0.026330406008083347,-0.06490434440741111
2025-09-23,646500134.7476943,0.025622610205823564,-0.040944752919003125
2025-09-24,655288750.5260386,0.013594143768855165,-0.027907218007909074
2025-09-25,656261999.8271688,0.0014852220495909496,-0.02646344437384629
2025-09-26,646429209.64733,-0.014983025350284354,-0.041049967266221454
2025-09-29,640689436.7510294,-0.008879197923980106,-0.04956467440607182
2025-09-30,629937805.4052895,-0.01678134635754562,-0.06551425879531025
2025-10-01,633398374.977765,0.00549350990332922,-0.06038065212148225
2025-10-02,618303132.0755035,-0.023832146558303697,-0.08277379812914087
2025-10-03,602587372.2719448,-0.025417564602664172,-0.10608745437044975
2025-10-06,625999915.6589361,0.03885335880624032,-0.07135594949370516
2025-10-07,616522740.3609965,-0.015139259704154837,-0.08541493294703817
2025-10-08,634166346.9934896,0.028617933252814268,-0.059241398544095936
2025-10-09,637240107.2517066,0.004846930577110129,-0.05468160691301993
2025-10-10,635450247.9354343,-0.002808767520913861,-0.057336786512445115
2025-10-13,638380591.0860955,0.004611443870203433,-0.05298974801494161
2025-10-14,636585065.8821366,-0.0028126249905312596,-0.05565333271596418
2025-10-15,636257545.1973515,-0.0005144963373139638,-0.05613919561743641
2025-10-16,630854781.3349417,-0.00849147315138543,-0.064153964296496
2025-10-17,633076429.2696896,0.0035216471373120473,-0.0608582447838959
2025-10-20,603778964.7463748,-0.04627792659586453,-0.10431977799489811
2025-10-21,611709539.3051916,0.013134897076363254,-0.092555110465527
2025-10-22,613075153.7642244,0.002232455718418096,-0.0905292799327364
2025-10-23,604085130.2365115,-0.014663819716905885,-0.10386559460960743
2025-10-24,587405433.0468761,-0.02761150101990585,-0.1286092106580169
2025-10-27,587678755.4688765,0.00046530455222840356,-0.12820374855696626
2025-10-28,595608620.4306936,0.013493536882221211,-0.11644013368433748
2025-10-29,593409590.1789021,-0.0036920725730956094,-0.11970230083344957
2025-10-30,581318374.6217494,-0.020375834427460916,-0.13763910099854193
2025-10-31,574834630.8416767,-0.011153515978729406,-0.14725745706498616
2025-11-03,572540995.2434072,-0.003990079016135659,-0.15065996719171737
2025-11-04,577708293.5528181,0.009025202304009708,-0.14299450157072835
2025-11-05,575559745.4573643,-0.003719088196294527,-0.14618178060409615
2025-11-06,575636944.517479,0.0001341286647023524,-0.14606725910643004
2025-11-07,556975552.3359301,-0.03241868396266944,-0.1737506347588348
2025-11-10,539931951.5781232,-0.030600267258278774,-0.19903408615719764
2025-11-11,547058540.5429888,0.013199050258159085,-0.18846209680531412
2025-11-12,567648946.9987333,0.0376383968620749,-0.1579171111362564
2025-11-13,577182912.246265,0.016795530579136346,-0.14377388222617793
2025-11-14,581797415.7289543,0.007994871963084736,-0.1369284640431272
2025-11-17,580360457.359091,-0.0024698603517563865,-0.13906013021051655
2025-11-18,580941477.8184726,0.0010011372277592663,-0.13819821125600806
2025-11-19,571080462.6404235,-0.01697419715162836,-0.15282660472377452
2025-11-20,575751713.7843114,0.008179672479583837,-0.145897003816998
2025-11-21,564041851.4693956,-0.020338388987066976,-0.16326808278838723
2025-11-24,566210501.748842,0.0038448393036736076,-0.16005098302645393
2025-11-25,548781139.9211627,-0.030782477142062163,-0.18590669444193963
2025-11-26,583677410.3685992,0.06358868391951226,-0.13413957255381725
2025-11-27,580470527.7985604,-0.005494272200826843,-0.1388968454301308
2025-11-28,566438282.933989,-0.02417391442385326,-0.15971307939881296
2025-12-01,566444572.1451259,1.1103082765242505e-05,-0.1597037496235869
2025-12-02,562771159.4425924,-0.0064850346939017665,-0.1651530999604336
2025-12-03,565203726.021336,0.004322479107054739,-0.16154449167742313
2025-12-04,571719110.6763804,0.01152749770584224,-0.15187919772878378
2025-12-05,565772018.4532132,-0.01040212249706222,-0.16070145420631565
2025-12-08,555509304.0502663,-0.018139310655561573,-0.17592575126122845
2025-12-09,552999831.7131102,-0.00451742629486001,-0.17964844594139795
2025-12-10,548232370.3009439,-0.00862109016814251,-0.186720770658513
2025-12-11,549879020.9968302,0.003003563425090112,-0.18427803491087746
2025-12-12,529718357.03980446,-0.03666381728926149,-0.21418551599774238
2025-12-15,525150486.2733443,-0.008623206475204216,-0.2209617565444999
2025-12-16,543014238.0008254,0.03401644327561933,-0.1944616463264578
2025-12-17,535136034.4068255,-0.01450828181412795,-0.20614862377364218
2025-12-18,533709975.7760449,-0.0026648525591465733,-0.20826412064516098
2025-12-19,532270011.1321164,-0.002698028347389866,-0.21040024649130595
2025-12-22,547568739.9550025,0.028742421145137226,-0.1877052378398626
2025-12-23,544565768.4207811,-0.00548419096106214,-0.19216001743221933
2025-12-24,543570260.2685372,-0.0018280769926668464,-0.19363681111810782
2025-12-25,537363769.7318118,-0.011418009759509731,-0.2028438738784707
2025-12-26,530900733.0787065,-0.012027302578160117,-0.21243151180936826
2025-12-29,535018812.5186801,0.0077567785904019155,-0.20632251742169605
2025-12-30,532087782.4663608,-0.005478368206383307,-0.21067057490837537
2025-12-31,534352829.19260335,0.004256904219344185,-0.2073104751482503
2026-01-05,507978951.4908347,-0.049356672709338974,-0.2464349925864795
2026-01-06,506892856.97849846,-0.0021380699124417366,-0.24804616725589923
2026-01-07,516536081.5006145,0.019024187043387583,-0.23374085689378332
2026-01-08,516363649.9397483,-0.0003338228771266031,-0.2339966517255596
2026-01-09,508895323.8571855,-0.014463307173993063,-0.24507559344796004
2026-01-12,527747763.9563043,0.03704581122150281,-0.21710880639632812
2026-01-13,530371855.0124488,0.004972244764189549,-0.21321607975800216
2026-01-14,522321801.02217126,-0.015178131935542807,-0.22515798990419877
2026-01-15,523653115.62239444,0.0025488398102813874,-0.22318304174218817
2026-01-16,522788666.8035171,-0.001650804307446711,-0.22446541452297786
2026-01-19,523380984.6732286,0.0011329967677630103,-0.2235867363443439
2026-01-20,530464135.40200883,0.013533450652974247,-0.21307918575434537
2026-01-21,518337122.9450083,-0.02286113546170313,-0.23106908908644908
2026-01-22,527489856.5617819,0.017657877878341048,-0.21749140096465602
2026-01-23,522912321.81432974,-0.008677957861197278,-0.2242819776131093
2026-01-26,509957776.8795255,-0.024773837590700388,-0.24349948991590142
2026-01-27,516566936.12564355,0.012960208757987906,-0.23369508537968708
2026-01-28,512295030.37053347,-0.00826980098097304,-0.24003227451433862
2026-01-29,518391806.8143681,0.011900908816985746,-0.23098796790948173
2026-01-30,519306666.9540825,0.001764804396381913,-0.22963081209437786
2026-02-02,519061519.5462749,-0.0004720667447723422,-0.22999447776918536
2026-02-03,529813456.46707195,0.0207141861145777,-0.2140444400724436
2026-02-04,532019437.6707766,0.004163694177219822,-0.21077196148401967
2026-02-05,525151330.6066621,-0.01290950401019863,-0.22096050401220302
2026-02-06,514717857.7538681,-0.019867554826036714,-0.2364381139103885
2026-02-09,516695156.6870732,0.003841519977242734,-0.2335048756711141
2026-02-10,518719605.1855496,0.003918071366212777,-0.2305016930721394
2026-02-11,527161486.8577062,0.016274460397803652,-0.217978523349865
2026-02-12,527946709.11011463,0.0014895288673096782,-0.21681367978553845
2026-02-13,530827609.17546004,0.005456800877121355,-0.2125399879864428
2026-02-23,539941870.4760172,0.017169908164186246,-0.19901937189720098
2026-02-24,554768876.9154024,0.027460375366543742,-0.17702414318816817
2026-02-25,545826653.9691021,-0.016118825908223906,-0.19028954775078943
2026-02-26,546116261.7864519,0.0005305857001372921,-0.18985992696357434
2026-02-27,542288215.9039081,-0.007009580469223758,-0.195538668996866
2026-03-02,524520191.25586027,-0.032764910110450025,-0.22189677219451664
2026-03-03,521895445.5525099,-0.0050040889695131254,-0.2257904699739206
2026-03-04,519524861.5171529,-0.0045422585223892035,-0.2293071298097965
2026-03-05,528936949.9031476,0.018116723728117328,-0.21534470000133088
2026-03-06,520870575.6463938,-0.015250162156814375,-0.22731082056351437
2026-03-09,498025376.903203,-0.043859645392408976,-0.26120069397215007
2026-03-10,491119896.8505254,-0.013865719244302266,-0.27144467772741765
2026-03-11,504394481.0322322,0.027029212758095663,-0.2517524009156691
2026-03-12,497429872.21420056,-0.013807860870679532,-0.2620840996606455
2026-03-13,502180762.25590056,0.009550874016778396,-0.2550363578615267
2026-03-16,503887991.9714547,0.0033996318534483217,-0.2525037557340518
2026-03-17,500712586.0062409,-0.006301809163560427,-0.25721433441589403
2026-03-18,502729918.6458624,0.004028923370415043,-0.25422170788861287
2026-03-19,501692188.5390924,-0.002064190071609775,-0.2557611360348113
2026-03-20,495354901.9379972,-0.012631822352166026,-0.2651622291519975
2026-03-23,472182197.5569172,-0.046780004175633494,-0.2995379431406803
2026-03-24,485656622.76873374,0.02853649561871153,-0.2795492107240406
2026-03-25,498035132.96277773,0.02548819394961397,-0.26118622127582247
2026-03-26,498207937.7355311,0.0003469730573531105,-0.26092987280020397
2026-03-27,516241403.0317074,0.03619666394345809,-0.23417799977530407
2026-03-30,515420374.1255969,-0.0015903972468866425,-0.23539596097606663
2026-03-31,515955089.48242044,0.0010374354287618149,-0.2346027336570089
2026-04-01,531004948.7443559,0.02916893266240036,-0.21227691233506485
2026-04-02,525719056.8161819,-0.009954505962088179,-0.22011830650769992
2026-04-03,518466430.0299636,-0.013795632271999172,-0.23087726756678373
2026-04-06,517058447.43753636,-0.0027156678058131603,-0.23296594940997162
2026-04-07,518013270.55183244,0.00184664445388725,-0.23154951023450687
2026-04-08,531796124.8997495,0.026607145282657323,-0.2111032364107872
2026-04-09,525499633.7872201,-0.01184004699868087,-0.22044381116879075
2026-04-10,528044709.5122651,0.004843154136384216,-0.21666830038830898
2026-04-13,526343221.22216594,-0.003222242850744105,-0.21919238535714392
2026-04-14,534063004.3362308,0.014666823477159219,-0.20774041790355546
2026-04-15,554395540.0306196,0.038071417659156975,-0.17757797245909246
2026-04-16,567135277.3034749,0.022979508947982622,-0.15867911811819824
2026-04-17,556094634.7015414,-0.01946738819427312,-0.17505743832173948
2026-04-20,565983907.0773003,0.017783434254974435,-0.16038712651200393
2026-04-21,561963667.7491441,-0.007103098299943643,-0.16635097928628728
2026-04-22,564874657.4662471,0.0051800318849126135,-0.1620326507781641
2026-04-23,556537519.0071948,-0.014759271546096034,-0.1744004384320914
2026-04-24,557663295.8573838,0.0020228229216196583,-0.17273039671487278
2026-04-28,560169976.4083419,0.004494971373549198,-0.16901184352989873
2026-04-29,562928341.9233414,0.004924158079098422,-0.1649199264855814
2026-05-04,558415808.477144,-0.00801617738907859,-0.17161407648895777
2026-05-05,559918291.4443004,0.00269061682056214,-0.169385207389242
2026-05-06,557411610.8933425,-0.004476868481099225,-0.17310376057421584
2026-05-07,556659098.2735822,-0.001350012459471828,-0.17422008080013107
2026-05-08,553900732.7585827,-0.004955215002421195,-0.1783119978444484
2026-05-11,549136514.3483441,-0.008601213409687085,-0.1853795117071677
2026-05-12,550641539.5878644,0.0027407123733272643,-0.18314687125533768
2026-05-13,550890682.2795419,0.00045245894790996985,-0.1827772787481089
2026-05-14,558916636.1328628,0.014569049924950984,-0.1708711201223858
2026-05-15,556409955.5819049,-0.0044848916437728705,-0.17458967330735964
2026-05-18,561423316.683821,0.009010193026961566,-0.16715256693741154
2026-05-19,560421661.3723834,-0.0017841355741227845,-0.16863847967055545
2026-05-20,568445072.9533403,0.014316740650796543,-0.15673609239694686
2026-05-21,564227852.3191705,-0.007418870942550995,-0.1629921584979651
2026-05-22,567092757.4596299,0.005077567739138848,-0.15874219448454818
2026-05-25,559313288.8649938,-0.013718158964831932,-0.17028270279101476
2026-05-26,555240488.6121628,-0.007281787030477777,-0.1763245274447942
2026-05-27,549982257.965972,-0.009470185899688184,-0.1841248872909056
2026-05-28,544286681.5107293,-0.01035592761902335,-0.1925740309042835
2026-05-29,543180915.8801936,-0.002031586787070637,-0.194214386834636
