date,equity,portfolio_return,drawdown
2018-01-02,100000000.0,0.0,0.0
2018-01-03,100000000.0,0.0,0.0
2018-01-04,100000000.0,0.0,0.0
2018-01-05,100000000.0,0.0,0.0
2018-01-08,100000000.0,0.0,0.0
2018-01-09,100000000.0,0.0,0.0
2018-01-10,100000000.0,0.0,0.0
2018-01-11,100000000.0,0.0,0.0
2018-01-12,100000000.0,0.0,0.0
2018-01-15,100000000.0,0.0,0.0
2018-01-16,100000000.0,0.0,0.0
2018-01-17,100000000.0,0.0,0.0
2018-01-18,100000000.0,0.0,0.0
2018-01-19,100000000.0,0.0,0.0
2018-01-22,100000000.0,0.0,0.0
2018-01-23,100000000.0,0.0,0.0
2018-01-24,100000000.0,0.0,0.0
2018-01-25,100000000.0,0.0,0.0
2018-01-26,100000000.0,0.0,0.0
2018-01-29,100000000.0,0.0,0.0
2018-01-30,100000000.0,0.0,0.0
2018-01-31,100000000.0,0.0,0.0
2018-02-01,100000000.0,0.0,0.0
2018-02-02,100000000.0,0.0,0.0
2018-02-05,100000000.0,0.0,0.0
2018-02-06,100000000.0,0.0,0.0
2018-02-07,100000000.0,0.0,0.0
2018-02-08,100000000.0,0.0,0.0
2018-02-09,100000000.0,0.0,0.0
2018-02-12,100000000.0,0.0,0.0
2018-02-13,100000000.0,0.0,0.0
2018-02-21,100000000.0,0.0,0.0
2018-02-22,100000000.0,0.0,0.0
2018-02-23,100000000.0,0.0,0.0
2018-02-26,100000000.0,0.0,0.0
2018-02-27,100000000.0,0.0,0.0
2018-02-28,100000000.0,0.0,0.0
2018-03-01,100000000.0,0.0,0.0
2018-03-02,100000000.0,0.0,0.0
2018-03-05,100000000.0,0.0,0.0
2018-03-06,100000000.0,0.0,0.0
2018-03-07,100000000.0,0.0,0.0
2018-03-08,100000000.0,0.0,0.0
2018-03-09,100000000.0,0.0,0.0
2018-03-12,100000000.0,0.0,0.0
2018-03-13,100000000.0,0.0,0.0
2018-03-14,100000000.0,0.0,0.0
2018-03-15,100000000.0,0.0,0.0
2018-03-16,100000000.0,0.0,0.0
2018-03-19,100000000.0,0.0,0.0
2018-03-20,100000000.0,0.0,0.0
2018-03-21,100000000.0,0.0,0.0
2018-03-22,100000000.0,0.0,0.0
2018-03-23,100000000.0,0.0,0.0
2018-03-26,100000000.0,0.0,0.0
2018-03-27,100000000.0,0.0,0.0
2018-03-28,100000000.0,0.0,0.0
2018-03-29,100000000.0,0.0,0.0
2018-03-30,100000000.0,0.0,0.0
2018-04-02,100000000.0,0.0,0.0
2018-04-03,100000000.0,0.0,0.0
2018-04-04,100000000.0,0.0,0.0
2018-04-05,100000000.0,0.0,0.0
2018-04-06,100000000.0,0.0,0.0
2018-04-09,100000000.0,0.0,0.0
2018-04-10,100000000.0,0.0,0.0
2018-04-11,100000000.0,0.0,0.0
2018-04-12,100000000.0,0.0,0.0
2018-04-13,100000000.0,0.0,0.0
2018-04-16,100000000.0,0.0,0.0
2018-04-17,100000000.0,0.0,0.0
2018-04-18,100000000.0,0.0,0.0
2018-04-19,100000000.0,0.0,0.0
2018-04-20,100000000.0,0.0,0.0
2018-04-23,100000000.0,0.0,0.0
2018-04-24,100000000.0,0.0,0.0
2018-04-26,100000000.0,0.0,0.0
2018-04-27,100000000.0,0.0,0.0
2018-05-02,100000000.0,0.0,0.0
2018-05-03,100000000.0,0.0,0.0
2018-05-04,100000000.0,0.0,0.0
2018-05-07,100000000.0,0.0,0.0
2018-05-08,100000000.0,0.0,0.0
2018-05-09,100000000.0,0.0,0.0
2018-05-10,100000000.0,0.0,0.0
2018-05-11,100000000.0,0.0,0.0
2018-05-14,100000000.0,0.0,0.0
2018-05-15,100000000.0,0.0,0.0
2018-05-16,100000000.0,0.0,0.0
2018-05-17,100000000.0,0.0,0.0
2018-05-18,100000000.0,0.0,0.0
2018-05-21,100000000.0,0.0,0.0
2018-05-22,100000000.0,0.0,0.0
2018-05-23,100000000.0,0.0,0.0
2018-05-24,100000000.0,0.0,0.0
2018-05-25,100000000.0,0.0,0.0
2018-05-28,100000000.0,0.0,0.0
2018-05-29,100000000.0,0.0,0.0
2018-05-30,100000000.0,0.0,0.0
2018-05-31,100000000.0,0.0,0.0
2018-06-01,100000000.0,0.0,0.0
2018-06-04,100000000.0,0.0,0.0
2018-06-05,100000000.0,0.0,0.0
2018-06-06,100000000.0,0.0,0.0
2018-06-07,100000000.0,0.0,0.0
2018-06-08,100000000.0,0.0,0.0
2018-06-11,100000000.0,0.0,0.0
2018-06-12,100000000.0,0.0,0.0
2018-06-13,100000000.0,0.0,0.0
2018-06-14,100000000.0,0.0,0.0
2018-06-15,100000000.0,0.0,0.0
2018-06-18,100000000.0,0.0,0.0
2018-06-19,100000000.0,0.0,0.0
2018-06-20,100000000.0,0.0,0.0
2018-06-21,100000000.0,0.0,0.0
2018-06-22,100000000.0,0.0,0.0
2018-06-25,100000000.0,0.0,0.0
2018-06-26,100000000.0,0.0,0.0
2018-06-27,100000000.0,0.0,0.0
2018-06-28,100000000.0,0.0,0.0
2018-06-29,100000000.0,0.0,0.0
2018-07-02,100000000.0,0.0,0.0
2018-07-03,100000000.0,0.0,0.0
2018-07-04,100000000.0,0.0,0.0
2018-07-05,100000000.0,0.0,0.0
2018-07-06,100000000.0,0.0,0.0
2018-07-09,100000000.0,0.0,0.0
2018-07-10,100000000.0,0.0,0.0
2018-07-11,100000000.0,0.0,0.0
2018-07-12,100000000.0,0.0,0.0
2018-07-13,100000000.0,0.0,0.0
2018-07-16,100000000.0,0.0,0.0
2018-07-17,100000000.0,0.0,0.0
2018-07-18,100000000.0,0.0,0.0
2018-07-19,100000000.0,0.0,0.0
2018-07-20,100000000.0,0.0,0.0
2018-07-23,100000000.0,0.0,0.0
2018-07-24,100000000.0,0.0,0.0
2018-07-25,100000000.0,0.0,0.0
2018-07-26,100000000.0,0.0,0.0
2018-07-27,100000000.0,0.0,0.0
2018-07-30,100000000.0,0.0,0.0
2018-07-31,100000000.0,0.0,0.0
2018-08-01,100000000.0,0.0,0.0
2018-08-02,100000000.0,0.0,0.0
2018-08-03,100000000.0,0.0,0.0
2018-08-06,100000000.0,0.0,0.0
2018-08-07,100000000.0,0.0,0.0
2018-08-08,100000000.0,0.0,0.0
2018-08-09,100000000.0,0.0,0.0
2018-08-10,100000000.0,0.0,0.0
2018-08-13,100000000.0,0.0,0.0
2018-08-14,100000000.0,0.0,0.0
2018-08-15,100000000.0,0.0,0.0
2018-08-16,100000000.0,0.0,0.0
2018-08-17,100000000.0,0.0,0.0
2018-08-20,100000000.0,0.0,0.0
2018-08-21,100000000.0,0.0,0.0
2018-08-22,100000000.0,0.0,0.0
2018-08-23,100000000.0,0.0,0.0
2018-08-24,100000000.0,0.0,0.0
2018-08-27,100000000.0,0.0,0.0
2018-08-28,100000000.0,0.0,0.0
2018-08-29,100000000.0,0.0,0.0
2018-08-30,100000000.0,0.0,0.0
2018-08-31,100000000.0,0.0,0.0
2018-09-04,100000000.0,0.0,0.0
2018-09-05,100000000.0,0.0,0.0
2018-09-06,100000000.0,0.0,0.0
2018-09-07,100000000.0,0.0,0.0
2018-09-10,100000000.0,0.0,0.0
2018-09-11,100000000.0,0.0,0.0
2018-09-12,100000000.0,0.0,0.0
2018-09-13,100000000.0,0.0,0.0
2018-09-14,100000000.0,0.0,0.0
2018-09-17,100000000.0,0.0,0.0
2018-09-18,100000000.0,0.0,0.0
2018-09-19,100000000.0,0.0,0.0
2018-09-20,100000000.0,0.0,0.0
2018-09-21,100000000.0,0.0,0.0
2018-09-24,100000000.0,0.0,0.0
2018-09-25,100000000.0,0.0,0.0
2018-09-26,100000000.0,0.0,0.0
2018-09-27,100000000.0,0.0,0.0
2018-09-28,100000000.0,0.0,0.0
2018-10-01,100000000.0,0.0,0.0
2018-10-02,100000000.0,0.0,0.0
2018-10-03,100000000.0,0.0,0.0
2018-10-04,100000000.0,0.0,0.0
2018-10-05,100000000.0,0.0,0.0
2018-10-08,100000000.0,0.0,0.0
2018-10-09,100000000.0,0.0,0.0
2018-10-10,100000000.0,0.0,0.0
2018-10-11,100000000.0,0.0,0.0
2018-10-12,100000000.0,0.0,0.0
2018-10-15,100000000.0,0.0,0.0
2018-10-16,100000000.0,0.0,0.0
2018-10-17,100000000.0,0.0,0.0
2018-10-18,100000000.0,0.0,0.0
2018-10-19,100000000.0,0.0,0.0
2018-10-22,100000000.0,0.0,0.0
2018-10-23,100000000.0,0.0,0.0
2018-10-24,100000000.0,0.0,0.0
2018-10-25,100000000.0,0.0,0.0
2018-10-26,100000000.0,0.0,0.0
2018-10-29,100000000.0,0.0,0.0
2018-10-30,100000000.0,0.0,0.0
2018-10-31,100000000.0,0.0,0.0
2018-11-01,100000000.0,0.0,0.0
2018-11-02,100000000.0,0.0,0.0
2018-11-05,100000000.0,0.0,0.0
2018-11-06,100000000.0,0.0,0.0
2018-11-07,100000000.0,0.0,0.0
2018-11-08,100000000.0,0.0,0.0
2018-11-09,100000000.0,0.0,0.0
2018-11-12,100000000.0,0.0,0.0
2018-11-13,100000000.0,0.0,0.0
2018-11-14,100000000.0,0.0,0.0
2018-11-15,100000000.0,0.0,0.0
2018-11-16,100000000.0,0.0,0.0
2018-11-19,100000000.0,0.0,0.0
2018-11-20,100000000.0,0.0,0.0
2018-11-21,100000000.0,0.0,0.0
2018-11-22,100000000.0,0.0,0.0
2018-11-23,100000000.0,0.0,0.0
2018-11-26,100000000.0,0.0,0.0
2018-11-27,100000000.0,0.0,0.0
2018-11-28,100000000.0,0.0,0.0
2018-11-29,100000000.0,0.0,0.0
2018-11-30,100000000.0,0.0,0.0
2018-12-03,100000000.0,0.0,0.0
2018-12-04,100000000.0,0.0,0.0
2018-12-05,100000000.0,0.0,0.0
2018-12-06,100000000.0,0.0,0.0
2018-12-07,100000000.0,0.0,0.0
2018-12-10,100000000.0,0.0,0.0
2018-12-11,100000000.0,0.0,0.0
2018-12-12,100000000.0,0.0,0.0
2018-12-13,100000000.0,0.0,0.0
2018-12-14,100000000.0,0.0,0.0
2018-12-17,100000000.0,0.0,0.0
2018-12-18,100000000.0,0.0,0.0
2018-12-19,100000000.0,0.0,0.0
2018-12-20,100000000.0,0.0,0.0
2018-12-21,100000000.0,0.0,0.0
2018-12-24,100000000.0,0.0,0.0
2018-12-25,100000000.0,0.0,0.0
2018-12-26,100000000.0,0.0,0.0
2018-12-27,100000000.0,0.0,0.0
2018-12-28,100000000.0,0.0,0.0
2019-01-02,100000000.0,0.0,0.0
2019-01-03,100000000.0,0.0,0.0
2019-01-04,100000000.0,0.0,0.0
2019-01-07,100000000.0,0.0,0.0
2019-01-08,100000000.0,0.0,0.0
2019-01-09,100000000.0,0.0,0.0
2019-01-10,100000000.0,0.0,0.0
2019-01-11,100000000.0,0.0,0.0
2019-01-14,100000000.0,0.0,0.0
2019-01-15,100000000.0,0.0,0.0
2019-01-16,100000000.0,0.0,0.0
2019-01-17,100000000.0,0.0,0.0
2019-01-18,100000000.0,0.0,0.0
2019-01-21,100000000.0,0.0,0.0
2019-01-22,100000000.0,0.0,0.0
2019-01-23,100000000.0,0.0,0.0
2019-01-24,100000000.0,0.0,0.0
2019-01-25,100000000.0,0.0,0.0
2019-01-28,100000000.0,0.0,0.0
2019-01-29,100000000.0,0.0,0.0
2019-01-30,100000000.0,0.0,0.0
2019-01-31,100000000.0,0.0,0.0
2019-02-01,100000000.0,0.0,0.0
2019-02-11,100000000.0,0.0,0.0
2019-02-12,100000000.0,0.0,0.0
2019-02-13,100000000.0,0.0,0.0
2019-02-14,100000000.0,0.0,0.0
2019-02-15,100000000.0,0.0,0.0
2019-02-18,100000000.0,0.0,0.0
2019-02-19,100000000.0,0.0,0.0
2019-02-20,100000000.0,0.0,0.0
2019-02-21,100000000.0,0.0,0.0
2019-02-22,100000000.0,0.0,0.0
2019-02-25,100000000.0,0.0,0.0
2019-02-26,100000000.0,0.0,0.0
2019-02-27,100000000.0,0.0,0.0
2019-02-28,100000000.0,0.0,0.0
2019-03-01,100000000.0,0.0,0.0
2019-03-04,100000000.0,0.0,0.0
2019-03-05,100000000.0,0.0,0.0
2019-03-06,100000000.0,0.0,0.0
2019-03-07,100000000.0,0.0,0.0
2019-03-08,100000000.0,0.0,0.0
2019-03-11,100000000.0,0.0,0.0
2019-03-12,100000000.0,0.0,0.0
2019-03-13,100000000.0,0.0,0.0
2019-03-14,100000000.0,0.0,0.0
2019-03-15,100000000.0,0.0,0.0
2019-03-18,100000000.0,0.0,0.0
2019-03-19,100000000.0,0.0,0.0
2019-03-20,100000000.0,0.0,0.0
2019-03-21,100000000.0,0.0,0.0
2019-03-22,100000000.0,0.0,0.0
2019-03-25,100000000.0,0.0,0.0
2019-03-26,100000000.0,0.0,0.0
2019-03-27,100000000.0,0.0,0.0
2019-03-28,100000000.0,0.0,0.0
2019-03-29,100000000.0,0.0,0.0
2019-04-01,100000000.0,0.0,0.0
2019-04-02,100000000.0,0.0,0.0
2019-04-03,100000000.0,0.0,0.0
2019-04-04,100000000.0,0.0,0.0
2019-04-05,100000000.0,0.0,0.0
2019-04-08,100000000.0,0.0,0.0
2019-04-09,100000000.0,0.0,0.0
2019-04-10,100000000.0,0.0,0.0
2019-04-11,100000000.0,0.0,0.0
2019-04-12,100000000.0,0.0,0.0
2019-04-16,100000000.0,0.0,0.0
2019-04-17,100000000.0,0.0,0.0
2019-04-18,100000000.0,0.0,0.0
2019-04-19,100000000.0,0.0,0.0
2019-04-22,100000000.0,0.0,0.0
2019-04-23,100000000.0,0.0,0.0
2019-04-24,100000000.0,0.0,0.0
2019-04-25,100000000.0,0.0,0.0
2019-04-26,100000000.0,0.0,0.0
2019-05-02,100000000.0,0.0,0.0
2019-05-03,100000000.0,0.0,0.0
2019-05-06,100000000.0,0.0,0.0
2019-05-07,100000000.0,0.0,0.0
2019-05-08,100000000.0,0.0,0.0
2019-05-09,100000000.0,0.0,0.0
2019-05-10,100000000.0,0.0,0.0
2019-05-13,100000000.0,0.0,0.0
2019-05-14,100000000.0,0.0,0.0
2019-05-15,100000000.0,0.0,0.0
2019-05-16,100000000.0,0.0,0.0
2019-05-17,100000000.0,0.0,0.0
2019-05-20,100000000.0,0.0,0.0
2019-05-21,100000000.0,0.0,0.0
2019-05-22,100000000.0,0.0,0.0
2019-05-23,100000000.0,0.0,0.0
2019-05-24,100000000.0,0.0,0.0
2019-05-27,100000000.0,0.0,0.0
2019-05-28,100000000.0,0.0,0.0
2019-05-29,100000000.0,0.0,0.0
2019-05-30,100000000.0,0.0,0.0
2019-05-31,100000000.0,0.0,0.0
2019-06-03,100000000.0,0.0,0.0
2019-06-04,100000000.0,0.0,0.0
2019-06-05,100000000.0,0.0,0.0
2019-06-06,100000000.0,0.0,0.0
2019-06-07,100000000.0,0.0,0.0
2019-06-10,100000000.0,0.0,0.0
2019-06-11,100000000.0,0.0,0.0
2019-06-12,100000000.0,0.0,0.0
2019-06-13,100000000.0,0.0,0.0
2019-06-14,100000000.0,0.0,0.0
2019-06-17,100000000.0,0.0,0.0
2019-06-18,100000000.0,0.0,0.0
2019-06-19,100000000.0,0.0,0.0
2019-06-20,100000000.0,0.0,0.0
2019-06-21,100000000.0,0.0,0.0
2019-06-24,100000000.0,0.0,0.0
2019-06-25,100000000.0,0.0,0.0
2019-06-26,100000000.0,0.0,0.0
2019-06-27,100000000.0,0.0,0.0
2019-06-28,100000000.0,0.0,0.0
2019-07-01,100000000.0,0.0,0.0
2019-07-02,100000000.0,0.0,0.0
2019-07-03,100000000.0,0.0,0.0
2019-07-04,100000000.0,0.0,0.0
2019-07-05,100000000.0,0.0,0.0
2019-07-08,100000000.0,0.0,0.0
2019-07-09,100000000.0,0.0,0.0
2019-07-10,100000000.0,0.0,0.0
2019-07-11,100000000.0,0.0,0.0
2019-07-12,100000000.0,0.0,0.0
2019-07-15,100000000.0,0.0,0.0
2019-07-16,100000000.0,0.0,0.0
2019-07-17,100000000.0,0.0,0.0
2019-07-18,100000000.0,0.0,0.0
2019-07-19,100000000.0,0.0,0.0
2019-07-22,100000000.0,0.0,0.0
2019-07-23,100000000.0,0.0,0.0
2019-07-24,100000000.0,0.0,0.0
2019-07-25,100000000.0,0.0,0.0
2019-07-26,100000000.0,0.0,0.0
2019-07-29,100000000.0,0.0,0.0
2019-07-30,100000000.0,0.0,0.0
2019-07-31,100000000.0,0.0,0.0
2019-08-01,100000000.0,0.0,0.0
2019-08-02,100000000.0,0.0,0.0
2019-08-05,100000000.0,0.0,0.0
2019-08-06,100000000.0,0.0,0.0
2019-08-07,100000000.0,0.0,0.0
2019-08-08,100000000.0,0.0,0.0
2019-08-09,100000000.0,0.0,0.0
2019-08-12,100000000.0,0.0,0.0
2019-08-13,100000000.0,0.0,0.0
2019-08-14,100000000.0,0.0,0.0
2019-08-15,100000000.0,0.0,0.0
2019-08-16,100000000.0,0.0,0.0
2019-08-19,100000000.0,0.0,0.0
2019-08-20,100000000.0,0.0,0.0
2019-08-21,100000000.0,0.0,0.0
2019-08-22,100000000.0,0.0,0.0
2019-08-23,100000000.0,0.0,0.0
2019-08-26,100000000.0,0.0,0.0
2019-08-27,100000000.0,0.0,0.0
2019-08-28,100000000.0,0.0,0.0
2019-08-29,100000000.0,0.0,0.0
2019-08-30,100000000.0,0.0,0.0
2019-09-03,100000000.0,0.0,0.0
2019-09-04,100000000.0,0.0,0.0
2019-09-05,100000000.0,0.0,0.0
2019-09-06,100000000.0,0.0,0.0
2019-09-09,100000000.0,0.0,0.0
2019-09-10,100000000.0,0.0,0.0
2019-09-11,100000000.0,0.0,0.0
2019-09-12,100000000.0,0.0,0.0
2019-09-13,100000000.0,0.0,0.0
2019-09-16,100000000.0,0.0,0.0
2019-09-17,100000000.0,0.0,0.0
2019-09-18,100000000.0,0.0,0.0
2019-09-19,100000000.0,0.0,0.0
2019-09-20,100000000.0,0.0,0.0
2019-09-23,100000000.0,0.0,0.0
2019-09-24,100000000.0,0.0,0.0
2019-09-25,100000000.0,0.0,0.0
2019-09-26,100000000.0,0.0,0.0
2019-09-27,100000000.0,0.0,0.0
2019-09-30,100000000.0,0.0,0.0
2019-10-01,100000000.0,0.0,0.0
2019-10-02,100000000.0,0.0,0.0
2019-10-03,100000000.0,0.0,0.0
2019-10-04,100000000.0,0.0,0.0
2019-10-07,100000000.0,0.0,0.0
2019-10-08,100000000.0,0.0,0.0
2019-10-09,100000000.0,0.0,0.0
2019-10-10,100000000.0,0.0,0.0
2019-10-11,100000000.0,0.0,0.0
2019-10-14,100000000.0,0.0,0.0
2019-10-15,100000000.0,0.0,0.0
2019-10-16,100000000.0,0.0,0.0
2019-10-17,100000000.0,0.0,0.0
2019-10-18,100000000.0,0.0,0.0
2019-10-21,100000000.0,0.0,0.0
2019-10-22,100000000.0,0.0,0.0
2019-10-23,100000000.0,0.0,0.0
2019-10-24,100000000.0,0.0,0.0
2019-10-25,100000000.0,0.0,0.0
2019-10-28,100000000.0,0.0,0.0
2019-10-29,100000000.0,0.0,0.0
2019-10-30,100000000.0,0.0,0.0
2019-10-31,100000000.0,0.0,0.0
2019-11-01,100000000.0,0.0,0.0
2019-11-04,100000000.0,0.0,0.0
2019-11-05,100000000.0,0.0,0.0
2019-11-06,100000000.0,0.0,0.0
2019-11-07,100000000.0,0.0,0.0
2019-11-08,100000000.0,0.0,0.0
2019-11-11,100000000.0,0.0,0.0
2019-11-12,100000000.0,0.0,0.0
2019-11-13,100000000.0,0.0,0.0
2019-11-14,100000000.0,0.0,0.0
2019-11-15,100000000.0,0.0,0.0
2019-11-18,100000000.0,0.0,0.0
2019-11-19,100000000.0,0.0,0.0
2019-11-20,100000000.0,0.0,0.0
2019-11-21,100000000.0,0.0,0.0
2019-11-22,100000000.0,0.0,0.0
2019-11-25,100000000.0,0.0,0.0
2019-11-26,100000000.0,0.0,0.0
2019-11-27,100000000.0,0.0,0.0
2019-11-28,100000000.0,0.0,0.0
2019-11-29,100000000.0,0.0,0.0
2019-12-02,100000000.0,0.0,0.0
2019-12-03,100000000.0,0.0,0.0
2019-12-04,100000000.0,0.0,0.0
2019-12-05,100000000.0,0.0,0.0
2019-12-06,100000000.0,0.0,0.0
2019-12-09,100000000.0,0.0,0.0
2019-12-10,100000000.0,0.0,0.0
2019-12-11,100000000.0,0.0,0.0
2019-12-12,100000000.0,0.0,0.0
2019-12-13,100000000.0,0.0,0.0
2019-12-16,100000000.0,0.0,0.0
2019-12-17,100000000.0,0.0,0.0
2019-12-18,100000000.0,0.0,0.0
2019-12-19,100000000.0,0.0,0.0
2019-12-20,100000000.0,0.0,0.0
2019-12-23,100000000.0,0.0,0.0
2019-12-24,100000000.0,0.0,0.0
2019-12-25,100000000.0,0.0,0.0
2019-12-26,100000000.0,0.0,0.0
2019-12-27,100000000.0,0.0,0.0
2019-12-30,100000000.0,0.0,0.0
2019-12-31,100000000.0,0.0,0.0
2020-01-02,100000000.0,0.0,0.0
2020-01-03,100000000.0,0.0,0.0
2020-01-06,100000000.0,0.0,0.0
2020-01-07,100000000.0,0.0,0.0
2020-01-08,100000000.0,0.0,0.0
2020-01-09,100000000.0,0.0,0.0
2020-01-10,100000000.0,0.0,0.0
2020-01-13,100000000.0,0.0,0.0
2020-01-14,100000000.0,0.0,0.0
2020-01-15,100000000.0,0.0,0.0
2020-01-16,100000000.0,0.0,0.0
2020-01-17,100000000.0,0.0,0.0
2020-01-20,100000000.0,0.0,0.0
2020-01-21,100000000.0,0.0,0.0
2020-01-22,100000000.0,0.0,0.0
2020-01-30,100000000.0,0.0,0.0
2020-01-31,100000000.0,0.0,0.0
2020-02-03,100000000.0,0.0,0.0
2020-02-04,100000000.0,0.0,0.0
2020-02-05,100000000.0,0.0,0.0
2020-02-06,100000000.0,0.0,0.0
2020-02-07,100000000.0,0.0,0.0
2020-02-10,100000000.0,0.0,0.0
2020-02-11,100000000.0,0.0,0.0
2020-02-12,100000000.0,0.0,0.0
2020-02-13,100000000.0,0.0,0.0
2020-02-14,100000000.0,0.0,0.0
2020-02-17,100000000.0,0.0,0.0
2020-02-18,100000000.0,0.0,0.0
2020-02-19,100000000.0,0.0,0.0
2020-02-20,100000000.0,0.0,0.0
2020-02-21,100000000.0,0.0,0.0
2020-02-24,100000000.0,0.0,0.0
2020-02-25,100000000.0,0.0,0.0
2020-02-26,100000000.0,0.0,0.0
2020-02-27,100000000.0,0.0,0.0
2020-02-28,100000000.0,0.0,0.0
2020-03-02,100000000.0,0.0,0.0
2020-03-03,100000000.0,0.0,0.0
2020-03-04,100000000.0,0.0,0.0
2020-03-05,100000000.0,0.0,0.0
2020-03-06,100000000.0,0.0,0.0
2020-03-09,100000000.0,0.0,0.0
2020-03-10,100000000.0,0.0,0.0
2020-03-11,100000000.0,0.0,0.0
2020-03-12,100000000.0,0.0,0.0
2020-03-13,100000000.0,0.0,0.0
2020-03-16,100000000.0,0.0,0.0
2020-03-17,100000000.0,0.0,0.0
2020-03-18,100000000.0,0.0,0.0
2020-03-19,100000000.0,0.0,0.0
2020-03-20,100000000.0,0.0,0.0
2020-03-23,100000000.0,0.0,0.0
2020-03-24,100000000.0,0.0,0.0
2020-03-25,100000000.0,0.0,0.0
2020-03-26,100000000.0,0.0,0.0
2020-03-27,100000000.0,0.0,0.0
2020-03-30,100000000.0,0.0,0.0
2020-03-31,100000000.0,0.0,0.0
2020-04-01,100000000.0,0.0,0.0
2020-04-03,100000000.0,0.0,0.0
2020-04-06,100000000.0,0.0,0.0
2020-04-07,100000000.0,0.0,0.0
2020-04-08,100000000.0,0.0,0.0
2020-04-09,100000000.0,0.0,0.0
2020-04-10,100000000.0,0.0,0.0
2020-04-13,100000000.0,0.0,0.0
2020-04-14,100000000.0,0.0,0.0
2020-04-15,100000000.0,0.0,0.0
2020-04-16,100000000.0,0.0,0.0
2020-04-17,100000000.0,0.0,0.0
2020-04-20,100000000.0,0.0,0.0
2020-04-21,100000000.0,0.0,0.0
2020-04-22,100000000.0,0.0,0.0
2020-04-23,100000000.0,0.0,0.0
2020-04-24,100000000.0,0.0,0.0
2020-04-27,100000000.0,0.0,0.0
2020-04-28,100000000.0,0.0,0.0
2020-04-29,100000000.0,0.0,0.0
2020-05-04,100000000.0,0.0,0.0
2020-05-05,100000000.0,0.0,0.0
2020-05-06,100000000.0,0.0,0.0
2020-05-07,100000000.0,0.0,0.0
2020-05-08,100000000.0,0.0,0.0
2020-05-11,100000000.0,0.0,0.0
2020-05-12,100000000.0,0.0,0.0
2020-05-13,100000000.0,0.0,0.0
2020-05-14,100000000.0,0.0,0.0
2020-05-15,100000000.0,0.0,0.0
2020-05-18,100000000.0,0.0,0.0
2020-05-19,100000000.0,0.0,0.0
2020-05-20,100000000.0,0.0,0.0
2020-05-21,100000000.0,0.0,0.0
2020-05-22,100000000.0,0.0,0.0
2020-05-25,100000000.0,0.0,0.0
2020-05-26,100000000.0,0.0,0.0
2020-05-27,100000000.0,0.0,0.0
2020-05-28,100000000.0,0.0,0.0
2020-05-29,100000000.0,0.0,0.0
2020-06-01,100000000.0,0.0,0.0
2020-06-02,100000000.0,0.0,0.0
2020-06-03,100000000.0,0.0,0.0
2020-06-04,100000000.0,0.0,0.0
2020-06-05,100000000.0,0.0,0.0
2020-06-08,100000000.0,0.0,0.0
2020-06-09,100000000.0,0.0,0.0
2020-06-10,100000000.0,0.0,0.0
2020-06-11,100000000.0,0.0,0.0
2020-06-12,100000000.0,0.0,0.0
2020-06-15,100000000.0,0.0,0.0
2020-06-16,100000000.0,0.0,0.0
2020-06-17,100000000.0,0.0,0.0
2020-06-18,100000000.0,0.0,0.0
2020-06-19,100000000.0,0.0,0.0
2020-06-22,100000000.0,0.0,0.0
2020-06-23,100000000.0,0.0,0.0
2020-06-24,100000000.0,0.0,0.0
2020-06-25,100000000.0,0.0,0.0
2020-06-26,100000000.0,0.0,0.0
2020-06-29,100000000.0,0.0,0.0
2020-06-30,100000000.0,0.0,0.0
2020-07-01,100000000.0,0.0,0.0
2020-07-02,100000000.0,0.0,0.0
2020-07-03,100000000.0,0.0,0.0
2020-07-06,100000000.0,0.0,0.0
2020-07-07,100000000.0,0.0,0.0
2020-07-08,100000000.0,0.0,0.0
2020-07-09,100000000.0,0.0,0.0
2020-07-10,100000000.0,0.0,0.0
2020-07-13,100000000.0,0.0,0.0
2020-07-14,100000000.0,0.0,0.0
2020-07-15,100000000.0,0.0,0.0
2020-07-16,100000000.0,0.0,0.0
2020-07-17,100000000.0,0.0,0.0
2020-07-20,100000000.0,0.0,0.0
2020-07-21,100000000.0,0.0,0.0
2020-07-22,100000000.0,0.0,0.0
2020-07-23,100000000.0,0.0,0.0
2020-07-24,100000000.0,0.0,0.0
2020-07-27,100000000.0,0.0,0.0
2020-07-28,100000000.0,0.0,0.0
2020-07-29,100000000.0,0.0,0.0
2020-07-30,100000000.0,0.0,0.0
2020-07-31,100000000.0,0.0,0.0
2020-08-03,100000000.0,0.0,0.0
2020-08-04,100000000.0,0.0,0.0
2020-08-05,100000000.0,0.0,0.0
2020-08-06,100000000.0,0.0,0.0
2020-08-07,100000000.0,0.0,0.0
2020-08-10,100000000.0,0.0,0.0
2020-08-11,100000000.0,0.0,0.0
2020-08-12,100000000.0,0.0,0.0
2020-08-13,100000000.0,0.0,0.0
2020-08-14,100000000.0,0.0,0.0
2020-08-17,100000000.0,0.0,0.0
2020-08-18,100000000.0,0.0,0.0
2020-08-19,100000000.0,0.0,0.0
2020-08-20,100000000.0,0.0,0.0
2020-08-21,100000000.0,0.0,0.0
2020-08-24,100000000.0,0.0,0.0
2020-08-25,100000000.0,0.0,0.0
2020-08-26,100000000.0,0.0,0.0
2020-08-27,100000000.0,0.0,0.0
2020-08-28,100000000.0,0.0,0.0
2020-08-31,100000000.0,0.0,0.0
2020-09-01,100000000.0,0.0,0.0
2020-09-03,100000000.0,0.0,0.0
2020-09-04,100000000.0,0.0,0.0
2020-09-07,100000000.0,0.0,0.0
2020-09-08,100000000.0,0.0,0.0
2020-09-09,100000000.0,0.0,0.0
2020-09-10,100000000.0,0.0,0.0
2020-09-11,100000000.0,0.0,0.0
2020-09-14,100000000.0,0.0,0.0
2020-09-15,100000000.0,0.0,0.0
2020-09-16,100000000.0,0.0,0.0
2020-09-17,100000000.0,0.0,0.0
2020-09-18,100000000.0,0.0,0.0
2020-09-21,100000000.0,0.0,0.0
2020-09-22,100000000.0,0.0,0.0
2020-09-23,100000000.0,0.0,0.0
2020-09-24,100000000.0,0.0,0.0
2020-09-25,100000000.0,0.0,0.0
2020-09-28,100000000.0,0.0,0.0
2020-09-29,100000000.0,0.0,0.0
2020-09-30,100000000.0,0.0,0.0
2020-10-01,100000000.0,0.0,0.0
2020-10-02,100000000.0,0.0,0.0
2020-10-05,100000000.0,0.0,0.0
2020-10-06,100000000.0,0.0,0.0
2020-10-07,100000000.0,0.0,0.0
2020-10-08,100000000.0,0.0,0.0
2020-10-09,100000000.0,0.0,0.0
2020-10-12,100000000.0,0.0,0.0
2020-10-13,100000000.0,0.0,0.0
2020-10-14,100000000.0,0.0,0.0
2020-10-15,100000000.0,0.0,0.0
2020-10-16,100000000.0,0.0,0.0
2020-10-19,100000000.0,0.0,0.0
2020-10-20,100000000.0,0.0,0.0
2020-10-21,100000000.0,0.0,0.0
2020-10-22,100000000.0,0.0,0.0
2020-10-23,100000000.0,0.0,0.0
2020-10-26,100000000.0,0.0,0.0
2020-10-27,100000000.0,0.0,0.0
2020-10-28,100000000.0,0.0,0.0
2020-10-29,100000000.0,0.0,0.0
2020-10-30,100000000.0,0.0,0.0
2020-11-02,100000000.0,0.0,0.0
2020-11-03,100000000.0,0.0,0.0
2020-11-04,100000000.0,0.0,0.0
2020-11-05,100000000.0,0.0,0.0
2020-11-06,100000000.0,0.0,0.0
2020-11-09,100000000.0,0.0,0.0
2020-11-10,100000000.0,0.0,0.0
2020-11-11,100000000.0,0.0,0.0
2020-11-12,100000000.0,0.0,0.0
2020-11-13,100000000.0,0.0,0.0
2020-11-16,100000000.0,0.0,0.0
2020-11-17,100000000.0,0.0,0.0
2020-11-18,100000000.0,0.0,0.0
2020-11-19,100000000.0,0.0,0.0
2020-11-20,100000000.0,0.0,0.0
2020-11-23,100000000.0,0.0,0.0
2020-11-24,100000000.0,0.0,0.0
2020-11-25,100000000.0,0.0,0.0
2020-11-26,100000000.0,0.0,0.0
2020-11-27,100000000.0,0.0,0.0
2020-11-30,100000000.0,0.0,0.0
2020-12-01,100000000.0,0.0,0.0
2020-12-02,100000000.0,0.0,0.0
2020-12-03,100000000.0,0.0,0.0
2020-12-04,100000000.0,0.0,0.0
2020-12-07,100000000.0,0.0,0.0
2020-12-08,100000000.0,0.0,0.0
2020-12-09,100000000.0,0.0,0.0
2020-12-10,100000000.0,0.0,0.0
2020-12-11,100000000.0,0.0,0.0
2020-12-14,100000000.0,0.0,0.0
2020-12-15,100000000.0,0.0,0.0
2020-12-16,100000000.0,0.0,0.0
2020-12-17,100000000.0,0.0,0.0
2020-12-18,100000000.0,0.0,0.0
2020-12-21,100000000.0,0.0,0.0
2020-12-22,100000000.0,0.0,0.0
2020-12-23,100000000.0,0.0,0.0
2020-12-24,100000000.0,0.0,0.0
2020-12-25,100000000.0,0.0,0.0
2020-12-28,100000000.0,0.0,0.0
2020-12-29,100000000.0,0.0,0.0
2020-12-30,100000000.0,0.0,0.0
2020-12-31,100000000.0,0.0,0.0
2021-01-04,100000000.0,0.0,0.0
2021-01-05,99840255.5910543,-0.0015974440894569457,-0.0015974440894569453
2021-01-06,100224274.021606,0.003846328600405756,0.0
2021-01-07,103838795.52067223,0.0360643320627798,0.0
2021-01-08,105477312.41725788,0.015779428953983266,0.0
2021-01-11,108096986.59051147,0.024836375834932374,0.0
2021-01-12,109479330.27741215,0.012787994656476525,0.0
2021-01-13,108142069.05421187,-0.012214736971917531,-0.01221473697191755
2021-01-14,111984422.68075702,0.03553060950423433,0.0
2021-01-15,113315207.6129362,0.011883661140737032,0.0
2021-01-18,115169957.273267,0.016368055968853573,0.0
2021-01-19,110521581.47969887,-0.040361009968413915,-0.04036100996841396
2021-01-20,109856631.99623765,-0.006016467323021044,-0.046134646593835926
2021-01-21,112265506.22611949,0.02192743565963625,-0.02521882542906606
2021-01-22,112819630.79567051,0.00493583994031908,-0.020407461574547647
2021-01-25,115146953.98778477,0.020628707749711723,-0.00019973338557077724
2021-01-26,112863541.6098845,-0.019830419293093118,-0.02002619188188115
2021-01-27,108274363.98275106,-0.04066129382148972,-0.05987319483113618
2021-01-28,100811946.87838764,-0.06892136633148205,-0.12466801876822531
2021-01-29,102451844.50212802,0.016266897669565204,-0.11042908300263021
2021-02-01,98475628.2117412,-0.03881058764446389,-0.1449538530427228
2021-02-02,101747637.07561569,0.03322658533174379,-0.11654358927826802
2021-02-03,105776026.78410864,0.03959197308433979,-0.08156580684378578
2021-02-04,106533468.72989066,0.007160809200443665,-0.07498907482343076
2021-02-05,107470580.26009215,0.008796404936156597,-0.06685230415520882
2021-02-08,105102724.4629586,-0.022032595259121567,-0.08741196965473896
2021-02-09,107168623.80694187,0.019656001826207165,-0.0694741376636977
2021-02-17,110960151.83289629,0.03537908663252638,-0.036552982566295356
2021-02-18,111719406.10265426,0.006842584993046806,-0.0299605144632078
2021-02-19,116981031.88762641,0.04709679337301041,0.0
2021-02-22,119765912.16383763,0.023806255007960703,0.0
2021-02-23,121468218.10191387,0.014213609760242286,0.0
2021-02-24,118792883.26652299,-0.02202497803290594,-0.02202497803290593
2021-02-25,122042350.21211316,0.027354054016011077,0.0
2021-02-26,123304347.35667141,0.010340649310381709,0.0
2021-03-01,126082256.98718551,0.022528886369907873,0.0
2021-03-02,127245719.82015663,0.009227807788128154,0.0
2021-03-03,126840213.23016346,-0.003186799450435768,-0.003186799450435762
2021-03-04,125627483.24139877,-0.009561084437504658,-0.01271741462930942
2021-03-05,126942537.32296547,0.010467885271885705,-0.002382653794718359
2021-03-08,126790946.07436988,-0.0011941721962742795,-0.003573980692077594
2021-03-09,126571813.83653387,-0.001728295628518066,-0.005296099425389111
2021-03-10,126770025.46068767,0.0015660012932245803,-0.003738391830713783
2021-03-11,126947573.67729774,0.001400553608511604,-0.0023430740403707073
2021-03-12,126398416.17941502,-0.004325860526320013,-0.006658798755189266
2021-03-15,126271638.89785436,-0.001002997390257696,-0.007655117387673216
2021-03-16,125945146.21288407,-0.0025856375019762045,-0.010220961531049788
2021-03-17,131233094.67478535,0.041986123490325704,0.0
2021-03-18,130979179.33338773,-0.001934842289796277,-0.0019348422897962347
2021-03-19,130487623.40514815,-0.003752931807492873,-0.005680512766117252
2021-03-22,128358521.76077235,-0.01631650258327719,-0.02190432924817176
2021-03-23,127275559.29031703,-0.008437012639283004,-0.030156534784732902
2021-03-24,123788794.14451799,-0.02739540226922664,-0.056725786652485954
2021-03-25,121852488.28179872,-0.015642012478598956,-0.07148049366840836
2021-03-26,122966064.72962879,0.00913872554867148,-0.06299500873345598
2021-03-29,126262803.15603316,0.02681014826044132,-0.03787376599682646
2021-03-30,128701622.75151065,0.01931542413535398,-0.01928988971530432
2021-03-31,131591271.95911413,0.022452313699125964,0.0
2021-04-01,133676430.07332394,0.015845717448932834,0.0
2021-04-02,134183633.82633632,0.0037942646488552884,0.0
2021-04-05,130237089.55565026,-0.02941151732255047,-0.02941151732255043
2021-04-06,130486061.19737026,0.001911680018107372,-0.0275560627144108
2021-04-07,130789299.04601929,0.0023239098940258016,-0.02529619062716748
2021-04-08,131212406.67332998,0.003235032455994885,-0.022142992168864506
2021-04-09,133017449.72764602,0.01375664923828376,-0.00869095630693384
2021-04-12,134583030.2398238,0.011769737845548087,0.0
2021-04-13,132065686.861703,-0.018704760723807067,-0.018704760723807112
2021-04-14,132635659.30055729,0.004315825347208906,-0.014469661857043459
2021-04-15,132483189.38654047,-0.0011495393834572844,-0.01560256779433078
2021-04-16,130773974.31912026,-0.012901373188060197,-0.02830264643258429
2021-04-19,135383580.7616887,0.035248653002774785,0.0
2021-04-20,134570834.1439559,-0.006003287940533012,-0.006003287940533064
2021-04-22,128258023.31477919,-0.046910691082018736,-0.05263236063649701
2021-04-23,132671130.72800928,0.03440804168951798,-0.02003529540597737
2021-04-26,130828385.58505514,-0.013889571399914993,-0.03364658513983265
2021-04-27,131665997.01367065,0.006402367688554531,-0.027459635260807524
2021-04-28,132084802.72797842,0.0031808190710338542,-0.024366160321294905
2021-04-29,132922414.15659395,0.006341467082632824,-0.018179210442269778
2021-05-04,135435248.44244054,0.018904518863810716,0.0
2021-05-05,135602770.72816363,0.001236917919446107,0.0
2021-05-06,136440382.15677917,0.006176949218055874,0.0
2021-05-07,139325670.9466883,0.021146882941105616,0.0
2021-05-10,143472249.53372157,0.029761770094901767,0.0
2021-05-11,142018663.49713987,-0.01013147867483632,-0.010131478674836325
2021-05-12,146843312.50335115,0.03397193641600806,0.0
2021-05-13,147242091.4864167,0.0027156768413028336,0.0
2021-05-14,147562960.90745968,0.002179196300485717,0.0
2021-05-17,146493562.3161322,-0.007247066504704621,-0.007247066504704636
2021-05-18,150710255.75531888,0.02878415523876124,0.0
2021-05-19,154267117.80851942,0.023600663640138596,0.0
2021-05-20,154249393.61417595,-0.00011489288576375196,-0.0001148928857637177
2021-05-21,154120887.74224883,-0.0008331045517659804,-0.0009479017197436823
2021-05-24,154062164.18175742,-0.00038102272412044455,-0.001328563271768668
2021-05-25,155053404.25381884,0.006434026662717703,0.0
2021-05-26,157985396.49220908,0.018909563788684275,0.0
2021-05-27,159438626.60758263,0.009198509151098764,0.0
2021-05-28,162840086.33509842,0.021333975335146416,0.0
2021-05-31,166441812.05755073,0.022118176202882544,0.0
2021-06-01,164420231.28101194,-0.012145870989675272,-0.012145870989675234
2021-06-02,169943813.773184,0.033594299491840895,0.0
2021-06-03,177288076.79023778,0.04321583030292485,0.0
2021-06-04,177101304.87481984,-0.0010534939449928303,-0.0010534939449928782
2021-06-07,170351831.9655743,-0.03811080281998073,-0.03912414726496394
2021-06-08,165057793.06866264,-0.031077088140628283,-0.06898537083261203
2021-06-09,172504289.0538739,0.0451144768554707,-0.02698313289293519
2021-06-10,176246341.0573837,0.021692515728354612,-0.0058759491992608215
2021-06-11,177081107.53358603,0.0047363620214421875,-0.0011674178004459357
2021-06-14,185072495.1087254,0.04512840294735388,0.0
2021-06-15,188039377.3524379,0.01603091935389722,0.0
2021-06-16,184474717.64944944,-0.018956985250527157,-0.018956985250527136
2021-06-17,187649492.05422863,0.017209807637771284,-0.002073423682309561
2021-06-18,196702761.03106162,0.04824563540100973,0.0
2021-06-21,197762306.34872875,0.005386529970973881,0.0
2021-06-22,195863136.90692914,-0.009603293351821385,-0.009603293351821418
2021-06-23,194959636.78647515,-0.00461291560383469,-0.014171909773905256
2021-06-24,190357498.01154143,-0.023605597808812637,-0.03744297118041229
2021-06-25,194699744.66468218,0.02281100927727828,-0.015486073866099237
2021-06-28,197649550.7836201,0.015150539226531373,-0.0005701570091412034
2021-06-29,198521861.5788773,0.004413421592909091,0.0
2021-06-30,198141721.14166495,-0.001914854284505636,-0.0019148542845056626
2021-07-01,203832055.38258162,0.02871850616886619,0.0
2021-07-02,202793906.95988405,-0.005093155837284896,-0.005093155837284868
2021-07-05,201200932.3375447,-0.00785514045377337,-0.012908288836603443
2021-07-06,188010917.74539468,-0.06555642878444423,-0.07761849630320183
2021-07-07,189745900.72955638,0.009228096990150474,-0.06910667032516693
2021-07-08,187261840.94179654,-0.013091507000724907,-0.08129346686753314
2021-07-09,181023836.8308744,-0.03331166712635802,-0.11189711308605232
2021-07-12,176908027.45209214,-0.022736284076375863,-0.13208927261197734
2021-07-13,178819332.8709366,0.010803949636271059,-0.12271240882449774
2021-07-14,181420477.83717903,0.014546217819299309,-0.10995119243309048
2021-07-15,185417685.00238982,0.022032833409237246,-0.09034089532987855
2021-07-16,185315352.82291418,-0.000551900858185757,-0.09084293697040247
2021-07-19,178811280.97607255,-0.035097317884162954,-0.1227519114181842
2021-07-20,183048575.0415629,0.023697017561533907,-0.10196374805723885
2021-07-21,183861450.08644894,0.004440761391895303,-0.09797578334108903
2021-07-22,185834677.19366312,0.010732141546182739,-0.08829513176982107
2021-07-23,185136506.6072858,-0.003756944596781262,-0.09172035644837762
2021-07-26,185121068.7185072,-8.338651874502627e-05,-0.09179609472590033
2021-07-27,182964406.04694888,-0.01165001199748752,-0.10237668111850862
2021-07-28,178662750.7068408,-0.023510886259506984,-0.12348060087261248
2021-07-29,182568353.2020852,0.02186019458332924,-0.10431971625162495
2021-07-30,183234045.37368414,0.0036462626732579736,-0.10105383066582019
2021-08-02,183213977.41533232,-0.00010952090432154397,-0.10115228406322208
2021-08-03,188105225.00392175,0.026696912853440974,-0.07715582492234341
2021-08-04,186765013.43912613,-0.007124797116973607,-0.08373090244035264
2021-08-05,186946567.54107544,0.0009720991025360313,-0.0828401980729333
2021-08-06,186591502.15673116,-0.0018992880640414309,-0.08458214873755199
2021-08-09,193795252.97822544,0.03860706805095202,-0.049240549458806404
2021-08-10,195833013.3260202,0.010515016835957952,-0.0392432978294196
2021-08-11,195191264.01330522,-0.003277023121972893,-0.04239171975702305
2021-08-12,196553163.12873158,0.006977254449940586,-0.03571024312239779
2021-08-13,201414652.09744227,0.024733710164342056,-0.011859779761343336
2021-08-16,208494285.85959408,0.03514954690946097,0.0
2021-08-17,209352168.25794172,0.0041146566430380165,0.0
2021-08-18,209404214.59370402,0.00024860662392646503,0.0
2021-08-19,209464935.31876,0.00028996897304004045,0.0
2021-08-20,209369517.03652915,-0.0004555334384996142,-0.00045553343849957795
2021-08-23,209543004.82240343,0.0008286200796079048,0.0
2021-08-24,209386865.81511658,-0.0007451406331563349,-0.0007451406331563382
2021-08-25,209421563.37229142,0.00016571028483452593,-0.000579553825788337
2021-08-26,209394673.3095444,-0.00012840159491694193,-0.0007078810050696882
2021-08-27,209265825.7516829,-0.0006153335031165473,-0.0013227789252876487
2021-08-30,213690975.58397222,0.02114607015452317,0.0
2021-08-31,213335767.0366129,-0.001662253384302298,-0.001662253384302259
2021-09-01,217515719.9885345,0.019593305942009455,0.0
2021-09-06,225567168.21687517,0.03701547745038867,0.0
2021-09-07,222698037.78739926,-0.012719627825966818,-0.012719627825966806
2021-09-08,221992197.70111415,-0.003169493962757548,-0.01584880700512148
2021-09-09,222564650.68447927,0.002578707672131152,-0.013310968773208476
2021-09-10,220180713.80804422,-0.010711210738558167,-0.023879602920102494
2021-09-13,218382102.56386626,-0.008168795590998106,-0.031853330916052025
2021-09-14,215280095.8790798,-0.014204491340490144,-0.04560536189337938
2021-09-15,215394109.31509846,0.000529605096807071,-0.04509990962867283
2021-09-16,215621780.42133754,0.0010569978304560874,-0.04409058230484797
2021-09-17,219494157.48886424,0.0179591183226474,-0.026923291966727714
2021-09-20,221182090.0742811,0.007690102573698294,-0.019440232269875235
2021-09-21,224797442.8755998,0.01634559470933897,-0.0034123997182750054
2021-09-22,223835667.5259109,-0.004278408763844892,-0.007676208841259524
2021-09-23,222942294.22526395,-0.003991201717409693,-0.011636773260758737
2021-09-24,222160592.58719787,-0.003506295836698626,-0.01510226712782059
2021-09-27,220373845.98590392,-0.008042590184362488,-0.023023395966819238
2021-09-28,222607279.23752135,0.010134747350011271,-0.013121984918070928
2021-09-29,222383935.9123596,-0.0010033064773387235,-0.01411212602294587
2021-09-30,224505697.50139615,0.00954098406583077,-0.004705785526635031
2021-10-01,226850802.41559446,0.010445636526368002,0.0
2021-10-04,227287875.84277695,0.0019266999390276337,0.0
2021-10-05,232653778.06444645,0.02360839618819474,0.0
2021-10-06,237312185.1194051,0.02002291599867437,0.0
2021-10-07,242284405.31314772,0.020952232988966958,0.0
2021-10-08,236912840.67369047,-0.022170492700570706,-0.0221704927005707
2021-10-11,237216052.88799512,0.0012798471093522622,-0.020919020432214164
2021-10-12,244874055.40146637,0.032282817373607844,0.0
2021-10-13,251953221.66417074,0.028909417337407237,0.0
2021-10-14,255987788.0956785,0.016013156747348333,0.0
2021-10-15,257928752.7533869,0.007582254888592372,0.0
2021-10-18,257951405.81795865,8.78268294244709e-05,0.0
2021-10-19,263611367.15164572,0.021941967386219296,0.0
2021-10-20,264529281.6806563,0.00348207491554244,0.0
2021-10-21,266944669.0782042,0.009130888581415317,0.0
2021-10-22,266884839.6076604,-0.00022412686026059624,-0.00022412686026063167
2021-10-25,262578006.70605847,-0.01613742057410713,-0.016357930604961712
2021-10-26,266697544.60843533,0.015688815503076214,-0.0009257516571589131
2021-10-27,269403104.32959676,0.010144674279374117,0.0
2021-10-28,276459366.90015435,0.026192209581685916,0.0
2021-10-29,274613751.95469594,-0.006675899486252429,-0.006675899486252468
2021-11-01,283375898.41735464,0.031907165610934984,0.0
2021-11-02,285575845.08994687,0.007763351381958927,0.0
2021-11-03,279564802.5152515,-0.0210488480662714,-0.021048848066271386
2021-11-04,290536079.7262555,0.03924412913319239,0.0
2021-11-05,296714054.3190286,0.021264052983003205,0.0
2021-11-08,305269936.4690334,0.0288354461996784,0.0
2021-11-09,307225865.7081985,0.006407212127694982,0.0
2021-11-10,314648536.9348424,0.024160306976541923,0.0
2021-11-11,314142421.7393585,-0.0016085096101645933,-0.0016085096101645657
2021-11-12,321646371.685156,0.023887095236132964,0.0
2021-11-15,334232733.7145645,0.03913105552370009,0.0
2021-11-16,328197418.51111436,-0.018057223589010633,-0.01805722358901063
2021-11-17,341740582.56792647,0.041265297326991225,0.0
2021-11-18,340008149.37687993,-0.005069439450323951,-0.005069439450323898
2021-11-19,336619231.46451116,-0.009967166724031515,-0.014986078226156718
2021-11-22,330504587.49650204,-0.01816486818476313,-0.03287872627533517
2021-11-23,332585042.221333,0.006294783199803555,-0.026790907529320562
2021-11-24,331753582.41859764,-0.0024999915726277838,-0.029223922058901897
2021-11-25,334775081.0183022,0.009107659298437112,-0.020382424285941392
2021-11-26,336635748.6001173,0.005557963203699144,-0.01493774584642571
2021-11-29,340328492.706377,0.01096955424851874,-0.004132052011319942
2021-11-30,337419627.072887,-0.008547229208926943,-0.01264396362460285
2021-12-01,334177851.7255757,-0.009607548249145129,-0.022130034383164188
2021-12-02,333221013.9314662,-0.0028632591572681832,-0.02492992951683415
2021-12-03,321114936.18039024,-0.03633047510492795,-0.060354688438083115
2021-12-06,314339203.48192686,-0.021100646326388972,-0.08018181182960071
2021-12-07,318817963.5240008,0.014248175195657624,-0.06707608113639651
2021-12-08,318757890.5478339,-0.00018842406338368586,-0.06725186645201664
2021-12-09,320023620.03089607,0.003970817729050721,-0.06354809362658531
2021-12-10,318861908.94870543,-0.0036300791862753055,-0.06694748820085927
2021-12-13,321816732.71463203,0.009266781898373239,-0.058301094074287296
2021-12-14,316194578.5262793,-0.017470049307032633,-0.0747526203931882
2021-12-15,314036959.27271354,-0.006823707299543109,-0.08106623769129429
2021-12-16,313524654.8368922,-0.0016313507716028512,-0.08256534099348856
2021-12-17,313503197.73763615,-6.843831553598708e-05,-0.08262812867616531
2021-12-20,310385169.38935876,-0.009945762501876612,-0.09175209143425422
2021-12-21,308353982.0938888,-0.00654408617353087,-0.09769574401483772
2021-12-22,311567225.28349894,0.010420631404824028,-0.0882931639482123
2021-12-23,302730743.4642523,-0.028361397163023883,-0.114150443621721
2021-12-24,302618373.4382737,-0.0003711880223748545,-0.11447926036667466
2021-12-27,312151073.9726446,0.031500732840715376,-0.08658470812257257
2021-12-28,317154735.81350297,0.016029615971453734,-0.07194301177132412
2021-12-29,314954614.0586869,-0.006937061019040866,-0.07838099972781376
2021-12-30,310329097.5666826,-0.014686295375696391,-0.09191616858966511
2021-12-31,310901970.55229735,0.0018460176313040686,-0.09023982982617951
2022-01-04,312324939.0275167,0.004576904008332778,-0.08607594485668935
2022-01-05,311413173.21498525,-0.0029192859698313816,-0.0887439505283607
2022-01-06,310198048.7291896,-0.0039019688000058077,-0.09229964320221551
2022-01-07,308548991.44591296,-0.005316143315641178,-0.09712510838661115
2022-01-10,304641602.80744785,-0.012663754368972071,-0.10855889423991538
2022-01-11,299037833.01010823,-0.01839463075856236,-0.12495662422337672
2022-01-12,302866095.50041145,0.012801933627487909,-0.11375437700551139
2022-01-13,292935588.7717656,-0.03278843976324967,-0.14281298823050992
2022-01-14,295408971.4469788,0.008443435246580094,-0.13557538520242474
2022-01-17,289987073.0552703,-0.01835387180406482,-0.1514409237666975
2022-01-18,283075735.25284636,-0.023833261702347272,-0.17166485430046785
2022-01-19,287794256.81034815,0.016668760228732277,-0.1578575343677704
2022-01-20,289913299.80685973,0.007363048241466452,-0.15165679876713278
2022-01-21,286338348.5420009,-0.012331104738004344,-0.16211780763530914
2022-01-24,275526204.92398673,-0.037760026461940016,-0.19375626139098812
2022-01-25,279170627.4108683,0.013227135647177342,-0.18309196609571943
2022-01-26,280820484.2738198,0.005909851184033579,-0.17826416118430366
2022-01-27,274762289.4339944,-0.02157319419020097,-0.1959916280081223
2022-01-28,278452030.1648809,0.013428846944343278,-0.18519472263867276
2022-02-07,286668439.05340207,0.029507448315804992,-0.16115189802948826
2022-02-08,301080419.2457801,0.05027403867676311,-0.1189796161070934
2022-02-09,312479330.6220242,0.03786002226514381,-0.08562416475686241
2022-02-10,316163933.5450349,0.011791509267752536,-0.07484229362138406
2022-02-11,322657881.51206625,0.020539812666856106,-0.05583972764506895
2022-02-14,320697505.15777564,-0.006075711974254977,-0.06157617351743172
2022-02-15,321759260.17671776,0.003310767941333872,-0.058469269997329376
2022-02-16,319314315.4244362,-0.007598677194057214,-0.06562365808290471
2022-02-17,321059799.86747473,0.005466351988379868,-0.06051602810837109
2022-02-18,321700463.08456343,0.001995463827465004,-0.05864132182597814
2022-02-21,321075416.82085675,-0.0019429448677616048,-0.060470329838459236
2022-02-22,320757538.8960686,-0.0009900413053595325,-0.06140050301952993
2022-02-23,327126310.61474484,0.019855407734437912,-0.0427642273076444
2022-02-24,325066634.4083061,-0.00629627192801496,-0.048791244031738956
2022-02-25,327786417.36906624,0.008366847510236567,-0.04083262542015076
2022-02-28,327297110.15790164,-0.0014927623148388895,-0.042264434330546496
2022-03-01,327382509.9294801,0.00026092430677811593,-0.04201453784199738
2022-03-02,326618858.53534687,-0.0023325967972379,-0.04424913166282762
2022-03-03,331459756.64131606,0.014821244944879098,-0.030083713936921552
2022-03-04,331028801.8277947,-0.0013001723584433092,-0.03134477228206478
2022-03-07,329439306.8753285,-0.004801681737932475,-0.035995946399350776
2022-03-08,313382078.82563543,-0.048741081329950926,-0.08298254637830238
2022-03-09,316645713.457529,0.010414235058123566,-0.07343251106388415
2022-03-10,324699283.02118444,0.025434007856025006,-0.049866186271145585
2022-03-11,330516178.7144343,0.01791471677770957,-0.032844808097268086
2022-03-14,322003995.502471,-0.02575421041436466,-0.05775312641287622
2022-03-15,329638148.8096415,0.023708256462028485,-0.03541409588332822
2022-03-16,335529868.4399619,0.017873294251882124,-0.018173768187833117
2022-03-17,329634291.562228,-0.017570945040288753,-0.03542538294611852
2022-03-18,330071627.14693344,0.0013267296391790981,-0.034145653212473315
2022-03-21,333559560.16479874,0.01056720036197666,-0.02393927680948349
2022-03-22,337782937.00546616,0.012661537383550995,-0.01158084747419097
2022-03-23,349998613.01560634,0.03616427791893615,0.0
2022-03-24,357147739.8465313,0.020426157604819282,0.0
2022-03-25,370482620.1443465,0.037337154376352176,0.0
2022-03-28,375281029.43722355,0.012951779738028019,0.0
2022-03-29,369808512.3905693,-0.014582450530102426,-0.014582450530102431
2022-03-30,361106718.5280996,-0.023530539646635894,-0.03776985724639459
2022-03-31,358888614.21021515,-0.006142517444498455,-0.04368037268388092
2022-04-01,362471705.80064386,0.009983854178026257,-0.0341326169771724
2022-04-04,354281782.1653782,-0.022594656366833863,-0.055956058592506186
2022-04-05,355988016.2560585,0.004816036772344771,-0.05140950825597845
2022-04-06,350698690.5749495,-0.01485815656587848,-0.06550381429921481
2022-04-07,355134899.2107184,0.012649629881696997,-0.053682783424242264
2022-04-08,353047943.5786984,-0.0058765151965020105,-0.05924383092816121
2022-04-12,359008703.6419414,0.016883712741168566,-0.04336037401007009
2022-04-13,367117643.2784987,0.02258702798649907,-0.021752728004841515
2022-04-14,381391512.04902816,0.03888091196886761,0.0
2022-04-15,383329417.5388192,0.005081144777920272,0.0
2022-04-18,382094722.3084424,-0.0032209769818976764,-0.0032209769818977163
2022-04-19,384209673.169263,0.005535148059735086,0.0
2022-04-20,388520945.990003,0.011221145957042732,0.0
2022-04-21,381853739.03229636,-0.017160482662569712,-0.017160482662569754
2022-04-22,373716447.5608471,-0.02130996934080308,-0.03810476264396001
2022-04-25,366195617.5645076,-0.020124428682296587,-0.057462354747972455
2022-04-26,361140633.4686073,-0.013804054044993673,-0.07047319534247254
2022-04-27,367798417.3997931,0.01843543294267528,-0.05333696626678941
2022-04-28,370757432.4803201,0.00804520884414407,-0.04572086445537471
2022-04-29,378154970.18163764,0.019952500080251828,-0.02668060992683796
2022-05-04,381607154.44225246,0.009129019933168243,-0.017795157813520923
2022-05-05,376340483.46615255,-0.013801289925492996,-0.031350851606759544
2022-05-06,359612110.0435718,-0.044450103450231766,-0.07440740645981803
2022-05-09,343460447.95008844,-0.044914121750589536,-0.11597958489752569
2022-05-10,336045588.00455236,-0.02158868652792767,-0.13506442452346146
2022-05-11,346106204.7942911,0.02993824989483994,-0.10916976712190773
2022-05-12,334287367.42655784,-0.034148007761830766,-0.1395898448287023
2022-05-13,319963436.85266745,-0.042849153063007454,-0.1764576912646032
2022-05-16,321676718.8855375,0.005354618170509788,-0.17204793665406515
2022-05-17,328392762.5244293,0.020878239687845086,-0.15476175502548273
2022-05-18,347440026.25652647,0.058001472339635415,-0.10573669233919136
2022-05-19,360264606.6885302,0.03691163787368276,-0.07272796896309386
2022-05-20,361491226.79823947,0.0034047755092682405,-0.06957081586138991
2022-05-23,350749323.87313306,-0.029715528701065343,-0.09721901098696961
2022-05-24,354499045.3078301,0.010690602032502609,-0.08756773871092216
2022-05-25,375581355.0988282,0.05947070963954565,-0.033304744634045425
2022-05-26,382731778.8023843,0.019038281870181233,-0.014900527879821546
2022-05-27,383086128.9924013,0.0009258447028511484,-0.013988478751777556
2022-05-30,386105543.31917566,0.0078818158587889,-0.006216917506654762
2022-05-31,392502023.97890466,0.016566663624514005,0.0
2022-06-01,396600478.1131324,0.01044186751619917,0.0
2022-06-02,398281466.54131985,0.004238493196440169,0.0
2022-06-03,399011130.1732465,0.0018320300923441453,0.0
2022-06-06,399597623.153544,0.0014698662166212173,0.0
2022-06-07,403112808.0485089,0.008796811320407119,0.0
2022-06-08,414850093.43435496,0.029116627285218046,0.0
2022-06-09,414125751.30978274,-0.0017460334131197102,-0.0017460334131197408
2022-06-10,414726651.04735696,0.0014510079020049215,-0.0002975590193944333
2022-06-13,401055172.3533229,-0.03296503530580415,-0.03325278528161868
2022-06-14,410820397.32570136,0.024348831895316968,-0.009713619865174827
2022-06-15,408895259.882794,-0.004686080475651433,-0.014354181536428201
2022-06-16,419431581.96632206,0.025767777514829053,0.0
2022-06-17,411777818.5145498,-0.01824794264630942,-0.018247942646309467
2022-06-20,394425070.0742689,-0.04214104708913011,-0.05962000232510167
2022-06-21,398192972.22946376,0.009552897219452596,-0.05063664886008423
2022-06-22,425376655.5373922,0.06826761194635926,0.0
2022-06-23,438885259.1589986,0.03175680528246325,0.0
2022-06-24,444432282.2764618,0.012638891376968315,0.0
2022-06-27,467591294.7388134,0.05210920400229931,0.0
2022-06-28,468410244.1233832,0.0017514213668739739,0.0
2022-06-29,476485607.57246614,0.01723993774772311,0.0
2022-06-30,451313673.20017034,-0.05282832046184634,-0.05282832046184638
2022-07-01,460163449.510464,0.019608925755654094,-0.03425530131992449
2022-07-04,457717393.3253208,-0.005315624671506226,-0.039388837666604615
2022-07-05,452621442.9396056,-0.011133399036232955,-0.05008370505552184
2022-07-06,445830659.6166188,-0.015003229362893646,-0.064335517104124
2022-07-07,445798595.2096975,-7.19205963737445e-05,-0.06440281065173958
2022-07-08,460667318.7620853,0.033353006743760134,-0.0331978312859641
2022-07-11,464272274.2259576,0.007825507295719533,-0.02563211386117492
2022-07-12,478795455.7032649,0.03128160410078463,0.0
2022-07-13,479507327.9321074,0.0014867982149013588,0.0
2022-07-14,483552716.61337084,0.008436552364505733,0.0
2022-07-15,485413128.7104462,0.003847382163634608,0.0
2022-07-18,479840515.7386258,-0.011480144730787605,-0.011480144730787623
2022-07-19,478488137.8549644,-0.0028183903595129164,-0.014266179561065462
2022-07-20,493506286.09174854,0.03138666781607101,0.0
2022-07-21,493167596.61613923,-0.0006862921205958788,-0.0006862921205958994
2022-07-22,487806953.2671253,-0.010869820697458399,-0.011548652945757354
2022-07-25,487806953.2671253,0.0,-0.011548652945757354
2022-07-26,483914968.13738394,-0.007978535573702867,-0.019435047181104115
2022-07-27,487374510.47493184,0.007149070736257389,-0.012424918971906895
2022-07-28,492996266.77344716,0.011534777009649288,-0.0010334606319615247
2022-07-29,495158480.73441464,0.004385862747234779,0.0
2022-08-01,505969550.53925186,0.021833554761704465,0.0
2022-08-02,509429092.87679976,0.006837451648742083,0.0
2022-08-03,514213627.6803775,0.009391954386740948,0.0
2022-08-04,514693190.8546562,0.0009326146730922907,0.0
2022-08-05,516416838.2056869,0.0033488831437007427,0.0
2022-08-08,518671016.7978277,0.004365036972793212,0.0
2022-08-09,520939095.77183187,0.004372866230326153,0.0
2022-08-10,529960443.6010165,0.01731747127909161,0.0
2022-08-11,522016375.36622596,-0.014989926759083356,-0.014989926759083394
2022-08-12,532033917.22893643,0.01919009122210499,0.0
2022-08-15,529942267.9946028,-0.0039314208485576475,-0.003931420848557687
2022-08-16,533543769.3847307,0.006796025921383151,0.0
2022-08-17,528696169.80169356,-0.009085664309466623,-0.009085664309466668
2022-08-18,527842538.21828914,-0.0016145976312342246,-0.01068559224862864
2022-08-19,538282013.3952652,0.019777631435719648,0.0
2022-08-22,530895098.0688902,-0.013723132377731394,-0.013723132377731373
2022-08-23,531761050.4109278,0.0016311176072023,-0.012114398813376392
2022-08-24,544253402.418258,0.023492416373249777,0.0
2022-08-25,546575750.3356249,0.004267034265744949,0.0
2022-08-26,556127420.9613094,0.01747547457021153,0.0
2022-08-29,548355535.7367508,-0.013975008121563732,-0.013975008121563715
2022-08-30,545224616.3113785,-0.005709652262679853,-0.01960486794750138
2022-08-31,549892059.076736,0.008560587005286481,-0.011212110120006558
2022-09-05,557322712.523417,0.013512930990778492,0.0
2022-09-06,555568586.1645646,-0.003147415885690615,-0.003147415885690563
2022-09-07,544581621.4399742,-0.019776072654575864,-0.022861245015036946
2022-09-08,536702358.1081377,-0.014468470880457253,-0.03699894863770303
2022-09-09,548307172.6278852,0.021622439969621474,-0.01617651621393945
2022-09-12,547681917.4811863,-0.001140337347225053,-0.01729840687557771
2022-09-13,551024919.3865047,0.0061039114102817114,-0.011300083408403605
2022-09-14,555103113.4987786,0.007401106499529052,-0.0039826100296337374
2022-09-15,566731329.1343634,0.020947847981419073,0.0
2022-09-16,555263000.7393992,-0.020235917454009766,-0.020235917454009766
2022-09-19,546788218.9536748,-0.015262644502585647,-0.035189708342311166
2022-09-20,548254090.6972106,0.0026808766040000384,-0.03260317100410759
2022-09-21,552153911.5651512,0.007113163283435408,-0.025721919399582238
2022-09-22,557892781.5546937,0.01039360560405145,-0.0155956572811492
2022-09-23,547091595.4259785,-0.0193606845003716,-0.034654399181324624
2022-09-26,531462712.48016727,-0.028567214478303675,-0.06223163400559861
2022-09-27,516951610.70349884,-0.02730408255538707,-0.08783653888854015
2022-09-28,513854053.50490475,-0.005991967399770263,-0.09330219261078165
2022-09-29,489214176.2059927,-0.04795111983810956,-0.13677936782985323
2022-09-30,506133884.8758408,0.03458548319483638,-0.10692446516249654
2022-10-03,490858450.00141656,-0.0301806208414033,-0.1338780392621608
2022-10-04,480889010.9123547,-0.02031021181163956,-0.15146915973945885
2022-10-05,498628155.050444,0.03688822937424615,-0.12016835947280613
2022-10-06,499279400.3208138,0.00130607400278848,-0.11901923424028282
2022-10-07,491092523.05742633,-0.016397386429576173,-0.13346501629346885
2022-10-10,497708519.3376522,0.013471995539733,-0.12179106085795188
2022-10-11,487497497.2384565,-0.020516068547077496,-0.13980845565204636
2022-10-12,489025167.62465155,0.003133698931479463,-0.1371128743286555
2022-10-13,495662665.83804107,0.013572917413698612,-0.12540097863457456
2022-10-14,507785759.263412,0.024458354967836493,-0.10400972531549657
2022-10-17,507066124.08852386,-0.0014172023570177082,-0.10527952484464442
2022-10-18,514265958.26001406,0.014199004487693288,-0.09257538480268246
2022-10-19,510414776.7738502,-0.007488696119793891,-0.09937081199751607
2022-10-20,502750016.34644306,-0.01501672909207951,-0.11289531652616891
2022-10-21,469272323.4518657,-0.06658914332388213,-0.1719668574372949
2022-10-24,435891181.52859974,-0.07113383904194792,-0.2308680337217487
2022-10-25,428016286.64623594,-0.018066194536782817,-0.24476332144898982
2022-10-26,433289989.0815358,0.012321265801875186,-0.23545784958923754
2022-10-27,451740456.266727,0.04258226049556657,-0.20290191658060575
2022-10-28,462339801.0832784,0.023463350845630566,-0.18419932459095678
2022-10-31,461745887.7782234,-0.00128458182415501,-0.1852472873107207
2022-11-01,469571839.2499789,0.016948611084359695,-0.17143836045342298
2022-11-02,467809476.9300344,-0.0037531260877130637,-0.1745480567580836
2022-11-03,472073504.31133926,0.009114880291197239,-0.1670241611092974
2022-11-04,456350216.7701371,-0.03330686301519785,-0.19476797327019957
2022-11-07,437490119.0600341,-0.041328122606333235,-0.22804670119743486
2022-11-08,434576306.91953874,-0.0066602924581606725,-0.2331881359315019
2022-11-09,433145930.630586,-0.003291427227342011,-0.2357120413791458
2022-11-10,416070850.424906,-0.03942107959047804,-0.26584109782598253
2022-11-11,425661829.0429674,0.023051311112678823,-0.24891777256582648
2022-11-14,426318070.2831644,0.0015416962372981774,-0.24775983192188966
2022-11-15,419739989.2229852,-0.015429984133231678,-0.25936688577971445
2022-11-16,439605714.1008027,0.047328644846521696,-0.22431372415520923
2022-11-17,445791609.989541,0.014071463792028492,-0.21339868281068586
2022-11-18,455460190.29849684,0.021688564998301983,-0.19633842901507548
2022-11-21,467386425.1606422,0.02618502147098568,-0.17529453352342916
2022-11-22,463244205.72291785,-0.008862515500531831,-0.18260349850345103
2022-11-23,465460360.4553347,0.0047839880241101725,-0.17869308342934198
2022-11-24,468046782.22619325,0.0055566961026033874,-0.17412933048699264
2022-11-25,480847275.6525738,0.027348747844172707,-0.15154280179458335
2022-11-28,493123127.25829184,0.02552962702982574,-0.1298820059736281
2022-11-29,515253980.5494307,0.04487896038091724,-0.09083201499299531
2022-11-30,549206466.8242047,0.06589466080120217,-0.03092269900964628
2022-12-01,576113717.3337785,0.0489929600886993,0.0
2022-12-02,610899307.910676,0.060379729783007485,0.0
2022-12-05,633596014.135346,0.03715294145985299,0.0
2022-12-06,589582823.6045,-0.06946569982910923,-0.06946569982910922
2022-12-07,568980200.3629899,-0.034944408854303166,-0.10198267086723367
2022-12-08,590561566.3303697,0.03792990679396512,-0.06792095727386238
2022-12-09,602738681.3296103,0.020619552123763776,-0.04870190486890291
2022-12-12,605234395.001708,0.00414062304180025,-0.04476293805658238
2022-12-13,604957244.6427042,-0.00045792235420295325,-0.045200362460809496
2022-12-14,601896673.1706052,-0.005059153352079748,-0.05003084024763038
2022-12-15,586518652.0060978,-0.02554927091306343,-0.07430185966919889
2022-12-16,593276297.5269778,0.011521620834676758,-0.06363631668894199
2022-12-19,573036786.0468184,-0.0341148155834408,-0.09558019106413018
2022-12-20,550402407.0061618,-0.03949899830480916,-0.13130386756412393
2022-12-21,529096134.0360409,-0.0387103557304799,-0.1649314038724088
2022-12-22,539775470.359592,0.020184113314318047,-0.14807628470294099
2022-12-23,536515614.65093184,-0.006039280937476557,-0.15322129135691864
2022-12-26,501730829.24171305,-0.06483461889893082,-0.20812186622352158
2022-12-27,525266765.22704154,0.04690948734583312,-0.170975268927692
2022-12-28,536955649.2277119,0.022253233546230485,-0.15252678797153896
2022-12-29,530696241.79823744,-0.011657214964545397,-0.1624059653808485
2022-12-30,531689951.9000721,0.0018724649311016755,-0.16083759992452418
2023-01-03,554838272.5279438,0.04353725426848454,-0.12430277313988647
2023-01-04,560657812.8071485,0.010488714581079141,-0.11511783486790816
2023-01-05,560069124.7083213,-0.0010499953543492613,-0.11604695703044343
2023-01-06,549253641.9373778,-0.01931097840213228,-0.1331169551517276
2023-01-09,544757369.7863932,-0.00818614899871211,-0.14021338892131285
2023-01-10,550670143.2488768,0.01085395772580759,-0.13088130139144938
2023-01-11,555501067.515684,0.008772809504988634,-0.12325668861133288
2023-01-12,541138972.1287532,-0.025854307447438565,-0.14592427973646094
2023-01-13,529634615.86459243,-0.021259522704314707,-0.1640815219026075
2023-01-16,525888462.13202286,-0.007073090807054283,-0.169994049205485
2023-01-17,538868061.4518936,0.0246812779790788,-0.14950844160963594
2023-01-18,562788839.2727888,0.04439078789795872,-0.11175445123212502
2023-01-19,563257169.2278118,0.0008321592795411612,-0.11101528945620665
2023-01-27,553812579.9892517,-0.016767810077780252,-0.12592161624465548
2023-01-30,558317886.6435308,0.008135074602975885,-0.11881092338395716
2023-01-31,562011471.21594,0.006615558377708568,-0.11298136560580463
2023-02-01,541165661.8143401,-0.03709143045870386,-0.1458821555990113
2023-02-02,528610902.43907034,-0.023199475246042094,-0.16569724138739494
2023-02-03,521756642.9952102,-0.01296654952108223,-0.17651526942252072
2023-02-06,528768124.3070779,0.013438221450554833,-0.16544909925187012
2023-02-07,505484968.91345704,-0.044032827100030224,-0.202196734770687
2023-02-08,499226394.6281371,-0.012381326192097792,-0.21207459723461186
2023-02-09,493098702.69331217,-0.012274374914389949,-0.22174588903272596
2023-02-10,481503470.43188894,-0.023515032990534968,-0.24004656012714087
2023-02-13,461325605.66374207,-0.04190595916172349,-0.2718931379432642
2023-02-14,458784133.46015763,-0.005509063820396085,-0.275904325114403
2023-02-15,455056367.1761024,-0.00812531648804059,-0.28178783164046983
2023-02-16,463091786.1144931,0.017658073851938967,-0.269105588130216
2023-02-17,469157569.6695935,0.013098447731052522,-0.25953200587942127
2023-02-20,477706301.04362774,0.018221450375520344,-0.2460396050698921
2023-02-21,485532187.5044421,0.016382213179347696,-0.23368806515136187
2023-02-22,466366826.62460184,-0.03947289463618704,-0.26393661541409486
2023-02-23,467673972.2131008,0.002802827117785387,-0.26187355699936854
2023-02-24,459708386.0456699,-0.017032348688845293,-0.27444558395301244
2023-02-27,451070712.1956341,-0.01878946330375986,-0.28807836202820813
2023-02-28,450849387.87724245,-0.0004906643513039482,-0.28842767659688284
2023-03-01,460133365.6050315,0.020592193263256446,-0.2737748417925815
2023-03-02,463875961.91963017,0.00813372077392719,-0.2678679291367212
2023-03-03,458872540.3801316,-0.01078611945916147,-0.2757647931129358
2023-03-06,455710106.1554539,-0.006891748680489598,-0.28075604014436384
2023-03-07,461099426.0356945,0.011826202244464006,-0.27225011561200196
2023-03-08,465466225.68667555,0.009470407908603701,-0.26535802735140845
2023-03-09,466284503.5654466,0.0017579747651162196,-0.26406654530209694
2023-03-10,461464424.90659904,-0.010337205337065282,-0.27167404053772504
2023-03-13,456776112.21478593,-0.010159640567660295,-0.279073570501958
2023-03-14,451036288.74033165,-0.012565944936619836,-0.28813269231838445
2023-03-15,458732255.5177423,0.017062854962078915,-0.27598620369516735
2023-03-16,460364415.7037805,0.0035579799903019235,-0.2734101770952123
2023-03-17,465690493.1410503,0.011569263947404764,-0.2650040676525287
2023-03-20,452290611.9910529,-0.028774220962974956,-0.2861530030167826
2023-03-21,454322343.46791834,0.00449209296633732,-0.28294633594259333
2023-03-22,457654413.8854529,0.007334154847195803,-0.2776873533366472
2023-03-23,458201033.5703996,0.001194393997658396,-0.27682462744703973
2023-03-24,459652270.3395893,0.0031672490083258236,-0.27453415096547573
2023-03-27,463578000.1483426,0.008540651405578826,-0.26833820004221953
2023-03-28,459176342.3532845,-0.009494966960575401,-0.2752853046591338
2023-03-29,465096330.70445925,0.01289262491363287,-0.2659418299227063
2023-03-30,462559553.43417823,-0.0054543050607143715,-0.26994560711461757
2023-03-31,468340192.26003563,0.012497069367479793,-0.26082206672469566
2023-04-03,479245526.28981423,0.023285069720694933,-0.24361025701238093
2023-04-04,491120267.5261979,0.02477799078963684,-0.22486843892725794
2023-04-05,496991652.13135237,0.01195508512554159,-0.21560167513113937
2023-04-06,494425642.89022315,-0.0051630831828359085,-0.21965158893091452
2023-04-07,493052158.6998588,-0.002777938826828434,-0.22181934908047718
2023-04-10,490357876.75232506,-0.005464496808285647,-0.22607171476369659
2023-04-11,494083365.36172104,0.0075974890707785825,-0.22019180307504727
2023-04-12,496978140.03129816,0.005858879032403452,-0.21562300118078737
2023-04-13,495441654.32324636,-0.0030916565222668295,-0.21804802544510282
2023-04-14,493956775.7841016,-0.002997080536502405,-0.22039159848852097
2023-04-17,489021883.7663168,-0.009990534110907254,-0.22818030281697133
2023-04-18,485775627.3870306,-0.006638264026722822,-0.23330384574789753
2023-04-19,494534560.2168149,0.018030819859979914,-0.2194796855032385
2023-04-20,489456346.08819234,-0.010268673894896508,-0.2274945940811478
2023-04-21,484418286.2655498,-0.0102931749948846,-0.23544612740876492
2023-04-24,476191555.09473026,-0.01698270152896286,-0.2484303176297945
2023-04-25,467811696.3561795,-0.017597663479949264,-0.26165618798187773
2023-04-26,471329549.8882623,0.007519806707450075,-0.2561039852318596
2023-04-27,471764215.6777307,0.0009222120479640063,-0.255417955364608
2023-04-28,477219555.59028757,0.011563700109640177,-0.2468078318934216
2023-05-04,466488406.3004459,-0.022486817994220632,-0.2637447270923067
2023-05-05,478656886.5108291,0.02608527896092226,-0.2445393029120596
2023-05-08,479028789.7587733,0.0007769725212881105,-0.24395233070950906
2023-05-09,475156693.6880822,-0.00808322203899477,-0.2500636318924486
2023-05-10,475425723.37641406,0.0005661915151477328,-0.24963902428392537
2023-05-11,486581367.4025767,0.02346453605189184,-0.23203215211730288
2023-05-12,494686137.04469,0.016656555686415726,-0.2192404528936679
2023-05-15,489888691.8802671,-0.009697957563725962,-0.22681222584897898
2023-05-16,498313371.42155737,0.0171971300438781,-0.2135156151485672
2023-05-17,496189129.6972504,-0.004262863182352575,-0.21686829047624556
2023-05-18,496189129.6972504,0.0,-0.21686829047624556
2023-05-19,485464526.7779353,-0.021613941695697185,-0.23379485358594365
2023-05-22,487626801.50940245,0.004454032400303907,-0.23038215103853588
2023-05-23,493593911.04060966,0.012237041755573285,-0.22096430528495992
2023-05-24,486988824.42514807,-0.013381620939238378,-0.2313890656497728
2023-05-25,492927806.4133208,0.012195314738861226,-0.22201561339364162
2023-05-26,491771105.35537314,-0.002346593239209029,-0.22384122629546233
2023-05-29,495566451.3137528,0.007717708334321432,-0.21785105925888604
2023-05-30,501571845.0907613,0.012118241178530468,-0.2083727897574531
2023-05-31,496377616.5861473,-0.010355901264103212,-0.21657080298470244
2023-06-01,500973981.31641316,0.009259814658601045,-0.20931639382220413
2023-06-02,499031333.8124802,-0.0038777413126890206,-0.2123824603071457
2023-06-05,496230674.684814,-0.005612190934524829,-0.21680272032328263
2023-06-06,505735541.3955487,0.019154129713508418,-0.20180125803708793
2023-06-07,508948239.37450314,0.006352525610696008,-0.1967306800863432
2023-06-08,507067176.0893887,-0.0036959815155785435,-0.19969954864477535
2023-06-09,517850981.39636767,0.02126701513228675,-0.18267954683542786
2023-06-12,523533427.36954623,0.01097312967884321,-0.1737109835136822
2023-06-13,517037366.52824485,-0.012408110927969477,-0.18396366928880714
2023-06-14,506266307.7650007,-0.0208322637018842,-0.20096355332050075
2023-06-15,508148443.31671935,0.003717678863576093,-0.1979929924114534
2023-06-16,510577724.17106545,0.004780651965575287,-0.1941588760342201
2023-06-19,502002737.4761442,-0.016794674520599073,-0.2076927154265391
2023-06-20,511963902.10660106,0.01984284922535952,-0.19197108143859387
2023-06-21,537172971.2137522,0.04923993469739212,-0.15218379025502582
2023-06-22,542861764.545059,0.010590244923256066,-0.14320520894391997
2023-06-23,555543150.8257662,0.023360249531176276,-0.1231902688278379
2023-06-26,539760779.6722887,-0.02840890240482389,-0.14809947090830766
2023-06-27,528785332.53741175,-0.020333910036109997,-0.1654219396265727
2023-06-28,527564653.1405936,-0.002308459258808578,-0.16734852907724018
2023-06-29,512878327.5207677,-0.027837963617157006,-0.1905278504305603
2023-06-30,523219717.2924169,0.020163436855752954,-0.1742061098562263
2023-07-03,525196638.46683955,0.0037783766725247863,-0.17108594948539357
2023-07-04,536045679.9810087,0.020657103872255944,-0.15396298584274093
2023-07-05,527358730.21690136,-0.016205614723758453,-0.16767353573621246
2023-07-06,523331802.131159,-0.007636031898222466,-0.17402920716706538
2023-07-07,522917513.0733256,-0.0007916374585804414,-0.1746830765863654
2023-07-10,532136273.24409676,0.017629472986265216,-0.1601331741799371
2023-07-11,540338526.9938169,0.015413821913917214,-0.14718761649533973
2023-07-12,535855501.52679545,-0.008296697797883853,-0.154263143119571
2023-07-13,548173449.3251362,0.022987443001412908,-0.134821815327838
2023-07-14,563563622.1965474,0.02807537083446536,-0.11053161695527747
2023-07-17,561119956.9389412,-0.004336094739546373,-0.11438843613199057
2023-07-18,558374077.798743,-0.004893568846094394,-0.11872223729067599
2023-07-19,564230837.0868006,0.010488952694842938,-0.10947855652660088
2023-07-20,567694656.001098,0.00613901028908952,-0.10401163622246279
2023-07-21,583363247.868046,0.027600386407226816,-0.0792820111658239
2023-07-24,582418148.9746095,-0.001620086450235768,-0.08077365390402247
2023-07-25,576776180.7335894,-0.009687143594259878,-0.08967833151428106
2023-07-26,589096863.4864498,0.02136128911771289,-0.07023268716363884
2023-07-27,585491757.2919443,-0.00611971717718795,-0.07592260015879138
2023-07-28,594732750.3581386,0.015783301730730347,-0.06133760773454877
2023-07-31,600551290.6491963,0.009783453639561422,-0.05215424773661992
2023-08-01,593187200.620313,-0.012262216639186028,-0.0637769376914058
2023-08-02,598329842.9496365,0.008669509935389032,-0.05566034255098107
2023-08-03,599869891.9429867,0.0025739130539739748,-0.053229694379287706
2023-08-04,613352179.8984182,0.02247535363337231,-0.03195069695088626
2023-08-07,624902547.3485447,0.018831542185175687,-0.013720835663186937
2023-08-08,625541948.0079015,0.00102320059674873,-0.012711674233676695
2023-08-09,635957856.5038668,0.01665101521830103,0.0
2023-08-10,620151776.5311759,-0.024853973908874626,-0.02485397390887467
2023-08-11,632707902.5014315,0.02024685963247321,-0.005110329197443586
2023-08-14,648635331.7154112,0.025173431770031805,0.0
2023-08-15,642288059.0748909,-0.00978557955474618,-0.009785579554746127
2023-08-16,643621599.8068027,0.0020762346630461125,-0.00772966205116965
2023-08-17,641668534.2905762,-0.003034493430321148,-0.010740699872777926
2023-08-18,618733538.8036783,-0.03574274607723238,-0.046099543841765844
2023-08-21,629481496.6956944,0.017370899131793238,-0.029529435236069546
2023-08-22,646193428.9584804,0.02654872677038327,-0.0037646773734524297
2023-08-23,647057057.69423,0.0013364864095594088,-0.0024332224040389816
2023-08-24,655616007.2431564,0.01322750358280003,0.0
2023-08-25,656418435.0637617,0.0012239295742327288,0.0
2023-08-28,661631037.4030249,0.007940974934314376,0.0
2023-08-29,661418883.7919662,-0.00032065244685533257,-0.00032065244685530736
2023-08-30,668037490.5457249,0.010006679452231056,0.0
2023-08-31,667445164.727131,-0.0008866655344597266,-0.0008866655344597074
2023-09-05,668148011.7508904,0.0010530408502497839,0.0
2023-09-06,683234763.9795825,0.02257995528439447,0.0
2023-09-07,695026532.8716557,0.017258736694530277,0.0
2023-09-08,710402509.4822619,0.022122862773420963,0.0
2023-09-11,703962617.1173239,-0.009065131779491298,-0.009065131779491309
2023-09-12,723257788.6973083,0.027409369632434122,0.0
2023-09-13,719286877.7604932,-0.005490312028256656,-0.005490312028256672
2023-09-14,705603714.772934,-0.019023234554426827,-0.024409103089192974
2023-09-15,708417701.4602599,0.003988055375008203,-0.02051839256895871
2023-09-18,709533183.4545157,0.0015746105609112258,-0.018976090485679498
2023-09-19,711933987.7648873,0.0033836392241484783,-0.01565665950561934
2023-09-20,717898924.7502663,0.008378497287516594,-0.007409341497302213
2023-09-21,706810029.480695,-0.01544631825911812,-0.02274121270956253
2023-09-22,677612820.9350352,-0.04130842422696159,-0.06311023327448195
2023-09-25,636620443.8403432,-0.06049527964675576,-0.11978764171072587
2023-09-26,625182532.7075486,-0.017966609843373345,-0.13560207373142485
2023-09-27,642653017.8817072,0.027944614988677258,-0.11144680648483851
2023-09-28,647853562.9040973,0.008092306233201863,-0.10425636193842436
2023-09-29,646305957.3813151,-0.0023888199608640584,-0.10639613222084277
2023-10-02,649615647.8885239,0.005120934550284726,-0.10182004530006439
2023-10-03,621472038.0281173,-0.04332347897080855,-0.14073232567950889
2023-10-04,640770474.1845702,0.031052782708752818,-0.11404967330017923
2023-10-05,630088897.819557,-0.01666989475226113,-0.12881837200199664
2023-10-06,643928422.367501,0.021964399937590064,-0.10968339030636765
2023-10-09,656084616.9043604,0.018878176695734737,-0.09287583603342375
2023-10-10,653996085.5250161,-0.0031833262441036568,-0.09576350819123924
2023-10-11,660232033.4664795,0.009535145667511704,-0.08714148152396295
2023-10-12,660456038.1263036,0.0003392817198643037,-0.0868317653158216
2023-10-13,672933735.2875217,0.01889254763514172,-0.06957969094315242
2023-10-16,669249862.4216884,-0.005474347135025544,-0.07467313469640735
2023-10-17,644545083.011021,-0.036914134462834085,-0.10883077502429694
2023-10-18,643839807.6566294,-0.001094221913999948,-0.10980591191934774
2023-10-19,633908213.7622236,-0.015425566695780525,-0.12353766019722534
2023-10-20,635093388.2273524,0.0018696310276448533,-0.12189899901216794
2023-10-23,632770607.6716887,-0.0036573842504437942,-0.12511055178347974
2023-10-24,641849264.0148783,0.014347468471386448,-0.11255810300924451
2023-10-25,639526594.9915383,-0.0036187141647733454,-0.11576950157229826
2023-10-26,627299856.1157559,-0.019118421300280946,-0.13267459276779647
2023-10-27,638017337.537794,0.017085101036688866,-0.11785625055354698
2023-10-30,618551119.8051552,-0.0305104839435272,-0.1447708832569159
2023-10-31,612714888.5269576,-0.009435325701190149,-0.1528402485225281
2023-11-01,619433724.4007083,0.01096568077512136,-0.14355056512229492
2023-11-02,634271021.0619494,0.023953001066572357,-0.12303603089520398
2023-11-03,631427204.9755968,-0.004483597692341726,-0.12696798452334912
2023-11-06,636277678.1004725,0.0076817613917397245,-0.1202615608931078
2023-11-07,634159189.465883,-0.00332950330886024,-0.12319065293704579
2023-11-08,649843881.5809599,0.024733051851361237,-0.10150448189237948
2023-11-09,649791903.8924847,-7.998488552173223e-05,-0.1015763479535372
2023-11-10,644543721.8849287,-0.00807671190748528,-0.10883265696198718
2023-11-13,642735102.9794518,-0.002806045337293384,-0.1113333129296672
2023-11-14,649142852.9263303,0.009969503637151444,-0.10247374716070412
2023-11-15,653935229.031908,0.007382621689468994,-0.09584765037962495
2023-11-16,650949061.5358047,-0.0045664575993620005,-0.09997642374752991
2023-11-17,622273244.7401156,-0.04405232066551159,-0.13962455093512427
2023-11-20,623405389.4885442,0.0018193691565534184,-0.13805921038003988
2023-11-21,624956643.374577,0.0024883549487846155,-0.1359143957506297
2023-11-22,622833123.8820809,-0.0033978669000616895,-0.13885044362412846
2023-11-23,616320674.7811021,-0.010456170122082064,-0.14785476988614998
2023-11-24,616320674.7811021,0.0,-0.14785476988614998
2023-11-27,616320674.7811021,0.0,-0.14785476988614998
2023-11-28,616320674.7811021,0.0,-0.14785476988614998
2023-11-29,616320674.7811021,0.0,-0.14785476988614998
2023-11-30,616320674.7811021,0.0,-0.14785476988614998
2023-12-01,616320674.7811021,0.0,-0.14785476988614998
2023-12-04,616320674.7811021,0.0,-0.14785476988614998
2023-12-05,615991970.4212188,-0.000533333333333421,-0.14830924734221085
2023-12-06,628076689.5345737,0.019618306233912957,-0.13160051733997846
2023-12-07,624623912.6450437,-0.005497381047668827,-0.13637444019775913
2023-12-08,620307941.5331312,-0.006909711627331076,-0.14234184376998493
2023-12-11,634982243.3136337,0.023656478980800973,-0.12205267162441713
2023-12-12,636708631.7583987,0.002718797986784435,-0.11966571019552674
2023-12-13,644477379.7598412,0.012201417750514226,-0.10892438376552016
2023-12-14,642750991.3150761,-0.002678741720009497,-0.11131134519441066
2023-12-15,635506319.9693303,-0.01127134993743552,-0.12132806600815327
2023-12-18,634745680.801514,-0.0011969026017758407,-0.12237975073205554
2023-12-19,621746489.9384935,-0.020479368755382532,-0.14035285944400444
2023-12-20,625376607.2381568,0.005838581091181417,-0.13533373990406605
2023-12-21,640685485.3036252,0.024479454281279955,-0.11416718172148232
2023-12-22,641371339.1158745,0.0010705000003617565,-0.11321889768919469
2023-12-25,648860191.6526173,0.011676313049887968,-0.10286456393188903
2023-12-26,649037532.0627507,0.0002733106644771717,-0.1026193672497312
2023-12-27,649898452.3771993,0.0013264569025961336,-0.10142903051516361
2023-12-28,643886918.4984329,-0.009249958753982906,-0.10974077492042478
2023-12-29,635875226.9576614,-0.01244269965828011,-0.12081800307610313
2024-01-02,639358829.5251024,0.005478437309325995,-0.11600145962246744
2024-01-03,651354595.7563326,0.01876218123106296,-0.09941571879990907
2024-01-04,641337216.1071804,-0.015379302939469415,-0.11326607728300964
2024-01-05,637884439.2176504,-0.005383715154545023,-0.11804000014079019
2024-01-08,633258342.7642112,-0.00725224847797358,-0.12443619320740273
2024-01-09,641576635.4949012,0.013135701764907113,-0.11293504816522848
2024-01-10,633316469.9684249,-0.012874791676452673,-0.12435582462358363
2024-01-11,652036497.7952081,0.02955872571530707,-0.09847289861942587
2024-01-12,642501481.0731057,-0.014623440182173921,-0.1116563262590734
2024-01-15,628889912.6268114,-0.021185271703281168,-0.1304761283531659
2024-01-16,638566341.2565259,0.0153865222440872,-0.117097179960307
2024-01-17,638566341.2565259,0.0,-0.117097179960307
2024-01-18,638707753.164138,0.0002214521788508692,-0.11690165920709572
2024-01-19,644477654.5242765,0.009033711163759367,-0.10892400386717738
2024-01-22,653816660.3121388,0.014490813951890887,-0.09601158739022086
2024-01-23,665038185.2031113,0.017163106375440516,-0.08049633810243362
2024-01-24,657861323.7045518,-0.01079165325877877,-0.09041930279180954
2024-01-25,664117402.4501516,0.009509722672812693,-0.08176944261281593
2024-01-26,664010542.8556905,-0.00016090467448502715,-0.08191719020175459
2024-01-29,665901379.4254937,0.002847600222838892,-0.07930285738798848
2024-01-30,671351852.4792882,0.008185105515920237,-0.07176685412750294
2024-01-31,658061541.742842,-0.019796341795089153,-0.09014247474872572
2024-02-01,663017304.145004,0.007530849453741051,-0.08329047470170503
2024-02-02,657785418.3318975,-0.007891024533444615,-0.09052425205587622
2024-02-05,648530387.4941787,-0.014069984800193688,-0.10332056200559481
2024-02-06,650120132.8703097,0.0024513043749169387,-0.10112252777634112
2024-02-07,645639713.633359,-0.006891678953502797,-0.10731730273344264
2024-02-15,648009290.4229801,0.003670122422126487,-0.10404104795036029
2024-02-16,637037554.8837067,-0.016931447899630754,-0.11921093026719654
2024-02-19,643703991.8679637,0.010464747224320179,-0.10999369529449865
2024-02-20,652535052.9771302,0.013719133671269708,-0.09778357983197106
2024-02-21,655645072.0082635,0.004766056653882612,-0.09348356525938706
2024-02-22,654023243.3916476,-0.00247363807928606,-0.09572595883186008
2024-02-23,643736871.756482,-0.015727838022731866,-0.10994823447951385
2024-02-26,671522595.6746085,0.04316316982482475,-0.07153077897146798
2024-02-27,682840000.914932,0.01685334985482377,-0.055882962360038424
2024-02-28,680587214.0360863,-0.0032991431020842365,-0.058997739572328456
2024-02-29,673492598.3334111,-0.0104242565190169,-0.06880698852000133
2024-03-01,679882734.9415381,0.0094880576623109,-0.05997177553233812
2024-03-04,685592300.4506495,0.008397868067060653,-0.052077542523945364
2024-03-05,685427435.3320987,-0.00024047107653106558,-0.05230549045776267
2024-03-06,675170125.3526001,-0.01496483719611956,-0.06648758450471859
2024-03-07,675870943.3467577,0.0010379872684555737,-0.0655186105024893
2024-03-08,676624155.1804687,0.0011144314474909902,-0.06447719505493821
2024-03-11,681560459.0408764,0.00729548867360655,-0.057652099027560855
2024-03-12,705248222.88411,0.034755190869740465,-0.024900617863564456
2024-03-13,723278884.6506641,0.025566405106017556,0.0
2024-03-14,723825925.0175278,0.0007563339376732147,0.0
2024-03-15,735436912.0772898,0.01604113179488678,0.0
2024-03-18,707121844.4110851,-0.038501015112536195,-0.03850101511253623
2024-03-19,709487532.0481948,0.003345516272488883,-0.03528430461261367
2024-03-20,717277888.8089838,0.0109802588613493,-0.024691476549653535
2024-03-21,720711176.8473434,0.004786552174444556,-0.020023111415978012
2024-03-22,724738260.7226527,0.005587652869385458,-0.014547340742550041
2024-03-25,705479778.9716269,-0.026573016487114583,-0.040733790504269174
2024-03-26,725389159.0126303,0.02822104989320209,-0.013662290945227307
2024-03-27,721349716.1962005,-0.005568656170610787,-0.019154866515061264
2024-03-28,734551276.7489871,0.01830119324424311,-0.0012042301844780168
2024-03-29,729307733.7025446,-0.007138430239546567,-0.00833406411086024
2024-04-01,728526257.8853353,-0.0010715309616173307,-0.009396664864746773
2024-04-02,752469857.3948637,0.032865801678896994,0.0
2024-04-03,743657437.5709984,-0.011711326024905362,-0.011711326024905322
2024-04-04,748079896.877668,0.005946903887782837,-0.005834068267391079
2024-04-05,734365289.2697184,-0.018333078679418566,-0.024060190514242463
2024-04-08,728695928.8480793,-0.0077200822322047915,-0.03159452609715485
2024-04-09,735200203.8792946,0.008925911033285518,-0.022950624992951307
2024-04-10,724144263.6028631,-0.015037999470205163,-0.03764349297667158
2024-04-11,740269893.8267833,0.022268532714309924,-0.016213225617193627
2024-04-12,744474001.0986351,0.0056791547338483316,-0.010626148300360128
2024-04-15,692868429.36093,-0.0693181651226903,-0.0792077283205479
2024-04-16,691370874.7265061,-0.00216138385148408,-0.08119791386712716
2024-04-17,688375765.4576584,-0.004332131101172747,-0.08517828496028579
2024-04-19,677144105.6994796,-0.01631617544047559,-0.10010467655963051
2024-04-22,682385546.9199631,0.007740510736734853,-0.09313902714660283
2024-04-23,672651441.7962081,-0.014264817254250389,-0.10607523319936829
2024-04-24,687626988.1404465,0.022263456842147842,-0.08617337773357536
2024-04-25,691370874.7265061,0.005444647535118107,-0.08119791386712716
2024-04-26,693639534.7262043,0.0032813936522790364,-0.07818296253399004
2024-05-02,698188123.0234519,0.0065575678281415755,-0.07213808478567019
2024-05-03,694243129.2149637,-0.0056503307323601355,-0.07738081148059217
2024-05-06,709189222.1878651,0.021528614895767434,-0.057518098275512464
2024-05-07,723320495.261546,0.01992595576972472,-0.03873824558798422
2024-05-08,724596051.7519765,0.0017634734516533295,-0.03704308600398898
2024-05-09,725478990.5338669,0.0012185255215724185,-0.035869698428110164
2024-05-10,729079634.6260557,0.00496312662278364,-0.031084597660546276
2024-05-13,715309791.9505491,-0.01888660994154518,-0.04938412493088695
2024-05-14,719712540.0015495,0.006155022761529214,-0.043533062582365445
2024-05-15,727254158.3946881,0.010478653592894755,-0.03351057687210912
2024-05-16,728949319.3234227,0.002330905790179834,-0.03125778107959276
2024-05-17,734334521.617197,0.007387622364161975,-0.024101079397988445
2024-05-20,732753149.8109965,-0.0021534760516472916,-0.026202654352333377
2024-05-21,744619797.7638533,0.016194605176269274,-0.010432390817870396
2024-05-22,733508025.808703,-0.014922745793920352,-0.02519945669559287
2024-05-23,737348529.6626204,0.005235803452434307,-0.02009559264552474
2024-05-24,702779883.8178432,-0.04688236899393341,-0.06603583264989887
2024-05-27,715211063.5041817,0.01768858211877994,-0.049515330779728695
2024-05-28,731378484.9386836,0.022605105345112377,-0.02802952470309017
2024-05-29,729824361.2728858,-0.002124923959074517,-0.03009488805356164
2024-05-30,732725150.9743786,0.003974640825134314,-0.0262398635991129
2024-05-31,725154395.5007954,-0.01033232647127729,-0.03630107123312232
2024-06-03,733276088.747822,0.011199950379419267,-0.02550769105023376
2024-06-04,737469511.8760827,0.0057187506760536895,-0.01993481249961826
2024-06-05,728436018.8869903,-0.012249310437405922,-0.031939935230204886
2024-06-06,720371921.6403956,-0.011070426279738555,-0.04265677281159774
2024-06-07,733589631.1410042,0.01834845182542629,-0.02509100672713327
2024-06-10,742173241.2468603,0.011700833465305883,-0.013683758953018432
2024-06-11,730246688.864476,-0.01606976878113733,-0.02953363289172395
2024-06-12,735548145.9903765,0.007259816725967225,-0.022488224927802558
2024-06-13,736195780.357147,0.0008804785523570326,-0.02162754677517509
2024-06-14,703800780.2380008,-0.04400324069153263,-0.06467910532039234
2024-06-17,701599780.9880347,-0.0031273043619271415,-0.0676041384341255
2024-06-18,709087554.1601539,0.010672428035217472,-0.057653210701229085
2024-06-19,718821659.2839088,0.013727649098684423,-0.04471700464846362
2024-06-20,736746982.1953251,0.02493709347778074,-0.020895023295647963
2024-06-21,731001875.3425109,-0.007797937408165812,-0.02853002262001214
2024-06-24,697202788.4020668,-0.04623666242252463,-0.07344755201774833
2024-06-25,703238339.6414319,0.008656808807661402,-0.06542656462529528
2024-06-26,696115986.7694854,-0.010127935964893676,-0.07489186453326102
2024-06-27,693987610.8697467,-0.0030575018246829437,-0.07772038434547957
2024-06-28,671842313.1205602,-0.031910220589432006,-0.10715053032615196
2024-07-01,677084828.0867836,0.00780319260017004,-0.10018345395132722
2024-07-02,687422652.3978128,0.015268137583647305,-0.08644493112621376
2024-07-03,699392233.8674302,0.017412259296178307,-0.07053787338564532
2024-07-04,708583868.030687,0.013142316597411687,-0.058322587852375984
2024-07-05,711369347.6036189,0.003931051352711933,-0.05462080558753479
2024-07-08,692743618.6301403,-0.026182923169550135,-0.07937359640092756
2024-07-09,698757047.8355434,0.008680598483598147,-0.07138200823788499
2024-07-10,678021340.2777729,-0.029675131895987347,-0.09893886962441267
2024-07-11,677978257.1110728,-6.354249363666688e-05,-0.09899612529555579
2024-07-12,678476556.9026573,0.000734979014972829,-0.09833390635523886
2024-07-15,676343240.5476191,-0.0031442742322255923,-0.10116899181955752
2024-07-16,681519021.5800028,0.007652595194405984,-0.09429060196577288
2024-07-17,689698443.7466068,0.012001751833193505,-0.08342050253757494
2024-07-18,701248188.0368706,0.016746078514434222,-0.06807139030834852
2024-07-19,699663523.8682905,-0.002259776489428499,-0.07017734067035553
2024-07-22,700587911.2999623,0.0013211885429741963,-0.06894886962585134
2024-07-23,699663523.8682905,-0.0013194453069515708,-0.07017734067035553
2024-07-24,701776409.4263972,0.0030198595267979197,-0.06736940685434634
2024-07-25,701776409.4263972,0.0,-0.06736940685434634
2024-07-26,701248188.0368706,-0.0007526918580212062,-0.06807139030834852
2024-07-29,700852021.9947256,-0.0005649441223571247,-0.0685978778988503
2024-07-30,699353440.6269207,-0.0021382279293990004,-0.07058942792982847
2024-07-31,711439166.1893165,0.017281284198104204,-0.054528019697161256
2024-08-01,686137569.9386938,-0.03556396309489925,-0.08815275031191272
2024-08-02,701105429.0740266,0.02181466194406203,-0.06826111081534436
2024-08-05,684949880.899082,-0.0230429654442725,-0.08973113784191122
2024-08-06,709819047.8378421,0.03630800972783043,-0.05668108713973419
2024-08-07,722269379.1207696,0.017540148184036597,-0.04013513362336085
2024-08-08,711606427.4012011,-0.014763123050500463,-0.054305736757531364
2024-08-09,728448760.4643588,0.023668045164608992,-0.031923002223196884
2024-08-12,732386271.1846414,0.005405336564472344,-0.026690220229889428
2024-08-13,738489258.0389667,0.008333016462001203,-0.018579613812438223
2024-08-14,707479505.2080536,-0.041990797419665146,-0.05979023843236975
2024-08-15,694690469.2050216,-0.018076899625906483,-0.07678631591952523
2024-08-16,730599169.8629818,0.0516902163621919,-0.029065200840869165
2024-08-19,737068200.35432,0.008854418069694042,-0.020468138210699816
2024-08-20,753772535.9025297,0.022663215615840754,0.0
2024-08-21,768513178.6316599,0.019555823576777626,0.0
2024-08-22,768682551.0687201,0.0002203897626867051,0.0
2024-08-23,765741120.1803646,-0.003826587300916279,-0.003826587300916229
2024-08-26,758154676.474752,-0.009907321816315323,-0.013695997885383226
2024-08-27,752645437.3518759,-0.007266642670454486,-0.020863116633189294
2024-08-28,750973869.7022977,-0.0022209231154838244,-0.023037704370681422
2024-08-29,753612453.3451955,0.0035135492050393656,-0.01960509927351961
2024-08-30,752856022.0657685,-0.0010037404186586138,-0.020589161261625577
2024-09-04,751427098.1545026,-0.0018980042257548963,-0.02244808717230118
2024-09-05,751391238.6142583,-4.77219151830052e-05,-0.022494737821772137
2024-09-06,752317042.3307455,0.0012321193925478404,-0.021290334631924757
2024-09-09,749607229.1531464,-0.00360195638956128,-0.024815604164622695
2024-09-10,743903496.1174151,-0.007608962152319413,-0.03223574532406659
2024-09-11,743796861.1687933,-0.00014334513707530552,-0.03237446962380963
2024-09-12,740036592.0617331,-0.005055505479212904,-0.03726630579445278
2024-09-13,741697146.2469189,0.0022438811850634386,-0.03510604577179832
2024-09-16,739957976.2583542,-0.00234485193500494,-0.037368579227444854
2024-09-17,747042974.5301037,0.009574865734369475,-0.02815151262186233
2024-09-18,753020156.3966067,0.00800112185013546,-0.020375634454479985
2024-09-19,760686361.9268036,0.010180611322386976,-0.010402459546921206
2024-09-20,757680728.8116448,-0.003951212044272211,-0.014312569267741493
2024-09-23,751301696.5824962,-0.008419155967122952,-0.02261122548190908
2024-09-24,755298623.2435269,0.005320002176504988,-0.01741151507418126
2024-09-25,758182365.4630859,0.0038180159883982267,-0.013659976528718532
2024-09-26,757744247.0601699,-0.0005778535915278889,-0.014229936653749164
2024-09-27,754083600.3144659,-0.004830979264978009,-0.018992171389810908
2024-09-30,751827097.8342257,-0.0029923770776863804,-0.02192771672917493
2024-10-01,750697047.1184372,-0.001503072606778606,-0.02339783038560872
2024-10-02,745365860.1441455,-0.007101649053710189,-0.030333316259302134
2024-10-03,743233136.1029191,-0.0028613116796279638,-0.03310783486683544
2024-10-04,744921176.5961642,0.002271212640082524,-0.030911817159788302
2024-10-07,747776053.4295456,0.0038324549268775815,-0.02719783037888346
2024-10-08,748608854.2482107,0.0011137035143684137,-0.02611441718379115
2024-10-09,746317332.2536267,-0.0030610404640287374,-0.02909552036012586
2024-10-10,748773756.686967,0.003291394058774888,-0.025899891124201213
2024-10-11,756942111.3451114,0.010908975622070612,-0.015273456783018835
2024-10-14,749835184.8529738,-0.009388996048202822,-0.024519050405843457
2024-10-15,747708356.529195,-0.0028363944060532343,-0.02728589911448387
2024-10-16,748002336.6691955,0.0003931748755159232,-0.026903452368955527
2024-10-17,751217605.8974404,0.00429847484509511,-0.02272062133711461
2024-10-18,749080181.5687582,-0.0028452798655174156,-0.02550125467620956
2024-10-21,749831389.1891899,0.0010028400682800711,-0.024523988287910137
2024-10-22,743500856.8671064,-0.008442607782702755,-0.03275954965623051
2024-10-23,750198167.4935591,0.009007804852671157,-0.024046836433924024
2024-10-24,748173093.5130596,-0.002699385400080829,-0.026681310154817006
2024-10-25,758970435.2293077,0.01443160922233775,-0.012634755174173562
2024-10-28,751912340.6339815,-0.009299564604507584,-0.021816822056676788
2024-10-29,760362170.3948369,0.011237785715461045,-0.010824209112481054
2024-10-30,763081710.8550935,0.0035766382996728885,-0.007286285093683453
2024-10-31,760105822.6461289,-0.0038998290309302103,-0.011157698858477727
2024-11-01,756411879.7311709,-0.004859774527313066,-0.015963249485094977
2024-11-04,763436618.0486813,0.00928692225194422,-0.006824576690007134
2024-11-05,774430804.9734201,0.014400916415091095,0.0
2024-11-06,774305030.7549546,-0.00016240859436096868,-0.00016240859436100763
2024-11-07,792689338.5077388,0.023742978571196137,0.0
2024-11-08,811200102.3410094,0.02335185164482925,0.0
2024-11-11,800713615.019033,-0.012927127710800203,-0.01292712771080018
2024-11-12,822659377.1306068,0.027407754407987886,0.0
2024-11-13,813803197.5244361,-0.010765305608088428,-0.010765305608088416
2024-11-14,807285736.2510012,-0.008008645448015921,-0.018687735540349637
2024-11-15,827173151.4541985,0.024634914640698974,0.0
2024-11-18,831337723.0666023,0.005034703562467437,0.0
2024-11-19,808155630.552317,-0.027885288819533213,-0.027885288819533227
2024-11-20,788059597.3260372,-0.024866538654869784,-0.05205841686206991
2024-11-21,818094237.1247083,0.03811214266101394,-0.015930332011209636
2024-11-22,825218601.7280712,0.008708488924701835,-0.0073605722063943
2024-11-25,835970096.1651497,0.013028662241209807,0.0
2024-11-26,822589226.564556,-0.016006397432128044,-0.01600639743212806
2024-11-27,829231956.0315309,0.008075390793430892,-0.00806026455315656
2024-11-28,840847081.3244656,0.01400708837672088,0.0
2024-11-29,853779790.2922341,0.01538057187211424,0.0
2024-12-02,852224978.6081582,-0.0018210921618836248,-0.0018210921618836418
2024-12-03,876490789.5846362,0.028473480108631127,0.0
2024-12-04,899665032.5933306,0.026439802088138935,0.0
2024-12-05,875460818.0369114,-0.026903584867191473,-0.026903584867191466
2024-12-06,874532174.4296063,-0.0010607483375297056,-0.02793579527179968
2024-12-09,895652999.5488698,0.02415099837011612,-0.00445947424776072
2024-12-10,884907617.4913882,-0.011997260169835832,-0.016403232944825485
2024-12-11,877224342.5432367,-0.008682572955957453,-0.02494338363402593
2024-12-12,837762992.4403765,-0.04498433090497057,-0.06880565311571385
2024-12-13,850252071.0670578,0.014907651375600926,-0.05492373242943249
2024-12-16,838636604.5630894,-0.013661203423346188,-0.06783461157129078
2024-12-17,851372701.8510149,0.015186669909979304,-0.053678123515716325
2024-12-18,848771494.8496332,-0.003055309379460033,-0.056569429620927036
2024-12-19,844710095.9587634,-0.004785032150012726,-0.06108377523149566
2024-12-20,854564384.2024915,0.011665881929046131,-0.05013048941208054
2024-12-23,851415247.894193,-0.0036850778788743337,-0.053630832533365314
2024-12-24,853423785.6243861,0.002359057739640838,-0.05139829302429566
2024-12-25,843419974.1997463,-0.011721973998323452,-0.06251777756823018
2024-12-26,833035206.550199,-0.012312688775719942,-0.07406070440580281
2024-12-27,818567987.5418653,-0.017366875846995648,-0.09014137719424187
2024-12-30,826198091.0242949,0.00932128253065756,-0.0816603279081144
2024-12-31,826905544.3697449,0.0008562756960294654,-0.08087397596620238
2025-01-02,849776286.7041265,0.02765822830685374,-0.055452578550704845
2025-01-03,850591981.6102097,0.0009598937024318652,-0.05454591342920745
2025-01-06,876754604.7067566,0.030758135113171232,-0.02546550889116317
2025-01-07,888499686.2228442,0.013396087631630934,-0.012410559448222336
2025-01-08,867920017.3598974,-0.0231622691398287,-0.03528537186993541
2025-01-09,865732351.0878036,-0.002520585109614566,-0.037717017196627456
2025-01-10,864205517.5580596,-0.0017636322910025753,-0.03941413053818177
2025-01-13,873200196.4985971,0.01040803229994801,-0.029416321781949528
2025-01-14,873876986.6696424,0.0007750687342480353,-0.028664052718991195
2025-01-15,879570902.2365328,0.006515694604328638,-0.02233512432830187
2025-01-16,913586626.7507179,0.03867308983015631,0.0
2025-01-17,928792549.9047414,0.016644205058151132,0.0
2025-01-20,927954471.7994637,-0.0009023307792074908,-0.0009023307792075386
2025-01-21,942131095.3955768,0.015277283559636463,0.0
2025-01-22,965638125.0540013,0.024950911580467996,0.0
2025-01-23,966986990.5760248,0.0013968644019186865,0.0
2025-01-24,999195984.8676329,0.03330861180709526,0.0
2025-02-03,996096021.3784887,-0.00310245791225319,-0.003102457912253165
2025-02-04,1025018963.9812773,0.02903629969604986,0.0
2025-02-05,1065160744.7505821,0.03916198839228302,0.0
2025-02-06,1068562696.6931998,0.003193839013861007,0.0
2025-02-07,1061889099.5398957,-0.006245395964089311,-0.006245395964089351
2025-02-10,1029248915.8080546,-0.030737846114046848,-0.036791272058070645
2025-02-11,1040781757.8933386,0.011205104915004607,-0.025998417206433255
2025-02-12,1087942419.6241755,0.045312728987771236,0.0
2025-02-13,1105042614.628549,0.0157179228384906,0.0
2025-02-14,1094754203.1937752,-0.00931042052005595,-0.009310420520055929
2025-02-17,1116750970.1259608,0.020092881916336566,0.0
2025-02-18,1156250054.3166897,0.03536964394691657,0.0
2025-02-19,1133983190.1796002,-0.019257827538221015,-0.01925782753822103
2025-02-20,1120955499.5878067,-0.011488433606965736,-0.030525018872099463
2025-02-21,1135629872.043603,0.013090950052158398,-0.017833670317336958
2025-02-24,1160675517.693509,0.022054408981718406,0.0
2025-02-25,1192497301.6049595,0.027416606473001634,0.0
2025-02-26,1198965801.8431182,0.005424331132198682,0.0
2025-02-27,1172870366.650053,-0.021764953723408777,-0.02176495372340881
2025-02-28,1192762306.7350523,0.01696005001969194,-0.005174038407542159
2025-03-03,1194156009.904677,0.001168466811664723,-0.004011617288038893
2025-03-04,1198212519.297007,0.003396967698260782,-0.0006282769241233721
2025-03-05,1204646855.1980243,0.0053699454791143585,0.0
2025-03-06,1246723595.2948236,0.034928692932073145,0.0
2025-03-07,1264189479.3702817,0.01400942770424405,0.0
2025-03-10,1253251108.3385525,-0.008652477504541364,-0.008652477504541345
2025-03-11,1272684831.7202828,0.015506647672144332,0.0
2025-03-12,1277263999.3844702,0.0035980374324079824,0.0
2025-03-13,1242723626.01743,-0.027042469985598595,-0.02704246998559856
2025-03-14,1251448907.6828856,0.007021095827571561,-0.020211241931210155
2025-03-17,1274555453.664543,0.018463834871565058,-0.002120584093212252
2025-03-18,1253925315.8044257,-0.016186143804730015,-0.018272403818859417
2025-03-19,1219653802.661477,-0.027331383066432915,-0.045104376816974545
2025-03-20,1234106220.2275486,0.011849606449415444,-0.03378923948198642
2025-03-21,1229409990.2187335,-0.003805369369217784,-0.03746602831427026
2025-03-24,1243382113.3914762,0.01136490128102564,-0.026526924746428482
2025-03-25,1280050647.0496323,0.029490961196263526,0.0
2025-03-26,1301962360.1628263,0.017117848550522542,0.0
2025-03-27,1278320911.647989,-0.01815831950155657,-0.018158319501556552
2025-03-28,1271922584.9833386,-0.0050052585437265745,-0.023072690961458253
2025-03-31,1276573784.8012888,0.003656826188058589,-0.019500237593936487
2025-04-01,1289827562.9901528,0.01038230484337188,-0.009320390161783099
2025-04-02,1290744316.0270736,0.0007107562772154721,-0.008616258410381161
2025-04-03,1200523881.7499993,-0.06989799076146537,-0.07791199002107929
2025-04-04,1214545044.8178248,0.0116792037884219,-0.0671427362416751
2025-04-08,1130593324.305716,-0.06912194888967754,-0.13162364834854245
2025-04-09,1051938301.4566697,-0.06956968625066619,-0.19203631868043258
2025-04-10,1123662909.4503236,0.06818328403323025,-0.1369467015084862
2025-04-11,1167686026.8177128,0.03917822417839221,-0.10313380590228483
2025-04-14,1215645637.5413513,0.04107235131890938,-0.06629740249225025
2025-04-15,1265838405.3980587,0.04128897954030619,-0.027745775047022025
2025-04-16,1236935650.9136994,-0.022832894278689887,-0.049945152977383
2025-04-17,1303929189.7232683,0.05416089249273566,0.0
2025-04-18,1357887224.7763274,0.04138110832882771,0.0
2025-04-21,1321561172.731886,-0.026751891748908033,-0.02675189174890802
2025-04-22,1314605735.006572,-0.0052630463642752605,-0.03187414166657676
2025-04-23,1309464770.0973692,-0.003910651514978453,-0.03566014452115818
2025-04-24,1326726793.1083505,0.013182502809676774,-0.022947731666824955
2025-04-25,1379849721.2133632,0.040040593422065784,0.0
2025-04-28,1437403424.4432921,0.041710124186074005,0.0
2025-04-29,1422223435.34638,-0.010560701914837423,-0.010560701914837378
2025-05-05,1438214895.5171673,0.01124398584171315,0.0
2025-05-06,1444728987.9581525,0.0045292900673531145,0.0
2025-05-07,1437512083.4716952,-0.004995334451381819,-0.004995334451381783
2025-05-08,1470545906.448843,0.022979857600479263,0.0
2025-05-09,1471082107.1021254,0.0003646269395134025,0.0
2025-05-12,1492920930.6246777,0.01484541441780731,0.0
2025-05-13,1531186299.4736211,0.025631209305192224,0.0
2025-05-14,1577168260.9052327,0.03003028530716272,0.0
2025-05-15,1583298272.4164054,0.0038867200558895254,0.0
2025-05-16,1641424371.583961,0.03671203346849133,0.0
2025-05-19,1708310588.2309444,0.04074888724994301,0.0
2025-05-20,1707375927.3072221,-0.0005471258740427074,-0.0005471258740427087
2025-05-21,1698159226.0012004,-0.005398167538040528,-0.005942339934950747
2025-05-22,1635998586.090754,-0.03660471819054408,-0.0423295404467835
2025-05-23,1741555237.250634,0.06452123617790484,0.0
2025-05-26,1810033863.8262217,0.039320387381851805,0.0
2025-05-27,1878009345.877026,0.03755481232108627,0.0
2025-05-28,1798207729.631352,-0.04249266193529349,-0.04249266193529344
2025-05-29,1776435178.5397155,-0.012107917640916814,-0.054086081925154406
2025-05-30,1721765297.359507,-0.03077504985301449,-0.08319662991056809
2025-06-02,1718405209.7872796,-0.001951536354798471,-0.08498580501749942
2025-06-03,1738311734.0767717,0.011584301639749071,-0.0743860045781699
2025-06-04,1743316864.77206,0.00287930559126464,-0.07172087902579904
2025-06-05,1723590511.0242586,-0.011315414969257778,-0.08222474248691991
2025-06-06,1726651176.3292363,0.0017757496838148804,-0.08059500336357794
2025-06-09,1635498285.8231602,-0.05279172293494858,-0.12913197721101533
2025-06-10,1721253973.9231477,0.05243398225686671,-0.08346889875602514
2025-06-11,1722143678.574349,0.0005168933026039146,-0.08299514996816393
2025-06-12,1714271743.611733,-0.004571009411440416,-0.08718678776799593
2025-06-13,1650470265.0561059,-0.03721783246640129,-0.12115971697396422
2025-06-16,1727814400.8791504,0.046861877769373395,-0.07997561105199669
2025-06-17,1697388697.3024335,-0.017609358714243628,-0.09617665054283486
2025-06-18,1677335531.7468414,-0.011814126951276071,-0.10685453433484937
2025-06-19,1696637178.8189964,0.011507326177043137,-0.09657681813789343
2025-06-20,1701674506.7221396,0.002969007143088527,-0.09389454825771304
2025-06-23,1742441406.3150249,0.023956931500027423,-0.07218704201852166
2025-06-24,1734468706.8029528,-0.004575591169480428,-0.07643233479599121
2025-06-25,1710853413.5076413,-0.0136152893405844,-0.08900697578335182
2025-06-26,1722859718.2442021,0.007017728486711873,-0.08261387408611076
2025-06-27,1696419604.5347266,-0.015346643391500917,-0.09669267181282182
2025-06-30,1721656900.8297925,0.014876800661583759,-0.0832543487552333
2025-07-01,1728873805.3162498,0.004191836644675831,-0.0794115007404983
2025-07-02,1716845631.1721544,-0.006957230832643217,-0.08581624743172322
2025-07-03,1718048448.586564,0.0007005973004040143,-0.08517577276260069
2025-07-04,1710853413.5076413,-0.004187911630106877,-0.08900697578335182
2025-07-07,1704839326.4355936,-0.0035152556172053655,-0.09220934912896428
2025-07-08,1695238656.527852,-0.005631422128098267,-0.09732150148796015
2025-07-09,1674812629.8904243,-0.01204905666749242,-0.10819792586905863
2025-07-10,1692833021.6990328,0.01075964647447609,-0.09860245082620522
2025-07-11,1685616117.2125754,-0.004263211075132509,-0.10244529884094022
2025-07-14,1740880110.0528102,0.03278563385572169,-0.07301839904325758
2025-07-15,1823765164.609395,0.047611006684469784,-0.02888387184372565
2025-07-16,1912664306.2380276,0.048744840264383776,0.0
2025-07-17,2006696419.939507,0.049162894604557604,0.0
2025-07-18,2052690059.118051,0.022920078354418227,0.0
2025-07-21,1941751673.743739,-0.05404536592435071,-0.05404536592435072
2025-07-22,2015270365.2596319,0.03786204616687538,-0.018229587897208743
2025-07-23,1970215404.2553086,-0.022356782385632268,-0.04017881535324341
2025-07-24,2002141326.5564537,0.016204280116880045,-0.024625604015111713
2025-07-25,2048369272.6020474,0.023089252208335687,-0.002104938588663563
2025-07-28,2132294958.1881795,0.040971951058180585,0.0
2025-07-29,1987974573.2256937,-0.06768312442342192,-0.06768312442342195
2025-07-30,2049230783.7304416,0.030813377258318425,-0.038955292811984066
2025-07-31,2073265262.6110978,0.01172853690832402,-0.02768364449317995
2025-08-01,2013190000.113225,-0.0289761583243879,-0.055857637151737416
2025-08-04,1984366120.9824648,-0.014317515549520458,-0.06937541011277848
2025-08-05,1977149216.496008,-0.0036368815261186593,-0.07275998149149099
2025-08-06,1989155521.2325687,0.0060725334417798425,-0.06712928547054153
2025-08-07,1947122519.9508386,-0.021131078406420766,-0.08684184968231734
2025-08-08,2039843872.3575692,0.0476196805576835,-0.04335755026554411
2025-08-11,2070276147.7739878,0.014918923859229558,-0.029085474397448907
2025-08-12,2125922745.4147816,0.026878828556579953,-0.002988429320684771
2025-08-13,2177508363.963763,0.02426504851140156,0.0
2025-08-14,2230262526.3539786,0.02422684719069731,0.0
2025-08-15,2266761202.6359434,0.0163651928195344,0.0
2025-08-18,2317980446.0531855,0.022595782633689356,0.0
2025-08-19,2261200013.7941647,-0.024495647646942228,-0.02449564764694223
2025-08-20,2233236929.856527,-0.012366479642248606,-0.036559202361241216
2025-08-21,2203836663.136342,-0.013164866802589372,-0.04924277213433592
2025-08-22,2241708800.295017,0.01718463885829806,-0.03290435253154789
2025-08-25,2201249300.1532,-0.018048508413087375,-0.05035898646114245
2025-08-26,2230478496.2904677,0.013278457889905212,-0.03774921825233979
2025-08-27,2265592199.883084,0.015742677479748876,-0.022600814540650216
2025-08-28,2255646539.5508337,-0.0043898722518392165,-0.02689147210386844
2025-08-29,2266560201.546944,0.00483837418884063,-0.022183208919555053
2025-09-03,2311702946.2857842,0.019916852289222162,-0.0027081763256846525
2025-09-04,2329566540.9454365,0.007727461129187767,0.0
2025-09-05,2255340416.789741,-0.03186263317705934,-0.031862633177059396
2025-09-08,2152100164.708653,-0.04577590651616158,-0.07617999877554915
2025-09-09,2196947826.110293,0.02083902140665991,-0.056928493994132134
2025-09-10,2239209220.160181,0.01923641223866119,-0.038787181734068255
2025-09-11,2204157271.8268604,-0.01565371740065146,-0.0538337355530869
2025-09-12,2217907543.7760153,0.006238335224490713,-0.04793123321736292
2025-09-15,2295998647.2907877,0.03520935926022477,-0.014409501967273974
2025-09-16,2275005809.4884925,-0.009143227426142498,-0.023420980039832173
2025-09-17,2269757600.0379186,-0.0023068993620521424,-0.025673849557971806
2025-09-18,2255325024.0488405,-0.006358641992799995,-0.031869240732855686
2025-09-19,2251388866.9609103,-0.001745272652925152,-0.0335588928714603
2025-09-22,2215963453.169537,-0.015734915594209663,-0.04876576211890238
2025-09-23,2256637076.4114842,0.018354825836035732,-0.03130602335332067
2025-09-24,2268445547.6752753,0.0052327737531322385,-0.026237066937506603
2025-09-25,2263641823.9886246,-0.002117627946403058,-0.02829913453773114
2025-09-26,2243489678.765396,-0.008902532639956084,-0.03694973320878259
2025-09-29,2244072748.9718785,0.00025989431197351304,-0.036699441922299014
2025-09-30,2167873684.6032543,-0.03395570148228697,-0.06940898811010587
2025-10-01,2202404034.5367665,0.015928211213944256,-0.05458633791892553
2025-10-02,2157347176.351981,-0.020458034710357863,-0.07392764343342662
2025-10-03,2126808299.7523232,-0.01415575431456446,-0.08703689619049282
2025-10-06,2224877220.8584423,0.0461108418269478,-0.04493939891689325
2025-10-07,2177948647.961656,-0.021092657364112605,-0.06508416493750269
2025-10-08,2180746194.2902894,0.0012844868180209548,-0.0638832778714058
2025-10-09,2200641970.0522547,0.00912337979268616,-0.055342729485142184
2025-10-10,2273572603.6573153,0.03314061741871115,-0.024036204291205454
2025-10-13,2378952412.4880385,0.04634987625255828,0.0
2025-10-14,2435939396.5012436,0.023954654878365116,0.0
2025-10-15,2442598980.041946,0.002733887201901471,0.0
2025-10-16,2447819488.671244,0.0021372761848973505,0.0
2025-10-17,2421586938.9320655,-0.010716701072356661,-0.010716701072356671
2025-10-20,2272866577.432123,-0.061414421720299206,-0.07147296279354776
2025-10-21,2254796815.584193,-0.00795020791248781,-0.07885494579170538
2025-10-22,2264500024.8353095,0.004303363027680292,-0.07489092422229482
2025-10-23,2283458578.728264,0.008372070516684206,-0.06714584580425931
2025-10-24,2252448769.107319,-0.01358019361937163,-0.07981418583687261
2025-10-27,2135384758.2121944,-0.051971886109320374,-0.1276379781699709
2025-10-28,2199087661.1221104,0.02983204907917851,-0.10161363151992608
2025-10-29,2165918683.5145235,-0.015083062941957484,-0.11516404966190763
2025-10-30,2120685899.4635966,-0.020883879157240586,-0.13364285672275056
2025-10-31,2039700478.7306087,-0.03818831480582401,-0.1667275760444965
2025-11-03,2036723859.0161219,-0.001459341577612078,-0.16794360513825235
2025-11-04,2069711505.60818,0.016196425669601323,-0.1544672655859577
2025-11-05,2080820773.6190872,0.0053675442112608536,-0.14992883125192202
2025-11-06,2074338050.5446124,-0.0031154644151306092,-0.1525771977284851
2025-11-07,1999013228.2830024,-0.036312703342559656,-0.18334941055309117
2025-11-10,1947569142.5584037,-0.02573474001909689,-0.2043657011589497
2025-11-11,1940191399.557888,-0.0037881802701104643,-0.20737970731204247
2025-11-12,2025394237.690124,0.043914656127045607,-0.17257205971933254
2025-11-13,2071177522.4798293,0.022604628737326302,-0.15386835832239754
2025-11-14,2074315348.1101308,0.0015149959847693519,-0.15258647228266964
2025-11-17,2093832275.1236553,0.009408852434759273,-0.14461328344915847
2025-11-18,2104943163.225059,0.0053064843031648936,-0.1400741872646457
2025-11-19,2096170242.2625823,-0.004167770947808122,-0.14365816108423435
2025-11-20,2171399643.622102,0.03588897497100127,-0.11292493026076522
2025-11-21,2181567318.82537,0.00468254438243685,-0.1087711618761581
2025-11-24,2211844729.469901,0.013878742307541369,-0.0964020264947878
2025-11-25,2272515551.7271376,0.027429964431444097,-0.07161636622121481
2025-11-26,2330973747.731535,0.025724002619022125,-0.047734623194432
2025-11-27,2396901629.9377728,0.02828340828394044,-0.020801312747579792
2025-11-28,2400875652.512905,0.0016579831752359156,-0.019177817798902153
2025-12-01,2492319622.6553755,0.03808775770905063,0.0
2025-12-02,2561160659.5324783,0.027621271465879647,0.0
2025-12-03,2525538875.1984453,-0.013908453654186425,-0.01390845365418647
2025-12-04,2512673210.993749,-0.0050942253675209225,-0.018931826224279247
2025-12-05,2616509015.9388885,0.04132483463859309,0.0
2025-12-08,2676644422.4065514,0.02298306870006495,0.0
2025-12-09,2719083691.348835,0.015855400361369926,0.0
2025-12-10,2572991276.388897,-0.053728546651488726,-0.05372854665148874
2025-12-11,2499024383.784367,-0.02874743233033413,-0.08093142122275199
2025-12-12,2437170441.797427,-0.024751235877607622,-0.10367950440376528
2025-12-15,2457973512.9639435,0.008535747360850937,-0.09602873909900311
2025-12-16,2477021613.4887705,0.0077495141523546696,-0.08902340101932893
2025-12-17,2446251604.9486656,-0.012422180078100623,-0.10033971637880246
2025-12-18,2465219180.5441875,0.007753730465480863,-0.09336399302910559
2025-12-19,2510046320.0493994,0.01818383527882353,-0.07687787322049655
2025-12-22,2598444567.768389,0.03521777547007583,-0.04436756542811715
2025-12-23,2682769199.6988673,0.032451964908721626,-0.013355415195754228
2025-12-24,2679806195.0239925,-0.0011044575415609255,-0.014445122248281539
2025-12-25,2567639148.9896116,-0.04185640224381102,-0.055696903644807394
2025-12-26,2547140774.9050837,-0.00798335470644084,-0.0632356102134013
2025-12-29,2586691908.3990393,0.015527659045633016,-0.048689852162704494
2025-12-30,2611659389.5373363,0.009652282537872864,-0.039507537834633344
2025-12-31,2655680581.5698237,0.01685564059725487,-0.023317822096001528
2026-01-05,2675742440.4184914,0.007554319215908365,-0.015939653151626154
2026-01-06,2667678208.267436,-0.003013829742818623,-0.01890544349368617
2026-01-07,2709257284.3575745,0.015586241234523783,-0.003613867062100651
2026-01-08,2709427951.437495,6.29940467101993e-05,-0.0035511006675009726
2026-01-09,2706831580.053458,-0.0009582729013552493,-0.004505970645316548
2026-01-12,2779742601.5713816,0.0269359283581594,0.0
2026-01-13,2786875220.238587,0.002565927745674467,0.0
2026-01-14,2772995812.50892,-0.004980275983966904,-0.004980275983966886
2026-01-15,2774491709.69879,0.0005394516584272947,-0.004443510943678564
2026-01-16,2778505768.492109,0.0014467726752568062,-0.0030031670186373427
2026-01-19,2777819608.1003323,-0.0002469530204174958,-0.003249378397888747
2026-01-20,2795266820.0208483,0.006280901707813791,0.0
2026-01-21,2753786680.268121,-0.014839420500264848,-0.014839420500264877
2026-01-22,2807416820.6134377,0.019475052562929536,0.0
2026-01-23,2730965582.51186,-0.02723188004725023,-0.02723188004725019
2026-01-26,2724821683.939561,-0.0022497165880237973,-0.029420332623008694
2026-01-27,2748449950.2546864,0.008671490855490991,-0.021003959912823555
2026-01-28,2704003314.0289345,-0.01617152832695142,-0.036835822107066596
2026-01-29,2773542878.6389093,0.025717263085140857,-0.012065875550010596
2026-01-30,2757887787.3254156,-0.005644438178354871,-0.01764220863975574
2026-02-02,2794528647.8424187,0.013285841681229954,-0.004590758549420815
2026-02-03,2835524994.10954,0.014670218642694362,0.0
2026-02-04,2824678988.5653734,-0.0038250431813148635,-0.0038250431813148245
2026-02-05,2764956969.0834274,-0.021142940392061407,-0.02488711091339668
2026-02-06,2689881407.3919725,-0.027152524444654248,-0.05136388747061804
2026-02-09,2679226093.030839,-0.003961258043515251,-0.0551216799017441
2026-02-10,2598400094.202524,-0.03016766634161936,-0.08362645379589817
2026-02-11,2661875817.779891,0.024428772042839764,-0.06124057332958943
2026-02-12,2654868848.381078,-0.002632342708104744,-0.0637117098610499
2026-02-13,2665381812.2436333,0.003959880680722229,-0.06000411994934218
2026-02-23,2744936209.207942,0.029847279890209195,-0.03194779982182672
2026-02-24,2836846973.5105658,0.03348375237074993,0.0
2026-02-25,2805399616.8451376,-0.011085320060994483,-0.011085320060994497
2026-02-26,2793731358.340621,-0.004159214407264499,-0.015198428245352114
2026-02-27,2754234045.317275,-0.014137835016036035,-0.02912139039035233
2026-03-02,2814662758.2059507,0.021940296973460213,-0.007820025370336547
2026-03-03,2853950417.657016,0.01395821198703989,0.0
2026-03-04,2864015131.3175383,0.0035265902302483608,0.0
2026-03-05,2792425611.545646,-0.024996208640475515,-0.02499620864047547
2026-03-06,2779523012.4515,-0.0046205703889832484,-0.02950128228797777
2026-03-09,2654707799.045371,-0.04490526354593612,-0.07308178297782919
2026-03-10,2647660092.1989393,-0.002654795698783149,-0.07554256147350336
2026-03-11,2712839421.880601,0.02461771051114373,-0.05278453587198462
2026-03-12,2680737583.441701,-0.011833298417879183,-0.06399321912504141
2026-03-13,2638418507.602207,-0.015786355255691175,-0.07876935468966939
2026-03-16,2542399255.150976,-0.036392730029207246,-0.1122954528590806
2026-03-17,2558247131.05925,0.0062334331935337975,-0.10676200586888152
2026-03-18,2694981605.652025,0.05344850109776534,-0.05901977395899871
2026-03-19,2696777560.287951,0.0006664070107785598,-0.05839269813936099
2026-03-20,2586627461.064699,-0.040845081494778696,-0.09685272511993748
2026-03-23,2491625104.9092994,-0.03672827169177862,-0.1300237636094218
2026-03-24,2497828116.736265,0.0024895446007282113,-0.12785791896735388
2026-03-25,2497828116.736265,0.0,-0.12785791896735388
2026-03-26,2508164229.6180344,0.004138040088713008,-0.12424896007298714
2026-03-27,2518507062.9893236,0.004123666723715437,-0.12063765465138099
2026-03-30,2519024540.6823645,0.00020547001858578525,-0.12045697205393857
2026-03-31,2513332286.058919,-0.002259705902628312,-0.12244448062580382
2026-04-01,2569683590.6841702,0.02242095282737727,-0.10276884972251044
2026-04-02,2561078985.805272,-0.0033485075400303253,-0.10577323499436464
2026-04-03,2535370174.790061,-0.01003827338309426,-0.1147497277279712
2026-04-06,2514255741.3391266,-0.008327948976004173,-0.12212204682644645
2026-04-07,2518243930.225678,0.0015862303985143599,-0.12072953013093701
2026-04-08,2605437563.9782553,0.0346247766969752,-0.09028498645547622
2026-04-09,2607991691.9492226,0.0009803067270847904,-0.08939318670796847
2026-04-10,2616126422.8696175,0.0031191552279505037,-0.0865528627056813
2026-04-13,2626931283.4434986,0.0041300987901147935,-0.0827802357891082
2026-04-14,2614024187.911674,-0.004913373872081417,-0.08728687941353874
2026-04-15,2692905058.242792,0.030176029241005414,-0.05974482159807237
2026-04-16,2771760312.740091,0.029282597340715134,-0.032211707811406476
2026-04-17,2727015995.0996723,-0.01614292456485368,-0.047834641206955464
2026-04-20,2748860125.074164,0.008010268371635713,-0.04020754114884839
2026-04-21,2761435905.3763146,0.004574907317923801,-0.03581657960516216
2026-04-22,2875704149.675239,0.04138000960893298,0.0
2026-04-23,2866429708.3411474,-0.003225102740537148,-0.0032251027405371113
2026-04-24,2838871250.025377,-0.009614210401035505,-0.0128083063252602
2026-04-28,2965100929.7048283,0.044464742696000426,0.0
2026-04-29,2875864353.989525,-0.030095628388672354,-0.030095628388672302
2026-05-04,2842643088.546339,-0.011551749788580888,-0.0412997210083772
2026-05-05,2934471361.9844255,0.032303835049881456,-0.010330025333556425
2026-05-06,2933488372.74535,-0.00033498000757823645,-0.010661544989170157
2026-05-07,3016773273.174,0.028391079099695377,0.0
2026-05-08,3041411513.045373,0.00816708371506184,0.0
2026-05-11,3004851834.5867906,-0.0120206286790751,-0.012020628679075052
2026-05-12,3036354315.6635547,0.010483871688500788,-0.0016627797192608762
2026-05-13,3058489176.8178034,0.0072899467101261,0.0
2026-05-14,3106428614.257257,0.01567422170489158,0.0
2026-05-15,3184204573.433161,0.025037098492765437,0.0
2026-05-18,3206228463.2001896,0.006916606411152468,0.0
2026-05-19,3142476017.494752,-0.019883937291794013,-0.01988393729179405
2026-05-20,3198727805.2791204,0.017900466851999596,-0.0023394022001733683
2026-05-21,3163211565.293049,-0.011103239208868054,-0.01341666646680717
2026-05-22,3129501917.1483965,-0.01065677949414345,-0.02393046750486738
2026-05-25,3168446337.0937095,0.012444286974842038,-0.011783978135098017
2026-05-26,3099398944.038649,-0.021792192673963616,-0.033319372087075805
2026-05-27,3049115357.1636877,-0.01622365748419586,-0.0490024674909425
2026-05-28,3104330888.986958,0.018108705429443726,-0.03178113331060817
2026-05-29,3072884944.34635,-0.010129701299615533,-0.04158890122282399
