date,equity,portfolio_return,drawdown
2018-01-02,100000000.0,0.0,0.0
2018-01-03,100000000.0,0.0,0.0
2018-01-04,100000000.0,0.0,0.0
2018-01-05,100000000.0,0.0,0.0
2018-01-08,100000000.0,0.0,0.0
2018-01-09,100000000.0,0.0,0.0
2018-01-10,100000000.0,0.0,0.0
2018-01-11,100000000.0,0.0,0.0
2018-01-12,100000000.0,0.0,0.0
2018-01-15,100000000.0,0.0,0.0
2018-01-16,100000000.0,0.0,0.0
2018-01-17,100000000.0,0.0,0.0
2018-01-18,100000000.0,0.0,0.0
2018-01-19,100000000.0,0.0,0.0
2018-01-22,100000000.0,0.0,0.0
2018-01-23,100000000.0,0.0,0.0
2018-01-24,100000000.0,0.0,0.0
2018-01-25,100000000.0,0.0,0.0
2018-01-26,100000000.0,0.0,0.0
2018-01-29,100000000.0,0.0,0.0
2018-01-30,100000000.0,0.0,0.0
2018-01-31,100000000.0,0.0,0.0
2018-02-01,100000000.0,0.0,0.0
2018-02-02,100000000.0,0.0,0.0
2018-02-05,100000000.0,0.0,0.0
2018-02-06,100000000.0,0.0,0.0
2018-02-07,100000000.0,0.0,0.0
2018-02-08,100000000.0,0.0,0.0
2018-02-09,100000000.0,0.0,0.0
2018-02-12,100000000.0,0.0,0.0
2018-02-13,100000000.0,0.0,0.0
2018-02-21,100000000.0,0.0,0.0
2018-02-22,100000000.0,0.0,0.0
2018-02-23,100000000.0,0.0,0.0
2018-02-26,100000000.0,0.0,0.0
2018-02-27,100000000.0,0.0,0.0
2018-02-28,100000000.0,0.0,0.0
2018-03-01,100000000.0,0.0,0.0
2018-03-02,100000000.0,0.0,0.0
2018-03-05,100000000.0,0.0,0.0
2018-03-06,100000000.0,0.0,0.0
2018-03-07,100000000.0,0.0,0.0
2018-03-08,100000000.0,0.0,0.0
2018-03-09,100000000.0,0.0,0.0
2018-03-12,100000000.0,0.0,0.0
2018-03-13,100000000.0,0.0,0.0
2018-03-14,100000000.0,0.0,0.0
2018-03-15,100000000.0,0.0,0.0
2018-03-16,100000000.0,0.0,0.0
2018-03-19,100000000.0,0.0,0.0
2018-03-20,100000000.0,0.0,0.0
2018-03-21,100000000.0,0.0,0.0
2018-03-22,100000000.0,0.0,0.0
2018-03-23,100000000.0,0.0,0.0
2018-03-26,100000000.0,0.0,0.0
2018-03-27,100000000.0,0.0,0.0
2018-03-28,100000000.0,0.0,0.0
2018-03-29,100000000.0,0.0,0.0
2018-03-30,100000000.0,0.0,0.0
2018-04-02,100000000.0,0.0,0.0
2018-04-03,100000000.0,0.0,0.0
2018-04-04,100000000.0,0.0,0.0
2018-04-05,100000000.0,0.0,0.0
2018-04-06,100000000.0,0.0,0.0
2018-04-09,100000000.0,0.0,0.0
2018-04-10,100000000.0,0.0,0.0
2018-04-11,100000000.0,0.0,0.0
2018-04-12,100000000.0,0.0,0.0
2018-04-13,100000000.0,0.0,0.0
2018-04-16,100000000.0,0.0,0.0
2018-04-17,100000000.0,0.0,0.0
2018-04-18,100000000.0,0.0,0.0
2018-04-19,100000000.0,0.0,0.0
2018-04-20,100000000.0,0.0,0.0
2018-04-23,100000000.0,0.0,0.0
2018-04-24,100000000.0,0.0,0.0
2018-04-26,100000000.0,0.0,0.0
2018-04-27,100000000.0,0.0,0.0
2018-05-02,100000000.0,0.0,0.0
2018-05-03,100000000.0,0.0,0.0
2018-05-04,100000000.0,0.0,0.0
2018-05-07,100000000.0,0.0,0.0
2018-05-08,100000000.0,0.0,0.0
2018-05-09,100000000.0,0.0,0.0
2018-05-10,100000000.0,0.0,0.0
2018-05-11,100000000.0,0.0,0.0
2018-05-14,100000000.0,0.0,0.0
2018-05-15,100000000.0,0.0,0.0
2018-05-16,100000000.0,0.0,0.0
2018-05-17,100000000.0,0.0,0.0
2018-05-18,100000000.0,0.0,0.0
2018-05-21,100000000.0,0.0,0.0
2018-05-22,100000000.0,0.0,0.0
2018-05-23,100000000.0,0.0,0.0
2018-05-24,100000000.0,0.0,0.0
2018-05-25,100000000.0,0.0,0.0
2018-05-28,100000000.0,0.0,0.0
2018-05-29,100000000.0,0.0,0.0
2018-05-30,100000000.0,0.0,0.0
2018-05-31,100000000.0,0.0,0.0
2018-06-01,100000000.0,0.0,0.0
2018-06-04,100000000.0,0.0,0.0
2018-06-05,100000000.0,0.0,0.0
2018-06-06,100000000.0,0.0,0.0
2018-06-07,100000000.0,0.0,0.0
2018-06-08,100000000.0,0.0,0.0
2018-06-11,100000000.0,0.0,0.0
2018-06-12,100000000.0,0.0,0.0
2018-06-13,100000000.0,0.0,0.0
2018-06-14,100000000.0,0.0,0.0
2018-06-15,100000000.0,0.0,0.0
2018-06-18,100000000.0,0.0,0.0
2018-06-19,100000000.0,0.0,0.0
2018-06-20,100000000.0,0.0,0.0
2018-06-21,100000000.0,0.0,0.0
2018-06-22,100000000.0,0.0,0.0
2018-06-25,100000000.0,0.0,0.0
2018-06-26,100000000.0,0.0,0.0
2018-06-27,100000000.0,0.0,0.0
2018-06-28,100000000.0,0.0,0.0
2018-06-29,100000000.0,0.0,0.0
2018-07-02,100000000.0,0.0,0.0
2018-07-03,100000000.0,0.0,0.0
2018-07-04,100000000.0,0.0,0.0
2018-07-05,100000000.0,0.0,0.0
2018-07-06,100000000.0,0.0,0.0
2018-07-09,100000000.0,0.0,0.0
2018-07-10,100000000.0,0.0,0.0
2018-07-11,100000000.0,0.0,0.0
2018-07-12,100000000.0,0.0,0.0
2018-07-13,100000000.0,0.0,0.0
2018-07-16,100000000.0,0.0,0.0
2018-07-17,100000000.0,0.0,0.0
2018-07-18,100000000.0,0.0,0.0
2018-07-19,100000000.0,0.0,0.0
2018-07-20,100000000.0,0.0,0.0
2018-07-23,100000000.0,0.0,0.0
2018-07-24,100000000.0,0.0,0.0
2018-07-25,100000000.0,0.0,0.0
2018-07-26,100000000.0,0.0,0.0
2018-07-27,100000000.0,0.0,0.0
2018-07-30,100000000.0,0.0,0.0
2018-07-31,100000000.0,0.0,0.0
2018-08-01,100000000.0,0.0,0.0
2018-08-02,100000000.0,0.0,0.0
2018-08-03,100000000.0,0.0,0.0
2018-08-06,100000000.0,0.0,0.0
2018-08-07,100000000.0,0.0,0.0
2018-08-08,100000000.0,0.0,0.0
2018-08-09,100000000.0,0.0,0.0
2018-08-10,100000000.0,0.0,0.0
2018-08-13,100000000.0,0.0,0.0
2018-08-14,100000000.0,0.0,0.0
2018-08-15,100000000.0,0.0,0.0
2018-08-16,100000000.0,0.0,0.0
2018-08-17,100000000.0,0.0,0.0
2018-08-20,100000000.0,0.0,0.0
2018-08-21,100000000.0,0.0,0.0
2018-08-22,100000000.0,0.0,0.0
2018-08-23,100000000.0,0.0,0.0
2018-08-24,100000000.0,0.0,0.0
2018-08-27,100000000.0,0.0,0.0
2018-08-28,100000000.0,0.0,0.0
2018-08-29,100000000.0,0.0,0.0
2018-08-30,100000000.0,0.0,0.0
2018-08-31,100000000.0,0.0,0.0
2018-09-04,100000000.0,0.0,0.0
2018-09-05,100000000.0,0.0,0.0
2018-09-06,100000000.0,0.0,0.0
2018-09-07,100000000.0,0.0,0.0
2018-09-10,100000000.0,0.0,0.0
2018-09-11,100000000.0,0.0,0.0
2018-09-12,100000000.0,0.0,0.0
2018-09-13,100000000.0,0.0,0.0
2018-09-14,100000000.0,0.0,0.0
2018-09-17,100000000.0,0.0,0.0
2018-09-18,100000000.0,0.0,0.0
2018-09-19,100000000.0,0.0,0.0
2018-09-20,100000000.0,0.0,0.0
2018-09-21,100000000.0,0.0,0.0
2018-09-24,100000000.0,0.0,0.0
2018-09-25,100000000.0,0.0,0.0
2018-09-26,100000000.0,0.0,0.0
2018-09-27,100000000.0,0.0,0.0
2018-09-28,100000000.0,0.0,0.0
2018-10-01,100000000.0,0.0,0.0
2018-10-02,100000000.0,0.0,0.0
2018-10-03,100000000.0,0.0,0.0
2018-10-04,100000000.0,0.0,0.0
2018-10-05,100000000.0,0.0,0.0
2018-10-08,100000000.0,0.0,0.0
2018-10-09,100000000.0,0.0,0.0
2018-10-10,100000000.0,0.0,0.0
2018-10-11,100000000.0,0.0,0.0
2018-10-12,100000000.0,0.0,0.0
2018-10-15,100000000.0,0.0,0.0
2018-10-16,100000000.0,0.0,0.0
2018-10-17,100000000.0,0.0,0.0
2018-10-18,100000000.0,0.0,0.0
2018-10-19,100000000.0,0.0,0.0
2018-10-22,100000000.0,0.0,0.0
2018-10-23,100000000.0,0.0,0.0
2018-10-24,100000000.0,0.0,0.0
2018-10-25,100000000.0,0.0,0.0
2018-10-26,100000000.0,0.0,0.0
2018-10-29,100000000.0,0.0,0.0
2018-10-30,100000000.0,0.0,0.0
2018-10-31,100000000.0,0.0,0.0
2018-11-01,100000000.0,0.0,0.0
2018-11-02,100000000.0,0.0,0.0
2018-11-05,100000000.0,0.0,0.0
2018-11-06,100000000.0,0.0,0.0
2018-11-07,100000000.0,0.0,0.0
2018-11-08,100000000.0,0.0,0.0
2018-11-09,100000000.0,0.0,0.0
2018-11-12,100000000.0,0.0,0.0
2018-11-13,100000000.0,0.0,0.0
2018-11-14,100000000.0,0.0,0.0
2018-11-15,100000000.0,0.0,0.0
2018-11-16,100000000.0,0.0,0.0
2018-11-19,100000000.0,0.0,0.0
2018-11-20,100000000.0,0.0,0.0
2018-11-21,100000000.0,0.0,0.0
2018-11-22,100000000.0,0.0,0.0
2018-11-23,100000000.0,0.0,0.0
2018-11-26,100000000.0,0.0,0.0
2018-11-27,100000000.0,0.0,0.0
2018-11-28,100000000.0,0.0,0.0
2018-11-29,100000000.0,0.0,0.0
2018-11-30,100000000.0,0.0,0.0
2018-12-03,100000000.0,0.0,0.0
2018-12-04,100000000.0,0.0,0.0
2018-12-05,100000000.0,0.0,0.0
2018-12-06,100000000.0,0.0,0.0
2018-12-07,100000000.0,0.0,0.0
2018-12-10,100000000.0,0.0,0.0
2018-12-11,100000000.0,0.0,0.0
2018-12-12,100000000.0,0.0,0.0
2018-12-13,100000000.0,0.0,0.0
2018-12-14,100000000.0,0.0,0.0
2018-12-17,100000000.0,0.0,0.0
2018-12-18,100000000.0,0.0,0.0
2018-12-19,100000000.0,0.0,0.0
2018-12-20,100000000.0,0.0,0.0
2018-12-21,100000000.0,0.0,0.0
2018-12-24,100000000.0,0.0,0.0
2018-12-25,100000000.0,0.0,0.0
2018-12-26,100000000.0,0.0,0.0
2018-12-27,100000000.0,0.0,0.0
2018-12-28,100000000.0,0.0,0.0
2019-01-02,100000000.0,0.0,0.0
2019-01-03,100000000.0,0.0,0.0
2019-01-04,100000000.0,0.0,0.0
2019-01-07,100000000.0,0.0,0.0
2019-01-08,100000000.0,0.0,0.0
2019-01-09,100000000.0,0.0,0.0
2019-01-10,100000000.0,0.0,0.0
2019-01-11,100000000.0,0.0,0.0
2019-01-14,100000000.0,0.0,0.0
2019-01-15,100000000.0,0.0,0.0
2019-01-16,100000000.0,0.0,0.0
2019-01-17,100000000.0,0.0,0.0
2019-01-18,100000000.0,0.0,0.0
2019-01-21,100000000.0,0.0,0.0
2019-01-22,100000000.0,0.0,0.0
2019-01-23,100000000.0,0.0,0.0
2019-01-24,100000000.0,0.0,0.0
2019-01-25,100000000.0,0.0,0.0
2019-01-28,100000000.0,0.0,0.0
2019-01-29,100000000.0,0.0,0.0
2019-01-30,100000000.0,0.0,0.0
2019-01-31,100000000.0,0.0,0.0
2019-02-01,100000000.0,0.0,0.0
2019-02-11,100000000.0,0.0,0.0
2019-02-12,100000000.0,0.0,0.0
2019-02-13,100000000.0,0.0,0.0
2019-02-14,100000000.0,0.0,0.0
2019-02-15,100000000.0,0.0,0.0
2019-02-18,100000000.0,0.0,0.0
2019-02-19,100000000.0,0.0,0.0
2019-02-20,100000000.0,0.0,0.0
2019-02-21,100000000.0,0.0,0.0
2019-02-22,100000000.0,0.0,0.0
2019-02-25,100000000.0,0.0,0.0
2019-02-26,100000000.0,0.0,0.0
2019-02-27,100000000.0,0.0,0.0
2019-02-28,100000000.0,0.0,0.0
2019-03-01,100000000.0,0.0,0.0
2019-03-04,100000000.0,0.0,0.0
2019-03-05,100000000.0,0.0,0.0
2019-03-06,100000000.0,0.0,0.0
2019-03-07,100000000.0,0.0,0.0
2019-03-08,100000000.0,0.0,0.0
2019-03-11,100000000.0,0.0,0.0
2019-03-12,100000000.0,0.0,0.0
2019-03-13,100000000.0,0.0,0.0
2019-03-14,100000000.0,0.0,0.0
2019-03-15,100000000.0,0.0,0.0
2019-03-18,100000000.0,0.0,0.0
2019-03-19,100000000.0,0.0,0.0
2019-03-20,100000000.0,0.0,0.0
2019-03-21,100000000.0,0.0,0.0
2019-03-22,100000000.0,0.0,0.0
2019-03-25,100000000.0,0.0,0.0
2019-03-26,100000000.0,0.0,0.0
2019-03-27,100000000.0,0.0,0.0
2019-03-28,100000000.0,0.0,0.0
2019-03-29,100000000.0,0.0,0.0
2019-04-01,100000000.0,0.0,0.0
2019-04-02,100000000.0,0.0,0.0
2019-04-03,100000000.0,0.0,0.0
2019-04-04,100000000.0,0.0,0.0
2019-04-05,100000000.0,0.0,0.0
2019-04-08,100000000.0,0.0,0.0
2019-04-09,100000000.0,0.0,0.0
2019-04-10,100000000.0,0.0,0.0
2019-04-11,100000000.0,0.0,0.0
2019-04-12,100000000.0,0.0,0.0
2019-04-16,100000000.0,0.0,0.0
2019-04-17,100000000.0,0.0,0.0
2019-04-18,100000000.0,0.0,0.0
2019-04-19,100000000.0,0.0,0.0
2019-04-22,100000000.0,0.0,0.0
2019-04-23,100000000.0,0.0,0.0
2019-04-24,100000000.0,0.0,0.0
2019-04-25,100000000.0,0.0,0.0
2019-04-26,100000000.0,0.0,0.0
2019-05-02,100000000.0,0.0,0.0
2019-05-03,100000000.0,0.0,0.0
2019-05-06,100000000.0,0.0,0.0
2019-05-07,100000000.0,0.0,0.0
2019-05-08,100000000.0,0.0,0.0
2019-05-09,100000000.0,0.0,0.0
2019-05-10,100000000.0,0.0,0.0
2019-05-13,100000000.0,0.0,0.0
2019-05-14,100000000.0,0.0,0.0
2019-05-15,100000000.0,0.0,0.0
2019-05-16,100000000.0,0.0,0.0
2019-05-17,100000000.0,0.0,0.0
2019-05-20,100000000.0,0.0,0.0
2019-05-21,100000000.0,0.0,0.0
2019-05-22,100000000.0,0.0,0.0
2019-05-23,100000000.0,0.0,0.0
2019-05-24,100000000.0,0.0,0.0
2019-05-27,100000000.0,0.0,0.0
2019-05-28,100000000.0,0.0,0.0
2019-05-29,100000000.0,0.0,0.0
2019-05-30,100000000.0,0.0,0.0
2019-05-31,100000000.0,0.0,0.0
2019-06-03,100000000.0,0.0,0.0
2019-06-04,100000000.0,0.0,0.0
2019-06-05,100000000.0,0.0,0.0
2019-06-06,100000000.0,0.0,0.0
2019-06-07,100000000.0,0.0,0.0
2019-06-10,100000000.0,0.0,0.0
2019-06-11,100000000.0,0.0,0.0
2019-06-12,100000000.0,0.0,0.0
2019-06-13,100000000.0,0.0,0.0
2019-06-14,100000000.0,0.0,0.0
2019-06-17,100000000.0,0.0,0.0
2019-06-18,100000000.0,0.0,0.0
2019-06-19,100000000.0,0.0,0.0
2019-06-20,100000000.0,0.0,0.0
2019-06-21,100000000.0,0.0,0.0
2019-06-24,100000000.0,0.0,0.0
2019-06-25,100000000.0,0.0,0.0
2019-06-26,100000000.0,0.0,0.0
2019-06-27,100000000.0,0.0,0.0
2019-06-28,100000000.0,0.0,0.0
2019-07-01,100000000.0,0.0,0.0
2019-07-02,100000000.0,0.0,0.0
2019-07-03,100000000.0,0.0,0.0
2019-07-04,100000000.0,0.0,0.0
2019-07-05,100000000.0,0.0,0.0
2019-07-08,100000000.0,0.0,0.0
2019-07-09,100000000.0,0.0,0.0
2019-07-10,100000000.0,0.0,0.0
2019-07-11,100000000.0,0.0,0.0
2019-07-12,100000000.0,0.0,0.0
2019-07-15,100000000.0,0.0,0.0
2019-07-16,100000000.0,0.0,0.0
2019-07-17,100000000.0,0.0,0.0
2019-07-18,100000000.0,0.0,0.0
2019-07-19,100000000.0,0.0,0.0
2019-07-22,100000000.0,0.0,0.0
2019-07-23,100000000.0,0.0,0.0
2019-07-24,100000000.0,0.0,0.0
2019-07-25,100000000.0,0.0,0.0
2019-07-26,100000000.0,0.0,0.0
2019-07-29,100000000.0,0.0,0.0
2019-07-30,100000000.0,0.0,0.0
2019-07-31,100000000.0,0.0,0.0
2019-08-01,100000000.0,0.0,0.0
2019-08-02,100000000.0,0.0,0.0
2019-08-05,100000000.0,0.0,0.0
2019-08-06,100000000.0,0.0,0.0
2019-08-07,100000000.0,0.0,0.0
2019-08-08,100000000.0,0.0,0.0
2019-08-09,100000000.0,0.0,0.0
2019-08-12,100000000.0,0.0,0.0
2019-08-13,100000000.0,0.0,0.0
2019-08-14,100000000.0,0.0,0.0
2019-08-15,100000000.0,0.0,0.0
2019-08-16,100000000.0,0.0,0.0
2019-08-19,100000000.0,0.0,0.0
2019-08-20,100000000.0,0.0,0.0
2019-08-21,100000000.0,0.0,0.0
2019-08-22,100000000.0,0.0,0.0
2019-08-23,100000000.0,0.0,0.0
2019-08-26,100000000.0,0.0,0.0
2019-08-27,100000000.0,0.0,0.0
2019-08-28,100000000.0,0.0,0.0
2019-08-29,100000000.0,0.0,0.0
2019-08-30,100000000.0,0.0,0.0
2019-09-03,100000000.0,0.0,0.0
2019-09-04,100000000.0,0.0,0.0
2019-09-05,100000000.0,0.0,0.0
2019-09-06,100000000.0,0.0,0.0
2019-09-09,100000000.0,0.0,0.0
2019-09-10,100000000.0,0.0,0.0
2019-09-11,100000000.0,0.0,0.0
2019-09-12,100000000.0,0.0,0.0
2019-09-13,100000000.0,0.0,0.0
2019-09-16,100000000.0,0.0,0.0
2019-09-17,100000000.0,0.0,0.0
2019-09-18,100000000.0,0.0,0.0
2019-09-19,100000000.0,0.0,0.0
2019-09-20,100000000.0,0.0,0.0
2019-09-23,100000000.0,0.0,0.0
2019-09-24,100000000.0,0.0,0.0
2019-09-25,100000000.0,0.0,0.0
2019-09-26,100000000.0,0.0,0.0
2019-09-27,100000000.0,0.0,0.0
2019-09-30,100000000.0,0.0,0.0
2019-10-01,100000000.0,0.0,0.0
2019-10-02,100000000.0,0.0,0.0
2019-10-03,100000000.0,0.0,0.0
2019-10-04,100000000.0,0.0,0.0
2019-10-07,100000000.0,0.0,0.0
2019-10-08,100000000.0,0.0,0.0
2019-10-09,100000000.0,0.0,0.0
2019-10-10,100000000.0,0.0,0.0
2019-10-11,100000000.0,0.0,0.0
2019-10-14,100000000.0,0.0,0.0
2019-10-15,100000000.0,0.0,0.0
2019-10-16,100000000.0,0.0,0.0
2019-10-17,100000000.0,0.0,0.0
2019-10-18,100000000.0,0.0,0.0
2019-10-21,100000000.0,0.0,0.0
2019-10-22,100000000.0,0.0,0.0
2019-10-23,100000000.0,0.0,0.0
2019-10-24,100000000.0,0.0,0.0
2019-10-25,100000000.0,0.0,0.0
2019-10-28,100000000.0,0.0,0.0
2019-10-29,100000000.0,0.0,0.0
2019-10-30,100000000.0,0.0,0.0
2019-10-31,100000000.0,0.0,0.0
2019-11-01,100000000.0,0.0,0.0
2019-11-04,100000000.0,0.0,0.0
2019-11-05,100000000.0,0.0,0.0
2019-11-06,100000000.0,0.0,0.0
2019-11-07,100000000.0,0.0,0.0
2019-11-08,100000000.0,0.0,0.0
2019-11-11,100000000.0,0.0,0.0
2019-11-12,100000000.0,0.0,0.0
2019-11-13,100000000.0,0.0,0.0
2019-11-14,100000000.0,0.0,0.0
2019-11-15,100000000.0,0.0,0.0
2019-11-18,100000000.0,0.0,0.0
2019-11-19,100000000.0,0.0,0.0
2019-11-20,100000000.0,0.0,0.0
2019-11-21,100000000.0,0.0,0.0
2019-11-22,100000000.0,0.0,0.0
2019-11-25,100000000.0,0.0,0.0
2019-11-26,100000000.0,0.0,0.0
2019-11-27,100000000.0,0.0,0.0
2019-11-28,100000000.0,0.0,0.0
2019-11-29,100000000.0,0.0,0.0
2019-12-02,100000000.0,0.0,0.0
2019-12-03,100000000.0,0.0,0.0
2019-12-04,100000000.0,0.0,0.0
2019-12-05,100000000.0,0.0,0.0
2019-12-06,100000000.0,0.0,0.0
2019-12-09,100000000.0,0.0,0.0
2019-12-10,100000000.0,0.0,0.0
2019-12-11,100000000.0,0.0,0.0
2019-12-12,100000000.0,0.0,0.0
2019-12-13,100000000.0,0.0,0.0
2019-12-16,100000000.0,0.0,0.0
2019-12-17,100000000.0,0.0,0.0
2019-12-18,100000000.0,0.0,0.0
2019-12-19,100000000.0,0.0,0.0
2019-12-20,100000000.0,0.0,0.0
2019-12-23,100000000.0,0.0,0.0
2019-12-24,100000000.0,0.0,0.0
2019-12-25,100000000.0,0.0,0.0
2019-12-26,100000000.0,0.0,0.0
2019-12-27,100000000.0,0.0,0.0
2019-12-30,100000000.0,0.0,0.0
2019-12-31,100000000.0,0.0,0.0
2020-01-02,100000000.0,0.0,0.0
2020-01-03,100000000.0,0.0,0.0
2020-01-06,100000000.0,0.0,0.0
2020-01-07,100000000.0,0.0,0.0
2020-01-08,100000000.0,0.0,0.0
2020-01-09,100000000.0,0.0,0.0
2020-01-10,100000000.0,0.0,0.0
2020-01-13,100000000.0,0.0,0.0
2020-01-14,100000000.0,0.0,0.0
2020-01-15,100000000.0,0.0,0.0
2020-01-16,100000000.0,0.0,0.0
2020-01-17,100000000.0,0.0,0.0
2020-01-20,100000000.0,0.0,0.0
2020-01-21,100000000.0,0.0,0.0
2020-01-22,100000000.0,0.0,0.0
2020-01-30,100000000.0,0.0,0.0
2020-01-31,100000000.0,0.0,0.0
2020-02-03,100000000.0,0.0,0.0
2020-02-04,100000000.0,0.0,0.0
2020-02-05,100000000.0,0.0,0.0
2020-02-06,100000000.0,0.0,0.0
2020-02-07,100000000.0,0.0,0.0
2020-02-10,100000000.0,0.0,0.0
2020-02-11,100000000.0,0.0,0.0
2020-02-12,100000000.0,0.0,0.0
2020-02-13,100000000.0,0.0,0.0
2020-02-14,100000000.0,0.0,0.0
2020-02-17,100000000.0,0.0,0.0
2020-02-18,100000000.0,0.0,0.0
2020-02-19,100000000.0,0.0,0.0
2020-02-20,100000000.0,0.0,0.0
2020-02-21,100000000.0,0.0,0.0
2020-02-24,100000000.0,0.0,0.0
2020-02-25,100000000.0,0.0,0.0
2020-02-26,100000000.0,0.0,0.0
2020-02-27,100000000.0,0.0,0.0
2020-02-28,100000000.0,0.0,0.0
2020-03-02,100000000.0,0.0,0.0
2020-03-03,100000000.0,0.0,0.0
2020-03-04,100000000.0,0.0,0.0
2020-03-05,100000000.0,0.0,0.0
2020-03-06,100000000.0,0.0,0.0
2020-03-09,100000000.0,0.0,0.0
2020-03-10,100000000.0,0.0,0.0
2020-03-11,100000000.0,0.0,0.0
2020-03-12,100000000.0,0.0,0.0
2020-03-13,100000000.0,0.0,0.0
2020-03-16,100000000.0,0.0,0.0
2020-03-17,100000000.0,0.0,0.0
2020-03-18,100000000.0,0.0,0.0
2020-03-19,100000000.0,0.0,0.0
2020-03-20,100000000.0,0.0,0.0
2020-03-23,100000000.0,0.0,0.0
2020-03-24,100000000.0,0.0,0.0
2020-03-25,100000000.0,0.0,0.0
2020-03-26,100000000.0,0.0,0.0
2020-03-27,100000000.0,0.0,0.0
2020-03-30,100000000.0,0.0,0.0
2020-03-31,100000000.0,0.0,0.0
2020-04-01,100000000.0,0.0,0.0
2020-04-03,100000000.0,0.0,0.0
2020-04-06,100000000.0,0.0,0.0
2020-04-07,100000000.0,0.0,0.0
2020-04-08,100000000.0,0.0,0.0
2020-04-09,100000000.0,0.0,0.0
2020-04-10,100000000.0,0.0,0.0
2020-04-13,100000000.0,0.0,0.0
2020-04-14,100000000.0,0.0,0.0
2020-04-15,100000000.0,0.0,0.0
2020-04-16,100000000.0,0.0,0.0
2020-04-17,100000000.0,0.0,0.0
2020-04-20,100000000.0,0.0,0.0
2020-04-21,100000000.0,0.0,0.0
2020-04-22,100000000.0,0.0,0.0
2020-04-23,100000000.0,0.0,0.0
2020-04-24,100000000.0,0.0,0.0
2020-04-27,100000000.0,0.0,0.0
2020-04-28,100000000.0,0.0,0.0
2020-04-29,100000000.0,0.0,0.0
2020-05-04,100000000.0,0.0,0.0
2020-05-05,100000000.0,0.0,0.0
2020-05-06,100000000.0,0.0,0.0
2020-05-07,100000000.0,0.0,0.0
2020-05-08,100000000.0,0.0,0.0
2020-05-11,100000000.0,0.0,0.0
2020-05-12,100000000.0,0.0,0.0
2020-05-13,100000000.0,0.0,0.0
2020-05-14,100000000.0,0.0,0.0
2020-05-15,100000000.0,0.0,0.0
2020-05-18,100000000.0,0.0,0.0
2020-05-19,100000000.0,0.0,0.0
2020-05-20,100000000.0,0.0,0.0
2020-05-21,100000000.0,0.0,0.0
2020-05-22,100000000.0,0.0,0.0
2020-05-25,100000000.0,0.0,0.0
2020-05-26,100000000.0,0.0,0.0
2020-05-27,100000000.0,0.0,0.0
2020-05-28,100000000.0,0.0,0.0
2020-05-29,100000000.0,0.0,0.0
2020-06-01,100000000.0,0.0,0.0
2020-06-02,100000000.0,0.0,0.0
2020-06-03,100000000.0,0.0,0.0
2020-06-04,100000000.0,0.0,0.0
2020-06-05,100000000.0,0.0,0.0
2020-06-08,100000000.0,0.0,0.0
2020-06-09,100000000.0,0.0,0.0
2020-06-10,100000000.0,0.0,0.0
2020-06-11,100000000.0,0.0,0.0
2020-06-12,100000000.0,0.0,0.0
2020-06-15,100000000.0,0.0,0.0
2020-06-16,100000000.0,0.0,0.0
2020-06-17,100000000.0,0.0,0.0
2020-06-18,100000000.0,0.0,0.0
2020-06-19,100000000.0,0.0,0.0
2020-06-22,100000000.0,0.0,0.0
2020-06-23,100000000.0,0.0,0.0
2020-06-24,100000000.0,0.0,0.0
2020-06-25,100000000.0,0.0,0.0
2020-06-26,100000000.0,0.0,0.0
2020-06-29,100000000.0,0.0,0.0
2020-06-30,100000000.0,0.0,0.0
2020-07-01,100000000.0,0.0,0.0
2020-07-02,100000000.0,0.0,0.0
2020-07-03,100000000.0,0.0,0.0
2020-07-06,100000000.0,0.0,0.0
2020-07-07,100000000.0,0.0,0.0
2020-07-08,100000000.0,0.0,0.0
2020-07-09,100000000.0,0.0,0.0
2020-07-10,100000000.0,0.0,0.0
2020-07-13,100000000.0,0.0,0.0
2020-07-14,100000000.0,0.0,0.0
2020-07-15,100000000.0,0.0,0.0
2020-07-16,100000000.0,0.0,0.0
2020-07-17,100000000.0,0.0,0.0
2020-07-20,100000000.0,0.0,0.0
2020-07-21,100000000.0,0.0,0.0
2020-07-22,100000000.0,0.0,0.0
2020-07-23,100000000.0,0.0,0.0
2020-07-24,100000000.0,0.0,0.0
2020-07-27,100000000.0,0.0,0.0
2020-07-28,100000000.0,0.0,0.0
2020-07-29,100000000.0,0.0,0.0
2020-07-30,100000000.0,0.0,0.0
2020-07-31,100000000.0,0.0,0.0
2020-08-03,100000000.0,0.0,0.0
2020-08-04,100000000.0,0.0,0.0
2020-08-05,100000000.0,0.0,0.0
2020-08-06,100000000.0,0.0,0.0
2020-08-07,100000000.0,0.0,0.0
2020-08-10,100000000.0,0.0,0.0
2020-08-11,100000000.0,0.0,0.0
2020-08-12,100000000.0,0.0,0.0
2020-08-13,100000000.0,0.0,0.0
2020-08-14,100000000.0,0.0,0.0
2020-08-17,100000000.0,0.0,0.0
2020-08-18,100000000.0,0.0,0.0
2020-08-19,100000000.0,0.0,0.0
2020-08-20,100000000.0,0.0,0.0
2020-08-21,100000000.0,0.0,0.0
2020-08-24,100000000.0,0.0,0.0
2020-08-25,100000000.0,0.0,0.0
2020-08-26,100000000.0,0.0,0.0
2020-08-27,100000000.0,0.0,0.0
2020-08-28,100000000.0,0.0,0.0
2020-08-31,100000000.0,0.0,0.0
2020-09-01,100000000.0,0.0,0.0
2020-09-03,100000000.0,0.0,0.0
2020-09-04,100000000.0,0.0,0.0
2020-09-07,100000000.0,0.0,0.0
2020-09-08,100000000.0,0.0,0.0
2020-09-09,100000000.0,0.0,0.0
2020-09-10,100000000.0,0.0,0.0
2020-09-11,100000000.0,0.0,0.0
2020-09-14,100000000.0,0.0,0.0
2020-09-15,100000000.0,0.0,0.0
2020-09-16,100000000.0,0.0,0.0
2020-09-17,100000000.0,0.0,0.0
2020-09-18,100000000.0,0.0,0.0
2020-09-21,100000000.0,0.0,0.0
2020-09-22,100000000.0,0.0,0.0
2020-09-23,100000000.0,0.0,0.0
2020-09-24,100000000.0,0.0,0.0
2020-09-25,100000000.0,0.0,0.0
2020-09-28,100000000.0,0.0,0.0
2020-09-29,100000000.0,0.0,0.0
2020-09-30,100000000.0,0.0,0.0
2020-10-01,100000000.0,0.0,0.0
2020-10-02,100000000.0,0.0,0.0
2020-10-05,100000000.0,0.0,0.0
2020-10-06,100000000.0,0.0,0.0
2020-10-07,100000000.0,0.0,0.0
2020-10-08,100000000.0,0.0,0.0
2020-10-09,100000000.0,0.0,0.0
2020-10-12,100000000.0,0.0,0.0
2020-10-13,100000000.0,0.0,0.0
2020-10-14,100000000.0,0.0,0.0
2020-10-15,100000000.0,0.0,0.0
2020-10-16,100000000.0,0.0,0.0
2020-10-19,100000000.0,0.0,0.0
2020-10-20,100000000.0,0.0,0.0
2020-10-21,100000000.0,0.0,0.0
2020-10-22,100000000.0,0.0,0.0
2020-10-23,100000000.0,0.0,0.0
2020-10-26,100000000.0,0.0,0.0
2020-10-27,100000000.0,0.0,0.0
2020-10-28,100000000.0,0.0,0.0
2020-10-29,100000000.0,0.0,0.0
2020-10-30,100000000.0,0.0,0.0
2020-11-02,100000000.0,0.0,0.0
2020-11-03,100000000.0,0.0,0.0
2020-11-04,100000000.0,0.0,0.0
2020-11-05,100000000.0,0.0,0.0
2020-11-06,100000000.0,0.0,0.0
2020-11-09,100000000.0,0.0,0.0
2020-11-10,100000000.0,0.0,0.0
2020-11-11,100000000.0,0.0,0.0
2020-11-12,100000000.0,0.0,0.0
2020-11-13,100000000.0,0.0,0.0
2020-11-16,100000000.0,0.0,0.0
2020-11-17,100000000.0,0.0,0.0
2020-11-18,100000000.0,0.0,0.0
2020-11-19,100000000.0,0.0,0.0
2020-11-20,100000000.0,0.0,0.0
2020-11-23,100000000.0,0.0,0.0
2020-11-24,100000000.0,0.0,0.0
2020-11-25,100000000.0,0.0,0.0
2020-11-26,100000000.0,0.0,0.0
2020-11-27,100000000.0,0.0,0.0
2020-11-30,100000000.0,0.0,0.0
2020-12-01,100000000.0,0.0,0.0
2020-12-02,100000000.0,0.0,0.0
2020-12-03,100000000.0,0.0,0.0
2020-12-04,100000000.0,0.0,0.0
2020-12-07,100000000.0,0.0,0.0
2020-12-08,100000000.0,0.0,0.0
2020-12-09,100000000.0,0.0,0.0
2020-12-10,100000000.0,0.0,0.0
2020-12-11,100000000.0,0.0,0.0
2020-12-14,100000000.0,0.0,0.0
2020-12-15,100000000.0,0.0,0.0
2020-12-16,100000000.0,0.0,0.0
2020-12-17,100000000.0,0.0,0.0
2020-12-18,100000000.0,0.0,0.0
2020-12-21,100000000.0,0.0,0.0
2020-12-22,100000000.0,0.0,0.0
2020-12-23,100000000.0,0.0,0.0
2020-12-24,100000000.0,0.0,0.0
2020-12-25,100000000.0,0.0,0.0
2020-12-28,100000000.0,0.0,0.0
2020-12-29,100000000.0,0.0,0.0
2020-12-30,100000000.0,0.0,0.0
2020-12-31,100000000.0,0.0,0.0
2021-01-04,100000000.0,0.0,0.0
2021-01-05,99920000.0,-0.0008,-0.0008000000000000229
2021-01-06,100112697.76876268,0.001928520504030003,0.0
2021-01-07,101925466.94619048,0.018107285267797684,0.0
2021-01-08,102748856.7154043,0.00807835170035098,0.0
2021-01-11,104064890.78341262,0.012808259965884528,0.0
2021-01-12,104757898.7694945,0.006659383206620777,0.0
2021-01-13,104087432.01526281,-0.0064001546623893455,-0.006400154662389301
2021-01-14,106010215.453338,0.01847277236884121,0.0
2021-01-15,106652565.94693941,0.006059326366374115,0.0
2021-01-18,107186062.52552721,0.005002191685226022,0.0
2021-01-19,103647629.6085241,-0.03301206177025492,-0.03301206177025495
2021-01-20,102916659.91156898,-0.007052449725246769,-0.03983169558954025
2021-01-21,104529962.8162803,0.015675818726506956,-0.02478027130266436
2021-01-22,104134285.43447937,-0.0037853010863150216,-0.02847177160109815
2021-01-25,105468611.99478683,0.012813518187024078,-0.016023076977301542
2021-01-26,103906182.01874538,-0.014814170268199603,-0.03059987865493896
2021-01-27,100688583.26534292,-0.03096638420245275,-0.06061869525841446
2021-01-28,97144629.44255896,-0.035197176361540815,-0.09368226471213836
2021-01-29,97937792.12455374,0.008164761001675068,-0.08628239701193352
2021-02-01,96017466.37429053,-0.019607607120865185,-0.10419821279074226
2021-02-02,97538102.33705084,0.015837076525563033,-0.09001133133497308
2021-02-03,99465433.3271818,0.01975977534882637,-0.07203015967217452
2021-02-04,99820895.86552846,0.003573729349546027,-0.06871384661830149
2021-02-05,100263306.56236264,0.004432044944078248,-0.06458634453071599
2021-02-08,99104823.86986634,-0.011554403422509676,-0.07539449127293263
2021-02-09,100082916.50436515,0.009869273727615212,-0.06626930641724427
2021-02-17,101871420.59052622,0.01787022349696485,-0.04958333023694439
2021-02-18,102224738.98033035,0.0034682778325463197,-0.04628702116952266
2021-02-19,104712778.56950538,0.02433891848482752,-0.023074678719845698
2021-02-22,106035894.9695305,0.012635672724001562,-0.010730570084359514
2021-02-23,106850066.14043948,0.0076782600000022665,-0.003134702191413208
2021-02-24,105580693.30865948,-0.011879944277353918,-0.014977406381407099
2021-02-25,107065955.62682849,0.014067556023968588,-0.0011205458608026797
2021-02-26,107526528.88188374,0.00430177129937127,0.0
2021-03-01,110323596.46266378,0.026012813859662302,0.0
2021-03-02,111642246.80333477,0.011952568470855206,0.0
2021-03-03,111355574.47724882,-0.0025677763955337376,-0.0025677763955337385
2021-03-04,111172205.16245782,-0.0016467008109096355,-0.004210248846970632
2021-03-05,113218255.93825963,0.018404337422396895,0.0
2021-03-08,113652973.53143808,0.0038396421988297715,0.0
2021-03-09,114145257.23515113,0.0043314634753209656,0.0
2021-03-10,114491245.11815226,0.0030311192193326324,0.0
2021-03-11,114577306.48788455,0.0007516851584894304,0.0
2021-03-12,114290784.14662978,-0.0025006901456971127,-0.002500690145697093
2021-03-15,113766192.0591284,-0.004589977148361757,-0.007079189183434975
2021-03-16,113507634.87597029,-0.002272706666878092,-0.009335806929859802
2021-03-17,116478850.0569694,0.026176346500794943,0.0
2021-03-18,116402271.01555371,-0.0006574501841170035,-0.0006574501841170033
2021-03-19,116082578.58250551,-0.002746444981348226,-0.003402089514706552
2021-03-22,115089999.94341667,-0.008550625349723479,-0.011923624871583605
2021-03-23,114558967.04697627,-0.004614066354170483,-0.016482674829414345
2021-03-24,112932316.70842744,-0.014199240622358238,-0.030447873985769647
2021-03-25,112034380.06769389,-0.0079511044039934,-0.038156884164822547
2021-03-26,112555691.46143967,0.00465313766569504,-0.03368129573404044
2021-03-29,114075167.7698951,0.013499773212054702,-0.020636212375883423
2021-03-30,115237347.63806812,0.010187842725923407,-0.010658608136104197
2021-03-31,116559867.28269786,0.011476484592334052,0.0
2021-04-01,118632831.43510978,0.01778454454983438,0.0
2021-04-02,118552985.12210317,-0.0006730540950654483,-0.0006730540950654618
2021-04-05,116718775.20286196,-0.015471646853531928,-0.016134287693325144
2021-04-06,117055724.93546012,0.0028868511686532304,-0.01329401381195483
2021-04-07,117573826.53059345,0.00442611068718762,-0.008926743901375933
2021-04-08,117442715.84753232,-0.0011151349490783305,-0.010031924326348363
2021-04-09,118524572.08026934,0.009211778056474086,-0.0009125581302479313
2021-04-12,118945467.5405547,0.003551124065652135,0.0
2021-04-13,117836383.18865532,-0.009324309490996292,-0.009324309490996274
2021-04-14,118089286.29500306,0.0021462225800230428,-0.007198098954545928
2021-04-15,118021658.62626949,-0.0005726825087639527,-0.007766659237942286
2021-04-16,117263756.26591069,-0.006421722666674243,-0.01413850657294391
2021-04-19,119300629.1624743,0.01737001236720362,0.0
2021-04-20,118941673.64779487,-0.003008831698536762,-0.003008831698536718
2021-04-22,116153219.31250167,-0.023443880094963673,-0.02638217310393398
2021-04-23,118043550.13335827,0.01627445913290449,-0.010537069569046764
2021-04-26,116699658.94654818,-0.011384706621343109,-0.021801814744697556
2021-04-27,117318749.82274479,0.005304993020418076,-0.01661248019933248
2021-04-28,118194053.10621777,0.007460898490611843,-0.009275525737165169
2021-04-29,118388911.34052742,0.001648629767646006,-0.0076421878773600405
2021-05-04,118335798.3339677,-0.0004486315986717989,-0.008087390949067075
2021-05-05,118401583.10822077,0.0005559160894610466,-0.007535970770356393
2021-05-06,119185298.90098503,0.006619132719263844,-0.0009667196417900703
2021-05-07,119695053.54257254,0.004276992601335816,0.0
2021-05-10,121490644.10147354,0.015001376462581642,0.0
2021-05-11,120855161.96229824,-0.005230708453932612,-0.0052307084539325865
2021-05-12,122968630.36635008,0.01748761384897365,0.0
2021-05-13,123193550.57205376,0.0018290860444130337,0.0
2021-05-14,123365745.17692797,0.0013977566526381991,0.0
2021-05-17,122864512.44301526,-0.004062981447514878,-0.004062981447514824
2021-05-18,124690205.29954208,0.01485939935157095,0.0
2021-05-19,126194440.92284349,0.012063783355619561,0.0
2021-05-20,127882703.4448747,0.013378263810078908,0.0
2021-05-21,127471237.15211584,-0.0032175288891686154,-0.003217528889168597
2021-05-24,127195125.59143099,-0.002166069513825706,-0.0053766290117576165
2021-05-25,128635789.27692299,0.011326406407424862,0.0
2021-05-26,130723379.72626798,0.016228690794992482,0.0
2021-05-27,131488820.49986984,0.005855423683236134,0.0
2021-05-28,133447358.39545129,0.014895090610257568,0.0
2021-05-31,135960800.27003884,0.018834706844772016,0.0
2021-06-01,134751494.40153694,-0.008894518611982543,-0.008894518611982538
2021-06-02,138229104.9463892,0.02580758425201251,0.0
2021-06-03,143392517.5812356,0.03735401916151427,0.0
2021-06-04,143801341.64347088,0.002851083648794201,0.0
2021-06-07,139147191.87724328,-0.03236513451847143,-0.03236513451847145
2021-06-08,134727666.84345174,-0.0317615107726391,-0.0630986797224442
2021-06-09,139324276.57594752,0.034117786199302814,-0.03113368078737
2021-06-10,140597417.36665654,0.009137968069871962,-0.022280211298430608
2021-06-11,140980232.9371881,0.0027227781114444135,-0.019618097258627953
2021-06-14,144356927.11410305,0.023951543465099836,0.0
2021-06-15,145600695.4230467,0.008615923972671958,0.0
2021-06-16,144081495.5448841,-0.010434015261730356,-0.010434015261730378
2021-06-17,145305454.30937725,0.008494906024291518,-0.002027745216543253
2021-06-18,148960442.314185,0.025153825244754537,0.0
2021-06-21,149378844.90764758,0.0028088168037263095,0.0
2021-06-22,148576216.22679406,-0.0053731080953915225,-0.005373108095391488
2021-06-23,149699653.37600392,0.007561352535018035,0.0
2021-06-24,147786346.92360044,-0.012780967819596695,-0.0127809678195967
2021-06-25,149838369.70673642,0.013885063308295949,0.0
2021-06-28,151224865.50900772,0.00925327607998509,0.0
2021-06-29,153291462.6318301,0.013665723000423347,0.0
2021-06-30,152910199.8323068,-0.002487175691179862,-0.0024871756911798437
2021-07-01,154610486.7481885,0.01111951274503833,0.0
2021-07-02,153412451.85041547,-0.0077487298757699845,-0.007748729875770022
2021-07-05,152814811.6642315,-0.003895643273902481,-0.011614186862250686
2021-07-06,147372649.03682023,-0.03561279543614483,-0.04681336863751295
2021-07-07,148121571.8621927,0.0050818305178550694,-0.041969435725043636
2021-07-08,147119659.33380175,-0.006764122982188507,-0.04844967228249486
2021-07-09,144555263.34064943,-0.01743068196843719,-0.06503584342190094
2021-07-12,142710664.37988585,-0.012760510535107345,-0.07696646339186353
2021-07-13,143212650.69903377,0.0035175109115297932,-0.07371968285513641
2021-07-14,144309183.54261208,0.007656675846903426,-0.06662745472339127
2021-07-15,146167229.08341116,0.01287544905449785,-0.05460986406781532
2021-07-16,147805862.79359382,0.011210677800066739,-0.04401139985851832
2021-07-19,146629256.45141283,-0.007960484922198861,-0.05162153269573855
2021-07-20,148948269.4324354,0.015815486193855154,-0.03662246613953857
2021-07-21,149271148.9731685,0.002167729386608018,-0.03453412434899128
2021-07-22,150689995.76131088,0.00950516424575402,-0.025357212627257653
2021-07-23,150218921.00364214,-0.003126118328484819,-0.02840406130858908
2021-07-26,150456780.4425254,0.0015834186352428796,-0.02686561819333888
2021-07-27,149292034.63497138,-0.0077413979225678066,-0.03439903867503624
2021-07-28,146629800.3365047,-0.017832393435966067,-0.05161801491953011
2021-07-29,150111225.55251062,0.023742958170960504,-0.029100621117671976
2021-07-30,150184450.4922042,0.0004878045557489318,-0.02862701197747941
2021-08-02,150269583.78421926,0.0005668582315683527,-0.028076381203295697
2021-08-03,152980646.33813012,0.01804132603311008,-0.010541590317304061
2021-08-04,152198625.36222672,-0.005111894835212725,-0.015599597651418828
2021-08-05,152801581.4500149,0.003961639511218665,-0.011699758122615145
2021-08-06,152735763.5204416,-0.000430741154304271,-0.012125459709600661
2021-08-09,155938453.00125548,0.020968824897289066,0.0
2021-08-10,156866529.508888,0.00595155646199114,0.0
2021-08-11,156592587.8098678,-0.0017463361998117353,-0.0017463361998116822
2021-08-12,157266461.0814153,0.00430335356846968,0.0
2021-08-13,159567769.03281105,0.014633176937862076,0.0
2021-08-16,162794232.20441908,0.02022001805981627,0.0
2021-08-17,163152976.75399306,0.002203668672508715,0.0
2021-08-18,164597514.4632743,0.008853885096190141,0.0
2021-08-19,165731703.07287025,0.006890678837371019,0.0
2021-08-20,163510081.3475743,-0.01340492907575529,-0.0134049290757553
2021-08-23,166466395.91737872,0.018080319852084078,0.0
2021-08-24,162494285.07828507,-0.0238613374020851,-0.02386133740208507
2021-08-25,163717987.8897845,0.007530743686831029,-0.016510287331254148
2021-08-26,164406641.79072413,0.004206342319594396,-0.012373392931969929
2021-08-27,166599802.87754673,0.013339856972532226,0.0
2021-08-30,168361130.74409512,0.010572208586843232,0.0
2021-08-31,168679422.6535442,0.0018905308371495008,0.0
2021-09-01,171492341.61524758,0.016676123960187663,0.0
2021-09-06,174007521.52972367,0.014666427029838102,0.0
2021-09-07,172003641.45635253,-0.011516054339230633,-0.011516054339230641
2021-09-08,171722698.24303365,-0.0016333561949046075,-0.013130600715439367
2021-09-09,172122927.7262137,0.0023306731566354382,-0.010830530697421903
2021-09-10,171303513.69852906,-0.004760632639179976,-0.015539603158664095
2021-09-13,170603140.8931694,-0.004088490599160871,-0.019564560236396078
2021-09-14,169394114.01006353,-0.007086779743773645,-0.026512690250990567
2021-09-15,169438064.1118758,0.00025945471641158815,-0.0262601143771094
2021-09-16,169527617.5837977,0.0005285321948836774,-0.025745461498115407
2021-09-17,171034922.44388026,0.00889120534792807,-0.01708316433514423
2021-09-20,171693004.77653688,0.0038476489085002567,-0.013301245445251797
2021-09-21,173096457.85741085,0.008174200706083504,-0.005235771789078636
2021-09-22,172629105.54335764,-0.002699953077250094,-0.007921588528175039
2021-09-23,171881731.5233163,-0.004329362755422698,-0.012216655853260039
2021-09-24,170990178.11002222,-0.0051870167084809415,-0.017340304563708386
2021-09-27,168226495.16508234,-0.016162816926020233,-0.033222853321624
2021-09-28,169717620.8923177,0.008863798331957879,-0.024653535661521175
2021-09-29,171511759.38199845,0.010571315342789779,-0.014342840618524089
2021-09-30,174546523.36554095,0.017694203560604516,0.0
2021-10-01,177303301.3274678,0.01579394369347314,0.0
2021-10-04,177240498.4598297,-0.0003542114961645201,-0.00035421149616454706
2021-10-05,179797197.31792656,0.01442502633604546,0.0
2021-10-06,182136825.65342778,0.013012596249563189,0.0
2021-10-07,183952093.89891165,0.00996650863421761,0.0
2021-10-08,180804087.22888288,-0.01711318747890263,-0.01711318747890267
2021-10-11,182391783.47935998,0.008781307296815777,-0.008482156340167135
2021-10-12,184840591.0431794,0.01342608486580495,0.0
2021-10-13,189947668.31080115,0.027629630693123703,0.0
2021-10-14,192632547.90298653,0.014134838379759703,0.0
2021-10-15,193429702.1561117,0.004138211645970769,0.0
2021-10-18,193890902.36271235,0.0023843298183256483,0.0
2021-10-19,197568316.5851473,0.018966409344754024,0.0
2021-10-20,199845380.99476123,0.011525453316461175,0.0
2021-10-21,201397205.7456082,0.0077651269352463125,0.0
2021-10-22,201454638.3344462,0.0002851707332549902,0.0
2021-10-25,199654281.6971524,-0.008936784241745342,-0.008936784241745377
2021-10-26,202141275.40021545,0.01245650071675128,0.0
2021-10-27,203180663.21024606,0.005141888058105631,0.0
2021-10-28,205943646.77249497,0.013598654116951336,0.0
2021-10-29,205215412.15801203,-0.0035360868174166924,-0.0035360868174166837
2021-11-01,208573854.7387061,0.01636545006721104,0.0
2021-11-02,209417631.75863856,0.00404545920191916,0.0
2021-11-03,206984397.73360634,-0.011619050433330337,-0.011619050433330336
2021-11-04,211287842.76052567,0.020791156599435902,0.0
2021-11-05,213781368.21144605,0.011801556674259498,0.0
2021-11-08,216908605.21423844,0.014628201835153906,0.0
2021-11-09,217569318.43609303,0.0030460443060892745,0.0
2021-11-10,220252612.93810207,0.01233305560405661,0.0
2021-11-11,220031724.99060607,-0.0010028845721711073,-0.0010028845721711255
2021-11-12,222747441.10014108,0.012342384306858259,0.0
2021-11-15,227407852.45175323,0.020922401301647093,0.0
2021-11-16,225097587.5388267,-0.010159125500807716,-0.010159125500807664
2021-11-17,230013379.8966692,0.02183849419085661,0.0
2021-11-18,232514894.5260041,0.010875517895779249,0.0
2021-11-19,232678663.01255578,0.0007043354658441316,0.0
2021-11-22,230423234.05093935,-0.009693320962114688,-0.009693320962114726
2021-11-23,229941894.5006271,-0.002088936700740177,-0.011762008928945078
2021-11-24,230718256.78777432,0.003376341178858586,-0.008425380305179364
2021-11-25,231596279.17958435,0.003805604307324828,-0.004651839661434787
2021-11-26,230552499.03913566,-0.004506895120017544,-0.009137769427983056
2021-11-29,231931439.05956385,0.005981023958426533,-0.003211398687431921
2021-11-30,231768509.62645528,-0.0007024896399091682,-0.0039116323530334896
2021-12-01,230572436.85262147,-0.005160635393313524,-0.009052081237980403
2021-12-02,230292197.04510486,-0.0012154089679666691,-0.01025648822523162
2021-12-03,225088378.62656423,-0.022596590267977733,-0.03262131683119551
2021-12-06,222068346.15090418,-0.013417096404921374,-0.04560072988333719
2021-12-07,225563061.6318848,0.015737116710032317,-0.0305812371815416
2021-12-08,227176206.00679803,0.007151633619629798,-0.023648309365869258
2021-12-09,228664710.66999316,0.006552203196626107,-0.017251054697464907
2021-12-10,228663719.7376954,-4.33356023700707e-06,-0.017255313499217273
2021-12-13,230062766.79477417,0.0061183604407540155,-0.011242527285969639
2021-12-14,227161090.50756827,-0.01261254190598483,-0.02371327234543108
2021-12-15,225909042.88523775,-0.005511716903334739,-0.029094288404746038
2021-12-16,225955517.61583513,0.00020572319728248364,-0.028894550577496902
2021-12-17,225603672.35402387,-0.0015571439260423656,-0.03040670152961178
2021-12-20,223343088.5161304,-0.010020155320637297,-0.04012217697813414
2021-12-21,221043400.14912707,-0.010296662333642048,-0.050005714803341705
2021-12-22,222189189.7190301,0.005183550240043531,-0.045081371698270534
2021-12-23,219027484.11854953,-0.01422979040734938,-0.05866966363507775
2021-12-24,218987229.94717127,-0.00018378593691222402,-0.05884266691289042
2021-12-27,222403627.53979883,0.015600898707434816,-0.04415976669163901
2021-12-28,224193062.1248088,0.008045887581980854,-0.036469183628105584
2021-12-29,223402649.68839344,-0.003525588298425221,-0.03986619659947843
2021-12-30,221745656.8029619,-0.007417069080168768,-0.04698757534550524
2021-12-31,221835545.3811225,0.0004053679312442485,-0.04660125467047305
2022-01-04,223445210.78036058,0.007256120278076307,-0.039683278701394875
2022-01-05,224994293.94994482,0.006932720393398555,-0.03302567138352641
2022-01-06,224474574.75050965,-0.002309921688728684,-0.03525930635764152
2022-01-07,222528559.300407,-0.00866920207896836,-0.04362283838463121
2022-01-10,216640088.23236758,-0.02646164198677148,-0.06893014843962175
2022-01-11,212794858.15467012,-0.017749393055882957,-0.08545607319744952
2022-01-12,215640642.96894205,0.01337337207745624,-0.07322553698314116
2022-01-13,210163632.88529396,-0.025398783866717185,-0.09676448126249915
2022-01-14,210854311.87315896,0.003286386794817015,-0.0937960999811106
2022-01-17,207570995.6063267,-0.01557149217231738,-0.10790704691677822
2022-01-18,204068090.33435485,-0.016875697212607503,-0.12296173747851147
2022-01-19,206075889.32519913,0.009838867936454967,-0.11433267383834467
2022-01-20,207072303.5397029,0.004835180950894107,-0.11005031205405846
2022-01-21,206104442.42183858,-0.004674024972532062,-0.11420995911981491
2022-01-24,200454260.14406788,-0.027414170269102416,-0.13849315812317953
2022-01-25,203278356.2283478,0.014088481243802088,-0.12635583513999082
2022-01-26,203883804.42511982,0.002978419385150348,-0.12375375642364828
2022-01-27,201680472.70620558,-0.010806801085190932,-0.13322317527962368
2022-01-28,203033219.74899977,0.0067073773907937425,-0.12740937600263025
2022-02-07,206172806.36925703,0.015463413446029072,-0.11391614641463033
2022-02-08,211657563.33618996,0.02660271770812336,-0.09034390779197266
2022-02-09,216068101.73945895,0.020838085508257685,-0.07138841635943427
2022-02-10,217489237.98125207,0.0065772607356303445,-0.06528069585170371
2022-02-11,219834546.62743464,0.010783561834837713,-0.05520109243720406
2022-02-14,218703004.2568771,-0.0051472454530780915,-0.060064204318229786
2022-02-15,220442150.14421055,0.007952089607743764,-0.05258975064544236
2022-02-16,217986226.86144298,-0.011140896970751416,-0.06314475062253544
2022-02-17,220359609.338449,0.010887763466425768,-0.05294449226503428
2022-02-18,222735549.30390897,0.010782102820897548,-0.042733242403538596
2022-02-21,224179491.65410465,0.006482765569790144,-0.03652750642628755
2022-02-22,226545777.71671575,0.010555319066661722,-0.026357746844664853
2022-02-23,229723070.24707547,0.01402494702122748,-0.012702465826532672
2022-02-24,235240216.78635505,0.024016510546135787,0.0
2022-02-25,234980451.54183614,-0.0011042552505162177,-0.0011042552505162728
2022-02-28,231689005.05932987,-0.014007320442655048,-0.01509610803602679
2022-03-01,232198471.2529319,0.002198922618151706,-0.012930380591281598
2022-03-02,234336312.19088194,0.009206955267252006,-0.003842474759721992
2022-03-03,235559638.09111503,0.005220385559522729,0.0
2022-03-04,236107413.45381904,0.0023254211423611036,0.0
2022-03-07,232886500.97980022,-0.01364172529317382,-0.013641725293173868
2022-03-08,227117050.45432362,-0.02477365798877723,-0.038077427845161105
2022-03-09,228211924.84151298,0.004820749410927881,-0.033440240172087465
2022-03-10,231117952.23035413,0.012733898068031763,-0.02113216671377749
2022-03-11,233196777.1756965,0.008994649378298435,-0.012327593765673273
2022-03-14,230156301.06802714,-0.013038242399802035,-0.02520510600975223
2022-03-15,232864276.90435773,0.011765812292621951,-0.013735852263256576
2022-03-16,235016985.7705954,0.009244478779035021,-0.004618354278981274
2022-03-17,232930886.32298994,-0.008876377342537031,-0.013453737366236451
2022-03-18,233080374.04423702,0.0006417685675217506,-0.012820602984472074
2022-03-21,234323235.63241976,0.005332330503068701,-0.00755663617376523
2022-03-22,235794231.74743494,0.006277636577717432,-0.0013264374116966904
2022-03-23,240136938.41552633,0.018417357523584237,0.0
2022-03-24,242666096.9518983,0.01053215116782904,0.0
2022-03-25,247401511.0558462,0.019514114923464443,0.0
2022-03-28,249090817.0912956,0.006828196110201028,0.0
2022-03-29,247165277.67307281,-0.007730270592500587,-0.007730270592500532
2022-03-30,244724102.61284298,-0.009876690946285734,-0.017530612045213
2022-03-31,241647648.22661853,-0.012571113157135338,-0.02988134589461411
2022-04-01,243472237.3869496,0.007550618322674344,-0.02255635020975788
2022-04-04,239531098.0485833,-0.016187222743193758,-0.03837844828783277
2022-04-05,239184558.77871588,-0.0014467402048861846,-0.0397696648485798
2022-04-06,238414238.05106634,-0.00322061228192498,-0.04286219445944539
2022-04-07,239926636.4964447,0.006343574350850724,-0.03679051962598878
2022-04-08,236851632.01775837,-0.012816436405683947,-0.04913543267655418
2022-04-12,238851723.34981227,0.008444490396857131,-0.041105865969079614
2022-04-13,244282497.28279802,0.02273700962597648,-0.019303480813326224
2022-04-14,251959615.1940158,0.03142721233249153,0.0
2022-04-15,252754079.7445523,0.003153142418973588,0.0
2022-04-18,251802240.26083085,-0.0037658718889263753,-0.0037658718889264087
2022-04-19,254270241.9282261,0.009801349125562861,0.0
2022-04-20,253588308.53541338,-0.002681923718801593,-0.0026819237188016043
2022-04-21,252006244.6874074,-0.0062387097305199556,-0.00890390170572053
2022-04-22,244732309.7531232,-0.02886410590065701,-0.03751100444461464
2022-04-25,236308444.19181293,-0.034420733289396654,-0.07064058145460583
2022-04-26,237316886.83243752,0.004267484575396823,-0.0666745544709636
2022-04-27,243098676.42309678,0.02436316128966251,-0.04393579610579357
2022-04-28,241589357.59458038,-0.006208667405039782,-0.04987168076563675
2022-04-29,245996129.690041,0.018240754225837146,-0.03254062361147503
2022-05-04,243126070.70269108,-0.011667090010587756,-0.043828059237387085
2022-05-05,240575259.61401284,-0.01049172176931006,-0.05385994920348958
2022-05-06,233525112.8860302,-0.02930536888661842,-0.0815869324104852
2022-05-09,225851430.65149823,-0.03286020137062107,-0.11176617075288653
2022-05-10,227201213.15671808,0.00597641777750188,-0.10645771430519546
2022-05-11,229864297.55890858,0.011721259605922848,-0.09598427320569702
2022-05-12,225851430.65149823,-0.01745754756186943,-0.11176617075288653
2022-05-13,221072470.97085497,-0.02115974942845268,-0.13056097601363048
2022-05-16,221367817.97524035,0.0013359736881229274,-0.1293994283541574
2022-05-17,221190723.72086015,-0.0008000000000000184,-0.13009590881147404
2022-05-18,227613230.41939068,0.029036058070118914,-0.10483732310429006
2022-05-19,231939335.56030348,0.01900638698788159,-0.0878235148501022
2022-05-20,232350451.75080916,0.0017725160310239595,-0.08620666740705085
2022-05-23,228724797.0154891,-0.015604250854689526,-0.10046572779817398
2022-05-24,229996300.59628293,0.005559098083745255,-0.09546512854931366
2022-05-25,237102900.17830375,0.030898756039103317,-0.06751612622749725
2022-05-26,239509168.68477452,0.010148625363339004,-0.05805269673522495
2022-05-27,239570955.61907852,0.00025797314834873254,-0.05780969962382321
2022-05-30,240588962.8221901,0.004249293076787806,-0.053806056903418
2022-05-31,243689765.75275952,0.012888383964899889,-0.04161114605952665
2022-06-01,244376832.28626263,0.002819431219775527,-0.03890903460404205
2022-06-02,243486790.51938015,-0.0036420873392772586,-0.04240941184100433
2022-06-03,243800612.80074078,0.0012888677890542394,-0.04117520417682474
2022-06-06,241292574.04171276,-0.010287253712023471,-0.05103887811683683
2022-06-07,239999287.4341209,-0.005359827639653321,-0.056125146166862705
2022-06-08,243086356.48928946,0.012862825919914285,-0.043984248231822454
2022-06-09,249187714.00967464,0.02509954737280373,-0.019988685581170507
2022-06-10,246996946.4083922,-0.008791635695158678,-0.028604588034674472
2022-06-13,238386463.40766147,-0.034860686036554844,-0.06246809850854751
2022-06-14,238477489.4505676,0.0003818423311665684,-0.06211010914173898
2022-06-15,232496265.8267692,-0.0250808729896421,-0.08563320637262439
2022-06-16,231315841.8037813,-0.005077174116282044,-0.09027560579001703
2022-06-17,226301844.57359952,-0.02167597857147638,-0.10999477226486198
2022-06-20,218367218.32325834,-0.035062136878697074,-0.14120025738246733
2022-06-21,219409118.1832263,0.004771319925986226,-0.13710264905808445
2022-06-22,226945988.31088695,0.03435076076175968,-0.10746146859392258
2022-06-23,230689974.8879243,0.016497258245907313,-0.0927370299468937
2022-06-24,232224791.4106671,0.006653156572965232,-0.08670086735427684
2022-06-27,238634444.87141493,0.02760107317488332,-0.061492831163564854
2022-06-28,238867581.06623986,0.0009769595288331339,-0.06057594764209184
2022-06-29,241101533.959558,0.009352264896502023,-0.051790205054295324
2022-06-30,234081599.7720427,-0.029116090935750044,-0.07939836767010333
2022-07-01,237450352.67599702,0.014391361419415038,-0.06614965685594032
2022-07-04,239199523.78829026,0.007366470896255108,-0.059270475481711826
2022-07-05,237396613.69206318,-0.0075372645717421746,-0.06636100279845536
2022-07-06,233757718.1587432,-0.015328337994071557,-0.0806721369120067
2022-07-07,235229498.44179028,0.006296178344997381,-0.07488388472847929
2022-07-08,240540894.38187724,0.02257963382684045,-0.0539951015983392
2022-07-11,238334497.94183946,-0.009172645864261909,-0.06267246951723471
2022-07-12,242646661.94669408,0.018092907414128997,-0.04571348929149588
2022-07-13,241784072.84398538,-0.0035549184801816707,-0.049105900043801665
2022-07-14,243627604.78411794,0.007624703804713074,-0.041855614181986356
2022-07-15,244490030.09418368,0.0035399326395297213,-0.03846384759724708
2022-07-18,242007885.95196754,-0.010152332760808127,-0.048225682577986984
2022-07-19,240634027.11299637,-0.005676917649054808,-0.05362882699847704
2022-07-20,245940416.4606964,0.022051699883692124,-0.03275973391286979
2022-07-21,247082978.65697968,0.004645687003078948,-0.028266238379854203
2022-07-22,244934244.02148926,-0.008696408984422446,-0.03671683259487424
2022-07-25,244361565.95410365,-0.0023380890233354636,-0.03896907439494801
2022-07-26,243471778.8983186,-0.0036412725229964396,-0.0424684498981035
2022-07-27,246536444.7561921,0.012587355593082513,-0.030415659785375415
2022-07-28,250046653.0689466,0.014238090908733072,-0.016610629805715593
2022-07-29,247476091.03559655,-0.010280329697679483,-0.026720196752506253
2022-08-01,252872621.9495358,0.021806271835621525,-0.005496592790771193
2022-08-02,253268608.0133921,0.0015659507178097285,-0.003939249466387684
2022-08-03,254160917.81058598,0.0035231756678928885,-0.0004299524663644583
2022-08-04,255188024.23042122,0.0040411658436042205,0.0
2022-08-05,256041383.13604987,0.0033440397847906596,0.0
2022-08-08,259377586.84751317,0.01302993942073255,0.0
2022-08-09,259884376.59490538,0.0019538686960263326,0.0
2022-08-10,261310996.44577074,0.005489440610310742,0.0
2022-08-11,259615976.61658335,-0.006486599692482351,-0.006486599692482331
2022-08-12,265030163.72712597,0.020854599093254673,0.0
2022-08-15,266219144.09350765,0.004486207719381876,0.0
2022-08-16,266222832.10663897,1.3853297980798433e-05,0.0
2022-08-17,264680607.13953954,-0.0057929853532685364,-0.005792985353268554
2022-08-18,264430364.32254565,-0.0009454520287614583,-0.006732960392275111
2022-08-19,267408233.45095837,0.011261449251646426,0.0
2022-08-22,266818467.13159686,-0.0022054905032296572,-0.0022054905032297123
2022-08-23,267290816.582847,0.0017703026942927815,-0.00043909219471693905
2022-08-24,270108489.0499564,0.010541598484869914,0.0
2022-08-25,271248684.6302244,0.004221250447471671,0.0
2022-08-26,270966101.69632274,-0.0010417854534000577,-0.001041785453400057
2022-08-29,269250886.57728326,-0.006329998875511568,-0.007365189828163032
2022-08-30,271332854.5089964,0.007732445965839281,0.0
2022-08-31,272135332.3635387,0.0029575403096481563,0.0
2022-09-05,271706183.4894522,-0.0015769685999949838,-0.00157696859999501
2022-09-06,269629780.9750454,-0.00764208781611114,-0.009207005083581743
2022-09-07,263024045.97980025,-0.024499278126315353,-0.033480718231644
2022-09-08,262106093.7704816,-0.0034899934943178716,-0.036853864237148315
2022-09-09,265130035.01353946,0.011537088663439665,-0.02574196187300304
2022-09-12,265835332.1930668,0.002660193438632197,-0.02315024703244295
2022-09-13,266521603.45279,0.002581565264713465,-0.020628445641337922
2022-09-14,266803997.83350456,0.0010595553120502936,-0.019590747308446232
2022-09-15,265869663.8637909,-0.0035019489111880425,-0.023024090423428123
2022-09-16,262047869.34789184,-0.014374691946265167,-0.03706781816251359
2022-09-19,257206932.59999764,-0.018473482573779006,-0.05485652904341942
2022-09-20,260700477.42512864,0.013582623103569608,-0.04201900149861659
2022-09-21,257995881.4054708,-0.010374342411530839,-0.05195742440081008
2022-09-22,260092192.14102462,0.008125365118752545,-0.044254232325944165
2022-09-23,257508500.71356463,-0.009933752359852008,-0.05374837410099487
2022-09-26,251627936.1077075,-0.02283639021454396,-0.07535734547117123
2022-09-27,249310484.27720055,-0.009209835228768011,-0.08387315196487233
2022-09-28,245122068.53083485,-0.016799998437726057,-0.09926408158062139
2022-09-29,236943932.95403573,-0.03336352220677497,-0.12931580439724621
2022-09-30,240221442.12857533,0.013832424969393046,-0.11727213058953478
2022-10-03,239167010.3029291,-0.004389415933494609,-0.12114679036446485
2022-10-04,238229737.56902134,-0.0039189047549685425,-0.12459093238662489
2022-10-05,240865817.13313687,0.011065283415139487,-0.11490428294929989
2022-10-06,243443317.15138322,0.010700978864185024,-0.10543289238835962
2022-10-07,243736214.88072938,0.0012031454910056952,-0.10435659800643471
2022-10-10,243736214.88072938,0.0,-0.10435659800643471
2022-10-11,243501896.69725245,-0.0009613597371715437,-0.10521763351197466
2022-10-12,243237736.99758548,-0.0010848363123651906,-0.10618832591480498
2022-10-13,244897939.2635308,0.006825430488040577,-0.10008767646393724
2022-10-14,247917151.42234126,0.012328450651279431,-0.0889931517927447
2022-10-17,247734033.43932107,-0.0007386257141533314,-0.08966604487660035
2022-10-18,249527558.7118988,0.007239720952660432,-0.08307548106777518
2022-10-19,248568718.554952,-0.0038426222814686058,-0.08659887565464908
2022-10-20,246660375.59677422,-0.007677325486778381,-0.09361135338623772
2022-10-21,238325821.48733804,-0.03378959465731545,-0.1242378583573095
2022-10-24,229946300.075244,-0.035159939278922074,-0.1550296020802452
2022-10-25,225458767.98126742,-0.019515565558167962,-0.1715196772755594
2022-10-26,224347791.99405444,-0.0049276237831003,-0.17560211661764702
2022-10-27,229516051.93888667,0.023036821084333213,-0.15661061007586474
2022-10-28,233449242.09839863,0.01713688487705098,-0.1421575431942086
2022-10-31,233073424.62814683,-0.0016098466067985431,-0.14353853796246507
2022-11-01,235266948.7416548,0.009411300825083804,-0.13547812149813876
2022-11-02,233881396.47352803,-0.005889277161698782,-0.1405695304529887
2022-11-03,233879210.7413826,-9.345472441952221e-06,-0.14057756223675766
2022-11-04,227054602.86451554,-0.029180053478175646,-0.16565555493103312
2022-11-07,219487326.89645332,-0.0333280007213844,-0.19346258719817477
2022-11-08,218462838.3343848,-0.004667643351234766,-0.19722721619056127
2022-11-09,215761147.33964115,-0.01236682181437361,-0.20715496416536128
2022-11-10,210602423.44061252,-0.023909420035239274,-0.22611142914998594
2022-11-11,213141341.40926087,0.01205550215030783,-0.21678181382000494
2022-11-14,213314242.79993588,0.0008112053228707691,-0.21614646305840657
2022-11-15,211535055.1879682,-0.008340688313233521,-0.22268434109326207
2022-11-16,217989275.23813614,0.030511349735545177,-0.19896739116944284
2022-11-17,220016647.30158594,0.009300329391136584,-0.19151752405427724
2022-11-18,223006479.3665853,0.013589117467557284,-0.1805309607181892
2022-11-21,227290450.8689944,0.01921007638243088,-0.1647888978805484
2022-11-22,226716728.15437233,-0.0025241830988876977,-0.16689712362852172
2022-11-23,228512574.6964357,0.007921102940584766,-0.1602980299846859
2022-11-24,228737155.84398246,0.000982795576327079,-0.1594727746031217
2022-11-25,233095442.3731405,0.019053688558280255,-0.1434576306256542
2022-11-28,236014597.33391428,0.012523432166042809,-0.13273078036545294
2022-11-29,241540022.49206567,0.02341137040067906,-0.11242681942748067
2022-11-30,250034485.6867721,0.03516793244889871,-0.08121270576965223
2022-12-01,256750097.7251374,0.026858743184642986,-0.056535233792606276
2022-12-02,265447570.11226034,0.03387524469974678,-0.02457513397174138
2022-12-05,271092311.818469,0.0212649967141211,-0.003832727400778446
2022-12-06,260083634.84117126,-0.04060859160280961,-0.044285677341844965
2022-12-07,255000136.8358603,-0.01954562811464612,-0.0629657140763622
2022-12-08,262713276.21390533,0.030247589172902493,-0.03462268595481999
2022-12-09,266482945.24225694,0.01434898564198286,-0.020770500736489672
2022-12-12,268192461.80484354,0.006415106831818079,-0.014488638885846505
2022-12-13,268566552.83890206,0.001394860360880416,-0.013113988153031109
2022-12-14,268913307.9070136,0.001291132735801013,-0.011839787316631378
2022-12-15,265880658.0492342,-0.011277425730183761,-0.022983690724690642
2022-12-16,269013963.0514518,0.011784629334102912,-0.011469915666507902
2022-12-19,262026268.91608697,-0.025975209822206736,-0.03714719202263406
2022-12-20,255613190.6459448,-0.024474944045384757,-0.06071296062182163
2022-12-21,252040305.9613221,-0.01397770074225779,-0.07384203376933118
2022-12-22,254378848.11184248,0.009278445134403443,-0.06524872789386926
2022-12-23,255189467.82419387,0.003186663192982844,-0.06226999042045478
2022-12-26,249649568.24631453,-0.021708966381386512,-0.08262713967323432
2022-12-27,251884901.97629413,0.008953885823564222,-0.07441308782423195
2022-12-28,255114600.87990534,0.012822121843234465,-0.06254509965981103
2022-12-29,254242080.10596338,-0.0034201130430504103,-0.06575130139173613
2022-12-30,254965530.89151943,0.0028455194563170947,-0.06309287854280732
2023-01-03,262096767.4626493,0.027969414321200918,-0.03688813508228739
2023-01-04,260736406.96591884,-0.005190298643894218,-0.04188697328868829
2023-01-05,260581115.6354236,-0.0005955874451991532,-0.04245761337847931
2023-01-06,257731818.60129288,-0.010934395714680818,-0.052927760747378816
2023-01-09,259108221.61907566,0.00534044661327615,-0.04786997201473431
2023-01-10,258306003.05441678,-0.003096075298753934,-0.050817838275581395
2023-01-11,259252831.35332096,0.0036655295955499503,-0.04733858297021243
2023-01-12,259236763.50637418,-6.197751771080162e-05,-0.04739762656005886
2023-01-13,257651195.40935817,-0.0061162933666120255,-0.05322402213774846
2023-01-16,259856180.33200765,0.008558023257552429,-0.045121491299511374
2023-01-17,263326098.68585193,0.013353226193854277,-0.032370782585183444
2023-01-18,265859385.44287273,0.009620340595418962,-0.023061859943574237
2023-01-19,268188159.5882709,0.008759420479058361,-0.014504447992790825
2023-01-27,270042615.27220833,0.0069147559936443,-0.007689986717839159
2023-01-30,268306990.61505008,-0.00642722503412549,-0.01406778647681961
2023-01-31,270075918.21501136,0.006592924008078591,-0.007567610315944551
2023-02-01,266550068.15726858,-0.013055033121967558,-0.020523848034583292
2023-02-02,263565736.6747948,-0.011196138508255755,-0.031490198697521565
2023-02-03,263546658.74187607,-7.238396446905024e-05,-0.03156030327656689
2023-02-06,265216660.2818743,0.006336644706370089,-0.02542364499888572
2023-02-07,258604977.92716676,-0.024929362837465007,-0.049719212565522586
2023-02-08,256169586.79971868,-0.009417417819907485,-0.05866840378702376
2023-02-09,255084049.33764306,-0.0042375735372689955,-0.0626573656489311
2023-02-10,250959615.031881,-0.016168922817681664,-0.07781318635747592
2023-02-13,245064252.58220077,-0.0234912794591724,-0.09947653451031613
2023-02-14,244542759.3374539,-0.002127985780267735,-0.1013928356396756
2023-02-15,245967360.98886397,0.0058255728170802665,-0.09615793416974461
2023-02-16,246903591.6728481,0.0038063208070379627,-0.09271762130829864
2023-02-17,246123159.0071541,-0.003160880165437554,-0.09558543218355631
2023-02-20,247060832.26538166,0.0038097725626880215,-0.09213981837779384
2023-02-21,247900409.04455614,0.0033982593334448137,-0.0890546740421333
2023-02-22,245097418.16193733,-0.0113069231850885,-0.09935466286855432
2023-02-23,245728801.06619656,0.002576048776825859,-0.0970345565494829
2023-02-24,244739793.1228467,-0.004024794566443355,-0.10066880695996872
2023-02-27,243579349.43123937,-0.004741540706561125,-0.10493302242044811
2023-02-28,243869000.93278188,0.001189146379686325,-0.10386865676448265
2023-03-01,246237152.75249797,0.00971075376803973,-0.09516654594649987
2023-03-02,247191812.11648488,0.003876991564089732,-0.09165851427822824
2023-03-03,246041722.97540087,-0.00465261826933837,-0.09588468046949528
2023-03-06,246231613.66664737,0.0007717824804270889,-0.09518690010559594
2023-03-07,247499194.9398386,0.005147922536491546,-0.0905289923573368
2023-03-08,249325370.11506814,0.00737850955706523,-0.08381845183557168
2023-03-09,249436209.09706533,0.00044455556988058507,-0.08341115822531331
2023-03-10,248844713.85801968,-0.002371328690356563,-0.08558469164307436
2023-03-13,248040057.52006572,-0.003233568137650125,-0.0885415158487568
2023-03-14,246687885.4517746,-0.0054514262003093625,-0.09351026450975308
2023-03-15,248967468.16815624,0.009240756643589936,-0.08513361346417558
2023-03-16,249409895.66073078,0.0017770494106311143,-0.08350785069117583
2023-03-17,250853628.39357543,0.005788594430144595,-0.07820264934041554
2023-03-20,247221340.41798115,-0.014479710733525544,-0.0915500083328965
2023-03-21,247772079.16935104,0.0022277152548350015,-0.089526240428205
2023-03-22,248675299.06928626,0.003645365946652404,-0.08620723038974143
2023-03-23,248823470.540856,0.0005958431421387895,-0.08566275323463313
2023-03-24,249216855.3632631,0.0015809795657620816,-0.08421720473128191
2023-03-27,250280164.51959637,0.004266602091513307,-0.08030992394161651
2023-03-28,249229654.68452543,-0.00419733556227819,-0.08417017180413067
2023-03-29,249362014.62901467,0.00053107622628929,-0.08368379635504919
2023-03-30,245867167.67596698,-0.014015153664230333,-0.09652610875415735
2023-03-31,246599916.42400962,0.002980262696190272,-0.09383351921909555
2023-04-03,250822093.1302789,0.017121565844367748,-0.07831853015244628
2023-04-04,255927047.27789372,0.02035288871049842,-0.05955964977011041
2023-04-05,259068193.6291784,0.012273600561936411,-0.04801706055906119
2023-04-06,258099832.43955445,-0.0037378621283399686,-0.0515754415352232
2023-04-07,260693519.4488638,0.010049161926196827,-0.04204456957242897
2023-04-10,259665862.29680958,-0.003942012652354406,-0.04582084199956604
2023-04-11,263049833.22670853,0.01303202084389098,-0.03338595932369803
2023-04-12,262025771.30797407,-0.003893033902256372,-0.03714902055444791
2023-04-13,260383817.2253712,-0.006266383930124853,-0.0431826144591505
2023-04-14,260163556.52480948,-0.0008459077945350528,-0.04399199374352614
2023-04-17,259934201.21508643,-0.0008815812359990468,-0.04483479246330668
2023-04-18,262178844.60614336,0.008635429199251704,-0.036586530940035056
2023-04-19,266351327.62548727,0.015914644164413804,-0.021254148396742223
2023-04-20,264290849.46439207,-0.007735941019946446,-0.028825668578262298
2023-04-21,263272586.56346262,-0.0038528117904689002,-0.03256742049296468
2023-04-24,260184781.80713862,-0.011728546434057498,-0.04391399842353294
2023-04-25,255507990.90578252,-0.01797488257719378,-0.06109953203556873
2023-04-26,258123683.02405575,0.010237222362402567,-0.05148779916885293
2023-04-27,257629462.7464248,-0.0019146645973779023,-0.05330388189996538
2023-04-28,259571293.01246858,0.007537298899524758,-0.046168350290825666
2023-05-04,259434203.17362458,-0.000528139445826223,-0.04667210640971453
2023-05-05,260786334.4405349,0.005211846589115352,-0.041703507679197505
2023-05-08,260346469.28736022,-0.001686687893820478,-0.04331985477148559
2023-05-09,259281473.08612975,-0.0040906880901655914,-0.04723333484766978
2023-05-10,259010076.4940385,-0.001046725741183629,-0.048230620241426436
2023-05-11,261771726.75101995,0.010662327483019858,-0.03808254342612982
2023-05-12,264540962.67467543,0.010578819790914223,-0.027906591999300234
2023-05-15,262238093.4299423,-0.008705151827715713,-0.03636881270666792
2023-05-16,263804672.92308795,0.00597388225583695,-0.03061219345572519
2023-05-17,261520965.69186306,-0.008656811139546068,-0.039004000617957835
2023-05-18,263071318.24164635,0.005928215145893853,-0.03330700957927779
2023-05-19,259764007.02577606,-0.012571918664399336,-0.045460195228292144
2023-05-22,261635465.14045626,0.007204455059451321,-0.03858325610235691
2023-05-23,262572946.30249396,0.0035831578166760514,-0.035138348181376844
2023-05-24,264237458.9200997,0.006339238832656295,-0.029021859730027244
2023-05-25,265815994.46944624,0.00597392798052851,-0.023221306249387008
2023-05-26,263953928.15311444,-0.007005095084847634,-0.030063733875963283
2023-05-29,267214226.12127596,0.012351769079451961,-0.018083305095013325
2023-05-30,272461398.27156866,0.019636574842805152,0.0
2023-05-31,270535417.78376883,-0.007068819656721256,-0.007068819656721237
2023-06-01,272893768.9198388,0.008717347086712748,0.0
2023-06-02,272626130.09252495,-0.0009807436365190808,-0.0009807436365191213
2023-06-05,270156319.3397901,-0.00905933247079664,-0.01003119122464391
2023-06-06,274278369.20085233,0.015258017547528493,0.0
2023-06-07,274199715.92329717,-0.0002867644203381214,-0.0002867644203381481
2023-06-08,271967079.75152755,-0.00814237230061231,-0.008426801778277482
2023-06-09,275839301.9882542,0.014237834374161576,0.0
2023-06-12,277300299.5308887,0.005296553218136766,0.0
2023-06-13,275966527.0534395,-0.004809848672019227,-0.004809848672019279
2023-06-14,272353585.16410863,-0.013091956940963483,-0.017838835281276055
2023-06-15,272864537.9665147,0.001876064168930232,-0.01599623791203253
2023-06-16,272998207.4551941,0.0004898749015741014,-0.015514199165931108
2023-06-19,270587144.04445076,-0.008831792095701112,-0.02420897308006742
2023-06-20,273387771.1180334,0.010350185273852388,-0.014109355162883475
2023-06-21,280393447.5187627,0.025625419791379927,0.0
2023-06-22,281980880.96400285,0.005661449863709514,0.0
2023-06-23,285422733.9763777,0.012205980067188522,0.0
2023-06-26,281119976.2893496,-0.015075034938822415,-0.015075034938822451
2023-06-27,278061545.62461585,-0.010879449781917322,-0.025790476635162207
2023-06-28,277603155.25207907,-0.0016485212707391306,-0.02739648175658571
2023-06-29,271737452.2817219,-0.02112981376249415,-0.047947412961815705
2023-06-30,275195645.054796,0.012726227997047803,-0.03583137467398856
2023-07-03,275552278.21050435,0.0012959258698928941,-0.03458188360948944
2023-07-04,279796625.47132945,0.015403056321612726,-0.019711493988821216
2023-07-05,276886652.99332154,-0.01040031298842843,-0.029906801270296324
2023-07-06,275949526.84977436,-0.003384511797214655,-0.033190093145794686
2023-07-07,275988247.80723655,0.00014031898479489364,-0.03305443136117525
2023-07-10,280264412.0043837,0.015494008281591068,-0.018072568712837578
2023-07-11,282420517.30623806,0.007693111253171337,-0.010518491741404623
2023-07-12,281236366.340464,-0.004192864516603249,-0.014667253647217215
2023-07-13,284488040.5594188,0.011562068808051423,-0.0032747686350600436
2023-07-14,288562445.09987533,0.014321883381967842,0.0
2023-07-17,287929315.20490247,-0.002194082791174458,-0.002194082791174501
2023-07-18,287210193.888743,-0.002497561999366859,-0.004686164932738657
2023-07-19,288757334.25626147,0.005386787796667839,0.0
2023-07-20,289605759.4797056,0.0029381945418957157,0.0
2023-07-21,293911720.36457515,0.014868353766877762,0.0
2023-07-24,295257577.1240072,0.004579119055758118,0.0
2023-07-25,293765330.5811094,-0.005054049949990214,-0.005054049949990258
2023-07-26,297019334.1698524,0.011076880931817556,0.0
2023-07-27,295678749.9214612,-0.0045134578600345586,-0.004513457860034542
2023-07-28,298527740.1626158,0.009635424398646524,0.0
2023-07-31,300074536.2241266,0.005181414834910221,0.0
2023-08-01,297919048.32562166,-0.007183174972550728,-0.007183174972550721
2023-08-02,299695608.9196329,0.005963232643216185,-0.001262777272812765
2023-08-03,300169027.6959398,0.0015796653745227902,0.0
2023-08-04,306742857.81604826,0.021900427804188827,0.0
2023-08-07,310889776.9203687,0.013519203458707057,0.0
2023-08-08,310338561.15483755,-0.0017730263471233765,-0.0017730263471233965
2023-08-09,312688366.26117915,0.007571747119009196,0.0
2023-08-10,307494509.3166802,-0.01661032997997976,-0.0166103299799798
2023-08-11,311342675.6555034,0.012514585536420353,-0.004303615838882058
2023-08-14,316064390.41858584,0.015165652293381586,0.0
2023-08-15,314077359.72612417,-0.006286790770165876,-0.006286790770165918
2023-08-16,314250238.0658572,0.0005504323517102751,-0.005739818871483893
2023-08-17,313383615.2486658,-0.002757747527974012,-0.008481737428154057
2023-08-18,303516042.12478983,-0.03148720176722125,-0.0397018730176385
2023-08-21,306613317.3829407,0.010204650918838216,-0.029902365853769264
2023-08-22,311278193.17101204,0.01521419822168128,-0.015143108153484519
2023-08-23,311018455.3240131,-0.0008344235243495953,-0.015964895912159105
2023-08-24,315707584.00015926,0.015076689488606406,-0.00112890420193823
2023-08-25,316230809.0647999,0.0016573091403479787,0.0
2023-08-28,317900146.8822693,0.005278858889196178,0.0
2023-08-29,317691314.4132119,-0.0006569121502632695,-0.0006569121502633113
2023-08-30,321159200.71840423,0.010915899012214644,0.0
2023-08-31,320867110.56717044,-0.0009094871035312484,-0.0009094871035312257
2023-09-05,320957888.22555846,0.0002829135657673309,-0.0006268308440033898
2023-09-06,325465171.1813656,0.014043222245528926,0.0
2023-09-07,328102810.9306761,0.00810421508309615,0.0
2023-09-08,330647219.7851672,0.007754913306819293,0.0
2023-09-11,326713914.2769692,-0.011895776745842973,-0.011895776745842968
2023-09-12,336486962.21082073,0.02991316716791717,0.0
2023-09-13,337624493.49606395,0.0033806102850740187,0.0
2023-09-14,331505405.63383704,-0.018123945330104554,-0.01812394533010453
2023-09-15,330755898.08419454,-0.0022609210495661385,-0.020343889570172635
2023-09-18,329050376.6121468,-0.005156435552401253,-0.02539542316712018
2023-09-19,329859785.8774326,0.0024598338820315175,-0.022998057807443684
2023-09-20,331232344.37568986,0.004161036164521391,-0.018932717393172815
2023-09-21,328650633.10914695,-0.0077942607670423835,-0.026579411623824045
2023-09-22,321649006.49748486,-0.02130416285958228,-0.04731732236946051
2023-09-25,311680761.9206505,-0.030991062852582844,-0.07684197111047553
2023-09-26,309028655.02240455,-0.008509049072849481,-0.08469716808029149
2023-09-27,313212074.3311805,0.013537318435640423,-0.07230642217955086
2023-09-28,314536514.1557847,0.004228572054357625,-0.06838360304137225
2023-09-29,314158314.80104053,-0.001202402066924669,-0.06950378052265627
2023-10-02,314962423.15506905,0.002559564131026653,-0.0671221157752262
2023-10-03,308126938.98393375,-0.02170253867957421,-0.08736793414093369
2023-10-04,312809578.97429013,0.01519711326052068,-0.0734985612708905
2023-10-05,310222336.01042414,-0.008270983811779757,-0.08116163967220957
2023-10-06,313581150.08217096,0.010827118752770796,-0.07121326763033942
2023-10-09,316535247.20994186,0.009420518825818477,-0.062463614732880535
2023-10-10,315958646.6407628,-0.0018215998826716065,-0.0641714309022835
2023-10-11,321132965.69568694,0.01637657050989715,-0.04884576835527865
2023-10-12,321305647.5038785,0.0005377268192240817,-0.04833430721570475
2023-10-13,325570397.3431783,0.013273186675775185,-0.035702670822447935
2023-10-16,322241915.6478584,-0.010223539125430357,-0.045561202295842596
2023-10-17,312393550.3137332,-0.030562024540864888,-0.07473078425403068
2023-10-18,311422289.383686,-0.003109094054828558,-0.07760753327182235
2023-10-19,305464524.58939433,-0.019130823314163766,-0.09525366057911477
2023-10-20,308877976.7639035,0.011174627165290415,-0.0851434575569251
2023-10-23,307281696.8971983,-0.0051679950879933555,-0.08987143167448952
2023-10-24,309727415.16239065,0.007959205803300904,-0.08262753109172316
2023-10-25,309348918.7114519,-0.0012220308323056092,-0.08374858853343736
2023-10-26,302808367.561201,-0.02114295785320547,-0.1031208535090149
2023-10-27,305879071.1562598,0.010140748816784843,-0.09402582736543741
2023-10-30,300500690.62437314,-0.017583355773756307,-0.10995589356470548
2023-10-31,298217735.25305545,-0.007597171795426542,-0.11671771154680133
2023-11-01,299435891.4142951,0.0040847877816721605,-0.11310969084716027
2023-11-02,309812849.02000314,0.03465502267178338,-0.08237448707608364
2023-11-03,313062023.25554794,0.010487538673178197,-0.07275085402179915
2023-11-06,315444895.74223095,0.007611502864203709,-0.06569309449135563
2023-11-07,312945064.4972652,-0.007924779505731788,-0.07309727070819416
2023-11-08,324125585.6355201,0.03572678532641497,-0.03998201588031769
2023-11-09,327798685.23117495,0.011332334621017093,-0.02910277084207913
2023-11-10,327461894.9717988,-0.001027430171474459,-0.03010029994871699
2023-11-13,325305507.9092169,-0.006585154168144071,-0.03648723900119133
2023-11-14,326927418.2949233,0.004985806714834511,-0.03168335060757477
2023-11-15,328143141.0351027,0.0037186319413647596,-0.02808253738578881
2023-11-16,327385458.4312755,-0.0023090002778579665,-0.030326695077020016
2023-11-17,320109368.6844051,-0.022224840961889546,-0.05187753006392304
2023-11-20,320399705.4829755,0.0009069925062288219,-0.05101759008870388
2023-11-21,320791268.3696448,0.0012221075112384694,-0.049857831557518106
2023-11-22,320249386.0728042,-0.001689205256722269,-0.05146281670308461
2023-11-23,318507989.76224077,-0.005437625757594936,-0.056620606923016514
2023-11-24,321651738.55812943,0.009870235274899703,-0.04730923035985457
2023-11-27,322117807.19865847,0.0014489852988772446,-0.045928795440269954
2023-11-28,324860106.23165226,0.008513341925560004,-0.03780646105452212
2023-11-29,326340680.57611,0.004557575140980755,-0.03342119170061186
2023-11-30,327141700.88648254,0.0024545524295605413,-0.03104867333833894
2023-12-01,328333525.90433174,0.003643146118699088,-0.027518642073403154
2023-12-04,334134273.15389234,0.017667240144251334,-0.010337580387106304
2023-12-05,329285540.3149229,-0.014511330409784771,-0.02469889875225606
2023-12-06,333347644.99097276,0.01233611616278353,-0.012667471073573244
2023-12-07,332424280.5826062,-0.002769974296328286,-0.01540235680062818
2023-12-08,330134095.6451873,-0.0068893431412564215,-0.022185587820701014
2023-12-11,334141881.6169373,0.012139872932292768,-0.010315045105479759
2023-12-12,334860293.6449421,0.00215002089689678,-0.008187201771112207
2023-12-13,335824322.9746659,0.0028789000906328764,-0.005331871816400269
2023-12-14,333905749.063745,-0.005713028448703499,-0.011014439129731768
2023-12-15,332416474.00777775,-0.004460165960433817,-0.015425478863685949
2023-12-18,331744757.7436989,-0.0020207069041444045,-0.017415015396190725
2023-12-19,328751677.5673477,-0.009022238050445998,-0.026280131032080156
2023-12-20,329877322.2058133,0.0034239966372034253,-0.022946117475155847
2023-12-21,334133652.31903434,0.012902766655070301,-0.010339419219507318
2023-12-22,333996147.34167373,-0.00041152687377120275,-0.010746691144410403
2023-12-25,336146246.34303355,0.006437496415670619,-0.004378376514462268
2023-12-26,336182460.72377914,0.00010773400310004757,-0.004271114211391258
2023-12-27,336096900.2346646,-0.0002545061063873372,-0.004524533293130739
2023-12-28,334353940.4159559,-0.005185884837056736,-0.009686954421587846
2023-12-29,332537958.96882546,-0.005431314626862941,-0.015065656151211027
2024-01-02,333832448.821185,0.003892758157215033,-0.01123154494987244
2024-01-03,338774878.1408775,0.014805119565653339,0.0
2024-01-04,337618520.24278367,-0.003413351971195914,-0.003413351971195966
2024-01-05,336695155.83441705,-0.002734934113515524,-0.006138950791964026
2024-01-08,338449986.67477924,0.005211927792703967,-0.0009590187675106998
2024-01-09,340677337.97477496,0.006581035271648598,0.0
2024-01-10,336036075.64167035,-0.013623630972038026,-0.013623630972038003
2024-01-11,340507756.1507094,0.013307144182362696,-0.0004977784113074923
2024-01-12,337332717.88166535,-0.009324422753056949,-0.009817559668020115
2024-01-15,333073106.5457941,-0.012627329369709908,-0.022320919478195145
2024-01-16,337099507.04942226,0.012088638873864006,-0.010502110139235632
2024-01-17,336601309.5013622,-0.001477894620554929,-0.011964483747711308
2024-01-18,336788408.3385329,0.0005558470270002408,-0.011415287143431874
2024-01-19,338149901.6332144,0.004042577656986768,-0.0074188566711992365
2024-01-22,340082148.9928783,0.005714173951645209,-0.0017470753570955067
2024-01-23,342917017.4707165,0.008335834404226621,0.0
2024-01-24,338479742.7036309,-0.012939791672673331,-0.01293979167267334
2024-01-25,340448911.90497077,0.005817687007237013,-0.007197384323326728
2024-01-26,341766863.8058017,0.0038712178384015614,-0.003354029127507485
2024-01-29,342483595.1753948,0.002097135344286461,-0.0012639276362501617
2024-01-30,342971804.90187675,0.001425498135850709,0.0
2024-01-31,338835030.76596904,-0.01206155747144063,-0.012061557471440665
2024-02-01,340172866.48586744,0.00394833945260647,-0.008160841142058506
2024-02-02,338770967.55056036,-0.0041211368495944626,-0.012248346048498782
2024-02-05,336309816.9238957,-0.0072649396270869065,-0.019424302181011655
2024-02-06,336716337.7688562,0.0012087688925610613,-0.018239012780686736
2024-02-07,335473148.94234157,-0.003692095354660415,-0.02186376796098599
2024-02-15,336106096.11283994,0.0018867297501868234,-0.020018289232262343
2024-02-16,333209324.3866521,-0.008618622987472683,-0.028464382131987986
2024-02-19,335105637.4607978,0.0056910564481839525,-0.022935318089279844
2024-02-20,337557717.5837014,0.007317334741020109,-0.015785808748110752
2024-02-21,338362466.4133605,0.0023840332711680856,-0.013439409370210487
2024-02-22,337908824.0768778,-0.0013406993431963922,-0.01476209050609123
2024-02-23,335186287.8720336,-0.008057014232409542,-0.02270016636519312
2024-02-26,342610250.0555886,0.022148764589049373,-0.001054182417098648
2024-02-27,345564289.5189153,0.008622157284691276,0.0
2024-02-28,344984917.3329539,-0.001676597390222267,-0.0016765973902223008
2024-02-29,342999625.7347989,-0.0057547199845809655,-0.0074216690262955964
2024-03-01,345686587.0252551,0.007833714933944812,0.0
2024-03-04,347243560.4597236,0.004504003027328216,0.0
2024-03-05,350947492.3430698,0.010666668313279823,0.0
2024-03-06,347806971.1236279,-0.008948692576415005,-0.008948692576414952
2024-03-07,347722379.5951824,-0.00024321401084112894,-0.009189730139842811
2024-03-08,346075769.35588646,-0.004735416343385603,-0.013881629284932973
2024-03-11,348961125.37344325,0.008337353472989422,-0.005660011862072989
2024-03-12,355927233.586976,0.019962419040453046,0.0
2024-03-13,361992511.4499739,0.01704078050413007,0.0
2024-03-14,360927317.2981796,-0.002942586153309033,-0.0029425861533090014
2024-03-15,366547018.1970264,0.0155701733548864,0.0
2024-03-18,355536333.3052652,-0.030038942741699565,-0.030038942741699604
2024-03-19,355677809.3329145,0.00039792284049858673,-0.02965297308262238
2024-03-20,358331448.1587441,0.007460793887610286,-0.022413413915336355
2024-03-21,359371191.7371638,0.002901625251599657,-0.019576823991527936
2024-03-22,361206282.3456472,0.005106393196440684,-0.014570397755925502
2024-03-25,356025303.2253834,-0.014343546536950894,-0.028704953114602416
2024-03-26,361436236.6771269,0.01519817103650655,-0.013943044865126542
2024-03-27,360328397.7889532,-0.003065101878988792,-0.016965409891100403
2024-03-28,363764763.5570581,0.009536760880327878,-0.007590444068140689
2024-03-29,362397069.4094525,-0.00375983131029971,-0.011321736589173903
2024-04-01,362172558.52008,-0.0006195162939324576,-0.011934238882813752
2024-04-02,368678070.4181555,0.017962464977077593,0.0
2024-04-03,366472051.755095,-0.005983590671824921,-0.005983590671824968
2024-04-04,367474039.71619594,0.00273414563621496,-0.0032658050439342556
2024-04-05,362306747.56681097,-0.014061652228211085,-0.017281534657372366
2024-04-08,358375930.27420866,-0.010849417845516223,-0.027943457912378955
2024-04-09,361167809.245311,0.007790364070952454,-0.02037078355196531
2024-04-10,358555108.42657644,-0.007234035680516581,-0.027457456257426904
2024-04-11,363738268.4869837,0.014455685998038622,-0.013398686625350487
2024-04-12,365876248.8172281,0.005877798723619506,-0.007599642684875674
2024-04-15,352472472.4709718,-0.036634726603836085,-0.043955958456664446
2024-04-16,353833751.9047197,0.0038620872268542816,-0.04026363297550983
2024-04-17,346096270.7505748,-0.02186756100144011,-0.06125072652671837
2024-04-19,335557455.0307465,-0.030450532439927493,-0.08983614173157495
2024-04-22,341738167.53761756,0.0184192376423427,-0.07307161733265721
2024-04-23,336089881.3977208,-0.01652811033837771,-0.08839199191715708
2024-04-24,342788715.3241502,0.019931673927731697,-0.07022211835014092
2024-04-25,342982289.0065627,0.0005647026105554749,-0.06969707035313644
2024-04-26,343488888.3027003,0.0014770421458347603,-0.0683229737176545
2024-05-02,346377747.9639677,0.00841034385578606,-0.06048724956408369
2024-05-03,346183124.30125415,-0.0005618826955759688,-0.06101514552082665
2024-05-06,353745522.5059657,0.021845080461318604,-0.04050294582276959
2024-05-07,357546493.5690479,0.010744930525638291,-0.030193216636080655
2024-05-08,358180445.50859404,0.001773061548493922,-0.02847368951902951
2024-05-09,357637437.53467244,-0.0015160179198240688,-0.02994654081529924
2024-05-10,358122516.9070991,0.0013563439436612699,-0.028630814680906336
2024-05-13,353752579.2968239,-0.01220235367498218,-0.04048380502914928
2024-05-14,355687937.79559064,0.005470938198143327,-0.035234351226346106
2024-05-15,358485871.3088881,0.00786625920079802,-0.0276452545650665
2024-05-16,358848231.22404,0.0010108066848739708,-0.026662391888311876
2024-05-17,360342139.7930192,0.004163065159561873,-0.022610324003490834
2024-05-20,359180974.75595677,-0.003222395908869778,-0.025759860496793574
2024-05-21,362949823.0899806,0.010492895222483745,-0.01553726079144846
2024-05-22,360048748.389924,-0.007993046188473808,-0.023406116936773858
2024-05-23,361757676.4209665,0.004746379590776383,-0.01877083166172555
2024-05-24,352551857.4114337,-0.025447473846609617,-0.04374063526054428
2024-05-27,355820414.9056057,0.009271139622326589,-0.0348750211748875
2024-05-28,360213470.1108804,0.012346270818778397,-0.022959326812344805
2024-05-29,359686237.40370464,-0.0014636673831587687,-0.02438938937770907
2024-05-30,360521785.71022606,0.0023229921515835286,-0.0221230535862319
2024-05-31,358429480.3505701,-0.0058035476428536644,-0.027798209033592425
2024-06-03,360607890.8259208,0.006077654307955065,-0.021889502630523805
2024-06-04,361783983.3839618,0.0032614165911547433,-0.01869947682642037
2024-06-05,359330639.26929796,-0.006781240263088436,-0.025353911444354837
2024-06-06,357167144.8801923,-0.006020901511502506,-0.03122215955211949
2024-06-07,360687256.6133605,0.00985564261334571,-0.021674231384936404
2024-06-10,363065294.41713727,0.006593074083362706,-0.015224057114794465
2024-06-11,359888004.48142207,-0.00875129070327694,-0.02384211766857658
2024-06-12,361287215.1568372,0.0038879058429061577,-0.02004690773426132
2024-06-13,361524092.8105006,0.0006556491448516013,-0.019404402327322656
2024-06-14,352729363.57680506,-0.02432681364421674,-0.04325916869224522
2024-06-17,352077924.33453643,-0.0018468528836465136,-0.04502612825544827
2024-06-18,354436664.6771521,0.006699483777842437,-0.03862829629343223
2024-06-19,357104273.53092146,0.007526334376832101,-0.03139269139091183
2024-06-20,361086552.87846017,0.011151586924915045,-0.02059118279284966
2024-06-21,359592244.0798456,-0.004138367343514833,-0.024644336257930166
2024-06-24,346425192.74227613,-0.03661661661046783,-0.060358560656021965
2024-06-25,348258366.88609,0.005291688313146564,-0.05538627103289717
2024-06-26,346061614.11408585,-0.006307824824558062,-0.0613447289620942
2024-06-27,345361522.13812554,-0.002023026962272434,-0.06324365388368303
2024-06-28,337178544.2117243,-0.023693947941104215,-0.08543910998206206
2024-07-01,338630538.2686378,0.004306306204352509,-0.08150073074711972
2024-07-02,343405625.6714851,0.014101171817703111,-0.06854881473695007
2024-07-03,346850599.1811223,0.010031791130098637,-0.059204690998508336
2024-07-04,349851124.2004347,0.008650770753737503,-0.05106608645414479
2024-07-05,351097661.06193507,0.003563049466681787,-0.047684987979568993
2024-07-08,346623779.5965965,-0.01274255559494991,-0.05981991496414474
2024-07-09,348577227.27634144,0.005635642430586837,-0.054521396184523896
2024-07-10,342891977.3195337,-0.016309871993733654,-0.0699420311855683
2024-07-11,342931221.80882514,0.00011445146543880325,-0.06983558468809448
2024-07-12,343081134.7228233,0.00043715154662050276,-0.06942896187532954
2024-07-15,342472314.0272239,-0.0017745676867114992,-0.07108032316977508
2024-07-16,343991483.3146239,0.004435889341055596,-0.06695973827662716
2024-07-17,346411867.03614867,0.0070361733906970795,-0.060394705214640076
2024-07-18,349528120.65557146,0.008995805040066964,-0.05194219916813636
2024-07-19,347716887.34995633,-0.005181938729902464,-0.056854976604453156
2024-07-22,349130932.8794976,0.004066657619991006,-0.053019528708305064
2024-07-23,347080103.35707664,-0.005874098595350719,-0.05858218536454418
2024-07-24,350355298.07073426,0.009436423125321279,-0.049698568527928755
2024-07-25,349684999.1308609,-0.0019131976698066348,-0.051516683012235
2024-07-26,347885888.2528819,-0.005144947259535624,-0.056396579654686474
2024-07-29,347533624.76745903,-0.001012583428410829,-0.05735205684111988
2024-07-30,345840080.53277206,-0.004873037064601019,-0.061945615207003035
2024-07-31,348204421.88301915,0.0068365163072041275,-0.055532591108321316
2024-08-01,341680404.08106893,-0.018736171604799404,-0.07322829455645607
2024-08-02,344492601.3323876,0.00823049029950063,-0.0656005090249514
2024-08-05,338002614.3227426,-0.0188392638464334,-0.08320390757340335
2024-08-06,345488605.69949645,0.022147732175840068,-0.06289895325848238
2024-08-07,349279245.2052853,0.010971822060858163,-0.05261724732059059
2024-08-08,346822149.1067716,-0.007034761246891693,-0.059281858795113274
2024-08-09,351095896.59744716,0.012322590992768072,-0.047689773901568366
2024-08-12,351941773.1368602,0.002409246441244752,-0.04539542387837969
2024-08-13,352564860.4638108,0.0017704273107367356,-0.04370536586585971
2024-08-14,341861910.36858475,-0.030357393193258007,-0.07273597808287269
2024-08-15,338722747.4461955,-0.009182546599019242,-0.08125062317372067
2024-08-16,351620249.6463462,0.03807687053022454,-0.046267522102582004
2024-08-19,352298858.2343574,0.0019299474040352863,-0.044426868582719714
2024-08-20,356067325.672679,0.010696791517316579,-0.03420530201639971
2024-08-21,359204417.9256277,0.00881039069513648,-0.02569627339587288
2024-08-22,358054606.5499335,-0.003200994526554739,-0.02881501429193456
2024-08-23,355834732.1950935,-0.006199820681626678,-0.034836187052012746
2024-08-26,353818568.6820609,-0.005666011017517012,-0.04030481584988477
2024-08-27,351699942.02829576,-0.005987889956303922,-0.04605136500417051
2024-08-28,354572119.752458,0.008166557286299302,-0.03826088882829004
2024-08-29,354659102.68124974,0.00024531801556334414,-0.038024956898047635
2024-08-30,353119043.54386115,-0.004342364613640601,-0.04220220328441904
2024-09-04,348607156.58922863,-0.01277724052872299,-0.05444021611093486
2024-09-05,347130612.98082733,-0.004235551624492729,-0.05844518338964122
2024-09-06,348061983.5709744,0.0026830551824552546,-0.05591893985936913
2024-09-09,346275431.0900014,-0.005132857264800089,-0.06076477318747209
2024-09-10,344116645.102717,-0.006234303082055296,-0.06662025025676432
2024-09-11,344584209.0921595,0.0013587369169630313,-0.06535203273324253
2024-09-12,343502187.28510314,-0.0031400794885727895,-0.06828690164429307
2024-09-13,343541499.7283882,0.00011444597659117408,-0.06818027082884903
2024-09-16,341589583.02490246,-0.005681749381163433,-0.07347463699842305
2024-09-17,344124533.04983884,0.007421040192410012,-0.06659885504030105
2024-09-18,345179372.4156824,0.0030652838276158715,-0.06373771560597796
2024-09-19,347233021.40760326,0.005949512502872799,-0.0581674114390075
2024-09-20,347432532.9898987,0.000574575486762876,-0.057626257520985935
2024-09-23,346334231.6982357,-0.003161193001160094,-0.06060528280018762
2024-09-24,347741329.5607221,0.004062832182619591,-0.05678867971096535
2024-09-25,348617299.6941689,0.002519027964128871,-0.05441270401907439
2024-09-26,349170222.1162584,0.0015860441308406643,-0.05291296083808639
2024-09-27,347677651.0881125,-0.004274622901975153,-0.05696140078585177
2024-09-30,344441488.68269813,-0.009307939107636796,-0.06573914664348812
2024-10-01,343287848.4843607,-0.003349306736390798,-0.06886827281318131
2024-10-02,340509066.1990429,-0.008094613012334379,-0.0764054238082651
2024-10-03,339368550.697967,-0.0033494423916725926,-0.07949895063448054
2024-10-04,339275344.792591,-0.00027464508772048524,-0.07975176172593035
2024-10-07,338440912.3222121,-0.00245945508032418,-0.08201507093071292
2024-10-08,344306545.77063596,0.017331336829749164,-0.06610516492037966
2024-10-09,344997926.802475,0.002008039174194455,-0.06422986750696191
2024-10-10,346342791.6544819,0.003898182416547972,-0.060582064830546845
2024-10-11,347208864.799461,0.0025006241384204417,-0.05823293366579696
2024-10-14,344879678.0567621,-0.006708315883709325,-0.0645506046356411
2024-10-15,343970991.6099474,-0.002634792667212939,-0.06701531984309583
2024-10-16,341479407.3027216,-0.0072435884653062384,-0.07377347691058789
2024-10-17,345379293.17773217,0.011420559458665394,-0.06319545183145225
2024-10-18,343078164.12066185,-0.006662614414136733,-0.06943701931730895
2024-10-21,345043025.8286575,0.005727154664686278,-0.0641075412017077
2024-10-22,345061553.69542885,5.3697264933391215e-05,-0.0640572863363984
2024-10-23,348952507.0674269,0.011276113871070234,-0.053503489720329145
2024-10-24,347395628.41419685,-0.004461577497505242,-0.05772635725206021
2024-10-25,349218439.4285301,0.005247075280290879,-0.0527821765139278
2024-10-28,349581485.4557328,0.001039595812285351,-0.051797452831309654
2024-10-29,351138786.91625273,0.004454759549092624,-0.04757343847983597
2024-10-30,351571280.28056955,0.0012316878124317596,-0.04640034629177536
2024-10-31,349966033.2251406,-0.0045659220347803245,-0.05075440796300057
2024-11-01,348882333.3138397,-0.003096585978113283,-0.05369382855308824
2024-11-04,349347690.4524257,0.0013338512562842467,-0.05243159687747423
2024-11-05,351799308.19747275,0.007017701310325092,-0.045781844853258535
2024-11-06,352337397.01388925,0.0015295334694474748,-0.04432233624780724
2024-11-07,356076728.8332589,0.0106129291158448,-0.03417979694480899
2024-11-08,360715822.5369507,0.013028354082257766,-0.02159674935960787
2024-11-11,358510597.5805037,-0.006113468882339111,-0.027578187186777403
2024-11-12,364220811.87746215,0.01592760251857329,-0.012089839071897868
2024-11-13,362671405.8152763,-0.004254029455920008,-0.016292437996288767
2024-11-14,362368826.27762073,-0.0008343076757744402,-0.017113152765985795
2024-11-15,366579694.4489779,0.011620392997412788,-0.005691621329138474
2024-11-18,365704669.6734622,-0.002386997394470973,-0.008065032838326491
2024-11-19,361781642.76606107,-0.010727308762297228,-0.018705825503189
2024-11-20,358760578.7715992,-0.00835051765303472,-0.02690013983014472
2024-11-21,364847846.6921674,0.01696749386850448,-0.010389073919270131
2024-11-22,365954610.38028836,0.003033493819835449,-0.0073870952909625975
2024-11-25,368035589.9812232,0.005686441820673814,-0.0017426597578845682
2024-11-26,365336834.8066151,-0.00733286466872891,-0.009062745738445344
2024-11-27,367404732.72915065,0.0056602502828113285,-0.0034537928647631055
2024-11-28,370367191.28554225,0.008063201947307277,0.0
2024-11-29,375142073.3329408,0.012892292189340479,0.0
2024-12-02,374564079.50639254,-0.0015407331452137745,-0.0015407331452137463
2024-12-03,381546499.2921126,0.018641455942389383,0.0
2024-12-04,386676191.66111386,0.013444474994577186,0.0
2024-12-05,381575392.47386575,-0.01319139708430379,-0.013191397084303835
2024-12-06,380885781.0101416,-0.0018072744661367757,-0.014974831075317385
2024-12-09,386219086.78642434,0.0140023756259379,-0.0011821386590310512
2024-12-10,384172256.03954315,-0.005299662333915324,-0.006475536057221731
2024-12-11,382255892.27691865,-0.004988292966234525,-0.011431527152489407
2024-12-12,373149143.921021,-0.023823696481571666,-0.03498288240085934
2024-12-13,376214702.8800622,0.008215371813073434,-0.027054907973801945
2024-12-16,373606541.4749447,-0.006932640816935316,-0.033799986831419604
2024-12-17,377019648.4843457,0.009135565442528148,-0.024973203380546538
2024-12-18,376947277.91851425,-0.00019195436132402984,-0.025160364026565407
2024-12-19,379324640.7645643,0.006306884239031287,-0.019012163290861528
2024-12-20,383113261.80649877,0.009987806313605596,-0.009214246781807711
2024-12-23,381505911.0998633,-0.004195497433464752,-0.013371085866548116
2024-12-24,385880835.8790765,0.011467515055272647,-0.002056903939755439
2024-12-25,384029950.5119835,-0.004796520570596512,-0.006843558528293214
2024-12-26,382116230.71402144,-0.0049832566324858885,-0.011792711952353097
2024-12-27,378072890.4063506,-0.010581440888065539,-0.02224936895598484
2024-12-30,378828238.93553287,0.001997891275331619,-0.02029592950077208
2024-12-31,378355052.70307696,-0.001249078563376142,-0.021519656853684954
2025-01-02,384431344.8630568,0.01605976216405476,-0.005805495260552518
2025-01-03,383303026.062719,-0.002935033304164426,-0.008723489242779991
2025-01-06,385230075.656381,0.0050274833816383825,-0.003739863058339621
2025-01-07,389400870.86483824,0.010826764243032553,0.0
2025-01-08,383149883.9190645,-0.01605283247541439,-0.016052832475414336
2025-01-09,381386977.67658824,-0.00460108776347346,-0.020580059747816182
2025-01-10,379567572.9734938,-0.004770495086586981,-0.025252377760494493
2025-01-13,381317764.3459952,0.004611013946187636,-0.020757802880334908
2025-01-14,381317764.3459952,0.0,-0.020757802880334908
2025-01-15,382812469.2479706,0.003919840725330455,-0.016919329436103192
2025-01-16,391462679.1446175,0.022596468484007655,0.0
2025-01-17,396246910.40116084,0.01222142367951226,0.0
2025-01-20,395167315.8202133,-0.002724550154484575,-0.002724550154484584
2025-01-21,398629510.9880707,0.008761339891360298,0.0
2025-01-22,401636765.9010702,0.0075439846526802815,0.0
2025-01-23,401467976.24443924,-0.00042025449600525115,-0.00042025449600524567
2025-01-24,407511919.66062456,0.015054609019438657,0.0
2025-02-03,404241452.8502313,-0.00802545067422056,-0.008025450674220558
2025-02-04,411421875.3770938,0.01776270710545561,0.0
2025-02-05,420139226.681252,0.021188351485122697,0.0
2025-02-06,419916934.7686399,-0.0005290910690915497,-0.0005290910690916029
2025-02-07,418128873.1287189,-0.00425813176814641,-0.004784969897748459
2025-02-10,409444954.53730965,-0.02076852173931544,-0.02545411488572047
2025-02-11,412907478.4953038,0.00845662871070658,-0.01721274217376212
2025-02-12,424355623.15764713,0.02772568979390265,0.0
2025-02-13,427872098.5755219,0.008286623826752947,0.0
2025-02-14,425232966.2998545,-0.006168040132678919,-0.006168040132678909
2025-02-17,429124161.7332968,0.009150737929143537,0.0
2025-02-18,439141031.8983721,0.02334259186109601,0.0
2025-02-19,435214692.1943812,-0.008940953859441644,-0.008940953859441603
2025-02-20,432389659.9447064,-0.006491123347492701,-0.015374040372588493
2025-02-21,438432292.0199231,0.013974968957373858,-0.001613923152170904
2025-02-24,443075125.60578704,0.01058962505812179,0.0
2025-02-25,450357568.3958332,0.016436135474970203,0.0
2025-02-26,450293537.82326406,-0.0001421771877781643,-0.00014217718777820298
2025-02-27,445269135.0077079,-0.011158061116853512,-0.011298651882881039
2025-02-28,448180741.4078234,0.006538980969487337,-0.004833552583036749
2025-03-03,447341208.87811536,-0.0018732008141869102,-0.006697699182589667
2025-03-04,450519811.64760786,0.0071055442834432984,0.0
2025-03-05,453398064.45416594,0.006388737480893323,0.0
2025-03-06,466332920.4116829,0.028528696903655518,0.0
2025-03-07,468506423.6449314,0.004660840224039264,0.0
2025-03-10,461296092.15702796,-0.015390037625968467,-0.015390037625968467
2025-03-11,465397019.3346293,0.00889001066197057,-0.006636844562580846
2025-03-12,464791665.3871782,-0.001300725879844653,-0.007928937726942475
2025-03-13,457710747.0680952,-0.015234606914012686,-0.023042750391439548
2025-03-14,458939286.0623865,0.0026840947086360016,-0.020420504607201573
2025-03-17,464374794.1140654,0.011843632081085369,-0.008818725469594058
2025-03-18,458646728.5449532,-0.01233500534851421,-0.021044951792273725
2025-03-19,452367674.49574023,-0.013690393190273382,-0.034447231317840554
2025-03-20,455357913.28348804,0.0066101955474184935,-0.02806473870550008
2025-03-21,454214215.6604836,-0.0025116454323972953,-0.030505895465116284
2025-03-24,458424824.743518,0.009270095337970984,-0.021518592686477156
2025-03-25,462981452.4911009,0.009939749118369144,-0.011792732980791976
2025-03-26,461580774.80062044,-0.0030253429871629546,-0.014782398905932026
2025-03-27,455870924.78526103,-0.012370207614963531,-0.026969745177381932
2025-03-28,456477985.0795764,0.0013316495115394673,-0.025674009913834284
2025-03-31,457594627.8350967,0.002446213819765444,-0.023290600211928858
2025-04-01,458087460.68726313,0.001077007513173901,-0.02223867685016956
2025-04-02,458355619.7422943,0.0005853883331119009,-0.021666306779029587
2025-04-03,437433750.86837167,-0.04564549439949214,-0.06632283189378185
2025-04-04,439079707.9263471,0.003762757342587168,-0.06280963127388417
2025-04-08,419618592.6108339,-0.044322511298512744,-0.10434826198060476
2025-04-09,405278099.3017274,-0.03417506650475387,-0.13495721969251595
2025-04-10,414282489.5438113,0.022217806137558364,-0.11573786689894983
2025-04-11,423929023.63498473,0.02328491870799494,-0.0951478950131337
2025-04-14,434438139.01598,0.024789799223664217,-0.07271679300339928
2025-04-15,445465783.5661539,0.02538369346474032,-0.04917892032199622
2025-04-16,440128223.8432644,-0.011981974642720968,-0.06057163438846269
2025-04-17,454238874.89128256,0.03206031852445607,-0.030453261756047567
2025-04-18,465379779.46473885,0.0245265326005458,-0.006673642072754449
2025-04-21,457932130.8638229,-0.016003378164564767,-0.022570219419493998
2025-04-22,456920297.1086326,-0.002209571434268163,-0.024729920341667655
2025-04-23,455366685.1360346,-0.0034001815687094454,-0.02804601569103571
2025-04-24,458836089.1510519,0.007618923668034331,-0.020640772475743918
2025-04-25,470647578.6945078,0.02574228536667585,0.0
2025-04-28,483315981.3759668,0.0269169613420702,0.0
2025-04-29,480074846.9711515,-0.006706036071035833,-0.006706036071035815
2025-05-05,483094873.87697625,0.006290741797614444,-0.0004574802148297197
2025-05-06,483981816.96430945,0.0018359604609654151,0.0
2025-05-07,482400417.93296957,-0.003267476123915006,-0.0032674761239149808
2025-05-08,489353987.52787197,0.014414518181177463,0.0
2025-05-09,489500289.5594244,0.0002989697341417926,0.0
2025-05-12,494171728.8457504,0.00954328196727019,0.0
2025-05-13,502357453.27866864,0.016564534057903025,0.0
2025-05-14,511379867.1081869,0.017960147243029613,0.0
2025-05-15,512666112.8487334,0.0025152451695451827,0.0
2025-05-16,526058009.0320807,0.02612206238663307,0.0
2025-05-19,541197867.5046927,0.0287798269633201,0.0
2025-05-20,540566585.1318262,-0.001166453917819692,-0.0011664539178196653
2025-05-21,538945276.321942,-0.0029992767856503884,-0.004162232185312864
2025-05-22,525985173.85027426,-0.024047158479826657,-0.02810930080814944
2025-05-23,548015527.6477797,0.04188398246330903,0.0
2025-05-26,562115581.9047549,0.025729296973565966,0.0
2025-05-27,576428425.4963915,0.02546245657011841,0.0
2025-05-28,559264993.959421,-0.029775477366839085,-0.029775477366839054
2025-05-29,554299703.2171159,-0.008878243401491046,-0.03838936683287175
2025-05-30,542547000.0323935,-0.02120279537678006,-0.05877820032005032
2025-06-02,542102317.343982,-0.0008196205828894527,-0.059549645080132274
2025-06-03,545882084.9632394,0.00697242475880999,-0.052992425741057336
2025-06-04,546266997.9980701,0.0007051212073695551,-0.05232467061690771
2025-06-05,542267515.3674352,-0.007321479505977832,-0.05926305611930682
2025-06-06,543262174.9027445,0.001834259857213359,-0.05753750010694891
2025-06-09,523935396.9566802,-0.035575416141431636,-0.09106599573833818
2025-06-10,542305359.2740932,0.03506150266639044,-0.0591974037243449
2025-06-11,543568540.6008992,0.002329280552375343,-0.057006010533215856
2025-06-12,541519615.0446967,-0.0037693968711609085,-0.060560529126635454
2025-06-13,527863503.6008028,-0.025218128881198038,-0.08425143477920449
2025-06-16,544508258.3489039,0.03153230832319244,-0.05537576867414129
2025-06-17,536430930.4255825,-0.014834169729241585,-0.06938848485198346
2025-06-18,531711329.2793393,-0.008798152527295312,-0.07757614690591308
2025-06-19,536452191.8499551,0.00891623388397864,-0.06935160009156538
2025-06-20,536354021.6190436,-0.00018299903030119668,-0.06952190784629997
2025-06-23,544797196.5156375,0.015741794703258264,-0.054874512743737
2025-06-24,545120130.5377629,0.0005927600659305046,-0.05431428009759842
2025-06-25,542900355.2628597,-0.004072084574666803,-0.05816519233009565
2025-06-26,544143385.2706661,0.002289609862577036,-0.05600875806553629
2025-06-27,538368717.8778241,-0.010612400240737351,-0.06602677094869558
2025-06-30,544057011.811347,0.010565795791303435,-0.056158600535995196
2025-07-01,541526707.1596185,-0.0046508079057823075,-0.060548225578426984
2025-07-02,542302758.6131344,0.001433080664823316,-0.05920191540496955
2025-07-03,545823451.4722929,0.00649211681711192,-0.05309414433846349
2025-07-04,546907317.7934957,0.0019857452410283146,-0.051213830541881666
2025-07-07,546440598.4074949,-0.0008533793036153503,-0.052023505022453786
2025-07-08,548634191.6411058,0.004014330633565131,-0.04821801393876568
2025-07-09,543199213.2851119,-0.009906379220982291,-0.05764672722838793
2025-07-10,548319984.0385092,0.009427058486385507,-0.04876310781113313
2025-07-11,544565173.0103843,-0.006847846398867022,-0.05527703193777811
2025-07-14,562331863.0001359,0.03262546132272176,-0.024455009282577267
2025-07-15,586731078.5330007,0.04338935269058178,0.0
2025-07-16,610408619.0676196,0.040355013396971624,0.0
2025-07-17,635746920.3232994,0.04151039232437989,0.0
2025-07-18,653281349.4280386,0.02758083215852988,0.0
2025-07-21,624347497.6221209,-0.044290031900114595,-0.0442900319001146
2025-07-22,643554957.5641873,0.030764053696410464,-0.01488851912329503
2025-07-23,632496291.5538476,-0.01718371660471089,-0.03181639563472738
2025-07-24,639314001.145274,0.01077905069558193,-0.021380295480642797
2025-07-25,652170925.1636852,0.020110499684629347,-0.0016997642215342834
2025-07-28,672532125.4095732,0.03122065007847082,0.0
2025-07-29,634005237.3156948,-0.057286316353163724,-0.057286316353163724
2025-07-30,645055175.5320387,0.017428780656652057,-0.040855966338858574
2025-07-31,655030420.3912027,0.015464173046804038,-0.026023597025513046
2025-08-01,638378539.8698716,-0.025421537691922916,-0.050783574864772474
2025-08-04,638576877.6290531,0.00031068989133301543,-0.05048866291679566
2025-08-05,633662803.075866,-0.007695353097394326,-0.05779548792562994
2025-08-06,641532661.9038205,0.012419632002625698,-0.046093654614452695
2025-08-07,639527056.460778,-0.0031262717584645753,-0.04907582508225172
2025-08-08,660929408.1615409,0.03346590497547693,-0.017252287005570577
2025-08-11,665856344.9911158,0.00745455833669112,-0.00992633684880384
2025-08-12,672908796.1839668,0.010591550633860889,0.0
2025-08-13,684195391.7686986,0.016772845961796838,0.0
2025-08-14,693225367.5232978,0.013197948807073985,0.0
2025-08-15,695710317.6741767,0.0035846209144898213,0.0
2025-08-18,709383402.923099,0.019653417380142823,0.0
2025-08-19,701169063.6294409,-0.01157954818199858,-0.011579548181998578
2025-08-20,694332610.0070586,-0.009750078799818903,-0.021216725474576648
2025-08-21,681429052.7366235,-0.018584115284897704,-0.039406546687286825
2025-08-22,670135084.8716153,-0.016573945328059593,-0.05532737006498367
2025-08-25,663741652.3340781,-0.009540513072468178,-0.06434003164008162
2025-08-26,682260248.3238516,0.027900307182247817,-0.0382348311047076
2025-08-27,688369646.0607789,0.008954644143399214,-0.029622566267734074
2025-08-28,686396267.6295342,-0.002866742370959184,-0.03240438837283699
2025-08-29,689837129.1888187,0.00501293745545477,-0.02755389208957748
2025-09-03,709409461.2782487,0.02837239583268754,0.0
2025-09-04,709702039.5061636,0.00041242504348299445,0.0
2025-09-05,697345291.455955,-0.017411177314365395,-0.017411177314365367
2025-09-08,673203433.5030634,-0.03461966152017305,-0.05142806976924741
2025-09-09,685459086.2998335,0.018204976663587273,-0.03415933991566267
2025-09-10,691937508.1336246,0.009451215927068806,-0.02503097128606291
2025-09-11,689499217.9578071,-0.003523858942687373,-0.028466624616739655
2025-09-12,692585375.4333297,0.004475940501663471,-0.02411809903314399
2025-09-15,704368151.6203041,0.017012741829268745,-0.007515672196138801
2025-09-16,695734011.213078,-0.012257993759888786,-0.019681538893145945
2025-09-17,691861768.0165069,-0.005565694840503039,-0.025137692294178282
2025-09-18,689583571.7387562,-0.0032928489231050786,-0.028347766594283064
2025-09-19,689339765.0027604,-0.0003535564737730352,-0.02869130053165969
2025-09-22,680057823.3854203,-0.01346497342613467,-0.04176994635857434
2025-09-23,684010498.4293975,0.005812263175357924,-0.03620046110427311
2025-09-24,688119770.915652,0.006007616104855335,-0.030410323472550904
2025-09-25,690099837.794302,0.0028775032521085077,-0.027620326025132313
2025-09-26,687004983.132545,-0.004484647716551812,-0.031981106309645124
2025-09-29,687095796.1207575,0.0001321867969550747,-0.03185314699269626
2025-09-30,675486442.614144,-0.016896266244326056,-0.04821121398471406
2025-10-01,680765005.6417301,0.007814461837543288,-0.04077349683899589
2025-10-02,673884625.9254472,-0.010106835191678197,-0.05046824101793401
2025-10-03,669218120.8598588,-0.006924783391786024,-0.05704354277250634
2025-10-06,684207593.5102603,0.02239848590941031,-0.03592274585210886
2025-10-07,676855928.8194611,-0.010744786758478135,-0.04628155036662707
2025-10-08,685074465.7551172,0.0121422249340276,-0.03470128642744663
2025-10-09,689845268.7172103,0.006963918815503567,-0.027979024553417275
2025-10-10,701813941.7564096,0.017349793615973462,-0.011114661239021939
2025-10-13,720446689.2919755,0.026549412069150707,0.0
2025-10-14,723574364.7597866,0.004341300354763035,0.0
2025-10-15,722810801.1387148,-0.001055266270143919,-0.001055266270143962
2025-10-16,720936025.2352188,-0.00259372978453353,-0.0036462589791219635
2025-10-17,721444273.3018222,0.0007049835891299741,-0.0029438459427340025
2025-10-20,698054619.9424254,-0.032420596052900624,-0.035269000755483226
2025-10-21,695523896.7865162,-0.0036253941792089442,-0.03876653090464677
2025-10-22,696942589.3446882,0.002039746678333671,-0.036805858128956315
2025-10-23,700117783.1743631,0.004555890080789133,-0.03241765149213183
2025-10-24,695379912.0936763,-0.006767248589523185,-0.03896552177531931
2025-10-27,676883130.1802568,-0.026599534429645327,-0.0645285914669329
2025-10-28,681372251.5214355,0.00663204789870178,-0.05832450027767555
2025-10-29,675973434.4293146,-0.007923447249379281,-0.06578581642575831
2025-10-30,668756086.9411683,-0.01067696912414834,-0.07576039241912191
2025-10-31,655127076.148385,-0.020379643727986327,-0.09459606634091411
2025-11-03,654493695.2484789,-0.0009668061708423403,-0.09547141645108059
2025-11-04,659959297.1479158,0.008350885484636994,-0.0879178018322827
2025-11-05,661724587.0468447,0.002674846625477917,-0.08547812184235526
2025-11-06,660459678.2973508,-0.0019115335507465605,-0.08722626109534537
2025-11-07,648282613.3553846,-0.018437257174212903,-0.10405530526139839
2025-11-10,640124141.4258778,-0.012584745852245083,-0.115330541542351
2025-11-11,638745262.9204897,-0.0021540798356966917,-0.11723619018407128
2025-11-12,645838065.1543531,0.011104273715367463,-0.10743373921385468
2025-11-13,645953648.8123932,0.00017896693347181788,-0.10727399936724136
2025-11-14,645885964.1652246,-0.00010478251387398578,-0.10736754144178828
2025-11-17,651152846.0054057,0.008154507347110871,-0.10008856350020578
2025-11-18,653092784.9772561,0.0029792374920131893,-0.09740751360909417
2025-11-19,652770766.0485077,-0.0004930676561670843,-0.09785255277083293
2025-11-20,664289025.723951,0.017645183078844197,-0.08193399590036232
2025-11-21,659714767.0678287,-0.006885946446484253,-0.0882557492389302
2025-11-24,666991276.14182,0.011029780500946652,-0.07819941028003552
2025-11-25,666251755.2539413,-0.0011087414698380774,-0.0792214488207793
2025-11-26,674729963.1994624,0.012725231684064614,-0.06750432842730636
2025-11-27,679542122.8253658,0.0071319785519600625,-0.060853789297854344
2025-11-28,684391651.8659918,0.007136465684368355,-0.05415160459257384
2025-12-01,690351784.4849547,0.008708657685570243,-0.04591453469452467
2025-12-02,693321524.8891312,0.0043017784134390035,-0.041810270435297725
2025-12-03,689134494.5542653,-0.006039088914101541,-0.04759686340871783
2025-12-04,691013262.0622367,0.0027262711746661294,-0.04500035419076742
2025-12-05,699747215.1266044,0.012639342171671867,-0.032929786893559077
2025-12-08,708335775.0459944,0.012273803644700529,-0.021060156987251943
2025-12-09,717270994.8072416,0.012614384414887088,-0.008711433488439946
2025-12-10,700961305.9926174,-0.0227385310889467,-0.03125187937618046
2025-12-11,699249815.4016616,-0.0024416334772318516,-0.03361720721850103
2025-12-12,689338316.8485129,-0.014174474322106763,-0.0473151753001082
2025-12-15,692099350.0214424,0.004005338315665227,-0.04349935026898488
2025-12-16,699752951.3526317,0.011058529864176513,-0.03292185926883018
2025-12-17,692474600.7380034,-0.010401314636200058,-0.04298074328836643
2025-12-18,693994378.1325843,0.00219470489309104,-0.04088036844287912
2025-12-19,702624738.4928012,0.012435778490655247,-0.02895296915879586
2025-12-22,722207443.5667369,0.02787078792008173,-0.001889123301795581
2025-12-23,737730119.4454594,0.02149337564573028,0.0
2025-12-24,735861441.4387492,-0.002533010321057284,-0.0025330103210572386
2025-12-25,713306946.408212,-0.030650464558163174,-0.033105836936149435
2025-12-26,709285568.9410162,-0.005637653590007789,-0.038556851285703964
2025-12-29,715958781.9923041,0.009408358697119961,-0.02951124927571136
2025-12-30,720419328.5958494,0.006230172344744358,-0.023464937100063366
2025-12-31,725217984.8294002,0.006660920998474213,-0.016960314193846915
2026-01-05,721159750.5989578,-0.005595881949062614,-0.022461288226861775
2026-01-06,719220203.9229093,-0.0026894827039884443,-0.025090361684654727
2026-01-07,729784188.2195165,0.014688108369296552,-0.010770783266807249
2026-01-08,729884258.3140554,0.0001371228592703167,-0.010635137328135036
2026-01-09,726509069.2357543,-0.004624279863354596,-0.015210237340099075
2026-01-12,745030576.2793437,0.0254938414782255,0.0
2026-01-13,753240994.4996688,0.011020243305083732,0.0
2026-01-14,752719773.306917,-0.0006919713565219579,-0.000691971356521992
2026-01-15,755845341.0285678,0.00415236563790441,0.0
2026-01-16,754609312.5425029,-0.0016352928555237256,-0.0016352928555237733
2026-01-19,760209763.504012,0.0074216563040277435,0.0
2026-01-20,763573603.2016658,0.0044248835770655266,0.0
2026-01-21,758646298.0368016,-0.00645295377446782,-0.006452953774467862
2026-01-22,768781028.8358808,0.013358966919505813,0.0
2026-01-23,762711464.8958795,-0.007895049061228824,-0.007895049061228843
2026-01-26,753729270.0226585,-0.011776661669098198,-0.019578733408672
2026-01-27,756437289.2429676,0.0035928274620776373,-0.01605624895765778
2026-01-28,755506404.2323272,-0.0012306175592850534,-0.01726710741503923
2026-01-29,756471519.8615134,0.0012774420227010662,-0.016011723120960664
2026-01-30,763736837.4045603,0.009604218205567087,-0.0065612849980943855
2026-02-02,761212280.6654385,-0.003305532240268918,-0.00984512869926446
2026-02-03,762477167.1727829,0.0016616738056808849,-0.008199814286056761
2026-02-04,763173365.706494,0.0009130745990631246,-0.007294226729135267
2026-02-05,762170373.4188042,-0.0013142391136269581,-0.008598879484691069
2026-02-06,751649004.3335633,-0.013804484472475637,-0.022284660858839622
2026-02-09,750286196.6862378,-0.0018130904710421665,-0.02405734722362829
2026-02-10,746098116.0028002,-0.005581977519958293,-0.029505037172194437
2026-02-11,757691012.9036822,0.015538032669202579,-0.014425454734479426
2026-02-12,755443210.7571285,-0.0029666474965032953,-0.01734930699180881
2026-02-13,756511900.2787275,0.0014146523608677094,-0.015959197869036434
2026-02-23,771798871.3082721,0.020207178530717487,0.0
2026-02-24,787002256.6613625,0.01969863641717852,0.0
2026-02-25,783903009.7330947,-0.003938040713397096,-0.003938040713397095
2026-02-26,780771219.4835308,-0.003995124665524951,-0.007917432415334158
2026-02-27,773286396.50337,-0.009586448364620585,-0.01742798072292473
2026-03-02,766118912.6666672,-0.00926886063056663,-0.02653530382909841
2026-03-03,752747897.6402678,-0.017452923828571512,-0.04352510902117257
2026-03-04,749473119.2171658,-0.004350431842277972,-0.04768618784322631
2026-03-05,744494934.805379,-0.006642245444355058,-0.05401168992362104
2026-03-06,739269108.8868872,-0.00701929009074849,-0.06065185629450398
2026-03-09,719678626.0495853,-0.026499799060722442,-0.08554439335076225
2026-03-10,718197697.8972018,-0.002057763144242012,-0.08742612639517056
2026-03-11,726542403.6959257,0.011618953699178166,-0.0768229728106764
2026-03-12,721552844.5158199,-0.006867540221635911,-0.08316292817658932
2026-03-13,721557928.0937357,7.045330019035412e-06,-0.08315646875684468
2026-03-16,718596295.0727327,-0.004104497928291448,-0.08691965113139966
2026-03-17,728724391.9363666,0.014094279267900701,-0.0740504417004133
2026-03-18,739601745.4974909,0.014926567137708976,-0.06022919345232258
2026-03-19,741874491.1617119,0.0030729317204251498,-0.05734134193095275
2026-03-20,732803513.2631016,-0.012227105806544148,-0.06886732908261783
2026-03-23,711646514.4564319,-0.028871311918879438,-0.09575035086253292
2026-03-24,722781832.9354606,0.01564726061720973,-0.08160132093945849
2026-03-25,730726787.8149443,0.010992189506502343,-0.07150610861670359
2026-03-26,731284311.2750986,0.000762971153447692,-0.07079769456142582
2026-03-27,745336757.5561502,0.019216118908047117,-0.052942032570486575
2026-03-30,752929789.2368484,0.010187383895562313,-0.04329398948493124
2026-03-31,760131936.725894,0.009565496799303883,-0.034142621203474555
2026-04-01,769806936.9465325,0.012728053845904056,-0.02184913647868858
2026-04-02,772018992.9153812,0.0028735204408821082,-0.019038399978093645
2026-04-03,764792963.6592273,-0.009359911248901056,-0.028220113492878673
2026-04-06,759403875.1819346,-0.007046467126878407,-0.03506772851771278
2026-04-07,763397885.1540648,0.0052594016210060985,-0.02999276216491764
2026-04-08,784250879.4825246,0.02731602318265713,-0.003496021968869334
2026-04-09,780543538.5857978,-0.00472723843060664,-0.008206733870070537
2026-04-10,779090967.4959679,-0.0018609738189130551,-0.010052435172112628
2026-04-13,782664133.4243398,0.004586326985481832,-0.005512211941330447
2026-04-14,780504480.5485895,-0.002759360987070295,-0.008256362745817314
2026-04-15,792162032.1903852,0.014935918924644824,0.0
2026-04-16,803940926.841095,0.014869299678678432,0.0
2026-04-17,797242926.6718748,-0.008331458127823514,-0.008331458127823543
2026-04-20,800413048.3028855,0.003976355919825568,-0.004388231050845293
2026-04-21,802301060.2861195,0.0023587971076147215,-0.002039784889940832
2026-04-22,819436387.880101,0.021357727718657935,0.0
2026-04-23,817971883.0513175,-0.0017872099048130102,-0.0017872099048129586
2026-04-24,813605087.1875896,-0.005338564752908318,-0.007116233521917481
2026-04-28,832073185.2056463,0.022699093588384258,0.0
2026-04-29,817210918.58447,-0.017861730056236633,-0.01786173005623659
2026-05-04,812291863.4024556,-0.006019321414029802,-0.023773535976047255
2026-05-05,826790417.9057314,0.017848947104487322,-0.0063489214576830655
2026-05-06,827850381.2859707,0.0012820218489277444,-0.005075039064781239
2026-05-07,840485497.1502882,0.015262559696705499,0.0
2026-05-08,843461640.8752844,0.0035409816529696067,0.0
2026-05-11,834776303.8031528,-0.010297252004393003,-0.01029725200439302
2026-05-12,843280291.8853772,0.010187145997653618,-0.0002150056162827374
2026-05-13,855559536.9669238,0.014561285493928891,0.0
2026-05-14,861399562.0581956,0.006825971588108818,0.0
2026-05-15,882231760.3893209,0.02418412923423085,0.0
2026-05-18,896364768.3788731,0.016019609159520047,0.0
2026-05-19,875025289.6205486,-0.023806690658891214,-0.023806690658891183
2026-05-20,890871180.8789485,0.01810906661368765,-0.006128740992196846
2026-05-21,881831425.213669,-0.01014709630225184,-0.016213648369389322
2026-05-22,876115912.6201458,-0.0064814117869957605,-0.022589972824733517
2026-05-25,882373908.631165,0.0071428859136958575,-0.015608444509718211
2026-05-26,871921947.5433488,-0.011845274418903052,-0.02726883262015145
2026-05-27,863829405.8676225,-0.009281268465058293,-0.036297011728933404
2026-05-28,873271460.343056,0.010930461976980228,-0.025763292858534292
2026-05-29,868601657.0319728,-0.0053474818806613835,-0.030973005997448455
