date,equity,portfolio_return,drawdown
2018-01-02,100000000.0,0.0,0.0
2018-01-03,100000000.0,0.0,0.0
2018-01-04,100000000.0,0.0,0.0
2018-01-05,100000000.0,0.0,0.0
2018-01-08,100000000.0,0.0,0.0
2018-01-09,100000000.0,0.0,0.0
2018-01-10,100000000.0,0.0,0.0
2018-01-11,100000000.0,0.0,0.0
2018-01-12,100000000.0,0.0,0.0
2018-01-15,100000000.0,0.0,0.0
2018-01-16,100000000.0,0.0,0.0
2018-01-17,100000000.0,0.0,0.0
2018-01-18,100000000.0,0.0,0.0
2018-01-19,100000000.0,0.0,0.0
2018-01-22,100000000.0,0.0,0.0
2018-01-23,100000000.0,0.0,0.0
2018-01-24,100000000.0,0.0,0.0
2018-01-25,100000000.0,0.0,0.0
2018-01-26,100000000.0,0.0,0.0
2018-01-29,100000000.0,0.0,0.0
2018-01-30,100000000.0,0.0,0.0
2018-01-31,100000000.0,0.0,0.0
2018-02-01,100000000.0,0.0,0.0
2018-02-02,100000000.0,0.0,0.0
2018-02-05,100000000.0,0.0,0.0
2018-02-06,100000000.0,0.0,0.0
2018-02-07,100000000.0,0.0,0.0
2018-02-08,100000000.0,0.0,0.0
2018-02-09,100000000.0,0.0,0.0
2018-02-12,100000000.0,0.0,0.0
2018-02-13,100000000.0,0.0,0.0
2018-02-21,100000000.0,0.0,0.0
2018-02-22,100000000.0,0.0,0.0
2018-02-23,100000000.0,0.0,0.0
2018-02-26,100000000.0,0.0,0.0
2018-02-27,100000000.0,0.0,0.0
2018-02-28,100000000.0,0.0,0.0
2018-03-01,100000000.0,0.0,0.0
2018-03-02,100000000.0,0.0,0.0
2018-03-05,100000000.0,0.0,0.0
2018-03-06,100000000.0,0.0,0.0
2018-03-07,100000000.0,0.0,0.0
2018-03-08,100000000.0,0.0,0.0
2018-03-09,100000000.0,0.0,0.0
2018-03-12,100000000.0,0.0,0.0
2018-03-13,100000000.0,0.0,0.0
2018-03-14,100000000.0,0.0,0.0
2018-03-15,100000000.0,0.0,0.0
2018-03-16,100000000.0,0.0,0.0
2018-03-19,100000000.0,0.0,0.0
2018-03-20,100000000.0,0.0,0.0
2018-03-21,100000000.0,0.0,0.0
2018-03-22,100000000.0,0.0,0.0
2018-03-23,100000000.0,0.0,0.0
2018-03-26,100000000.0,0.0,0.0
2018-03-27,100000000.0,0.0,0.0
2018-03-28,100000000.0,0.0,0.0
2018-03-29,100000000.0,0.0,0.0
2018-03-30,100000000.0,0.0,0.0
2018-04-02,100000000.0,0.0,0.0
2018-04-03,100000000.0,0.0,0.0
2018-04-04,100000000.0,0.0,0.0
2018-04-05,100000000.0,0.0,0.0
2018-04-06,100000000.0,0.0,0.0
2018-04-09,100000000.0,0.0,0.0
2018-04-10,100000000.0,0.0,0.0
2018-04-11,100000000.0,0.0,0.0
2018-04-12,100000000.0,0.0,0.0
2018-04-13,100000000.0,0.0,0.0
2018-04-16,100000000.0,0.0,0.0
2018-04-17,100000000.0,0.0,0.0
2018-04-18,100000000.0,0.0,0.0
2018-04-19,100000000.0,0.0,0.0
2018-04-20,100000000.0,0.0,0.0
2018-04-23,100000000.0,0.0,0.0
2018-04-24,100000000.0,0.0,0.0
2018-04-26,100000000.0,0.0,0.0
2018-04-27,100000000.0,0.0,0.0
2018-05-02,100000000.0,0.0,0.0
2018-05-03,100000000.0,0.0,0.0
2018-05-04,100000000.0,0.0,0.0
2018-05-07,100000000.0,0.0,0.0
2018-05-08,100000000.0,0.0,0.0
2018-05-09,100000000.0,0.0,0.0
2018-05-10,100000000.0,0.0,0.0
2018-05-11,100000000.0,0.0,0.0
2018-05-14,100000000.0,0.0,0.0
2018-05-15,100000000.0,0.0,0.0
2018-05-16,100000000.0,0.0,0.0
2018-05-17,100000000.0,0.0,0.0
2018-05-18,100000000.0,0.0,0.0
2018-05-21,100000000.0,0.0,0.0
2018-05-22,100000000.0,0.0,0.0
2018-05-23,100000000.0,0.0,0.0
2018-05-24,100000000.0,0.0,0.0
2018-05-25,100000000.0,0.0,0.0
2018-05-28,100000000.0,0.0,0.0
2018-05-29,100000000.0,0.0,0.0
2018-05-30,100000000.0,0.0,0.0
2018-05-31,100000000.0,0.0,0.0
2018-06-01,100000000.0,0.0,0.0
2018-06-04,100000000.0,0.0,0.0
2018-06-05,100000000.0,0.0,0.0
2018-06-06,100000000.0,0.0,0.0
2018-06-07,100000000.0,0.0,0.0
2018-06-08,100000000.0,0.0,0.0
2018-06-11,100000000.0,0.0,0.0
2018-06-12,100000000.0,0.0,0.0
2018-06-13,100000000.0,0.0,0.0
2018-06-14,100000000.0,0.0,0.0
2018-06-15,100000000.0,0.0,0.0
2018-06-18,100000000.0,0.0,0.0
2018-06-19,100000000.0,0.0,0.0
2018-06-20,100000000.0,0.0,0.0
2018-06-21,100000000.0,0.0,0.0
2018-06-22,100000000.0,0.0,0.0
2018-06-25,100000000.0,0.0,0.0
2018-06-26,100000000.0,0.0,0.0
2018-06-27,100000000.0,0.0,0.0
2018-06-28,100000000.0,0.0,0.0
2018-06-29,100000000.0,0.0,0.0
2018-07-02,100000000.0,0.0,0.0
2018-07-03,100000000.0,0.0,0.0
2018-07-04,100000000.0,0.0,0.0
2018-07-05,100000000.0,0.0,0.0
2018-07-06,100000000.0,0.0,0.0
2018-07-09,100000000.0,0.0,0.0
2018-07-10,100000000.0,0.0,0.0
2018-07-11,100000000.0,0.0,0.0
2018-07-12,100000000.0,0.0,0.0
2018-07-13,100000000.0,0.0,0.0
2018-07-16,100000000.0,0.0,0.0
2018-07-17,100000000.0,0.0,0.0
2018-07-18,100000000.0,0.0,0.0
2018-07-19,100000000.0,0.0,0.0
2018-07-20,100000000.0,0.0,0.0
2018-07-23,100000000.0,0.0,0.0
2018-07-24,100000000.0,0.0,0.0
2018-07-25,100000000.0,0.0,0.0
2018-07-26,100000000.0,0.0,0.0
2018-07-27,100000000.0,0.0,0.0
2018-07-30,100000000.0,0.0,0.0
2018-07-31,100000000.0,0.0,0.0
2018-08-01,100000000.0,0.0,0.0
2018-08-02,100000000.0,0.0,0.0
2018-08-03,100000000.0,0.0,0.0
2018-08-06,100000000.0,0.0,0.0
2018-08-07,100000000.0,0.0,0.0
2018-08-08,100000000.0,0.0,0.0
2018-08-09,100000000.0,0.0,0.0
2018-08-10,100000000.0,0.0,0.0
2018-08-13,100000000.0,0.0,0.0
2018-08-14,100000000.0,0.0,0.0
2018-08-15,100000000.0,0.0,0.0
2018-08-16,100000000.0,0.0,0.0
2018-08-17,100000000.0,0.0,0.0
2018-08-20,100000000.0,0.0,0.0
2018-08-21,100000000.0,0.0,0.0
2018-08-22,100000000.0,0.0,0.0
2018-08-23,100000000.0,0.0,0.0
2018-08-24,100000000.0,0.0,0.0
2018-08-27,100000000.0,0.0,0.0
2018-08-28,100000000.0,0.0,0.0
2018-08-29,100000000.0,0.0,0.0
2018-08-30,100000000.0,0.0,0.0
2018-08-31,100000000.0,0.0,0.0
2018-09-04,100000000.0,0.0,0.0
2018-09-05,100000000.0,0.0,0.0
2018-09-06,100000000.0,0.0,0.0
2018-09-07,100000000.0,0.0,0.0
2018-09-10,100000000.0,0.0,0.0
2018-09-11,100000000.0,0.0,0.0
2018-09-12,100000000.0,0.0,0.0
2018-09-13,100000000.0,0.0,0.0
2018-09-14,100000000.0,0.0,0.0
2018-09-17,100000000.0,0.0,0.0
2018-09-18,100000000.0,0.0,0.0
2018-09-19,100000000.0,0.0,0.0
2018-09-20,100000000.0,0.0,0.0
2018-09-21,100000000.0,0.0,0.0
2018-09-24,100000000.0,0.0,0.0
2018-09-25,100000000.0,0.0,0.0
2018-09-26,100000000.0,0.0,0.0
2018-09-27,100000000.0,0.0,0.0
2018-09-28,100000000.0,0.0,0.0
2018-10-01,100000000.0,0.0,0.0
2018-10-02,100000000.0,0.0,0.0
2018-10-03,100000000.0,0.0,0.0
2018-10-04,100000000.0,0.0,0.0
2018-10-05,100000000.0,0.0,0.0
2018-10-08,100000000.0,0.0,0.0
2018-10-09,100000000.0,0.0,0.0
2018-10-10,100000000.0,0.0,0.0
2018-10-11,100000000.0,0.0,0.0
2018-10-12,100000000.0,0.0,0.0
2018-10-15,100000000.0,0.0,0.0
2018-10-16,100000000.0,0.0,0.0
2018-10-17,100000000.0,0.0,0.0
2018-10-18,100000000.0,0.0,0.0
2018-10-19,100000000.0,0.0,0.0
2018-10-22,100000000.0,0.0,0.0
2018-10-23,100000000.0,0.0,0.0
2018-10-24,100000000.0,0.0,0.0
2018-10-25,100000000.0,0.0,0.0
2018-10-26,100000000.0,0.0,0.0
2018-10-29,100000000.0,0.0,0.0
2018-10-30,100000000.0,0.0,0.0
2018-10-31,100000000.0,0.0,0.0
2018-11-01,100000000.0,0.0,0.0
2018-11-02,100000000.0,0.0,0.0
2018-11-05,100000000.0,0.0,0.0
2018-11-06,100000000.0,0.0,0.0
2018-11-07,100000000.0,0.0,0.0
2018-11-08,100000000.0,0.0,0.0
2018-11-09,100000000.0,0.0,0.0
2018-11-12,100000000.0,0.0,0.0
2018-11-13,100000000.0,0.0,0.0
2018-11-14,100000000.0,0.0,0.0
2018-11-15,100000000.0,0.0,0.0
2018-11-16,100000000.0,0.0,0.0
2018-11-19,100000000.0,0.0,0.0
2018-11-20,100000000.0,0.0,0.0
2018-11-21,100000000.0,0.0,0.0
2018-11-22,100000000.0,0.0,0.0
2018-11-23,100000000.0,0.0,0.0
2018-11-26,100000000.0,0.0,0.0
2018-11-27,100000000.0,0.0,0.0
2018-11-28,100000000.0,0.0,0.0
2018-11-29,100000000.0,0.0,0.0
2018-11-30,100000000.0,0.0,0.0
2018-12-03,100000000.0,0.0,0.0
2018-12-04,100000000.0,0.0,0.0
2018-12-05,100000000.0,0.0,0.0
2018-12-06,100000000.0,0.0,0.0
2018-12-07,100000000.0,0.0,0.0
2018-12-10,100000000.0,0.0,0.0
2018-12-11,100000000.0,0.0,0.0
2018-12-12,100000000.0,0.0,0.0
2018-12-13,100000000.0,0.0,0.0
2018-12-14,100000000.0,0.0,0.0
2018-12-17,100000000.0,0.0,0.0
2018-12-18,100000000.0,0.0,0.0
2018-12-19,100000000.0,0.0,0.0
2018-12-20,100000000.0,0.0,0.0
2018-12-21,100000000.0,0.0,0.0
2018-12-24,100000000.0,0.0,0.0
2018-12-25,100000000.0,0.0,0.0
2018-12-26,100000000.0,0.0,0.0
2018-12-27,100000000.0,0.0,0.0
2018-12-28,100000000.0,0.0,0.0
2019-01-02,100000000.0,0.0,0.0
2019-01-03,100000000.0,0.0,0.0
2019-01-04,100000000.0,0.0,0.0
2019-01-07,100000000.0,0.0,0.0
2019-01-08,100000000.0,0.0,0.0
2019-01-09,100000000.0,0.0,0.0
2019-01-10,100000000.0,0.0,0.0
2019-01-11,100000000.0,0.0,0.0
2019-01-14,100000000.0,0.0,0.0
2019-01-15,100000000.0,0.0,0.0
2019-01-16,100000000.0,0.0,0.0
2019-01-17,100000000.0,0.0,0.0
2019-01-18,100000000.0,0.0,0.0
2019-01-21,100000000.0,0.0,0.0
2019-01-22,100000000.0,0.0,0.0
2019-01-23,100000000.0,0.0,0.0
2019-01-24,100000000.0,0.0,0.0
2019-01-25,100000000.0,0.0,0.0
2019-01-28,100000000.0,0.0,0.0
2019-01-29,100000000.0,0.0,0.0
2019-01-30,100000000.0,0.0,0.0
2019-01-31,100000000.0,0.0,0.0
2019-02-01,100000000.0,0.0,0.0
2019-02-11,100000000.0,0.0,0.0
2019-02-12,100000000.0,0.0,0.0
2019-02-13,100000000.0,0.0,0.0
2019-02-14,100000000.0,0.0,0.0
2019-02-15,100000000.0,0.0,0.0
2019-02-18,100000000.0,0.0,0.0
2019-02-19,100000000.0,0.0,0.0
2019-02-20,100000000.0,0.0,0.0
2019-02-21,100000000.0,0.0,0.0
2019-02-22,100000000.0,0.0,0.0
2019-02-25,100000000.0,0.0,0.0
2019-02-26,100000000.0,0.0,0.0
2019-02-27,100000000.0,0.0,0.0
2019-02-28,100000000.0,0.0,0.0
2019-03-01,100000000.0,0.0,0.0
2019-03-04,100000000.0,0.0,0.0
2019-03-05,100000000.0,0.0,0.0
2019-03-06,100000000.0,0.0,0.0
2019-03-07,100000000.0,0.0,0.0
2019-03-08,100000000.0,0.0,0.0
2019-03-11,100000000.0,0.0,0.0
2019-03-12,100000000.0,0.0,0.0
2019-03-13,100000000.0,0.0,0.0
2019-03-14,100000000.0,0.0,0.0
2019-03-15,100000000.0,0.0,0.0
2019-03-18,100000000.0,0.0,0.0
2019-03-19,100000000.0,0.0,0.0
2019-03-20,100000000.0,0.0,0.0
2019-03-21,100000000.0,0.0,0.0
2019-03-22,100000000.0,0.0,0.0
2019-03-25,100000000.0,0.0,0.0
2019-03-26,100000000.0,0.0,0.0
2019-03-27,100000000.0,0.0,0.0
2019-03-28,100000000.0,0.0,0.0
2019-03-29,100000000.0,0.0,0.0
2019-04-01,100000000.0,0.0,0.0
2019-04-02,100000000.0,0.0,0.0
2019-04-03,100000000.0,0.0,0.0
2019-04-04,100000000.0,0.0,0.0
2019-04-05,100000000.0,0.0,0.0
2019-04-08,100000000.0,0.0,0.0
2019-04-09,100000000.0,0.0,0.0
2019-04-10,100000000.0,0.0,0.0
2019-04-11,100000000.0,0.0,0.0
2019-04-12,100000000.0,0.0,0.0
2019-04-16,100000000.0,0.0,0.0
2019-04-17,100000000.0,0.0,0.0
2019-04-18,100000000.0,0.0,0.0
2019-04-19,100000000.0,0.0,0.0
2019-04-22,100000000.0,0.0,0.0
2019-04-23,100000000.0,0.0,0.0
2019-04-24,100000000.0,0.0,0.0
2019-04-25,100000000.0,0.0,0.0
2019-04-26,100000000.0,0.0,0.0
2019-05-02,100000000.0,0.0,0.0
2019-05-03,100000000.0,0.0,0.0
2019-05-06,100000000.0,0.0,0.0
2019-05-07,100000000.0,0.0,0.0
2019-05-08,100000000.0,0.0,0.0
2019-05-09,100000000.0,0.0,0.0
2019-05-10,100000000.0,0.0,0.0
2019-05-13,100000000.0,0.0,0.0
2019-05-14,100000000.0,0.0,0.0
2019-05-15,100000000.0,0.0,0.0
2019-05-16,100000000.0,0.0,0.0
2019-05-17,100000000.0,0.0,0.0
2019-05-20,100000000.0,0.0,0.0
2019-05-21,100000000.0,0.0,0.0
2019-05-22,100000000.0,0.0,0.0
2019-05-23,100000000.0,0.0,0.0
2019-05-24,100000000.0,0.0,0.0
2019-05-27,100000000.0,0.0,0.0
2019-05-28,100000000.0,0.0,0.0
2019-05-29,100000000.0,0.0,0.0
2019-05-30,100000000.0,0.0,0.0
2019-05-31,100000000.0,0.0,0.0
2019-06-03,100000000.0,0.0,0.0
2019-06-04,100000000.0,0.0,0.0
2019-06-05,100000000.0,0.0,0.0
2019-06-06,100000000.0,0.0,0.0
2019-06-07,100000000.0,0.0,0.0
2019-06-10,100000000.0,0.0,0.0
2019-06-11,100000000.0,0.0,0.0
2019-06-12,100000000.0,0.0,0.0
2019-06-13,100000000.0,0.0,0.0
2019-06-14,100000000.0,0.0,0.0
2019-06-17,100000000.0,0.0,0.0
2019-06-18,100000000.0,0.0,0.0
2019-06-19,100000000.0,0.0,0.0
2019-06-20,100000000.0,0.0,0.0
2019-06-21,100000000.0,0.0,0.0
2019-06-24,100000000.0,0.0,0.0
2019-06-25,100000000.0,0.0,0.0
2019-06-26,100000000.0,0.0,0.0
2019-06-27,100000000.0,0.0,0.0
2019-06-28,100000000.0,0.0,0.0
2019-07-01,100000000.0,0.0,0.0
2019-07-02,100000000.0,0.0,0.0
2019-07-03,100000000.0,0.0,0.0
2019-07-04,100000000.0,0.0,0.0
2019-07-05,100000000.0,0.0,0.0
2019-07-08,100000000.0,0.0,0.0
2019-07-09,100000000.0,0.0,0.0
2019-07-10,100000000.0,0.0,0.0
2019-07-11,100000000.0,0.0,0.0
2019-07-12,100000000.0,0.0,0.0
2019-07-15,100000000.0,0.0,0.0
2019-07-16,100000000.0,0.0,0.0
2019-07-17,100000000.0,0.0,0.0
2019-07-18,100000000.0,0.0,0.0
2019-07-19,100000000.0,0.0,0.0
2019-07-22,100000000.0,0.0,0.0
2019-07-23,100000000.0,0.0,0.0
2019-07-24,100000000.0,0.0,0.0
2019-07-25,100000000.0,0.0,0.0
2019-07-26,100000000.0,0.0,0.0
2019-07-29,100000000.0,0.0,0.0
2019-07-30,100000000.0,0.0,0.0
2019-07-31,100000000.0,0.0,0.0
2019-08-01,100000000.0,0.0,0.0
2019-08-02,100000000.0,0.0,0.0
2019-08-05,100000000.0,0.0,0.0
2019-08-06,100000000.0,0.0,0.0
2019-08-07,100000000.0,0.0,0.0
2019-08-08,100000000.0,0.0,0.0
2019-08-09,100000000.0,0.0,0.0
2019-08-12,100000000.0,0.0,0.0
2019-08-13,100000000.0,0.0,0.0
2019-08-14,100000000.0,0.0,0.0
2019-08-15,100000000.0,0.0,0.0
2019-08-16,100000000.0,0.0,0.0
2019-08-19,100000000.0,0.0,0.0
2019-08-20,100000000.0,0.0,0.0
2019-08-21,100000000.0,0.0,0.0
2019-08-22,100000000.0,0.0,0.0
2019-08-23,100000000.0,0.0,0.0
2019-08-26,100000000.0,0.0,0.0
2019-08-27,100000000.0,0.0,0.0
2019-08-28,100000000.0,0.0,0.0
2019-08-29,100000000.0,0.0,0.0
2019-08-30,100000000.0,0.0,0.0
2019-09-03,100000000.0,0.0,0.0
2019-09-04,100000000.0,0.0,0.0
2019-09-05,100000000.0,0.0,0.0
2019-09-06,100000000.0,0.0,0.0
2019-09-09,100000000.0,0.0,0.0
2019-09-10,100000000.0,0.0,0.0
2019-09-11,100000000.0,0.0,0.0
2019-09-12,100000000.0,0.0,0.0
2019-09-13,100000000.0,0.0,0.0
2019-09-16,100000000.0,0.0,0.0
2019-09-17,100000000.0,0.0,0.0
2019-09-18,100000000.0,0.0,0.0
2019-09-19,100000000.0,0.0,0.0
2019-09-20,100000000.0,0.0,0.0
2019-09-23,100000000.0,0.0,0.0
2019-09-24,100000000.0,0.0,0.0
2019-09-25,100000000.0,0.0,0.0
2019-09-26,100000000.0,0.0,0.0
2019-09-27,100000000.0,0.0,0.0
2019-09-30,100000000.0,0.0,0.0
2019-10-01,100000000.0,0.0,0.0
2019-10-02,100000000.0,0.0,0.0
2019-10-03,100000000.0,0.0,0.0
2019-10-04,100000000.0,0.0,0.0
2019-10-07,100000000.0,0.0,0.0
2019-10-08,100000000.0,0.0,0.0
2019-10-09,100000000.0,0.0,0.0
2019-10-10,100000000.0,0.0,0.0
2019-10-11,100000000.0,0.0,0.0
2019-10-14,100000000.0,0.0,0.0
2019-10-15,100000000.0,0.0,0.0
2019-10-16,100000000.0,0.0,0.0
2019-10-17,100000000.0,0.0,0.0
2019-10-18,100000000.0,0.0,0.0
2019-10-21,100000000.0,0.0,0.0
2019-10-22,100000000.0,0.0,0.0
2019-10-23,100000000.0,0.0,0.0
2019-10-24,100000000.0,0.0,0.0
2019-10-25,100000000.0,0.0,0.0
2019-10-28,100000000.0,0.0,0.0
2019-10-29,100000000.0,0.0,0.0
2019-10-30,100000000.0,0.0,0.0
2019-10-31,100000000.0,0.0,0.0
2019-11-01,100000000.0,0.0,0.0
2019-11-04,100000000.0,0.0,0.0
2019-11-05,100000000.0,0.0,0.0
2019-11-06,100000000.0,0.0,0.0
2019-11-07,100000000.0,0.0,0.0
2019-11-08,100000000.0,0.0,0.0
2019-11-11,100000000.0,0.0,0.0
2019-11-12,100000000.0,0.0,0.0
2019-11-13,100000000.0,0.0,0.0
2019-11-14,100000000.0,0.0,0.0
2019-11-15,100000000.0,0.0,0.0
2019-11-18,100000000.0,0.0,0.0
2019-11-19,100000000.0,0.0,0.0
2019-11-20,100000000.0,0.0,0.0
2019-11-21,100000000.0,0.0,0.0
2019-11-22,100000000.0,0.0,0.0
2019-11-25,100000000.0,0.0,0.0
2019-11-26,100000000.0,0.0,0.0
2019-11-27,100000000.0,0.0,0.0
2019-11-28,100000000.0,0.0,0.0
2019-11-29,100000000.0,0.0,0.0
2019-12-02,100000000.0,0.0,0.0
2019-12-03,100000000.0,0.0,0.0
2019-12-04,100000000.0,0.0,0.0
2019-12-05,100000000.0,0.0,0.0
2019-12-06,100000000.0,0.0,0.0
2019-12-09,100000000.0,0.0,0.0
2019-12-10,100000000.0,0.0,0.0
2019-12-11,100000000.0,0.0,0.0
2019-12-12,100000000.0,0.0,0.0
2019-12-13,100000000.0,0.0,0.0
2019-12-16,100000000.0,0.0,0.0
2019-12-17,100000000.0,0.0,0.0
2019-12-18,100000000.0,0.0,0.0
2019-12-19,100000000.0,0.0,0.0
2019-12-20,100000000.0,0.0,0.0
2019-12-23,100000000.0,0.0,0.0
2019-12-24,100000000.0,0.0,0.0
2019-12-25,100000000.0,0.0,0.0
2019-12-26,100000000.0,0.0,0.0
2019-12-27,100000000.0,0.0,0.0
2019-12-30,100000000.0,0.0,0.0
2019-12-31,100000000.0,0.0,0.0
2020-01-02,100000000.0,0.0,0.0
2020-01-03,100000000.0,0.0,0.0
2020-01-06,100000000.0,0.0,0.0
2020-01-07,100000000.0,0.0,0.0
2020-01-08,100000000.0,0.0,0.0
2020-01-09,100000000.0,0.0,0.0
2020-01-10,100000000.0,0.0,0.0
2020-01-13,100000000.0,0.0,0.0
2020-01-14,100000000.0,0.0,0.0
2020-01-15,100000000.0,0.0,0.0
2020-01-16,100000000.0,0.0,0.0
2020-01-17,100000000.0,0.0,0.0
2020-01-20,100000000.0,0.0,0.0
2020-01-21,100000000.0,0.0,0.0
2020-01-22,100000000.0,0.0,0.0
2020-01-30,100000000.0,0.0,0.0
2020-01-31,100000000.0,0.0,0.0
2020-02-03,100000000.0,0.0,0.0
2020-02-04,100000000.0,0.0,0.0
2020-02-05,100000000.0,0.0,0.0
2020-02-06,100000000.0,0.0,0.0
2020-02-07,100000000.0,0.0,0.0
2020-02-10,100000000.0,0.0,0.0
2020-02-11,100000000.0,0.0,0.0
2020-02-12,100000000.0,0.0,0.0
2020-02-13,100000000.0,0.0,0.0
2020-02-14,100000000.0,0.0,0.0
2020-02-17,100000000.0,0.0,0.0
2020-02-18,100000000.0,0.0,0.0
2020-02-19,100000000.0,0.0,0.0
2020-02-20,100000000.0,0.0,0.0
2020-02-21,100000000.0,0.0,0.0
2020-02-24,100000000.0,0.0,0.0
2020-02-25,100000000.0,0.0,0.0
2020-02-26,100000000.0,0.0,0.0
2020-02-27,100000000.0,0.0,0.0
2020-02-28,100000000.0,0.0,0.0
2020-03-02,100000000.0,0.0,0.0
2020-03-03,100000000.0,0.0,0.0
2020-03-04,100000000.0,0.0,0.0
2020-03-05,100000000.0,0.0,0.0
2020-03-06,100000000.0,0.0,0.0
2020-03-09,100000000.0,0.0,0.0
2020-03-10,100000000.0,0.0,0.0
2020-03-11,100000000.0,0.0,0.0
2020-03-12,100000000.0,0.0,0.0
2020-03-13,100000000.0,0.0,0.0
2020-03-16,100000000.0,0.0,0.0
2020-03-17,100000000.0,0.0,0.0
2020-03-18,100000000.0,0.0,0.0
2020-03-19,100000000.0,0.0,0.0
2020-03-20,100000000.0,0.0,0.0
2020-03-23,100000000.0,0.0,0.0
2020-03-24,100000000.0,0.0,0.0
2020-03-25,100000000.0,0.0,0.0
2020-03-26,100000000.0,0.0,0.0
2020-03-27,100000000.0,0.0,0.0
2020-03-30,100000000.0,0.0,0.0
2020-03-31,100000000.0,0.0,0.0
2020-04-01,100000000.0,0.0,0.0
2020-04-03,100000000.0,0.0,0.0
2020-04-06,100000000.0,0.0,0.0
2020-04-07,100000000.0,0.0,0.0
2020-04-08,100000000.0,0.0,0.0
2020-04-09,100000000.0,0.0,0.0
2020-04-10,100000000.0,0.0,0.0
2020-04-13,100000000.0,0.0,0.0
2020-04-14,100000000.0,0.0,0.0
2020-04-15,100000000.0,0.0,0.0
2020-04-16,100000000.0,0.0,0.0
2020-04-17,100000000.0,0.0,0.0
2020-04-20,100000000.0,0.0,0.0
2020-04-21,100000000.0,0.0,0.0
2020-04-22,100000000.0,0.0,0.0
2020-04-23,100000000.0,0.0,0.0
2020-04-24,100000000.0,0.0,0.0
2020-04-27,100000000.0,0.0,0.0
2020-04-28,100000000.0,0.0,0.0
2020-04-29,100000000.0,0.0,0.0
2020-05-04,100000000.0,0.0,0.0
2020-05-05,100000000.0,0.0,0.0
2020-05-06,100000000.0,0.0,0.0
2020-05-07,100000000.0,0.0,0.0
2020-05-08,100000000.0,0.0,0.0
2020-05-11,100000000.0,0.0,0.0
2020-05-12,100000000.0,0.0,0.0
2020-05-13,100000000.0,0.0,0.0
2020-05-14,100000000.0,0.0,0.0
2020-05-15,100000000.0,0.0,0.0
2020-05-18,100000000.0,0.0,0.0
2020-05-19,100000000.0,0.0,0.0
2020-05-20,100000000.0,0.0,0.0
2020-05-21,100000000.0,0.0,0.0
2020-05-22,100000000.0,0.0,0.0
2020-05-25,100000000.0,0.0,0.0
2020-05-26,100000000.0,0.0,0.0
2020-05-27,100000000.0,0.0,0.0
2020-05-28,100000000.0,0.0,0.0
2020-05-29,100000000.0,0.0,0.0
2020-06-01,100000000.0,0.0,0.0
2020-06-02,100000000.0,0.0,0.0
2020-06-03,100000000.0,0.0,0.0
2020-06-04,100000000.0,0.0,0.0
2020-06-05,100000000.0,0.0,0.0
2020-06-08,100000000.0,0.0,0.0
2020-06-09,100000000.0,0.0,0.0
2020-06-10,100000000.0,0.0,0.0
2020-06-11,100000000.0,0.0,0.0
2020-06-12,100000000.0,0.0,0.0
2020-06-15,100000000.0,0.0,0.0
2020-06-16,100000000.0,0.0,0.0
2020-06-17,100000000.0,0.0,0.0
2020-06-18,100000000.0,0.0,0.0
2020-06-19,100000000.0,0.0,0.0
2020-06-22,100000000.0,0.0,0.0
2020-06-23,100000000.0,0.0,0.0
2020-06-24,100000000.0,0.0,0.0
2020-06-25,100000000.0,0.0,0.0
2020-06-26,100000000.0,0.0,0.0
2020-06-29,100000000.0,0.0,0.0
2020-06-30,100000000.0,0.0,0.0
2020-07-01,100000000.0,0.0,0.0
2020-07-02,100000000.0,0.0,0.0
2020-07-03,100000000.0,0.0,0.0
2020-07-06,100000000.0,0.0,0.0
2020-07-07,100000000.0,0.0,0.0
2020-07-08,100000000.0,0.0,0.0
2020-07-09,100000000.0,0.0,0.0
2020-07-10,100000000.0,0.0,0.0
2020-07-13,100000000.0,0.0,0.0
2020-07-14,100000000.0,0.0,0.0
2020-07-15,100000000.0,0.0,0.0
2020-07-16,100000000.0,0.0,0.0
2020-07-17,100000000.0,0.0,0.0
2020-07-20,100000000.0,0.0,0.0
2020-07-21,100000000.0,0.0,0.0
2020-07-22,100000000.0,0.0,0.0
2020-07-23,100000000.0,0.0,0.0
2020-07-24,100000000.0,0.0,0.0
2020-07-27,100000000.0,0.0,0.0
2020-07-28,100000000.0,0.0,0.0
2020-07-29,100000000.0,0.0,0.0
2020-07-30,100000000.0,0.0,0.0
2020-07-31,100000000.0,0.0,0.0
2020-08-03,100000000.0,0.0,0.0
2020-08-04,100000000.0,0.0,0.0
2020-08-05,100000000.0,0.0,0.0
2020-08-06,100000000.0,0.0,0.0
2020-08-07,100000000.0,0.0,0.0
2020-08-10,100000000.0,0.0,0.0
2020-08-11,100000000.0,0.0,0.0
2020-08-12,100000000.0,0.0,0.0
2020-08-13,100000000.0,0.0,0.0
2020-08-14,100000000.0,0.0,0.0
2020-08-17,100000000.0,0.0,0.0
2020-08-18,100000000.0,0.0,0.0
2020-08-19,100000000.0,0.0,0.0
2020-08-20,100000000.0,0.0,0.0
2020-08-21,100000000.0,0.0,0.0
2020-08-24,100000000.0,0.0,0.0
2020-08-25,100000000.0,0.0,0.0
2020-08-26,100000000.0,0.0,0.0
2020-08-27,100000000.0,0.0,0.0
2020-08-28,100000000.0,0.0,0.0
2020-08-31,100000000.0,0.0,0.0
2020-09-01,100000000.0,0.0,0.0
2020-09-03,100000000.0,0.0,0.0
2020-09-04,100000000.0,0.0,0.0
2020-09-07,100000000.0,0.0,0.0
2020-09-08,100000000.0,0.0,0.0
2020-09-09,100000000.0,0.0,0.0
2020-09-10,100000000.0,0.0,0.0
2020-09-11,100000000.0,0.0,0.0
2020-09-14,100000000.0,0.0,0.0
2020-09-15,100000000.0,0.0,0.0
2020-09-16,100000000.0,0.0,0.0
2020-09-17,100000000.0,0.0,0.0
2020-09-18,100000000.0,0.0,0.0
2020-09-21,100000000.0,0.0,0.0
2020-09-22,100000000.0,0.0,0.0
2020-09-23,100000000.0,0.0,0.0
2020-09-24,100000000.0,0.0,0.0
2020-09-25,100000000.0,0.0,0.0
2020-09-28,100000000.0,0.0,0.0
2020-09-29,100000000.0,0.0,0.0
2020-09-30,100000000.0,0.0,0.0
2020-10-01,100000000.0,0.0,0.0
2020-10-02,100000000.0,0.0,0.0
2020-10-05,100000000.0,0.0,0.0
2020-10-06,100000000.0,0.0,0.0
2020-10-07,100000000.0,0.0,0.0
2020-10-08,100000000.0,0.0,0.0
2020-10-09,100000000.0,0.0,0.0
2020-10-12,100000000.0,0.0,0.0
2020-10-13,100000000.0,0.0,0.0
2020-10-14,100000000.0,0.0,0.0
2020-10-15,100000000.0,0.0,0.0
2020-10-16,100000000.0,0.0,0.0
2020-10-19,100000000.0,0.0,0.0
2020-10-20,100000000.0,0.0,0.0
2020-10-21,100000000.0,0.0,0.0
2020-10-22,100000000.0,0.0,0.0
2020-10-23,100000000.0,0.0,0.0
2020-10-26,100000000.0,0.0,0.0
2020-10-27,100000000.0,0.0,0.0
2020-10-28,100000000.0,0.0,0.0
2020-10-29,100000000.0,0.0,0.0
2020-10-30,100000000.0,0.0,0.0
2020-11-02,100000000.0,0.0,0.0
2020-11-03,100000000.0,0.0,0.0
2020-11-04,100000000.0,0.0,0.0
2020-11-05,100000000.0,0.0,0.0
2020-11-06,100000000.0,0.0,0.0
2020-11-09,100000000.0,0.0,0.0
2020-11-10,100000000.0,0.0,0.0
2020-11-11,100000000.0,0.0,0.0
2020-11-12,100000000.0,0.0,0.0
2020-11-13,100000000.0,0.0,0.0
2020-11-16,100000000.0,0.0,0.0
2020-11-17,100000000.0,0.0,0.0
2020-11-18,100000000.0,0.0,0.0
2020-11-19,100000000.0,0.0,0.0
2020-11-20,100000000.0,0.0,0.0
2020-11-23,100000000.0,0.0,0.0
2020-11-24,100000000.0,0.0,0.0
2020-11-25,100000000.0,0.0,0.0
2020-11-26,100000000.0,0.0,0.0
2020-11-27,100000000.0,0.0,0.0
2020-11-30,100000000.0,0.0,0.0
2020-12-01,100000000.0,0.0,0.0
2020-12-02,100000000.0,0.0,0.0
2020-12-03,100000000.0,0.0,0.0
2020-12-04,100000000.0,0.0,0.0
2020-12-07,100000000.0,0.0,0.0
2020-12-08,100000000.0,0.0,0.0
2020-12-09,100000000.0,0.0,0.0
2020-12-10,100000000.0,0.0,0.0
2020-12-11,100000000.0,0.0,0.0
2020-12-14,100000000.0,0.0,0.0
2020-12-15,100000000.0,0.0,0.0
2020-12-16,100000000.0,0.0,0.0
2020-12-17,100000000.0,0.0,0.0
2020-12-18,100000000.0,0.0,0.0
2020-12-21,100000000.0,0.0,0.0
2020-12-22,100000000.0,0.0,0.0
2020-12-23,100000000.0,0.0,0.0
2020-12-24,100000000.0,0.0,0.0
2020-12-25,100000000.0,0.0,0.0
2020-12-28,100000000.0,0.0,0.0
2020-12-29,100000000.0,0.0,0.0
2020-12-30,100000000.0,0.0,0.0
2020-12-31,100000000.0,0.0,0.0
2021-01-04,100000000.0,0.0,0.0
2021-01-05,99904000.0,-0.00096,-0.0009599999999999609
2021-01-06,100164338.81396665,0.0026058897938685817,0.0
2021-01-07,102189424.09299491,0.020217627381232155,0.0
2021-01-08,103366932.12283722,0.01152279739604698,0.0
2021-01-11,105185534.0559023,0.017593652976988144,0.0
2021-01-12,105588342.28095976,0.0038295021142676798,0.0
2021-01-13,105535372.49982844,-0.000501663157002362,-0.0005016631570023966
2021-01-14,107342610.04468772,0.01712447212769551,0.0
2021-01-15,108065409.92206468,0.0067335783718697586,0.0
2021-01-18,107752362.25020804,-0.002896835093508714,-0.0028968350935086873
2021-01-19,103643276.24615273,-0.038134532907164856,-0.040920898547473494
2021-01-20,103155276.01676354,-0.004708460086018416,-0.045436684215997114
2021-01-21,104501450.25095019,0.013049979469473626,-0.0329796525427033
2021-01-22,103854708.28834073,-0.006188832413869533,-0.03896437941391839
2021-01-25,104018704.17796052,0.00157908959856174,-0.03744681806160355
2021-01-26,102409005.1580654,-0.015475092029037067,-0.0523424171349427
2021-01-27,99182101.37840158,-0.03150996120588401,-0.08220307080748246
2021-01-28,95071023.86910085,-0.04144979237348538,-0.12024556296353472
2021-01-29,96251334.64034528,0.012415042178040915,-0.10932337452140839
2021-02-01,92372418.77569851,-0.040299865753974214,-0.1452175229583984
2021-02-02,94663177.65539616,0.024799165270968388,-0.12401963103951597
2021-02-03,97428311.64270514,0.029210238403098398,-0.0984320356257462
2021-02-04,98142541.31922981,0.007330822678565284,-0.0918228007462435
2021-02-05,100105949.35028967,0.02000567750404437,-0.0736541005814465
2021-02-08,97150183.64549223,-0.029526374046508094,-0.10100573610412777
2021-02-09,99970948.2082134,0.029035092440116674,-0.07490335454877639
2021-02-17,103876667.19494691,0.03906853997822365,-0.03876117927224476
2021-02-18,104361324.35571371,0.004665698022995211,-0.034276329206748946
2021-02-19,103571134.21316996,-0.007571676072741268,-0.041588476017774156
2021-02-22,103969310.92175387,0.0038444756988407556,-0.03790388620433549
2021-02-23,103077696.08683494,-0.008575750161410134,-0.04615458210751078
2021-02-24,101814250.37691246,-0.012257217204953076,-0.0578460725745682
2021-02-25,101516976.59267409,-0.002919765977138486,-0.06059694155709239
2021-02-26,103582260.75686724,0.020344224518031927,-0.04148551482320406
2021-03-01,107000023.35518156,0.032995636254132696,-0.009858719525993154
2021-03-02,107500283.24390762,0.004675325042364396,-0.005229487201914296
2021-03-03,108140587.78030582,0.005956305574985453,0.0
2021-03-04,106385504.60854313,-0.016229643353966674,-0.016229643353966705
2021-03-05,108096832.17164944,0.01608609715584211,-0.00040461781792111573
2021-03-08,109737884.93992071,0.015181321554968439,0.0
2021-03-09,110053730.50573139,0.002878181641496002,0.0
2021-03-10,109529317.47545354,-0.004765063645439423,-0.0047650636454393824
2021-03-11,109700133.92278525,0.0015595500023999791,-0.0032129449980591307
2021-03-12,109284768.94058073,-0.0037863671387756924,-0.00698714674747547
2021-03-15,109732624.78608543,0.004098062793619531,-0.002917717719975288
2021-03-16,109341710.90107423,-0.003562421711621772,-0.006469745290643036
2021-03-17,111414102.19779272,0.01895334616259542,0.0
2021-03-18,111066951.70813794,-0.003115857712863722,-0.003115857712863712
2021-03-19,109937370.77693732,-0.010170270398425442,-0.013254438995826345
2021-03-22,109527106.59241965,-0.0037317991290704215,-0.016936775220995792
2021-03-23,108446509.52723847,-0.00986602402638443,-0.026635700616120417
2021-03-24,107106303.2784037,-0.012358223926959629,-0.03866475459041452
2021-03-25,106353922.0783494,-0.007024621119623766,-0.04541777045835749
2021-03-26,106594518.64642352,0.002262225627155321,-0.043258290075461225
2021-03-29,108134819.09839176,0.014450090600600674,-0.029433285685678046
2021-03-30,110249014.37224437,0.019551475569852414,-0.010457274281849727
2021-03-31,111543391.63412336,0.011740488286894352,0.0
2021-04-01,112785000.89303657,0.011131177210263219,0.0
2021-04-02,112852294.82913303,0.0005966567855975821,0.0
2021-04-05,110904116.39723858,-0.01726308210962074,-0.017263082109620687
2021-04-06,110731193.15403989,-0.0015592139301602915,-0.018795379201678175
2021-04-07,111422102.17266437,0.006239515704155289,-0.012673137561217351
2021-04-08,111745500.8696605,0.0029024645082980968,-0.009807456384899438
2021-04-09,112954625.83965346,0.010820345880442058,0.0
2021-04-12,113981378.83658719,0.009089959701086276,0.0
2021-04-13,113056135.44902775,-0.008117496006834122,-0.00811749600683409
2021-04-14,113857423.56540936,0.007087524380690356,-0.0010875045770023517
2021-04-15,113327730.32586294,-0.004652250358028851,-0.005734695591473438
2021-04-16,113903323.30517024,0.0050790126798818955,-0.0006848095032159218
2021-04-19,114947494.87592465,0.009167173884442863,0.0
2021-04-20,114767952.14345288,-0.00156195428761248,-0.0015619542876125214
2021-04-22,112511091.8806617,-0.01966455112809062,-0.02119579028575458
2021-04-23,115769903.5309943,0.028964358943286743,0.0
2021-04-26,115631478.37978737,-0.0011956920320821194,-0.0011956920320821407
2021-04-27,115964659.9487489,0.0028814088830310396,0.0
2021-04-28,116214841.66549721,0.002157396200350012,0.0
2021-04-29,118014159.78636599,0.01548268788291064,0.0
2021-05-04,118511012.13022076,0.00421010787819184,0.0
2021-05-05,118419491.51273215,-0.0007722541208916877,-0.0007722541208916578
2021-05-06,118649030.82727523,0.0019383575424186301,0.0
2021-05-07,121311365.56989683,0.022438739904224982,0.0
2021-05-10,125105507.46071471,0.03127606282390567,0.0
2021-05-11,123416964.94596647,-0.013496947888393139,-0.013496947888393174
2021-05-12,124713616.91812877,0.010506270128502975,-0.0031324803403159907
2021-05-13,125062245.24493654,0.002795431127914705,-0.00034580584545218507
2021-05-14,124122663.39634912,-0.007512913643499974,-0.007856121479497769
2021-05-17,123610089.6686959,-0.004129574032878003,-0.011953253077114923
2021-05-18,125302516.84940554,0.013691658870612812,0.0
2021-05-19,126098569.60826834,0.006353046841186176,0.0
2021-05-20,128073813.4578378,0.015664284342841207,0.0
2021-05-21,128093167.8102562,0.0001511187329856809,0.0
2021-05-24,127014575.95786397,-0.008420369882568128,-0.008420369882568113
2021-05-25,128739169.07950458,0.013577915043488608,0.0
2021-05-26,130436214.95600289,0.013182047768618723,0.0
2021-05-27,131216650.87828949,0.005983276366535527,0.0
2021-05-28,135106448.6608171,0.029644086756455877,0.0
2021-05-31,138964470.87601545,0.028555426135756706,0.0
2021-06-01,138743864.12003094,-0.0015875047383970612,-0.001587504738397083
2021-06-02,141910627.3816002,0.022824528361337925,0.0
2021-06-03,147356316.81214964,0.03837407762214937,0.0
2021-06-04,147670603.52765137,0.0021328350375530865,0.0
2021-06-07,141669276.37404305,-0.040639958192387096,-0.04063995819238708
2021-06-08,136408070.93807018,-0.03713723660225344,-0.07626793905174412
2021-06-09,141827867.1273749,0.039732225168445635,-0.03956600881083572
2021-06-10,139997883.66777545,-0.012902848337667918,-0.051958342937490576
2021-06-11,142355269.16145045,0.016838722357183845,-0.03599453269117048
2021-06-14,143792992.95764422,0.010099547453794648,-0.026258513728367516
2021-06-15,143819879.411026,0.0001869802751076786,-0.02607644327738068
2021-06-16,144616076.8810962,0.005536073826030286,-0.020684730566454257
2021-06-17,148290643.0604865,0.025409112587195415,0.0
2021-06-18,148639496.06668687,0.002352495066449196,0.0
2021-06-21,146209452.16776463,-0.016348574660344648,-0.016348574660344672
2021-06-22,145327091.45704812,-0.006034908808112293,-0.0222848213112391
2021-06-23,144126846.99485257,-0.008258917522960827,-0.030359690332976474
2021-06-24,142115236.22532833,-0.013957224566191268,-0.04389317788343039
2021-06-25,146538906.48249412,0.03112734689581008,-0.014132109161957396
2021-06-28,148021593.42786467,0.010118042920892686,-0.004157055528128062
2021-06-29,147442760.56610513,-0.003910462307255366,-0.008051261826431566
2021-06-30,146049078.24989665,-0.009452361790144536,-0.017427520176925504
2021-07-01,150690843.2134319,0.03178222703735916,0.0
2021-07-02,155156212.939588,0.029632654718319957,0.0
2021-07-05,152787461.47087765,-0.01526688118917072,-0.015266881189170745
2021-07-06,146237094.0423661,-0.04287241482678934,-0.05748476795250668
2021-07-07,148053178.62886563,0.012418768291261364,-0.04577988967472435
2021-07-08,146714592.15735662,-0.009041254526959735,-0.054407236566918815
2021-07-09,141391656.02947664,-0.03628089101165165,-0.08871418455844093
2021-07-12,134943953.13273573,-0.04560172133068961,-0.1302703863668171
2021-07-13,137861298.80792898,0.021618943327706162,-0.11146775113925356
2021-07-14,134998509.41231716,-0.02076572192751728,-0.12991876474272746
2021-07-15,137388375.99214995,0.0177029108709162,-0.1145157941845113
2021-07-16,137802190.66373467,0.00301200642773716,-0.11184871006493524
2021-07-19,133516796.41308422,-0.031098157656344397,-0.13946857890202158
2021-07-20,136324260.80872905,0.021027050311774154,-0.12137414141573188
2021-07-21,137155169.72844744,0.006095092060570193,-0.11601883592086315
2021-07-22,138625712.31686163,0.010721743783524232,-0.10654101637014524
2021-07-23,137767603.26136035,-0.006190114670356913,-0.11207162993207453
2021-07-26,137313536.63214242,-0.0032958882819243665,-0.11499814264216957
2021-07-27,136294981.430801,-0.007417733359166837,-0.12156285044241744
2021-07-28,134318089.1611172,-0.014504512557474508,-0.13430415310912747
2021-07-29,137649299.42539376,0.024800905708840987,-0.11283411203785165
2021-07-30,138168283.04506925,0.0037703324451482416,-0.10948920170623921
2021-08-02,138087709.01154134,-0.0005831586797791226,-0.11000851080770135
2021-08-03,142471549.07106334,0.03174677957149396,-0.08175414717980778
2021-08-04,141851273.71678048,-0.0043536787402618125,-0.0857518946275646
2021-08-05,142433064.67485094,0.004101415114763494,-0.08200218362954625
2021-08-06,141971170.389828,-0.0032428866575142912,-0.08497914649988125
2021-08-09,145035356.38592824,0.02158315654992861,-0.06523010817233887
2021-08-10,145068838.71976912,0.00023085635582390565,-0.06501431060157759
2021-08-11,143554692.8727255,-0.010437429984316092,-0.07477315827101116
2021-08-12,142351683.03950372,-0.008380149817103805,-0.08252669781950583
2021-08-13,145827358.28487232,0.024416116277347227,-0.06012556299210525
2021-08-16,146793700.01921046,0.006626614825253814,-0.053897377113951594
2021-08-17,147282584.77744442,0.003330420570978084,-0.05074645747643558
2021-08-18,146913640.44372383,-0.002505009905129643,-0.053124347002936556
2021-08-19,146384571.34855402,-0.0036012251386043055,-0.056534259407641896
2021-08-20,144023330.84060544,-0.016130391927208398,-0.07175273157329054
2021-08-23,143339739.45837802,-0.00474639336722444,-0.07615855825129536
2021-08-24,142562394.8518095,-0.005423092085319683,-0.08116863546213304
2021-08-25,143179634.677602,0.0043296117916235815,-0.07719045235171629
2021-08-26,143877643.1656949,0.004875054260786509,-0.07269170573455908
2021-08-27,145257837.49858993,0.00959283390057729,-0.06379619129304304
2021-08-30,148074356.23145422,0.01938978840223772,-0.04564339754084612
2021-08-31,148251307.26414138,0.0011950147020093485,-0.044502927369947765
2021-09-01,149540873.23012286,0.008698513286522635,-0.03619152338844178
2021-09-06,151469861.37455344,0.01289940404094157,-0.023758968430544813
2021-09-07,149444288.29463845,-0.01337277965090472,-0.03681402463189509
2021-09-08,150041785.5508731,0.003998127081689759,-0.032963084699072165
2021-09-09,151208563.3717267,0.007776352544524897,-0.02544306472212221
2021-09-10,152580583.50873286,0.0090736933571231,-0.016600233932353103
2021-09-13,154899021.34094363,0.015194841826503337,-0.0016576300347348472
2021-09-14,157058519.90954423,0.01394133126152803,0.0
2021-09-15,159668682.2942251,0.016619043565316644,0.0
2021-09-16,156829621.3341574,-0.017780950649020123,-0.017780950649020077
2021-09-17,160807355.5875374,0.025363411704633455,0.0
2021-09-20,160960871.400805,0.0009546566617347329,0.0
2021-09-21,162773115.19502997,0.011258908941368431,0.0
2021-09-22,161856408.62023115,-0.00563180580343659,-0.005631805803436585
2021-09-23,160148180.52710038,-0.010553972546980437,-0.01612634042657768
2021-09-24,159358854.85721356,-0.0049287208089963735,-0.020975579005940603
2021-09-27,156257707.11214557,-0.01946015329895932,-0.0400275443219098
2021-09-28,158899366.97459775,0.016905789232887374,-0.023798452316838747
2021-09-29,158850440.0421632,-0.0003079114370693529,-0.024099035938255242
2021-09-30,160171659.29601794,0.008317378620443634,-0.015982098124097677
2021-10-01,161304398.82217944,0.007072034660439165,-0.009023089415538754
2021-10-04,163340441.31501293,0.01262236186799847,0.0
2021-10-05,165213493.91467756,0.011467169946310612,0.0
2021-10-06,168180878.33948213,0.017960908364646273,0.0
2021-10-07,169801964.9412468,0.009638947172653175,0.0
2021-10-08,167434015.65599954,-0.013945358559699828,-0.013945358559699805
2021-10-11,169311406.85431743,0.011212722761037203,-0.0028890012379958474
2021-10-12,171235542.5386973,0.011364477563141873,0.0
2021-10-13,174625811.5962061,0.01979886305871711,0.0
2021-10-14,176475463.9153283,0.010592090036490233,0.0
2021-10-15,177797132.80974898,0.007489250148988479,0.0
2021-10-18,175055794.19099334,-0.015418351102933677,-0.015418351102933658
2021-10-19,180087492.3088333,0.028743396590176072,0.0
2021-10-20,183936929.37921268,0.021375371609805915,0.0
2021-10-21,185832213.10357895,0.01030398697402888,0.0
2021-10-22,184762971.23299432,-0.005753802598200045,-0.00575380259820002
2021-10-25,181544132.3317942,-0.017421450194914957,-0.023075013207719097
2021-10-26,183768551.9575119,0.012252776210096945,-0.011104969970501366
2021-10-27,185008643.6391574,0.006748116957096268,-0.00443179064957111
2021-10-28,189222569.89381874,0.022776915563362556,0.0
2021-10-29,190786454.84603506,0.00826479078628883,0.0
2021-11-01,192030535.32778352,0.006520800875263584,0.0
2021-11-02,191527750.54973507,-0.0026182543166389403,-0.0026182543166389793
2021-11-03,184444525.28128457,-0.03698276227919859,-0.03950418631885877
2021-11-04,185249411.1742932,0.0043638372664146,-0.03531273889288178
2021-11-05,187887214.9398809,0.014239201889316244,-0.02157636222192605
2021-11-08,192140492.07305092,0.02263739517630802,0.0
2021-11-09,194607547.2432749,0.012839850380345744,0.0
2021-11-10,197562541.5547917,0.015184376728322947,0.0
2021-11-11,197620975.28851488,0.00029577334480173956,0.0
2021-11-12,200800234.41376004,0.016087660333644362,0.0
2021-11-15,205007937.29042184,0.020954671138439022,0.0
2021-11-16,204095648.51853016,-0.004450016833247296,-0.004450016833247306
2021-11-17,209695689.05419266,0.0274383142233141,0.0
2021-11-18,215519595.3977198,0.027773133390558345,0.0
2021-11-19,214127807.20836234,-0.0064578266620678,-0.006457826662067845
2021-11-22,212148178.24695385,-0.009245081184071385,-0.015643204714375747
2021-11-23,207849980.56661478,-0.02026035630311044,-0.035586624116250354
2021-11-24,208483144.40473393,0.0030462540164454027,-0.032648775996450885
2021-11-25,210281856.00115788,0.008627611606490674,-0.024302845348684876
2021-11-26,207649927.65026385,-0.012516193270043906,-0.03651485950933264
2021-11-29,210247248.93296972,0.012508173309265166,-0.024463420391173663
2021-11-30,207749180.99511284,-0.011881572532030172,-0.03605432901944461
2021-12-01,206994214.1804204,-0.003634030281496983,-0.039557336777505836
2021-12-02,205700547.36954105,-0.006249772806460007,-0.04555988521627785
2021-12-03,201209165.39238662,-0.02183456502468934,-0.06639966996469493
2021-12-06,197197565.7402544,-0.019937459828477597,-0.08501328904062733
2021-12-07,201310511.05629748,0.020856978130554548,-0.06592943122039963
2021-12-08,204349258.1314261,0.015094825695806884,-0.05182979879708838
2021-12-09,205902985.78285936,0.007603294798525708,-0.04462058123816515
2021-12-10,206961940.0680955,0.005142976830617208,-0.0397070870230245
2021-12-13,210820908.84361374,0.01864578953139183,-0.021801667479168674
2021-12-14,212063208.91104597,0.005892679593530065,-0.01603745812669799
2021-12-15,212153204.37762046,0.0004243803865678578,-0.015619883722809536
2021-12-16,215437205.96071064,0.015479387137819765,-0.00038228281218288807
2021-12-17,211799039.8302641,-0.016887362209432138,-0.017263189273299284
2021-12-20,213253709.29320383,0.006868158911888894,-0.010513596688665361
2021-12-21,216092053.22335073,0.01330970485603346,0.0
2021-12-22,219658226.9804506,0.01650303055528795,0.0
2021-12-23,217821652.64969343,-0.008361054152188092,-0.00836105415218813
2021-12-24,212662350.59647453,-0.02368590078377666,-0.03184891583686822
2021-12-27,216702345.9427483,0.01899722886981366,-0.013456728110463057
2021-12-28,211864650.57108265,-0.02232414859479072,-0.03548046670731608
2021-12-29,214949943.23242956,0.01456256460447972,-0.021434588691458756
2021-12-30,214805469.19709256,-0.0006721287438572547,-0.022092310632143675
2021-12-31,210423551.37892795,-0.020399470435010354,-0.042041109629572526
2022-01-04,210452657.38823754,0.0001383210630124579,-0.041908603737534245
2022-01-05,216905458.57348508,0.03066153340769455,-0.012532052383407932
2022-01-06,215541944.2662413,-0.006286214815482947,-0.018739488025529938
2022-01-07,219677103.7801184,0.019184941139666394,0.0
2022-01-10,220529482.05414343,0.003880141623126071,0.0
2022-01-11,221790406.01052332,0.005717711503400321,0.0
2022-01-12,216814986.49286193,-0.022432978987492018,-0.02243297898749197
2022-01-13,210486241.81462792,-0.029189608986933974,-0.05096777808936903
2022-01-14,208472631.52368578,-0.00956646987272208,-0.06004666624851951
2022-01-17,203307429.8588537,-0.02477640171316798,-0.08333532763717766
2022-01-18,197696183.35571003,-0.027599810331768393,-0.10863509873222421
2022-01-19,197181908.92653,-0.0026013371651930394,-0.1109538393776407
2022-01-20,200432315.01033372,0.016484301736904346,-0.09629853420790535
2022-01-21,201396360.75748557,0.0048098319230716275,-0.09195188204881188
2022-01-24,194154555.42910883,-0.035957975115037295,-0.12460345367735726
2022-01-25,196040017.53155902,0.009711140170175539,-0.11610235511153044
2022-01-26,196860597.8065977,0.004185779441213273,-0.11240255452141945
2022-01-27,193129079.43617123,-0.018955130747354745,-0.1292270801514841
2022-01-28,194614609.0665831,0.007691900332921267,-0.1225291816394024
2022-02-07,197261428.14470336,0.013600310330324229,-0.11059530620389468
2022-02-08,203053705.19445437,0.029363454904635603,-0.08447931158564159
2022-02-09,206669319.808155,0.017806198661768496,-0.06817736832877641
2022-02-10,207098712.39661476,0.002077679400398435,-0.06624133964212808
2022-02-11,208767666.63999268,0.00805873790360275,-0.0587164233330848
2022-02-14,208211256.54522282,-0.0026652120212147653,-0.0612251436369895
2022-02-15,208239618.66307864,0.00013621798516766031,-0.061097265617529595
2022-02-16,205530032.11134383,-0.01301186858260042,-0.07331414460915853
2022-02-17,207137900.31556347,0.007823032905228141,-0.06606465066962652
2022-02-18,211980001.4805699,0.023376220178102355,-0.04423277231156675
2022-02-21,213669887.09087938,0.007971910550554349,-0.036613481465283204
2022-02-22,216201933.28170127,0.011850271581530535,-0.025197089582661647
2022-02-23,219922899.3630556,0.017210605034257816,-0.008420141705223871
2022-02-24,225832850.78967664,0.02687283335995274,0.0
2022-02-25,225806495.86851498,-0.00011670100726929475,-0.00011670100726934862
2022-02-28,222971535.9862314,-0.012554819875219041,-0.012670055722362794
2022-03-01,225078082.805572,0.00944760419765282,-0.0033421531963371276
2022-03-02,226977951.81007558,0.00844093294567793,0.0
2022-03-03,227633663.26128778,0.0028888772939534933,0.0
2022-03-04,228330459.04996395,0.0030610401761024253,0.0
2022-03-07,223906890.24431568,-0.019373537915413592,-0.01937353791541363
2022-03-08,215946357.92144865,-0.035552868936641085,-0.054237621997708985
2022-03-09,215342551.82324323,-0.0027960929928026582,-0.05688206155569753
2022-03-10,219495311.14585292,0.019284434439220108,-0.03869456550331596
2022-03-11,218822720.02834672,-0.003064261892406779,-0.041640257113207624
2022-03-14,215188703.09102958,-0.01660712807539535,-0.05755586010563163
2022-03-15,218692981.4643607,0.016284676300357376,-0.04220846235628306
2022-03-16,224031244.05535668,0.024409848707768963,-0.018828915828818515
2022-03-17,228486921.00805813,0.019888640852257555,0.0
2022-03-18,230092286.51428396,0.007026071773137541,0.0
2022-03-21,232571782.72981137,0.010776094466658665,0.0
2022-03-22,233615193.93033087,0.004486404963974833,0.0
2022-03-23,236186842.54299936,0.011008053754566177,0.0
2022-03-24,236712143.0613721,0.002224088830338252,0.0
2022-03-25,240604837.32143015,0.016444843976799243,0.0
2022-03-28,241965324.9923906,0.0056544485393822145,0.0
2022-03-29,241545976.95613182,-0.0017330914513142522,-0.0017330914513142837
2022-03-30,239713963.18170643,-0.007584534412502788,-0.009304481172064505
2022-03-31,238362568.19918525,-0.0056375313502150925,-0.014889558217974663
2022-04-01,242894357.4122733,0.019012168090507785,0.0
2022-04-04,237991067.16523993,-0.020186925292425908,-0.02018692529242594
2022-04-05,239486127.77433258,0.006282003047007705,-0.014031736571614939
2022-04-06,237693591.71263433,-0.007484926489718695,-0.02141163654457201
2022-04-07,232664669.9131475,-0.0211571618875054,-0.042115788971427426
2022-04-08,232616598.4775035,-0.00020661252807289385,-0.04231369984986921
2022-04-12,228565669.79243746,-0.017414615773679677,-0.05899143879870061
2022-04-13,235741309.11149368,0.03139421298733303,-0.029449215605443224
2022-04-14,242466318.34855786,0.02852707173982645,-0.0017622437518748368
2022-04-15,243300426.0589408,0.0034400972310878472,0.0
2022-04-18,239421462.08367446,-0.015943103915184425,-0.015943103915184387
2022-04-19,241185021.5252163,0.007365920440856347,-0.008694619109347657
2022-04-20,235360541.305503,-0.02414942761735451,-0.032634076651860466
2022-04-21,232681771.08595124,-0.011381560412349116,-0.04364421034929522
2022-04-22,224235041.5862946,-0.036301638328756214,-0.07836149233880718
2022-04-25,214665287.34883717,-0.042677336110175275,-0.11769456870234418
2022-04-26,215880378.23499966,0.005660397641226141,-0.112700369120186
2022-04-27,219291880.61265984,0.01580274411946113,-0.09867860009609997
2022-04-28,220555254.11240736,0.0057611503728176765,-0.09348595197701504
2022-04-29,226204698.67537412,0.02561464511785101,-0.07026591634255974
2022-05-04,229568345.5434202,0.014869924841275015,-0.0564408403962019
2022-05-05,227543480.9835381,-0.00882031255262553,-0.06476332709580013
2022-05-06,224339802.31872326,-0.014079413090487984,-0.07793091055099188
2022-05-09,215032054.58581206,-0.04148950670682828,-0.11618710222184558
2022-05-10,216788254.72680825,0.008167155098708074,-0.10896886520745275
2022-05-11,219294338.16835505,0.011560051741294326,-0.09866849918614673
2022-05-12,210585329.6823919,-0.039713786314342144,-0.13446378580785334
2022-05-13,203229241.47452474,-0.034931627093690444,-0.16469837407809806
2022-05-16,201457865.20588857,-0.00871614860038836,-0.1719789871757793
2022-05-17,208910166.30455738,0.03699185976706649,-0.14134894998520142
2022-05-18,208598268.62822247,-0.0014929750995469552,-0.14263089462207335
2022-05-19,207821559.70633876,-0.0037234677305400072,-0.14582328081911
2022-05-20,207388660.80072856,-0.002083031742336596,-0.14760255803872868
2022-05-23,204093028.9017663,-0.015891090121503314,-0.16114808260827418
2022-05-24,206329310.3862592,0.010957167408051261,-0.15195664171884826
2022-05-25,211045493.75008053,0.02285755404790714,-0.13257244482196817
2022-05-26,211699769.27814126,0.003100163459711324,-0.12988327761145846
2022-05-27,213900990.52216786,0.010397844322326736,-0.1208359393898093
2022-05-30,214301050.92215773,0.0018703064395038998,-0.11919163318586956
2022-05-31,213318691.76999393,-0.004584014627724032,-0.12322927162356734
2022-06-01,213553040.06971252,0.0010985830532434981,-0.12226606615979296
2022-06-02,210142872.40721267,-0.015968715132252977,-0.1362823493111991
2022-06-03,208234207.3023005,-0.009082702082864701,-0.14412723941611727
2022-06-06,207024225.37555823,-0.00581067799771108,-0.14910044043488224
2022-06-07,205426682.35503688,-0.00771669604184377,-0.15566657369818493
2022-06-08,209359152.10140538,0.019142935578213005,-0.13950355331195752
2022-06-09,211649138.28241497,0.010938075350536435,-0.1300913783392148
2022-06-10,207008395.1988657,-0.021926586241786936,-0.14916550475453405
2022-06-13,199398426.4876063,-0.03676164294664858,-0.1804435786754398
2022-06-14,199748577.67589676,0.0017560378708015563,-0.1790044065623353
2022-06-15,200448983.2445948,0.003506435824712083,-0.17612563820157467
2022-06-16,205216821.8562783,0.023785795939237096,-0.15652913075226815
2022-06-17,204169505.95455384,-0.005103460292635931,-0.16083375084146911
2022-06-20,199868844.83449674,-0.021064169695421565,-0.1785100911164148
2022-06-21,195725189.43950313,-0.020731872435770547,-0.1955411151146621
2022-06-22,200336948.778481,0.023562421128238715,-0.1765861160886404
2022-06-23,203752528.12338406,0.017049173234038657,-0.16254759013852305
2022-06-24,203849515.70456707,0.00047600676210645423,-0.16214895712848665
2022-06-27,205906608.88368547,0.010091234075334658,-0.15369400613460693
2022-06-28,209613326.7689516,0.018001937409206772,-0.13845885860400564
2022-06-29,210972756.41955513,0.0064854161305401056,-0.13287140578847212
2022-06-30,206841823.24961263,-0.01958041047597367,-0.14985013959858784
2022-07-01,207844975.30895337,0.00484985117410303,-0.14572703929995645
2022-07-04,206916065.54187807,-0.004469243317980203,-0.1495449930212963
2022-07-05,206646408.2496809,-0.001303220663368894,-0.15065332355965655
2022-07-06,202726969.0516295,-0.01896688759920629,-0.16676278650445997
2022-07-07,204158879.14712936,0.00706324423532999,-0.1608774285595751
2022-07-08,205484144.78895295,0.006491344620228457,-0.15543039476974307
2022-07-11,205493644.2239806,4.622952801256537e-05,-0.15539135071551946
2022-07-12,207444758.448512,0.009494766769549032,-0.14737198857901956
2022-07-13,210059321.36306038,0.012603658603393126,-0.1366257562073795
2022-07-14,210013894.1741422,-0.00021625885784739012,-0.136812468535237
2022-07-15,211686018.8560465,0.007961971699442755,-0.1299397938384027
2022-07-18,210819809.5048453,-0.004091953525708552,-0.1335000397665843
2022-07-19,209745184.62899125,-0.005097361952740721,-0.13791690369592946
2022-07-20,211604287.6041088,0.00886362649233663,-0.13027572112493313
2022-07-21,212584353.49147257,0.004631597490110268,-0.1262475083378074
2022-07-22,212039544.95954913,-0.0025627875381021258,-0.12848675033482493
2022-07-25,209975427.62441438,-0.009734586704232539,-0.13697057162757809
2022-07-26,209556772.27507532,-0.001993830202303109,-0.13869130576734334
2022-07-27,209005551.83561987,-0.0026304110025701694,-0.14095690163326235
2022-07-28,210916575.2632848,0.009143409880173568,-0.13310231848016096
2022-07-29,211545326.05593258,0.002981040213946753,-0.1305180616301731
2022-08-01,214401942.51818615,0.013503566897518129,-0.11877695410921241
2022-08-02,215020970.87254983,0.0028872329564419512,-0.11623265788914039
2022-08-03,218112799.603094,0.014379196215130154,-0.1035247938684043
2022-08-04,218847232.30443835,0.0033672150496477458,-0.10050616906268195
2022-08-05,219721145.6608077,0.003993257521089623,-0.09691425855711777
2022-08-08,219563850.4048159,-0.0007158858357429543,-0.09756076484787812
2022-08-09,220323683.77078786,0.003460648756938025,-0.09443773963053681
2022-08-10,223529377.7599985,0.014549929151264808,-0.0812618729001019
2022-08-11,221392709.34994698,-0.009558781183320103,-0.09004388962182319
2022-08-12,225568884.28970736,0.018863199931119987,-0.07287920558321537
2022-08-15,224643572.70824677,-0.004102124210856048,-0.0766823702403806
2022-08-16,224816858.96879646,0.0007713831224307842,-0.07597013860414115
2022-08-17,223997013.80273664,-0.0036467245820457467,-0.07933982101423775
2022-08-18,222305476.58056822,-0.007551606128365939,-0.08629228406400913
2022-08-19,225124730.46558824,0.012681891280344864,-0.07470474214849665
2022-08-22,227174576.5700929,0.009105379494581902,-0.06627957768122172
2022-08-23,230053439.35384732,0.012672469020168673,-0.054447034555888174
2022-08-24,231549890.5215457,0.00650479806735981,-0.048296403453681025
2022-08-25,232326266.74460548,0.0033529543948867973,-0.04510538469701142
2022-08-26,234781572.0440663,0.0105683499927278,-0.03501372419631832
2022-08-29,232734659.41967708,-0.008718370043135432,-0.043426831635321905
2022-08-30,232004181.9371342,-0.00313867081235049,-0.046429199918745834
2022-08-31,233246250.56338727,0.005353647576014944,-0.04132411791633217
2022-09-05,235118236.1013626,0.008025790483035346,-0.03362998614558954
2022-09-06,234617092.93652326,-0.0021314517034028697,-0.035689757157737034
2022-09-07,231789324.24443966,-0.012052696829078276,-0.047312296163889656
2022-09-08,229563345.423387,-0.00960345705441207,-0.056461391613946144
2022-09-09,232949688.50711066,0.01475123599317732,-0.042543030932969406
2022-09-12,233577708.49534804,0.0026959468899148626,-0.039961777794985776
2022-09-13,234321085.0308308,0.0031825662657255214,-0.036906392535189014
2022-09-14,234736486.87666303,0.001772789016308849,-0.035199030766198125
2022-09-15,233752598.27059573,-0.004191460045937647,-0.03924295548102352
2022-09-16,229434935.25636035,-0.01847108030532855,-0.05698917600424369
2022-09-19,224215558.34704703,-0.02274883248918227,-0.07844157127480889
2022-09-20,227924262.0138725,0.016540795358567575,-0.06319826189430233
2022-09-21,225132404.46254137,-0.012249058203207904,-0.07467320090922536
2022-09-22,227319274.14598244,0.009713704647102167,-0.06568484968080912
2022-09-23,224762037.10703245,-0.011249538995570437,-0.07619546439847713
2022-09-26,218816057.4536279,-0.026454554914774324,-0.10063430221606529
2022-09-27,216546151.36065227,-0.010373580985740458,-0.10996394511782381
2022-09-28,212399974.33304438,-0.019146851613643007,-0.12700533339144515
2022-09-29,204418593.47508672,-0.037577127224332006,-0.15980996504475808
2022-09-30,209926633.28565532,0.026944906120978114,-0.13717112342910776
2022-10-03,202508126.4992543,-0.03533856886232431,-0.1676622611002102
2022-10-04,200467955.1210128,-0.010074516087377817,-0.17604766104088776
2022-10-05,205687471.3687122,0.0260366612935649,-0.1545946930693688
2022-10-06,198383744.3398232,-0.035508857103875094,-0.18461406930802626
2022-10-07,191993817.59495857,-0.03220993114193334,-0.21087759398971595
2022-10-10,198392083.97333312,0.03332537713205279,-0.18457979220607035
2022-10-11,193679600.22050118,-0.02375338601446096,-0.20394878316579157
2022-10-12,198589079.25611654,0.025348457091123638,-0.18377011305353286
2022-10-13,199898583.03600264,0.006594037218921061,-0.1783878627998121
2022-10-14,201783582.35000908,0.009429778267447503,-0.17064024252417065
2022-10-17,201130378.17815822,-0.003237152221422194,-0.1733250063054418
2022-10-18,201763750.51866132,0.0031490635389849714,-0.17072175422420754
2022-10-19,201503711.67640367,-0.0012888283529087028,-0.17179055153981382
2022-10-20,200795594.10716856,-0.00351416638107534,-0.1747010173400816
2022-10-21,196629601.80741483,-0.02074742883815595,-0.19182384925302065
2022-10-24,193411125.0928474,-0.01636822067981249,-0.20505225483660872
2022-10-25,191318814.69959468,-0.01081794230941117,-0.21365195368278267
2022-10-26,192407702.61689174,0.00569148371009311,-0.20917646658670475
2022-10-27,198942294.38674793,0.03396221503079526,-0.18231834769350908
2022-10-28,201137602.7861197,0.011034900377212139,-0.1732953121200328
2022-10-31,200645888.1863458,-0.0024446676949649235,-0.17531633036376904
2022-11-01,204637246.1060653,0.019892547790526485,-0.15891127105346348
2022-11-02,203779402.5465732,-0.00419202064050199,-0.162437132365701
2022-11-03,204064987.63133153,0.001401442349861987,-0.16126333629232636
2022-11-04,198053110.18470174,-0.02946060231307777,-0.1859730235872158
2022-11-07,194149661.92250642,-0.01970909852693055,-0.20201676146891479
2022-11-08,195104748.3872438,0.004919331073152226,-0.19809121772775418
2022-11-09,196915921.7420429,0.009283081881760642,-0.1906470328402179
2022-11-10,188424070.44987354,-0.04312424925849098,-0.22554977193411563
2022-11-11,189820793.35736927,0.007412656483648714,-0.21980903842977983
2022-11-14,186259797.3056132,-0.018759778572055148,-0.2344452481127559
2022-11-15,177588651.56972632,-0.04655403829125479,-0.2700849133461668
2022-11-16,184348307.19115397,0.03806355621081803,-0.24230174941619442
2022-11-17,186805591.09710753,0.01332957130658952,-0.2322019565561595
2022-11-18,185577539.66965854,-0.006573954345994963,-0.23724942584070352
2022-11-21,185092810.4631725,-0.0026120036258099953,-0.23924173310599628
2022-11-22,185968021.61738464,0.004728498919120826,-0.2356444884632758
2022-11-23,186632036.2392233,0.0035705849643591935,-0.23291529216635765
2022-11-24,188126227.17244005,0.00800607957414937,-0.22677395095532837
2022-11-25,191934314.27435416,0.020242191421951727,-0.21112216125812677
2022-11-28,198800817.82545355,0.03577527852202756,-0.18289983685728106
2022-11-29,200193440.2689951,0.007005114258454783,-0.17717595685386434
2022-11-30,201753422.4616009,0.007792374168252881,-0.1707642040350349
2022-12-01,207520170.71314985,0.02858314957530157,-0.14706203324577405
2022-12-02,213094663.14647883,0.026862412526801906,-0.12415006172305043
2022-12-05,214812747.47560084,0.008062540392862938,-0.11708848621760604
2022-12-06,205502187.18370232,-0.04334268054998013,-0.15535623791337572
2022-12-07,201518872.97168708,-0.019383317844955495,-0.17172823641965973
2022-12-08,205371389.81246907,0.019117399695477932,-0.15589383405881596
2022-12-09,209515026.87997442,0.020176311176006757,-0.13886288538920066
2022-12-12,206732461.73717013,-0.013280981246268088,-0.15029963125881207
2022-12-13,212405047.0218454,0.02743925766185248,-0.1269844839055515
2022-12-14,213930677.86684468,0.007182648747712551,-0.1207139201021421
2022-12-15,213338240.77127865,-0.0027692947148738557,-0.12314892239606545
2022-12-16,214196627.85396695,0.004023596892826093,-0.11962082712474698
2022-12-19,209992288.33914483,-0.019628411319754867,-0.13690127164728805
2022-12-20,203129076.4821264,-0.032683161421309365,-0.16511006670856654
2022-12-21,206230374.79088238,0.015267623731991177,-0.15236328134944577
2022-12-22,209080715.8057769,0.013821150341140395,-0.14064796682630554
2022-12-23,214542039.16780388,0.026120645995397408,-0.11820113658235043
2022-12-26,211822451.57708862,-0.01267624564987068,-0.12937903558880937
2022-12-27,213534894.9924429,0.00808433384943178,-0.12234064505619502
2022-12-28,213292808.34633133,-0.0011337100014503264,-0.12333565624476128
2022-12-29,211667442.36114883,-0.007620350624027265,-0.13001614592375887
2022-12-30,212336603.85019124,0.0031613812761089265,-0.12726579525696524
2023-01-03,219906637.64991796,0.03565110142322692,-0.09615185960815198
2023-01-04,217190575.92784977,-0.01235097653756157,-0.10731526678365033
2023-01-05,219011957.7316311,0.008386099608605438,-0.09982912369181662
2023-01-06,217589161.11455467,-0.006496433490722308,-0.10567702392003797
2023-01-09,216525536.3492555,-0.004888224945815211,-0.11004867580132782
2023-01-10,216328728.50674427,-0.0009089359427508161,-0.11085758454719064
2023-01-11,218081588.132919,0.008102759343496538,-0.10365307753268127
2023-01-12,216580059.4727707,-0.006885169321277836,-0.10982457786447508
2023-01-13,216548494.8880904,-0.00014574095490197913,-0.10995431288052737
2023-01-16,216402589.33969915,-0.000673777707236686,-0.11055400582293062
2023-01-17,218269727.44039035,0.008628076523429435,-0.10287979772171307
2023-01-18,223352223.73287284,0.023285392583222653,-0.08199000161732306
2023-01-19,224052981.1570057,0.003137454431485549,-0.07910978707974936
2023-01-27,223956327.73278904,-0.0004313864681359796,-0.07950704665624198
2023-01-30,224874960.50133207,0.004101838862258409,-0.07573133288778156
2023-01-31,226776834.99201664,0.008457475596413959,-0.06791435319114991
2023-02-01,223040396.76656035,-0.01647627821240134,-0.08327165562575856
2023-02-02,219882200.36287344,-0.014159750652669247,-0.0962523003983321
2023-02-03,219858735.54733187,-0.00010671539352817662,-0.09634874418974526
2023-02-06,221593485.83443865,0.007890295024158,-0.08921866918245147
2023-02-07,214549401.1840879,-0.0317883200574482,-0.11817087762882839
2023-02-08,211976801.35243043,-0.01199071084542494,-0.12874463565025596
2023-02-09,210780244.67836082,-0.005644752946716233,-0.1336626569355115
2023-02-10,206648484.71201435,-0.019602216387267758,-0.1506447889986322
2023-02-13,200525303.238202,-0.029630904297922228,-0.17581195197075528
2023-02-14,199893768.55254394,-0.003149401474326029,-0.17840765102434042
2023-02-15,199542635.71655566,-0.0017565972092621017,-0.17985085785170218
2023-02-16,202531769.73668927,0.0149799265174566,-0.16756508396896563
2023-02-17,203358483.67468977,0.004081897566368514,-0.1641671699110584
2023-02-20,206649772.8856205,0.0161846663658044,-0.1506394944184828
2023-02-21,209592490.17656857,0.014240118679331145,-0.13854450001746532
2023-02-22,203638869.4363184,-0.0284056968607731,-0.16301474380901493
2023-02-23,206467571.5903431,0.013890777148069354,-0.15138836813904621
2023-02-24,204454996.52101052,-0.009747656999258773,-0.15966034325200795
2023-02-27,201867661.5861075,-0.012654789459435597,-0.17029466468256826
2023-02-28,199584025.98847932,-0.011312538024591333,-0.179680737837553
2023-03-01,203655666.32613838,0.020400632352681823,-0.1629457061583537
2023-03-02,204245272.84629586,0.0028951147335781868,-0.1605223379394478
2023-03-03,204220168.11992806,-0.00012291460173324996,-0.1606255220019439
2023-03-06,205569861.21083963,0.006609009792406798,-0.15507808785735844
2023-03-07,208994112.25245434,0.016657359310578507,-0.14100391997741746
2023-03-08,212929515.22676805,0.018830209769545747,-0.12482884359937474
2023-03-09,213320034.93563396,0.0018340327711262139,-0.1232237510181915
2023-03-10,213711612.8360651,0.0018356358349055624,-0.12161430911636639
2023-03-13,213381856.4224193,-0.0015429971692682651,-0.12296965575092567
2023-03-14,211808848.16476673,-0.0073717994773585165,-0.12943494758428853
2023-03-15,215188942.1381067,0.015958228386713052,-0.11554227165234776
2023-03-16,215382858.06632715,0.00090114262514473,-0.11474524909319506
2023-03-17,216953445.92068136,0.00729207453394708,-0.10828990546805184
2023-03-20,212568800.22339398,-0.020210076307755058,-0.12631143452293803
2023-03-21,213195045.84851027,0.0029460843945967197,-0.12373747427444848
2023-03-22,214914640.1999371,0.008065826973525125,-0.11666969235856206
2023-03-23,216160219.7120245,0.00579569409942771,-0.11155018010671891
2023-03-24,218626552.91502792,0.01140974600363163,-0.10141319332476428
2023-03-27,221006118.38121542,0.010884155810261328,-0.09163283451186588
2023-03-28,219697438.0613158,-0.005921466471087757,-0.0970117002257409
2023-03-29,218294853.64579576,-0.006384163729431347,-0.10277652537726056
2023-03-30,214400416.9786036,-0.01784025872415323,-0.11878322429791399
2023-03-31,215856549.67081186,0.006791650467515542,-0.11279830797123436
2023-04-03,222087572.2840859,0.028866497786500092,-0.08718790229210682
2023-04-04,227608734.62985277,0.024860294022685848,-0.06449512515562394
2023-04-05,230482880.31390458,0.01262757199861364,-0.05268196999347263
2023-04-06,229435260.82468358,-0.004545324528200135,-0.05698783787126749
2023-04-07,232653714.39191848,0.014027719870374211,-0.043759527426569744
2023-04-10,231356115.65211266,-0.005577382433791443,-0.04909284624078125
2023-04-11,235081738.2678962,0.01610341099167534,-0.033779997528872285
2023-04-12,234594434.05195135,-0.0020729139555261014,-0.03578288845610311
2023-04-13,232684374.23660558,-0.008141965614251437,-0.04363351102296642
2023-04-14,230606280.19833234,-0.008930956559034475,-0.05217477859053665
2023-04-17,233487275.56637812,0.012493134903212456,-0.04033347023480094
2023-04-18,236154283.71574995,0.011422498904500809,-0.02937168034987192
2023-04-19,240658659.89382425,0.019073870298690194,-0.010858041672629715
2023-04-20,238416456.35977706,-0.009316945149766977,-0.02007382304369898
2023-04-21,237257357.26578835,-0.004861657251710862,-0.024837888248039786
2023-04-24,233827091.25017875,-0.014457996393202784,-0.03893677854253774
2023-04-25,228736154.17401162,-0.021772229423664972,-0.05986126749075604
2023-04-26,231605194.00447208,0.012543009830784466,-0.048069098126591436
2023-04-27,231580179.8934416,-0.00010800323860615236,-0.04817190974692298
2023-04-28,234119259.67049503,0.010964149774051336,-0.03773592400623904
2023-05-04,232539134.54353768,-0.006749231691494592,-0.04423046720352286
2023-05-05,235366644.4183674,0.012159286136417277,-0.03260899197378064
2023-05-08,235510364.23486614,0.0006106210030478766,-0.03201828270612017
2023-05-09,234079635.97882372,-0.006075011860690795,-0.03789878311961237
2023-05-10,233790968.26355594,-0.0012332030253750569,-0.03908524925098622
2023-05-11,236895573.66927603,0.01327940693679928,-0.026324871244217007
2023-05-12,240218473.41003674,0.014026854488213152,-0.012667271894367449
2023-05-15,237507408.73620412,-0.011285829250962812,-0.02381014047765495
2023-05-16,239223375.36149555,0.0072248972544571655,-0.016757269041763
2023-05-17,236772148.14559373,-0.01024660408790621,-0.026832168028203762
2023-05-18,238427352.83731458,0.006990706908242604,-0.020029036942359024
2023-05-19,234842521.6254929,-0.01503531859562985,-0.03476321258639692
2023-05-22,236851539.5682138,0.008554745234445672,-0.026505857779158704
2023-05-23,237875193.85787535,0.004321923731328509,-0.02229849034358522
2023-05-24,239621619.0447525,0.007341770945316004,-0.015120429806798064
2023-05-25,241340405.96019423,0.007172920883740108,-0.008055966569790352
2023-05-26,239345550.9072118,-0.008265731737069522,-0.016255109848311133
2023-05-29,242850378.8201793,0.014643380249529835,-0.0018497593532880163
2023-05-30,248478791.27108645,0.02317646148320299,0.0
2023-05-31,246399454.17880666,-0.008368267897807292,-0.008368267897807313
2023-06-01,248944543.0671388,0.010329117395224477,0.0
2023-06-02,248649340.9146348,-0.0011858149163140438,-0.0011858149163140874
2023-06-05,245989753.30357164,-0.010696137786973788,-0.011869269063553123
2023-06-06,250437738.00301507,0.018081991789122412,0.0
2023-06-07,250387067.8634095,-0.00020232629478937289,-0.0002023262947893345
2023-06-08,247990041.00751132,-0.009573285379122661,-0.00977367474655233
2023-06-09,252196764.59201422,0.01696327629695214,0.0
2023-06-12,253767827.23240706,0.006229511480586962,0.0
2023-06-13,252311773.58654132,-0.00573773934129265,-0.005737739341292625
2023-06-14,248393642.71393916,-0.015528926046165147,-0.0211775644575547
2023-06-15,248949642.40327796,0.00223838131791125,-0.018986586604284095
2023-06-16,249289773.70345265,0.0013662654699607825,-0.01764626185199314
2023-06-19,249294268.09122813,1.802876912563261e-05,-0.017628551223248357
2023-06-20,252310728.8523428,0.012100000470170564,-0.005741856231167519
2023-06-21,259111305.00816348,0.026953178672796344,0.0
2023-06-22,259517080.0753329,0.0015660261027848385,0.0
2023-06-23,263450066.4555641,0.015155019388664245,0.0
2023-06-26,258586101.56205842,-0.018462568481933152,-0.018462568481933173
2023-06-27,256119346.73599872,-0.009539394465358376,-0.02782584122369869
2023-06-28,256000545.83361965,-0.0004638497789919896,-0.028276783992388754
2023-06-29,249480466.01080275,-0.02546900750381388,-0.05302560987251681
2023-06-30,251808123.79986054,0.009330020206700276,-0.044190319677399725
2023-07-03,252928496.38058525,0.0044493107045871115,-0.039937625435192414
2023-07-04,259336768.52915907,0.025336299548197976,-0.015613197528264178
2023-07-05,257699727.1886779,-0.006312415126346027,-0.02182705567036214
2023-07-06,255754159.92611098,-0.007549745138621951,-0.029212012101546336
2023-07-07,257700054.31644088,0.007608456460266683,-0.021825813963471052
2023-07-10,260885782.8176421,0.012362156886817419,-0.009733471213052569
2023-07-11,263687807.43251908,0.010740426651902252,0.0
2023-07-12,262843599.02464092,-0.0032015451002382947,-0.00320154510023829
2023-07-13,265123355.9138002,0.008673435067922543,0.0
2023-07-14,265497572.8815127,0.0014114824641634411,0.0
2023-07-17,263423394.92754784,-0.007812417761312385,-0.007812417761312362
2023-07-18,263540968.18136504,0.0004463280637983505,-0.007369576598806993
2023-07-19,264415070.86111894,0.003316762041916591,-0.004077257688818392
2023-07-20,265234536.01874107,0.0030991620672504846,-0.000990731703935488
2023-07-21,268560751.4451549,0.012540657322916683,0.0
2023-07-24,265747378.59227616,-0.01047574091798478,-0.010475740917984755
2023-07-25,265158234.3574555,-0.00221693338215223,-0.012669450280393124
2023-07-26,266297658.46898925,0.004297147755169171,-0.008426745025055582
2023-07-27,264660839.43107748,-0.0061465769069178,-0.014521526295601883
2023-07-28,271397699.97708625,0.025454693488052536,0.0
2023-07-31,272027276.21527535,0.0023197552456865164,0.0
2023-08-01,265148922.84257883,-0.025285528232298175,-0.025285528232298127
2023-08-02,270090027.69368917,0.018635206200871182,-0.007121523063933877
2023-08-03,271234389.9615796,0.004236966013377887,-0.002914730701741308
2023-08-04,272676101.4559502,0.005315371308832919,0.0
2023-08-07,273263443.12348247,0.0021539902631589735,0.0
2023-08-08,268774251.3184202,-0.016428073048299092,-0.016428073048299074
2023-08-09,271909553.34449726,0.01166518746009885,-0.004954522139916873
2023-08-10,268060825.0322258,-0.014154443140860553,-0.01903883677885776
2023-08-11,270840588.8140799,0.010369899374591252,-0.008866368225872612
2023-08-14,278331979.8100918,0.027659779609895997,0.0
2023-08-15,277153393.17913157,-0.004234463577503331,-0.004234463577503345
2023-08-16,281824984.2062395,0.01685561548975365,0.0
2023-08-17,281064601.53035873,-0.0026980669510987773,-0.0026980669510987543
2023-08-18,269982997.1692714,-0.03942725017931638,-0.04201893976973359
2023-08-21,270543404.3911817,0.0020757130181755074,-0.04003044601184813
2023-08-22,277437495.8122769,0.025482385854533527,-0.01556813142851754
2023-08-23,276513876.038661,-0.0033291093942141386,-0.018845412810142625
2023-08-24,285058110.5313442,0.03089983987454052,0.0
2023-08-25,286988711.2147312,0.006772656563914036,0.0
2023-08-28,289972754.7165484,0.01039777310120202,0.0
2023-08-29,289981597.4551339,3.0495067007849023e-05,0.0
2023-08-30,295009926.09526396,0.017340164632026447,0.0
2023-08-31,296769747.6363673,0.00596529603053114,0.0
2023-09-05,296269253.90135694,-0.0016864715456901681,-0.001686471545690127
2023-09-06,299411800.60175264,0.010607063200159193,0.0
2023-09-07,297989145.09755147,-0.004751501114324637,-0.004751501114324652
2023-09-08,297591362.28531384,-0.0013348902763132525,-0.00608004865800249
2023-09-11,295550766.69237185,-0.006857039052718174,-0.012895396579630347
2023-09-12,305216112.9800929,0.032702829351078454,0.0
2023-09-13,302860628.1675937,-0.007717432705306739,-0.0077174327053067815
2023-09-14,298710190.98496854,-0.013704116007870295,-0.0213157881201006
2023-09-15,298673798.4627125,-0.00012183220845601496,-0.021435023379014928
2023-09-18,295197981.37371373,-0.01163750254253631,-0.03282307578247867
2023-09-19,297862444.8115,0.0090260218765288,-0.02409331570601747
2023-09-20,301071587.7275512,0.010773909138099268,-0.013578985762170315
2023-09-21,291543705.5422003,-0.031646567041633177,-0.044795824520523664
2023-09-22,280992281.4763154,-0.0361915687607176,-0.0793661621179137
2023-09-25,270719925.0317948,-0.036557432789791566,-0.11302217177029594
2023-09-26,271989564.02830225,0.004689861658163331,-0.10886236846204045
2023-09-27,281529413.27120155,0.035074320873232534,-0.07760632123126554
2023-09-28,283436919.10744727,0.006775511709706106,-0.07135663205980913
2023-09-29,283027749.76665473,-0.001443599309790077,-0.07269722098480869
2023-10-02,283897704.9398098,0.0030737451499802167,-0.06984692856524755
2023-10-03,276502476.68990207,-0.0260489187521809,-0.09407641035014291
2023-10-04,281568568.6701983,0.01832204919443772,-0.07747803377417672
2023-10-05,278769461.5730666,-0.009941120595780445,-0.08664893589268408
2023-10-06,282403322.18742657,0.013035361168524284,-0.07474307489838927
2023-10-09,285599324.3996055,0.011317155150383854,-0.06427179872304722
2023-10-10,284972172.49092597,-0.0021959152389381884,-0.06632657853973545
2023-10-11,292161947.94910514,0.025229745751431613,-0.04277023550142378
2023-10-12,292509064.813606,0.0011880974471095336,-0.04163295326192573
2023-10-13,297686673.6632311,0.017700678277865853,-0.024669206495506635
2023-10-16,295838003.5019946,-0.0062101206563510486,-0.030726128403024244
2023-10-17,285004130.26920325,-0.036620965205771204,-0.06622187312964023
2023-10-18,281395103.04219794,-0.012663069912693418,-0.07804637083314347
2023-10-19,275632600.41762745,-0.020478332999655454,-0.09692644426146324
2023-10-20,280772134.44338375,0.018646321291346104,-0.08008744459144412
2023-10-23,280099739.4157182,-0.002394806838643528,-0.08229045747009056
2023-10-24,282300724.0530916,0.007857860353474775,-0.07507922403983935
2023-10-25,281613500.29683805,-0.002434367671420836,-0.0773308212754622
2023-10-26,271804977.75088674,-0.03482973130056804,-0.10946714084975362
2023-10-27,271927781.4556625,0.000451808152271229,-0.10906479084412413
2023-10-30,269861423.9939114,-0.007598920017254731,-0.11583493623905572
2023-10-31,266761032.68407515,-0.01148882735424308,-0.12599295600925853
2023-11-01,266975113.93724382,0.0008025207093204222,-0.12529154725636404
2023-11-02,273136451.3424686,0.023078321100269694,-0.10510474471482634
2023-11-03,275108582.03777194,0.007220313091168451,-0.0986433207878663
2023-11-06,276492270.97793454,0.005029610235760006,-0.09410984800803035
2023-11-07,273364696.9132888,-0.01131161480060093,-0.10435692845902134
2023-11-08,277503578.20245177,0.015140511323873857,-0.09079643439220597
2023-11-09,282183280.5724329,0.01686357487818427,-0.07546401198406683
2023-11-10,279840783.0579112,-0.008301333480033623,-0.08313889353487935
2023-11-13,278710741.7800597,-0.004038157932175552,-0.08684132348465479
2023-11-14,279005859.84925216,0.0010588686582641907,-0.08587440838207072
2023-11-15,283045652.84277564,0.014479240671526372,-0.07263856393703327
2023-11-16,282449061.0112562,-0.002107758326360221,-0.07459321772544036
2023-11-17,274122609.06244344,-0.029479481783375287,-0.10187373010571521
2023-11-20,274335012.493148,0.0007748482747594507,-0.10117781851497143
2023-11-21,275290869.3962148,0.0034842687208605154,-0.09804608050240748
2023-11-22,274639990.19338506,-0.0023643326938422174,-0.10017859964261477
2023-11-23,272097840.48757637,-0.009256298414585105,-0.10850761504415263
2023-11-24,271950094.86089927,-0.0005429871343791197,-0.10899168393958059
2023-11-27,273666965.40713847,0.006313182376778966,-0.10336658594106451
2023-11-28,277127462.8290169,0.012644921964659574,-0.09202872638938298
2023-11-29,278235253.48458755,0.0039974048196519405,-0.08839919764414639
2023-11-30,279004729.12333906,0.002765557667889597,-0.08587811305513682
2023-12-01,279642864.8662324,0.0022871861165164654,-0.08378734616651273
2023-12-04,283315510.31802833,0.013133342249060247,-0.07175441181079778
2023-12-05,279041345.3533522,-0.015086237106744671,-0.08575814484750977
2023-12-06,283177062.1370206,0.014821161281426984,-0.07220801886206363
2023-12-07,282238532.31791127,-0.003314286164375825,-0.07528298698856795
2023-12-08,279902492.85978925,-0.00827682683486576,-0.08293670957651789
2023-12-11,283985551.06337374,0.014587430650822415,-0.0695591124250503
2023-12-12,284719486.2164242,0.002584410193766156,-0.0671544715105048
2023-12-13,285687315.449874,0.0033992377771926707,-0.06398350774977801
2023-12-14,283724335.5517142,-0.0068710782453490545,-0.07041495030696643
2023-12-15,282212735.40621805,-0.005327707059589226,-0.07536750713870466
2023-12-18,281522586.7894336,-0.0024454906891110033,-0.07762868729084638
2023-12-19,278486116.77381283,-0.010785884181619548,-0.0875772774421757
2023-12-20,279632851.70694953,0.0041177454245163786,-0.08382015295113854
2023-12-21,283960875.10159636,0.015477521214791023,-0.06963995993187577
2023-12-22,283817129.9589892,-0.0005062146063457612,-0.07011092177331868
2023-12-25,286005960.6166078,0.0077121161007260635,-0.06293950924123737
2023-12-26,286043993.247278,0.00013297845467344214,-0.06281490038524074
2023-12-27,285952409.67846084,-0.0003201730187634702,-0.06311496176772446
2023-12-28,284175333.5611954,-0.006214586963137313,-0.0689373153122812
2023-12-29,282333029.67884433,-0.006482983090980739,-0.07497337895375478
2024-01-02,283647428.01420105,0.00465548907562055,-0.07066692762481586
2024-01-03,288698539.024974,0.01780770954327164,-0.05411763420300231
2024-01-04,287531863.3167473,-0.0040411555672117795,-0.05794009199147032
2024-01-05,286593333.497638,-0.003264089789156442,-0.06101506011797464
2024-01-08,288401438.074826,0.0063089554635537845,-0.0550910459513112
2024-01-09,290664994.79768455,0.007848631886056221,-0.04767480340514463
2024-01-10,285918967.9479741,-0.016328167941288923,-0.06322452914986643
2024-01-11,290464814.1729624,0.015899071886043968,-0.04833066859773738
2024-01-12,287226879.7176708,-0.011147424050348293,-0.058939330190589945
2024-01-15,282885809.769001,-0.015113731531452903,-0.07316226850889862
2024-01-16,286998228.77876925,0.01453738175529684,-0.05968847458099913
2024-01-17,286487711.3286978,-0.001778817424218263,-0.06136111710660774
2024-01-18,286681505.94974583,0.0006764500304366829,-0.06072617480570541
2024-01-19,288064526.7950232,0.004824241594153643,-0.056194890949903264
2024-01-22,290030194.67824626,0.0068237068447575926,-0.04975464156716092
2024-01-23,292910244.1069945,0.009930171001482517,-0.04031854266455781
2024-01-24,288377439.7401084,-0.015475062610751135,-0.05516967330320066
2024-01-25,290379090.2223686,0.00694107862273885,-0.048611531720450185
2024-01-26,291731030.92317355,0.0046557784163096935,-0.044182077824308275
2024-01-29,292464186.6283432,0.002513122114057013,-0.041779990667076494
2024-01-30,292954103.9351745,0.00167513606530524,-0.04017484177094588
2024-01-31,288743971.0881251,-0.014371305233467703,-0.05396878209061695
2024-02-01,290107759.47867835,0.004723175294063562,-0.04950051081477458
2024-02-02,288684180.12170064,-0.004907070943348304,-0.05416467923982282
2024-02-05,286185924.28030026,-0.00865394092723472,-0.06234988223257343
2024-02-06,286603163.6160676,0.0014579310174551781,-0.06098285304235984
2024-02-07,285336283.029923,-0.004420330083451816,-0.06513361878593382
2024-02-15,285974937.6348337,0.0022382523460701856,-0.06304115191491921
2024-02-16,283032544.8898847,-0.010288988151493803,-0.07268151040130388
2024-02-19,284965180.8345021,0.006828317023999105,-0.06634948577210797
2024-02-20,287467954.24329996,0.008782734092174525,-0.058149481570622386
2024-02-21,288289554.7016206,0.0028580592938900313,-0.055457616942970245
2024-02-22,287825234.5166426,-0.0016106035664683698,-0.05697890027380237
2024-02-23,285045978.5972168,-0.009656053695545877,-0.06608476264879126
2024-02-26,292631443.8098017,0.02661137424185004,-0.04123199475747208
2024-02-27,295646553.8579184,0.010303438375803458,-0.03135338769876361
2024-02-28,295056068.27532417,-0.001997268613108851,-0.03328803517470713
2024-02-29,293026734.0027784,-0.006877792022403459,-0.039936879014344506
2024-03-01,295773866.7682345,0.009375024346515881,-0.030936263880911974
2024-03-04,297363028.4247378,0.005372894075691181,-0.025729587074150517
2024-03-05,301161550.4375969,0.0127740224902253,-0.01328423490787467
2024-03-06,297954260.9674748,-0.01064973090177617,-0.023792492282646016
2024-03-07,297866534.7381141,-0.0002944285108588395,-0.024079915605432434
2024-03-08,296177103.13691634,-0.00567177377842441,-0.029615113549939287
2024-03-11,299129495.7889403,0.009968335231704739,-0.019941991698025352
2024-03-12,306241266.5297684,0.023774889607830644,0.0
2024-03-13,312477288.6408553,0.020363101882876808,0.0
2024-03-14,311374474.6935099,-0.003529261125319578,-0.003529261125319594
2024-03-15,317114228.10399234,0.018433602870409283,0.0
2024-03-18,305821345.4368265,-0.03561140329365008,-0.03561140329365009
2024-03-19,305971109.6860204,0.000489711563396362,-0.03513913104623534
2024-03-20,308700617.3324437,0.008920801866634695,-0.02653179840542985
2024-03-21,309762320.8187369,0.003439265834541025,-0.023183782478673587
2024-03-22,311651062.6489947,0.006097390493671454,-0.01722775255989495
2024-03-25,305555034.38354445,-0.01956042829963347,-0.036451198640816695
2024-03-26,311790224.7757242,0.020406112452898015,-0.01678891344642619
2024-03-27,310093745.9536315,-0.005441090474574555,-0.022138653923968965
2024-03-28,312805181.559175,0.008743922252301523,-0.01358831034034913
2024-03-29,312302905.8462665,-0.0016057141713731115,-0.015172205569243813
2024-04-01,311646411.35560983,-0.002102108172441528,-0.017242420124364277
2024-04-02,318207246.0093663,0.021052174562889735,0.0
2024-04-03,313721431.90496576,-0.014097146311584865,-0.014097146311584874
2024-04-04,312691815.1670189,-0.003281945806809798,-0.017332826048169325
2024-04-05,305659414.7952628,-0.022489876711355054,-0.03943288963864178
2024-04-08,305717190.8858583,0.00018902113855770951,-0.03925132214978011
2024-04-09,309289638.90951324,0.011685466601676112,-0.028024525562156954
2024-04-10,306507720.51357734,-0.008994541187167865,-0.0367669989999051
2024-04-11,312169621.7559217,0.01847229568265826,-0.018973874194137097
2024-04-12,316407783.9710311,0.013576472275778103,-0.005655000195319837
2024-04-15,302269071.2045023,-0.04468509778452012,-0.05008740374314058
2024-04-16,303727541.2210912,0.0048250719492309154,-0.04550400712072045
2024-04-17,295483208.7160114,-0.027143842379043725,-0.07141269590286448
2024-04-19,284333681.99168694,-0.03773319902939142,-0.10645126546452777
2024-04-22,290977409.703995,0.02336595392346902,-0.08557264690499788
2024-04-23,282983606.5226928,-0.027472246692394824,-0.11069402073149737
2024-04-24,292044414.9281972,0.03201884560326221,-0.08221946988724127
2024-04-25,291281906.33255565,-0.00261093366852787,-0.08461573397363209
2024-04-26,291095538.9513624,-0.0006398179122753514,-0.08520141322365071
2024-05-02,294046349.897434,0.01013691572430679,-0.07592817704478394
2024-05-03,293846401.6767359,-0.0006799887866925128,-0.07655653552249198
2024-05-06,301583131.6236179,0.026329163477023902,-0.05224304158447435
2024-05-07,305477408.3942453,0.012912780465081113,-0.04000486404620163
2024-05-08,306134002.215421,0.0021494022246263877,-0.03794144836535207
2024-05-09,305575732.9251669,-0.001823610857382879,-0.03969586878555109
2024-05-10,306084722.3473122,0.0016656735705840706,-0.03809631557446447
2024-05-13,301432866.7577747,-0.015197934590995603,-0.05271526485320144
2024-05-14,301930574.1475253,0.0016511384279490244,-0.05115116662479102
2024-05-15,305289977.73875904,0.011126410767504131,-0.04059388474839132
2024-05-16,304989164.0023142,-0.0009853377391322079,-0.041539223800903025
2024-05-17,309343820.393031,0.014278069206038246,-0.02785425450705914
2024-05-20,307405956.8214113,-0.00626443278924264,-0.033944196191047826
2024-05-21,311292387.61395633,0.012642665850495727,-0.02173067547055918
2024-05-22,306236059.25328124,-0.016243019623549584,-0.03762072330600752
2024-05-23,307553325.883049,0.004301474597667458,-0.03348107329398675
2024-05-24,298652215.3391714,-0.028941681961398655,-0.06145375668038455
2024-05-27,302024137.8833842,0.011290465534914633,-0.050857132667260885
2024-05-28,306185412.0214928,0.013777952210280883,-0.03777988760042139
2024-05-29,305838765.36477447,-0.001132146219604939,-0.038869261463102434
2024-05-30,306808814.6306101,0.0031717668774874346,-0.035820778821676
2024-05-31,304652102.3290967,-0.007029499149527563,-0.04259847583694121
2024-06-03,306716305.24116886,0.006775606983477672,-0.03611149938382985
2024-06-04,307942948.59506,0.003999276637499377,-0.032256642622161324
2024-06-05,305428820.7432833,-0.008164265047298605,-0.040157555889556606
2024-06-06,303213049.60132015,-0.007254623635617896,-0.04712085157106949
2024-06-07,306822586.1109221,0.01190429143583349,-0.03577750048504258
2024-06-10,309247352.5595235,0.007902829056153077,-0.028157414899279254
2024-06-11,305992546.8321142,-0.010524926730885505,-0.0383859869014187
2024-06-12,307427563.0741246,0.004689709788250792,-0.03387629625167121
2024-06-13,307669545.711559,0.000787120826170287,-0.0331158401637941
2024-06-14,298864006.83420014,-0.02862011856582669,-0.06078817945772608
2024-06-17,296494006.26252365,-0.007930030105603485,-0.06823615747016487
2024-06-18,300115049.18237364,0.012212870558482131,-0.05685664627027409
2024-06-19,303884687.29893714,0.012560643416027993,-0.04501015891387827
2024-06-20,309341485.3638587,0.017956804975676848,-0.0278615925837421
2024-06-21,309470370.47382706,0.0004166434702955049,-0.02745655746406872
2024-06-24,296400025.05349493,-0.042234561584426504,-0.0685315033813827
2024-06-25,297351740.59087706,0.003210915846617618,-0.06554063642496488
2024-06-26,297457435.1601617,0.0003554530034853298,-0.06520848003754709
2024-06-27,296953713.70493656,-0.0016934236488453836,-0.06679147810419162
2024-06-28,289476722.7949978,-0.02517897761456571,-0.09028871458672816
2024-07-01,289957367.3217733,0.0016603909362199844,-0.08877823821385089
2024-07-02,294405445.24517757,0.015340454924423864,-0.07479968185101638
2024-07-03,298328726.1462036,0.013326115275343314,-0.06247035575857873
2024-07-04,301378639.92594147,0.010223332560482969,-0.05288567842018743
2024-07-05,302847131.126932,0.0048725788972682794,-0.04827078916355709
2024-07-08,297733493.1190725,-0.01688521198411569,-0.06434093864000556
2024-07-09,300311861.3779913,0.008659987265482609,-0.0562381430837946
2024-07-10,296315209.608396,-0.013308338043181347,-0.06879804490789598
2024-07-11,297717943.09473455,0.004733923338570366,-0.06438980623976309
2024-07-12,297251536.4111053,-0.0015666058914052844,-0.06585553868136673
2024-07-15,295944674.4383116,-0.004396485174045593,-0.06996249095597096
2024-07-16,296122123.5996012,0.0005996024818707148,-0.06940483815731524
2024-07-17,297053506.338622,0.0031452656346613447,-0.06647786917498932
2024-07-18,301694742.14668775,0.015624241791561485,-0.05189229368520565
2024-07-19,298065486.0387784,-0.012029563664535897,-0.0632976156991566
2024-07-22,298577860.35064906,0.0017189991323046858,-0.06168742511331571
2024-07-23,296712340.56219506,-0.006248017807693895,-0.0675500187903908
2024-07-24,301481956.6303519,0.016074882693182288,-0.05256099472518638
2024-07-25,301273780.40318525,-0.0006905097389357144,-0.05321521058537615
2024-07-26,299612979.875021,-0.005512595639559707,-0.05843445228710464
2024-07-29,299304172.50114787,-0.0010306875690162987,-0.0594049121925464
2024-07-30,297675337.0114019,-0.005442074115220455,-0.06452370037280686
2024-07-31,299569332.4844606,0.006362621411884568,-0.05857161883848827
2024-08-01,292586692.00773484,-0.023308929585066803,-0.08051530668436546
2024-08-02,292518949.2058093,-0.00023153070107422767,-0.08072819562003586
2024-08-05,282492978.6648207,-0.034274601929923494,-0.11223587078056163
2024-08-06,287554517.51581377,0.017917397009001905,-0.09632944842698599
2024-08-07,291384659.6641053,0.013319707794473768,-0.0842928207375625
2024-08-08,288979462.7821138,-0.008254370304751475,-0.0918514068859142
2024-08-09,290981017.84563684,0.0069262882706381,-0.08556130793743155
2024-08-12,291399473.79773194,0.0014380867700348721,-0.08424626575236838
2024-08-13,293663021.272715,0.007767850248604857,-0.0771328278801321
2024-08-14,283907670.17187345,-0.03321954210837481,-0.1077900527648048
2024-08-15,280024670.6420827,-0.013676980010578965,-0.11999279037838029
2024-08-16,292264605.68693525,0.043710202450330506,-0.08152749708806883
2024-08-19,294390188.8774939,0.007272803990625983,-0.07484762660361077
2024-08-20,300457759.60967416,0.020610641799293002,-0.05577964242577205
2024-08-21,302576654.56662375,0.007052222447848431,-0.04912079042437156
2024-08-22,303100622.2866436,0.0017316858789728788,-0.0474741663245406
2024-08-23,302117332.6356397,-0.0032441030426984597,-0.05056425827981603
2024-08-26,300219134.3043441,-0.006282983881579807,-0.05652954774163965
2024-08-27,298575843.9240692,-0.005473636395903476,-0.06169376194758058
2024-08-28,300502818.9277056,0.00645388782398086,-0.05563803874264872
2024-08-29,299142369.7590312,-0.004527242617985902,-0.05991339446045785
2024-08-30,298249093.80737275,-0.0029861231372138634,-0.06272060882424424
2024-09-04,297303929.5972815,-0.0031690430238211463,-0.06569088754022112
2024-09-05,297285197.13644284,-6.300778083912277e-05,-0.06574975628401503
2024-09-06,297535927.1437724,0.0008433988969000277,-0.06496181065903639
2024-09-09,296258101.25765723,-0.0042946944202060505,-0.06897751395347851
2024-09-10,295162029.13192946,-0.0036997203488268932,-0.07242203679032022
2024-09-11,294898966.7205433,-0.0008912474689234179,-0.07324873830226009
2024-09-12,293180091.401081,-0.005828692241879458,-0.07865048619146964
2024-09-13,294206516.5972534,0.003501005785444584,-0.07542483621320939
2024-09-16,292162135.45856726,-0.006948796248061101,-0.0818495206423816
2024-09-17,294283009.32340014,0.007259235908527401,-0.07518444971319704
2024-09-18,296042538.99867857,0.005979039290524595,-0.06965494120154414
2024-09-19,297954045.61831254,0.00645686469957787,-0.06364782903296173
2024-09-20,296948233.5486831,-0.0033757288562475305,-0.06680870007610518
2024-09-23,295682407.487403,-0.004262783604242609,-0.07078669264904258
2024-09-24,296543488.29510295,0.002912181401041464,-0.06808065493777493
2024-09-25,300668249.1492706,0.013909463592951725,-0.05511815673606446
2024-09-26,300461750.7578365,-0.0006867981305586899,-0.05576709981961703
2024-09-27,297658439.295219,-0.009330011076441156,-0.06457680323704018
2024-09-30,295267098.75459695,-0.00803384088918881,-0.07209184436389016
2024-10-01,295733211.4184636,0.0015786136207950338,-0.07062703591055619
2024-10-02,292957381.27851653,-0.009386264486944101,-0.07935037635851483
2024-10-03,291895340.6761513,-0.0036252392676720657,-0.08268795152590747
2024-10-04,291973180.6421437,0.0002666708067766375,-0.08244333118187497
2024-10-07,291782894.6398002,-0.000651724250580258,-0.08304132511422535
2024-10-08,293593842.79595375,0.006206491845209558,-0.0773502285761527
2024-10-09,295780939.86170083,0.007449396911457383,-0.07047704421855094
2024-10-10,300057332.2497244,0.014457971463688907,-0.05703802784901901
2024-10-11,300249738.1588741,0.000641230486544403,-0.05643337188482378
2024-10-14,298010704.25612056,-0.007457238485812667,-0.0634697732579328
2024-10-15,295524472.5808034,-0.008342759638527668,-0.07128301983385765
2024-10-16,292946706.65022796,-0.00872268177340409,-0.07938392250940374
2024-10-17,297748733.58039486,0.016392151955135024,-0.06429304387483759
2024-10-18,294643145.25820434,-0.010430231842957566,-0.07405268436429113
2024-10-21,296815581.66116244,0.0073731102790608825,-0.0672255726935086
2024-10-22,295599171.9293977,-0.004098200387449194,-0.07104826921289875
2024-10-23,300137552.0404577,0.015353155698771685,-0.05678592865348098
2024-10-24,298005124.06588054,-0.007104835633129116,-0.06348730959725257
2024-10-25,299888151.01277834,0.006318773721761645,-0.05756969781903931
2024-10-28,298129270.2490308,-0.005865122572557282,-0.06309716705742285
2024-10-29,302471099.57646424,0.014563579496258878,-0.049452508169593457
2024-10-30,302852901.58974123,0.0012622760118623341,-0.04825265487252006
2024-10-31,301198691.8628442,-0.005462089741302434,-0.05345118428265272
2024-11-01,300081619.6046448,-0.003708755344489114,-0.056961702261764224
2024-11-04,300561307.3339217,0.0015985241945470716,-0.05545423272644523
2024-11-05,303087470.01375604,0.008404816648697284,-0.04751549873620786
2024-11-06,303642129.1800051,0.001830030011547039,-0.04577242351336175
2024-11-07,307496613.06070083,0.012694166949444443,-0.0336592993496766
2024-11-08,312277614.63403225,0.01554814385024667,-0.018634495127617168
2024-11-11,310002105.1388731,-0.00728681592443278,-0.025785524916210334
2024-11-12,315891021.07294065,0.018996374013103758,-0.007278982378539078
2024-11-13,314291044.7265614,-0.005064963039926921,-0.01230707764175043
2024-11-14,313979147.30561566,-0.000992384053504037,-0.013287248347657599
2024-11-15,318319929.20288086,0.013825064290145484,0.0
2024-11-18,317417717.4082185,-0.0028342925211174343,-0.002834292521117443
2024-11-19,313372929.3821681,-0.012742792239440576,-0.015540967959815633
2024-11-20,310257409.42987394,-0.009941892423307237,-0.025328353751512322
2024-11-21,316337492.76264864,0.01959689969676277,-0.006227811262701999
2024-11-22,317242647.75661683,0.0028613585638024137,-0.0033842726999898654
2024-11-25,322952058.052456,0.01799698223493379,0.0
2024-11-26,320966076.8761576,-0.006149461280026472,-0.006149461280026469
2024-11-27,322145919.02362746,0.0036759091769224934,-0.002496156964256313
2024-11-28,325109237.6399438,0.009198684326958606,0.0
2024-11-29,327302421.2838922,0.0067459899320897534,0.0
2024-12-02,328897468.09850127,0.004873311991864415,0.0
2024-12-03,332433346.20099795,0.010750700280361312,0.0
2024-12-04,336377804.0463853,0.01186540968426921,0.0
2024-12-05,329922849.10001045,-0.01918959832880269,-0.019189598328802737
2024-12-06,332040094.1973202,0.006417394560835529,-0.012895350991907084
2024-12-09,334282168.53054345,0.006752420482963827,-0.006230005341115952
2024-12-10,331007078.9148798,-0.009797380548476375,-0.015966348156446375
2024-12-11,330251513.5132031,-0.002282626112268167,-0.018212529065495087
2024-12-12,322018908.486887,-0.024928288560249024,-0.04268681044578748
2024-12-13,323023203.05889165,0.0031187441033313484,-0.03970119558082397
2024-12-16,323509312.3480829,0.0015048742151894936,-0.038256066671176314
2024-12-17,325474397.662448,0.0060742774299205856,-0.03241416720359391
2024-12-18,325927350.6666671,0.0013916701512383652,-0.031067606881330145
2024-12-19,328814853.9400772,0.008859346315992956,-0.022483499253907913
2024-12-20,331453595.15934116,0.008025006132310714,-0.01463892334098571
2024-12-23,328659837.76326454,-0.008428804022275168,-0.0229443387473226
2024-12-24,331415334.66718245,0.008384039019403119,-0.014752665959251399
2024-12-25,331763302.18680733,0.00104994393205833,-0.013718211499298638
2024-12-26,327945408.28451836,-0.011507884920132655,-0.025068228820187333
2024-12-27,323065387.72909325,-0.014880588147132424,-0.03957578697866848
2024-12-30,325133625.09516644,0.00640191566361022,-0.033427232165616716
2024-12-31,325164827.038914,9.596652372835095e-05,-0.03333447353715713
2025-01-02,331031245.9543481,0.01804136987649036,-0.015894503227388723
2025-01-03,331328593.7953054,0.0008982470524800269,-0.015010533365583334
2025-01-06,336585747.74469,0.01586688878603848,0.0
2025-01-07,338881593.97306997,0.006820984678535558,0.0
2025-01-08,336843428.89787734,-0.006014387064511382,-0.006014387064511406
2025-01-09,334763923.659432,-0.006173506917588696,-0.012150764121952262
2025-01-10,333251443.96252096,-0.004518048660612963,-0.01661391503899856
2025-01-13,338141619.7879416,0.0146741324426807,-0.0021835773859916197
2025-01-14,336378023.3992897,-0.00521555551120223,-0.007387744328124168
2025-01-15,338287068.19725263,0.005675295843262675,-0.0017543761195379926
2025-01-16,345665313.740122,0.02181060476886805,0.0
2025-01-17,348283069.07444555,0.00757309232447779,0.0
2025-01-20,347103850.46631587,-0.003385805147701917,-0.0033858051477019258
2025-01-21,350714756.10439754,0.010402954715802222,0.0
2025-01-22,353780451.8647345,0.008741279649563326,0.0
2025-01-23,353692446.3594819,-0.0002487573996492266,-0.0002487573996492465
2025-01-24,359958974.63856006,0.01771745012815197,0.0
2025-02-03,356480264.1291397,-0.009664186072630521,-0.009664186072630532
2025-02-04,364005316.64365023,0.02110931030892768,0.0
2025-02-05,373097550.08220357,0.024978298455608394,0.0
2025-02-06,372880402.7369497,-0.0005820122517717989,-0.0005820122517717907
2025-02-07,370994185.6700837,-0.00505850415581272,-0.005637572296190219
2025-02-10,361972514.0679886,-0.024317555235536453,-0.029818035556019695
2025-02-11,365584114.04555875,0.009977553093691022,-0.020137993495238482
2025-02-12,377529392.882855,0.03267450192271658,0.0
2025-02-13,381227395.1166227,0.009795269728614628,0.0
2025-02-14,378471274.098136,-0.007229598538278036,-0.0072295985382779815
2025-02-17,382537163.7276822,0.010742927952021789,0.0
2025-02-18,393010114.6051756,0.02737760372205,0.0
2025-02-19,388938887.59071285,-0.010359089659951349,-0.01035908965995136
2025-02-20,386006415.8147918,-0.007539672348235175,-0.017820657866324474
2025-02-21,392389685.3431764,0.016536692829083332,-0.0015786597823888027
2025-02-24,397259047.06280416,0.012409504891468002,0.0
2025-02-25,404878540.7710171,0.01918016408826636,0.0
2025-02-26,404755584.50831705,-0.00030368678583427407,-0.00030368678583425623
2025-02-27,399829741.4148134,-0.012169920025902536,-0.012469910967840336
2025-02-28,407303082.37695324,0.01869130829461343,0.0
2025-03-03,403202763.8398039,-0.010066996088565278,-0.010066996088565316
2025-03-04,408758421.7171637,0.013778818935792615,0.0
2025-03-05,409557907.1658258,0.001955887404847889,0.0
2025-03-06,423162811.58680576,0.033218512407993846,0.0
2025-03-07,422540076.6409701,-0.0014716202104350204,-0.0014716202104350096
2025-03-10,418503684.46987057,-0.009552684808473783,-0.011010247094880743
2025-03-11,423096212.3319386,0.010973685614943942,-0.00015738447009883139
2025-03-12,422674943.8423132,-0.0009956801251034344,-0.0011529078906133972
2025-03-13,416672671.9832191,-0.014200680562066493,-0.015337216376007823
2025-03-14,418583283.5385931,0.004585401644605513,-0.010822142028596549
2025-03-17,423860569.5726578,0.012607493518259785,0.0
2025-03-18,418170272.3072172,-0.013424927143323759,-0.013424927143323773
2025-03-19,411378953.5079473,-0.01624055856911913,-0.02944745739688559
2025-03-20,414431051.5524128,0.007419188605638085,-0.022246745031631487
2025-03-21,413413941.8843597,-0.0024542313232638105,-0.024646377696397992
2025-03-24,418712380.1446402,0.012816302798425145,-0.01214595033741428
2025-03-25,425682549.47724706,0.016646676007523526,0.0
2025-03-26,427923028.32792646,0.005263262150235624,0.0
2025-03-27,422154080.7144681,-0.013481274041268629,-0.013481274041268643
2025-03-28,422189658.68034875,8.427720471259931e-05,-0.013398133000648182
2025-03-31,424095476.84030384,0.004514128000937207,-0.008944485887049547
2025-04-01,426468474.8162099,0.005595433352852389,-0.003399100808853639
2025-04-02,426855949.17169845,0.0009085650601853372,-0.0024936240528992126
2025-04-03,408524013.96267027,-0.04294642078809203,-0.0453329526131282
2025-04-04,411675172.3198338,0.007713520501762944,-0.03796910877075199
2025-04-08,394530640.4430358,-0.041645775673540754,-0.07803363145790176
2025-04-09,378463672.5468628,-0.04072425877526444,-0.11558002843250104
2025-04-10,393230272.2197013,0.03901721814795858,-0.08107242146744054
2025-04-11,409071990.76232976,0.040286111374908486,-0.044052402693202874
2025-04-14,421720705.98913974,0.030920511578508107,-0.014494013942231154
2025-04-15,429202338.6587155,0.01774072878880275,0.0
2025-04-16,430797548.31004614,0.0037166844344692553,0.0
2025-04-17,443188178.89545983,0.0287620731223292,0.0
2025-04-18,452189601.73782533,0.020310611318197586,0.0
2025-04-21,444727578.10084236,-0.016501979718917505,-0.016501979718917537
2025-04-22,442412191.90226287,-0.005206302268159485,-0.021622367692637257
2025-04-23,439491278.1589073,-0.006602245138851998,-0.028081856659500026
2025-04-24,444661327.1126804,0.011763712298071457,-0.016648491243966612
2025-04-25,457936304.4291485,0.02985413056419036,0.0
2025-04-28,469413053.8031638,0.025061890186500825,0.0
2025-04-29,466800001.9874826,-0.005566636450585234,-0.005566636450585194
2025-05-05,468837999.3596565,0.004365889810404403,-0.0012250499615387156
2025-05-06,468363685.4434272,-0.0010116797633236431,-0.0022354903666071957
2025-05-07,465975262.685392,-0.005099504577887852,-0.0073235950511366665
2025-05-08,476269724.27513343,0.022092292046609823,0.0
2025-05-09,477562473.50045764,0.0027143216531173267,0.0
2025-05-12,483661922.38696665,0.012772043920873855,0.0
2025-05-13,492073396.1350532,0.017391225893025226,0.0
2025-05-14,502346474.3912445,0.020877125926498433,0.0
2025-05-15,505589538.0919789,0.006455830519492466,0.0
2025-05-16,522401500.1402386,0.033252195272286615,0.0
2025-05-19,535896707.00374925,0.02583301705658939,0.0
2025-05-20,532852663.9232402,-0.005680279502982223,-0.005680279502982222
2025-05-21,533040449.8255947,0.0003524161838132235,-0.005329865141594392
2025-05-22,517671650.54998535,-0.028832332106574435,-0.034008524806323215
2025-05-23,535244073.8457071,0.03394511419942053,-0.0012178338652071297
2025-05-26,551303040.6425185,0.030003072582249015,0.0
2025-05-27,565394718.1810081,0.02556067443790329,0.0
2025-05-28,548710746.0153873,-0.02950853913049736,-0.029508539130497335
2025-05-29,540850614.1737869,-0.014324727369891894,-0.043410564722261125
2025-05-30,524624113.80115,-0.030001815561261306,-0.07210998452731487
2025-06-02,531172784.11458045,0.012482594949710208,-0.06052750930628903
2025-06-03,531972935.5478153,0.0015063863533005637,-0.0591123007670068
2025-06-04,532273919.42627674,0.0005657879533880294,-0.058579957841289776
2025-06-05,532093808.15989345,-0.0003383807844228536,-0.05889851629362686
2025-06-06,532760865.7409401,0.0012536465766318239,-0.05771870764031517
2025-06-09,514478365.7161838,-0.03431652210289475,-0.09005452443672057
2025-06-10,535128857.37821656,0.04013869783093036,-0.05353049795046383
2025-06-11,548782588.6442586,0.02551484764424116,-0.029381472805749098
2025-06-12,547212954.5462296,-0.0028602111847366076,-0.03215764677334265
2025-06-13,536041319.7664652,-0.020415515910123822,-0.05191664773413318
2025-06-16,553648926.2471403,0.03284747990760513,-0.02077449886984517
2025-06-17,546500851.6909835,-0.012910843347262205,-0.03341712591658097
2025-06-18,542069936.6093584,-0.008107791722400727,-0.04125397854208879
2025-06-19,545986144.511606,0.007224543620226176,-0.03432747608934783
2025-06-20,547113706.1868881,0.002065183680239256,-0.03233318495251214
2025-06-23,557092565.6852838,0.01823909616146047,-0.014683816860606824
2025-06-24,556384146.6962775,-0.0012716360487324927,-0.015936780438486342
2025-06-25,550999867.0832927,-0.009677270003029006,-0.025459825914233125
2025-06-26,553312792.110342,0.0041976870870999074,-0.02136901120961321
2025-06-27,542675126.6149557,-0.019225410377400044,-0.04018359357714918
2025-06-30,549450694.435601,0.012485495443488055,-0.02819981020817164
2025-07-01,548654206.8664365,-0.0014496069933675692,-0.029608538559449782
2025-07-02,557440390.1616642,0.016014063476171726,-0.014068628099205727
2025-07-03,552447405.273016,-0.00895698441801149,-0.022899600034549827
2025-07-04,550731975.6519156,-0.0031051455844066664,-0.025933639027024613
2025-07-07,553423877.1467308,0.004887861271589974,-0.021172537785266177
2025-07-08,557235775.2553122,0.006887845403841809,-0.014430525548496331
2025-07-09,554250768.018787,-0.005356811908132636,-0.019710035845530105
2025-07-10,559454026.8151602,0.009387914454268753,-0.010507157521669752
2025-07-11,556483282.1096785,-0.005310078331893324,-0.015761442024077477
2025-07-14,576425635.8084532,0.035836393185382724,0.0
2025-07-15,598060582.770616,0.037532936806010074,0.0
2025-07-16,629566516.5513984,0.052680171020176275,0.0
2025-07-17,660377648.4484929,0.048940232822212104,0.0
2025-07-18,680215756.7140274,0.030040550754772893,0.0
2025-07-21,649979270.7811387,-0.044451316563077804,-0.04445131656307777
2025-07-22,669648660.6915648,0.030261564936967394,-0.01553491802881768
2025-07-23,657339527.9468777,-0.018381478926539026,-0.03363084218698453
2025-07-24,663945997.9944092,0.010050316110102207,-0.02391852667191041
2025-07-25,677246638.6652105,0.0200327145746472,-0.004364965115127739
2025-07-28,697534821.6517085,0.029956860364023515,0.0
2025-07-29,659156042.7100157,-0.055020592163148,-0.05502059216314803
2025-07-30,665934896.5046126,0.010284141167433931,-0.04530229053263568
2025-07-31,679517284.4289147,0.020395969629454648,-0.025830305045029367
2025-08-01,665683712.6079016,-0.020357939581535756,-0.04566239283708584
2025-08-04,664642684.8869603,-0.0015638473665863706,-0.04715483119088193
2025-08-05,660126303.661133,-0.006795201885950712,-0.05362960647899262
2025-08-06,667927455.6300844,0.011817665688649729,-0.04244571755072546
2025-08-07,670178702.1808208,0.003370495600622871,-0.03921828505437264
2025-08-08,701320243.9857544,0.046467519340134524,0.0
2025-08-11,707594929.0882962,0.008946961329508205,0.0
2025-08-12,716710112.2733759,0.012881922707988018,0.0
2025-08-13,730883787.2421086,0.019776022029010284,0.0
2025-08-14,742350495.8627458,0.01568882607713226,0.0
2025-08-15,745748919.1748745,0.004577922869411165,0.0
2025-08-18,762794955.8156576,0.02285760824118051,0.0
2025-08-19,752266831.5792912,-0.013802037042980515,-0.013802037042980553
2025-08-20,744127586.6067799,-0.010819624940028198,-0.024472329118795266
2025-08-21,730697064.2895893,-0.01804868218692684,-0.042079318015083134
2025-08-22,729170335.0082335,-0.002089414828619958,-0.04408081169266409
2025-08-25,721104532.5908535,-0.011061616237156739,-0.05465482290745427
2025-08-26,734675975.9306507,0.018820355061472817,-0.0368630910189216
2025-08-27,750818341.7845708,0.021972088897383314,-0.015700961234438426
2025-08-28,748119382.0753831,-0.0035946906981158266,-0.019239211833253278
2025-08-29,752786671.0944266,0.006238695495491484,-0.013120543921962713
2025-09-03,773369927.6979702,0.027342748475632398,0.0
2025-09-04,774665320.4370496,0.0016749975563898247,0.0
2025-09-05,766128917.5796862,-0.011019472063816418,-0.011019472063816371
2025-09-08,748367018.2960696,-0.023183956219442796,-0.03394795332537037
2025-09-09,764854321.3746619,0.0220310391499236,-0.012664822864217773
2025-09-10,763498549.1642817,-0.0017725888087335197,-0.014414962149677524
2025-09-11,766649344.3049254,0.004126786022177182,-0.01034766359180983
2025-09-12,770098601.4735538,0.004499132744652078,-0.005895086359254398
2025-09-15,783456097.8412142,0.01734517676321104,0.0
2025-09-16,776610371.2444495,-0.008737856040214433,-0.008737856040214487
2025-09-17,764918612.0421625,-0.015054858440213653,-0.023661167294671714
2025-09-18,768711244.4788029,0.004958216961821463,-0.01882026753386712
2025-09-19,755085291.0682886,-0.017725711063005127,-0.03621237597243854
2025-09-22,749102396.8176409,-0.007923468145145714,-0.043848916510106584
2025-09-23,753019675.0813073,0.005229296128683995,-0.038848919350775835
2025-09-24,755070973.4434681,0.0027240966339150607,-0.036230650927295494
2025-09-25,759486112.5985205,0.005847316756089,-0.030595186263457697
2025-09-26,747588799.9817234,-0.015664950839050097,-0.04578086501377909
2025-09-29,754823722.1157424,0.00967767592852634,-0.03654624146058372
2025-09-30,750391349.4437575,-0.005872063293878917,-0.0422037029114527
2025-10-01,756711134.0278399,0.008421984859989433,-0.034137156998419016
2025-10-02,742394909.4077339,-0.018919008821640094,-0.05241032464566031
2025-10-03,731723257.9372649,-0.014374629102700345,-0.0660315747704272
2025-10-06,756598191.4984522,0.03399500192369168,-0.03428131635808063
2025-10-07,748540625.4829181,-0.010649729415260606,-0.04456595903012872
2025-10-08,759883470.7317799,0.015153279411580362,-0.03008800004797685
2025-10-09,763286641.2460868,0.0044785426257918145,-0.025744207812924746
2025-10-10,772331359.9949355,0.01184970135738642,-0.01419956762980401
2025-10-13,785602619.0532632,0.01718337457955184,0.0
2025-10-14,789929586.8048754,0.005507832645500412,0.0
2025-10-15,787761537.6889836,-0.0027446105983460973,-0.0027446105983460756
2025-10-16,786819979.4858669,-0.0011952325139900296,-0.003936562664510701
2025-10-17,780696299.4588696,-0.007782822229550824,-0.011688747326648152
2025-10-20,751232617.6781485,-0.037740260586790884,-0.04898787154339823
2025-10-21,750922726.9272878,-0.00041250971212948307,-0.04938017328273947
2025-10-22,749735083.9905086,-0.0015815780961098286,-0.05088365277840323
2025-10-23,747615983.9666452,-0.0028264650662795216,-0.05356629697765991
2025-10-24,737231752.577076,-0.013889793172255896,-0.06671206536389251
2025-10-27,724125811.8115695,-0.01777723316947924,-0.0833033425921802
2025-10-28,740964127.4353814,0.02325330122080166,-0.061987119089374154
2025-10-29,731012855.1857878,-0.013430167374008877,-0.07458478907898014
2025-10-30,716039743.5385425,-0.02048269266542495,-0.0935397844321848
2025-10-31,700951841.8444232,-0.02107131877842084,-0.11264009659437035
2025-11-03,702835944.678462,0.0026879205126006814,-0.11025494370794697
2025-11-04,711024215.6222441,0.011650330359139663,-0.09988911986673321
2025-11-05,713848688.2455596,0.003972400041036086,-0.09631351936955479
2025-11-06,714931289.2382408,0.0015165692821289556,-0.09494301621235546
2025-11-07,695175318.3892281,-0.027633383999828454,-0.11995280338708592
2025-11-10,682551946.9867628,-0.018158543706233148,-0.13593317887032952
2025-11-11,690045614.8077624,0.010978897436424648,-0.1264466778629294
2025-11-12,713207497.8980713,0.033565727530579986,-0.09712522506864352
2025-11-13,719508233.7864115,0.008834365744764941,-0.08914889908517754
2025-11-14,722906839.5122337,0.0047235119297204566,-0.08484648304380737
2025-11-17,726815046.565197,0.005406238866961389,-0.07989894453120239
2025-11-18,729654713.1734846,0.003907000304558016,-0.07630410942726162
2025-11-19,722435637.0225765,-0.009893825148487304,-0.08544299505896458
2025-11-20,732186999.8211594,0.013497898357799557,-0.07309839756385694
2025-11-21,731266393.3787612,-0.0012573378694555539,-0.07426382604985893
2025-11-24,737806399.9298782,0.008943398206636375,-0.06598459881193486
2025-11-25,733600579.6170697,-0.005700438913525605,-0.0713088965506995
2025-11-26,742807818.6902987,0.012550752179114987,-0.059653124660358436
2025-11-27,744833342.4158978,0.002726847610692259,-0.05708894203011661
2025-11-28,752159801.3402715,0.009836373463907984,-0.04781411672067626
2025-12-01,756892433.2711924,0.006292056451950629,-0.041822909390332286
2025-12-02,762967799.4317542,0.008026723340732636,-0.034131886972580405
2025-12-03,757517327.9027805,-0.007143776622071232,-0.04103183301842972
2025-12-04,757227555.6179652,-0.0003825289193285631,-0.04139866607501563
2025-12-05,775690948.0439844,0.024382885024504183,-0.01802519996558649
2025-12-08,789372579.8021759,0.017637993317688772,-0.0007051350044406934
2025-12-09,796989387.9541186,0.009649192721960995,0.0
2025-12-10,769384596.5346063,-0.03463633498354866,-0.03463633498354868
2025-12-11,753607796.5774715,-0.020505739298908896,-0.054431830627015176
2025-12-12,736321821.2766889,-0.022937628006619953,-0.07612092155099337
2025-12-15,733810613.1549408,-0.0034104763015089957,-0.07927178925350364
2025-12-16,742830272.7267792,0.012291536004173216,-0.06795462530105512
2025-12-17,737213382.9153701,-0.007561471331520527,-0.07500225968151752
2025-12-18,736153966.7506098,-0.0014370549820606946,-0.07633153229263712
2025-12-19,748649740.1523287,0.016974402049173803,-0.060652812361628006
2025-12-22,769942678.8512825,0.02844179000799659,-0.03393609690621524
2025-12-23,784657049.7926048,0.019110995331854393,-0.015473654163916883
2025-12-24,787630477.3773072,0.003789461377411047,-0.011742829601327442
2025-12-25,766825523.2552248,-0.0264146128414936,-0.037847260145238315
2025-12-26,751766892.8164587,-0.019637622877810904,-0.056741652801358566
2025-12-29,761471625.4426141,0.01290923119771484,-0.04456491271819696
2025-12-30,777152962.1439743,0.020593461630622506,-0.024889196907708744
2025-12-31,798145416.5377791,0.02701199817329623,0.0
2026-01-05,795428728.1071589,-0.003403751214164371,-0.0034037512141643633
2026-01-06,791181965.9422388,-0.005338960003400801,-0.008724538725971231
2026-01-07,809915876.952112,0.02367838476647083,0.0
2026-01-08,800141347.2048829,-0.012068574064769248,-0.012068574064769244
2026-01-09,801600807.0809422,0.0018240025729923776,-0.010266584601923312
2026-01-12,782127735.1367166,-0.02429272996260749,-0.034309911197158094
2026-01-13,793245503.6137774,0.014214773338932162,-0.02058284546917244
2026-01-14,769950972.3133538,-0.02936610569401409,-0.0493445131476552
2026-01-15,747311189.2903175,-0.02940418784720013,-0.07729776566103308
2026-01-16,761983409.6719925,0.01963334764946909,-0.05918203191731419
2026-01-19,764954663.4273471,0.003899368040878404,-0.055513436400288385
2026-01-20,763065551.2724085,-0.002469574009098123,-0.057845915869696674
2026-01-21,768239887.2853162,0.006780984941961487,-0.05145718321220161
2026-01-22,790152662.0408741,0.028523349435798977,-0.02440156499414614
2026-01-23,782709680.0028229,-0.009419675963410507,-0.03359138612231172
2026-01-26,767980502.2565022,-0.018818187793803193,-0.05177744490381109
2026-01-27,767083500.5074937,-0.0011680006801902145,-0.05288496949313515
2026-01-28,769470865.9206313,0.0031122627609094723,-0.04993729865339103
2026-01-29,771981983.8906928,0.0032634347592317486,-0.04683683101036684
2026-01-30,773829278.6634363,0.0023929247201253693,-0.04455598330097854
2026-02-02,774949154.9450033,0.0014471877873388768,-0.04317327638852564
2026-02-03,776868828.7527453,0.0024771609795203086,-0.040803062564633064
2026-02-04,776845304.3780324,-3.0281012498072496e-05,-0.04083210801908366
2026-02-05,768441616.6280162,-0.010817710685326826,-0.051208108773188044
2026-02-06,753707767.6875565,-0.019173673863621604,-0.06939993506001962
2026-02-09,760332715.776253,0.008789810020165267,-0.061220137284443754
2026-02-10,752680202.8786552,-0.010064689758594755,-0.07066866535429206
2026-02-11,774999019.9455037,0.029652456622997814,-0.04311170826531752
2026-02-12,771509337.2072113,-0.004502822130714234,-0.04742040604196174
2026-02-13,769933933.8068866,-0.0020419758055391906,-0.049365550525674484
2026-02-23,786424376.932203,0.02141799757257173,-0.02900486419443027
2026-02-24,790760373.1701922,0.005513557775133654,-0.02365122641379247
2026-02-25,790203013.6064603,-0.00070484002820909,-0.024339396110908962
2026-02-26,786397870.2941617,-0.00481539964639227,-0.029037591837875354
2026-02-27,769690944.8941011,-0.021244876202183897,-0.04966556799625399
2026-03-02,778182916.7477751,0.011032963178282309,-0.03918056320090291
2026-03-03,778072602.257611,-0.00014175907462100803,-0.039316768075141395
2026-03-04,778337230.3501906,0.00034010719798097686,-0.038990032792984075
2026-03-05,767552690.2839928,-0.013855870753279624,-0.05230566269121795
2026-03-06,761521631.0734828,-0.007857518170222995,-0.059752188166439235
2026-03-09,729909632.5689521,-0.04151162253916367,-0.09878340042454858
2026-03-10,726703988.0647657,-0.00439183751131489,-0.10274139729238363
2026-03-11,742569685.1837084,0.021832406838984825,-0.08315208243829197
2026-03-12,740502558.6971965,-0.0027837474754986097,-0.08570435551422051
2026-03-13,736003355.5271307,-0.006075877952375257,-0.0912595042625044
2026-03-16,725264056.0495291,-0.01459137298349691,-0.10451927578101805
2026-03-17,714347582.6078529,-0.015051722680340086,-0.11799780330755227
2026-03-18,723309440.06339,0.01254551379990708,-0.10693263257739882
2026-03-19,721938295.431283,-0.0018956542748658912,-0.1086255795501967
2026-03-20,709278529.766221,-0.01753580014410935,-0.12425654324077573
2026-03-23,694322959.1595104,-0.0210856102068112,-0.14272212841116616
2026-03-24,709185926.0053151,0.021406417071094065,-0.1243708807461158
2026-03-25,723059290.6770957,0.01956238013623047,-0.1072414910569186
2026-03-26,711850105.3044773,-0.01550244290772017,-0.12108142887219009
2026-03-27,724546319.3719566,0.01783551617520481,-0.10540546248015215
2026-03-30,726985529.6639767,0.00336653465320811,-0.10239377896902091
2026-03-31,737235540.3051362,0.014099332411605551,-0.08973813048398005
2026-04-01,737938476.804416,0.0009534761427654415,-0.0888702175077275
2026-04-02,749778725.9259348,0.01604503558723772,-0.07425110772304677
2026-04-03,743081995.6642058,-0.008931608793592956,-0.08251953466996653
2026-04-06,732870096.059581,-0.01374262822166323,-0.09512812760563583
2026-04-07,733463722.6470001,0.0008100024692108221,-0.09439517915467688
2026-04-08,759807819.9271936,0.03591738277814239,-0.06186822415864435
2026-04-09,757957716.4717765,-0.0024349623771895857,-0.0641525397376641
2026-04-10,762758125.690561,0.006333346985541667,-0.05822549304628488
2026-04-13,764692961.1301396,0.0025366303870271263,-0.055836559214218595
2026-04-14,780774405.6035655,0.021029936576974766,-0.03598086193619532
2026-04-15,785789050.5347453,0.006422655372909398,-0.029789299239522338
2026-04-16,795404346.5169137,0.012236485066348168,-0.017917330488455563
2026-04-17,789795572.1347649,-0.007051475650981342,-0.02484246251976696
2026-04-20,802949504.1727674,0.016654856651637445,-0.008601353520269917
2026-04-21,795202028.8462849,-0.009648770297783934,-0.018167131333686748
2026-04-22,796669946.9434388,0.0018459687524736627,-0.016354698537977108
2026-04-23,789403195.1223621,-0.009121408243095869,-0.025326928899015333
2026-04-24,783290128.5032653,-0.007743909141575382,-0.03287470860436159
2026-04-28,793514994.9148719,0.013053740931402592,-0.020250105602275692
2026-04-29,786109190.6496028,-0.00933291029498901,-0.029394023478214626
2026-05-04,781516565.4055481,-0.00584222306351558,-0.035064520099836294
2026-05-05,788003350.5679892,0.008300252930755194,-0.02705531155480534
2026-05-06,787399385.2547389,-0.0007664501842726529,-0.027801025190551165
2026-05-07,788954077.5259881,0.001974464674932661,-0.025881452657784187
2026-05-08,787018573.1638688,-0.002453253512788343,-0.028271212405923785
2026-05-11,777517672.2252194,-0.012072016166600924,-0.04000193803931096
2026-05-12,784140595.597106,0.008518035806095716,-0.03182464017374731
2026-05-13,794809874.8952267,0.013606334575748261,-0.01865132229995592
2026-05-14,811690721.5434608,0.021238848662341284,0.0
2026-05-15,820570507.5939025,0.01093986393432756,0.0
2026-05-18,830064823.4786099,0.011570384015563663,0.0
2026-05-19,815577213.7719655,-0.01745358831847637,-0.01745358831847632
2026-05-20,830090844.0307353,0.0177955318192935,0.0
2026-05-21,815570320.8182436,-0.017492691693818983,-0.01749269169381895
2026-05-22,809512124.4975538,-0.007428171631615706,-0.024790924609234044
2026-05-25,816221325.9903944,0.008287956770264289,-0.016708433950425983
2026-05-26,804882009.9767745,-0.013892452515695902,-0.030368765340853976
2026-05-27,796203251.1139107,-0.010782647338725103,-0.04082395699279617
2026-05-28,806220243.3680336,0.012580948696339684,-0.02875661240496441
2026-05-29,801109569.9392016,-0.0063390537150021286,-0.03491337640926995
