date,equity,portfolio_return,drawdown
2018-01-02,100000000.0,0.0,0.0
2018-01-03,100000000.0,0.0,0.0
2018-01-04,100000000.0,0.0,0.0
2018-01-05,100000000.0,0.0,0.0
2018-01-08,100000000.0,0.0,0.0
2018-01-09,100000000.0,0.0,0.0
2018-01-10,100000000.0,0.0,0.0
2018-01-11,100000000.0,0.0,0.0
2018-01-12,100000000.0,0.0,0.0
2018-01-15,100000000.0,0.0,0.0
2018-01-16,100000000.0,0.0,0.0
2018-01-17,100000000.0,0.0,0.0
2018-01-18,100000000.0,0.0,0.0
2018-01-19,100000000.0,0.0,0.0
2018-01-22,100000000.0,0.0,0.0
2018-01-23,100000000.0,0.0,0.0
2018-01-24,100000000.0,0.0,0.0
2018-01-25,100000000.0,0.0,0.0
2018-01-26,100000000.0,0.0,0.0
2018-01-29,100000000.0,0.0,0.0
2018-01-30,100000000.0,0.0,0.0
2018-01-31,100000000.0,0.0,0.0
2018-02-01,100000000.0,0.0,0.0
2018-02-02,100000000.0,0.0,0.0
2018-02-05,100000000.0,0.0,0.0
2018-02-06,100000000.0,0.0,0.0
2018-02-07,100000000.0,0.0,0.0
2018-02-08,100000000.0,0.0,0.0
2018-02-09,100000000.0,0.0,0.0
2018-02-12,100000000.0,0.0,0.0
2018-02-13,100000000.0,0.0,0.0
2018-02-21,100000000.0,0.0,0.0
2018-02-22,100000000.0,0.0,0.0
2018-02-23,100000000.0,0.0,0.0
2018-02-26,100000000.0,0.0,0.0
2018-02-27,100000000.0,0.0,0.0
2018-02-28,100000000.0,0.0,0.0
2018-03-01,100000000.0,0.0,0.0
2018-03-02,100000000.0,0.0,0.0
2018-03-05,100000000.0,0.0,0.0
2018-03-06,100000000.0,0.0,0.0
2018-03-07,100000000.0,0.0,0.0
2018-03-08,100000000.0,0.0,0.0
2018-03-09,100000000.0,0.0,0.0
2018-03-12,100000000.0,0.0,0.0
2018-03-13,100000000.0,0.0,0.0
2018-03-14,100000000.0,0.0,0.0
2018-03-15,100000000.0,0.0,0.0
2018-03-16,100000000.0,0.0,0.0
2018-03-19,100000000.0,0.0,0.0
2018-03-20,100000000.0,0.0,0.0
2018-03-21,100000000.0,0.0,0.0
2018-03-22,100000000.0,0.0,0.0
2018-03-23,100000000.0,0.0,0.0
2018-03-26,100000000.0,0.0,0.0
2018-03-27,100000000.0,0.0,0.0
2018-03-28,100000000.0,0.0,0.0
2018-03-29,100000000.0,0.0,0.0
2018-03-30,100000000.0,0.0,0.0
2018-04-02,100000000.0,0.0,0.0
2018-04-03,100000000.0,0.0,0.0
2018-04-04,100000000.0,0.0,0.0
2018-04-05,100000000.0,0.0,0.0
2018-04-06,100000000.0,0.0,0.0
2018-04-09,100000000.0,0.0,0.0
2018-04-10,100000000.0,0.0,0.0
2018-04-11,100000000.0,0.0,0.0
2018-04-12,100000000.0,0.0,0.0
2018-04-13,100000000.0,0.0,0.0
2018-04-16,100000000.0,0.0,0.0
2018-04-17,100000000.0,0.0,0.0
2018-04-18,100000000.0,0.0,0.0
2018-04-19,100000000.0,0.0,0.0
2018-04-20,100000000.0,0.0,0.0
2018-04-23,100000000.0,0.0,0.0
2018-04-24,100000000.0,0.0,0.0
2018-04-26,100000000.0,0.0,0.0
2018-04-27,100000000.0,0.0,0.0
2018-05-02,100000000.0,0.0,0.0
2018-05-03,100000000.0,0.0,0.0
2018-05-04,100000000.0,0.0,0.0
2018-05-07,100000000.0,0.0,0.0
2018-05-08,100000000.0,0.0,0.0
2018-05-09,100000000.0,0.0,0.0
2018-05-10,100000000.0,0.0,0.0
2018-05-11,100000000.0,0.0,0.0
2018-05-14,100000000.0,0.0,0.0
2018-05-15,100000000.0,0.0,0.0
2018-05-16,100000000.0,0.0,0.0
2018-05-17,100000000.0,0.0,0.0
2018-05-18,100000000.0,0.0,0.0
2018-05-21,100000000.0,0.0,0.0
2018-05-22,100000000.0,0.0,0.0
2018-05-23,100000000.0,0.0,0.0
2018-05-24,100000000.0,0.0,0.0
2018-05-25,100000000.0,0.0,0.0
2018-05-28,100000000.0,0.0,0.0
2018-05-29,100000000.0,0.0,0.0
2018-05-30,100000000.0,0.0,0.0
2018-05-31,100000000.0,0.0,0.0
2018-06-01,100000000.0,0.0,0.0
2018-06-04,100000000.0,0.0,0.0
2018-06-05,100000000.0,0.0,0.0
2018-06-06,100000000.0,0.0,0.0
2018-06-07,100000000.0,0.0,0.0
2018-06-08,100000000.0,0.0,0.0
2018-06-11,100000000.0,0.0,0.0
2018-06-12,100000000.0,0.0,0.0
2018-06-13,100000000.0,0.0,0.0
2018-06-14,100000000.0,0.0,0.0
2018-06-15,100000000.0,0.0,0.0
2018-06-18,100000000.0,0.0,0.0
2018-06-19,100000000.0,0.0,0.0
2018-06-20,100000000.0,0.0,0.0
2018-06-21,100000000.0,0.0,0.0
2018-06-22,100000000.0,0.0,0.0
2018-06-25,100000000.0,0.0,0.0
2018-06-26,100000000.0,0.0,0.0
2018-06-27,100000000.0,0.0,0.0
2018-06-28,100000000.0,0.0,0.0
2018-06-29,100000000.0,0.0,0.0
2018-07-02,100000000.0,0.0,0.0
2018-07-03,100000000.0,0.0,0.0
2018-07-04,100000000.0,0.0,0.0
2018-07-05,100000000.0,0.0,0.0
2018-07-06,100000000.0,0.0,0.0
2018-07-09,100000000.0,0.0,0.0
2018-07-10,100000000.0,0.0,0.0
2018-07-11,100000000.0,0.0,0.0
2018-07-12,100000000.0,0.0,0.0
2018-07-13,100000000.0,0.0,0.0
2018-07-16,100000000.0,0.0,0.0
2018-07-17,100000000.0,0.0,0.0
2018-07-18,100000000.0,0.0,0.0
2018-07-19,100000000.0,0.0,0.0
2018-07-20,100000000.0,0.0,0.0
2018-07-23,100000000.0,0.0,0.0
2018-07-24,100000000.0,0.0,0.0
2018-07-25,100000000.0,0.0,0.0
2018-07-26,100000000.0,0.0,0.0
2018-07-27,100000000.0,0.0,0.0
2018-07-30,100000000.0,0.0,0.0
2018-07-31,100000000.0,0.0,0.0
2018-08-01,100000000.0,0.0,0.0
2018-08-02,100000000.0,0.0,0.0
2018-08-03,100000000.0,0.0,0.0
2018-08-06,100000000.0,0.0,0.0
2018-08-07,100000000.0,0.0,0.0
2018-08-08,100000000.0,0.0,0.0
2018-08-09,100000000.0,0.0,0.0
2018-08-10,100000000.0,0.0,0.0
2018-08-13,100000000.0,0.0,0.0
2018-08-14,100000000.0,0.0,0.0
2018-08-15,100000000.0,0.0,0.0
2018-08-16,100000000.0,0.0,0.0
2018-08-17,100000000.0,0.0,0.0
2018-08-20,100000000.0,0.0,0.0
2018-08-21,100000000.0,0.0,0.0
2018-08-22,100000000.0,0.0,0.0
2018-08-23,100000000.0,0.0,0.0
2018-08-24,100000000.0,0.0,0.0
2018-08-27,100000000.0,0.0,0.0
2018-08-28,100000000.0,0.0,0.0
2018-08-29,100000000.0,0.0,0.0
2018-08-30,100000000.0,0.0,0.0
2018-08-31,100000000.0,0.0,0.0
2018-09-04,100000000.0,0.0,0.0
2018-09-05,100000000.0,0.0,0.0
2018-09-06,100000000.0,0.0,0.0
2018-09-07,100000000.0,0.0,0.0
2018-09-10,100000000.0,0.0,0.0
2018-09-11,100000000.0,0.0,0.0
2018-09-12,100000000.0,0.0,0.0
2018-09-13,100000000.0,0.0,0.0
2018-09-14,100000000.0,0.0,0.0
2018-09-17,100000000.0,0.0,0.0
2018-09-18,100000000.0,0.0,0.0
2018-09-19,100000000.0,0.0,0.0
2018-09-20,100000000.0,0.0,0.0
2018-09-21,100000000.0,0.0,0.0
2018-09-24,100000000.0,0.0,0.0
2018-09-25,100000000.0,0.0,0.0
2018-09-26,100000000.0,0.0,0.0
2018-09-27,100000000.0,0.0,0.0
2018-09-28,100000000.0,0.0,0.0
2018-10-01,100000000.0,0.0,0.0
2018-10-02,100000000.0,0.0,0.0
2018-10-03,100000000.0,0.0,0.0
2018-10-04,100000000.0,0.0,0.0
2018-10-05,100000000.0,0.0,0.0
2018-10-08,100000000.0,0.0,0.0
2018-10-09,100000000.0,0.0,0.0
2018-10-10,100000000.0,0.0,0.0
2018-10-11,100000000.0,0.0,0.0
2018-10-12,100000000.0,0.0,0.0
2018-10-15,100000000.0,0.0,0.0
2018-10-16,100000000.0,0.0,0.0
2018-10-17,100000000.0,0.0,0.0
2018-10-18,100000000.0,0.0,0.0
2018-10-19,100000000.0,0.0,0.0
2018-10-22,100000000.0,0.0,0.0
2018-10-23,100000000.0,0.0,0.0
2018-10-24,100000000.0,0.0,0.0
2018-10-25,100000000.0,0.0,0.0
2018-10-26,100000000.0,0.0,0.0
2018-10-29,100000000.0,0.0,0.0
2018-10-30,100000000.0,0.0,0.0
2018-10-31,100000000.0,0.0,0.0
2018-11-01,100000000.0,0.0,0.0
2018-11-02,100000000.0,0.0,0.0
2018-11-05,100000000.0,0.0,0.0
2018-11-06,100000000.0,0.0,0.0
2018-11-07,100000000.0,0.0,0.0
2018-11-08,100000000.0,0.0,0.0
2018-11-09,100000000.0,0.0,0.0
2018-11-12,100000000.0,0.0,0.0
2018-11-13,100000000.0,0.0,0.0
2018-11-14,100000000.0,0.0,0.0
2018-11-15,100000000.0,0.0,0.0
2018-11-16,100000000.0,0.0,0.0
2018-11-19,100000000.0,0.0,0.0
2018-11-20,100000000.0,0.0,0.0
2018-11-21,100000000.0,0.0,0.0
2018-11-22,100000000.0,0.0,0.0
2018-11-23,100000000.0,0.0,0.0
2018-11-26,100000000.0,0.0,0.0
2018-11-27,100000000.0,0.0,0.0
2018-11-28,100000000.0,0.0,0.0
2018-11-29,100000000.0,0.0,0.0
2018-11-30,100000000.0,0.0,0.0
2018-12-03,100000000.0,0.0,0.0
2018-12-04,100000000.0,0.0,0.0
2018-12-05,100000000.0,0.0,0.0
2018-12-06,100000000.0,0.0,0.0
2018-12-07,100000000.0,0.0,0.0
2018-12-10,100000000.0,0.0,0.0
2018-12-11,100000000.0,0.0,0.0
2018-12-12,100000000.0,0.0,0.0
2018-12-13,100000000.0,0.0,0.0
2018-12-14,100000000.0,0.0,0.0
2018-12-17,100000000.0,0.0,0.0
2018-12-18,100000000.0,0.0,0.0
2018-12-19,100000000.0,0.0,0.0
2018-12-20,100000000.0,0.0,0.0
2018-12-21,100000000.0,0.0,0.0
2018-12-24,100000000.0,0.0,0.0
2018-12-25,100000000.0,0.0,0.0
2018-12-26,100000000.0,0.0,0.0
2018-12-27,100000000.0,0.0,0.0
2018-12-28,100000000.0,0.0,0.0
2019-01-02,100000000.0,0.0,0.0
2019-01-03,100000000.0,0.0,0.0
2019-01-04,100000000.0,0.0,0.0
2019-01-07,100000000.0,0.0,0.0
2019-01-08,100000000.0,0.0,0.0
2019-01-09,100000000.0,0.0,0.0
2019-01-10,100000000.0,0.0,0.0
2019-01-11,100000000.0,0.0,0.0
2019-01-14,100000000.0,0.0,0.0
2019-01-15,100000000.0,0.0,0.0
2019-01-16,100000000.0,0.0,0.0
2019-01-17,100000000.0,0.0,0.0
2019-01-18,100000000.0,0.0,0.0
2019-01-21,100000000.0,0.0,0.0
2019-01-22,100000000.0,0.0,0.0
2019-01-23,100000000.0,0.0,0.0
2019-01-24,100000000.0,0.0,0.0
2019-01-25,100000000.0,0.0,0.0
2019-01-28,100000000.0,0.0,0.0
2019-01-29,100000000.0,0.0,0.0
2019-01-30,100000000.0,0.0,0.0
2019-01-31,100000000.0,0.0,0.0
2019-02-01,100000000.0,0.0,0.0
2019-02-11,100000000.0,0.0,0.0
2019-02-12,100000000.0,0.0,0.0
2019-02-13,100000000.0,0.0,0.0
2019-02-14,100000000.0,0.0,0.0
2019-02-15,100000000.0,0.0,0.0
2019-02-18,100000000.0,0.0,0.0
2019-02-19,100000000.0,0.0,0.0
2019-02-20,100000000.0,0.0,0.0
2019-02-21,100000000.0,0.0,0.0
2019-02-22,100000000.0,0.0,0.0
2019-02-25,100000000.0,0.0,0.0
2019-02-26,100000000.0,0.0,0.0
2019-02-27,100000000.0,0.0,0.0
2019-02-28,100000000.0,0.0,0.0
2019-03-01,100000000.0,0.0,0.0
2019-03-04,100000000.0,0.0,0.0
2019-03-05,100000000.0,0.0,0.0
2019-03-06,100000000.0,0.0,0.0
2019-03-07,100000000.0,0.0,0.0
2019-03-08,100000000.0,0.0,0.0
2019-03-11,100000000.0,0.0,0.0
2019-03-12,100000000.0,0.0,0.0
2019-03-13,100000000.0,0.0,0.0
2019-03-14,100000000.0,0.0,0.0
2019-03-15,100000000.0,0.0,0.0
2019-03-18,100000000.0,0.0,0.0
2019-03-19,100000000.0,0.0,0.0
2019-03-20,100000000.0,0.0,0.0
2019-03-21,100000000.0,0.0,0.0
2019-03-22,100000000.0,0.0,0.0
2019-03-25,100000000.0,0.0,0.0
2019-03-26,100000000.0,0.0,0.0
2019-03-27,100000000.0,0.0,0.0
2019-03-28,100000000.0,0.0,0.0
2019-03-29,100000000.0,0.0,0.0
2019-04-01,100000000.0,0.0,0.0
2019-04-02,100000000.0,0.0,0.0
2019-04-03,100000000.0,0.0,0.0
2019-04-04,100000000.0,0.0,0.0
2019-04-05,100000000.0,0.0,0.0
2019-04-08,100000000.0,0.0,0.0
2019-04-09,100000000.0,0.0,0.0
2019-04-10,100000000.0,0.0,0.0
2019-04-11,100000000.0,0.0,0.0
2019-04-12,100000000.0,0.0,0.0
2019-04-16,100000000.0,0.0,0.0
2019-04-17,100000000.0,0.0,0.0
2019-04-18,100000000.0,0.0,0.0
2019-04-19,100000000.0,0.0,0.0
2019-04-22,100000000.0,0.0,0.0
2019-04-23,100000000.0,0.0,0.0
2019-04-24,100000000.0,0.0,0.0
2019-04-25,100000000.0,0.0,0.0
2019-04-26,100000000.0,0.0,0.0
2019-05-02,100000000.0,0.0,0.0
2019-05-03,100000000.0,0.0,0.0
2019-05-06,100000000.0,0.0,0.0
2019-05-07,100000000.0,0.0,0.0
2019-05-08,100000000.0,0.0,0.0
2019-05-09,100000000.0,0.0,0.0
2019-05-10,100000000.0,0.0,0.0
2019-05-13,100000000.0,0.0,0.0
2019-05-14,100000000.0,0.0,0.0
2019-05-15,100000000.0,0.0,0.0
2019-05-16,100000000.0,0.0,0.0
2019-05-17,100000000.0,0.0,0.0
2019-05-20,100000000.0,0.0,0.0
2019-05-21,100000000.0,0.0,0.0
2019-05-22,100000000.0,0.0,0.0
2019-05-23,100000000.0,0.0,0.0
2019-05-24,100000000.0,0.0,0.0
2019-05-27,100000000.0,0.0,0.0
2019-05-28,100000000.0,0.0,0.0
2019-05-29,100000000.0,0.0,0.0
2019-05-30,100000000.0,0.0,0.0
2019-05-31,100000000.0,0.0,0.0
2019-06-03,100000000.0,0.0,0.0
2019-06-04,100000000.0,0.0,0.0
2019-06-05,100000000.0,0.0,0.0
2019-06-06,100000000.0,0.0,0.0
2019-06-07,100000000.0,0.0,0.0
2019-06-10,100000000.0,0.0,0.0
2019-06-11,100000000.0,0.0,0.0
2019-06-12,100000000.0,0.0,0.0
2019-06-13,100000000.0,0.0,0.0
2019-06-14,100000000.0,0.0,0.0
2019-06-17,100000000.0,0.0,0.0
2019-06-18,100000000.0,0.0,0.0
2019-06-19,100000000.0,0.0,0.0
2019-06-20,100000000.0,0.0,0.0
2019-06-21,100000000.0,0.0,0.0
2019-06-24,100000000.0,0.0,0.0
2019-06-25,100000000.0,0.0,0.0
2019-06-26,100000000.0,0.0,0.0
2019-06-27,100000000.0,0.0,0.0
2019-06-28,100000000.0,0.0,0.0
2019-07-01,100000000.0,0.0,0.0
2019-07-02,100000000.0,0.0,0.0
2019-07-03,100000000.0,0.0,0.0
2019-07-04,100000000.0,0.0,0.0
2019-07-05,100000000.0,0.0,0.0
2019-07-08,100000000.0,0.0,0.0
2019-07-09,100000000.0,0.0,0.0
2019-07-10,100000000.0,0.0,0.0
2019-07-11,100000000.0,0.0,0.0
2019-07-12,100000000.0,0.0,0.0
2019-07-15,100000000.0,0.0,0.0
2019-07-16,100000000.0,0.0,0.0
2019-07-17,100000000.0,0.0,0.0
2019-07-18,100000000.0,0.0,0.0
2019-07-19,100000000.0,0.0,0.0
2019-07-22,100000000.0,0.0,0.0
2019-07-23,100000000.0,0.0,0.0
2019-07-24,100000000.0,0.0,0.0
2019-07-25,100000000.0,0.0,0.0
2019-07-26,100000000.0,0.0,0.0
2019-07-29,100000000.0,0.0,0.0
2019-07-30,100000000.0,0.0,0.0
2019-07-31,100000000.0,0.0,0.0
2019-08-01,100000000.0,0.0,0.0
2019-08-02,100000000.0,0.0,0.0
2019-08-05,100000000.0,0.0,0.0
2019-08-06,100000000.0,0.0,0.0
2019-08-07,100000000.0,0.0,0.0
2019-08-08,100000000.0,0.0,0.0
2019-08-09,100000000.0,0.0,0.0
2019-08-12,100000000.0,0.0,0.0
2019-08-13,100000000.0,0.0,0.0
2019-08-14,100000000.0,0.0,0.0
2019-08-15,100000000.0,0.0,0.0
2019-08-16,100000000.0,0.0,0.0
2019-08-19,100000000.0,0.0,0.0
2019-08-20,100000000.0,0.0,0.0
2019-08-21,100000000.0,0.0,0.0
2019-08-22,100000000.0,0.0,0.0
2019-08-23,100000000.0,0.0,0.0
2019-08-26,100000000.0,0.0,0.0
2019-08-27,100000000.0,0.0,0.0
2019-08-28,100000000.0,0.0,0.0
2019-08-29,100000000.0,0.0,0.0
2019-08-30,100000000.0,0.0,0.0
2019-09-03,100000000.0,0.0,0.0
2019-09-04,100000000.0,0.0,0.0
2019-09-05,100000000.0,0.0,0.0
2019-09-06,100000000.0,0.0,0.0
2019-09-09,100000000.0,0.0,0.0
2019-09-10,100000000.0,0.0,0.0
2019-09-11,100000000.0,0.0,0.0
2019-09-12,100000000.0,0.0,0.0
2019-09-13,100000000.0,0.0,0.0
2019-09-16,100000000.0,0.0,0.0
2019-09-17,100000000.0,0.0,0.0
2019-09-18,100000000.0,0.0,0.0
2019-09-19,100000000.0,0.0,0.0
2019-09-20,100000000.0,0.0,0.0
2019-09-23,100000000.0,0.0,0.0
2019-09-24,100000000.0,0.0,0.0
2019-09-25,100000000.0,0.0,0.0
2019-09-26,100000000.0,0.0,0.0
2019-09-27,100000000.0,0.0,0.0
2019-09-30,100000000.0,0.0,0.0
2019-10-01,100000000.0,0.0,0.0
2019-10-02,100000000.0,0.0,0.0
2019-10-03,100000000.0,0.0,0.0
2019-10-04,100000000.0,0.0,0.0
2019-10-07,100000000.0,0.0,0.0
2019-10-08,100000000.0,0.0,0.0
2019-10-09,100000000.0,0.0,0.0
2019-10-10,100000000.0,0.0,0.0
2019-10-11,100000000.0,0.0,0.0
2019-10-14,100000000.0,0.0,0.0
2019-10-15,100000000.0,0.0,0.0
2019-10-16,100000000.0,0.0,0.0
2019-10-17,100000000.0,0.0,0.0
2019-10-18,100000000.0,0.0,0.0
2019-10-21,100000000.0,0.0,0.0
2019-10-22,100000000.0,0.0,0.0
2019-10-23,100000000.0,0.0,0.0
2019-10-24,100000000.0,0.0,0.0
2019-10-25,100000000.0,0.0,0.0
2019-10-28,100000000.0,0.0,0.0
2019-10-29,100000000.0,0.0,0.0
2019-10-30,100000000.0,0.0,0.0
2019-10-31,100000000.0,0.0,0.0
2019-11-01,100000000.0,0.0,0.0
2019-11-04,100000000.0,0.0,0.0
2019-11-05,100000000.0,0.0,0.0
2019-11-06,100000000.0,0.0,0.0
2019-11-07,100000000.0,0.0,0.0
2019-11-08,100000000.0,0.0,0.0
2019-11-11,100000000.0,0.0,0.0
2019-11-12,100000000.0,0.0,0.0
2019-11-13,100000000.0,0.0,0.0
2019-11-14,100000000.0,0.0,0.0
2019-11-15,100000000.0,0.0,0.0
2019-11-18,100000000.0,0.0,0.0
2019-11-19,100000000.0,0.0,0.0
2019-11-20,100000000.0,0.0,0.0
2019-11-21,100000000.0,0.0,0.0
2019-11-22,100000000.0,0.0,0.0
2019-11-25,100000000.0,0.0,0.0
2019-11-26,100000000.0,0.0,0.0
2019-11-27,100000000.0,0.0,0.0
2019-11-28,100000000.0,0.0,0.0
2019-11-29,100000000.0,0.0,0.0
2019-12-02,100000000.0,0.0,0.0
2019-12-03,100000000.0,0.0,0.0
2019-12-04,100000000.0,0.0,0.0
2019-12-05,100000000.0,0.0,0.0
2019-12-06,100000000.0,0.0,0.0
2019-12-09,100000000.0,0.0,0.0
2019-12-10,100000000.0,0.0,0.0
2019-12-11,100000000.0,0.0,0.0
2019-12-12,100000000.0,0.0,0.0
2019-12-13,100000000.0,0.0,0.0
2019-12-16,100000000.0,0.0,0.0
2019-12-17,100000000.0,0.0,0.0
2019-12-18,100000000.0,0.0,0.0
2019-12-19,100000000.0,0.0,0.0
2019-12-20,100000000.0,0.0,0.0
2019-12-23,100000000.0,0.0,0.0
2019-12-24,100000000.0,0.0,0.0
2019-12-25,100000000.0,0.0,0.0
2019-12-26,100000000.0,0.0,0.0
2019-12-27,100000000.0,0.0,0.0
2019-12-30,100000000.0,0.0,0.0
2019-12-31,100000000.0,0.0,0.0
2020-01-02,100000000.0,0.0,0.0
2020-01-03,100000000.0,0.0,0.0
2020-01-06,100000000.0,0.0,0.0
2020-01-07,100000000.0,0.0,0.0
2020-01-08,100000000.0,0.0,0.0
2020-01-09,100000000.0,0.0,0.0
2020-01-10,100000000.0,0.0,0.0
2020-01-13,100000000.0,0.0,0.0
2020-01-14,100000000.0,0.0,0.0
2020-01-15,100000000.0,0.0,0.0
2020-01-16,100000000.0,0.0,0.0
2020-01-17,100000000.0,0.0,0.0
2020-01-20,100000000.0,0.0,0.0
2020-01-21,100000000.0,0.0,0.0
2020-01-22,100000000.0,0.0,0.0
2020-01-30,100000000.0,0.0,0.0
2020-01-31,100000000.0,0.0,0.0
2020-02-03,100000000.0,0.0,0.0
2020-02-04,100000000.0,0.0,0.0
2020-02-05,100000000.0,0.0,0.0
2020-02-06,100000000.0,0.0,0.0
2020-02-07,100000000.0,0.0,0.0
2020-02-10,100000000.0,0.0,0.0
2020-02-11,100000000.0,0.0,0.0
2020-02-12,100000000.0,0.0,0.0
2020-02-13,100000000.0,0.0,0.0
2020-02-14,100000000.0,0.0,0.0
2020-02-17,100000000.0,0.0,0.0
2020-02-18,100000000.0,0.0,0.0
2020-02-19,100000000.0,0.0,0.0
2020-02-20,100000000.0,0.0,0.0
2020-02-21,100000000.0,0.0,0.0
2020-02-24,100000000.0,0.0,0.0
2020-02-25,100000000.0,0.0,0.0
2020-02-26,100000000.0,0.0,0.0
2020-02-27,100000000.0,0.0,0.0
2020-02-28,100000000.0,0.0,0.0
2020-03-02,100000000.0,0.0,0.0
2020-03-03,100000000.0,0.0,0.0
2020-03-04,100000000.0,0.0,0.0
2020-03-05,100000000.0,0.0,0.0
2020-03-06,100000000.0,0.0,0.0
2020-03-09,100000000.0,0.0,0.0
2020-03-10,100000000.0,0.0,0.0
2020-03-11,100000000.0,0.0,0.0
2020-03-12,100000000.0,0.0,0.0
2020-03-13,100000000.0,0.0,0.0
2020-03-16,100000000.0,0.0,0.0
2020-03-17,100000000.0,0.0,0.0
2020-03-18,100000000.0,0.0,0.0
2020-03-19,100000000.0,0.0,0.0
2020-03-20,100000000.0,0.0,0.0
2020-03-23,100000000.0,0.0,0.0
2020-03-24,100000000.0,0.0,0.0
2020-03-25,100000000.0,0.0,0.0
2020-03-26,100000000.0,0.0,0.0
2020-03-27,100000000.0,0.0,0.0
2020-03-30,100000000.0,0.0,0.0
2020-03-31,100000000.0,0.0,0.0
2020-04-01,100000000.0,0.0,0.0
2020-04-03,100000000.0,0.0,0.0
2020-04-06,100000000.0,0.0,0.0
2020-04-07,100000000.0,0.0,0.0
2020-04-08,100000000.0,0.0,0.0
2020-04-09,100000000.0,0.0,0.0
2020-04-10,100000000.0,0.0,0.0
2020-04-13,100000000.0,0.0,0.0
2020-04-14,100000000.0,0.0,0.0
2020-04-15,100000000.0,0.0,0.0
2020-04-16,100000000.0,0.0,0.0
2020-04-17,100000000.0,0.0,0.0
2020-04-20,100000000.0,0.0,0.0
2020-04-21,100000000.0,0.0,0.0
2020-04-22,100000000.0,0.0,0.0
2020-04-23,100000000.0,0.0,0.0
2020-04-24,100000000.0,0.0,0.0
2020-04-27,100000000.0,0.0,0.0
2020-04-28,100000000.0,0.0,0.0
2020-04-29,100000000.0,0.0,0.0
2020-05-04,100000000.0,0.0,0.0
2020-05-05,100000000.0,0.0,0.0
2020-05-06,100000000.0,0.0,0.0
2020-05-07,100000000.0,0.0,0.0
2020-05-08,100000000.0,0.0,0.0
2020-05-11,100000000.0,0.0,0.0
2020-05-12,100000000.0,0.0,0.0
2020-05-13,100000000.0,0.0,0.0
2020-05-14,100000000.0,0.0,0.0
2020-05-15,100000000.0,0.0,0.0
2020-05-18,100000000.0,0.0,0.0
2020-05-19,100000000.0,0.0,0.0
2020-05-20,100000000.0,0.0,0.0
2020-05-21,100000000.0,0.0,0.0
2020-05-22,100000000.0,0.0,0.0
2020-05-25,100000000.0,0.0,0.0
2020-05-26,100000000.0,0.0,0.0
2020-05-27,100000000.0,0.0,0.0
2020-05-28,100000000.0,0.0,0.0
2020-05-29,100000000.0,0.0,0.0
2020-06-01,100000000.0,0.0,0.0
2020-06-02,100000000.0,0.0,0.0
2020-06-03,100000000.0,0.0,0.0
2020-06-04,100000000.0,0.0,0.0
2020-06-05,100000000.0,0.0,0.0
2020-06-08,100000000.0,0.0,0.0
2020-06-09,100000000.0,0.0,0.0
2020-06-10,100000000.0,0.0,0.0
2020-06-11,100000000.0,0.0,0.0
2020-06-12,100000000.0,0.0,0.0
2020-06-15,100000000.0,0.0,0.0
2020-06-16,100000000.0,0.0,0.0
2020-06-17,100000000.0,0.0,0.0
2020-06-18,100000000.0,0.0,0.0
2020-06-19,100000000.0,0.0,0.0
2020-06-22,100000000.0,0.0,0.0
2020-06-23,100000000.0,0.0,0.0
2020-06-24,100000000.0,0.0,0.0
2020-06-25,100000000.0,0.0,0.0
2020-06-26,100000000.0,0.0,0.0
2020-06-29,100000000.0,0.0,0.0
2020-06-30,100000000.0,0.0,0.0
2020-07-01,100000000.0,0.0,0.0
2020-07-02,100000000.0,0.0,0.0
2020-07-03,100000000.0,0.0,0.0
2020-07-06,100000000.0,0.0,0.0
2020-07-07,100000000.0,0.0,0.0
2020-07-08,100000000.0,0.0,0.0
2020-07-09,100000000.0,0.0,0.0
2020-07-10,100000000.0,0.0,0.0
2020-07-13,100000000.0,0.0,0.0
2020-07-14,100000000.0,0.0,0.0
2020-07-15,100000000.0,0.0,0.0
2020-07-16,100000000.0,0.0,0.0
2020-07-17,100000000.0,0.0,0.0
2020-07-20,100000000.0,0.0,0.0
2020-07-21,100000000.0,0.0,0.0
2020-07-22,100000000.0,0.0,0.0
2020-07-23,100000000.0,0.0,0.0
2020-07-24,100000000.0,0.0,0.0
2020-07-27,100000000.0,0.0,0.0
2020-07-28,100000000.0,0.0,0.0
2020-07-29,100000000.0,0.0,0.0
2020-07-30,100000000.0,0.0,0.0
2020-07-31,100000000.0,0.0,0.0
2020-08-03,100000000.0,0.0,0.0
2020-08-04,100000000.0,0.0,0.0
2020-08-05,100000000.0,0.0,0.0
2020-08-06,100000000.0,0.0,0.0
2020-08-07,100000000.0,0.0,0.0
2020-08-10,100000000.0,0.0,0.0
2020-08-11,100000000.0,0.0,0.0
2020-08-12,100000000.0,0.0,0.0
2020-08-13,100000000.0,0.0,0.0
2020-08-14,100000000.0,0.0,0.0
2020-08-17,100000000.0,0.0,0.0
2020-08-18,100000000.0,0.0,0.0
2020-08-19,100000000.0,0.0,0.0
2020-08-20,100000000.0,0.0,0.0
2020-08-21,100000000.0,0.0,0.0
2020-08-24,100000000.0,0.0,0.0
2020-08-25,100000000.0,0.0,0.0
2020-08-26,100000000.0,0.0,0.0
2020-08-27,100000000.0,0.0,0.0
2020-08-28,100000000.0,0.0,0.0
2020-08-31,100000000.0,0.0,0.0
2020-09-01,100000000.0,0.0,0.0
2020-09-03,100000000.0,0.0,0.0
2020-09-04,100000000.0,0.0,0.0
2020-09-07,100000000.0,0.0,0.0
2020-09-08,100000000.0,0.0,0.0
2020-09-09,100000000.0,0.0,0.0
2020-09-10,100000000.0,0.0,0.0
2020-09-11,100000000.0,0.0,0.0
2020-09-14,100000000.0,0.0,0.0
2020-09-15,100000000.0,0.0,0.0
2020-09-16,100000000.0,0.0,0.0
2020-09-17,100000000.0,0.0,0.0
2020-09-18,100000000.0,0.0,0.0
2020-09-21,100000000.0,0.0,0.0
2020-09-22,100000000.0,0.0,0.0
2020-09-23,100000000.0,0.0,0.0
2020-09-24,100000000.0,0.0,0.0
2020-09-25,100000000.0,0.0,0.0
2020-09-28,100000000.0,0.0,0.0
2020-09-29,100000000.0,0.0,0.0
2020-09-30,100000000.0,0.0,0.0
2020-10-01,100000000.0,0.0,0.0
2020-10-02,100000000.0,0.0,0.0
2020-10-05,100000000.0,0.0,0.0
2020-10-06,100000000.0,0.0,0.0
2020-10-07,100000000.0,0.0,0.0
2020-10-08,100000000.0,0.0,0.0
2020-10-09,100000000.0,0.0,0.0
2020-10-12,100000000.0,0.0,0.0
2020-10-13,100000000.0,0.0,0.0
2020-10-14,100000000.0,0.0,0.0
2020-10-15,100000000.0,0.0,0.0
2020-10-16,100000000.0,0.0,0.0
2020-10-19,100000000.0,0.0,0.0
2020-10-20,100000000.0,0.0,0.0
2020-10-21,100000000.0,0.0,0.0
2020-10-22,100000000.0,0.0,0.0
2020-10-23,100000000.0,0.0,0.0
2020-10-26,100000000.0,0.0,0.0
2020-10-27,100000000.0,0.0,0.0
2020-10-28,100000000.0,0.0,0.0
2020-10-29,100000000.0,0.0,0.0
2020-10-30,100000000.0,0.0,0.0
2020-11-02,100000000.0,0.0,0.0
2020-11-03,100000000.0,0.0,0.0
2020-11-04,100000000.0,0.0,0.0
2020-11-05,100000000.0,0.0,0.0
2020-11-06,100000000.0,0.0,0.0
2020-11-09,100000000.0,0.0,0.0
2020-11-10,100000000.0,0.0,0.0
2020-11-11,100000000.0,0.0,0.0
2020-11-12,100000000.0,0.0,0.0
2020-11-13,100000000.0,0.0,0.0
2020-11-16,100000000.0,0.0,0.0
2020-11-17,100000000.0,0.0,0.0
2020-11-18,100000000.0,0.0,0.0
2020-11-19,100000000.0,0.0,0.0
2020-11-20,100000000.0,0.0,0.0
2020-11-23,100000000.0,0.0,0.0
2020-11-24,100000000.0,0.0,0.0
2020-11-25,100000000.0,0.0,0.0
2020-11-26,100000000.0,0.0,0.0
2020-11-27,100000000.0,0.0,0.0
2020-11-30,100000000.0,0.0,0.0
2020-12-01,100000000.0,0.0,0.0
2020-12-02,100000000.0,0.0,0.0
2020-12-03,100000000.0,0.0,0.0
2020-12-04,100000000.0,0.0,0.0
2020-12-07,100000000.0,0.0,0.0
2020-12-08,100000000.0,0.0,0.0
2020-12-09,100000000.0,0.0,0.0
2020-12-10,100000000.0,0.0,0.0
2020-12-11,100000000.0,0.0,0.0
2020-12-14,100000000.0,0.0,0.0
2020-12-15,100000000.0,0.0,0.0
2020-12-16,100000000.0,0.0,0.0
2020-12-17,100000000.0,0.0,0.0
2020-12-18,100000000.0,0.0,0.0
2020-12-21,100000000.0,0.0,0.0
2020-12-22,100000000.0,0.0,0.0
2020-12-23,100000000.0,0.0,0.0
2020-12-24,100000000.0,0.0,0.0
2020-12-25,100000000.0,0.0,0.0
2020-12-28,100000000.0,0.0,0.0
2020-12-29,100000000.0,0.0,0.0
2020-12-30,100000000.0,0.0,0.0
2020-12-31,100000000.0,0.0,0.0
2021-01-04,100000000.0,0.0,0.0
2021-01-05,99960000.0,-0.0004,-0.00039999999999995595
2021-01-06,99996376.86431429,0.0003639142088264096,-3.623135685715262e-05
2021-01-07,100362419.0614769,0.0036605545984860857,0.0
2021-01-08,100835318.29756275,0.004711915480994665,0.0
2021-01-11,100580680.24736267,-0.0025252863232765703,-0.002525286323276532
2021-01-12,100362419.0614769,-0.0021700110334210545,-0.004689817457513512
2021-01-13,100944448.89050564,0.00579928059199349,0.0
2021-01-14,101744739.90542015,0.00792803392074177,0.0
2021-01-15,101987923.42088032,0.002390133540920364,0.0
2021-01-18,102464895.9988441,0.004676755462462256,0.0
2021-01-19,100557005.68698898,-0.01861994093935005,-0.018619940939350044
2021-01-20,100557005.68698898,0.0,-0.018619940939350044
2021-01-21,101033978.26495276,0.004743305299369107,-0.013964955704512505
2021-01-22,101033978.26495276,0.0,-0.013964955704512505
2021-01-25,101033978.26495276,0.0,-0.013964955704512505
2021-01-26,100318519.3980071,-0.007081368854638593,-0.020947433556768758
2021-01-27,98336159.65277937,-0.01976065592996686,-0.04029415445960449
2021-01-28,96660436.86648268,-0.017040758884764248,-0.05664827037375719
2021-01-29,97345959.82451314,0.007092073864484774,-0.0499579502270584
2021-02-01,95746406.25577538,-0.016431637960335456,-0.06556869723602232
2021-02-02,95746406.25577538,0.0,-0.06556869723602232
2021-02-03,96965113.73671843,0.012728493199916233,-0.053674794753002186
2021-02-04,97041282.95427738,0.0007855321839333508,-0.052931425847813296
2021-02-05,97193621.38939527,0.0015698312149238821,-0.05144468803743574
2021-02-08,95900937.68444528,-0.01330008787069471,-0.06406055703675206
2021-02-09,97578820.7947329,0.017496003175782995,-0.04768535757032655
2021-02-17,99368562.77903971,0.0183415004375972,-0.030218478139472427
2021-02-18,99088915.59399177,-0.0028142420220948062,-0.03294767805054344
2021-02-19,98921127.28296301,-0.0016933105991013334,-0.03458519799718596
2021-02-22,99760068.83810681,0.008480913816762504,-0.026397598263973254
2021-02-23,99592280.52707805,-0.0016819185570236003,-0.028035118210615884
2021-02-24,98585550.66090548,-0.01010851303780365,-0.037860237890471105
2021-02-25,97554532.26601073,-0.010458108596877815,-0.047922400007986754
2021-02-26,98347826.52296883,0.008131803192853719,-0.040180292340527224
2021-03-01,100094026.79429097,0.017755351928538315,-0.023138355643086528
2021-03-02,100825382.1603154,0.007306683420055329,-0.01600073686257586
2021-03-03,100570479.801473,-0.0025281566345772472,-0.01848844112809589
2021-03-04,99808154.98998176,-0.00758000571336725,-0.025928304352080933
2021-03-05,100634800.95744258,0.00828234894777687,-0.017860702668572093
2021-03-08,100539510.35600618,-0.000946895115107385,-0.018790685571570265
2021-03-09,100360364.66659355,-0.0017818436630363157,-0.020539047170596736
2021-03-10,100509835.2317045,0.001489338601025482,-0.01908029816535073
2021-03-11,100435099.94914903,-0.0007435618850950178,-0.019809672667973732
2021-03-12,99986688.25381613,-0.00446469108468985,-0.02418591968371231
2021-03-15,99762482.40614967,-0.0022423569735334262,-0.026374043191581653
2021-03-16,99687747.1235942,-0.0007491321462031795,-0.027103417694204657
2021-03-17,101331923.33981483,0.016493262849868205,-0.01105717863649669
2021-03-18,101331923.33981483,0.0,-0.01105717863649669
2021-03-19,101025900.95272881,-0.0030199997888106615,-0.014043785748160342
2021-03-22,100858203.28722697,-0.0016599472404636177,-0.0156804210452256
2021-03-23,100634606.3998912,-0.002216942995692789,-0.017862601441312687
2021-03-24,100411009.51255542,-0.0022218687520600172,-0.020044781837399772
2021-03-25,99935866.12696688,-0.004731984947618016,-0.024681915179084912
2021-03-26,100019714.9597178,0.0008390264276529902,-0.023863597530552227
2021-03-29,100634606.3998912,0.006147702384685314,-0.017862601441312687
2021-03-30,100886152.89814395,0.0024996023460675193,-0.015407648495714743
2021-03-31,100638216.67670433,-0.0024575842602496175,-0.01782736716153377
2021-04-01,100709045.40752898,0.0007037955675643914,-0.01713611841595908
2021-04-02,100999443.20391001,0.0028835324096847855,-0.014301998559102858
2021-04-05,101073813.37127589,0.0007363423500833687,-0.013576187376249438
2021-04-06,100783415.57489485,-0.0028731259531518715,-0.01641030723310577
2021-04-07,100783415.57489485,0.0,-0.01641030723310577
2021-04-08,100854244.3057195,0.0007027816076744751,-0.015719058487530968
2021-04-09,101799807.86222848,0.009375545501513066,-0.0064908877341086635
2021-04-12,102812658.71302086,0.009949437745139237,0.0
2021-04-13,102161034.38943416,-0.006337977557856661,-0.0063379775578567
2021-04-14,102231863.1202588,0.0006933047540869436,-0.005649066953741899
2021-04-15,102377062.01844932,0.0014202900520332471,-0.004236800215306258
2021-04-16,102957857.61121139,0.005673102756723015,0.0
2021-04-19,103613023.37133934,0.006363436218748629,0.0
2021-04-20,104264647.69492605,0.00628901949180034,0.0
2021-04-22,102741829.98219623,-0.014605312024700133,-0.014605312024700168
2021-04-23,104629415.65867296,0.01837212435094669,0.0
2021-04-26,105497067.61127484,0.008292619691506022,0.0
2021-04-27,105281039.98225968,-0.0020477121678031834,-0.002047712167803195
2021-04-28,105135841.08406916,-0.0013791552421497729,-0.0034240432969823154
2021-04-29,106658658.79679897,0.014484287156766357,0.0
2021-05-04,106658658.79679897,0.0,0.0
2021-05-05,106368261.00041795,-0.0027226837432324986,-0.002722683743232479
2021-05-06,105642266.50946535,-0.006825292470934948,-0.009529393101314065
2021-05-07,106803857.6949895,0.010995515563082644,0.0
2021-05-10,107094255.49137053,0.002718982278808174,0.0
2021-05-11,106878227.86235537,-0.0020171728915242305,-0.002017172891524255
2021-05-12,107675051.0841326,0.007455430705713333,0.0
2021-05-13,108691443.37146622,0.009439440957770783,0.0
2021-05-14,109343067.69505294,0.005995175916099595,0.0
2021-05-17,108546244.4732757,-0.007287368450275166,-0.007287368450275111
2021-05-18,108836642.26965675,0.002675337113598047,-0.0046315275039525705
2021-05-19,109534932.32504079,0.006415946328571371,0.0
2021-05-20,111184405.32192346,0.015058876304300148,0.0
2021-05-21,111639543.66352904,0.004093544776245965,0.0
2021-05-24,110329003.47422501,-0.011739032123365422,-0.011739032123365467
2021-05-25,111581440.89651556,0.011351842061939246,-0.000520449700050607
2021-05-26,112717672.78477916,0.010182982753533165,0.0
2021-05-27,113740927.07051656,0.009078028852593295,0.0
2021-05-28,115335525.23188648,0.014019563603357202,0.0
2021-05-31,117559570.03590244,0.019283258991923236,0.0
2021-06-01,117114115.4887991,-0.0037891814929852546,-0.0037891814929852385
2021-06-02,118389148.4315949,0.010887098770922652,0.0
2021-06-03,120868199.82417002,0.02093985323331828,0.0
2021-06-04,121568660.95983252,0.0057952475231820635,0.0
2021-06-07,119405946.85433078,-0.01779006273842502,-0.017790062738424983
2021-06-08,116797778.2017257,-0.0218428706552355,-0.03924434735431659
2021-06-09,118515037.76012409,0.014702844393430491,-0.02511850649335834
2021-06-10,118260031.17156494,-0.0021516812834780274,-0.02721614075654566
2021-06-11,120487303.90708165,0.01883368973821351,-0.008895031369212547
2021-06-14,123160031.1897017,0.02218264660217837,0.0
2021-06-15,126019978.49936518,0.02322139156702824,0.0
2021-06-16,128821823.04201518,0.022233336142523732,0.0
2021-06-17,131110426.47604612,0.017765650104831294,0.0
2021-06-18,131110426.47604612,0.0,0.0
2021-06-21,129838621.46475106,-0.009700258366007292,-0.009700258366007297
2021-06-22,128185920.53636765,-0.012728885363528676,-0.022305670252798504
2021-06-23,127675907.35924935,-0.0039786988694566145,-0.02619562157723776
2021-06-24,126404102.3479543,-0.009961198143017668,-0.03589587994324506
2021-06-25,129457725.5476627,0.024157627347430953,-0.012605411886791207
2021-06-28,130029069.42329526,0.004413362533719175,-0.008247681605615287
2021-06-29,130029069.42329526,0.0,-0.008247681605615287
2021-06-30,129073601.6990736,-0.007348108607247216,-0.015535185352666403
2021-07-01,132256342.15881196,0.024658337706874436,0.0
2021-07-02,135180848.09849042,0.022112406043762696,0.0
2021-07-05,134293166.9357845,-0.006566619274789421,-0.006566619274789409
2021-07-06,131746328.98169364,-0.018964762036691566,-0.025406846939549088
2021-07-07,131620439.65316445,-0.0009555433498772214,-0.026338112945791803
2021-07-08,130474523.9703986,-0.008706213759697703,-0.03481502146415638
2021-07-09,127295011.44216098,-0.024368837927003877,-0.05833545777567506
2021-07-12,124176829.61243758,-0.024495711139004145,-0.08140220039184476
2021-07-13,124302718.94096678,0.0010137908088176846,-0.08047093438560182
2021-07-14,122600549.99483664,-0.013693738645721234,-0.09306272508726965
2021-07-15,122698252.68324636,0.0007969188426465515,-0.09233996968379321
2021-07-16,123186766.12529492,0.003981421343543451,-0.08872619266641091
2021-07-19,122405144.61801723,-0.006345011983533195,-0.09450823589422253
2021-07-20,122893658.06006578,0.003990955147947627,-0.09089445887684033
2021-07-21,123186766.12529492,0.0023850544434594625,-0.08872619266641091
2021-07-22,123772982.25575319,0.004758758987649835,-0.08438966024555239
2021-07-23,123577576.87893377,-0.0015787401519957646,-0.08583517105250515
2021-07-26,123477496.7745106,-0.000809856504317216,-0.08657551338524638
2021-07-27,123161171.91901845,-0.0025618016541898224,-0.08891552574603356
2021-07-28,122159476.5432933,-0.008133207569539773,-0.09632556488852606
2021-07-29,124215588.10399228,0.01683137173537495,-0.08111548454340989
2021-07-30,124004704.86699753,-0.0016977195874821162,-0.08267549278393449
2021-08-02,124110146.48549491,0.0008503033704283965,-0.08189548866367213
2021-08-03,124900958.62422529,0.006371857266503197,-0.07604545776170435
2021-08-04,124637354.57798183,-0.0021105045881716026,-0.07799546806236024
2021-08-05,125270004.28896612,0.005075923772021812,-0.07331544334078621
2021-08-06,125270004.28896612,0.0,-0.07331544334078621
2021-08-09,126166258.0461939,0.007154575928331162,-0.06668540831855596
2021-08-10,126429862.09243736,0.002089338705337082,-0.06473539801790007
2021-08-11,125797212.38145305,-0.005003957929826356,-0.06941542273947421
2021-08-12,125586329.14445828,-0.0016763744840014021,-0.07097543097999903
2021-08-13,127642440.70515727,0.016372096984647914,-0.05576535063488286
2021-08-16,127536999.08665988,-0.0008260702154775258,-0.056545354755145216
2021-08-17,126746058.27338168,-0.006201657706723704,-0.062396337526772205
2021-08-18,126453773.4149337,-0.0023060666535092357,-0.06455851406700985
2021-08-19,126161488.55648571,-0.0023113968887975168,-0.0667206906072475
2021-08-20,124225101.36926779,-0.015348480819096797,-0.0810451101863221
2021-08-23,122654070.25510985,-0.012646647874232319,-0.09266680909009961
2021-08-24,123823209.6889018,0.00953200681689765,-0.08401810292914902
2021-08-25,123530924.83045381,-0.0023605013888941466,-0.08618027946938667
2021-08-26,123896280.90351379,0.0029576081743209427,-0.08347755879408958
2021-08-27,124821492.39407644,0.007467629244522447,-0.07663330900887921
2021-08-30,124870212.86127928,0.0003903211399606237,-0.07627289946944993
2021-08-31,124772771.9268736,-0.0007803376976215575,-0.0769937185483085
2021-09-01,124529169.59085938,-0.0019523677502090023,-0.07879576624545515
2021-09-06,124675330.99246791,0.0011737121679100569,-0.07771453762716718
2021-09-07,124285567.2548452,-0.0031262298204466376,-0.08059781394260157
2021-09-08,124285567.2548452,0.0,-0.08059781394260157
2021-09-09,124236846.78764236,-0.0003920042228470651,-0.08095822348203086
2021-09-10,123749135.56058688,-0.003925656837452727,-0.08456606611592332
2021-09-13,124579396.80537634,0.006709228642514113,-0.07842421054637894
2021-09-14,124164924.07620253,-0.0033269765290429017,-0.08149027156762534
2021-09-15,124267555.41866462,0.0008265727477037372,-0.08073105645760237
2021-09-16,123905714.14716366,-0.0029117919820816924,-0.08340777639678576
2021-09-17,125201763.79235798,0.01045996671029227,-0.07382025225098343
2021-09-20,126032025.03714743,0.006631386169338682,-0.06767839668143905
2021-09-21,126238603.50851342,0.0016390950736933734,-0.06615023293434164
2021-09-22,124892341.57915798,-0.010664423495976426,-0.07610920233194873
2021-09-23,124549892.62152909,-0.002741953215857062,-0.07864246767571548
2021-09-24,124250249.78360379,-0.0024058056704699656,-0.08085907485151145
2021-09-27,123565351.86834598,-0.0055122457818043875,-0.08592560553904494
2021-09-28,124421474.26241824,0.006928498815626157,-0.07959244217962802
2021-09-29,124335862.02301101,-0.0006880825027572093,-0.08022575851556968
2021-09-30,125149178.29737966,0.006541284719754644,-0.07420925332412365
2021-10-01,126048106.81115554,0.007182855900498602,-0.06755943179673585
2021-10-04,126159443.33356708,0.0008832859550865275,-0.06673582013888901
2021-10-05,126604028.32444623,0.0035239929658191357,-0.06344700373380752
2021-10-06,127104186.43918525,0.003950570304582,-0.05974708527809103
2021-10-07,126993040.19146547,-0.0008744499361786094,-0.060569289379361346
2021-10-08,125992723.96198742,-0.007876937413025822,-0.06796912629079443
2021-10-11,127382052.0584847,0.011027050235983858,-0.057691575024915065
2021-10-12,126881893.94374567,-0.003926441022549973,-0.061391493480631776
2021-10-13,129104818.89814134,0.017519638817664735,-0.04494741145522474
2021-10-14,130162661.0445705,0.008193668954090415,-0.03712202671094167
2021-10-15,130162661.0445705,0.0,-0.03712202671094167
2021-10-18,130375523.55192214,0.0016353576797169824,-0.035547376822693044
2021-10-19,131865561.10338357,0.01142881355999326,-0.024524827604953225
2021-10-20,133994186.17689988,0.016142388169473994,-0.008778328722467865
2021-10-21,134632773.6989548,0.004765785294683187,-0.004054379057722102
2021-10-22,134632773.6989548,0.0,-0.004054379057722102
2021-10-25,134632773.6989548,0.0,-0.004054379057722102
2021-10-26,135484223.7283613,0.006324240420912668,0.0
2021-10-27,135484223.7283613,0.0,0.0
2021-10-28,135909948.74306458,0.003142247879404984,0.0
2021-10-29,136974261.27982274,0.007831012715413638,0.0
2021-11-01,137612848.80187765,0.004662098675241982,0.0
2021-11-02,137187123.78717437,-0.0030936429149591516,-0.0030936429149591715
2021-11-03,135058498.71365803,-0.015516216207131709,-0.018561857489754696
2021-11-04,135484223.7283613,0.0031521527246194804,-0.015468214574795525
2021-11-05,135581843.5791132,0.0007205255937960678,-0.014758834225490958
2021-11-08,137320199.1093067,0.012821447800856626,-0.0021266160472579454
2021-11-09,138268393.0348668,0.006904985076560774,0.0
2021-11-10,138215715.5945579,-0.00038097962341701,-0.0003809796234169882
2021-11-11,137794296.07208675,-0.0030489985936718806,-0.003428816610752894
2021-11-12,138479102.79610237,0.004969775553389876,0.0
2021-11-15,138637135.11702907,0.0011411997748092288,0.0
2021-11-16,138268393.0348668,-0.0026597641523029977,-0.002659764152302957
2021-11-17,140677968.46458665,0.01742679853892725,0.0
2021-11-18,142397458.73920143,0.012222882469671393,0.0
2021-11-19,143806505.18022954,0.009895165640622585,0.0
2021-11-22,144933458.82270172,0.007836597107062656,0.0
2021-11-23,143383365.98239565,-0.010695203529243821,-0.010695203529243802
2021-11-24,144172942.30800194,0.005506749825521806,-0.005247349513890609
2021-11-25,143919200.54447675,-0.0017599818624989296,-0.006998096136418885
2021-11-26,143383365.98239565,-0.0037231624415222093,-0.010695203529243802
2021-11-29,143659363.82238385,0.0019248944122436655,-0.00879089625451146
2021-11-30,145072913.0906653,0.009839590199140307,0.0
2021-12-01,145274848.7004198,0.0013919594323462737,0.0
2021-12-02,145274848.7004198,0.0,0.0
2021-12-03,144870977.4809108,-0.002780049149057131,-0.002780049149057162
2021-12-06,144063235.04189286,-0.005575598736637124,-0.008340147447170931
2021-12-07,145274848.7004198,0.008410290510098749,0.0
2021-12-08,149515496.50526416,0.02919051606509844,0.0
2021-12-09,148707754.06624618,-0.005402399469606431,-0.0054023994696064115
2021-12-10,148303882.8467372,-0.0027158719600395525,-0.008103599204409506
2021-12-13,148707754.06624618,0.002723268007260143,-0.0054023994696064115
2021-12-14,147294204.79796472,-0.009505551860138734,-0.014856598541417632
2021-12-15,146890333.57845575,-0.0027419355708049984,-0.017557798276220726
2021-12-16,146688397.96870124,-0.001374737226303913,-0.01890839814362244
2021-12-17,146688397.96870124,0.0,-0.01890839814362244
2021-12-20,145880655.5296833,-0.005506518921764342,-0.02431079761322863
2021-12-21,144955110.98494172,-0.006344532394517821,-0.03050108936475282
2021-12-22,147355214.32651523,0.016557562719005024,-0.014448550345902644
2021-12-23,148421926.92277014,0.007239055646115468,-0.007314088559746801
2021-12-24,146555179.87932405,-0.012577299608954928,-0.019799396685519444
2021-12-27,147355214.32651523,0.005458929857340698,-0.014448550345902644
2021-12-28,144821771.91040987,-0.017192757159523807,-0.031392897088022176
2021-12-29,147221875.25198337,0.016572807457833526,-0.015340358069172
2021-12-30,146688518.95385593,-0.0036228060348678193,-0.018907588962249755
2021-12-31,144040665.39701468,-0.018050857529444374,-0.03661714829711127
2022-01-04,142170389.95291215,-0.012984357153221594,-0.04912605531891068
2022-01-05,141810721.59827703,-0.0025298401077344175,-0.051531614361564615
2022-01-06,139472877.29314885,-0.016485666801349885,-0.0671677481388141
2022-01-07,139940446.15417448,0.003352399908140414,-0.06404052138336425
2022-01-10,138861441.09026915,-0.007710458938487108,-0.07125719851132561
2022-01-11,136703430.96245852,-0.015540744146589819,-0.08569055276724813
2022-01-12,136991165.64616662,0.0021048095258641986,-0.08376610553312502
2022-01-13,137751463.99191642,0.005549980848499121,-0.07868102496608809
2022-01-14,136228211.28807893,-0.011057978330646796,-0.08886895022762675
2022-01-17,133943332.23232274,-0.0167724367379706,-0.10415083811993464
2022-01-18,134133738.82030243,0.0014215458493255328,-0.10287734746224231
2022-01-19,136228211.28807893,0.015614807178248048,-0.08886895022762675
2022-01-20,135371381.64217037,-0.006289663776738907,-0.09459965818724214
2022-01-21,134990568.466211,-0.002813099573482886,-0.09714663950262692
2022-01-24,132991299.29242432,-0.014810435991956727,-0.11051829140839631
2022-01-25,133365641.72535694,0.002814788899155745,-0.10801458816905052
2022-01-26,133520689.49533337,0.001162576567477032,-0.10697758683072456
2022-01-27,132517681.35504329,-0.00751200539842282,-0.1136859760193647
2022-01-28,132556100.27149764,0.0002899153989225971,-0.11342901993553167
2022-02-07,133211966.05953957,0.004947835570740303,-0.10904241250438262
2022-02-08,135141144.50721103,0.014482020682805663,-0.0961395462947684
2022-02-09,136491294.9997492,0.009990669366176198,-0.0871093753486375
2022-02-10,136259409.39686412,-0.0016989039695573503,-0.0886602888546294
2022-02-11,136261914.91439027,1.838784959688378e-05,-0.08864353127708913
2022-02-14,135578332.62794304,-0.005016678995570432,-0.09321551413120865
2022-02-15,135834675.98536074,0.001890739858271938,-0.09150102056091391
2022-02-16,134980198.1273017,-0.006290572358350809,-0.09721599912856327
2022-02-17,135492884.84213713,0.003798236496526055,-0.09378701198797357
2022-02-18,135749228.19955486,0.0018919322421719659,-0.0920725184176786
2022-02-21,135578332.62794304,-0.0012589063958477963,-0.09321551413120865
2022-02-22,135492884.84213713,-0.0006302466194240525,-0.09378701198797357
2022-02-23,137687844.30618334,0.016199813492815945,-0.07910653059741135
2022-02-24,140081025.69121134,0.017381210353661778,-0.06310028749241148
2022-02-25,140169662.03880498,0.0006327505610147481,-0.06250746367370785
2022-02-28,139371934.91046232,-0.005691153968266065,-0.06784287804204103
2022-03-01,139874207.5468262,0.0036038291115537157,-0.06448354306938675
2022-03-02,140760571.0227625,0.006336861466325465,-0.058555304882349835
2022-03-03,140878752.81955403,0.0008395944683430732,-0.057764873124078187
2022-03-04,141646934.4986988,0.005452785915337447,-0.05262706669531292
2022-03-07,141646934.4986988,0.0,-0.05262706669531292
2022-03-08,138958298.62169203,-0.0189812500109663,-0.07060938919599169
2022-03-09,138662844.12971327,-0.00212620976875319,-0.0725854685916707
2022-03-10,141115116.41313702,0.017685143405321718,-0.05618400960753511
2022-03-11,141262843.6591264,0.0010468562812001457,-0.055195969909695664
2022-03-14,140110571.14040923,-0.008156939849644081,-0.06290267955284357
2022-03-15,140908298.2687519,0.005693554182597905,-0.057567265184510386
2022-03-16,143537843.2473629,0.018661391918847376,-0.03998015856296733
2022-03-17,146315115.47196332,0.019348710847036005,-0.02140501224358482
2022-03-18,146019660.97998455,-0.0020193025923926438,-0.02338109163926383
2022-03-21,146699206.31153572,0.004653793379538884,-0.018836109029202186
2022-03-22,145487842.89442277,-0.008257464014770819,-0.026938034551486023
2022-03-23,147260569.84629536,0.0121847084718894,-0.015081558177412191
2022-03-24,147556024.33827412,0.0020063381004646933,-0.013105478781733182
2022-03-25,149181024.04415733,0.011012764224101565,-0.0022370421054987988
2022-03-28,148885569.5521786,-0.0019805098796699555,-0.004213121501177586
2022-03-29,149195274.34843278,0.002080153215558264,-0.0021417322238574954
2022-03-30,146597809.71139407,-0.01740983183537403,-0.019514276861377855
2022-03-31,145935710.882345,-0.0045164305684549395,-0.023942572553294683
2022-04-01,147005255.14465505,0.007328872801889707,-0.016789171820198123
2022-04-04,144560582.54508922,-0.016629831342833593,-0.03313980206727596
2022-04-05,145069889.33666542,0.0035231373767973797,-0.029733420765801433
2022-04-06,143491038.28277916,-0.010883382217395963,-0.04029320280037263
2022-04-07,144815235.94087732,0.009228434569471526,-0.03143661141653875
2022-04-08,144247127.04724324,-0.0039229911821296115,-0.035236277049285225
2022-04-12,143587405.44680852,-0.0045735510574061635,-0.03964867319453358
2022-04-13,146030818.78175196,0.01701690567734785,-0.023306465249169128
2022-04-14,148547534.51674372,0.017234141094237626,-0.006473991065443552
2022-04-15,148352061.44994822,-0.0013158957328468157,-0.007781367701072961
2022-04-18,147619037.4494652,-0.004941110985035738,-0.012684030084682218
2022-04-19,149647070.51746824,0.013738289471622658,0.0
2022-04-20,149231690.25052786,-0.0027757326989698602,-0.0027757326989699127
2022-04-21,148594188.96263355,-0.004271889481544311,-0.007035764557193902
2022-04-22,147374231.9148,-0.008209991631236266,-0.015187992620296242
2022-04-25,144876224.62637883,-0.01695009538618191,-0.03188065008283947
2022-04-26,145457156.55391863,0.004009849987725456,-0.027998636719457348
2022-04-27,145689529.32493454,0.0015975341229070117,-0.02644583137410461
2022-04-28,145108597.39739475,-0.003987465195553831,-0.03032784473748673
2022-04-29,145457156.55391863,0.0024020572369624553,-0.027998636719457348
2022-05-04,147838977.4568318,0.016374724759797434,-0.012082381929590658
2022-05-05,148013257.03509375,0.0011788472922361112,-0.01091777792057591
2022-05-06,145689529.32493454,-0.01569945663453821,-0.02644583137410461
2022-05-09,143307708.42202136,-0.01634860730177085,-0.0423620861639713
2022-05-10,143307708.42202136,0.0,-0.0423620861639713
2022-05-11,143714360.7712992,0.0028376167182878895,-0.03964467680960393
2022-05-12,141506819.44664794,-0.015360617497121644,-0.054396327590456206
2022-05-13,139415464.50750467,-0.01477918129544117,-0.06837157569863184
2022-05-16,139357371.31475067,-0.00041669116807965947,-0.06875977703497016
2022-05-17,141170161.05524093,0.013008208488633984,-0.05664601006163905
2022-05-18,141442541.0938186,0.0019294448383542716,-0.0548258605750116
2022-05-19,141442541.0938186,0.0,-0.0548258605750116
2022-05-20,141079367.70904836,-0.0025676389999904773,-0.05725272655718161
2022-05-23,140353020.93950784,-0.005148497482909636,-0.06210645852152186
2022-05-24,140353020.93950784,0.0,-0.06210645852152186
2022-05-25,141805714.47858888,0.010350283373716252,-0.052398994592841364
2022-05-26,141714921.1323963,-0.0006402657786141429,-0.05300571108838392
2022-05-27,143258408.01766992,0.010891491685844515,-0.04269153066416076
2022-05-30,143439994.71005505,0.0012675464909727297,-0.04147809767307564
2022-05-31,143076821.32528478,-0.0025318837016438897,-0.04390496365524588
2022-06-01,142895234.63289964,-0.0012691552041983111,-0.045118396646330994
2022-06-02,141624127.78620374,-0.008895376042185002,-0.05361242758392648
2022-06-03,141442541.0938186,-0.0012821734207554023,-0.0548258605750116
2022-06-06,141805714.47858888,0.0025676389999906876,-0.052398994592841364
2022-06-07,141260954.40143347,-0.0038415946716848573,-0.056039293566096715
2022-06-08,142325747.8451511,0.007537776084194597,-0.04892392912871979
2022-06-09,143299790.7874504,0.006843757767280835,-0.04241499488141953
2022-06-10,143084192.34962922,-0.0015045272336856813,-0.04385570760018942
2022-06-13,141134181.4789786,-0.01362841582028661,-0.05688643960120776
2022-06-14,139511418.23716375,-0.011498017169260702,-0.06773037551123573
2022-06-15,138537375.29486442,-0.006981815213458032,-0.0742393097585361
2022-06-16,140269862.74164188,0.01250555991182898,-0.06266215398270536
2022-06-17,139911815.33597454,-0.002552561175074433,-0.06505476617637707
2022-06-20,137516584.4596476,-0.01711957543096133,-0.08106063163063826
2022-06-21,135199516.5061691,-0.016849371023742944,-0.09654418199661763
2022-06-22,137428011.5256461,0.01648301027300859,-0.08165251046725852
2022-06-23,139387244.82575864,0.014256433447317425,-0.068560150601224
2022-06-24,139833652.41312605,0.0032026430246573016,-0.06557708126465911
2022-06-27,140010798.28112897,0.001266832875676877,-0.06439332359141925
2022-06-28,142508555.01997045,0.01783974357339357,-0.04770234039873522
2022-06-29,143043535.54133934,0.0037540238990839635,-0.04412739222555029
2022-06-30,141320694.89164,-0.01204416993175782,-0.055640084346698315
2022-07-01,141478550.46527532,0.0011170025292923185,-0.05458523193235121
2022-07-04,140844994.9873066,-0.004478102693907818,-0.05881889635209525
2022-07-05,140685006.23024377,-0.0011359207835339928,-0.059888003528798306
2022-07-06,139972522.9654574,-0.0050643866313679455,-0.06464909415571574
2022-07-07,140448222.86979082,0.003398523469144058,-0.0614702821503188
2022-07-08,141557478.25209296,0.007897966664416415,-0.05405780572517782
2022-07-11,140923922.77412426,-0.004475605851359008,-0.05829147014492164
2022-07-12,141207591.17609245,0.0020129187180153267,-0.056395887418261625
2022-07-13,142550550.99596915,0.009510535578798785,-0.047421706933252206
2022-07-14,142550550.99596915,0.0,-0.047421706933252206
2022-07-15,141930723.38679528,-0.004348124962290681,-0.05156363638787187
2022-07-18,141827418.7852663,-0.0007278522864104804,-0.05225395796364185
2022-07-19,141517504.9806794,-0.002185147323707145,-0.05432492269095168
2022-07-20,142034027.98832428,0.0036498877486245236,-0.05087331481210178
2022-07-21,141930723.38679528,-0.0007273229027729482,-0.05156363638787187
2022-07-22,142125559.78492454,0.0013727570287814191,-0.050261663703371484
2022-07-25,141693873.4808536,-0.003037358689909196,-0.053146359692262
2022-07-26,141693873.4808536,0.0,-0.053146359692262
2022-07-27,141855755.8448802,0.0011424796291455781,-0.05206459869642799
2022-07-28,142719128.45302212,0.006086271247858495,-0.04629520671864684
2022-07-29,142988932.39306647,0.0018904539494378498,-0.04449227172559034
2022-08-01,143258736.3331108,0.0018868868766896694,-0.042689336732533834
2022-08-02,142934971.6050576,-0.0022599998878978086,-0.04485285872420164
2022-08-03,144327486.56274667,0.009742297088334148,-0.035547531510819796
2022-08-04,144174073.16457632,-0.001062953438904759,-0.03657269957886056
2022-08-05,143642240.0509191,-0.0036888263054768704,-0.04012661554806862
2022-08-08,144098389.22147894,0.0031755921544954677,-0.037078449159093974
2022-08-09,144859319.67640394,0.005280631234228802,-0.03199361554161151
2022-08-10,144403170.50584406,-0.0031489114513229693,-0.03504178193058627
2022-08-11,143793607.93711382,-0.004221254745272825,-0.03911511638760179
2022-08-12,144630222.33513618,0.005818161252259806,-0.03352453318988591
2022-08-15,144589640.09470975,-0.0002805930860866982,-0.03379571952374527
2022-08-16,145138600.2854466,0.003796677205761614,-0.03012735375595177
2022-08-17,144260263.98026764,-0.006051707150623823,-0.03599673898442135
2022-08-18,143711303.7895308,-0.0038053458075740015,-0.03966510475221463
2022-08-19,146181624.64784664,0.017189468004087407,-0.02315745879714426
2022-08-22,145083704.26637292,-0.0075106593193133816,-0.030494190332731153
2022-08-23,145522872.41896242,0.003026998482084449,-0.027559497718496306
2022-08-24,146840376.87673086,0.009053590242331983,-0.0187554198757921
2022-08-25,146181624.64784664,-0.00448617909389614,-0.02315745879714426
2022-08-26,146730584.83858347,0.003755329659656487,-0.019489093029350868
2022-08-29,145632664.45710978,-0.007482559840414315,-0.02682582456493765
2022-08-30,145467976.39988872,-0.0011308455959037765,-0.02792633429527569
2022-08-31,145907144.5524782,0.003019002281177028,-0.024991641681041066
2022-09-05,145467976.39988872,-0.003009915339899721,-0.02792633429527569
2022-09-06,144699432.13285714,-0.005283253992059851,-0.033062046370186504
2022-09-07,142174215.25546762,-0.017451463631667666,-0.04993652890203637
2022-09-08,140529313.52960187,-0.011569620573674966,-0.060928402783548385
2022-09-09,141146985.8605079,0.004395327319206776,-0.05680087573761172
2022-09-12,142164000.51090944,0.00720535861393897,-0.050004787802948036
2022-09-13,142526883.00531673,0.002552562484898905,-0.047579865663460286
2022-09-14,142236491.22196716,-0.002037452705246778,-0.04952037664269582
2022-09-15,141727769.42720705,-0.0035765912839218045,-0.05291985377914077
2022-09-16,140783674.42698193,-0.006661326880686035,-0.05922866421532591
2022-09-19,139512298.87920034,-0.009030702977148045,-0.06772449071821207
2022-09-20,140235768.58879226,0.005185705600180502,-0.06288998438881832
2022-09-21,140163253.44958523,-0.0005170944612545216,-0.063374558787477
2022-09-22,140090354.63239297,-0.0005200993512788082,-0.06386169707184286
2022-09-23,139581213.9460029,-0.0036343735992823588,-0.06726397340528201
2022-09-26,139254320.30259347,-0.002341960169051761,-0.06944840402780639
2022-09-27,138963108.7118097,-0.0020912212285477748,-0.07139439327956254
2022-09-28,138236038.92981333,-0.005232106483053799,-0.07625295669468457
2022-09-29,135945481.35803583,-0.01656990166609504,-0.09155935436659968
2022-09-30,137982681.8042963,0.014985422287741686,-0.07794598766843452
2022-10-03,136292012.07684064,-0.012252767560015882,-0.08924370115931324
2022-10-04,136425458.35116437,0.0009791202895184747,-0.08835196118831157
2022-10-05,137627000.19911066,0.00880731399013131,-0.08032279066200954
2022-10-06,135313230.9387891,-0.01681188470993433,-0.09578429787575404
2022-10-07,133400325.8804715,-0.014136866328932253,-0.1085670743892061
2022-10-10,135491334.4308983,0.015674688473402854,-0.09459414098532282
2022-10-11,134512553.29284677,-0.007223939022836372,-0.10113473770176362
2022-10-12,136274099.90028435,0.013095778530071647,-0.0893633972983312
2022-10-13,136963494.78765753,0.005058884174451559,-0.08475659220024734
2022-10-14,137513227.7797439,0.004013719078493607,-0.08108306227289597
2022-10-17,136687142.52677086,-0.006007314832986086,-0.0866032856231862
2022-10-18,136963494.78765753,0.002021786802899506,-0.08475659220024734
2022-10-19,136823832.8923707,-0.0010197016037255347,-0.08568986737097994
2022-10-20,136000719.16908464,-0.006015865115645063,-0.09119023380274371
2022-10-21,133662125.30545233,-0.017195452185255134,-0.10681762868288158
2022-10-24,131363752.97966813,-0.017195389647829067,-0.12217624758425139
2022-10-25,129587223.33997749,-0.013523743037134456,-0.13404771044381503
2022-10-26,130623532.2964637,0.007996999470907795,-0.12712269044240287
2022-10-27,132548106.07279521,0.0147337446974217,-0.11426193901120885
2022-10-28,132548106.07279521,0.0,-0.11426193901120885
2022-10-31,132103973.66287255,-0.003350726185998784,-0.11722980472609978
2022-11-01,132252017.79951343,0.0011206637660929341,-0.11624051615446962
2022-11-02,132548106.07279521,0.0022388185693365823,-0.11426193901120885
2022-11-03,132622128.14111565,0.0005584543643330932,-0.11376729472539371
2022-11-04,130253421.95486146,-0.01786056534799218,-0.12959591187147879
2022-11-07,128032759.90524818,-0.01704878087873069,-0.14443524044593337
2022-11-08,128550914.38349128,0.0040470460734156055,-0.1409727304452273
2022-11-09,128550914.38349128,0.0,-0.1409727304452273
2022-11-10,126626340.60715976,-0.014971295891292945,-0.1538334818764212
2022-11-11,128402870.2468504,0.014029700543918177,-0.14196201901685745
2022-11-14,128550914.38349128,0.0011529659450467613,-0.1409727304452273
2022-11-15,127121676.84684849,-0.011118065892391154,-0.1505234522314981
2022-11-16,129256969.9792873,0.01679723856232113,-0.13625459200553358
2022-11-17,130605576.16819602,0.010433527794476635,-0.12724268028387176
2022-11-18,130605576.16819602,0.0,-0.12724268028387176
2022-11-21,130605576.16819602,0.0,-0.12724268028387176
2022-11-22,130830343.86634749,0.0017209655571061504,-0.12574069499692797
2022-11-23,130605576.16819602,-0.001718008922922999,-0.12724268028387176
2022-11-24,130605576.16819602,0.0,-0.12724268028387176
2022-11-25,131729414.65895331,0.008604827785530296,-0.1197327538491535
2022-11-28,133977091.64046785,0.017062832832999114,-0.10471290097971708
2022-11-29,133977091.64046785,0.0,-0.10471290097971708
2022-11-30,134426627.03677076,0.003355315381149282,-0.10170893040582984
2022-12-01,135325697.82937658,0.006688189776270199,-0.09570098925805526
2022-12-02,137573374.81089112,0.016609387703645864,-0.08068113638861885
2022-12-05,138022910.20719403,0.0032676046285906825,-0.07767716581473161
2022-12-06,135100930.1312251,-0.021170254065666135,-0.09720297454499904
2022-12-07,134085962.89603554,-0.0075126591223592795,-0.10398538085392228
2022-12-08,134085962.89603554,0.0,-0.10398538085392228
2022-12-09,135637856.64389402,0.011573871823270203,-0.0936150225001493
2022-12-12,136007355.1552889,0.0027241547495473624,-0.09114588955877478
2022-12-13,136968051.28491557,0.007063560117978686,-0.08472614391120115
2022-12-14,137411449.49858943,0.0032372382428915505,-0.08176318438155161
2022-12-15,135933455.4530099,-0.0107559744910099,-0.0916397161470498
2022-12-16,135933455.4530099,0.0,-0.0916397161470498
2022-12-19,136007355.1552889,0.0005436461688752366,-0.09114588955877478
2022-12-20,133938163.49147758,-0.015213821792569882,-0.1049730340304722
2022-12-21,134529361.10970938,0.004413959418440292,-0.10102242132427297
2022-12-22,133790364.08691964,-0.005493202500137429,-0.1059606872070219
2022-12-23,136007355.1552889,0.016570633344931748,-0.09114588955877478
2022-12-26,134603260.81198835,-0.01032366478781534,-0.10052859473599807
2022-12-27,134159862.59831452,-0.0032941119776671787,-0.10349155426564738
2022-12-28,134159862.59831452,0.0,-0.10349155426564738
2022-12-29,133864263.7891986,-0.002203332676338252,-0.1054668606187471
2022-12-30,134159862.59831452,0.0022081980713045844,-0.10349155426564738
2023-01-03,135711756.346173,0.011567496550775101,-0.09312119591187451
2023-01-04,133494765.27780373,-0.016336028123563318,-0.10793599356012151
2023-01-05,133457815.42666425,-0.00027678876443276923,-0.10818290685425902
2023-01-06,133088316.91526937,-0.00276865397664114,-0.11065203979563354
2023-01-09,135194458.43022016,0.01582514200920924,-0.09657798202979884
2023-01-10,133642564.68236169,-0.011478974551752546,-0.1069483403835717
2023-01-11,133310016.02210629,-0.0024883438973638053,-0.10917056003080883
2023-01-12,134529361.10970938,0.009146687728256614,-0.10102242132427297
2023-01-13,135268358.13249916,0.00549320250013765,-0.09608415544152371
2023-01-16,135194458.43022016,-0.0005463192079748217,-0.09657798202979884
2023-01-17,135120558.7279412,-0.0005466178357977193,-0.09707180861807374
2023-01-18,135120558.7279412,0.0,-0.09707180861807374
2023-01-19,135268358.13249916,0.001093833580540177,-0.09608415544152371
2023-01-27,136007355.1552889,0.005463192079746234,-0.09114588955877478
2023-01-30,135896197.24187654,-0.0008172933977390101,-0.09188869002274636
2023-01-31,135896197.24187654,0.0,-0.09188869002274636
2023-02-01,135503868.33277473,-0.002886974890132669,-0.09451038457209615
2023-02-02,134980763.120639,-0.003860444860888205,-0.0980059773045624
2023-02-03,134980763.120639,0.0,-0.0980059773045624
2023-02-06,135634644.63580865,0.004844257063395353,-0.0936364863889797
2023-02-07,134588434.2115372,-0.007713445389123145,-0.10062767185391208
2023-02-08,133869164.54485059,-0.005344216023466948,-0.10543411186105311
2023-02-09,134025486.6901415,0.0011677233201716002,-0.10438950641204325
2023-02-10,133081576.90892954,-0.007042763317056385,-0.11069707914265536
2023-02-13,132507270.35530059,-0.004315447464392168,-0.11453481917754571
2023-02-14,132671033.01613736,0.001235876796780006,-0.11344049330621064
2023-02-15,133122517.57413875,0.0034030379332801917,-0.11042349767482151
2023-02-16,133860586.78860447,0.005544285278819762,-0.10549143176859599
2023-02-17,133245339.56976631,-0.004596179006818243,-0.10960275327132019
2023-02-20,133984546.0249323,0.005547709642624604,-0.1046630878798771
2023-02-21,134696811.0347395,0.0053160236082350765,-0.0999034557177223
2023-02-22,132680487.45210356,-0.014969349067335465,-0.113377315083386
2023-02-23,132392441.2260127,-0.0021709765438933173,-0.11530215213562378
2023-02-24,131384279.43469475,-0.00761494978098394,-0.12203908181845557
2023-02-27,130376117.64337678,-0.0076733822010956925,-0.12877601150128748
2023-02-28,130088071.41728593,-0.002209348086884695,-0.13070084855352515
2023-03-01,130952210.09555846,0.0066427203421335745,-0.12492633739681214
2023-03-02,131240256.32164933,0.0021996285964220857,-0.12300150034457435
2023-03-03,131139368.45313741,-0.0007687265427511421,-0.1236756723692124
2023-03-06,131067886.8320472,-0.0005450813278528358,-0.12415334039734716
2023-03-07,131854184.66403964,0.005999164639008974,-0.11889899208786481
2023-03-08,132640482.49603209,0.005963389284882462,-0.11364464377838246
2023-03-09,132390296.8222163,-0.0018861939364799212,-0.11531648187685417
2023-03-10,132032888.7167652,-0.002699654838987646,-0.11770482201752797
2023-03-13,131389554.12695318,-0.00487253286711072,-0.1220038342707408
2023-03-14,130531774.67387052,-0.006528520922248121,-0.1277358506083579
2023-03-15,131676464.52385987,0.00876943451392832,-0.12008658727142052
2023-03-16,131249390.94918364,-0.0032433554183013812,-0.12294045920622987
2023-03-17,131188380.43851562,-0.0004648441430988896,-0.12334815519691678
2023-03-20,130944338.39584349,-0.0018602412946663617,-0.12497893915966496
2023-03-21,130944338.39584349,0.0,-0.12497893915966496
2023-03-22,130944338.39584349,0.0,-0.12497893915966496
2023-03-23,130944338.39584349,0.0,-0.12497893915966496
2023-03-24,131249390.94918364,0.002329635302123418,-0.12294045920622987
2023-03-27,131144861.42930627,-0.0007964190852348054,-0.1236389661634052
2023-03-28,130278120.1683211,-0.006609037148225463,-0.12943086879128862
2023-03-29,130897221.06902479,0.004752147942446488,-0.12529379548565767
2023-03-30,130278120.1683211,-0.004729671842133447,-0.12943086879128862
2023-03-31,131763962.33000997,0.011405155061871754,-0.11950189285777424
2023-04-03,133992725.57254328,0.016914816487919915,-0.10460842895750266
2023-04-04,135230927.37395066,0.009240813604743214,-0.09633428234624075
2023-04-05,136716769.53563952,0.010987443409155234,-0.08640530641272637
2023-04-06,137589248.33671916,0.006381651673331792,-0.08057506330764819
2023-04-07,139999126.62881255,0.017515018951159277,-0.06447131811731321
2023-04-10,139792565.6323474,-0.001475444893401465,-0.06585163913362757
2023-04-11,141651614.60053372,0.013298625429592537,-0.05342874998679781
2023-04-12,140205687.6252777,-0.010207627913974922,-0.06309099710099875
2023-04-13,139241736.30844033,-0.00687526542727486,-0.06953249517713278
2023-04-14,139379443.6394171,0.000988980277233421,-0.0686122811662564
2023-04-17,140343394.95625445,0.0069160221311482615,-0.06217078309012258
2023-04-18,142890980.5793246,0.018152515291968263,-0.045146823888911336
2023-04-19,144336907.55458066,0.010119091977630895,-0.035484576774710286
2023-04-20,143786078.23067358,-0.003816274944776564,-0.039165432818215495
2023-04-21,144061492.89262712,0.0019154473461032546,-0.037325004796462946
2023-04-24,143372956.2377433,-0.004779463554476813,-0.04192607485084432
2023-04-25,141445053.60406858,-0.013446766281904884,-0.054809071003112275
2023-04-26,142822126.91383624,0.009735747378076236,-0.04560693089434942
2023-04-27,142684419.58285946,-0.0009641876504182175,-0.046527144905225803
2023-04-28,143251270.19021583,0.003972757565356945,-0.04273922840678557
2023-05-04,141853946.28288943,-0.009754356142678298,-0.052076690894320765
2023-05-05,143615510.23697132,0.01241815261571172,-0.04030523457385593
2023-05-08,143251270.19021583,-0.0025362166395153426,-0.04273922840678557
2023-05-09,142583343.85762647,-0.004662620664392391,-0.04720257226162827
2023-05-10,142643897.61854804,0.00042469028487669876,-0.04679792845061226
2023-05-11,145073387.9052193,0.0170318557416882,-0.03056312827530472
2023-05-12,146653290.57653648,0.010890368620531471,-0.020005603387887927
2023-05-15,145802785.47995633,-0.005799427297107118,-0.025689009642612226
2023-05-16,145923893.00179943,0.000830625570317066,-0.02487972202058042
2023-05-17,146289050.52978098,0.002502383403224081,-0.022439597220817453
2023-05-18,146289050.52978098,0.0,-0.022439597220817453
2023-05-19,145863339.24087787,-0.002910069395907744,-0.025284365831596434
2023-05-22,145923893.00179943,0.00041514037205448557,-0.02487972202058042
2023-05-23,147503795.67311662,0.010826895026009947,-0.014322197133163628
2023-05-24,146774398.0983796,-0.004944941053269107,-0.019196315765855898
2023-05-25,146168325.2785307,-0.0041292815893047485,-0.02324633036188628
2023-05-26,145911139.54414672,-0.0017595175554887892,-0.024964945591002596
2023-05-29,146935370.45125484,0.007019552518800238,-0.018120635818907438
2023-05-30,147190300.17042494,0.0017349785717841529,-0.016417096161976175
2023-05-31,146935370.45125484,-0.0017319736346411553,-0.018120635818907438
2023-06-01,147957345.3431491,0.006955268079807147,-0.011291401618997332
2023-06-02,147765584.04996806,-0.001296057946540544,-0.012572825254742015
2023-06-05,146423254.99770078,-0.009084179248487012,-0.021542790704955017
2023-06-06,147517070.90064424,0.007470233488257298,-0.014233486893252434
2023-06-07,148751051.72247046,0.008365003550384557,-0.005987546511264208
2023-06-08,148398485.77337724,-0.0023701744963189643,-0.008343529477546685
2023-06-09,150166824.3617978,0.01191614981247882,0.0
2023-06-12,149461692.46361142,-0.004695656988040895,-0.004695656988040864
2023-06-13,149103617.67156366,-0.0023957629954909497,-0.007080170302280364
2023-06-14,148045919.82428405,-0.007093710158055591,-0.014123655784341937
2023-06-15,148222202.79883066,0.001190731732126369,-0.012949741537331638
2023-06-16,149103617.67156366,0.005946577881650201,-0.007080170302280364
2023-06-19,149103617.67156366,0.0,-0.007080170302280364
2023-06-20,149637975.43815804,0.0035838014861009665,-0.0035217427410305646
2023-06-21,151577088.1581706,0.012958693903299744,0.0
2023-06-22,152282220.056357,0.004651968887610381,0.0
2023-06-23,153697992.69568437,0.009297031779569698,0.0
2023-06-26,151224522.20907742,-0.016093056540460643,-0.01609305654046067
2023-06-27,149814258.41270462,-0.009325629043304383,-0.025268607708295754
2023-06-28,150043463.23004216,0.0015299265888707003,-0.023777340234221733
2023-06-29,148583030.7276677,-0.009733396383522412,-0.03327930234029863
2023-06-30,149442108.6702409,0.005781803873335923,-0.027689912866135757
2023-07-03,149871647.6415275,0.002874283393808474,-0.024895218129054375
2023-07-04,151503895.73241663,0.010890973153195996,-0.014275378128144833
2023-07-05,150730725.58410072,-0.005103302093838334,-0.0193058286548915
2023-07-06,150215278.8185568,-0.00341965291778777,-0.022659462339389314
2023-07-07,150902541.17261535,0.004575182760794257,-0.01818795076005908
2023-07-10,151295154.77370632,0.0026017693144203737,-0.015633502297818347
2023-07-11,150883692.8499613,-0.002719597493789104,-0.018310582957939192
2023-07-12,150354670.3765749,-0.003506160694996156,-0.021752543806665803
2023-07-13,150707352.02549917,0.002345664740848707,-0.019457903240848173
2023-07-14,151471495.59816846,0.005070380193130903,-0.014486182014909477
2023-07-17,151060033.67442346,-0.002716431379515484,-0.017163262675030322
2023-07-18,150531011.20103705,-0.003502067757555238,-0.02060522352375682
2023-07-19,151060033.67442346,0.003514375338114797,-0.017163262675030322
2023-07-20,151643371.23079017,0.0038616273423052925,-0.013367913457154046
2023-07-21,152905607.89836776,0.008323718058579442,-0.005155466141223419
2023-07-24,153604424.04650763,0.0045702453804333226,-0.0006087825061060759
2023-07-25,152905607.89836776,-0.00454945326267608,-0.005155466141223419
2023-07-26,154023713.73539153,0.007312392608693199,0.0
2023-07-27,154167844.5659454,0.0009357703892367655,0.0
2023-07-28,156264293.01036492,0.013598480606134283,0.0
2023-07-31,157666292.9075705,0.008971978627981233,0.0
2023-08-01,156543819.46962085,-0.0071192987242218635,-0.007119298724221901
2023-08-02,159487582.49365997,0.0188047221155888,0.0
2023-08-03,160885214.7899397,0.008763267173701675,0.0
2023-08-04,160605688.33068377,-0.001737427889945626,-0.0017374278899455753
2023-08-07,161024978.01956767,0.002610677699164627,0.0
2023-08-08,158784398.74459428,-0.013914482725165276,-0.013914482725165267
2023-08-09,159208056.03440404,0.0026681291937957893,-0.01128347916894512
2023-08-10,158644635.51496628,-0.0035388945350605114,-0.014782442661238182
2023-08-11,159068292.80477607,0.0026704797703028926,-0.012151439105017703
2023-08-14,161304504.4788236,0.01405818617033895,0.0
2023-08-15,161728161.7686334,0.0026264442594373543,0.0
2023-08-16,164807320.42137462,0.01903910004954014,0.0
2023-08-17,164667557.19174662,-0.000848040179712006,-0.0008480401797119619
2023-08-18,161164741.24919564,-0.0212720465542107,-0.02210204718373998
2023-08-21,159627345.72328797,-0.009539279584301374,-0.03143048916057034
2023-08-22,161304504.4788236,0.010506713294869704,-0.02125400700402824
2023-08-23,160326916.48603404,-0.006060512667939204,-0.027185709493275034
2023-08-24,161107797.9019813,0.0048705571906591276,-0.022447561855471587
2023-08-25,161239680.0966746,0.0008185959736941776,-0.02164734136553148
2023-08-28,161499973.90199035,0.0016143284652989775,-0.020067958819596998
2023-08-29,161631856.09668368,0.0008166081486388501,-0.01926773832965678
2023-08-30,161763738.29137698,0.0008159418438801377,-0.018467517839716674
2023-08-31,162155914.29138607,0.002424375228660224,-0.016087914803841863
2023-09-05,162284325.90200847,0.0007919021096674696,-0.01530875274784771
2023-09-06,162416208.0967018,0.0008126613211738075,-0.014508532257907492
2023-09-07,162416208.0967018,0.0,-0.014508532257907492
2023-09-08,162284325.90200847,-0.0008120014390115852,-0.01530875274784771
2023-09-11,162548090.29139513,0.001625322642347615,-0.013708311767967274
2023-09-12,162808384.09671086,0.0016013341334808178,-0.012128929222032903
2023-09-13,162808384.09671086,0.0,-0.012128929222032903
2023-09-14,162024032.09669274,-0.004817638872652908,-0.01688813529378219
2023-09-15,161371562.29136792,-0.004026994001330874,-0.020847120875591263
2023-09-18,160326754.13680038,-0.006474549417084181,-0.027186694578362536
2023-09-19,160888160.1105192,0.0035016362474337677,-0.02378025624611224
2023-09-20,161169672.03970388,0.001749736767399762,-0.02207212866740449
2023-09-21,159258950.26747924,-0.011855343179912483,-0.033665799187253764
2023-09-22,156843448.48430276,-0.015167133646929032,-0.048322319158578986
2023-09-25,154316312.66024274,-0.016112472968948677,-0.06365620006628814
2023-09-26,154934344.59672862,0.004004968274783779,-0.05990617285326316
2023-09-27,157293220.41713804,0.015225002736153981,-0.04559324176271262
2023-09-28,156386255.2954278,-0.0057660789149398175,-0.05109642644766066
2023-09-29,156132216.29664665,-0.0016244330315425862,-0.05263785675628796
2023-10-02,156301181.77025458,0.0010821948065279372,-0.05161262636496844
2023-10-03,155036894.66004145,-0.008088787915061913,-0.05928393069162474
2023-10-04,155542609.5041267,0.003261899983188886,-0.05621540896096222
2023-10-05,155626501.45256138,0.0005393502700136644,-0.05570637848695059
2023-10-06,156048324.34821194,0.0027104824159987118,-0.05314688723029981
2023-10-09,156723004.66590512,0.0043235345237521905,-0.04905313510831777
2023-10-10,157691484.10057223,0.006179561428978919,-0.043176700541024626
2023-10-11,160430734.7274072,0.017370948358174647,-0.026555772418224488
2023-10-12,160522580.18960106,0.0005724929350347611,-0.02599848247528358
2023-10-13,161436200.83984545,0.0056915397769289715,-0.020454914095502486
2023-10-16,159608959.5393567,-0.011318658956187125,-0.03154205085506456
2023-10-17,156732746.38118,-0.018020374084748655,-0.04899402538400477
2023-10-18,156138167.862767,-0.003793581954896266,-0.05260174448830657
2023-10-19,153490762.69812593,-0.01695552856088295,-0.06866538266816569
2023-10-20,155833354.65716204,0.015262103841671211,-0.05445125702710418
2023-10-23,155833354.65716204,0.0,-0.05445125702710418
2023-10-24,155920970.43708467,0.0005622402220332845,-0.05391963149191181
2023-10-25,156183817.77685255,0.0016857728567943606,-0.05232475488633481
2023-10-26,153467728.5992511,-0.017390336695969785,-0.06880514647729719
2023-10-27,151189718.32126278,-0.014843578508527109,-0.08262741039229782
2023-10-30,151189718.32126278,0.0,-0.08262741039229782
2023-10-31,151014486.7614175,-0.0011590177016728047,-0.08369066146268256
2023-11-01,150532599.97184306,-0.0031909971017268055,-0.08661460190624037
2023-11-02,151846836.6706825,0.008730578619417007,-0.07864021887835526
2023-11-03,152328723.46025693,0.0031735056201370546,-0.07571627843479745
2023-11-06,152766802.35987008,0.0028758784926562996,-0.07305815075883582
2023-11-07,151890644.5606438,-0.005735263065612478,-0.07837440611075919
2023-11-08,152766802.35987008,0.005768346047649232,-0.07305815075883582
2023-11-09,154431502.1784,0.01089699982466367,-0.06295726559018144
2023-11-10,153905807.49886423,-0.00340406375720215,-0.06614701880133544
2023-11-13,152954261.6065666,-0.006182650984789171,-0.07192070585519172
2023-11-14,153082392.29093292,0.0008377058803101352,-0.0711432483730925
2023-11-15,153466784.3440318,0.002511014149611345,-0.06881087592679536
2023-11-16,153210522.9752992,-0.0016698165002150002,-0.07036579089099348
2023-11-17,150733329.74421751,-0.016168558027055822,-0.08539663554490862
2023-11-20,151160432.02543852,0.002833495962344632,-0.08280511060457829
2023-11-21,151075011.56919432,-0.000565097989597074,-0.08332341559264433
2023-11-22,150562488.83172914,-0.0033925050353574254,-0.08643324552104059
2023-11-23,149848113.9822784,-0.004744706699482984,-0.09076785182144176
2023-11-24,149613794.379719,-0.0015637140590713673,-0.09218963091450827
2023-11-27,149730954.18099868,0.0007830815451571458,-0.09147874136797518
2023-11-28,150785392.39251602,0.007042219274464127,-0.08508073544917627
2023-11-29,151019711.9950754,0.0015539940496982635,-0.08365895635610998
2023-11-30,152191310.00787246,0.00775791449552799,-0.07655006089077776
2023-12-01,152659949.21299127,0.0030792770303019515,-0.07370650270464507
2023-12-04,154065866.82834768,0.009209472573548929,-0.06517582814624678
2023-12-05,151949773.070296,-0.013734994010122547,-0.0780156325471758
2023-12-06,154186157.63215765,0.014717919722243043,-0.06444594064184217
2023-12-07,153547190.6144829,-0.0041441269922500405,-0.06832299547193732
2023-12-08,152748481.84238946,-0.005201715309131218,-0.07316931400955651
2023-12-11,155464091.66750717,0.017778309757079985,-0.056691830981651425
2023-12-12,155783575.17634457,0.002055030878260202,-0.054753303566603684
2023-12-13,157221250.96611276,0.009228673742663581,-0.046029930198889346
2023-12-14,156901767.4572754,-0.002032063139519435,-0.047968457613936866
2023-12-15,155623833.42192587,-0.008144803312668238,-0.05572256727412761
2023-12-18,156422542.19401932,0.0051323036743863865,-0.05087624873650842
2023-12-19,153547190.6144829,-0.018381951470715484,-0.06832299547193732
2023-12-20,153866674.12332028,0.0020806861236524485,-0.0663844680568898
2023-12-21,156582283.948438,0.017649109793204564,-0.04990698502898472
2023-12-22,157061509.21169406,0.003060533102288125,-0.04699919390641316
2023-12-25,157860217.98378754,0.005085324699235774,-0.04215287536879386
2023-12-26,157540734.47495013,-0.002023838006293728,-0.044091402783841716
2023-12-27,158179701.4926249,0.004055884465718124,-0.04021434795374623
2023-12-28,157700476.22936884,-0.0030296255381314953,-0.04312213907631779
2023-12-29,156103058.68518195,-0.01012944020450206,-0.05281477615155605
2024-01-02,157380992.72053146,0.008186476588692402,-0.04506066649136542
2024-01-03,157700476.22936884,0.002030000594828458,-0.04312213907631779
2024-01-04,156422542.19401932,-0.008103552163601686,-0.05087624873650842
2024-01-05,155783575.17634457,-0.0040848781046033565,-0.054753303566603684
2024-01-08,154984866.4042511,-0.005127040968146667,-0.05959962210422298
2024-01-09,156582283.948438,0.010306925967986474,-0.04990698502898472
2024-01-10,156262800.43960062,-0.002040355401525353,-0.05184551244403235
2024-01-11,158978410.26471835,0.017378479186845153,-0.035368029416127156
2024-01-12,158019959.7382062,-0.0060288093516359205,-0.04118361166127016
2024-01-15,156422542.19401932,-0.010108960582152743,-0.05087624873650842
2024-01-16,157061509.21169406,0.0040848781046033565,-0.04699919390641316
2024-01-17,157061509.21169406,0.0,-0.04699919390641316
2024-01-18,156742025.7028567,-0.002034129879694196,-0.04893772132146079
2024-01-19,157567365.25373995,0.005265591963497389,-0.04392981543006558
2024-01-22,158414389.29598752,0.005375631184056109,-0.0387903347317452
2024-01-23,158414389.29598752,0.0,-0.0387903347317452
2024-01-24,158183382.7390109,-0.0014582422594515382,-0.04019201128583261
2024-01-25,157875373.9963754,-0.0019471624471685289,-0.04206091335794915
2024-01-26,158029378.36769316,0.0009754806428599812,-0.04112646232189088
2024-01-29,158414389.29598752,0.0024363250192539552,-0.0387903347317452
2024-01-30,158645395.85296413,0.0014582422594515382,-0.037388658177657685
2024-01-31,158645395.85296413,0.0,-0.037388658177657685
2024-02-01,158799400.22428188,0.0009707459235720823,-0.036454207141599415
2024-02-02,158799400.22428188,0.0,-0.036454207141599415
2024-02-05,158953404.59559962,0.0009698044898169306,-0.035519756105541145
2024-02-06,158876402.40994075,-0.00048443244015299193,-0.03598698162357028
2024-02-07,158491391.4816464,-0.002423336143406221,-0.03832310921371607
2024-02-15,158414389.29598752,-0.00048584459344461705,-0.0387903347317452
2024-02-16,158722398.038623,0.0019443230126020507,-0.03692143265962855
2024-02-19,159593007.1931982,0.005485105853575547,-0.03163884477245671
2024-02-20,159258257.49704093,-0.0020975210759205717,-0.03367000270464937
2024-02-21,159832114.11902484,0.0036033084312414886,-0.030188017678033474
2024-02-22,160262506.58551276,0.002692778412274562,-0.027576528908071607
2024-02-23,159066971.95637962,-0.007459852304850995,-0.034830664380188
2024-02-26,159688649.96352887,0.0039082783779886745,-0.031058513934687393
2024-02-27,161649326.75530723,0.012278122410241133,-0.019161731760416467
2024-02-28,160932005.9778273,-0.004437511691995747,-0.023514213043686505
2024-02-29,160801601.4067999,-0.0008103084916829088,-0.024305467768864886
2024-03-01,161575312.974001,0.0048115911808845925,-0.019610824562344198
2024-03-04,162489699.3716023,0.005659196202506753,-0.014062609863728759
2024-03-05,162349024.5412021,-0.0008657461423353701,-0.014916181355823399
2024-03-06,161223625.8980005,-0.006931970465372139,-0.021744753292580854
2024-03-07,161504975.5588009,0.0017450895253924858,-0.020037610308391463
2024-03-08,161364300.7284007,-0.0008710247465347075,-0.020891181800486103
2024-03-11,162138012.2956018,0.004794812506288771,-0.016196538593965526
2024-03-12,164884712.38602802,0.016940506741988378,0.0
2024-03-13,165755764.903962,0.005282797327472403,0.0
2024-03-14,164884712.38602802,-0.005255036037139631,-0.005255036037139615
2024-03-15,166561725.1821047,0.010170820398136509,0.0
2024-03-18,164213670.56854355,-0.014097203970443907,-0.014097203970443895
2024-03-19,163877557.91216686,-0.002046800703090031,-0.01611515050653567
2024-03-20,164279946.30360377,0.0024554209652829463,-0.013699299019665157
2024-03-21,164347405.53393286,0.0004106358192035547,-0.013294288623337036
2024-03-22,164818892.94613615,0.002868846092650571,-0.010463581798658028
2024-03-25,163144578.40505743,-0.0101585110247397,-0.02051579841233786
2024-03-26,165625044.3918407,0.015204096949055418,-0.005623625651330899
2024-03-27,165004927.89514488,-0.0037440985991751725,-0.00934666884158264
2024-03-28,164570846.34745783,-0.0026307186895830046,-0.011952799074758769
2024-03-29,164694869.646797,0.0007536164642267518,-0.011208190436708287
2024-04-01,164446823.04811865,-0.0015060979082730916,-0.012697407712809139
2024-04-02,167299358.9329194,0.01734625109763345,0.0
2024-04-03,165924737.5211141,-0.008216537233453907,-0.008216537233453947
2024-04-04,167907927.7194365,0.011952347961798176,0.0
2024-04-05,168040140.39932466,0.0007874117778945974,0.0
2024-04-08,167246864.3199957,-0.004720753490468652,-0.004720753490468632
2024-04-09,167114651.64010754,-0.0007905241179003196,-0.005507545738880126
2024-04-10,166850226.28033122,-0.0015822990813862065,-0.007081130235703004
2024-04-11,169362267.19820625,0.015055663836226682,0.0
2024-04-12,169494479.8780944,0.0007806501535163633,0.0
2024-04-15,166319736.99384338,-0.018730656517748544,-0.018730656517748523
2024-04-16,168582534.44671717,0.013605104804594283,-0.005380384258137139
2024-04-17,166043786.08495635,-0.01505937949084062,-0.02035873850062786
2024-04-19,163173896.63253105,-0.017283931667017766,-0.03729079112257405
2024-04-22,164664031.54052112,0.009132189270112634,-0.0284991484150251
2024-04-23,162456424.26942474,-0.013406736434441803,-0.04152380427806057
2024-04-24,164443270.81341147,0.012230027546904922,-0.029801614001328636
2024-04-25,163891368.9956374,-0.0033561836555799996,-0.03305777796708742
2024-04-26,163763116.40153998,-0.0007825463591119287,-0.03381445508241088
2024-05-02,164526585.5117681,0.00466203335039209,-0.029310065849338374
2024-05-03,164526585.5117681,0.0,-0.029310065849338374
2024-05-06,164068504.04563123,-0.002784239791471923,-0.03201269938918194
2024-05-07,164526585.5117681,0.002792013426351896,-0.029310065849338374
2024-05-08,164144850.95665407,-0.0023201998262264217,-0.031562260465874514
2024-05-09,165264605.65165532,0.006821747307181384,-0.024955822924034754
2024-05-10,164653830.36347282,-0.0036957416609209657,-0.028559334310492734
2024-05-13,163581258.46258062,-0.006514102335332855,-0.034887398219498045
2024-05-14,163918577.5940247,0.0020620891085834803,-0.03289725003480981
2024-05-15,164705655.5673942,0.004801639844135643,-0.02825357093720382
2024-05-16,164593215.85691285,-0.0006826706107571249,-0.02891695366543323
2024-05-17,165380293.83028233,0.004781958778019842,-0.024273274567827352
2024-05-20,165380293.83028233,0.0,-0.024273274567827352
2024-05-21,167291768.90846545,0.01155805830254916,-0.012995768187926915
2024-05-22,166054932.0931705,-0.007393291513174763,-0.020292978198450662
2024-05-23,166592356.3415023,0.0032364244865083305,-0.017122230403488037
2024-05-24,165173569.9430463,-0.008516515580988588,-0.025492924242464077
2024-05-27,165129232.86809453,-0.0002684271761339047,-0.0257545084249321
2024-05-28,166015974.36712956,0.005369984972578181,-0.02052282477557199
2024-05-29,165528266.5426603,-0.0029377162428402574,-0.02340025078272001
2024-05-30,165217907.01799804,-0.001874963902810338,-0.025231340059996055
2024-05-31,165262244.0929498,0.0002683551423208506,-0.024969755877528033
2024-06-03,165705614.8424673,0.0026828314715860433,-0.022353914052848034
2024-06-04,165574059.55478632,-0.0007939096560249348,-0.02313007672065648
2024-06-05,164849097.48985055,-0.004378476114465823,-0.027407278346675112
2024-06-06,164331267.44346783,-0.0031412367690675834,-0.030462422365259978
2024-06-07,165574059.55478632,0.007562724554205949,-0.02313007672065648
2024-06-10,165159795.51768017,-0.0025019863511233273,-0.025574191935524238
2024-06-11,164331267.44346783,-0.005016523976766788,-0.030462422365259978
2024-06-12,164849097.48985055,0.0031511352309192514,-0.027407278346675112
2024-06-13,164849097.48985055,0.0,-0.027407278346675112
2024-06-14,163502739.36925548,-0.008167215599575608,-0.03535065279499583
2024-06-17,162881343.31359625,-0.0038005238203127,-0.03901682561729758
2024-06-18,163917003.40636167,0.006358371509568528,-0.03290653758012785
2024-06-19,165263361.5269567,0.008213657476749512,-0.024963163131807242
2024-06-20,168059643.77742335,0.016920158374066067,-0.008465385431449035
2024-06-21,167645379.74031717,-0.0024649822396079434,-0.010909500646317016
2024-06-24,164745531.480574,-0.017297513741416682,-0.028018307150391997
2024-06-25,165263361.5269567,0.0031432114833643025,-0.024963163131807242
2024-06-26,164407958.91244754,-0.005175996703719702,-0.030009950585442313
2024-06-27,164937130.56184447,0.003218649832388752,-0.02688789227547539
2024-06-28,161878615.52404577,-0.01854352035457467,-0.044932816452348145
2024-07-01,162087371.31233996,0.0012895822441920202,-0.04370117877043467
2024-07-02,163670031.47475642,0.009764241036192113,-0.034363646577322826
2024-07-03,166517363.33137378,0.017396781994610408,-0.017564681450757957
2024-07-04,167362096.05609912,0.0050729407902303635,-0.012580845249526518
2024-07-05,168100023.49379024,0.004409167040091156,-0.008227149257646005
2024-07-08,164619142.09362888,-0.02070720353165175,-0.028763991535134426
2024-07-09,166517363.33137378,0.011530987305627337,-0.017564681450757957
2024-07-10,164407958.91244754,-0.012667774559512275,-0.030009950585442313
2024-07-11,164619142.09362888,0.0012845070432010116,-0.028763991535134426
2024-07-12,164725947.38066313,0.0006488023547923528,-0.028133851325783277
2024-07-15,164407958.91244754,-0.001930409102342263,-0.030009950585442313
2024-07-16,165357069.53131998,0.005772899470018148,-0.024410295543254135
2024-07-17,166939729.69373643,0.009571167213486989,-0.015072763350142293
2024-07-18,168626767.75030002,0.010105671427997308,-0.0051194123160734906
2024-07-19,168626767.75030002,0.0,-0.0051194123160734906
2024-07-22,168626767.75030002,0.0,-0.0051194123160734906
2024-07-23,168626767.75030002,0.0,-0.0051194123160734906
2024-07-24,168626767.75030002,0.0,-0.0051194123160734906
2024-07-25,168626767.75030002,0.0,-0.0051194123160734906
2024-07-26,168626767.75030002,0.0,-0.0051194123160734906
2024-07-29,168626767.75030002,0.0,-0.0051194123160734906
2024-07-30,168559317.0431999,-0.0004000000000000187,-0.0055173645511470415
2024-07-31,168058310.1704386,-0.0029722882220322867,-0.008473253575507322
2024-08-01,167843864.0468703,-0.0012760221339296642,-0.009738463650328266
2024-08-02,167130308.8038466,-0.004251303716556678,-0.0139483662001747
2024-08-05,165128179.06610727,-0.011979453350314424,-0.025760725748281033
2024-08-06,166200409.68394873,0.006493323089405573,-0.019434675374176646
2024-08-07,166771633.42902884,0.0034369575030914075,-0.016064514024432652
2024-08-08,166915862.6802783,0.0008648308365393592,-0.015213576274995644
2024-08-09,166854351.59366095,-0.00036851552410673504,-0.015576485360067838
2024-08-12,167977118.63221753,0.00672902461238075,-0.008952275301049362
2024-08-13,167466769.97832817,-0.0030382034055885672,-0.011963279873330568
2024-08-14,161684123.97356677,-0.03453011009592965,-0.046080296598125625
2024-08-15,159913719.95221502,-0.010949770316603208,-0.05652549825085851
2024-08-16,163140636.13284093,0.020179107718775936,-0.037487024650144085
2024-08-19,163040354.84483182,-0.0006146922703393826,-0.03807867393619302
2024-08-20,162708398.16688293,-0.0020360399624057535,-0.04003718419674929
2024-08-21,164134668.1624536,0.008765804418452922,-0.031622337904430586
2024-08-22,163420432.47367203,-0.004351522422274854,-0.03583625501426957
2024-08-23,162456466.4074958,-0.005898687523859883,-0.04152355566777488
2024-08-26,161012313.1846369,-0.008889478238659215,-0.05004391116193374
2024-08-27,160043928.96765774,-0.006014348827276802,-0.05575727845080136
2024-08-28,161489683.18541184,0.009033483663390062,-0.04722747725141174
2024-08-29,161494101.33621472,2.7358718623578543e-05,-0.047201410616049544
2024-08-30,160619657.7168818,-0.005414709342927669,-0.05236053803991514
2024-09-04,158904419.6741553,-0.010678879952227901,-0.062480266092180714
2024-09-05,158904419.6741553,0.0,-0.062480266092180714
2024-09-06,159064627.60470665,0.0010082031127886045,-0.0615350557781541
2024-09-09,158663034.2248865,-0.0025247183227822506,-0.06390441541811986
2024-09-10,157699639.5346949,-0.006071954282848872,-0.06958834501207767
2024-09-11,157699639.5346949,0.0,-0.06958834501207767
2024-09-12,157073333.38724056,-0.003971512866499355,-0.07328348687100317
2024-09-13,157255784.4874952,0.001161566360884755,-0.07220704414327617
2024-09-16,157069748.59969074,-0.0011830145925046831,-0.07330463674887766
2024-09-17,157563634.6140283,0.0031443738768328422,-0.07039076005688871
2024-09-18,158337861.79675573,0.0049137428482402806,-0.06582289930246021
2024-09-19,158419146.5944146,0.0005133629868211733,-0.06534332735582615
2024-09-20,158448812.13148445,0.00018725979597533727,-0.06516830373799987
2024-09-23,157773221.44265848,-0.004263778817510757,-0.06915421932245935
2024-09-24,158214535.8538149,0.0027971439457285113,-0.06655050968263032
2024-09-25,158084637.47029242,-0.0008210268596464652,-0.06731689678630415
2024-09-26,158010536.057127,-0.00046874518834472817,-0.06775408750318601
2024-09-27,156872685.9938518,-0.007201102481316884,-0.07446728585686435
2024-09-30,155255520.40755773,-0.010308777312307033,-0.08400839650222103
2024-10-01,154654251.3304417,-0.0038727710005907346,-0.08755582222103186
2024-10-02,153870287.69738793,-0.005069137293734817,-0.0921811270310624
2024-10-03,154087817.27074167,0.0014137204564246117,-0.0908977249196179
2024-10-04,154174591.4151077,0.0005631473396339859,-0.09038576639195117
2024-10-07,153206814.10186428,-0.006277151794991465,-0.09609555301119366
2024-10-08,155537666.69718683,0.015213765843161585,-0.08234376241011354
2024-10-09,156659582.538931,0.0072131456358312225,-0.07572457432474877
2024-10-10,158617195.48886645,0.012495966848685784,-0.06417485924645583
2024-10-11,158647465.46164757,0.00019083664093182394,-0.06399626952009496
2024-10-14,158621506.84541678,-0.00016362452532884143,-0.06414942268620072
2024-10-15,158814295.96667182,0.0012154034158994664,-0.06301198669776209
2024-10-16,158921101.2537061,0.0006725168309576294,-0.06238184648841072
2024-10-17,159469079.86646277,0.003448117389281497,-0.05914882902878138
2024-10-18,159081748.57984394,-0.002428880175035654,-0.06143404378561246
2024-10-21,160456915.09230846,0.008644401540345908,-0.05332070278799661
2024-10-22,158558149.09288156,-0.011833494357875257,-0.06452322691027212
2024-10-23,160293648.8765296,0.010945509856017605,-0.054283956670343025
2024-10-24,159767220.06619,-0.003284152641288336,-0.05738983251195284
2024-10-25,159705130.6281388,-0.00038862438756505184,-0.05775615381100552
2024-10-28,159128271.32885122,-0.0036120273470159215,-0.061159564350997564
2024-10-29,161088582.00464734,0.012319059708409599,-0.04959393296756831
2024-10-30,161418086.5907742,0.0020454869117747768,-0.04764988979658202
2024-10-31,160654699.52437338,-0.004729253595578534,-0.052153794979511225
2024-11-01,160406713.5652108,-0.0015435960472788425,-0.053616886635009076
2024-11-04,159259732.02995354,-0.007150458417633268,-0.060383959734275794
2024-11-05,159110266.49378118,-0.0009385017434554564,-0.061265791026243854
2024-11-06,159668327.85015756,0.003507387478344721,-0.05797328641619548
2024-11-07,159234445.3698836,-0.002717398535551419,-0.060533148428138395
2024-11-08,159457144.66897622,0.0013985623435640157,-0.05921924546650337
2024-11-11,159110814.01576418,-0.0021719356252804037,-0.06126256070285285
2024-11-12,162523579.05490345,0.021448982335048234,-0.04112759795011989
2024-11-13,162077995.776762,-0.0027416531233964074,-0.043756493466138635
2024-11-14,162303142.18257388,0.0013891238272836324,-0.04242815282652712
2024-11-15,165360906.7274981,0.018839835777699036,-0.024387656480430953
2024-11-18,165495470.3493836,0.0008137571603137666,-0.0235937449502015
2024-11-19,163782106.2174987,-0.010352936719462814,-0.033702417121219685
2024-11-20,161250712.05194372,-0.015455865259134841,-0.048637382362421766
2024-11-21,164744121.6786123,0.02166446015781462,-0.028026624836978264
2024-11-22,165817483.8458326,0.00651532908296565,-0.021693898437910364
2024-11-25,167319664.79653618,0.009059243427552134,-0.012831185317199845
2024-11-26,165473479.93040407,-0.011033878584308099,-0.02372348616062514
2024-11-27,166193416.37663776,0.004350766337521187,-0.01947593516810031
2024-11-28,167620204.2648447,0.00858510474911626,-0.011058033362489228
2024-11-29,168800371.71909922,0.007040723160018584,-0.004095166754070179
2024-12-02,168723378.28266287,-0.0004561212493327913,-0.004549420110826818
2024-12-03,171524067.8063986,0.01659929733651804,0.0
2024-12-04,174813263.06384546,0.01917628994876341,0.0
2024-12-05,170976907.9041377,-0.021945446772574904,-0.021945446772574928
2024-12-06,171577470.44991574,0.003512536009334991,-0.018509994935269503
2024-12-09,173568157.1343304,0.011602261527662198,-0.007122491209722082
2024-12-10,171665083.84940463,-0.010964414880852279,-0.018008812141965702
2024-12-11,170943920.9063717,-0.004200987917062794,-0.02213414525681945
2024-12-12,166474697.96977538,-0.026144380641907633,-0.04769984237994951
2024-12-13,168008291.14501655,0.009212169740771096,-0.03892709168379049
2024-12-16,167332335.5367419,-0.00402334672692544,-0.042793821223801265
2024-12-17,168962627.68821037,0.009742839877535117,-0.03346791469419752
2024-12-18,168942380.1568691,-0.00011983437768627645,-0.033583738465153945
2024-12-19,170644439.82045257,0.010074793914961027,-0.023847293794123314
2024-12-20,172419775.78175396,0.010403714080396328,-0.013691680139952256
2024-12-23,171142199.2453119,-0.0074096867986837315,-0.02099991587705119
2024-12-24,173966998.69139937,0.01650556939518153,-0.004840962050671305
2024-12-25,173778347.9207479,-0.001084405502598271,-0.005920117987383899
2024-12-26,172869218.7123124,-0.005231544777086479,-0.011120691402133787
2024-12-27,170694422.67631873,-0.01258058578729938,-0.023561372377234546
2024-12-30,171412015.10222185,0.004203959418544416,-0.019456464012009178
2024-12-31,173162477.3712562,0.01021201616462221,-0.00944313757238402
2025-01-02,174744075.04339314,0.00913360501736196,-0.00039578244373283944
2025-01-03,173894631.41588873,-0.004861072555927697,-0.005254931072485203
2025-01-06,176074447.6134731,0.012535270237130457,0.0
2025-01-07,176366561.77887753,0.0016590378068128417,0.0
2025-01-08,173470832.79399619,-0.016418809527578754,-0.016418809527578793
2025-01-09,173455210.05428395,-9.005974929970483e-05,-0.016507390603008654
2025-01-10,173370625.18037447,-0.0004876467756892516,-0.016986987602895298
2025-01-13,174256021.0821922,0.005106954542596675,-0.011966784833802202
2025-01-14,174256021.0821922,0.0,-0.011966784833802202
2025-01-15,174796416.56592742,0.0031011581716324896,-0.008902737554745244
2025-01-16,178918434.83921573,0.023581823668184988,0.0
2025-01-17,180529248.7064451,0.009003062589257073,0.0
2025-01-20,180566945.2376934,0.00020881121213548517,0.0
2025-01-21,182199749.5239023,0.009042653316527666,0.0
2025-01-22,184290560.44938207,0.011475377605859342,0.0
2025-01-23,183351245.5132082,-0.005096923759325437,-0.005096923759325467
2025-01-24,186788347.73025098,0.01874599873822604,0.0
2025-02-03,186369015.37065464,-0.002244959949010939,-0.0022449599490109717
2025-02-04,189645309.8937505,0.01757960955355096,0.0
2025-02-05,193851058.23535693,0.022176917235457734,0.0
2025-02-06,196106634.14506117,0.011635613084792738,0.0
2025-02-07,195204403.7811795,-0.004600713116182967,-0.004600713116182931
2025-02-10,195204403.7811795,0.0,-0.004600713116182931
2025-02-11,195035550.61252007,-0.000865006963924339,-0.005461740431222828
2025-02-12,198473098.70284027,0.01762523847331621,0.0
2025-02-13,201575460.65238875,0.015631145831977108,0.0
2025-02-14,200955492.30178848,-0.0030756142071747044,-0.003075614207174726
2025-02-17,204788711.2500121,0.019074964830854267,0.0
2025-02-18,208508521.3536137,0.018164136494127115,0.0
2025-02-19,206142056.79583463,-0.011349486066162926,-0.011349486066162928
2025-02-20,205239826.43195292,-0.004376740864554806,-0.015676553171260266
2025-02-21,206930878.31509432,0.008239394432064895,-0.007566324044108619
2025-02-24,211215212.44525877,0.0207041798935424,0.0
2025-02-25,215048431.3934824,0.01814840372455221,0.0
2025-02-26,215161840.2381044,0.0005273642029711318,0.0
2025-02-27,212795375.68032533,-0.01099853280284401,-0.010998532802844019
2025-02-28,215161840.2381044,0.011120845790061371,0.0
2025-03-03,214710725.05616355,-0.002096631918753048,-0.002096631918753089
2025-03-04,215048431.3934824,0.0015728433557778783,-0.0005270862365580609
2025-03-05,215048431.3934824,0.0,-0.0005270862365580609
2025-03-06,219897289.5502097,0.022547749478140446,0.0
2025-03-07,221928567.9672171,0.009237396337000233,0.0
2025-03-10,221928567.9672171,0.0,0.0
2025-03-11,224295032.52499616,0.010663181308539979,0.0
2025-03-12,225424080.57812184,0.005033763077208831,0.0
2025-03-13,222041976.81183907,-0.015003294047419579,-0.015003294047419624
2025-03-14,223733028.69498044,0.007615910772467971,-0.007501647023709812
2025-03-17,225197262.88887784,0.006544559837401634,-0.0010061821641339508
2025-03-18,223506211.00573647,-0.0075092026494825,-0.008507829187843652
2025-03-19,219897289.5502097,-0.016146850860597084,-0.024517305399397227
2025-03-20,221477452.78527623,0.007185915016500149,-0.0175075696559307
2025-03-21,220575222.42139453,-0.004073689454774546,-0.02150993870881912
2025-03-24,222603980.64185476,0.00919757984686252,-0.012510198240732184
2025-03-25,225988604.60468468,0.015204687504108041,0.0
2025-03-26,226550608.43470037,0.002486868003803936,0.0
2025-03-27,223733028.69498044,-0.01243686679628605,-0.012436866796286083
2025-03-28,224070735.0322993,0.0015094165545815276,-0.010946222654333981
2025-03-31,224184143.8769213,0.0005061296585903487,-0.010445633203678528
2025-04-01,225197262.88887784,0.004519137680463041,-0.005973700777822555
2025-04-02,225988604.60468468,0.0035139934902198365,-0.002480698833248418
2025-04-03,220348404.73215055,-0.024957895033691474,-0.027376680845849544
2025-04-04,225310671.73349983,0.022520094971330812,-0.005473111327167102
2025-04-08,219786400.90213484,-0.02451846061645568,-0.029857379679098073
2025-04-09,214599836.40808868,-0.023598204769528,-0.052751003889077164
2025-04-10,219335285.72019398,0.022066416225500953,-0.03184861327170563
2025-04-11,224408441.36961815,0.023129683091192132,-0.00945557851238199
2025-04-14,229935232.39753032,0.024628267074896328,0.0
2025-04-15,235797209.56621414,0.02549403633171438,0.0
2025-04-16,235121796.89157644,-0.002864379421114577,-0.0028643794211146156
2025-04-17,241324000.59412628,0.026378684513924142,0.0
2025-04-18,245721743.56891274,0.018223396611855687,0.0
2025-04-21,242901643.63264567,-0.011476802562554582,-0.011476802562554567
2025-04-22,243466167.65920854,0.002324084835821993,-0.009179390789531894
2025-04-23,241734792.63131267,-0.007111357789634894,-0.01622547064697155
2025-04-24,242889042.6499099,0.004774860937613048,-0.011528084075345113
2025-04-25,249200402.0893789,0.025984537509853457,0.0
2025-04-28,249519937.14816374,0.001282241345141318,0.0
2025-04-29,249947154.351301,0.001712156583638441,0.0
2025-05-05,251332976.73079285,0.005544461520630321,0.0
2025-05-06,251332976.73079285,0.0,0.0
2025-05-07,250692736.15513235,-0.002547379910063572,-0.0025473799100635963
2025-05-08,251119953.35826963,0.0017041467163727883,-0.0008475743027999139
2025-05-09,250799247.84139398,-0.0012771008937633402,-0.002123592758663584
2025-05-12,250905759.5276556,0.0004246890179231412,-0.0016998056072635714
2025-05-13,251439488.41705447,0.0021272085997692835,0.0
2025-05-14,253785086.4309917,0.00932867796026799,0.0
2025-05-15,255809978.92805326,0.007978768672099066,0.0
2025-05-16,254211133.17603818,-0.0062501305020034445,-0.006250130502003404
2025-05-19,252612287.4240231,-0.006289440324818121,-0.012500261004006918
2025-05-20,252931822.48280793,0.0012649228667506818,-0.011251150003240507
2025-05-21,252931822.48280793,0.0,-0.011251150003240507
2025-05-22,252299698.12737375,-0.0024991887111284524,-0.013722219967293614
2025-05-23,251950933.24375808,-0.0013823436421219904,-0.015085594785888112
2025-05-26,253869140.10364437,0.007613414386643519,-0.007587033283618538
2025-05-27,255089817.1962993,0.0048082925406238465,-0.002815221418537739
2025-05-28,255787346.9635307,0.0027344477129583136,-8.847178134885336e-05
2025-05-29,254741052.3126836,-0.004090486348397267,-0.004178596237132237
2025-05-30,253171610.336413,-0.00616093072562248,-0.010313782920807424
2025-06-02,255961729.40533853,0.011020663277442663,0.0
2025-06-03,255578449.4763123,-0.0014974110774945495,-0.0014974110774945704
2025-06-04,254929608.9682312,-0.002538713688147813,-0.004032323267643134
2025-06-05,254280768.4601501,-0.0025451751591631143,-0.006567235457791698
2025-06-06,254864606.73153818,0.0022960378597392064,-0.004286276219297447
2025-06-09,250774193.2552746,-0.016049358632884727,-0.020266842867939006
2025-06-10,254864606.73153818,0.016311142000563682,-0.004286276219297447
2025-06-11,256292292.2210864,0.00560174089237934,0.0
2025-06-12,255448445.0029263,-0.003292518908185469,-0.0032925189081854933
2025-06-13,252591892.16498086,-0.011182502355466318,-0.014438202663205613
2025-06-16,256552301.16785845,0.01567908205181362,0.0
2025-06-17,254864606.73153818,-0.006578364055351197,-0.006578364055351171
2025-06-18,253955757.27668506,-0.0035660088958937115,-0.010120914446503093
2025-06-19,254604597.78476617,0.0025549352180041186,-0.007591837509256738
2025-06-20,255578449.4763123,0.0038249572082331455,-0.003795918754628369
2025-06-23,256422296.69447243,0.0033017150698315535,-0.0005067367269527834
2025-06-24,255903460.65977734,-0.0020233655239165213,-0.002529076937246355
2025-06-25,254078817.50360647,-0.007130201176125285,-0.009641245286019173
2025-06-26,253058974.84935454,-0.004013883031541806,-0.013616429486704495
2025-06-27,251087279.05113414,-0.007791447821181376,-0.021301785608029422
2025-06-30,251087279.05113414,0.0,-0.021301785608029422
2025-07-01,249387541.29404756,-0.006769509644255701,-0.0279270926091717
2025-07-02,251427226.60255146,0.008178777888904027,-0.019976724207800944
2025-07-03,253194953.86992148,0.007030771055532442,-0.01308640492661306
2025-07-04,253058974.84935454,-0.0005370526485168394,-0.013616429486704495
2025-07-07,253875473.66922098,0.0032265159548382294,-0.010433847158852982
2025-07-08,253346684.83808696,-0.002082866940596987,-0.012494981784139658
2025-07-09,252221653.47526425,-0.004440679235813626,-0.01688017481379256
2025-07-10,253214186.4977117,0.003935161826003873,-0.013011439207332165
2025-07-11,252816691.4765859,-0.0015697975955600166,-0.014560811476909685
2025-07-14,255860539.71411583,0.012039743973201364,-0.0026963759459324166
2025-07-15,260425709.80522722,0.017842415623027512,0.0
2025-07-16,265322125.74727672,0.01880158432019458,0.0
2025-07-17,270549787.5402644,0.019703075189315834,0.0
2025-07-18,273328639.0970438,0.010271128216524004,0.0
2025-07-21,267770935.98348504,-0.020333409378244984,-0.020333409378245015
2025-07-22,271144825.54158604,0.012599909492451733,-0.007989699003632111
2025-07-23,268233475.6444314,-0.010737250439279025,-0.01864116204377464
2025-07-24,269623503.6880046,0.005182157224163225,-0.013555606252163344
2025-07-25,271739863.5429077,0.00784931515967559,-0.005812693318141493
2025-07-28,275379954.31212634,0.013395497891842629,0.0
2025-07-29,269454942.5833452,-0.02151576988812165,-0.02151576988812165
2025-07-30,266404153.52386338,-0.011322074964493032,-0.03259424169302261
2025-07-31,268844784.7714488,0.009161385869183884,-0.023731464249101886
2025-08-01,269149863.677397,0.001134777102734488,-0.022623617068611712
2025-08-04,270980337.1130861,0.006800945059675367,-0.015976533985671115
2025-08-05,269149863.677397,-0.006755004644212227,-0.022623617068611712
2025-08-06,271590494.9249824,0.009067926746233674,-0.01376083962469099
2025-08-07,276166678.51420516,0.016849571964905264,0.0
2025-08-08,278373347.14925706,0.007990350779912798,0.0
2025-08-11,279263782.44324005,0.00319870886743174,0.0
2025-08-12,279956343.22744906,0.0024799520301196773,0.0
2025-08-13,279956343.22744906,0.0,0.0
2025-08-14,279659531.4627881,-0.0010602073210386638,-0.0010602073210386198
2025-08-15,277285037.3455001,-0.008490660428657504,-0.009541865889349244
2025-08-18,275998853.0319691,-0.004638491589174507,-0.014136097613850929
2025-08-19,273525421.6597941,-0.008961745112355519,-0.02297115862250776
2025-08-20,270448883.2170691,-0.011247723974086566,-0.033960509345043466
2025-08-21,267277130.38970888,-0.01172773497760937,-0.04528996446934952
2025-08-22,263048126.61989528,-0.015822542555913453,-0.060395904635090814
2025-08-25,263312439.35550863,0.001004807519482084,-0.059451783374732003
2025-08-26,266484192.18286884,0.012045586737654664,-0.04812232825042595
2025-08-27,270448883.2170691,0.014877771929824528,-0.033960509345043466
2025-08-28,270184570.48145574,-0.0009773112481340958,-0.034904630605402276
2025-08-29,271241821.4239091,0.003913069279157632,-0.031128145563966925
2025-09-03,275999450.6649494,0.017540175833006405,-0.01413396287750801
2025-09-04,274677886.9868827,-0.004788283726227585,-0.01885456917930206
2025-09-05,274149261.515656,-0.0019245286798494153,-0.02074281170001968
2025-09-08,269655945.01022905,-0.016390036874749492,-0.036792873126119896
2025-09-09,272563385.1019759,0.010782035944494296,-0.026407539262172652
2025-09-10,272563385.1019759,0.0,-0.026407539262172652
2025-09-11,274149261.515656,0.005818376569863712,-0.02074281170001968
2025-09-12,274677886.9868827,0.001928239632323444,-0.01885456917930206
2025-09-15,274452986.92954904,-0.0008187774407351123,-0.019657908924138434
2025-09-16,271750129.49302375,-0.009848161853742541,-0.029312476509089858
2025-09-17,271412272.3134581,-0.0012432640977797268,-0.030519297457208827
2025-09-18,272425843.8521551,0.003734435182527102,-0.02689883461285192
2025-09-19,269976379.300304,-0.008991307569117462,-0.035648286486714476
2025-09-22,267442450.45356154,-0.00938574275760575,-0.04469944359760647
2025-09-23,266766736.09443024,-0.002526578551704666,-0.0471130854938443
2025-09-24,265753164.55573323,-0.0037994674806015533,-0.050733548338201206
2025-09-25,266899637.7117404,0.004314052695943474,-0.046638362843240855
2025-09-26,266275172.48432302,-0.0023397005435122423,-0.04886894358386029
2025-09-29,269270795.531789,0.01125010273964745,-0.038168621480309306
2025-09-30,269395688.57727253,0.0004638194990172457,-0.03772250533218524
2025-10-01,270020153.8046899,0.0023180223511195144,-0.035491924591565915
2025-10-02,267773889.03012472,-0.00831887821303117,-0.04351554980637384
2025-10-03,265650707.25690562,-0.00792900973619668,-0.05109952432447973
2025-10-06,269021009.44082206,0.012686968608960247,-0.03906085377655699
2025-10-07,268055305.44861454,-0.003589697303622519,-0.04251033443870067
2025-10-08,267347366.3691436,-0.002641018719200999,-0.045039082568889555
2025-10-09,267869005.69085902,0.0019511668613004167,-0.04317579447296094
2025-10-10,272526499.63474655,0.01738720734739513,-0.026539293616455684
2025-10-13,277519333.142594,0.018320543193190642,-0.00870496469828208
2025-10-14,279941229.9934155,0.008726948221575197,-5.398425289937503e-05
2025-10-15,279046991.1561891,-0.003194380610699697,-0.0032481924173484167
2025-10-16,280388349.4120287,0.0048069260674765595,0.0
2025-10-17,276765278.26148736,-0.01292161802777771,-0.012921618027777693
2025-10-20,271923631.86116844,-0.01749369151626217,-0.030189262744370948
2025-10-21,270573196.2547388,-0.004966231133302552,-0.03500556702114099
2025-10-22,270009834.36330205,-0.002082105320241561,-0.0370147870640497
2025-10-23,267758019.73057362,-0.008339750431825306,-0.04504584340947371
2025-10-24,265618877.4761325,-0.007989087522359118,-0.052675055746316035
2025-10-27,261564304.79080638,-0.01526462548088457,-0.0671356162290484
2025-10-28,264942843.20640838,0.012916664673737047,-0.05508611979780664
2025-10-29,264632535.85415483,-0.001171223757162619,-0.05619282538277215
2025-10-30,262165367.9891287,-0.009322995213203225,-0.06499193515391544
2025-10-31,258074241.52940184,-0.015605136906933176,-0.07958286401492531
2025-11-03,259448360.34030247,0.005324509733157845,-0.0746820940158075
2025-11-04,261197238.82690325,0.006740757522255643,-0.06844475038056674
2025-11-05,262914887.34052902,0.006576059231483933,-0.062318787881669446
2025-11-06,263320876.98920423,0.0015441866102826006,-0.060870833109202827
2025-11-07,260791249.17822808,-0.009606635979265171,-0.06989270515303325
2025-11-10,260572639.36740297,-0.0008382559288855154,-0.07067237310743846
2025-11-11,261197238.82690325,0.0023970262611478885,-0.06844475038056674
2025-11-12,264382696.0703547,0.012195600756570267,-0.057083874473520924
2025-11-13,264382696.0703547,0.0,-0.057083874473520924
2025-11-14,264320236.12440467,-0.0002362482374164537,-0.05730663674620806
2025-11-17,266194034.50290555,0.007089121915050647,-0.05062376856559281
2025-11-18,267130933.69215596,0.0035196100130492716,-0.04728233447528529
2025-11-19,267287083.55703104,0.0005845443008671796,-0.046725428793567336
2025-11-20,269629331.5301571,0.00876304212667384,-0.038371843567798436
2025-11-21,270160241.07073236,0.0019690348136915717,-0.03647836424995743
2025-11-24,273220778.42228377,0.01132860016492995,-0.025563012888285885
2025-11-25,274313827.47640926,0.004000607349255466,-0.021664673116260413
2025-11-26,274938426.9359095,0.002276952150922717,-0.01943705038938881
2025-11-27,275875326.12516,0.0034076691268364184,-0.016095616299081072
2025-11-28,279747842.77406174,0.014037198263772473,-0.0022843553924764004
2025-12-01,282714690.2066881,0.01060543453420851,0.0
2025-12-02,284307418.82841384,0.0056336960083726816,0.0
2025-12-03,282558540.341813,-0.006151364230337954,-0.006151364230337908
2025-12-04,281809020.9904127,-0.0026526161640473404,-0.008787663186196948
2025-12-05,287617795.9637653,0.02061245219524122,0.0
2025-12-08,293801330.6128181,0.02149913786917348,0.0
2025-12-09,298360906.6671703,0.015519249163513613,0.0
2025-12-10,291365392.720767,-0.023446483068262528,-0.02344648306826258
2025-12-11,289616514.23416626,-0.0060023548791081445,-0.029308103835328003
2025-12-12,288367315.3151657,-0.0043132862167885215,-0.033494975811803385
2025-12-15,287680255.90971535,-0.00238258418676692,-0.03579775539886498
2025-12-16,287680255.90971535,0.0,-0.03579775539886498
2025-12-17,287680255.90971535,0.0,-0.03579775539886498
2025-12-18,287555336.0178153,-0.0004342317184925858,-0.036216442596512466
2025-12-19,291178012.882917,0.012598190370138896,-0.024074513864733693
2025-12-22,297611387.3157699,0.022094300215723332,-0.00251212318588534
2025-12-23,304544441.3162231,0.023295661039666824,0.0
2025-12-24,304481981.37027305,-0.00020509304218485513,-0.00020509304218485624
2025-12-25,297111707.74816966,-0.024205943448392712,-0.024406072019996783
2025-12-26,295237909.36966884,-0.006306713366169471,-0.030558863285542026
2025-12-29,298173526.8293202,0.00994322668765294,-0.020919490302854227
2025-12-30,300234705.0456711,0.0069126801371966464,-0.014151419910754415
2025-12-31,304357061.478373,0.013730446092415602,-0.0006152791265545687
2026-01-05,306543159.58662397,0.007182675826978686,0.0
2026-01-06,306543159.58662397,0.0,0.0
2026-01-07,310228296.3976757,0.012021592052555223,0.0
2026-01-08,308729257.694875,-0.004832050203696127,-0.004832050203696148
2026-01-09,308354498.0191748,-0.0012138780707028817,-0.006040062754620212
2026-01-12,300671924.6673213,-0.02491474391067827,-0.030804320048562706
2026-01-13,303295242.3972225,0.008724850957746609,-0.022348232192094475
2026-01-14,298485826.5590703,-0.015857208310090763,-0.03785105992895299
2026-01-15,293988710.4506682,-0.015066430993540308,-0.05234721054004132
2026-01-16,298298446.72122025,0.014659529830058627,-0.038455066204414856
2026-01-19,299328365.3640339,0.0034526450074885925,-0.035135192889269584
2026-01-20,301299484.4797324,0.006585139745447453,-0.028781423298981146
2026-01-21,300313924.9218831,-0.0032710296851357007,-0.031958308094125476
2026-01-22,301299484.4797324,0.0032817644340189995,-0.028781423298981146
2026-01-23,297160134.3367655,-0.013738324677569467,-0.04212433943858662
2026-01-26,300609592.7892379,0.011608079462513594,-0.031005242655582133
2026-01-27,302974935.7280761,0.007868487884538544,-0.023380719147236162
2026-01-28,299722589.1871736,-0.010734704945433236,-0.03386443897121183
2026-01-29,304695244.076435,0.01659085790879797,-0.017835421157546327
2026-01-30,305297111.2899425,0.0019753088543662685,-0.015895342768513898
2026-02-02,305497733.69444495,0.0006571382338168248,-0.015248649972169903
2026-02-03,305497733.69444495,0.0,-0.015248649972169903
2026-02-04,305497733.69444495,0.0,-0.015248649972169903
2026-02-05,304293999.26743007,-0.003940240120467956,-0.01912880675023454
2026-02-06,301485285.6043953,-0.009230263067285619,-0.028182505899052246
2026-02-09,301485285.6043953,0.0,-0.028182505899052246
2026-02-10,301247849.0017713,-0.0007875561891785328,-0.02894786678128347
2026-02-11,304669244.09875035,0.011357409217414743,-0.017919230332874903
2026-02-12,302958546.5502608,-0.005614933511093407,-0.023433548557079242
2026-02-13,302354770.9449116,-0.001992931416605594,-0.02537977851856288
2026-02-23,307688122.1254967,0.0176393815910939,-0.008188080525455388
2026-02-24,310405112.3495683,0.00883033834813891,0.0
2026-02-25,312417697.7007325,0.006483737770715943,0.0
2026-02-26,310405112.3495683,-0.006441969728270944,-0.006441969728270935
2026-02-27,307233292.30736053,-0.010218324106195052,-0.01659446769990025
2026-03-02,305088035.11952066,-0.006982502357504017,-0.02346109914756822
2026-03-03,299858970.724161,-0.017139526279066,-0.040198513301258676
2026-03-04,299903663.58224106,0.0001490462598870929,-0.04005545847943215
2026-03-05,304015406.5256008,0.013710212453714125,-0.026894414871401984
2026-03-06,300305899.30496097,-0.012201708008924382,-0.038767965082994627
2026-03-09,295434377.7742413,-0.016221864245738984,-0.05436094066207375
2026-03-10,293736049.1672014,-0.005748581528781056,-0.05979702389147756
2026-03-11,295390501.4304038,0.005632445414490736,-0.054501381950004646
2026-03-12,293710328.99139804,-0.005687970435304106,-0.05987935013609391
2026-03-13,293401371.66273785,-0.0010519116904099024,-0.06086827403808148
2026-03-16,292790399.86673576,-0.002082375390883981,-0.06282389883302297
2026-03-17,293710328.99139804,0.0031419374579254923,-0.05987935013609391
2026-03-18,293401371.66273785,-0.0010519116904099024,-0.06086827403808148
2026-03-19,292484913.96873474,-0.0031235630863258703,-0.06380171123049361
2026-03-20,292637656.9177352,0.0005222250506116883,-0.0633128050317584
2026-03-23,288588895.59334713,-0.013835407811258731,-0.07627225436572804
2026-03-24,290734008.0133551,0.007433107970414215,-0.06940608629716116
2026-03-25,292759422.5303376,0.006966555205641636,-0.0629230524233162
2026-03-26,290912294.8899666,-0.006309370418913004,-0.06883541799660187
2026-03-27,292759422.5303376,0.006349431333143257,-0.0629230524233162
2026-03-30,291985166.0944522,-0.002644684940260587,-0.06540132571443769
2026-03-31,293295543.1380987,0.0044878206012103706,-0.06120701453011501
2026-04-01,294724988.0958074,0.004873735694768468,-0.05663158564683213
2026-04-02,293292828.9851073,-0.0048593067047118296,-0.06121570210771188
2026-04-03,292181721.73794246,-0.00378838872743549,-0.06477218195934042
2026-04-06,290599562.551041,-0.005414983447597339,-0.0698364251137632
2026-04-07,290915994.3884213,0.0010888930272381666,-0.06882357648287862
2026-04-08,294083908.578558,0.01088944661429319,-0.05868358053050049
2026-04-09,292976397.147727,-0.003765970862479774,-0.062228550738596455
2026-04-10,293609260.8224876,0.0021601182925376486,-0.0602028534768273
2026-04-13,292976397.147727,-0.0021554622391260383,-0.062228550738596455
2026-04-14,296377576.230536,0.011609054913369013,-0.05134191048793113
2026-04-15,300098602.59909785,0.012555019903622804,-0.03943148929237439
2026-04-16,300895965.39236116,0.002657002686308787,-0.03687925617904053
2026-04-17,298238089.4148169,-0.00883320576957036,-0.04538669989015276
2026-04-20,300497283.9957295,0.007575137653763248,-0.03815537273570746
2026-04-21,300098602.59909785,-0.0013267387689178713,-0.03943148929237439
2026-04-22,301826221.9845016,0.005756839153668708,-0.0339016508801514
2026-04-23,299434133.60471183,-0.007925382904314392,-0.04155835022015231
2026-04-24,298527681.81943643,-0.0030272159501762825,-0.04445976006967911
2026-04-28,299544859.59282213,0.00340731474946079,-0.04120393371646125
2026-04-29,300664167.79173034,0.00373669640143286,-0.037621203905871536
2026-05-04,298833041.4755441,-0.006090271180750305,-0.043482351752688775
2026-05-05,299442729.1672996,0.0020402285127008916,-0.04153083717383299
2026-05-06,298425551.3939139,-0.003396902560347034,-0.04478666352705085
2026-05-07,298120191.73780626,-0.001023235626712799,-0.04576407184404119
2026-05-08,297000883.53889805,-0.0037545534651092344,-0.0493468016546309
2026-05-11,295067626.7971893,-0.006509262594350356,-0.05553485295881988
2026-05-12,295678346.1094047,0.0020697604777739896,-0.0535800363248391
2026-05-13,295779444.91446733,0.0003419215725227434,-0.053256434922592355
2026-05-14,299036270.70612925,0.011010994332630917,-0.04283184689307018
2026-05-15,298019092.93274355,-0.0034015197252955,-0.04608767324628815
2026-05-18,300053448.47951496,0.006826259105588638,-0.03957602053985232
2026-05-19,299646990.01834464,-0.0013546201959350758,-0.0408770302590894
2026-05-20,302902784.18954676,0.010865432591206075,-0.03045574428469211
2026-05-21,301437148.8562717,-0.00483863275537914,-0.03514701287818589
2026-05-22,300678459.7504095,-0.00251690645542813,-0.03757545759001191
2026-05-25,301471634.72471994,0.002637950769632335,-0.03503662902764848
2026-05-26,299471454.3547196,-0.006634721610962732,-0.04143889235882614
2026-05-27,298712765.2488574,-0.0025334271257905737,-0.04386733707065216
2026-05-28,298712765.2488574,0.0,-0.04386733707065216
2026-05-29,298885194.5910988,0.0005772412909697906,-0.04331541781796444
