date,equity,portfolio_return,drawdown
2018-01-02,100000000.0,0.0,0.0
2018-01-03,100000000.0,0.0,0.0
2018-01-04,100000000.0,0.0,0.0
2018-01-05,100000000.0,0.0,0.0
2018-01-08,100000000.0,0.0,0.0
2018-01-09,100000000.0,0.0,0.0
2018-01-10,100000000.0,0.0,0.0
2018-01-11,100000000.0,0.0,0.0
2018-01-12,100000000.0,0.0,0.0
2018-01-15,100000000.0,0.0,0.0
2018-01-16,100000000.0,0.0,0.0
2018-01-17,100000000.0,0.0,0.0
2018-01-18,100000000.0,0.0,0.0
2018-01-19,100000000.0,0.0,0.0
2018-01-22,100000000.0,0.0,0.0
2018-01-23,100000000.0,0.0,0.0
2018-01-24,100000000.0,0.0,0.0
2018-01-25,100000000.0,0.0,0.0
2018-01-26,100000000.0,0.0,0.0
2018-01-29,100000000.0,0.0,0.0
2018-01-30,100000000.0,0.0,0.0
2018-01-31,100000000.0,0.0,0.0
2018-02-01,100000000.0,0.0,0.0
2018-02-02,100000000.0,0.0,0.0
2018-02-05,100000000.0,0.0,0.0
2018-02-06,100000000.0,0.0,0.0
2018-02-07,100000000.0,0.0,0.0
2018-02-08,100000000.0,0.0,0.0
2018-02-09,100000000.0,0.0,0.0
2018-02-12,100000000.0,0.0,0.0
2018-02-13,100000000.0,0.0,0.0
2018-02-21,100000000.0,0.0,0.0
2018-02-22,100000000.0,0.0,0.0
2018-02-23,100000000.0,0.0,0.0
2018-02-26,100000000.0,0.0,0.0
2018-02-27,100000000.0,0.0,0.0
2018-02-28,100000000.0,0.0,0.0
2018-03-01,100000000.0,0.0,0.0
2018-03-02,100000000.0,0.0,0.0
2018-03-05,100000000.0,0.0,0.0
2018-03-06,100000000.0,0.0,0.0
2018-03-07,100000000.0,0.0,0.0
2018-03-08,100000000.0,0.0,0.0
2018-03-09,100000000.0,0.0,0.0
2018-03-12,100000000.0,0.0,0.0
2018-03-13,100000000.0,0.0,0.0
2018-03-14,100000000.0,0.0,0.0
2018-03-15,100000000.0,0.0,0.0
2018-03-16,100000000.0,0.0,0.0
2018-03-19,100000000.0,0.0,0.0
2018-03-20,100000000.0,0.0,0.0
2018-03-21,100000000.0,0.0,0.0
2018-03-22,100000000.0,0.0,0.0
2018-03-23,100000000.0,0.0,0.0
2018-03-26,100000000.0,0.0,0.0
2018-03-27,100000000.0,0.0,0.0
2018-03-28,100000000.0,0.0,0.0
2018-03-29,100000000.0,0.0,0.0
2018-03-30,100000000.0,0.0,0.0
2018-04-02,100000000.0,0.0,0.0
2018-04-03,100000000.0,0.0,0.0
2018-04-04,100000000.0,0.0,0.0
2018-04-05,100000000.0,0.0,0.0
2018-04-06,100000000.0,0.0,0.0
2018-04-09,100000000.0,0.0,0.0
2018-04-10,100000000.0,0.0,0.0
2018-04-11,100000000.0,0.0,0.0
2018-04-12,100000000.0,0.0,0.0
2018-04-13,100000000.0,0.0,0.0
2018-04-16,100000000.0,0.0,0.0
2018-04-17,100000000.0,0.0,0.0
2018-04-18,100000000.0,0.0,0.0
2018-04-19,100000000.0,0.0,0.0
2018-04-20,100000000.0,0.0,0.0
2018-04-23,100000000.0,0.0,0.0
2018-04-24,100000000.0,0.0,0.0
2018-04-26,100000000.0,0.0,0.0
2018-04-27,100000000.0,0.0,0.0
2018-05-02,100000000.0,0.0,0.0
2018-05-03,100000000.0,0.0,0.0
2018-05-04,100000000.0,0.0,0.0
2018-05-07,100000000.0,0.0,0.0
2018-05-08,100000000.0,0.0,0.0
2018-05-09,100000000.0,0.0,0.0
2018-05-10,100000000.0,0.0,0.0
2018-05-11,100000000.0,0.0,0.0
2018-05-14,100000000.0,0.0,0.0
2018-05-15,100000000.0,0.0,0.0
2018-05-16,100000000.0,0.0,0.0
2018-05-17,100000000.0,0.0,0.0
2018-05-18,100000000.0,0.0,0.0
2018-05-21,100000000.0,0.0,0.0
2018-05-22,100000000.0,0.0,0.0
2018-05-23,100000000.0,0.0,0.0
2018-05-24,100000000.0,0.0,0.0
2018-05-25,100000000.0,0.0,0.0
2018-05-28,100000000.0,0.0,0.0
2018-05-29,100000000.0,0.0,0.0
2018-05-30,100000000.0,0.0,0.0
2018-05-31,100000000.0,0.0,0.0
2018-06-01,100000000.0,0.0,0.0
2018-06-04,100000000.0,0.0,0.0
2018-06-05,100000000.0,0.0,0.0
2018-06-06,100000000.0,0.0,0.0
2018-06-07,100000000.0,0.0,0.0
2018-06-08,100000000.0,0.0,0.0
2018-06-11,100000000.0,0.0,0.0
2018-06-12,100000000.0,0.0,0.0
2018-06-13,100000000.0,0.0,0.0
2018-06-14,100000000.0,0.0,0.0
2018-06-15,100000000.0,0.0,0.0
2018-06-18,100000000.0,0.0,0.0
2018-06-19,100000000.0,0.0,0.0
2018-06-20,100000000.0,0.0,0.0
2018-06-21,100000000.0,0.0,0.0
2018-06-22,100000000.0,0.0,0.0
2018-06-25,100000000.0,0.0,0.0
2018-06-26,100000000.0,0.0,0.0
2018-06-27,100000000.0,0.0,0.0
2018-06-28,100000000.0,0.0,0.0
2018-06-29,100000000.0,0.0,0.0
2018-07-02,100000000.0,0.0,0.0
2018-07-03,100000000.0,0.0,0.0
2018-07-04,100000000.0,0.0,0.0
2018-07-05,100000000.0,0.0,0.0
2018-07-06,100000000.0,0.0,0.0
2018-07-09,100000000.0,0.0,0.0
2018-07-10,100000000.0,0.0,0.0
2018-07-11,100000000.0,0.0,0.0
2018-07-12,100000000.0,0.0,0.0
2018-07-13,100000000.0,0.0,0.0
2018-07-16,100000000.0,0.0,0.0
2018-07-17,100000000.0,0.0,0.0
2018-07-18,100000000.0,0.0,0.0
2018-07-19,100000000.0,0.0,0.0
2018-07-20,100000000.0,0.0,0.0
2018-07-23,100000000.0,0.0,0.0
2018-07-24,100000000.0,0.0,0.0
2018-07-25,100000000.0,0.0,0.0
2018-07-26,100000000.0,0.0,0.0
2018-07-27,100000000.0,0.0,0.0
2018-07-30,100000000.0,0.0,0.0
2018-07-31,100000000.0,0.0,0.0
2018-08-01,100000000.0,0.0,0.0
2018-08-02,100000000.0,0.0,0.0
2018-08-03,100000000.0,0.0,0.0
2018-08-06,100000000.0,0.0,0.0
2018-08-07,100000000.0,0.0,0.0
2018-08-08,100000000.0,0.0,0.0
2018-08-09,100000000.0,0.0,0.0
2018-08-10,100000000.0,0.0,0.0
2018-08-13,100000000.0,0.0,0.0
2018-08-14,100000000.0,0.0,0.0
2018-08-15,100000000.0,0.0,0.0
2018-08-16,100000000.0,0.0,0.0
2018-08-17,100000000.0,0.0,0.0
2018-08-20,100000000.0,0.0,0.0
2018-08-21,100000000.0,0.0,0.0
2018-08-22,100000000.0,0.0,0.0
2018-08-23,100000000.0,0.0,0.0
2018-08-24,100000000.0,0.0,0.0
2018-08-27,100000000.0,0.0,0.0
2018-08-28,100000000.0,0.0,0.0
2018-08-29,100000000.0,0.0,0.0
2018-08-30,100000000.0,0.0,0.0
2018-08-31,100000000.0,0.0,0.0
2018-09-04,100000000.0,0.0,0.0
2018-09-05,100000000.0,0.0,0.0
2018-09-06,100000000.0,0.0,0.0
2018-09-07,100000000.0,0.0,0.0
2018-09-10,100000000.0,0.0,0.0
2018-09-11,100000000.0,0.0,0.0
2018-09-12,100000000.0,0.0,0.0
2018-09-13,100000000.0,0.0,0.0
2018-09-14,100000000.0,0.0,0.0
2018-09-17,100000000.0,0.0,0.0
2018-09-18,100000000.0,0.0,0.0
2018-09-19,100000000.0,0.0,0.0
2018-09-20,100000000.0,0.0,0.0
2018-09-21,100000000.0,0.0,0.0
2018-09-24,100000000.0,0.0,0.0
2018-09-25,100000000.0,0.0,0.0
2018-09-26,100000000.0,0.0,0.0
2018-09-27,100000000.0,0.0,0.0
2018-09-28,100000000.0,0.0,0.0
2018-10-01,100000000.0,0.0,0.0
2018-10-02,100000000.0,0.0,0.0
2018-10-03,100000000.0,0.0,0.0
2018-10-04,100000000.0,0.0,0.0
2018-10-05,100000000.0,0.0,0.0
2018-10-08,100000000.0,0.0,0.0
2018-10-09,100000000.0,0.0,0.0
2018-10-10,100000000.0,0.0,0.0
2018-10-11,100000000.0,0.0,0.0
2018-10-12,100000000.0,0.0,0.0
2018-10-15,100000000.0,0.0,0.0
2018-10-16,100000000.0,0.0,0.0
2018-10-17,100000000.0,0.0,0.0
2018-10-18,100000000.0,0.0,0.0
2018-10-19,100000000.0,0.0,0.0
2018-10-22,100000000.0,0.0,0.0
2018-10-23,100000000.0,0.0,0.0
2018-10-24,100000000.0,0.0,0.0
2018-10-25,100000000.0,0.0,0.0
2018-10-26,100000000.0,0.0,0.0
2018-10-29,100000000.0,0.0,0.0
2018-10-30,100000000.0,0.0,0.0
2018-10-31,100000000.0,0.0,0.0
2018-11-01,100000000.0,0.0,0.0
2018-11-02,100000000.0,0.0,0.0
2018-11-05,100000000.0,0.0,0.0
2018-11-06,100000000.0,0.0,0.0
2018-11-07,100000000.0,0.0,0.0
2018-11-08,100000000.0,0.0,0.0
2018-11-09,100000000.0,0.0,0.0
2018-11-12,100000000.0,0.0,0.0
2018-11-13,100000000.0,0.0,0.0
2018-11-14,100000000.0,0.0,0.0
2018-11-15,100000000.0,0.0,0.0
2018-11-16,100000000.0,0.0,0.0
2018-11-19,100000000.0,0.0,0.0
2018-11-20,100000000.0,0.0,0.0
2018-11-21,100000000.0,0.0,0.0
2018-11-22,100000000.0,0.0,0.0
2018-11-23,100000000.0,0.0,0.0
2018-11-26,100000000.0,0.0,0.0
2018-11-27,100000000.0,0.0,0.0
2018-11-28,100000000.0,0.0,0.0
2018-11-29,100000000.0,0.0,0.0
2018-11-30,100000000.0,0.0,0.0
2018-12-03,100000000.0,0.0,0.0
2018-12-04,100000000.0,0.0,0.0
2018-12-05,100000000.0,0.0,0.0
2018-12-06,100000000.0,0.0,0.0
2018-12-07,100000000.0,0.0,0.0
2018-12-10,100000000.0,0.0,0.0
2018-12-11,100000000.0,0.0,0.0
2018-12-12,100000000.0,0.0,0.0
2018-12-13,100000000.0,0.0,0.0
2018-12-14,100000000.0,0.0,0.0
2018-12-17,100000000.0,0.0,0.0
2018-12-18,100000000.0,0.0,0.0
2018-12-19,100000000.0,0.0,0.0
2018-12-20,100000000.0,0.0,0.0
2018-12-21,100000000.0,0.0,0.0
2018-12-24,100000000.0,0.0,0.0
2018-12-25,100000000.0,0.0,0.0
2018-12-26,100000000.0,0.0,0.0
2018-12-27,100000000.0,0.0,0.0
2018-12-28,100000000.0,0.0,0.0
2019-01-02,100000000.0,0.0,0.0
2019-01-03,100000000.0,0.0,0.0
2019-01-04,100000000.0,0.0,0.0
2019-01-07,100000000.0,0.0,0.0
2019-01-08,100000000.0,0.0,0.0
2019-01-09,100000000.0,0.0,0.0
2019-01-10,100000000.0,0.0,0.0
2019-01-11,100000000.0,0.0,0.0
2019-01-14,100000000.0,0.0,0.0
2019-01-15,100000000.0,0.0,0.0
2019-01-16,100000000.0,0.0,0.0
2019-01-17,100000000.0,0.0,0.0
2019-01-18,100000000.0,0.0,0.0
2019-01-21,100000000.0,0.0,0.0
2019-01-22,100000000.0,0.0,0.0
2019-01-23,100000000.0,0.0,0.0
2019-01-24,100000000.0,0.0,0.0
2019-01-25,100000000.0,0.0,0.0
2019-01-28,100000000.0,0.0,0.0
2019-01-29,100000000.0,0.0,0.0
2019-01-30,100000000.0,0.0,0.0
2019-01-31,100000000.0,0.0,0.0
2019-02-01,100000000.0,0.0,0.0
2019-02-11,100000000.0,0.0,0.0
2019-02-12,100000000.0,0.0,0.0
2019-02-13,100000000.0,0.0,0.0
2019-02-14,100000000.0,0.0,0.0
2019-02-15,100000000.0,0.0,0.0
2019-02-18,100000000.0,0.0,0.0
2019-02-19,100000000.0,0.0,0.0
2019-02-20,100000000.0,0.0,0.0
2019-02-21,100000000.0,0.0,0.0
2019-02-22,100000000.0,0.0,0.0
2019-02-25,100000000.0,0.0,0.0
2019-02-26,100000000.0,0.0,0.0
2019-02-27,100000000.0,0.0,0.0
2019-02-28,100000000.0,0.0,0.0
2019-03-01,100000000.0,0.0,0.0
2019-03-04,100000000.0,0.0,0.0
2019-03-05,100000000.0,0.0,0.0
2019-03-06,100000000.0,0.0,0.0
2019-03-07,100000000.0,0.0,0.0
2019-03-08,100000000.0,0.0,0.0
2019-03-11,100000000.0,0.0,0.0
2019-03-12,100000000.0,0.0,0.0
2019-03-13,100000000.0,0.0,0.0
2019-03-14,100000000.0,0.0,0.0
2019-03-15,100000000.0,0.0,0.0
2019-03-18,100000000.0,0.0,0.0
2019-03-19,100000000.0,0.0,0.0
2019-03-20,100000000.0,0.0,0.0
2019-03-21,100000000.0,0.0,0.0
2019-03-22,100000000.0,0.0,0.0
2019-03-25,100000000.0,0.0,0.0
2019-03-26,100000000.0,0.0,0.0
2019-03-27,100000000.0,0.0,0.0
2019-03-28,100000000.0,0.0,0.0
2019-03-29,100000000.0,0.0,0.0
2019-04-01,100000000.0,0.0,0.0
2019-04-02,100000000.0,0.0,0.0
2019-04-03,100000000.0,0.0,0.0
2019-04-04,100000000.0,0.0,0.0
2019-04-05,100000000.0,0.0,0.0
2019-04-08,100000000.0,0.0,0.0
2019-04-09,100000000.0,0.0,0.0
2019-04-10,100000000.0,0.0,0.0
2019-04-11,100000000.0,0.0,0.0
2019-04-12,100000000.0,0.0,0.0
2019-04-16,100000000.0,0.0,0.0
2019-04-17,100000000.0,0.0,0.0
2019-04-18,100000000.0,0.0,0.0
2019-04-19,100000000.0,0.0,0.0
2019-04-22,100000000.0,0.0,0.0
2019-04-23,100000000.0,0.0,0.0
2019-04-24,100000000.0,0.0,0.0
2019-04-25,100000000.0,0.0,0.0
2019-04-26,100000000.0,0.0,0.0
2019-05-02,100000000.0,0.0,0.0
2019-05-03,100000000.0,0.0,0.0
2019-05-06,100000000.0,0.0,0.0
2019-05-07,100000000.0,0.0,0.0
2019-05-08,100000000.0,0.0,0.0
2019-05-09,100000000.0,0.0,0.0
2019-05-10,100000000.0,0.0,0.0
2019-05-13,100000000.0,0.0,0.0
2019-05-14,100000000.0,0.0,0.0
2019-05-15,100000000.0,0.0,0.0
2019-05-16,100000000.0,0.0,0.0
2019-05-17,100000000.0,0.0,0.0
2019-05-20,100000000.0,0.0,0.0
2019-05-21,100000000.0,0.0,0.0
2019-05-22,100000000.0,0.0,0.0
2019-05-23,100000000.0,0.0,0.0
2019-05-24,100000000.0,0.0,0.0
2019-05-27,100000000.0,0.0,0.0
2019-05-28,100000000.0,0.0,0.0
2019-05-29,100000000.0,0.0,0.0
2019-05-30,100000000.0,0.0,0.0
2019-05-31,100000000.0,0.0,0.0
2019-06-03,100000000.0,0.0,0.0
2019-06-04,100000000.0,0.0,0.0
2019-06-05,100000000.0,0.0,0.0
2019-06-06,100000000.0,0.0,0.0
2019-06-07,100000000.0,0.0,0.0
2019-06-10,100000000.0,0.0,0.0
2019-06-11,100000000.0,0.0,0.0
2019-06-12,100000000.0,0.0,0.0
2019-06-13,100000000.0,0.0,0.0
2019-06-14,100000000.0,0.0,0.0
2019-06-17,100000000.0,0.0,0.0
2019-06-18,100000000.0,0.0,0.0
2019-06-19,100000000.0,0.0,0.0
2019-06-20,100000000.0,0.0,0.0
2019-06-21,100000000.0,0.0,0.0
2019-06-24,100000000.0,0.0,0.0
2019-06-25,100000000.0,0.0,0.0
2019-06-26,100000000.0,0.0,0.0
2019-06-27,100000000.0,0.0,0.0
2019-06-28,100000000.0,0.0,0.0
2019-07-01,100000000.0,0.0,0.0
2019-07-02,100000000.0,0.0,0.0
2019-07-03,100000000.0,0.0,0.0
2019-07-04,100000000.0,0.0,0.0
2019-07-05,100000000.0,0.0,0.0
2019-07-08,100000000.0,0.0,0.0
2019-07-09,100000000.0,0.0,0.0
2019-07-10,100000000.0,0.0,0.0
2019-07-11,100000000.0,0.0,0.0
2019-07-12,100000000.0,0.0,0.0
2019-07-15,100000000.0,0.0,0.0
2019-07-16,100000000.0,0.0,0.0
2019-07-17,100000000.0,0.0,0.0
2019-07-18,100000000.0,0.0,0.0
2019-07-19,100000000.0,0.0,0.0
2019-07-22,100000000.0,0.0,0.0
2019-07-23,100000000.0,0.0,0.0
2019-07-24,100000000.0,0.0,0.0
2019-07-25,100000000.0,0.0,0.0
2019-07-26,100000000.0,0.0,0.0
2019-07-29,100000000.0,0.0,0.0
2019-07-30,100000000.0,0.0,0.0
2019-07-31,100000000.0,0.0,0.0
2019-08-01,100000000.0,0.0,0.0
2019-08-02,100000000.0,0.0,0.0
2019-08-05,100000000.0,0.0,0.0
2019-08-06,100000000.0,0.0,0.0
2019-08-07,100000000.0,0.0,0.0
2019-08-08,100000000.0,0.0,0.0
2019-08-09,100000000.0,0.0,0.0
2019-08-12,100000000.0,0.0,0.0
2019-08-13,100000000.0,0.0,0.0
2019-08-14,100000000.0,0.0,0.0
2019-08-15,100000000.0,0.0,0.0
2019-08-16,100000000.0,0.0,0.0
2019-08-19,100000000.0,0.0,0.0
2019-08-20,100000000.0,0.0,0.0
2019-08-21,100000000.0,0.0,0.0
2019-08-22,100000000.0,0.0,0.0
2019-08-23,100000000.0,0.0,0.0
2019-08-26,100000000.0,0.0,0.0
2019-08-27,100000000.0,0.0,0.0
2019-08-28,100000000.0,0.0,0.0
2019-08-29,100000000.0,0.0,0.0
2019-08-30,100000000.0,0.0,0.0
2019-09-03,100000000.0,0.0,0.0
2019-09-04,100000000.0,0.0,0.0
2019-09-05,100000000.0,0.0,0.0
2019-09-06,100000000.0,0.0,0.0
2019-09-09,100000000.0,0.0,0.0
2019-09-10,100000000.0,0.0,0.0
2019-09-11,100000000.0,0.0,0.0
2019-09-12,100000000.0,0.0,0.0
2019-09-13,100000000.0,0.0,0.0
2019-09-16,100000000.0,0.0,0.0
2019-09-17,100000000.0,0.0,0.0
2019-09-18,100000000.0,0.0,0.0
2019-09-19,100000000.0,0.0,0.0
2019-09-20,100000000.0,0.0,0.0
2019-09-23,100000000.0,0.0,0.0
2019-09-24,100000000.0,0.0,0.0
2019-09-25,100000000.0,0.0,0.0
2019-09-26,100000000.0,0.0,0.0
2019-09-27,100000000.0,0.0,0.0
2019-09-30,100000000.0,0.0,0.0
2019-10-01,100000000.0,0.0,0.0
2019-10-02,100000000.0,0.0,0.0
2019-10-03,100000000.0,0.0,0.0
2019-10-04,100000000.0,0.0,0.0
2019-10-07,100000000.0,0.0,0.0
2019-10-08,100000000.0,0.0,0.0
2019-10-09,100000000.0,0.0,0.0
2019-10-10,100000000.0,0.0,0.0
2019-10-11,100000000.0,0.0,0.0
2019-10-14,100000000.0,0.0,0.0
2019-10-15,100000000.0,0.0,0.0
2019-10-16,100000000.0,0.0,0.0
2019-10-17,100000000.0,0.0,0.0
2019-10-18,100000000.0,0.0,0.0
2019-10-21,100000000.0,0.0,0.0
2019-10-22,100000000.0,0.0,0.0
2019-10-23,100000000.0,0.0,0.0
2019-10-24,100000000.0,0.0,0.0
2019-10-25,100000000.0,0.0,0.0
2019-10-28,100000000.0,0.0,0.0
2019-10-29,100000000.0,0.0,0.0
2019-10-30,100000000.0,0.0,0.0
2019-10-31,100000000.0,0.0,0.0
2019-11-01,100000000.0,0.0,0.0
2019-11-04,100000000.0,0.0,0.0
2019-11-05,100000000.0,0.0,0.0
2019-11-06,100000000.0,0.0,0.0
2019-11-07,100000000.0,0.0,0.0
2019-11-08,100000000.0,0.0,0.0
2019-11-11,100000000.0,0.0,0.0
2019-11-12,100000000.0,0.0,0.0
2019-11-13,100000000.0,0.0,0.0
2019-11-14,100000000.0,0.0,0.0
2019-11-15,100000000.0,0.0,0.0
2019-11-18,100000000.0,0.0,0.0
2019-11-19,100000000.0,0.0,0.0
2019-11-20,100000000.0,0.0,0.0
2019-11-21,100000000.0,0.0,0.0
2019-11-22,100000000.0,0.0,0.0
2019-11-25,100000000.0,0.0,0.0
2019-11-26,100000000.0,0.0,0.0
2019-11-27,100000000.0,0.0,0.0
2019-11-28,100000000.0,0.0,0.0
2019-11-29,100000000.0,0.0,0.0
2019-12-02,100000000.0,0.0,0.0
2019-12-03,100000000.0,0.0,0.0
2019-12-04,100000000.0,0.0,0.0
2019-12-05,100000000.0,0.0,0.0
2019-12-06,100000000.0,0.0,0.0
2019-12-09,100000000.0,0.0,0.0
2019-12-10,100000000.0,0.0,0.0
2019-12-11,100000000.0,0.0,0.0
2019-12-12,100000000.0,0.0,0.0
2019-12-13,100000000.0,0.0,0.0
2019-12-16,100000000.0,0.0,0.0
2019-12-17,100000000.0,0.0,0.0
2019-12-18,100000000.0,0.0,0.0
2019-12-19,100000000.0,0.0,0.0
2019-12-20,100000000.0,0.0,0.0
2019-12-23,100000000.0,0.0,0.0
2019-12-24,100000000.0,0.0,0.0
2019-12-25,100000000.0,0.0,0.0
2019-12-26,100000000.0,0.0,0.0
2019-12-27,100000000.0,0.0,0.0
2019-12-30,100000000.0,0.0,0.0
2019-12-31,100000000.0,0.0,0.0
2020-01-02,100000000.0,0.0,0.0
2020-01-03,100000000.0,0.0,0.0
2020-01-06,100000000.0,0.0,0.0
2020-01-07,100000000.0,0.0,0.0
2020-01-08,100000000.0,0.0,0.0
2020-01-09,100000000.0,0.0,0.0
2020-01-10,100000000.0,0.0,0.0
2020-01-13,100000000.0,0.0,0.0
2020-01-14,100000000.0,0.0,0.0
2020-01-15,100000000.0,0.0,0.0
2020-01-16,100000000.0,0.0,0.0
2020-01-17,100000000.0,0.0,0.0
2020-01-20,100000000.0,0.0,0.0
2020-01-21,100000000.0,0.0,0.0
2020-01-22,100000000.0,0.0,0.0
2020-01-30,100000000.0,0.0,0.0
2020-01-31,100000000.0,0.0,0.0
2020-02-03,100000000.0,0.0,0.0
2020-02-04,100000000.0,0.0,0.0
2020-02-05,100000000.0,0.0,0.0
2020-02-06,100000000.0,0.0,0.0
2020-02-07,100000000.0,0.0,0.0
2020-02-10,100000000.0,0.0,0.0
2020-02-11,100000000.0,0.0,0.0
2020-02-12,100000000.0,0.0,0.0
2020-02-13,100000000.0,0.0,0.0
2020-02-14,100000000.0,0.0,0.0
2020-02-17,100000000.0,0.0,0.0
2020-02-18,100000000.0,0.0,0.0
2020-02-19,100000000.0,0.0,0.0
2020-02-20,100000000.0,0.0,0.0
2020-02-21,100000000.0,0.0,0.0
2020-02-24,100000000.0,0.0,0.0
2020-02-25,100000000.0,0.0,0.0
2020-02-26,100000000.0,0.0,0.0
2020-02-27,100000000.0,0.0,0.0
2020-02-28,100000000.0,0.0,0.0
2020-03-02,100000000.0,0.0,0.0
2020-03-03,100000000.0,0.0,0.0
2020-03-04,100000000.0,0.0,0.0
2020-03-05,100000000.0,0.0,0.0
2020-03-06,100000000.0,0.0,0.0
2020-03-09,100000000.0,0.0,0.0
2020-03-10,100000000.0,0.0,0.0
2020-03-11,100000000.0,0.0,0.0
2020-03-12,100000000.0,0.0,0.0
2020-03-13,100000000.0,0.0,0.0
2020-03-16,100000000.0,0.0,0.0
2020-03-17,100000000.0,0.0,0.0
2020-03-18,100000000.0,0.0,0.0
2020-03-19,100000000.0,0.0,0.0
2020-03-20,100000000.0,0.0,0.0
2020-03-23,100000000.0,0.0,0.0
2020-03-24,100000000.0,0.0,0.0
2020-03-25,100000000.0,0.0,0.0
2020-03-26,100000000.0,0.0,0.0
2020-03-27,100000000.0,0.0,0.0
2020-03-30,100000000.0,0.0,0.0
2020-03-31,100000000.0,0.0,0.0
2020-04-01,100000000.0,0.0,0.0
2020-04-03,100000000.0,0.0,0.0
2020-04-06,100000000.0,0.0,0.0
2020-04-07,100000000.0,0.0,0.0
2020-04-08,100000000.0,0.0,0.0
2020-04-09,100000000.0,0.0,0.0
2020-04-10,100000000.0,0.0,0.0
2020-04-13,100000000.0,0.0,0.0
2020-04-14,100000000.0,0.0,0.0
2020-04-15,100000000.0,0.0,0.0
2020-04-16,100000000.0,0.0,0.0
2020-04-17,100000000.0,0.0,0.0
2020-04-20,100000000.0,0.0,0.0
2020-04-21,100000000.0,0.0,0.0
2020-04-22,100000000.0,0.0,0.0
2020-04-23,100000000.0,0.0,0.0
2020-04-24,100000000.0,0.0,0.0
2020-04-27,100000000.0,0.0,0.0
2020-04-28,100000000.0,0.0,0.0
2020-04-29,100000000.0,0.0,0.0
2020-05-04,100000000.0,0.0,0.0
2020-05-05,100000000.0,0.0,0.0
2020-05-06,100000000.0,0.0,0.0
2020-05-07,100000000.0,0.0,0.0
2020-05-08,100000000.0,0.0,0.0
2020-05-11,100000000.0,0.0,0.0
2020-05-12,100000000.0,0.0,0.0
2020-05-13,100000000.0,0.0,0.0
2020-05-14,100000000.0,0.0,0.0
2020-05-15,100000000.0,0.0,0.0
2020-05-18,100000000.0,0.0,0.0
2020-05-19,100000000.0,0.0,0.0
2020-05-20,100000000.0,0.0,0.0
2020-05-21,100000000.0,0.0,0.0
2020-05-22,100000000.0,0.0,0.0
2020-05-25,100000000.0,0.0,0.0
2020-05-26,100000000.0,0.0,0.0
2020-05-27,100000000.0,0.0,0.0
2020-05-28,100000000.0,0.0,0.0
2020-05-29,100000000.0,0.0,0.0
2020-06-01,100000000.0,0.0,0.0
2020-06-02,100000000.0,0.0,0.0
2020-06-03,100000000.0,0.0,0.0
2020-06-04,100000000.0,0.0,0.0
2020-06-05,100000000.0,0.0,0.0
2020-06-08,100000000.0,0.0,0.0
2020-06-09,100000000.0,0.0,0.0
2020-06-10,100000000.0,0.0,0.0
2020-06-11,100000000.0,0.0,0.0
2020-06-12,100000000.0,0.0,0.0
2020-06-15,100000000.0,0.0,0.0
2020-06-16,100000000.0,0.0,0.0
2020-06-17,100000000.0,0.0,0.0
2020-06-18,100000000.0,0.0,0.0
2020-06-19,100000000.0,0.0,0.0
2020-06-22,100000000.0,0.0,0.0
2020-06-23,100000000.0,0.0,0.0
2020-06-24,100000000.0,0.0,0.0
2020-06-25,100000000.0,0.0,0.0
2020-06-26,100000000.0,0.0,0.0
2020-06-29,100000000.0,0.0,0.0
2020-06-30,100000000.0,0.0,0.0
2020-07-01,100000000.0,0.0,0.0
2020-07-02,100000000.0,0.0,0.0
2020-07-03,100000000.0,0.0,0.0
2020-07-06,100000000.0,0.0,0.0
2020-07-07,100000000.0,0.0,0.0
2020-07-08,100000000.0,0.0,0.0
2020-07-09,100000000.0,0.0,0.0
2020-07-10,100000000.0,0.0,0.0
2020-07-13,100000000.0,0.0,0.0
2020-07-14,100000000.0,0.0,0.0
2020-07-15,100000000.0,0.0,0.0
2020-07-16,100000000.0,0.0,0.0
2020-07-17,100000000.0,0.0,0.0
2020-07-20,100000000.0,0.0,0.0
2020-07-21,100000000.0,0.0,0.0
2020-07-22,100000000.0,0.0,0.0
2020-07-23,100000000.0,0.0,0.0
2020-07-24,100000000.0,0.0,0.0
2020-07-27,100000000.0,0.0,0.0
2020-07-28,100000000.0,0.0,0.0
2020-07-29,100000000.0,0.0,0.0
2020-07-30,100000000.0,0.0,0.0
2020-07-31,100000000.0,0.0,0.0
2020-08-03,100000000.0,0.0,0.0
2020-08-04,100000000.0,0.0,0.0
2020-08-05,100000000.0,0.0,0.0
2020-08-06,100000000.0,0.0,0.0
2020-08-07,100000000.0,0.0,0.0
2020-08-10,100000000.0,0.0,0.0
2020-08-11,100000000.0,0.0,0.0
2020-08-12,100000000.0,0.0,0.0
2020-08-13,100000000.0,0.0,0.0
2020-08-14,100000000.0,0.0,0.0
2020-08-17,100000000.0,0.0,0.0
2020-08-18,100000000.0,0.0,0.0
2020-08-19,100000000.0,0.0,0.0
2020-08-20,100000000.0,0.0,0.0
2020-08-21,100000000.0,0.0,0.0
2020-08-24,100000000.0,0.0,0.0
2020-08-25,100000000.0,0.0,0.0
2020-08-26,100000000.0,0.0,0.0
2020-08-27,100000000.0,0.0,0.0
2020-08-28,100000000.0,0.0,0.0
2020-08-31,100000000.0,0.0,0.0
2020-09-01,100000000.0,0.0,0.0
2020-09-03,100000000.0,0.0,0.0
2020-09-04,100000000.0,0.0,0.0
2020-09-07,100000000.0,0.0,0.0
2020-09-08,100000000.0,0.0,0.0
2020-09-09,100000000.0,0.0,0.0
2020-09-10,100000000.0,0.0,0.0
2020-09-11,100000000.0,0.0,0.0
2020-09-14,100000000.0,0.0,0.0
2020-09-15,100000000.0,0.0,0.0
2020-09-16,100000000.0,0.0,0.0
2020-09-17,100000000.0,0.0,0.0
2020-09-18,100000000.0,0.0,0.0
2020-09-21,100000000.0,0.0,0.0
2020-09-22,100000000.0,0.0,0.0
2020-09-23,100000000.0,0.0,0.0
2020-09-24,100000000.0,0.0,0.0
2020-09-25,100000000.0,0.0,0.0
2020-09-28,100000000.0,0.0,0.0
2020-09-29,100000000.0,0.0,0.0
2020-09-30,100000000.0,0.0,0.0
2020-10-01,100000000.0,0.0,0.0
2020-10-02,100000000.0,0.0,0.0
2020-10-05,100000000.0,0.0,0.0
2020-10-06,100000000.0,0.0,0.0
2020-10-07,100000000.0,0.0,0.0
2020-10-08,100000000.0,0.0,0.0
2020-10-09,100000000.0,0.0,0.0
2020-10-12,100000000.0,0.0,0.0
2020-10-13,100000000.0,0.0,0.0
2020-10-14,100000000.0,0.0,0.0
2020-10-15,100000000.0,0.0,0.0
2020-10-16,100000000.0,0.0,0.0
2020-10-19,100000000.0,0.0,0.0
2020-10-20,100000000.0,0.0,0.0
2020-10-21,100000000.0,0.0,0.0
2020-10-22,100000000.0,0.0,0.0
2020-10-23,100000000.0,0.0,0.0
2020-10-26,100000000.0,0.0,0.0
2020-10-27,100000000.0,0.0,0.0
2020-10-28,100000000.0,0.0,0.0
2020-10-29,100000000.0,0.0,0.0
2020-10-30,100000000.0,0.0,0.0
2020-11-02,100000000.0,0.0,0.0
2020-11-03,100000000.0,0.0,0.0
2020-11-04,100000000.0,0.0,0.0
2020-11-05,100000000.0,0.0,0.0
2020-11-06,100000000.0,0.0,0.0
2020-11-09,100000000.0,0.0,0.0
2020-11-10,100000000.0,0.0,0.0
2020-11-11,100000000.0,0.0,0.0
2020-11-12,100000000.0,0.0,0.0
2020-11-13,100000000.0,0.0,0.0
2020-11-16,100000000.0,0.0,0.0
2020-11-17,100000000.0,0.0,0.0
2020-11-18,100000000.0,0.0,0.0
2020-11-19,100000000.0,0.0,0.0
2020-11-20,100000000.0,0.0,0.0
2020-11-23,100000000.0,0.0,0.0
2020-11-24,100000000.0,0.0,0.0
2020-11-25,100000000.0,0.0,0.0
2020-11-26,100000000.0,0.0,0.0
2020-11-27,100000000.0,0.0,0.0
2020-11-30,100000000.0,0.0,0.0
2020-12-01,100000000.0,0.0,0.0
2020-12-02,100000000.0,0.0,0.0
2020-12-03,100000000.0,0.0,0.0
2020-12-04,100000000.0,0.0,0.0
2020-12-07,100000000.0,0.0,0.0
2020-12-08,100000000.0,0.0,0.0
2020-12-09,100000000.0,0.0,0.0
2020-12-10,100000000.0,0.0,0.0
2020-12-11,100000000.0,0.0,0.0
2020-12-14,100000000.0,0.0,0.0
2020-12-15,100000000.0,0.0,0.0
2020-12-16,100000000.0,0.0,0.0
2020-12-17,100000000.0,0.0,0.0
2020-12-18,100000000.0,0.0,0.0
2020-12-21,100000000.0,0.0,0.0
2020-12-22,100000000.0,0.0,0.0
2020-12-23,100000000.0,0.0,0.0
2020-12-24,100000000.0,0.0,0.0
2020-12-25,100000000.0,0.0,0.0
2020-12-28,100000000.0,0.0,0.0
2020-12-29,100000000.0,0.0,0.0
2020-12-30,100000000.0,0.0,0.0
2020-12-31,100000000.0,0.0,0.0
2021-01-04,100000000.0,0.0,0.0
2021-01-05,99840255.5910543,-0.0015974440894569457,-0.0015974440894569453
2021-01-06,100224274.021606,0.003846328600405756,0.0
2021-01-07,103838795.52067223,0.0360643320627798,0.0
2021-01-08,105477312.41725788,0.015779428953983266,0.0
2021-01-11,108096986.59051147,0.024836375834932374,0.0
2021-01-12,109479330.27741215,0.012787994656476525,0.0
2021-01-13,108142069.05421187,-0.012214736971917531,-0.01221473697191755
2021-01-14,111984422.68075702,0.03553060950423433,0.0
2021-01-15,113315207.6129362,0.011883661140737032,0.0
2021-01-18,115169957.273267,0.016368055968853573,0.0
2021-01-19,110521581.47969887,-0.040361009968413915,-0.04036100996841396
2021-01-20,109856631.99623765,-0.006016467323021044,-0.046134646593835926
2021-01-21,112265506.22611949,0.02192743565963625,-0.02521882542906606
2021-01-22,112819630.79567051,0.00493583994031908,-0.020407461574547647
2021-01-25,115146953.98778477,0.020628707749711723,-0.00019973338557077724
2021-01-26,112863541.6098845,-0.019830419293093118,-0.02002619188188115
2021-01-27,108274363.98275106,-0.04066129382148972,-0.05987319483113618
2021-01-28,100811946.87838764,-0.06892136633148205,-0.12466801876822531
2021-01-29,102451844.50212802,0.016266897669565204,-0.11042908300263021
2021-02-01,98475628.2117412,-0.03881058764446389,-0.1449538530427228
2021-02-02,101747637.07561569,0.03322658533174379,-0.11654358927826802
2021-02-03,105776026.78410864,0.03959197308433979,-0.08156580684378578
2021-02-04,106533468.72989066,0.007160809200443665,-0.07498907482343076
2021-02-05,107470580.26009215,0.008796404936156597,-0.06685230415520882
2021-02-08,105102724.4629586,-0.022032595259121567,-0.08741196965473896
2021-02-09,107168623.80694187,0.019656001826207165,-0.0694741376636977
2021-02-17,110960151.83289629,0.03537908663252638,-0.036552982566295356
2021-02-18,111719406.10265426,0.006842584993046806,-0.0299605144632078
2021-02-19,116981031.88762641,0.04709679337301041,0.0
2021-02-22,119765912.16383763,0.023806255007960703,0.0
2021-02-23,121468218.10191387,0.014213609760242286,0.0
2021-02-24,118792883.26652299,-0.02202497803290594,-0.02202497803290593
2021-02-25,122042350.21211316,0.027354054016011077,0.0
2021-02-26,123304347.35667141,0.010340649310381709,0.0
2021-03-01,126082256.98718551,0.022528886369907873,0.0
2021-03-02,127245719.82015663,0.009227807788128154,0.0
2021-03-03,126840213.23016346,-0.003186799450435768,-0.003186799450435762
2021-03-04,125627483.24139877,-0.009561084437504658,-0.01271741462930942
2021-03-05,126942537.32296547,0.010467885271885705,-0.002382653794718359
2021-03-08,126790946.07436988,-0.0011941721962742795,-0.003573980692077594
2021-03-09,126571813.83653387,-0.001728295628518066,-0.005296099425389111
2021-03-10,126770025.46068767,0.0015660012932245803,-0.003738391830713783
2021-03-11,126947573.67729774,0.001400553608511604,-0.0023430740403707073
2021-03-12,126398416.17941502,-0.004325860526320013,-0.006658798755189266
2021-03-15,126271638.89785436,-0.001002997390257696,-0.007655117387673216
2021-03-16,125945146.21288407,-0.0025856375019762045,-0.010220961531049788
2021-03-17,131233094.67478535,0.041986123490325704,0.0
2021-03-18,130979179.33338773,-0.001934842289796277,-0.0019348422897962347
2021-03-19,130487623.40514815,-0.003752931807492873,-0.005680512766117252
2021-03-22,128358521.76077235,-0.01631650258327719,-0.02190432924817176
2021-03-23,127275559.29031703,-0.008437012639283004,-0.030156534784732902
2021-03-24,123788794.14451799,-0.02739540226922664,-0.056725786652485954
2021-03-25,121852488.28179872,-0.015642012478598956,-0.07148049366840836
2021-03-26,122966064.72962879,0.00913872554867148,-0.06299500873345598
2021-03-29,126262803.15603316,0.02681014826044132,-0.03787376599682646
2021-03-30,128701622.75151065,0.01931542413535398,-0.01928988971530432
2021-03-31,131591271.95911413,0.022452313699125964,0.0
2021-04-01,133676430.07332394,0.015845717448932834,0.0
2021-04-02,134183633.82633632,0.0037942646488552884,0.0
2021-04-05,130237089.55565026,-0.02941151732255047,-0.02941151732255043
2021-04-06,130486061.19737026,0.001911680018107372,-0.0275560627144108
2021-04-07,130789299.04601929,0.0023239098940258016,-0.02529619062716748
2021-04-08,131212406.67332998,0.003235032455994885,-0.022142992168864506
2021-04-09,133017449.72764602,0.01375664923828376,-0.00869095630693384
2021-04-12,134583030.2398238,0.011769737845548087,0.0
2021-04-13,132065686.861703,-0.018704760723807067,-0.018704760723807112
2021-04-14,132635659.30055729,0.004315825347208906,-0.014469661857043459
2021-04-15,132483189.38654047,-0.0011495393834572844,-0.01560256779433078
2021-04-16,130773974.31912026,-0.012901373188060197,-0.02830264643258429
2021-04-19,135383580.7616887,0.035248653002774785,0.0
2021-04-20,134570834.1439559,-0.006003287940533012,-0.006003287940533064
2021-04-22,128258023.31477919,-0.046910691082018736,-0.05263236063649701
2021-04-23,132953142.974143,0.03660683002918841,-0.017952234487163765
2021-04-26,132256143.59524748,-0.0052424437911262846,-0.023100564698065984
2021-04-27,134215707.08361433,0.014816426935627606,-0.008626405591458997
2021-04-28,138415856.90561682,0.03129402596214656,0.0
2021-04-29,141481196.75713283,0.02214587201238227,0.0
2021-05-04,141781682.37207556,0.002123855479244668,0.0
2021-05-05,144204895.6604472,0.017091159082260356,0.0
2021-05-06,145173521.78119224,0.006717012736001789,0.0
2021-05-07,143999125.1763947,-0.008089606082351647,-0.008089606082351652
2021-05-10,147437686.77358228,0.02387904504958236,0.0
2021-05-11,146448474.9691636,-0.006709355159226012,-0.006709355159225994
2021-05-12,150109347.7796657,0.02499768475754323,0.0
2021-05-13,149210994.53778404,-0.0059846588848037246,-0.005984658884803706
2021-05-14,148715904.46261787,-0.003318053583784648,-0.009282855049727923
2021-05-17,148655223.04103824,-0.0004080358573543318,-0.009687103169363387
2021-05-18,152331668.59497583,0.024731358096463603,0.0
2021-05-19,154672364.62028933,0.015365787343516941,0.0
2021-05-20,156068173.61914027,0.009024294690764977,0.0
2021-05-21,154271115.58956805,-0.011514570766732075,-0.011514570766732124
2021-05-24,156089684.86009526,0.01178813845726923,0.0
2021-05-25,156319808.18120342,0.0014743019137646682,0.0
2021-05-26,156073204.35142192,-0.0015775597005316386,-0.0015775597005316389
2021-05-27,154363037.59600765,-0.010957465520882007,-0.012517739165387898
2021-05-28,152319869.43707526,-0.013236123043132129,-0.02558817587270512
2021-05-31,150218992.6610114,-0.01379253267369528,-0.03902778279461594
2021-06-01,148952506.35215065,-0.008430933308937434,-0.04712967546961622
2021-06-02,150473020.15743825,0.010208044446683093,-0.03740273284488471
2021-06-03,153560402.2784065,0.02051784511095716,-0.01765231121316546
2021-06-04,154300089.04833353,0.004816910863426663,-0.012920429959386026
2021-06-07,151445451.97645998,-0.018500553625599974,-0.03118194847765654
2021-06-08,150102479.36157233,-0.008867698549946556,-0.039773134908303365
2021-06-09,153518360.89158952,0.022756996050604182,-0.017921255931727553
2021-06-10,157105711.8212419,0.023367569252420905,0.0
2021-06-11,158730881.76917127,0.010344435788423366,0.0
2021-06-14,165356297.75357646,0.04173993057028414,0.0
2021-06-15,168498073.7559445,0.019000038371989252,0.0
2021-06-16,164932662.11856475,-0.021159954876065465,-0.02115995487606548
2021-06-17,164064013.77506503,-0.005266684793308416,-0.02631519685680106
2021-06-18,168288455.84349778,0.025748742647638385,-0.0012440374407503008
2021-06-21,168921777.98874325,0.003763313069046337,0.0
2021-06-22,167932591.33588398,-0.005855885869998295,-0.005855885869998301
2021-06-23,167169248.1688288,-0.004545533186755975,-0.010374800933194317
2021-06-24,164014740.24659497,-0.018870144819027938,-0.0290491717561443
2021-06-25,167676776.76473904,0.022327484180008614,-0.007370282498963321
2021-06-28,171095268.56397578,0.020387389745886525,0.0
2021-06-29,171533642.7006287,0.0025621639939680755,0.0
2021-06-30,171320590.55842108,-0.0012420428952205867,-0.001242042895220563
2021-07-01,175822565.79315817,0.02627807445715,0.0
2021-07-02,175364233.27085358,-0.002606790091118268,-0.002606790091118305
2021-07-05,174021616.5534392,-0.007656160508743425,-0.010242992596511513
2021-07-06,162609334.429663,-0.06557968113272682,-0.07515094154091417
2021-07-07,164309773.88870305,0.010457206930980794,-0.0654796035566848
2021-07-08,161929915.9512338,-0.01448397061930878,-0.07901516952191456
2021-07-09,155995998.91317463,-0.03664497077764316,-0.11276463172143669
2021-07-12,151105773.8595078,-0.03134840052140483,-0.14057804140298913
2021-07-13,153032027.7468232,0.012747718621965746,-0.1296223720972558
2021-07-14,154163488.31413847,0.007393619387878552,-0.12318713119281832
2021-07-15,158786260.6208601,0.02998616830271652,-0.09689487293877841
2021-07-16,157770588.12745118,-0.006396475925798628,-0.10267156314249082
2021-07-19,149250173.56607175,-0.0540050884167106,-0.15113186471380935
2021-07-20,155121264.0414527,0.03933724387115622,-0.1177397318616028
2021-07-21,152754660.8238812,-0.015256471974977428,-0.13119991091709238
2021-07-22,155620002.57163358,0.018757802428404916,-0.11490313049629464
2021-07-23,155120782.52418858,-0.003207942675718713,-0.11774247051612052
2021-07-26,154633555.09883714,-0.003140955179719169,-0.12051360187319915
2021-07-27,152901882.29822665,-0.011198557774240198,-0.13036258111428056
2021-07-28,149519917.74923366,-0.02211852789618807,-0.14959768062347334
2021-07-29,152682834.0245275,0.021153812300769795,-0.131608429579243
2021-07-30,153193968.35919157,0.0033476869743062684,-0.12870132643034815
2021-08-02,153093878.37409884,-0.0006533546076569403,-0.12927059343337022
2021-08-03,157053741.32427555,0.025865586476948674,-0.10674866666979888
2021-08-04,156052363.36140174,-0.006376021064065126,-0.11244405598661644
2021-08-05,156181348.74147654,0.0008265519169106191,-0.11171044491972681
2021-08-06,156074893.84815618,-0.0006816107952593252,-0.11231591266978558
2021-08-09,162568854.7235639,0.041607978806159816,-0.07538117197758476
2021-08-10,164396599.8296064,0.011242898334680694,-0.06498577649579707
2021-08-11,163681449.2375375,-0.004350154399848592,-0.06905323273409492
2021-08-12,165087842.63555664,0.008592258955247588,-0.06105429703619569
2021-08-13,169893132.43363893,0.02910747224851873,-0.03372396104431086
2021-08-16,176590589.51990998,0.039421588090896534,0.0
2021-08-17,177545999.89583918,0.005410313077988153,0.0
2021-08-18,177642132.9925631,0.000541454590812029,0.0
2021-08-19,177754288.2720743,0.000631355172457362,0.0
2021-08-20,177578044.2614138,-0.0009915035658140448,-0.0009915035658140114
2021-08-23,177898487.91716018,0.001804522946962088,0.0
2021-08-24,177610088.62698844,-0.0016211452584467038,-0.001621145258446699
2021-08-25,177674177.35813773,0.0003608394750811894,-0.0012608907565696548
2021-08-26,177624509.59641904,-0.0002795440646311541,-0.001540082346673577
2021-08-27,177609603.821016,-8.391733458907334e-05,-0.001623870441657127
2021-08-30,181365433.13099262,0.021146544044777556,0.0
2021-08-31,181063951.2097271,-0.001662289864506678,-0.001662289864506672
2021-09-01,184611670.58785912,0.0195937366572912,0.0
2021-09-06,191445307.04986265,0.03701627551629414,0.0
2021-09-07,189010143.36737183,-0.012719892276369972,-0.012719892276369937
2021-09-08,188411064.24356854,-0.0031695607078551357,-0.015849136513457762
2021-09-09,188896931.56444836,0.00257876214876485,-0.013311245518024428
2021-09-10,186873580.44717374,-0.010711402776726841,-0.023880066182547788
2021-09-13,185347048.3588436,-0.00816879563540913,-0.031853790437551655
2021-09-14,182714287.8220677,-0.014204491304758716,-0.045605814853016624
2021-09-15,182811054.24910071,0.0005296051457521538,-0.04510036278148677
2021-09-16,183004285.1209133,0.0010569977434148109,-0.04409103601975917
2021-09-17,186290880.76000267,0.017959118481394462,-0.026923753678210982
2021-09-20,187723476.73399878,0.007690102532939907,-0.01944069757162814
2021-09-21,190791928.70066226,0.01634559523426805,-0.00341287211093777
2021-09-22,189975642.8496056,-0.0042784087178936924,-0.007676679167038958
2021-09-23,189217411.72041214,-0.003991201807874441,-0.011637241799143494
2021-09-24,188553959.4823678,-0.0035062959164912336,-0.015102734102235171
2021-09-27,187037497.22398087,-0.008042590368030686,-0.023023859366444244
2021-09-28,188933075.04696456,0.010134747583334547,-0.013122452786182848
2021-09-29,188743517.2646662,-0.0010033065002050935,-0.014112593444208898
2021-09-30,190544316.19650066,0.009540984283498772,-0.0047062571929606944
2021-10-01,192534672.91063356,0.010445636762422923,0.0
2021-10-04,192905629.4637841,0.0019266999940458357,0.0
2021-10-05,197459822.07356396,0.023608396615687484,0.0
2021-10-06,201413543.58487067,0.020022916407945197,0.0
2021-10-07,205633607.1583189,0.020952233391743146,0.0
2021-10-08,201074608.71391997,-0.02217049298215603,-0.02217049298215601
2021-10-11,201331953.47040847,0.0012798471081678976,-0.020919020715318037
2021-10-12,207831516.26605615,0.032282817921413444,0.0
2021-10-13,213839804.35823694,0.028909417590396926,0.0
2021-10-14,217264054.67050448,0.016013156776607584,0.0
2021-10-15,218911406.09798402,0.007582254828014944,0.0
2021-10-18,218930632.33080205,8.78265466415746e-05,0.0
2021-10-19,223734401.1185875,0.02194196735579237,0.0
2021-10-20,224513461.10981354,0.0034820751182251886,0.0
2021-10-21,226563468.51019543,0.009130888590146484,0.0
2021-10-22,226512689.53080395,-0.00022412695093957912,-0.0002241269509395405
2021-10-25,222857359.0308078,-0.01613742041369854,-0.016357930533804743
2021-10-26,226466805.0153612,0.016196216271478058,-0.0004266508430059712
2021-10-27,228078598.15933305,0.007117127580187891,0.0
2021-10-28,233040709.6496083,0.021756146917427083,0.0
2021-10-29,232415460.27137113,-0.0026830049529856415,-0.002683004952985679
2021-11-01,239167649.37591916,0.02905223730238986,0.0
2021-11-02,240264753.00691396,0.004587174034019919,0.0
2021-11-03,237900978.42634517,-0.009838207856067717,-0.009838207856067704
2021-11-04,243206327.32366246,0.022300660268027614,0.0
2021-11-05,245765393.70336404,0.010522203134525947,0.0
2021-11-08,252874470.02759096,0.028926270770275687,0.0
2021-11-09,254498369.85132304,0.006421762638019154,0.0
2021-11-10,260636227.89453357,0.024117474885187867,0.0
2021-11-11,260181765.86582962,-0.0017436640806812774,-0.001743664080681273
2021-11-12,266415069.82984257,0.023957497341406075,0.0
2021-11-15,276877446.7756822,0.03927096523677091,0.0
2021-11-16,271810016.8552359,-0.018302068223533627,-0.01830206822353364
2021-11-17,283071988.1001256,0.041433245820693146,0.0
2021-11-18,281573133.8395543,-0.005294957903221212,-0.005294957903221209
2021-11-19,278775272.55315447,-0.0099365349536299,-0.015178879322567784
2021-11-22,273779091.6845834,-0.017921893942793705,-0.03282873899997196
2021-11-23,275477793.1798976,0.006204642892420828,-0.026827786709654466
2021-11-24,274778327.85829765,-0.0025390987546614423,-0.029298767064491082
2021-11-25,277276418.29258317,0.009091293530157077,-0.020473837225788993
2021-11-26,278875196.1705259,0.005766007393588388,-0.014825882129019585
2021-11-29,281948859.0354448,0.011021643040062307,-0.003967644669537362
2021-11-30,279496268.9752829,-0.008698705391297806,-0.012631836688757558
2021-12-01,276815331.2117106,-0.009592034174200095,-0.022102705853756177
2021-12-02,276020273.780018,-0.002872158229865289,-0.024911381615101313
2021-12-03,266046622.61953866,-0.036133763016364825,-0.060145002671775805
2021-12-06,260469947.22003084,-0.02096127116592934,-0.07984555812742655
2021-12-07,264076055.98245317,0.013844625074446991,-0.0671063648691137
2021-12-08,263969379.17411494,-0.00040396244158278835,-0.06748321885969821
2021-12-09,264938727.59029204,0.0036722002347768868,-0.0640588305170614
2021-12-10,263955637.35910204,-0.0037106324172820502,-0.06753176416121365
2021-12-13,266384061.91904435,0.009200123870203697,-0.05895294088646652
2021-12-14,261775860.6905025,-0.017299087623126305,-0.07523219641955692
2021-12-15,260014513.5130612,-0.006728455300634993,-0.0814544552494143
2021-12-16,259578558.17934132,-0.001676657690486882,-0.08299454170108278
2021-12-17,259578558.17934132,0.0,-0.08299454170108278
2021-12-20,257056479.8982104,-0.00971605011916439,-0.09190421269346238
2021-12-21,255326945.61108944,-0.006728226760927527,-0.09801408707110382
2021-12-22,254935147.38836506,-0.0015344961801296126,-0.09939818100902387
2021-12-23,249795920.555921,-0.02015895762154379,-0.11755337491194828
2021-12-24,249702828.7073227,-0.00037267161285550797,-0.11788223771897877
2021-12-27,258472609.2274569,0.03512086973757631,-0.08690149469670472
2021-12-28,260872827.86394385,0.009286162443521224,-0.07842231364952179
2021-12-29,257741396.47709975,-0.012003670188591936,-0.08948462824963865
2021-12-30,253909432.5951582,-0.014867475439794267,-0.1030216931766923
2021-12-31,254392889.1618102,0.0019040512268909658,-0.10131380053109074
2022-01-04,257039883.02520806,0.010405140930311967,-0.0919628439734903
2022-01-05,260873460.34461188,0.014914328758186783,-0.07842007930386197
2022-01-06,259595601.23814392,-0.004898386768741903,-0.08293433419373819
2022-01-07,257404985.62705606,-0.008438569839549263,-0.09067305686209703
2022-01-10,251289517.04610234,-0.023758159019554418,-0.11227699097793264
2022-01-11,246451907.5716166,-0.01925113920927403,-0.12936667020389214
2022-01-12,251745895.29841232,0.021480814569298273,-0.11066475708869117
2022-01-13,248433189.52956578,-0.013158926642755212,-0.12236745431097795
2022-01-14,253732440.9538249,0.021330690292604676,-0.10364694628817528
2022-01-17,251466938.77941355,-0.00892870523727646,-0.11165021849330081
2022-01-18,242725013.6238073,-0.03476371565199927,-0.14253255769711537
2022-01-19,242432409.06173214,-0.001205498179634125,-0.14356623313790695
2022-01-20,246850819.45451567,0.018225328906657994,-0.1279574460500773
2022-01-21,245478500.56529263,-0.005559304572111823,-0.13280539620732712
2022-01-24,236928462.5240118,-0.03483008907742081,-0.1630098615048846
2022-01-25,242832962.58635563,0.024921024681639665,-0.1421512096051588
2022-01-26,242962679.78726202,0.0005341828371437269,-0.14169296150446542
2022-01-27,242962679.78726202,0.0,-0.14169296150446542
2022-01-28,243222114.18907484,0.0010677952763773525,-0.1407764653030784
2022-02-07,246854195.81445432,0.014933188281374705,-0.12794551848366098
2022-02-08,252691469.8552427,0.02364664704818676,-0.10732435395245465
2022-02-09,259047612.69965672,0.025153768934326186,-0.08487019701847431
2022-02-10,260993370.71325284,0.007511198398311647,-0.0779964755080722
2022-02-11,263457997.5304746,0.009443254479936915,-0.0692897615948962
2022-02-14,265014603.94135153,0.005908366515603212,-0.06379078438657448
2022-02-15,264236300.73591307,-0.002936831381604561,-0.06654027299073528
2022-02-16,264236300.73591307,0.0,-0.06654027299073528
2022-02-17,265014603.94135153,0.0029454817648856208,-0.06379078438657448
2022-02-18,269165554.3703566,0.015663100701890767,-0.04912684516438315
2022-02-21,267608947.9594797,-0.005783081771061713,-0.05462582237270497
2022-02-22,266311775.9504156,-0.004847266950358069,-0.05920830337963967
2022-02-23,268387251.16491815,0.007793403829385954,-0.05187633376854406
2022-02-24,266311775.9504156,-0.007733136374749815,-0.05920830337963967
2022-02-25,268906119.96854377,0.009741754786732358,-0.050043341365770266
2022-02-28,276300000.42020905,0.02749614048401058,-0.02392319962624223
2022-03-01,279153778.84015006,0.010328550183137379,-0.013841741410985708
2022-03-02,283434446.47006154,0.015334442713608015,0.0
2022-03-03,290958044.1226333,0.026544401170259437,0.0
2022-03-04,288233982.90359867,-0.009362384969451033,-0.009362384969451076
2022-03-07,292514650.5335102,0.014851363419362086,0.0
2022-03-08,289142003.30994356,-0.01152984035984305,-0.011529840359843058
2022-03-09,294590125.7480127,0.018842376326171785,0.0
2022-03-10,294590125.7480127,0.0,0.0
2022-03-11,291347195.7253525,-0.011008278075939796,-0.011008278075939848
2022-03-14,282915577.66643596,-0.028940103706592377,-0.03962980107338343
2022-03-15,282396708.8628103,-0.0018340057762298322,-0.041391125565533926
2022-03-16,282656143.2646231,0.0009186877667856473,-0.040510463319458734
2022-03-17,279153778.84015006,-0.01239090148199655,-0.052399403641473885
2022-03-18,281618405.6573718,0.008828921562380366,-0.044033112303759614
2022-03-21,284472184.0773128,0.010133493985521063,-0.0343458275969325
2022-03-22,289790589.3144756,0.018695695167571646,-0.016292251552391
2022-03-23,288363700.1045051,-0.004923863170801725,-0.021135893905804504
2022-03-24,288623134.5063179,0.0008996777393228444,-0.020255231659729422
2022-03-25,291347195.7253525,0.009438124991934709,-0.011008278075939848
2022-03-28,296146732.15888965,0.01647359749452182,0.0
2022-03-29,294071256.9443871,-0.007008266474434815,-0.0070082664744348655
2022-03-30,289401437.71175635,-0.01587989006866406,-0.02277686604191298
2022-03-31,284083032.47459364,-0.018377259212028648,-0.04073554888265174
2022-04-01,286288224.89000255,0.007762492522696251,-0.033289265753564945
2022-04-04,284991052.8809385,-0.004531000216870522,-0.03766943230008668
2022-04-05,283564163.670968,-0.005006785986950229,-0.042487615501260456
2022-04-06,284991052.8809385,0.005031980034071431,-0.03766943230008668
2022-04-07,282266991.66190386,-0.009558409611450684,-0.0468677820477823
2022-04-08,278245758.4338052,-0.014246204291981888,-0.06044629834199933
2022-04-12,270203291.97760785,-0.028904183486810228,-0.08760333093043393
2022-04-13,271759898.3884848,0.005760871377562373,-0.0823471310746079
2022-04-14,274613676.8084258,0.010501102027428233,-0.07271076467226012
2022-04-15,273575939.2011745,-0.0037788999415904047,-0.07621489790947755
2022-04-18,267608947.9594797,-0.021811096615872244,-0.09636366402347729
2022-04-19,260215067.5078144,-0.027629421617041128,-0.12133061333865092
2022-04-20,260344784.7087208,0.0004984999606239191,-0.12089259668399877
2022-04-21,261083721.80759645,0.0028383019068439572,-0.11839742446484625
2022-04-22,255427840.33553523,-0.021663095013749165,-0.13749566482303033
2022-04-25,249771958.86347398,-0.022142776075746346,-0.1565939051812144
2022-04-26,255023848.80181655,0.021026739599753343,-0.13885982484861492
2022-04-27,260679730.27387777,0.022177853164064277,-0.11976158449043095
2022-04-28,257178470.3149827,-0.013431270452890722,-0.13158430471216398
2022-04-29,261487713.3413151,0.016755846712419496,-0.11703326443926176
2022-05-04,256101159.55839968,-0.02059964391475803,-0.13522206478038934
2022-05-05,251926899.09718245,-0.016299264198627546,-0.1493173088196773
2022-05-06,237216739.0160774,-0.058390589229737284,-0.19898917240523506
2022-05-09,221305687.41736317,-0.06707389902040538,-0.25271609176957766
2022-05-10,227634598.46669278,0.028598049707569587,-0.23134522941633717
2022-05-11,238196039.89431453,0.04639646828189472,-0.19568236273322515
2022-05-12,224537619.68711245,-0.05734108851373934,-0.24180281156490102
2022-05-13,209610976.0400148,-0.0664772507515558,-0.2922056761796257
2022-05-16,209576314.07717702,-0.00016536330058960512,-0.2923227193851512
2022-05-17,222943860.40862218,0.06378366940131662,-0.24718446567559094
2022-05-18,235872410.4219868,0.05799015944941721,-0.20352857280412018
2022-05-19,244575535.27193975,0.036897595756886815,-0.17414069205153593
2022-05-20,245410459.30153593,0.0034137675653774634,-0.17132140033249643
2022-05-23,238122674.7472626,-0.02969630787137248,-0.19593009515464044
2022-05-24,240661111.75672737,0.010660207022111621,-0.18735854350873926
2022-05-25,254972951.27614912,0.05946884984844955,-0.13903169075203514
2022-05-26,259830875.8168778,0.019052705459204965,-0.12262791514622395
2022-05-27,260070225.6014852,0.0009211752985663962,-0.12181970165400502
2022-05-30,262122532.8796473,0.00789135808766877,-0.11488966645422094
2022-05-31,266470772.5068949,0.01658857626423155,-0.10020694618393733
2022-06-01,269254461.05648166,0.010446506096704266,-0.0908072525614757
2022-06-02,270397968.377898,0.004246939185072385,-0.08694596625559536
2022-06-03,270894976.99081624,0.0018380634140847437,-0.08526771504108732
2022-06-06,271292971.39285517,0.0014691833952034648,-0.08392380555696921
2022-06-07,273675891.21647096,0.00878356638353568,-0.07587738949070211
2022-06-08,281646233.34562635,0.02912328920800353,-0.04896389944118462
2022-06-09,281156755.22566795,-0.0017379182179856473,-0.05061672240630777
2022-06-10,281563728.86721367,0.0014474972910363088,-0.04924249268383574
2022-06-13,272280098.0458732,-0.032971685872645304,-0.08059057055612362
2022-06-14,278910787.965522,0.02435245898336514,-0.058200690136672395
2022-06-15,277602232.1378125,-0.004691664446737913,-0.06261929647472053
2022-06-16,284750438.0369054,0.02574981420014039,-0.038481917524147646
2022-06-17,279552850.1272029,-0.018253134026887222,-0.056032635952855014
2022-06-20,267770715.5191607,-0.04214635838154074,-0.09581742277846428
2022-06-21,270328701.6584976,0.009552897277722829,-0.08717985949796025
2022-06-22,288783396.55845344,0.06826761193589212,-0.024863808378900565
2022-06-23,297954234.6582689,0.03175680530497256,0.0
2022-06-24,301720045.88268596,0.012638891434908225,0.0
2022-06-27,317442437.3664099,0.052109204205268746,0.0
2022-06-28,317998412.7990683,0.0017514212569399983,0.0
2022-06-29,323480685.6664431,0.01723993783213908,0.0
2022-06-30,306391744.2737677,-0.05282832066918719,-0.05282832066918719
2022-07-01,312399757.2393774,0.019608925755654105,-0.03425530153133105
2022-07-04,310739157.38242316,-0.005315624671506312,-0.03938883787688752
2022-07-05,307279574.34710187,-0.011133399036232906,-0.05008370526346362
2022-07-06,302669388.41464,-0.015003229362893509,-0.06433551730894582
2022-07-07,302647620.25172114,-7.192059637377178e-05,-0.06440281085654664
2022-07-08,312741828.37095976,0.03335300674376015,-0.033197831497602026
2022-07-11,315189191.8305533,0.007825507295719287,-0.025632114074469303
2022-07-12,325048815.346243,0.031281604100784954,0.0
2022-07-13,325532097.34465563,0.0014867982149014006,0.0
2022-07-14,328278465.9302311,0.008436552364505415,0.0
2022-07-15,329541478.64475644,0.0038473821636347285,0.0
2022-07-18,325758294.7751169,-0.011480144730787482,-0.011480144730787512
2022-07-19,324840180.7375914,-0.0028183903595128497,-0.01426617956106524
2022-07-20,335035831.5837146,0.03138666781607091,0.0
2022-07-21,334805899.13238144,-0.000686292120595801,-0.0006862921205957884
2022-07-22,331166619.04036105,-0.01086982069745859,-0.011548652945757465
2022-07-25,329715163.5443367,-0.0043828556761859915,-0.015880892542827763
2022-07-26,329424872.4451318,-0.0008804299325646955,-0.01674734046224191
2022-07-27,333488947.83400005,0.012336880815048886,-0.004617069590444833
2022-07-28,340601079.7645195,0.021326439681772152,0.0
2022-07-29,338714187.6196878,-0.005539888910910831,-0.00553988891091084
2022-08-01,342342826.3597488,0.010712981246995365,0.0
2022-08-02,342487971.9093512,0.0004239771901921604,0.0
2022-08-03,342014216.83544886,-0.001383275071708973,-0.0013832750717089892
2022-08-04,342014216.83544886,0.0,-0.0013832750717089892
2022-08-05,342014216.83544886,0.0,-0.0013832750717089892
2022-08-08,342014216.83544886,0.0,-0.0013832750717089892
2022-08-09,342014216.83544886,0.0,-0.0013832750717089892
2022-08-10,342014216.83544886,0.0,-0.0013832750717089892
2022-08-11,342014216.83544886,0.0,-0.0013832750717089892
2022-08-12,342014216.83544886,0.0,-0.0013832750717089892
2022-08-15,342014216.83544886,0.0,-0.0013832750717089892
2022-08-16,342014216.83544886,0.0,-0.0013832750717089892
2022-08-17,342014216.83544886,0.0,-0.0013832750717089892
2022-08-18,342014216.83544886,0.0,-0.0013832750717089892
2022-08-19,342014216.83544886,0.0,-0.0013832750717089892
2022-08-22,342014216.83544886,0.0,-0.0013832750717089892
2022-08-23,342014216.83544886,0.0,-0.0013832750717089892
2022-08-24,342014216.83544886,0.0,-0.0013832750717089892
2022-08-25,342014216.83544886,0.0,-0.0013832750717089892
2022-08-26,342014216.83544886,0.0,-0.0013832750717089892
2022-08-29,342014216.83544886,0.0,-0.0013832750717089892
2022-08-30,342014216.83544886,0.0,-0.0013832750717089892
2022-08-31,342014216.83544886,0.0,-0.0013832750717089892
2022-09-05,342014216.83544886,0.0,-0.0013832750717089892
2022-09-06,342014216.83544886,0.0,-0.0013832750717089892
2022-09-07,342014216.83544886,0.0,-0.0013832750717089892
2022-09-08,342014216.83544886,0.0,-0.0013832750717089892
2022-09-09,342014216.83544886,0.0,-0.0013832750717089892
2022-09-12,342014216.83544886,0.0,-0.0013832750717089892
2022-09-13,342014216.83544886,0.0,-0.0013832750717089892
2022-09-14,342014216.83544886,0.0,-0.0013832750717089892
2022-09-15,342014216.83544886,0.0,-0.0013832750717089892
2022-09-16,342014216.83544886,0.0,-0.0013832750717089892
2022-09-19,342014216.83544886,0.0,-0.0013832750717089892
2022-09-20,342014216.83544886,0.0,-0.0013832750717089892
2022-09-21,342014216.83544886,0.0,-0.0013832750717089892
2022-09-22,342014216.83544886,0.0,-0.0013832750717089892
2022-09-23,342014216.83544886,0.0,-0.0013832750717089892
2022-09-26,342014216.83544886,0.0,-0.0013832750717089892
2022-09-27,342014216.83544886,0.0,-0.0013832750717089892
2022-09-28,342014216.83544886,0.0,-0.0013832750717089892
2022-09-29,342014216.83544886,0.0,-0.0013832750717089892
2022-09-30,341831809.25313663,-0.0005333333333332951,-0.0019158706583373153
2022-10-03,336248682.63731724,-0.01633296394509887,-0.01821754275705012
2022-10-04,336689364.4770992,0.0013105830967887117,-0.016930835263863853
2022-10-05,340657236.0030093,0.011784962474453287,-0.005345402047656322
2022-10-06,333016437.4896257,-0.022429579371436366,-0.02765508629959257
2022-10-07,326699419.46346086,-0.018969087753698707,-0.046099582294438224
2022-10-10,333604591.5986259,0.021136162857299884,-0.02593778771616706
2022-10-11,330372346.45093435,-0.009688850900410873,-0.03537533125870951
2022-10-12,335832348.92648315,0.01652681446919984,-0.01943315832600878
2022-10-13,340394607.9665482,0.013584930262521468,-0.006112226164126655
2022-10-14,348720508.67021555,0.024459555200961228,0.0
2022-10-17,348224232.9637783,-0.0014231331226536989,-0.0014231331226537414
2022-10-18,353169163.80246866,0.014200421368161083,0.0
2022-10-19,350524396.84001124,-0.007488668982257651,-0.00748866898225764
2022-10-20,345260673.207365,-0.015016711190715685,-0.022392924993663854
2022-10-21,322270400.754174,-0.0665881585632631,-0.08748997991675367
2022-10-24,299345995.8719511,-0.07113406887066087,-0.15240053053052338
2022-10-25,293937952.8767215,-0.01806619453678264,-0.16771342743523276
2022-10-26,297559640.5233746,0.012321265801875075,-0.15745860335133066
2022-10-27,310230402.64910805,0.042582260495566404,-0.12158128612093866
2022-10-28,317509447.4294454,0.023463350845630802,-0.10097063964782649
2022-10-31,317101580.56428003,-0.001284581824154968,-0.10212551642351653
2022-11-01,322476011.9274998,0.016948611084359702,-0.08690779099880841
2022-11-02,321265718.79447293,-0.00375312608771328,-0.0903347411888985
2022-11-03,324194017.36294997,0.009114880291197173,-0.08204325124977452
2022-11-04,313396131.6362955,-0.03330686301519792,-0.11261751093427463
2022-11-07,300444057.88368016,-0.04132812260633312,-0.14929136324109604
2022-11-08,298443012.59085834,-0.0066602924581605424,-0.15495733155859337
2022-11-09,297460709.1334068,-0.003291427227342,-0.15773872800576716
2022-11-10,285734486.84361875,-0.03942107959047804,-0.1909415766450291
2022-11-11,292449344.25992227,0.023500339390178433,-0.17192842910970463
2022-11-14,292242222.01569563,-0.0007082328898728834,-0.17251489663137787
2022-11-15,289678108.71519953,-0.008773931715994101,-0.17977519442433643
2022-11-16,297974943.3811579,0.02864156598769939,-0.1562826715306932
2022-11-17,297668039.38170624,-0.001029965795006655,-0.1571516715196709
2022-11-18,304479999.09315217,0.022884417573331758,-0.1378635784197424
2022-11-21,312085034.4682947,0.024977126240780897,-0.11632988818115719
2022-11-22,305938930.35742265,-0.01969368419521707,-0.1337326082960697
2022-11-23,307140346.6146383,0.00392698064222192,-0.1303307930178602
2022-11-24,310765286.2500044,0.011802225514559986,-0.12006676091398849
2022-11-25,314993313.0025543,0.013605209267641702,-0.10809508505466947
2022-11-28,316962558.1903587,0.006251704739485794,-0.10251915887073515
2022-11-29,331056077.1528421,0.04446430216536566,-0.06261329956313699
2022-11-30,348101941.5289307,0.05148935649418354,-0.01434786157143686
2022-12-01,365132621.16923,0.04892440290765756,0.0
2022-12-02,384134033.66044545,0.05203975593955156,0.0
2022-12-05,401938773.59255576,0.046350331842371396,0.0
2022-12-06,379227815.62354666,-0.056503526061984596,-0.05650352606198461
2022-12-07,369777489.02677107,-0.024919919392613274,-0.0800153821397348
2022-12-08,382342552.0108225,0.033980064652182555,-0.048754245345829506
2022-12-09,385097166.44671917,0.007204571977169633,-0.041900926838446484
2022-12-12,381442314.5209676,-0.009490726611869891,-0.05099398320890869
2022-12-13,382178103.1077133,0.0019289642463231058,-0.0491633845329732
2022-12-14,380622111.56332475,-0.0040713780610031215,-0.053034599868784116
2022-12-15,375539533.7534564,-0.013353343527502181,-0.06567975416539484
2022-12-16,380139456.9072161,0.012248838644986791,-0.05423541623142236
2022-12-19,368778251.524562,-0.029886940637754156,-0.08250142620380407
2022-12-20,353640189.20001817,-0.0410492274475562,-0.12016403384237251
2022-12-21,339356789.14834034,-0.04038964034033802,-0.15570029207397296
2022-12-22,346737947.7370671,0.021750437370800003,-0.13733640415454318
2022-12-23,344799165.6261424,-0.005591490990755093,-0.14215997987876539
2022-12-26,321842078.7872273,-0.06658103942109575,-0.19927586007545095
2022-12-27,337274112.65465295,0.04794908709755115,-0.16088186854909703
2022-12-28,345336734.72887623,0.02390525027480804,-0.14082253960663382
2022-12-29,341306886.84354484,-0.011669328745160067,-0.15084856384239576
2022-12-30,342217803.98753244,0.0026689093572411877,-0.14858225562871996
2023-01-03,356420182.5695939,0.04150099269113096,-0.11324757404246832
2023-01-04,360379245.69530624,0.011107853368935683,-0.10339765812038404
2023-01-05,360023689.65346944,-0.000986616310689029,-0.10428226061508439
2023-01-06,353458423.89183235,-0.018235649348397883,-0.12061625522564745
2023-01-09,349958494.6713009,-0.009901954470329825,-0.12932387302835113
2023-01-10,353258618.83151835,0.009430044449462818,-0.12111335844992244
2023-01-11,357131465.30646217,0.010963204486713219,-0.11147794447796833
2023-01-12,355908528.2258817,-0.003424333052062619,-0.11452053992017897
2023-01-13,350609134.21003306,-0.014889764070180727,-0.12770512016975855
2023-01-16,348163260.0488721,-0.0069760708507261545,-0.13379031105417993
2023-01-17,351424425.59708667,0.009366771059521849,-0.12567672320828482
2023-01-18,353055008.37119395,0.004639924419985436,-0.12161992928533727
2023-01-19,351832071.2906135,-0.0034638712143539537,-0.12466252472754802
2023-01-27,348163260.0488721,-0.010427733970593373,-0.13379031105417993
2023-01-30,348163260.0488721,0.0,-0.13379031105417993
2023-01-31,349386197.1294526,0.003512539147320736,-0.1307477156119693
2023-02-01,349793842.8229794,0.0011667481339446442,-0.12973351713123238
2023-02-02,348570905.7423989,-0.003496165257543902,-0.13277611257344313
2023-02-03,348163260.0488721,-0.0011694771044031512,-0.13379031105417993
2023-02-06,348570905.7423989,0.0011708463824401884,-0.13277611257344313
2023-02-07,340825637.5653894,-0.022220064983660557,-0.15204588370744387
2023-02-08,337156826.323648,-0.010764481416212522,-0.161173670034076
2023-02-09,334710952.1624871,-0.007254410915628358,-0.1672588609184973
2023-02-10,334710952.1624871,0.0,-0.1672588609184973
2023-02-13,328188621.066058,-0.019486458552640404,-0.18348603661028762
2023-02-14,322889227.0502093,-0.016147403278744487,-0.1966706168598673
2023-02-15,325335101.2113702,0.007574963660155229,-0.19058542597544592
2023-02-16,326150392.59842384,0.0025060049899869674,-0.1885570290139722
2023-02-17,325742746.90489703,-0.0012498703137503887,-0.189571227494709
2023-02-20,331857432.30779934,0.01877151666768357,-0.1743582502836556
2023-02-21,331857432.30779934,0.0,-0.1743582502836556
2023-02-22,326150392.59842384,-0.0171972635046552,-0.1885570290139722
2023-02-23,325335101.2113702,-0.0024997406275007773,-0.19058542597544592
2023-02-24,322481581.3566825,-0.008771017464954753,-0.19768481534060411
2023-02-27,319628061.5019947,-0.008848628943963157,-0.20478420470576242
2023-02-28,318812770.1149411,-0.002550750341576379,-0.20681260166723614
2023-03-01,321258644.276102,0.0076718199220159175,-0.20072741078281486
2023-03-02,322073935.6631557,0.0025378037340933798,-0.19869901382134103
2023-03-03,322073935.6631557,0.0,-0.19869901382134103
2023-03-06,327780975.3725311,0.017719657126630102,-0.18450023509102464
2023-03-07,328596266.7595848,0.0024873053908240706,-0.1824718381295507
2023-03-08,333080369.3883798,0.01364623728995616,-0.17131565484144484
2023-03-09,334303306.4689603,0.003671597587171217,-0.1682730593992342
2023-03-10,332265078.00132614,-0.006096943787851494,-0.17334405180291879
2023-03-13,332672723.69485295,0.0012268689083394357,-0.17232985332218187
2023-03-14,332672723.69485295,0.0,-0.17232985332218187
2023-03-15,336341534.93659437,0.011028289909053888,-0.16320206699554973
2023-03-16,335933889.2430675,-0.0012119992661736281,-0.16421626547628676
2023-03-17,335933889.2430675,0.0,-0.16421626547628676
2023-03-20,332672723.69485295,-0.009707759927296033,-0.17232985332218187
2023-03-21,331042140.92074573,-0.0049014621818014885,-0.1763866472451293
2023-03-22,333488015.0819066,0.007388407271527552,-0.17030145636070804
2023-03-23,334303306.4689603,0.002444739691330221,-0.1682730593992342
2023-03-24,337156826.323648,0.00853572130299177,-0.161173670034076
2023-03-27,339195054.79128206,0.006045342429690327,-0.15610267763039165
2023-03-28,337972117.71070164,-0.0036054095226504025,-0.15914527307260218
2023-03-29,337564472.01717484,-0.001206151845566569,-0.1601594715533391
2023-03-30,337564472.01717484,0.0,-0.1601594715533391
2023-03-31,338379763.40422845,0.002415216809345173,-0.15813107459186537
2023-04-03,344494448.80713075,0.018070481938359008,-0.14291809738081196
2023-04-04,343679157.4200771,-0.0023666314214256584,-0.1449464943422858
2023-04-05,345717385.88771117,0.005930614131315408,-0.13987550193860143
2023-04-06,346532677.27476484,0.0023582597240813185,-0.1378471049771275
2023-04-07,346532677.27476484,0.0,-0.1378471049771275
2023-04-10,344086803.11360395,-0.007058134258494645,-0.14393229586154876
2023-04-11,346532677.27476484,0.007108305634009901,-0.1378471049771275
2023-04-12,351832071.2906135,0.01529262422673854,-0.12466252472754802
2023-04-13,350609134.21003306,-0.003475911323531011,-0.12770512016975855
2023-04-14,345717385.88771117,-0.013952141701452309,-0.13987550193860143
2023-04-17,349793842.8229794,0.011791298620406248,-0.12973351713123238
2023-04-18,349793842.8229794,0.0,-0.12973351713123238
2023-04-19,348163260.0488721,-0.004661553676725146,-0.13379031105417993
2023-04-20,345717385.88771117,-0.007025078294641472,-0.13987550193860143
2023-04-21,342456220.3394966,-0.00943303889632493,-0.14798908978449654
2023-04-24,344086803.11360395,0.004761434242575142,-0.14393229586154876
2023-04-25,342048574.6459698,-0.005923588028341786,-0.14900328826523335
2023-04-26,343271511.7265503,0.00357533160851861,-0.1459606928230226
2023-04-27,348570905.7423989,0.01543790799648451,-0.13277611257344313
2023-04-28,351832071.2906135,0.009355816835225551,-0.12466252472754802
2023-05-04,348163260.0488721,-0.010427733970593373,-0.13379031105417993
2023-05-05,346532677.27476484,-0.004683385529760924,-0.1378471049771275
2023-05-08,346940322.96829164,0.0011763557097490788,-0.13683290649639068
2023-05-09,346125031.58123803,-0.0023499470458731367,-0.1388613034578644
2023-05-10,348570905.7423989,0.007066446913669178,-0.13277611257344313
2023-05-11,350201488.5165062,0.004677908417612776,-0.12871931865049557
2023-05-12,350201488.5165062,0.0,-0.12871931865049557
2023-05-15,348978551.4359257,-0.003492095609761612,-0.1317619140927062
2023-05-16,347347968.6618185,-0.004672444101214631,-0.13581870801565366
2023-05-17,345717385.88771117,-0.004694378321512192,-0.13987550193860143
2023-05-18,344086803.11360395,-0.004716519448162293,-0.14393229586154876
2023-05-19,345309740.19418436,0.0035541528170048636,-0.14088970041933824
2023-05-22,345717385.88771117,0.0011805218506074158,-0.13987550193860143
2023-05-23,347347968.6618185,0.004716519448162637,-0.13581870801565366
2023-05-24,347755614.3553453,0.001173594580377962,-0.13480450953491685
2023-05-25,346940322.96829164,-0.002344437741328839,-0.13683290649639068
2023-05-26,345717385.88771117,-0.0035249205688098768,-0.13987550193860143
2023-05-29,348163260.0488721,0.007074779172243783,-0.13379031105417993
2023-05-30,354685591.1453012,0.018733542119043697,-0.11756313536238971
2023-05-31,355500882.5323549,0.002298631259367045,-0.11553473840091588
2023-06-01,357946756.6935158,0.00688007901341365,-0.1094495475164946
2023-06-02,358354402.38704264,0.0011388444954563506,-0.10843534903575758
2023-06-05,356316173.9194085,-0.00568774502017347,-0.11350634143944216
2023-06-06,357968262.33931965,0.004636579927704363,-0.10939604273612302
2023-06-07,361961863.6395533,0.011156299930433806,-0.09946019786965599
2023-06-08,360820834.6966294,-0.0031523457511539285,-0.10229901068864655
2023-06-09,366543807.9884822,0.015860983461957034,-0.08806059014339673
2023-06-12,364261750.1026344,-0.006225880334389704,-0.09373821578137786
2023-06-13,363102892.5824773,-0.0031813867907640016,-0.0966213850506652
2023-06-14,359679805.7537055,-0.009427319084202091,-0.10513782350763712
2023-06-15,360250320.22516745,0.0015861732083246771,-0.10371841709814189
2023-06-16,363102892.5824773,0.007918306236416038,-0.0966213850506652
2023-06-19,363102892.5824773,0.0,-0.0966213850506652
2023-06-20,364832264.5740963,0.004762760162331208,-0.09231880937188264
2023-06-21,371107923.76017785,0.01720149174143824,-0.07670533886743425
2023-06-22,373389981.64602566,0.0061493105906371,-0.071027713229453
2023-06-23,377971925.9949545,0.012271203230279916,-0.05962810550319375
2023-06-26,369966894.81725395,-0.021178904112067406,-0.07954415168642481
2023-06-27,365402779.0455583,-0.012336551825671132,-0.0908994029623873
2023-06-28,366543807.9884822,0.0031226608235008536,-0.08806059014339673
2023-06-29,360820834.6966294,-0.015613340526086868,-0.10229901068864655
2023-06-30,361961863.6395533,0.0031623144597047914,-0.09946019786965599
2023-07-03,363691235.6311724,0.004777774029092863,-0.0951576221908732
2023-07-04,369966894.81725395,0.017255458947726246,-0.07954415168642481
2023-07-05,369966894.81725395,0.0,-0.07954415168642481
2023-07-06,366543807.9884822,-0.009252413869253389,-0.08806059014339673
2023-07-07,368255351.40286803,0.004669410250792278,-0.08380237091491083
2023-07-10,370537409.2887159,0.006196944259341708,-0.07812474527692947
2023-07-11,369966894.81725395,-0.001539694662833402,-0.07954415168642481
2023-07-12,368255351.40286803,-0.004626206934626775,-0.08380237091491083
2023-07-13,372248952.70310175,0.010844652453847869,-0.07386652604844368
2023-07-14,381395012.8237263,0.02456974036920731,-0.05111166704622183
2023-07-17,384835928.2297312,0.009021920293423535,-0.042550872138953366
2023-07-18,385976957.17265517,0.002964975095160075,-0.03971205931996258
2023-07-19,388259015.058503,0.005912420012231448,-0.034034433681981446
2023-07-20,393183835.3574997,0.012684368187187291,-0.02178177078265875
2023-07-21,398796768.5399337,0.014275594970302992,-0.007817123549785032
2023-07-24,405957004.284099,0.01795459820394284,0.0
2023-07-25,403104431.92678916,-0.007026784430879079,-0.007026784430879118
2023-07-26,407668547.6984849,0.01132241526068028,0.0
2023-07-27,407187401.90630555,-0.0011802377075584589,-0.0011802377075584847
2023-07-28,416814607.8191093,0.02364318215085398,0.0
2023-07-31,422537581.11096215,0.01373026085097408,0.0
2023-08-01,416969876.2190161,-0.013176827673664246,-0.013176827673664238
2023-08-02,419999756.5721549,0.00726642504876621,-0.006006151055569231
2023-08-03,419999756.5721549,0.0,-0.006006151055569231
2023-08-04,428470003.20999336,0.020167265588363063,0.0
2023-08-07,430089090.4829839,0.0037787645829596367,0.0
2023-08-08,427434020.40273094,-0.006173302552899772,-0.006173302552899718
2023-08-09,430741990.938174,0.007739137217777559,0.0
2023-08-10,424210699.8684287,-0.015162884527510025,-0.015162884527510023
2023-08-11,424293924.32692534,0.0001961866085000749,-0.01496967267390048
2023-08-14,426196233.7087189,0.004483470709158207,-0.01055331805370141
2023-08-15,426587119.1981286,0.0009171490935249168,-0.009645847926263107
2023-08-16,426415376.7391085,-0.0004025964481602463,-0.010044560990308704
2023-08-17,426636344.26486325,0.0005181978366834158,-0.009531568223400955
2023-08-18,411386634.9405594,-0.03574404649135232,-0.044934917897040516
2023-08-21,421761557.17632586,0.025219395465449497,-0.020848753896243966
2023-08-22,424156629.4310958,0.005678735328095854,-0.015288413123445532
2023-08-23,422445100.9427934,-0.004035133178509916,-0.01926185551891424
2023-08-24,434660557.1900213,0.028916079793483124,0.0
2023-08-25,436016868.3437046,0.003120391605006764,0.0
2023-08-28,440472612.30116975,0.010219200863469313,0.0
2023-08-29,439940113.3546107,-0.0012089263479450557,-0.0012089263479450052
2023-08-30,448980071.905524,0.0205481570707028,0.0
2023-08-31,448224539.4751408,-0.001682774977465341,-0.0016827749774653844
2023-09-05,448489785.2932657,0.0005917699607332661,-0.0010920008324144526
2023-09-06,460997475.1146743,0.02788846085586966,0.0
2023-09-07,470894891.2763909,0.021469566962930918,0.0
2023-09-08,471955206.0252895,0.002251701533700046,0.0
2023-09-11,467486641.4830639,-0.009468196314347158,-0.009468196314347144
2023-09-12,478656924.5486789,0.023894336381844346,0.0
2023-09-13,476669534.40367746,-0.004152013776621539,-0.004152013776621555
2023-09-14,469967178.58294797,-0.014060801744156498,-0.01815443487822599
2023-09-15,471266810.87578124,0.0027653682045455583,-0.015439270370664171
2023-09-18,472447288.482706,0.0025049029120701822,-0.012973041331905688
2023-09-19,469154751.2104628,-0.006969110316660703,-0.019851741092381747
2023-09-20,473330305.0092581,0.00890016308696004,-0.01112826173870396
2023-09-21,466150552.96145403,-0.015168587288455205,-0.026128049017606902
2023-09-22,451193093.31271327,-0.032087186325782606,-0.0573768597662323
2023-09-25,432865334.22428685,-0.04062065523623561,-0.09566682936336601
2023-09-26,425249393.28987277,-0.01759425006408097,-0.1115778933087902
2023-09-27,432806199.04967797,0.01777029169011437,-0.09579037332894147
2023-09-28,436397400.3304951,0.008297481156005692,-0.08828771099055943
2023-09-29,437635565.52639973,0.00283724237350387,-0.08570096225173762
2023-10-02,442188173.0371963,0.010402736590479226,-0.07618975019711383
2023-10-03,434424382.23940647,-0.017557662712830477,-0.09240969897380857
2023-10-04,441100821.9864899,0.01536847382429864,-0.07846142118930022
2023-10-05,441684860.73647565,0.0013240482013965563,-0.07724125969150841
2023-10-06,445860414.5352709,0.009453694636109707,-0.06851778033783062
2023-10-09,452523251.2471998,0.014943772747517068,-0.054597921728846366
2023-10-10,449954928.11680865,-0.005675560589014074,-0.05996360850505411
2023-10-11,456206131.4986063,0.013892954585386504,-0.046903725609404257
2023-10-12,457089148.0251584,0.001935564793159249,-0.04505894601620253
2023-10-13,456206131.4986063,-0.0019318256195036147,-0.046903725609404257
2023-10-16,449954928.11680865,-0.013702585191616979,-0.05996360850505411
2023-10-17,438725880.8589288,-0.024955937931109368,-0.08342309834418604
2023-10-18,432555403.9263962,-0.014064538249834205,-0.09631432923643879
2023-10-19,428667875.3828429,-0.008987354008909333,-0.10443607227236962
2023-10-20,438187060.4804049,0.02220643450144343,-0.08454879056943054
2023-10-23,437521981.51316166,-0.0015177969119263748,-0.08593825958812351
2023-10-24,442890168.3684073,0.012269524920050588,-0.07472315628567516
2023-10-25,441261346.42534685,-0.0036777107720882217,-0.07812605690096719
2023-10-26,426373974.4725393,-0.03373821902464373,-0.10922844190635428
2023-10-27,437063887.58390296,0.025071682962328968,-0.08689529980997057
2023-10-30,419985246.2127055,-0.03907584647546266,-0.12257563889061951
2023-10-31,418940463.01963073,-0.002487666418037986,-0.12475837800811973
2023-11-01,430605385.39612836,0.027843866625867148,-0.10038826701997028
2023-11-02,441605542.5733751,0.02554579564100745,-0.07740696953300985
2023-11-03,440951416.1274562,-0.0014812460054443974,-0.07877355677403985
2023-11-06,442488559.0999272,0.003485969012120579,-0.07556218993980812
2023-11-07,442203184.35851544,-0.0006449313446481661,-0.07615838885969384
2023-11-08,453569442.726439,0.02570370085509919,-0.05241224044945059
2023-11-09,452616338.5039538,-0.0021013413442404886,-0.0544034457858904
2023-11-10,447638808.39586395,-0.010997239128711618,-0.06480239721186865
2023-11-13,449404841.4489682,0.003945218823704963,-0.06111283802546519
2023-11-14,453935543.9171159,0.010081561323504868,-0.05164738952616743
2023-11-15,453052527.39056385,-0.0019452464967434034,-0.05349216911936916
2023-11-16,454737833.9944029,0.0037198922905162042,-0.04997126193636303
2023-11-17,448591912.6183492,-0.013515306879280552,-0.06281119187542872
2023-11-20,448155723.7317391,-0.0009723512046040593,-0.06372246854195007
2023-11-21,452915316.28052014,0.01062039888534387,-0.05377882769048048
2023-11-22,452697378.7212113,-0.000481188318157569,-0.05423413826498924
2023-11-23,438591082.76139545,-0.031160542611630773,-0.08370471570020876
2023-11-24,437675922.2154685,-0.002086591775110938,-0.08561664990400164
2023-11-27,438133502.48843193,0.0010454773720408983,-0.08466068280210526
2023-11-28,442251724.9451033,0.009399469415786324,-0.07605697888503693
2023-11-29,443166885.4910302,0.0020693204668461775,-0.07414504468124405
2023-11-30,447742688.2206651,0.01032523611182022,-0.06458537366227912
2023-12-01,449573009.31251895,0.00408788605600144,-0.06076150525469337
2023-12-04,455063972.58808076,0.01221372983213231,-0.04928990003193556
2023-12-05,446798364.35007405,-0.01816361816339316,-0.0665582352718368
2023-12-06,455568660.5843427,0.019629203985619317,-0.04823551646329127
2023-12-07,453062861.660266,-0.0055003759935168305,-0.0534705789800185
2023-12-08,449930613.00517,-0.006913496823857402,-0.06001440712592776
2023-12-11,460580258.43249625,0.023669528410603817,-0.03776539142983659
2023-12-12,461833157.8945346,0.0027202630575230485,-0.03514786017147309
2023-12-13,467471205.4737073,0.012207974855846642,-0.0233689695088366
2023-12-14,466218306.0116689,-0.002680163927463264,-0.025986500767200216
2023-12-15,461206708.16351545,-0.010749466040975314,-0.036456625800654785
2023-12-18,464338956.8186114,0.00679142041877117,-0.029912797654745638
2023-12-19,453062861.660266,-0.02428418936804882,-0.0534705789800185
2023-12-20,454315761.1223043,0.0027653987295428294,-0.05085304772165489
2023-12-21,464965406.5496306,0.023441065308890566,-0.02860403202556383
2023-12-22,466844755.7426882,0.0040419118639463646,-0.024677735138018297
2023-12-25,469977004.3977841,0.00670940096587985,-0.01813390699210915
2023-12-26,468724104.9357457,-0.0026658739689696723,-0.020751438250472876
2023-12-27,471229903.8598225,0.005345999699376031,-0.015516375733745535
2023-12-28,469350554.6667649,-0.003988178970952255,-0.01944267262129107
2023-12-29,463086057.356573,-0.0133471607690752,-0.03253032891310936
2024-01-02,468097655.2047265,0.010822173910311959,-0.022060203879654683
2024-01-03,469350554.6667649,0.00267657709477402,-0.01944267262129107
2024-01-04,464338956.8186114,-0.010677728615260134,-0.029912797654745638
2024-01-05,461833157.8945346,-0.005396486526233156,-0.03514786017147309
2024-01-08,458700909.23943865,-0.0067822082532480775,-0.041691688317382125
2024-01-09,464965406.5496306,0.013657041405431149,-0.02860403202556383
2024-01-10,463712507.0875922,-0.0026946079092975764,-0.031221563283927556
2024-01-11,474362152.51491845,0.022966051733676045,-0.008972547587836388
2024-01-12,470603454.12880325,-0.007923689455804517,-0.016825141362927454
2024-01-15,464338956.8186114,-0.01331162628584806,-0.029912797654745638
2024-01-16,466844755.7426882,0.005396486526233156,-0.024677735138018297
2024-01-17,466844755.7426882,0.0,-0.024677735138018297
2024-01-18,465591856.2806498,-0.002683760386351991,-0.027295266396382023
2024-01-19,468825598.8088638,0.006945444780857163,-0.020539399381059642
2024-01-22,472186833.2498368,0.007169477199011333,-0.01351717893759219
2024-01-23,472186833.2498368,0.0,-0.01351717893759219
2024-01-24,471270132.9477532,-0.0019413931891628584,-0.015432329967629
2024-01-25,470047865.87830853,-0.002593559370714803,-0.017985864674344265
2024-01-26,470658999.41303086,0.0013001517059978431,-0.016709097320986577
2024-01-29,472186833.2498368,0.0032461587661371284,-0.01351717893759219
2024-01-30,473103533.5519203,0.001941393189162606,-0.011602027907555712
2024-01-31,472594046.6759481,-0.0010769035524785364,-0.012666437194964741
2024-02-01,474259904.18845487,0.0035249227624084755,-0.009186162645343332
2024-02-02,470372903.32593906,-0.008195929759584407,-0.017306803261126436
2024-02-05,463154187.4384098,-0.015346793653475261,-0.032387992976151914
2024-02-06,462598901.60090756,-0.0011989222003440981,-0.03354808449269231
2024-02-07,460933044.0884008,-0.0036010840206100367,-0.03702835904231361
2024-02-15,464264759.1134143,0.0072281973873292715,-0.030067809943071122
2024-02-16,456490757.38838273,-0.01674475947706481,-0.04630909117463711
2024-02-19,458791245.167986,0.005039505712589896,-0.041502960391566646
2024-02-20,466788434.9839841,0.017430999174951504,-0.024795399284958552
2024-02-21,466502821.0619842,-0.0006118701762817474,-0.025392097895908794
2024-02-22,465360365.37398446,-0.0024489791624388215,-0.027778892339709982
2024-02-23,463075453.997985,-0.004909982770370213,-0.03255248122731225
2024-02-26,470215802.0479833,0.015419405171126504,-0.0176350159535551
2024-02-27,470787029.89198315,0.0012148206026082714,-0.016441618731654617
2024-02-28,470787029.89198315,0.0,-0.016441618731654617
2024-02-29,468561780.0471772,-0.004726659197294612,-0.02109056400055276
2024-03-01,471305832.9895456,0.005856331137576144,-0.01535774618964214
2024-03-04,471305832.9895456,0.0,-0.01535774618964214
2024-03-05,482001347.9853729,0.02269336436594572,0.0
2024-03-06,480907598.488062,-0.0022691834823334736,-0.0022691834823335144
2024-03-07,480084866.56530607,-0.001710790025656831,-0.003976091411522331
2024-03-08,474872617.8546699,-0.010856931916905394,-0.014789855174677458
2024-03-11,479257295.0430045,0.009233375485289555,-0.005693039975588787
2024-03-12,480907598.488062,0.0034434602501135156,-0.0022691834823335144
2024-03-13,484469543.7536407,0.007406714464020074,0.0
2024-03-14,480907598.488062,-0.007352258385493029,-0.007352258385493027
2024-03-15,487765311.04421014,0.014259938037386503,0.0
2024-03-18,478163545.54569364,-0.019685215986272164,-0.019685215986272153
2024-03-19,476789099.2747367,-0.0028744271364065967,-0.022503059403661818
2024-03-20,478434563.12024856,0.003451135623727211,-0.019129584889885365
2024-03-21,478710420.2943491,0.0005765828712320371,-0.018564031809634618
2024-03-22,481178616.06261694,0.005155926555244458,-0.013503820038969883
2024-03-25,479533152.21710503,-0.003419652891012482,-0.016877294552746447
2024-03-26,482553062.33357394,0.006297604456556249,-0.010685976621580107
2024-03-27,482277205.1594734,-0.0005716618453657781,-0.011251529701830854
2024-03-28,486119847.1986982,0.007967704046792272,-0.0033734745137764532
2024-03-29,482824079.90812886,-0.006779742299273459,-0.01013034552519343
2024-04-01,484198526.17908585,0.002846681282380367,-0.007312502107803653
2024-04-02,486666721.9473536,0.005097487156239015,-0.00225229033713914
2024-04-03,487489453.87010956,0.0016905448547290599,-0.0005655530802508579
2024-04-04,483375794.2563299,-0.008438458680740484,-0.008999239364691936
2024-04-05,471852707.738201,-0.02383877441744276,-0.03262348294499118
2024-04-08,468561780.0471772,-0.0069744808857804385,-0.039370431972544195
2024-04-09,475419492.6033253,0.014635663530767794,-0.025310980837187524
2024-04-10,475419492.6033253,0.0,-0.025310980837187524
2024-04-11,477340813.62293774,0.0040413172987324684,-0.021371953243160324
2024-04-12,480907598.488062,0.007472197564781814,-0.014059451135356671
2024-04-15,469108654.79583263,-0.02453474166206647,-0.03824924779590666
2024-04-16,468561780.0471772,-0.001165774161411393,-0.039370431972544195
2024-04-17,457861425.45180434,-0.022836592848643117,-0.061307938295955156
2024-04-19,449358249.0501443,-0.018571506418714655,-0.07874086394508828
2024-04-22,458960014.54866076,0.02136772946488175,-0.05905564795881624
2024-04-23,456491818.78039294,-0.005377801311722162,-0.06411585972948086
2024-04-24,464448120.43339753,0.017429231643759577,-0.04780411825698527
2024-04-25,462802656.5878856,-0.0035428366982655814,-0.051177592770761726
2024-04-26,461704067.49102914,-0.002373774396534507,-0.053429883107900755
2024-05-02,461704067.49102914,0.0,-0.053429883107900755
2024-05-03,461704067.49102914,0.0,-0.053429883107900755
2024-05-06,472128564.91230154,0.022578309690708852,-0.03205792986474043
2024-05-07,474049885.931914,0.0040694869203038355,-0.02811890227071323
2024-05-08,476518081.7001818,0.005206616099939972,-0.023058690500048495
2024-05-09,475966367.35198075,-0.0011578035952645488,-0.0241897966605501
2024-05-10,477340813.62293774,0.002887696201317056,-0.021371953243160324
2024-05-13,476271475.5929674,-0.0022401981968695477,-0.023564274028910925
2024-05-14,477581335.7558101,0.0027502385298466365,-0.02087884287342645
2024-05-15,480637676.1357764,0.006399622747252924,-0.01461283684396264
2024-05-16,480201056.0814954,-0.0009084182867047122,-0.015507980562457724
2024-05-17,483257396.4614617,0.006364709825726881,-0.009241974532993802
2024-05-20,483257396.4614617,0.0,-0.009241974532993802
2024-05-21,490679937.38423693,0.01535939434579794,0.0
2024-05-22,485877116.7871471,-0.009788092463476615,-0.009788092463476561
2024-05-23,488496837.1128324,0.005391734319591282,-0.0044491329379440225
2024-05-24,478017955.810091,-0.021451277688254528,-0.02580497104007473
2024-05-27,484567256.6243044,0.013700951469729578,-0.012457572226242997
2024-05-28,486750356.8957089,0.004505257508757159,-0.008008439288298974
2024-05-29,490243317.32995605,0.007176081917070967,-0.0008898265875887379
2024-05-30,491116557.4385178,0.0017812381682584444,0.0
2024-05-31,489370077.22139424,-0.0035561420006536993,-0.0035561420006536837
2024-06-03,491116557.4385178,0.0035688332785689487,0.0
2024-06-04,491989797.5470796,0.0017780710003269101,0.0
2024-06-05,488933457.16711336,-0.006212202763561964,-0.006212202763561936
2024-06-06,486750356.8957089,-0.00446502533095885,-0.010649490451820509
2024-06-07,491989797.5470796,0.01076412287560645,0.0
2024-06-10,490243317.32995605,-0.003549830150606819,-0.0035498301506068364
2024-06-11,486750356.8957089,-0.007124952673034021,-0.010649490451820509
2024-06-12,488933457.16711336,0.004485051198169323,-0.006212202763561936
2024-06-13,488933457.16711336,0.0,-0.006212202763561936
2024-06-14,483257396.4614617,-0.011609065860493182,-0.017749150753034182
2024-06-17,480637676.1357764,-0.005420962710281532,-0.02307389597894438
2024-06-18,485003876.6785853,0.009084182867044889,-0.014199320602427346
2024-06-19,490679937.38423693,0.011703124404948204,-0.0026623726129550995
2024-06-20,502468678.8498211,0.024025317864897224,0.0
2024-06-21,500722198.63269746,-0.003475799170450621,-0.0034757991704505997
2024-06-24,488496837.1128324,-0.024415457419799547,-0.027806393363604243
2024-06-25,490679937.38423693,0.004469016185053118,-0.023461644400540993
2024-06-26,487091080.1719971,-0.007314049217849993,-0.03060409399651376
2024-06-27,489182073.9984051,0.004292818964514144,-0.02644265286709968
2024-06-28,477096513.3503587,-0.024705649062859523,-0.05049501902793363
2024-07-01,477921400.8231619,0.0017289740120096295,-0.04885334959155918
2024-07-02,484175198.87278587,0.01308541119701389,-0.03640720456230229
2024-07-03,495426280.33322906,0.023237624493441585,-0.014015597017335457
2024-07-04,498764197.0836419,0.006737464044434024,-0.007372562553866979
2024-07-05,501680078.38285303,0.005846212130423139,-0.001569451988078563
2024-07-08,487925559.3596003,-0.02741691292105898,-0.02894333538064664
2024-07-09,495426280.33322906,0.015372674847108678,-0.014015597017335457
2024-07-10,487091080.1719971,-0.016824299582221695,-0.03060409399651376
2024-07-11,487925559.3596003,0.0017131892197832317,-0.02894333538064664
2024-07-12,488347594.8108019,0.0008649586870495921,-0.02810341148296669
2024-07-15,487091080.1719971,-0.0025729923770621992,-0.03060409399651376
2024-07-16,490841440.65881145,0.007699505573967988,-0.023140224814858223
2024-07-17,497095238.7084354,0.012740974032734617,-0.01069407978560133
2024-07-18,503761480.49446106,0.013410391544578118,0.0
2024-07-19,503761480.49446106,0.0,0.0
2024-07-22,503761480.49446106,0.0,0.0
2024-07-23,503761480.49446106,0.0,0.0
2024-07-24,503761480.49446106,0.0,0.0
2024-07-25,503761480.49446106,0.0,0.0
2024-07-26,503761480.49446106,0.0,0.0
2024-07-29,503761480.49446106,0.0,0.0
2024-07-30,503761480.49446106,0.0,0.0
2024-07-31,503761480.49446106,0.0,0.0
2024-08-01,503761480.49446106,0.0,0.0
2024-08-02,503761480.49446106,0.0,0.0
2024-08-05,503761480.49446106,0.0,0.0
2024-08-06,503761480.49446106,0.0,0.0
2024-08-07,503761480.49446106,0.0,0.0
2024-08-08,503761480.49446106,0.0,0.0
2024-08-09,503761480.49446106,0.0,0.0
2024-08-12,503761480.49446106,0.0,0.0
2024-08-13,503761480.49446106,0.0,0.0
2024-08-14,482928275.94878113,-0.0413552948217306,-0.041355294821730615
2024-08-15,478755880.0107651,-0.008639783888857602,-0.04963777790066848
2024-08-16,480213820.6603707,0.00304526943788732,-0.046743668870786736
2024-08-19,474171040.33634746,-0.012583520223790017,-0.05873898919200704
2024-08-20,470842715.30073476,-0.00701924991718557,-0.065345935464171
2024-08-21,475216537.24955153,0.009289348240257145,-0.05666360837452589
2024-08-22,475427554.9751523,0.00044404541732091877,-0.05624472417283255
2024-08-23,473135135.1379435,-0.0048218068414831745,-0.060795329818501886
2024-08-26,466670319.3627187,-0.013663782913395293,-0.07362841854310886
2024-08-27,462085479.68830115,-0.009824579546174215,-0.08272962983444732
2024-08-28,460215095.30229396,-0.004047702142185584,-0.08644246707672976
2024-08-29,462507515.13950276,0.004981192187324979,-0.08189186143106053
2024-08-30,462085479.68830115,-0.0009124942566053705,-0.08272962983444732
2024-09-04,461874461.96270037,-0.00045666383142599647,-0.08314851403614065
2024-09-05,461874461.96270037,0.0,-0.08314851403614065
2024-09-06,462507515.13950276,0.0013706174056740126,-0.08189186143106053
2024-09-09,462507515.13950276,0.0,-0.08189186143106053
2024-09-10,461874461.96270037,-0.0013687413849079913,-0.08314851403614065
2024-09-11,461874461.96270037,0.0,-0.08314851403614065
2024-09-12,461251000.500698,-0.0013498504752850907,-0.0843861264502348
2024-09-13,459591633.84029156,-0.003597535091750765,-0.0876800794908239
2024-09-16,461462018.22629875,0.004069665869194542,-0.08396724224854146
2024-09-17,461874461.96270037,0.0008937761291534011,-0.08314851403614065
2024-09-18,460004077.5766932,-0.004049551425855271,-0.0868613512784231
2024-09-19,461251000.500698,0.0027106779804509508,-0.0843861264502348
2024-09-20,461673035.9518995,0.0009149800233352979,-0.08354835804684813
2024-09-23,462085479.68830115,0.0008933676092891614,-0.08272962983444732
2024-09-24,461673035.9518995,-0.0008925702159691982,-0.08354835804684813
2024-09-25,462085479.68830115,0.0008933676092891614,-0.08272962983444732
2024-09-26,462296497.4139019,0.00045666383142599647,-0.08231074563275398
2024-09-27,462708941.1503035,0.0008921627974877127,-0.08149201742035328
2024-09-30,462085479.68830115,-0.001347416067760436,-0.08272962983444732
2024-10-01,461673035.9518995,-0.0008925702159691982,-0.08354835804684813
2024-10-02,460416521.31309474,-0.0027216548096945957,-0.0860426230660224
2024-10-03,460416521.31309474,0.0,-0.0860426230660224
2024-10-04,461251000.500698,0.001812444056575825,-0.0843861264502348
2024-10-07,460004077.5766932,-0.0027033500689456094,-0.0868613512784231
2024-10-08,460004077.5766932,0.0,-0.0868613512784231
2024-10-09,460416521.31309474,0.0008966088704567931,-0.0860426230660224
2024-10-10,460416521.31309474,0.0,-0.0860426230660224
2024-10-11,462085479.68830115,0.003624888113151521,-0.08272962983444732
2024-10-14,461673035.9518995,-0.0008925702159691982,-0.08354835804684813
2024-10-15,465835840.1751155,0.009016780056545708,-0.07528491515889635
2024-10-16,466257875.62631714,0.0009059746262609753,-0.07444714675550956
2024-10-17,466257875.62631714,0.0,-0.07444714675550956
2024-10-18,467092354.8139204,0.0017897374633775182,-0.07279065013972197
2024-10-21,467504798.55032194,0.0008830025414692705,-0.07197192192732127
2024-10-22,464166881.7999091,-0.0071398555924202575,-0.07859790839047154
2024-10-23,465634414.16431475,0.003161648152739706,-0.07568475916960371
2024-10-24,464166881.7999091,-0.003151683637987642,-0.07859790839047154
2024-10-25,464166881.7999091,0.0,-0.07859790839047154
2024-10-28,458335119.20148677,-0.012563935142913272,-0.09017434450999828
2024-10-29,465835840.1751155,0.01636514563120658,-0.07528491515889635
2024-10-30,465423396.4387139,-0.0008853842938460316,-0.07610364337129716
2024-10-31,465835840.1751155,0.0008861688938663558,-0.07528491515889635
2024-11-01,465835840.1751155,0.0,-0.07528491515889635
2024-11-04,465835840.1751155,0.0,-0.07528491515889635
2024-11-05,465001360.98751235,-0.001791358920106879,-0.07694141177468383
2024-11-06,465001360.98751235,0.0,-0.07694141177468383
2024-11-07,465001360.98751235,0.0,-0.07694141177468383
2024-11-08,464166881.7999091,-0.0017945736456148678,-0.07859790839047154
2024-11-11,462085479.68830115,-0.004484167641467385,-0.08272962983444732
2024-11-12,464588917.25111073,0.005417693636463702,-0.07776013998708464
2024-11-13,462085479.68830115,-0.005388500392178913,-0.08272962983444732
2024-11-14,462085479.68830115,0.0,-0.08272962983444732
2024-11-15,462296497.4139019,0.00045666383142599647,-0.08231074563275398
2024-11-18,462085479.68830115,-0.0004564553847611164,-0.08272962983444732
2024-11-19,461251000.500698,-0.001805897878821191,-0.0843861264502348
2024-11-20,460004077.5766932,-0.0027033500689456094,-0.0868613512784231
2024-11-21,462085479.68830115,0.004524747090444979,-0.08272962983444732
2024-11-22,461874461.96270037,-0.00045666383142599647,-0.08314851403614065
2024-11-25,461874461.96270037,0.0,-0.08314851403614065
2024-11-26,462296497.4139019,0.0009137449371159224,-0.08231074563275398
2024-11-27,461874461.96270037,-0.0009129107695222328,-0.08314851403614065
2024-11-28,461874461.96270037,0.0,-0.08314851403614065
2024-11-29,462085479.68830115,0.0004568724685579612,-0.08272962983444732
2024-12-02,457922675.46508515,-0.00900873194722329,-0.0909930727223991
2024-12-03,457711657.7394843,-0.0004608151919677713,-0.09141195692409254
2024-12-04,457500640.01388353,-0.00046102764050830446,-0.09183084112578588
2024-12-05,457922675.46508515,0.0009224805700573675,-0.0909930727223991
2024-12-06,457922675.46508515,0.0,-0.0909930727223991
2024-12-09,457922675.46508515,0.0,-0.0909930727223991
2024-12-10,456042699.36427796,-0.004105444437530439,-0.09472495015566751
2024-12-11,455419237.90227556,-0.0013671120333063106,-0.09596256256976166
2024-12-12,446662002.28984195,-0.01922895407925818,-0.11334625694003797
2024-12-13,447084037.74104357,0.0009448653546485382,-0.11250848853665119
2024-12-16,447084037.74104357,0.0,-0.11250848853665119
2024-12-17,448330960.66504836,0.002789012397546221,-0.11003326370846289
2024-12-18,449587475.30385315,0.0028026497142666566,-0.10753899868928851
2024-12-19,457500640.01388353,0.01760094563284325,-0.09183084112578588
2024-12-20,461251000.500698,0.008197497793009927,-0.0843861264502348
2024-12-23,459169598.38908994,-0.004512515115086192,-0.0885178478942108
2024-12-24,468550295.46352595,0.020429699848043985,-0.06989654110984034
2024-12-25,469586200.6619299,0.0022108730021803903,-0.06784020048334549
2024-12-26,468962739.1999275,-0.0013276826727948218,-0.06907781289743964
2024-12-27,468531112.0339259,-0.0009203869090708447,-0.0699346214918124
2024-12-30,466171550.1931168,-0.0050360835816560525,-0.07461850847438423
2024-12-31,471753928.20673823,0.011974943583127041,-0.06353711732049505
2025-01-02,467466431.6911218,-0.009088417200709548,-0.0720480826912655
2025-01-03,463811988.3523078,-0.007817552429579995,-0.07930239545695572
2025-01-06,457586965.4470839,-0.013421435973093972,-0.09165947940691122
2025-01-07,454584758.7146723,-0.0065609533468206785,-0.09761905918554925
2025-01-08,456944320.55548143,0.0051905872239991335,-0.09293517220297753
2025-01-09,454805368.1550732,-0.004680991324737344,-0.09718113479286972
2025-01-10,457586965.4470839,0.006116016843192217,-0.09165947940691122
2025-01-13,457375947.7214831,-0.00046115327038348845,-0.09207836360860455
2025-01-14,457375947.7214831,0.0,-0.09207836360860455
2025-01-15,459956119.00269294,0.005641248286149514,-0.08695655223335352
2025-01-16,460809781.61989623,0.0018559653452469827,-0.08526197523559387
2025-01-17,463169343.4607053,0.005120468216873392,-0.08057808825302215
2025-01-20,463169343.4607053,0.0,-0.08057808825302215
2025-01-21,465317887.57591355,0.004638787401503718,-0.07631308547214377
2025-01-22,466603177.35911846,0.0027621757459199902,-0.07376169988001124
2025-01-23,466603177.35911846,0.0,-0.07376169988001124
2025-01-24,476473051.8883563,0.02115260891513727,-0.05416934335535162
2025-02-03,486985571.30919665,0.022063198284094226,-0.03330129403462567
2025-02-04,498150327.3364395,0.02292625631028012,-0.011138511726847433
2025-02-05,509094473.92328143,0.021969566185691798,0.0
2025-02-06,517679058.66931444,0.016862459102878962,0.0
2025-02-07,514245224.77090126,-0.006633132712070284,-0.006633132712070333
2025-02-10,514245224.77090126,0.0,-0.006633132712070333
2025-02-11,513602579.8792988,-0.0012496856764956019,-0.007874529057625312
2025-02-12,526685678.866549,0.02547319561814673,0.0
2025-02-13,538493079.7853943,0.022418306387702334,0.0
2025-02-14,536133517.9445852,-0.004381786747843563,-0.004381786747843508
2025-02-17,550722516.1554412,0.027211501841531722,0.0
2025-02-18,564879887.2002954,0.025706904347557805,0.0
2025-02-19,555873267.0030609,-0.015944310288464807,-0.01594431028846477
2025-02-20,552439433.1046478,-0.006177368300019854,-0.022023184711543076
2025-02-21,558875473.7354724,0.011650219454203074,-0.010629540192309883
2025-02-24,575181388.895535,0.029176294051831097,0.0
2025-02-25,589770387.106391,0.025364169447258715,0.0
2025-02-26,590202014.2723927,0.0007318562875282746,0.0
2025-02-27,581195394.0751581,-0.015260232902353081,-0.015260232902353121
2025-02-28,590202014.2723927,0.015496716403898284,0.0
2025-03-03,588485097.323186,-0.0029090326831963513,-0.002909032683196311
2025-03-04,589770387.106391,0.002184065134446478,-0.0007313210656082481
2025-03-05,589770387.106391,0.0,-0.0007313210656082481
2025-03-06,608224846.3816618,0.031290922160087616,0.0
2025-03-07,615955768.5104915,0.01271063189019831,0.0
2025-03-10,615955768.5104915,0.0,0.0
2025-03-11,624962388.707726,0.014622186620663336,0.0
2025-03-12,629259476.9381425,0.006875754938312201,0.0
2025-03-13,616387395.6764932,-0.020455919590249925,-0.02045591959024995
2025-03-14,622823436.3073179,0.010441551329519072,-0.010227959795124919
2025-03-17,628396222.6061392,0.008947618175484917,-0.0013718574986010257
2025-03-18,621960181.9753145,-0.010242010373857087,-0.011599817293725945
2025-03-19,608224846.3816618,-0.022083946837287854,-0.03342759438257692
2025-03-20,614238851.5612849,0.009887799249571156,-0.023870320475656848
2025-03-21,610805017.6628717,-0.00559038864064849,-0.029327264747869508
2025-03-24,618526348.0769013,0.012641236058560535,-0.017056761565938716
2025-03-25,631408021.0533507,0.020826393275727995,0.0
2025-03-26,633546973.453759,0.003387591429136339,0.0
2025-03-27,622823436.3073179,-0.016926191104634464,-0.016926191104634447
2025-03-28,624108726.0905228,0.0020636503193028795,-0.014897470525009227
2025-03-31,624540353.2565243,0.0006915896989701017,-0.014216183763195
2025-04-01,628396222.6061392,0.006173931483385022,-0.008130022024319117
2025-04-02,631408021.0533507,0.004792833468541095,-0.003376154397436104
2025-04-03,609941763.3308685,-0.033997442235008314,-0.037258816018341134
2025-04-04,628827849.7721409,0.0309637535526936,-0.007448735262504669
2025-04-08,607802810.9304602,-0.033435285745214975,-0.04063497041577735
2025-04-09,588063061.8719845,-0.0324772256782705,-0.07179248498942481
2025-04-10,606085893.9812536,0.030647788099284725,-0.04334497775721702
2025-04-11,625394015.8737277,0.03185707188405751,-0.012868749945384006
2025-04-14,646428646.4302084,0.03363420503327591,0.0
2025-04-15,667474950.9314866,0.03255781534049083,0.0
2025-04-16,646939649.6267084,-0.030765650869924673,-0.030765650869924666
2025-04-17,651750573.8951533,0.007436434405003395,-0.02355800320954271
2025-04-18,664380235.0321641,0.019378059096335432,-0.004636452491593501
2025-04-21,651687285.0747828,-0.01910494817288891,-0.023652821479924424
2025-04-22,642852819.000683,-0.01355629651894485,-0.03688847333737777
2025-04-23,662446281.6574082,0.030478924689454418,-0.00753386964868219
2025-04-24,675927254.0418434,0.020350287650051327,0.0
2025-04-25,676198234.5558085,0.0004009018904693474,0.0
2025-04-28,681935674.7836244,0.0084848494636854,0.0
2025-04-29,676390512.021529,-0.00813150413908894,-0.008131504139088919
2025-05-05,684449958.8918395,0.011915375403808177,0.0
2025-05-06,698563958.6114495,0.020620937347211304,0.0
2025-05-07,694271837.777983,-0.006144205953593813,-0.006144205953593773
2025-05-08,698184105.5946677,0.005635066272032489,-0.0005437626892987879
2025-05-09,701262868.3594999,0.004409671804559299,0.0
2025-05-12,701422773.0346044,0.0002280238728147293,0.0
2025-05-13,703995095.6234585,0.0036672926624912562,0.0
2025-05-14,705927287.4763248,0.002744609820264645,0.0
2025-05-15,703136671.4567653,-0.003953121049528906,-0.00395312104952894
2025-05-16,714723922.7515116,0.016479372738076228,0.0
2025-05-19,707001055.1624979,-0.01080538560858933,-0.010805385608589346
2025-05-20,702924277.8485112,-0.0057662959400388,-0.016509374497462814
2025-05-21,700564348.8679111,-0.003357301853086247,-0.019811249396955444
2025-05-22,690909289.4260311,-0.013781830973103678,-0.03332004507950426
2025-05-23,690909289.4260311,0.0,-0.03332004507950426
2025-05-26,695844490.906711,0.00714305272227525,-0.02641499919594048
2025-05-27,695198460.3482717,-0.0009284122629144526,-0.027318887449676477
2025-05-28,692195450.7204581,-0.004319643668815331,-0.031520523259280786
2025-05-29,691980107.2009784,-0.00031110218834234677,-0.031821819343859525
2025-05-30,686617168.5925647,-0.007750134075539381,-0.03932533005295635
2025-06-02,689192441.0926446,0.003750667210024316,-0.035722159068885095
2025-06-03,688549360.445431,-0.0009330930069314736,-0.036621919978996886
2025-06-04,691552370.0732446,0.004361357079572181,-0.03242028416939258
2025-06-05,697345995.7206178,0.008377710637821367,-0.02431418129113838
2025-06-06,691980107.2009784,-0.007694729090821572,-0.031821819343859525
2025-06-09,694340036.1815785,0.003410400033240698,-0.028519944444366896
2025-06-10,703782702.0152044,0.013599483454179702,-0.015308317502772395
2025-06-11,720945285.5266185,0.024386196850634263,0.0
2025-06-12,720945285.5266185,0.0,0.0
2025-06-13,709432618.0771893,-0.015968850453082113,-0.015968850453082162
2025-06-16,709169574.9444492,-0.00037077958644342985,-0.0163337091157586
2025-06-17,705486971.0860862,-0.005192839609132271,-0.021441730393230496
2025-06-18,704171755.4223852,-0.001864266411151696,-0.023266023706613126
2025-06-19,706539143.6170471,0.003361947105137466,-0.019982295742524192
2025-06-20,701541324.0949831,-0.007073662609092258,-0.02691461033337872
2025-06-23,703645669.1569047,0.0029996024320253513,-0.023995741031966333
2025-06-24,709432618.0771893,0.008224237246025326,-0.015968850453082162
2025-06-25,718639127.7230966,0.012977285525523404,-0.0031987972594027525
2025-06-26,714693480.7319934,-0.005490442753380796,-0.008671677199551087
2025-06-27,707065229.8825275,-0.010673457999998916,-0.019252578417171096
2025-06-30,707065229.8825275,0.0,-0.019252578417171096
2025-07-01,700489151.5640222,-0.009300525666631696,-0.028374044984085023
2025-07-02,708380445.5462285,0.01126540498819575,-0.017428285103788244
2025-07-03,715219566.997474,0.009654588144329445,-0.00794195987419788
2025-07-04,714693480.7319934,-0.0007355591062602687,-0.008671677199551087
2025-07-07,718639127.7230966,0.005520754137930594,-0.0031987972594027525
2025-07-08,727056507.9707834,0.011712944540545665,0.0
2025-07-09,724163033.5106411,-0.003979710556773572,-0.003979710556773597
2025-07-10,725741292.3070823,0.002179424692240944,-0.0018089593439880591
2025-07-11,718639127.7230966,-0.009786083083971131,-0.011577339801523423
2025-07-14,735736931.3512104,0.02379191859798345,0.0
2025-07-15,738367362.6786124,0.003575233504414551,0.0
2025-07-16,744943440.9971176,0.008906241866716479,0.0
2025-07-17,756376765.7667096,0.015347909841703224,0.0
2025-07-18,784846219.3673317,0.03763924923283941,0.0
2025-07-21,754211625.4401082,-0.03903260686140306,-0.039032606861403085
2025-07-22,774031118.7986047,0.026278424635699824,-0.01377989764344556
2025-07-23,762242679.0337417,-0.015229930009997764,-0.028799960776788702
2025-07-24,766615182.8553512,0.005736367093944817,-0.023228800830150775
2025-07-25,781163746.5208917,0.018977661792912277,-0.004691967363247951
2025-07-28,799190177.1348075,0.023076378920810166,0.0
2025-07-29,759848211.7807491,-0.04922728842226771,-0.049227288422267756
2025-07-30,746696055.1437385,-0.017308926221182675,-0.06568414314008042
2025-07-31,757217780.453347,0.014091041779486882,-0.05251865936583022
2025-08-01,758532996.117048,0.001736905415656823,-0.05087297389404899
2025-08-04,766424290.0992544,0.01040336283668885,-0.04099886106336137
2025-08-05,758532996.117048,-0.010296247240786689,-0.05087297389404899
2025-08-06,769054721.4266564,0.01387115044891831,-0.0377074901197989
2025-08-07,788782956.3821721,0.02565257634582664,-0.013022208043079964
2025-08-08,799304681.6917806,0.013339189474716025,0.0
2025-08-11,799304681.6917806,0.0,0.0
2025-08-12,794043819.0369763,-0.0065817988750788625,-0.006581798875078815
2025-08-13,801935113.0191826,0.009938108946905297,0.0
2025-08-14,803250328.6828836,0.0016400524710153165,0.0
2025-08-15,794043819.0369763,-0.01146156972136383,-0.011461569721363807
2025-08-18,808511191.3376877,0.018219866402659688,0.0
2025-08-19,811141622.6650898,0.0032534259953162143,0.0
2025-08-20,805880760.0102857,-0.006485751079471179,-0.006485751079471136
2025-08-21,790098172.0458732,-0.01958427195136304,-0.025943004317884988
2025-08-22,769054721.4266564,-0.026633969503722654,-0.0518860086357702
2025-08-25,770369937.0903574,0.001710171756388453,-0.0502645708659023
2025-08-26,786152525.05477,0.020487024745568978,-0.03080731762748845
2025-08-27,805880760.0102857,0.02509466589087316,-0.006485751079471136
2025-08-28,804565544.3465847,-0.001632022662613599,-0.008107188849339031
2025-08-29,809826407.0013888,0.006538762058318863,-0.001621437769867784
2025-09-03,833500288.9480077,0.029233279801628296,0.0
2025-09-04,826924210.6295025,-0.007889713303885095,-0.007889713303885104
2025-09-05,824293779.3021004,-0.003180982360402386,-0.01104559862543919
2025-09-08,801935113.0191826,-0.02712463304266123,-0.03787062385864881
2025-09-09,816402485.3198941,0.018040577181168332,-0.02051325459010145
2025-09-10,816402485.3198941,0.0,-0.02051325459010145
2025-09-11,824293779.3021004,0.009665935765879338,-0.01104559862543919
2025-09-12,826924210.6295025,0.003191133299136632,-0.007889713303885104
2025-09-15,826924210.6295025,0.0,-0.007889713303885104
2025-09-16,820348132.3109972,-0.007952455901005965,-0.01577942660777032
2025-09-17,809826407.0013888,-0.012825927060951278,-0.028402967893986664
2025-09-18,808511191.3376877,-0.001624071100090469,-0.029980910554763818
2025-09-19,807195975.6739867,-0.0016267129976581072,-0.03155885321554086
2025-09-22,797989466.0280795,-0.01140554453114063,-0.04260445184097983
2025-09-23,803250328.6828836,0.006592646743809262,-0.03629268119787177
2025-09-24,811141622.6650898,0.009824202618311833,-0.02682502523320962
2025-09-25,813772053.992492,0.0032428755397356634,-0.023669139911655535
2025-09-26,801935113.0191826,-0.01454576980769434,-0.03787062385864881
2025-09-29,801935113.0191826,0.0,-0.03787062385864881
2025-09-30,791413387.7095742,-0.013120419768122383,-0.050494165144865155
2025-10-01,794043819.0369763,0.0033237134577857393,-0.04733827982331096
2025-10-02,780891662.3999658,-0.016563514911509078,-0.0631177064310815
2025-10-03,774315584.0814605,-0.008421242837059615,-0.07100741973496671
2025-10-06,790098172.0458732,0.020382629884861402,-0.0520721078056422
2025-10-07,782206878.0636668,-0.00998773856389605,-0.061539763770304456
2025-10-08,779576446.7362647,-0.0033628332876766316,-0.06469564909185854
2025-10-09,784837309.3910689,0.006748360185622707,-0.05838387844875037
2025-10-10,786152525.05477,0.0016757812707980113,-0.05680593578797333
2025-10-13,790098172.0458732,0.005018933178174662,-0.0520721078056422
2025-10-14,782206878.0636668,-0.00998773856389605,-0.061539763770304456
2025-10-15,771685152.7540585,-0.013451333150706374,-0.07416330505652069
2025-10-16,792728603.3732753,0.027269477123040484,-0.048916222484088
2025-10-17,791788145.8995768,-0.0011863549135184414,-0.05004454539671177
2025-10-20,773313327.3983366,-0.023333032449292707,-0.07220988684435281
2025-10-21,768160317.3138425,-0.006663547493524289,-0.07839226032738777
2025-10-22,766010633.5421973,-0.0027984832374085074,-0.0809713641383275
2025-10-23,757418129.4230709,-0.011217212585408715,-0.09128030371886608
2025-10-24,749255562.0582734,-0.010776831247774515,-0.10107342253721674
2025-10-27,733784069.8698825,-0.020649152267738086,-0.11963549431276244
2025-10-28,746675941.5322993,0.0175690263549914,-0.1041683471103444
2025-10-29,746246004.7779702,-0.0005758010006948743,-0.10468416787253243
2025-10-30,730992596.4504709,-0.020440187592076425,-0.12298459143537388
2025-10-31,716810914.5250671,-0.019400582159472973,-0.1399992009243557
2025-11-03,717028998.3859586,0.00030424182510663337,-0.13973755271165167
2025-11-04,730132722.9418128,0.018275027349452886,-0.12401623295974984
2025-11-05,722182008.4704528,-0.010889409858697147,-0.1335551792286166
2025-11-06,721322134.9617949,-0.0011906603855710884,-0.13458682075299233
2025-11-07,716380977.770738,-0.006850139419773328,-0.14051502168654362
2025-11-10,703277253.2148838,-0.018291558489772965,-0.15623634143844545
2025-11-11,713377651.4578888,0.014361900938546206,-0.14411829135863907
2025-11-12,721322134.9617949,0.011136434520580128,-0.13458682075299233
2025-11-13,717670788.0337251,-0.005062019798218317,-0.13896755939997973
2025-11-14,721322134.9617949,0.005087774212008368,-0.13458682075299233
2025-11-17,723041881.979111,0.0023841594954065706,-0.13252353770424063
2025-11-18,723689902.5943315,0.0008962421560515749,-0.1317460687293487
2025-11-19,715739188.1229715,-0.010986355402856555,-0.14128501499821544
2025-11-20,718699907.6879059,0.004136589995440755,-0.13773286318232203
2025-11-21,706488995.8483002,-0.01699027884793921,-0.1523830222782685
2025-11-24,708931178.2162213,0.00345678755404919,-0.14945299045907923
2025-11-25,702576874.330019,-0.008963216855817698,-0.15707662775166176
2025-11-26,718213786.0791254,0.02225651358652795,-0.13831609226481467
2025-11-27,724556515.6413091,0.008831255658304728,-0.1307063413789582
2025-11-28,718213786.0791254,-0.008753947311576863,-0.13831609226481467
2025-12-01,718213786.0791254,0.0,-0.13831609226481467
2025-12-02,717716090.1463263,-0.0006929634914363366,-0.13891320775403337
2025-12-03,716257725.3199848,-0.002031952252936369,-0.1406628950015113
2025-12-04,723584272.4237481,0.010228925768989426,-0.1318727995439435
2025-12-05,717229968.5375458,-0.008781705363658186,-0.13949643683652602
2025-12-08,708931178.2162213,-0.01157061289316446,-0.14945299045907923
2025-12-09,708445056.607441,-0.0006857105791334216,-0.15003621954157176
2025-12-10,703560691.8715986,-0.006894486298249153,-0.1558962831799504
2025-12-11,707461239.0658612,0.005544009549320419,-0.15121656411328321
2025-12-12,691466922.4932318,-0.022608046475801988,-0.17040589947970097
2025-12-15,699777263.6540818,0.01201842183699162,-0.16043548762616844
2025-12-16,715919958.09788,0.023068332285482683,-0.14106813447962963
2025-12-17,700851370.3168036,-0.021047866609434942,-0.15914681781169548
2025-12-18,704226426.7614776,0.004815652201904662,-0.1550975613334118
2025-12-19,707154730.7381792,0.004158185301520128,-0.15158430043172988
2025-12-22,721372623.3172593,0.020105773123002997,-0.13452624686221637
2025-12-23,724857653.4534795,0.004831109503704443,-0.1303450483882257
2025-12-24,721539760.6831572,-0.0045773025290064915,-0.1343257221976013
2025-12-25,715683152.729754,-0.008116819436060144,-0.14135224400096513
2025-12-26,713727091.9706134,-0.002733137914005404,-0.14369904673766176
2025-12-29,713727091.9706134,0.0,-0.14369904673766176
2025-12-30,714699335.1881744,0.0013622058466025515,-0.14253258857267648
2025-12-31,710798787.9939117,-0.005457605740231509,-0.14721230763934368
2026-01-05,696145693.786385,-0.020614967913609037,-0.1647924985544793
2026-01-06,696145693.786385,0.0,-0.1647924985544793
2026-01-07,703693076.6579945,0.010841671418749583,-0.15573745325733213
2026-01-08,704046715.0414041,0.0005025463446210555,-0.15531317220056617
2026-01-09,696898785.5205462,-0.010152635284204925,-0.1638889694925858
2026-01-12,734157478.6950628,0.05346356450698404,-0.1191874934780518
2026-01-13,751642963.9651164,0.02381707709513961,-0.09820911410385536
2026-01-14,750958122.151745,-0.0009111264871804258,-0.09903075966589325
2026-01-15,757412186.7433647,0.008594440090915706,-0.09128743350608393
2026-01-16,754601333.3086287,-0.003711127816442726,-0.09465978198875058
2026-01-19,767101245.9670999,0.016564922571318617,-0.07966289137669347
2026-01-20,775683768.5088654,0.011188252641859932,-0.06936592728973712
2026-01-21,764086736.0134194,-0.014950722145107544,-0.08327957872959801
2026-01-22,768432264.6428716,0.005687219035007447,-0.07806598889996896
2026-01-23,767213168.9036994,-0.0015864713069261792,-0.07952861075545847
2026-01-26,758799678.9369221,-0.010966300251075834,-0.0896227763824391
2026-01-27,763502842.31144,0.006198162051290068,-0.08398011082265389
2026-01-28,756466207.4946542,-0.009216252287264574,-0.0924223812214644
2026-01-29,759877013.5332754,0.0045088676861289815,-0.08833023382350003
2026-01-30,770631829.1256237,0.014153363505945003,-0.07542704022542412
2026-02-02,767829407.1585615,-0.0036365250709173617,-0.07878927297353666
2026-02-03,768563600.2927871,0.0009561930389493295,-0.07790841768894852
2026-02-04,767101885.5518659,-0.0019018786999075864,-0.07966212402870998
2026-02-05,763684044.3889959,-0.004455524392840199,-0.08376271188475481
2026-02-06,753849888.630631,-0.012877257068049618,-0.09556133497914743
2026-02-09,752207594.4638724,-0.002178542693349423,-0.09753169322441135
2026-02-10,747364433.5367234,-0.006438596157223015,-0.10334232219643213
2026-02-11,759142566.4910179,0.015759557754919332,-0.08921139373669495
2026-02-12,760253247.1222857,0.001463072524574246,-0.08787884395117584
2026-02-13,764311079.8705481,0.005337475063239958,-0.0830104200261117
2026-02-23,777170631.6338034,0.016825023347081754,-0.06758204893402031
2026-02-24,798574497.6526914,0.02754075507703092,-0.04190255451428515
2026-02-25,785682648.814496,-0.016143576931255985,-0.05736967433312368
2026-02-26,786049738.1756778,0.0004672234543242507,-0.056929255336214735
2026-02-27,780716983.1707737,-0.006784246270828463,-0.06332727951882744
2026-03-02,762934466.5620792,-0.02277716124026575,-0.08466202510258547
2026-03-03,737638271.2930855,-0.033156445773098925,-0.11501137903132985
2026-03-04,736398756.3614784,-0.0016803831631920737,-0.11649849900962217
2026-03-05,739817927.7539885,0.0046430977279267385,-0.11239631519775384
2026-03-06,727247163.8962226,-0.016991699425194337,-0.1274782102186086
2026-03-09,705482231.761633,-0.029927833637719604,-0.1535908971884714
2026-03-10,702818433.2291585,-0.003775854886979715,-0.15678681513570647
2026-03-11,715695339.2022334,0.01832181024892999,-0.14133762316322696
2026-03-12,705051972.3691032,-0.014871365300484028,-0.15410710503894842
2026-03-13,713604788.3339323,0.012130759575198501,-0.14384578170380735
2026-03-16,711443150.8312372,-0.0030291802101579265,-0.14643922711871338
2026-03-17,716304136.0291831,0.006832570096804595,-0.14060721330611925
2026-03-18,721591586.6648432,0.007381572114005823,-0.13426354347688196
2026-03-19,722059141.9015899,0.0006479499558852723,-0.13370258957806958
2026-03-20,714829147.1348099,-0.010013022960611448,-0.1423768454393426
2026-03-23,689833447.2848195,-0.03496737640061062,-0.17236567709474415
2026-03-24,691688743.8659916,0.0026894848147397685,-0.170139767151133
2026-03-25,691688743.8659916,0.0,-0.170139767151133
2026-03-26,694780234.8105667,0.004469482801319114,-0.16643072111291635
2026-03-27,697873735.8272773,0.004452488516104792,-0.16271926347129384
2026-03-30,698028511.3817196,0.00022178160102100935,-0.16253357000904245
2026-03-31,696325980.2828542,-0.0024390566733374507,-0.16457619809380797
2026-04-01,713180435.1399813,0.024204834135702694,-0.1443549035356505
2026-04-02,711015587.4499246,-0.003035483845868221,-0.14695220040376433
2026-04-03,704211493.2708696,-0.009569542917417649,-0.15511547793260916
2026-04-06,707614545.3964648,0.004832429118401585,-0.15103263336648398
2026-04-07,707922086.433214,0.0004346166126034257,-0.15066365804538684
2026-04-08,717200579.4112102,0.013106658424438877,-0.1395316967239253
2026-04-09,711787455.1500006,-0.007547573742416022,-0.14602614469591313
2026-04-10,713335210.6944237,0.0021744630833609347,-0.1441692100733989
2026-04-13,713025659.585539,-0.0004339490105687447,-0.1445405969979019
2026-04-14,713025659.585539,0.0,-0.1445405969979019
2026-04-15,730649972.0706065,0.02471764129121522,-0.12339565833529886
2026-04-16,730649972.0706065,0.0,-0.12339565833529886
2026-04-17,730032879.9249728,-0.0008445797156262188,-0.12413602058089879
2026-04-20,726167511.2081863,-0.005294787156961693,-0.12877353393037239
2026-04-21,726786613.4259555,0.0008525611628358483,-0.1280307600813667
2026-04-22,726786613.4259555,0.0,-0.1280307600813667
2026-04-23,725548408.990417,-0.0017036698429293204,-0.12951630777937806
2026-04-24,734207799.750644,0.01193495933962049,-0.11912712030692219
2026-04-28,731423849.842818,-0.003791773812225161,-0.1224671910240418
2026-04-29,733433921.9784324,0.0027481632381092806,-0.12005558761817925
2026-05-04,733279146.4239902,-0.0002110286282159699,-0.12024128108043053
2026-05-05,734979667.4507201,0.002319063667667104,-0.11820106459907076
2026-05-06,735753545.2229316,0.0010529240555670742,-0.1172725972878137
2026-05-07,736525412.9230075,0.0010490845814979943,-0.1163465415799626
2026-05-08,727558481.1260314,-0.012174640059450936,-0.1271047043735155
2026-05-11,717597494.0388138,-0.013690977901599193,-0.13905549457634758
2026-05-12,732875110.7858384,0.021289952757552678,-0.12072602672900357
2026-05-13,765013406.9027485,0.043852350344452604,-0.08216779640436489
2026-05-14,767953971.5177841,0.003843807949642207,-0.07863982568374639
2026-05-15,800552351.309176,0.04244835107365148,-0.03952960553908935
2026-05-18,829491845.8949739,0.03614940926533033,-0.004809168162488664
2026-05-19,789944783.2417923,-0.047676252453708635,-0.05225613750079017
2026-05-20,811160884.2175704,0.0268577012290796,-0.026801916000092407
2026-05-21,798094619.399893,-0.016108105151397725,-0.04247829307030171
2026-05-22,784444598.4972605,-0.017103261406393618,-0.05885503712621665
2026-05-25,761870030.6882972,-0.02877777200863999,-0.08593909229487828
2026-05-26,765248894.7875544,0.004434961296751179,-0.08188526754633285
2026-05-27,758783044.6315174,-0.008449342691088758,-0.08964273355057117
2026-05-28,759434082.9692742,0.0008580032755909988,-0.08886164403399943
2026-05-29,787036894.9121468,0.03634655404844323,-0.05574490453327152
