prediction_date,execution_date,symbol,target_weight,realized_forward_return,predicted_class,realized_class,score,class_0_prob,class_1_prob,class_2_prob,class_3_prob,class_4_prob,class_3_4_prob
2021-01-04,2021-01-05,VN:DBC,0.3333333333333333,-0.02564102564102555,4,1.0,0.27300182798510275,0.22336115608695614,0.21907048580260532,0.17281126000914754,0.10773833417112631,0.27701876393016467,0.384757098101291
2021-01-04,2021-01-05,VN:ANV,0.3333333333333333,-0.09381237524950092,4,0.0,0.25550380523121785,0.23136649508700158,0.21756568064766346,0.1654971502982717,0.11045477292415262,0.2751159010429106,0.38557067396706324
2021-01-04,2021-01-05,VN:VPB,0.3333333333333333,0.04978078187796853,4,3.0,0.25397962686510567,0.23526077410903093,0.22353779270330998,0.15265562447954903,0.10879922916892637,0.2797465795391837,0.38854580870811006
2021-01-14,2021-01-15,VN:EVF,0.3333333333333333,-0.2149532710280373,4,0.0,0.37993093863078164,0.23230563277233862,0.19915017633997034,0.1533878010018751,0.10088839457100923,0.31426799531480665,0.4151563898858159
2021-01-14,2021-01-15,VN:FTS,0.3333333333333333,-0.1432013251016413,4,0.0,0.3795303126959642,0.2332308843686082,0.1999433726046997,0.15192969822569333,0.099376340182558,0.31551970461844075,0.41489604480099873
2021-01-14,2021-01-15,VN:HSG,0.3333333333333333,-0.045932443516516264,4,0.0,0.3795303126959642,0.2332308843686082,0.1999433726046997,0.15192969822569333,0.099376340182558,0.31551970461844075,0.41489604480099873
2021-01-26,2021-01-27,VN:NKG,0.3333333333333333,-0.02941176470588236,4,0.0,0.2706593871116638,0.2765207886695862,0.17842042446136475,0.14898860454559326,0.09304457902908325,0.30302560329437256,0.3960701823234558
2021-01-26,2021-01-27,VN:DXG,0.3333333333333333,0.12499999999999978,4,4.0,0.26714894425678787,0.2703444164374626,0.18297683384183175,0.15279341313218375,0.09542069939601047,0.29846463719251143,0.3938853365885219
2021-01-26,2021-01-27,VN:HDG,0.3333333333333333,-0.014127797249932628,4,1.0,0.22856033997892827,0.28302961166158896,0.1817294034104138,0.15175175440681346,0.08705936242551561,0.2964298680956681,0.3834892305211837
2021-02-05,2021-02-08,VN:SJS,0.3333333333333333,0.08938547486033532,4,3.0,0.30035316049000144,0.2670597354453881,0.18075365779537983,0.1509369566757394,0.09426133053716032,0.3069883195463324,0.40124965008349267
2021-02-05,2021-02-08,VN:DXG,0.3333333333333333,-0.01111111111111096,4,1.0,0.2656819850646562,0.2708855746290576,0.18334310427264403,0.15309926183078013,0.09360996960356967,0.2990620896639486,0.39267205926751825
2021-02-05,2021-02-08,VN:VIB,0.3333333333333333,0.2232587723947843,4,4.0,0.22931069368174622,0.27095591416308473,0.1913049178278837,0.15313900664883093,0.09563652212240124,0.2889636392377994,0.38460016136020064
2021-02-24,2021-02-25,VN:SJS,0.3333333333333333,-0.038929440389294356,4,0.0,0.2656819850646562,0.2708855746290576,0.18334310427264403,0.15309926183078013,0.09360996960356967,0.2990620896639486,0.39267205926751825
2021-02-24,2021-02-25,VN:DXG,0.3333333333333333,0.027253668763102867,4,2.0,0.2614146840150749,0.27245973728717154,0.18440853999827683,0.15398893791470117,0.08834282790592826,0.3007999568939222,0.3891427847998504
2021-02-24,2021-02-25,VN:PVD,0.3333333333333333,0.05676855895196509,4,2.0,0.2614146840150749,0.27245973728717154,0.18440853999827683,0.15398893791470117,0.08834282790592826,0.3007999568939222,0.3891427847998504
2021-03-08,2021-03-09,VN:VPB,0.3333333333333333,0.07622573090579432,4,3.0,0.30035316049000144,0.2670597354453881,0.18075365779537983,0.1509369566757394,0.09426133053716032,0.3069883195463324,0.40124965008349267
2021-03-08,2021-03-09,VN:PVD,0.3333333333333333,-0.14591439688715957,4,0.0,0.2614146840150749,0.27245973728717154,0.18440853999827683,0.15398893791470117,0.08834282790592826,0.3007999568939222,0.3891427847998504
2021-03-08,2021-03-09,VN:PTB,0.3333333333333333,0.09357798165137599,4,4.0,0.2560066431760788,0.27177536487579346,0.18757697939872742,0.15360213816165924,0.08700110018253326,0.3000444173812866,0.3870455175638199
2021-03-18,2021-03-19,VN:LPB,0.3333333333333333,0.073663722114089,4,3.0,0.2959893704655954,0.2674914220723086,0.18104582485420034,0.1511809333806952,0.09441370980698735,0.30586810988580854,0.40028181969279586
2021-03-18,2021-03-19,VN:EVF,0.3333333333333333,0.10909090909090913,4,4.0,0.1958189814036782,0.2709853431876106,0.20246805854046518,0.15315564433204068,0.08995756775014305,0.2834333861897405,0.37339095393988353
2021-03-18,2021-03-19,VN:VND,0.3333333333333333,0.2320223886234145,0,4.0,0.18657156825065613,0.2783154547214508,0.18837185204029083,0.1572984755039215,0.098234161734581,0.27778005599975586,0.37601421773433685
2021-03-30,2021-03-31,VN:SHB,0.3333333333333333,0.17025419145484055,4,4.0,0.32064267009017855,0.2632501403745253,0.18586434285443765,0.14878384658110255,0.08664885843806819,0.31545281175186624,0.4021016701899344
2021-03-30,2021-03-31,VN:LPB,0.3333333333333333,0.147411482578643,4,4.0,0.229902387779295,0.27402899690080423,0.18547066246981406,0.1548758504866008,0.09672121318881263,0.2889032769539683,0.3856244901427809
2021-03-30,2021-03-31,VN:VPB,0.3333333333333333,0.10118137595552468,4,4.0,0.19693056335838321,0.277290710130057,0.18767826818461025,0.1567193018412382,0.09787245386458795,0.2804392659795065,0.3783117198440945
2021-04-09,2021-04-12,VN:SHB,0.3333333333333333,0.04339963833634708,4,2.0,0.29640814137762894,0.2685655673486409,0.18177284435758623,0.15178802722534557,0.08915428138639242,0.30871927968203483,0.39787356106842725
2021-04-09,2021-04-12,VN:EVF,0.3333333333333333,-0.128,4,0.0,0.2902883791156978,0.2649926821515509,0.18709465721924112,0.14976869411938865,0.09353174944570847,0.3046122170641108,0.39814396650981926
2021-04-09,2021-04-12,VN:SJS,0.3333333333333333,0.07674418604651168,4,3.0,0.23412517283763612,0.2736112753032798,0.18518791954824387,0.1546397495669145,0.09657376187612293,0.28998729370543885,0.3865610555815618
2021-04-22,2021-04-23,VN:SHB,0.3333333333333333,0.1793907138924573,4,4.0,0.26714894425678787,0.2703444164374626,0.18297683384183175,0.15279341313218375,0.09542069939601047,0.29846463719251143,0.3938853365885219
2021-04-22,2021-04-23,VN:LPB,0.3333333333333333,0.2127466251298027,4,4.0,0.1829881132916502,0.27112510598357686,0.20257249323597182,0.1532346296814484,0.09569624740111643,0.2773715236978864,0.37306777109900285
2021-04-22,2021-04-23,VN:SJS,0.3333333333333333,0.1594827586206895,0,4.0,0.15934636087686493,0.2810086843145933,0.19019470683795123,0.15882062556995544,0.09918475674424865,0.2707912265332514,0.36997598327750003
2021-05-06,2021-05-07,VN:SHB,0.3333333333333333,0.2040931811751392,4,4.0,0.264549729803587,0.2713032561800161,0.18362581045829465,0.15333532715829734,0.09221238299413088,0.299523223209261,0.3917356062033919
2021-05-06,2021-05-07,VN:LPB,0.3333333333333333,0.2596503578552154,4,4.0,0.2059828310313399,0.276395227366757,0.18707218487453184,0.15621317690293227,0.09755638096397548,0.2827630298918034,0.3803194108557789
2021-05-06,2021-05-07,VN:SJS,0.3333333333333333,0.16198704103671724,4,4.0,0.19069552386907956,0.2779075010831468,0.1880957405304812,0.15706790078684318,0.09809015311636601,0.2788387044831628,0.37692885759952877
2021-05-18,2021-05-19,VN:FTS,0.3333333333333333,0.3255584351474763,4,4.0,0.26775365774722354,0.2702846051879796,0.1829363487483419,0.15275958863316128,0.09539957771001359,0.2986198797205037,0.39401945743051725
2021-05-18,2021-05-19,VN:SHB,0.3333333333333333,-0.010252365930599305,4,1.0,0.23752853702626214,0.279877411728617,0.18058622566225116,0.15079715173853256,0.09417402323302523,0.29456518763757406,0.38873921087059926
2021-05-18,2021-05-19,VN:STB,0.3333333333333333,0.04761904761904767,0,2.0,0.1726515935271029,0.2801019978462459,0.1895810252677783,0.15830818365167476,0.09679488260776505,0.275213910626536,0.372008793234301
2021-05-28,2021-05-31,VN:FTS,0.3333333333333333,0.47501944012441677,4,4.0,0.23412517283763612,0.2736112753032798,0.18518791954824387,0.1546397495669145,0.09657376187612293,0.28998729370543885,0.3865610555815618
2021-05-28,2021-05-31,VN:BSI,0.3333333333333333,0.20879120879120872,0,4.0,0.1821749718325214,0.27728423269626323,0.19137914336190265,0.156715645218524,0.09787017779148982,0.27675080093182025,0.37462097872331007
2021-05-28,2021-05-31,VN:DXG,0.3333333333333333,-0.10885608856088569,0,0.0,0.1637927380486781,0.2729725858045562,0.20395283552969123,0.15427877123861589,0.09634833854696406,0.27244746888017257,0.36879580742713663
2021-06-09,2021-06-10,VN:FTS,0.3333333333333333,0.2901623347822231,4,4.0,0.20037672517999738,0.2773553009023383,0.1877219891076391,0.15675579800803371,0.09584570992682681,0.2823212020551621,0.37816691198198893
2021-06-09,2021-06-10,VN:SJS,0.3333333333333333,0.09108159392789372,4,3.0,0.18110823021164713,0.2756698152100281,0.19463309790665728,0.155803204743588,0.0973003439404096,0.276593538199317,0.3738938821397266
2021-06-09,2021-06-10,VN:SHB,0.3333333333333333,-0.08312416949653034,0,0.0,0.1725663578681717,0.2864589925156759,0.1848328966312208,0.1543432886672775,0.09638861351336657,0.27797620867245926,0.37436482218582584
2021-06-21,2021-06-22,VN:DCM,0.3333333333333333,-0.17910377318231196,4,0.0,0.21576564013957977,0.26797041296958923,0.2002154439687729,0.15145166218280792,0.09458276629447937,0.2857797145843506,0.38036248087882996
2021-06-21,2021-06-22,VN:SJS,0.3333333333333333,-0.027552674230145957,0,0.0,0.1836436241865158,0.2900245189666748,0.18100346624851227,0.1511455625295639,0.09439161419868469,0.28343483805656433,0.377826452255249
2021-06-21,2021-06-22,VN:NKG,0.3333333333333333,-0.07132018209408175,0,0.0,0.14663708647004015,0.2938354102920118,0.18338183115070555,0.1531315789559954,0.09563190029954613,0.2740192793017411,0.36965117960128724
2021-07-01,2021-07-02,VN:LPB,0.3333333333333333,-0.11940907606921325,4,0.0,0.19400888080901568,0.27829954235478893,0.18836107990414708,0.15728947637445834,0.09459032933853811,0.2814595720280675,0.3760499013666056
2021-07-01,2021-07-02,VN:BSI,0.3333333333333333,-0.1659919028340081,0,0.0,0.16373656202147713,0.28098519799157384,0.1901788058823703,0.15880734745242156,0.0971000910669538,0.27292855760668044,0.3700286486736343
2021-07-01,2021-07-02,VN:CTS,0.3333333333333333,-0.17741935483870974,0,0.0,0.14663708647004015,0.2938354102920118,0.18338183115070555,0.1531315789559954,0.09563190029954613,0.2740192793017411,0.36965117960128724
2021-07-13,2021-07-14,VN:CII,0.3333333333333333,0.034375000000000044,4,2.0,0.32512520774825787,0.27320458670840897,0.18140908535095795,0.1348408420431363,0.08934649558822824,0.3211989903092685,0.41054548589749673
2021-07-13,2021-07-14,VN:VIX,0.3333333333333333,0.01870585989692697,4,1.0,0.20967099346955892,0.27033545962716354,0.19898347111828318,0.15619633742728076,0.0870644058198242,0.2874203260074483,0.37448473182727254
2021-07-13,2021-07-14,VN:SJS,0.3333333333333333,0.06666666666666665,4,3.0,0.19069552386907956,0.2779075010831468,0.1880957405304812,0.15706790078684318,0.09809015311636601,0.2788387044831628,0.37692885759952877
2021-07-23,2021-07-26,VN:VIX,0.3333333333333333,0.03456048084147256,4,2.0,0.20967099346955892,0.27033545962716354,0.19898347111828318,0.15619633742728076,0.0870644058198242,0.2874203260074483,0.37448473182727254
2021-07-23,2021-07-26,VN:HDG,0.3333333333333333,0.13661605206073757,0,4.0,0.16322103279750683,0.28062539247328816,0.18993527479710895,0.15860399012997783,0.09904946762884156,0.2717858749707835,0.37083534259962503
2021-07-23,2021-07-26,VN:VND,0.3333333333333333,0.2326139088729018,0,4.0,0.14337714868319895,0.2806032022878766,0.19677147415855134,0.15859145044231004,0.0953732959581412,0.26866057715312075,0.36403387311126195
2021-08-04,2021-08-05,VN:VCI,0.3333333333333333,0.11985460725075514,0,4.0,0.18360113215743645,0.27933180124065426,0.18905973293587763,0.1578728693882162,0.09494116086556642,0.2787944355696854,0.37373559643525184
2021-08-04,2021-08-05,VN:FRT,0.3333333333333333,0.03585657370517925,0,2.0,0.15759704144599262,0.28159343986516117,0.19059046960927195,0.15915110588706205,0.09731028156496374,0.27135470307354104,0.3686649846385048
2021-08-04,2021-08-05,VN:CTR,0.3333333333333333,-0.029940119760479056,0,0.0,0.1481606447028826,0.28222649027884794,0.19479023539467594,0.15950890662481307,0.09150962122486735,0.2719647464767957,0.363474367701663
2021-08-16,2021-08-17,VN:FRT,0.3333333333333333,-0.050000000000000044,4,0.0,0.22856033997892827,0.28302961166158896,0.1817294034104138,0.15175175440681346,0.08705936242551561,0.2964298680956681,0.3834892305211837
2021-08-16,2021-08-17,VN:DCM,0.3333333333333333,0.05117270788912576,4,2.0,0.2059828310313399,0.276395227366757,0.18707218487453184,0.15621317690293227,0.09755638096397548,0.2827630298918034,0.3803194108557789
2021-08-16,2021-08-17,VN:DIG,0.3333333333333333,-0.008849557522123908,4,1.0,0.19693056335838321,0.277290710130057,0.18767826818461025,0.1567193018412382,0.09787245386458795,0.2804392659795065,0.3783117198440945
2021-08-26,2021-08-27,VN:SJS,0.3333333333333333,-0.04615384615384621,4,0.0,0.20036835671294545,0.2694523394730465,0.20132266435003277,0.15228921515395974,0.09510582152990597,0.28182995949305506,0.37693578102296105
2021-08-26,2021-08-27,VN:FRT,0.3333333333333333,0.13924050632911378,0,4.0,0.14459003086216804,0.281348800987351,0.19729432904633126,0.15901285765348802,0.09122503752764398,0.27111897478518576,0.36234401231282976
2021-08-26,2021-08-27,VN:NKG,0.3333333333333333,0.20637119113573377,0,4.0,0.13763406899989777,0.2915282991476499,0.18979366623941316,0.1519292364753436,0.09488103043908468,0.2718677676985087,0.36674879813759337
2021-09-09,2021-09-10,VN:DCM,0.3333333333333333,0.06653225806451601,0,3.0,0.15500923991203308,0.27995744347572327,0.19322416186332703,0.15822649002075195,0.09881371259689331,0.26977819204330444,0.36859190464019775
2021-09-09,2021-09-10,VN:FRT,0.3333333333333333,0.16117216117216127,0,4.0,0.14562013311326105,0.2786799586212647,0.19896493259176812,0.15750446446226643,0.09630347501327172,0.26854716931142897,0.3648506443247007
2021-09-09,2021-09-10,VN:HCM,0.3333333333333333,-0.06304754404961133,0,0.0,0.14244836356567797,0.27858763518053836,0.19889902772159834,0.15745229784470352,0.09833022805556316,0.2667308111975966,0.3650610392531598
2021-09-21,2021-09-22,VN:FRT,0.3333333333333333,0.023681377825618855,4,2.0,0.2614146840150749,0.27245973728717154,0.18440853999827683,0.15398893791470117,0.08834282790592826,0.3007999568939222,0.3891427847998504
2021-09-21,2021-09-22,VN:EVF,0.3333333333333333,0.17557251908396965,4,4.0,0.20036835671294545,0.2694523394730465,0.20132266435003277,0.15228921515395974,0.09510582152990597,0.28182995949305506,0.37693578102296105
2021-09-21,2021-09-22,VN:HDC,0.3333333333333333,0.24142661179698233,0,4.0,0.15564161307153684,0.2929081277115922,0.18280312146539804,0.15264834236132588,0.09533011771246616,0.2763102907492177,0.3716404084616839
2021-10-01,2021-10-04,VN:DCM,0.3333333333333333,0.17730496453900724,4,4.0,0.23412517283763612,0.2736112753032798,0.18518791954824387,0.1546397495669145,0.09657376187612293,0.28998729370543885,0.3865610555815618
2021-10-01,2021-10-04,VN:DPM,0.3333333333333333,0.2217847769028869,4,4.0,0.2059828310313399,0.276395227366757,0.18707218487453184,0.15621317690293227,0.09755638096397548,0.2827630298918034,0.3803194108557789
2021-10-01,2021-10-04,VN:EVF,0.3333333333333333,0.31818181818181834,4,4.0,0.16787047684192657,0.2725801169872284,0.20365959405899048,0.15405698120594025,0.0962098091840744,0.2734934985637665,0.3697033077478409
2021-10-13,2021-10-14,VN:EVF,0.3333333333333333,0.13548387096774195,4,4.0,0.23412517283763612,0.2736112753032798,0.18518791954824387,0.1546397495669145,0.09657376187612293,0.28998729370543885,0.3865610555815618
2021-10-13,2021-10-14,VN:DPM,0.3333333333333333,0.14427860696517425,4,4.0,0.2059828310313399,0.276395227366757,0.18707218487453184,0.15621317690293227,0.09755638096397548,0.2827630298918034,0.3803194108557789
2021-10-13,2021-10-14,VN:DCM,0.3333333333333333,0.05152979066022567,4,2.0,0.20201230350155092,0.27678800041657686,0.187338027169377,0.15643517906122176,0.0976950242771957,0.28174376907562865,0.3794387933528244
2021-10-25,2021-10-26,VN:FRT,0.3333333333333333,0.2515856236786471,4,4.0,0.18110823021164713,0.2756698152100281,0.19463309790665728,0.155803204743588,0.0973003439404096,0.276593538199317,0.3738938821397266
2021-10-25,2021-10-26,VN:EVF,0.3333333333333333,0.05747126436781613,0,2.0,0.1654694278678127,0.2804029667497565,0.18978474109723392,0.15847827966446518,0.09897096750053666,0.2723630449880077,0.37133401248854436
2021-10-25,2021-10-26,VN:DCM,0.3333333333333333,0.2317460317460318,0,4.0,0.16296493140634194,0.2897284605374302,0.18603063981212198,0.15534345689905094,0.08911991798043312,0.27977752477096374,0.36889744275139685
2021-11-04,2021-11-05,VN:GEX,0.3333333333333333,0.5404175436600489,4,4.0,0.2712569182459781,0.26993805371178725,0.18270178275333182,0.15256372207823188,0.09527725797353132,0.2995191834831177,0.394796441456649
2021-11-04,2021-11-05,VN:SJS,0.3333333333333333,0.10533910533910529,4,4.0,0.20036835671294545,0.2694523394730465,0.20132266435003277,0.15228921515395974,0.09510582152990597,0.28182995949305506,0.37693578102296105
2021-11-04,2021-11-05,VN:DCM,0.3333333333333333,0.1248097412480973,4,4.0,0.19561840901631694,0.2790057596786523,0.1888390737286417,0.15768861418168365,0.09046532756540192,0.28400122484562046,0.3744665524110224
2021-11-16,2021-11-17,VN:HAG,0.3333333333333333,0.11473429951690828,4,4.0,0.30035316049000144,0.2670597354453881,0.18075365779537983,0.1509369566757394,0.09426133053716032,0.3069883195463324,0.40124965008349267
2021-11-16,2021-11-17,VN:SJS,0.3333333333333333,0.0683403068340307,4,3.0,0.20036835671294545,0.2694523394730465,0.20132266435003277,0.15228921515395974,0.09510582152990597,0.28182995949305506,0.37693578102296105
2021-11-16,2021-11-17,VN:TCH,0.3333333333333333,-0.09227467811158796,4,0.0,0.18774454249980083,0.27892083968672304,0.18878159630230054,0.15764062693866443,0.09480149652069421,0.27985544055161776,0.37465693707231196
2021-11-26,2021-11-29,VN:DBC,0.3333333333333333,-0.01692708333333337,4,0.0,0.2340166476814698,0.272182820199558,0.18785820761428618,0.1538324195606081,0.09606958109088554,0.29005697153466214,0.3861265526255477
2021-11-26,2021-11-29,VN:SJS,0.3333333333333333,0.02473958333333348,4,2.0,0.16787047684192657,0.2725801169872284,0.20365959405899048,0.15405698120594025,0.0962098091840744,0.2734934985637665,0.3697033077478409
2021-11-26,2021-11-29,VN:EVF,0.3333333333333333,0.07222222222222219,0,3.0,0.16239896658657443,0.28143462958089455,0.1904830066931696,0.1590613597491586,0.09565588974439934,0.2733651142323779,0.3690210039767773
2021-12-08,2021-12-09,VN:HAG,0.3333333333333333,0.46403242147922996,4,4.0,0.20201230350155092,0.27678800041657686,0.187338027169377,0.15643517906122176,0.0976950242771957,0.28174376907562865,0.3794387933528244
2021-12-08,2021-12-09,VN:EVF,0.3333333333333333,-0.07246376811594202,4,0.0,0.19693056335838321,0.277290710130057,0.18767826818461025,0.1567193018412382,0.09787245386458795,0.2804392659795065,0.3783117198440945
2021-12-08,2021-12-09,VN:SJS,0.3333333333333333,-0.02941176470588236,4,0.0,0.19237246192611634,0.2745682380964827,0.1938553510265157,0.15518062279166647,0.09691153755520396,0.27948425053013115,0.37639578808533514
2021-12-20,2021-12-21,VN:POW,0.3333333333333333,0.02191617559425274,4,1.0,0.23852123819029825,0.2731763862984978,0.18489358793389138,0.1543939790186126,0.0964202707629047,0.2911157759860935,0.3875360467489982
2021-12-20,2021-12-21,VN:EVF,0.3333333333333333,-0.11904761904761907,4,0.0,0.18774454249980083,0.27892083968672304,0.18878159630230054,0.15764062693866443,0.09480149652069421,0.27985544055161776,0.37465693707231196
2021-12-20,2021-12-21,VN:TPB,0.3333333333333333,0.01005025125628145,4,1.0,0.1739471580676311,0.26905304594416984,0.20866680456201442,0.15206353592967295,0.09496489308722159,0.2752517204769212,0.3702166135641428
2021-12-30,2021-12-31,VN:VIX,0.3333333333333333,-0.19029585798816573,4,0.0,0.18774454249980083,0.27892083968672304,0.18878159630230054,0.15764062693866443,0.09480149652069421,0.27985544055161776,0.37465693707231196
2021-12-30,2021-12-31,VN:CTS,0.3333333333333333,-0.17046688382193276,0,0.0,0.1543880661067678,0.2814991835094806,0.19052668341681397,0.15909783897767601,0.09935788287277258,0.2695184112232568,0.3688762940960294
2021-12-30,2021-12-31,VN:TCH,0.3333333333333333,-0.12915967773502357,0,0.0,0.1525070432386768,0.28329488423992033,0.19174206114007486,0.1601127374163811,0.09185603937613934,0.2729942778274843,0.36485031720362365
2022-01-12,2022-01-13,VN:EVF,0.3333333333333333,-0.13385826771653542,4,0.0,0.223554309851612,0.2746569771370742,0.18589569351232507,0.15523077316238323,0.09694285546328343,0.287273700724934,0.3842165561882175
2022-01-12,2022-01-13,VN:SJS,0.3333333333333333,-0.017857142857142905,4,0.0,0.20154517588697113,0.2753781337234656,0.19006357803846036,0.155638349717284,0.09719739709500377,0.2817225414257863,0.3789199385207901
2022-01-12,2022-01-13,VN:STB,0.3333333333333333,0.010086455331411948,4,1.0,0.18110823021164713,0.2756698152100281,0.19463309790665728,0.155803204743588,0.0973003439404096,0.276593538199317,0.3738938821397266
2022-01-24,2022-01-25,VN:HSG,0.3333333333333333,0.222995136296799,4,4.0,0.21351074318619806,0.275286235668845,0.20262754567347602,0.14074339392016513,0.08865885700758866,0.29268396772992517,0.3813428247375138
2022-01-24,2022-01-25,VN:NKG,0.3333333333333333,0.344316309719934,4,4.0,0.17248411219590737,0.27393823453876026,0.20163532791085054,0.1582779860753121,0.08822472262047644,0.27792372885460065,0.3661484514750771
2022-01-24,2022-01-25,VN:SZC,0.3333333333333333,0.08611111111111125,0,3.0,0.12418276909129888,0.2724855562484678,0.21475650530127066,0.15400351698699233,0.09617643875015108,0.26257798271311805,0.35875442146326914
2022-02-10,2022-02-11,VN:SZC,0.3333333333333333,0.0525641025641026,0,2.0,0.11584971013777179,0.2930226602180104,0.1918603614579114,0.1571097064233593,0.09013321183522632,0.2678740600654925,0.35800727190071885
2022-02-10,2022-02-11,VN:FRT,0.3333333333333333,0.3134020618556699,0,4.0,0.1083386043087825,0.29941228701350736,0.18686233878573041,0.15603795996393174,0.08951836279448187,0.2681690514423486,0.3576874142368305
2022-02-10,2022-02-11,VN:NKG,0.3333333333333333,0.3019607843137255,0,4.0,0.09128211843661516,0.28180532597730584,0.2074260038351266,0.16282347728224555,0.0907584022448062,0.25718679066051575,0.34794519290532194
2022-02-22,2022-02-23,VN:DXG,0.3333333333333333,0.03479381443298957,4,2.0,0.19069552386907956,0.2779075010831468,0.1880957405304812,0.15706790078684318,0.09809015311636601,0.2788387044831628,0.37692885759952877
2022-02-22,2022-02-23,VN:HDG,0.3333333333333333,-0.011410675381263502,0,1.0,0.1437070795784548,0.2677743236636491,0.21244301693301712,0.1595407038755977,0.09451356137221907,0.265728394155517,0.3602419555277361
2022-02-22,2022-02-23,VN:SZC,0.3333333333333333,-0.07051282051282048,0,0.0,0.11584971013777179,0.2930226602180104,0.1918603614579114,0.1571097064233593,0.09013321183522632,0.2678740600654925,0.35800727190071885
2022-03-04,2022-03-07,VN:DXG,0.3333333333333333,0.05681818181818166,0,2.0,0.1586947166725206,0.28267926398931836,0.19132541405149422,0.15976481377728005,0.09165643292153526,0.2745740752603721,0.36623050818190733
2022-03-04,2022-03-07,VN:DCM,0.3333333333333333,0.15632754342431765,0,4.0,0.1552927815212724,0.27097887204555976,0.2097669126058655,0.15315197636413538,0.09564463936753034,0.270457599616909,0.3661022389844394
2022-03-04,2022-03-07,VN:SZC,0.3333333333333333,-0.04562268803945757,0,0.0,0.1200100016592443,0.2941151813549521,0.1888472856752979,0.15769546989060237,0.09046926959649816,0.2688727934826494,0.35934206307914757
2022-03-16,2022-03-17,VN:PC1,0.3333333333333333,0.05555555555555536,4,2.0,0.15935283661853022,0.270592119237898,0.20946752712923994,0.15293340157071647,0.09550812698143532,0.27149882508071027,0.3670069520621456
2022-03-16,2022-03-17,VN:DXG,0.3333333333333333,0.04086538461538458,0,2.0,0.1284973724595615,0.27353132382477796,0.21174279328605816,0.1545945738537887,0.09654555685547493,0.2635857521799002,0.36013130903537516
2022-03-16,2022-03-17,VN:VIC,0.3333333333333333,0.030729833546734975,0,2.0,0.12687689065933228,0.2987319529056549,0.1900395303964615,0.14743995666503906,0.08849267661571503,0.2752958834171295,0.36378856003284454
2022-03-28,2022-03-29,VN:ANV,0.3333333333333333,0.017857142857142794,0,1.0,0.13687896932481186,0.2755629163319307,0.20588821479511582,0.1557427816948709,0.09726262237522934,0.26554346480285324,0.3628060871780826
2022-03-28,2022-03-29,VN:PC1,0.3333333333333333,-0.08152734778121773,0,0.0,0.13687896932481186,0.2755629163319307,0.20588821479511582,0.1557427816948709,0.09726262237522934,0.26554346480285324,0.3628060871780826
2022-03-28,2022-03-29,VN:DGW,0.3333333333333333,0.06756504154842213,0,3.0,0.13264617772446174,0.27709012604303374,0.20702927841925745,0.1566059405370219,0.091984128386137,0.2672905266145499,0.3592746550006869
2022-04-07,2022-04-08,VN:CII,0.3333333333333333,-0.2507936507936507,4,0.0,0.21200581166135207,0.26953681700966914,0.19839562032232538,0.15573489317890496,0.08976147123214294,0.2865711982569576,0.37633266948910055
2022-04-07,2022-04-08,VN:TCH,0.3333333333333333,-0.18686868686868696,0,0.0,0.09907981082111461,0.2920612118546755,0.19852014033883914,0.14994084946767128,0.09835551007356874,0.2611222882652453,0.35947779833881405
2022-04-07,2022-04-08,VN:VCI,0.3333333333333333,-0.2648486950489898,0,0.0,0.08690542371148263,0.2944110465531519,0.20258031200976576,0.1511472382164257,0.08863819041720884,0.2632232128034478,0.3518614032206566
2022-04-20,2022-04-21,VN:VCG,0.3333333333333333,-0.2200647249190938,4,0.0,0.3392842212426033,0.2641984184950826,0.1853312822381961,0.13775619659191077,0.09256498377673351,0.320149118898077,0.4127141026748105
2022-04-20,2022-04-21,VN:CTD,0.3333333333333333,-0.3289206663835009,4,0.0,0.25593419337664886,0.2700128692380864,0.19632973096789533,0.13804732930378144,0.09727027432499681,0.29833979616524003,0.39561007049023683
2022-04-20,2022-04-21,VN:TCH,0.3333333333333333,-0.22756410256410253,4,0.0,0.2277986315801841,0.27378457580667304,0.19652338179555995,0.13997565105575582,0.09862900451847162,0.2910873868235395,0.38971639134201114
2022-05-04,2022-05-05,VN:VCG,0.3333333333333333,-0.08445033236128663,4,0.0,0.26961684771167604,0.27058511770825744,0.18981145180902292,0.1410863090970642,0.09747641460987616,0.3010407067757792,0.39851712138565537
2022-05-04,2022-05-05,VN:CTD,0.3333333333333333,-0.15225229933110362,4,0.0,0.22467726803835136,0.2730885188741761,0.19856606719741327,0.13961978464752114,0.09837825742927578,0.2903473718516137,0.3887256292808895
2022-05-04,2022-05-05,VN:TCH,0.3333333333333333,-0.1314102564102564,0,0.0,0.1387086253973432,0.27612520087138415,0.20077406468314124,0.15954158185546344,0.0994721829733903,0.2640869696166208,0.36355915259001115
2022-05-16,2022-05-17,VN:OCB,0.3333333333333333,0.11271676300578015,4,4.0,0.3457370798717221,0.26716745098805017,0.18741400679509346,0.12542639766206143,0.09624522251073436,0.3237469220440605,0.4199921445547949
2022-05-16,2022-05-17,VN:MSB,0.3333333333333333,0.08493150684931505,4,3.0,0.34400522685039286,0.2678746521202925,0.18791009065709804,0.12575839178804177,0.09385298727781353,0.3246038781567541,0.41845686543456767
2022-05-16,2022-05-17,VN:PLX,0.3333333333333333,0.14833759590792828,4,4.0,0.32955217615437243,0.2769245762091193,0.18387917900265485,0.12306070889442103,0.0905630500530742,0.32557248584073056,0.41613553589380475
2022-05-26,2022-05-27,VN:PLX,0.3333333333333333,-0.011750881316098583,4,1.0,0.2528760526543561,0.2805839201851481,0.18630899627736952,0.13848294420900154,0.09175976434171024,0.30286437498677055,0.3946241393284808
2022-05-26,2022-05-27,VN:HSG,0.3333333333333333,-0.216618372621192,4,0.0,0.2284593961101951,0.2745786227411442,0.1970933617027592,0.13748131282683274,0.09891505244627438,0.29193165028298945,0.3908467027292638
2022-05-26,2022-05-27,VN:SHB,0.3333333333333333,-0.11925696594427238,4,0.0,0.2284593961101951,0.2745786227411442,0.1970933617027592,0.13748131282683274,0.09891505244627438,0.29193165028298945,0.3908467027292638
2022-06-07,2022-06-08,VN:HPG,0.3333333333333333,-0.10413541889865008,4,0.0,0.3225119359049778,0.27645672191550497,0.18356851290370563,0.13102575036960096,0.08392657589693593,0.3250224389142525,0.4089490148111884
2022-06-07,2022-06-08,VN:HCM,0.3333333333333333,-0.06795590095788906,4,0.0,0.23066961077840303,0.273571512890711,0.19637044679014543,0.13759666271219662,0.10160052473543511,0.2908608528715118,0.39246137760694694
2022-06-07,2022-06-08,VN:SSI,0.3333333333333333,-0.23144181679478903,4,0.0,0.22997407726846913,0.2717232209340938,0.19504373502149192,0.14256032342315925,0.10177695385280824,0.2888957667684468,0.390672720621255
2022-06-17,2022-06-20,VN:MSB,0.3333333333333333,0.04672897196261694,4,2.0,0.34400522685039286,0.2678746521202925,0.18791009065709804,0.12575839178804177,0.09385298727781353,0.3246038781567541,0.41845686543456767
2022-06-17,2022-06-20,VN:OCB,0.3333333333333333,0.021671826625387247,4,1.0,0.3410046149715438,0.26351049346096445,0.18484869461619335,0.13739749686868863,0.09492782432639729,0.3193154907277562,0.4142433150541535
2022-06-17,2022-06-20,VN:VIB,0.3333333333333333,0.21308950914340707,4,4.0,0.3383471220731735,0.2667827010154724,0.18714410066604614,0.13357789814472198,0.08921463787555695,0.3232806622982025,0.41249530017375946
2022-06-29,2022-06-30,VN:HPG,0.3333333333333333,-0.01756357185097579,4,0.0,0.3011413015510238,0.2786632797022408,0.18503369528825353,0.13207154074364558,0.08459644827691054,0.3196350359889495,0.40423148426586003
2022-06-29,2022-06-30,VN:MSB,0.3333333333333333,0.04347826086956541,4,2.0,0.26961684771167604,0.27058511770825744,0.18981145180902292,0.1410863090970642,0.09747641460987616,0.3010407067757792,0.39851712138565537
2022-06-29,2022-06-30,VN:OCB,0.3333333333333333,0.002865329512893755,4,1.0,0.26961684771167604,0.27058511770825744,0.18981145180902292,0.1410863090970642,0.09747641460987616,0.3010407067757792,0.39851712138565537
2022-07-11,2022-07-12,VN:OCB,0.3333333333333333,0.08059701492537319,4,3.0,0.3392842212426033,0.2641984184950826,0.1853312822381961,0.13775619659191077,0.09256498377673351,0.320149118898077,0.4127141026748105
2022-07-11,2022-07-12,VN:MSB,0.3333333333333333,0.1333333333333333,4,4.0,0.3384329675488256,0.26453881864535467,0.18557005705900362,0.1379336832925599,0.09139583055535337,0.3205616104477284,0.4119574410030818
2022-07-11,2022-07-12,VN:HPG,0.3333333333333333,0.03398413666870037,4,2.0,0.3011413015510238,0.2786632797022408,0.18503369528825353,0.13207154074364558,0.08459644827691054,0.3196350359889495,0.40423148426586003
2022-07-21,2022-07-22,VN:HPG,0.3333333333333333,0.03081846737391092,4,2.0,0.2530634029786765,0.27849789623922416,0.18492388174164648,0.14282062224088246,0.09314486106798467,0.30061273871026223,0.39375759977824687
2022-07-21,2022-07-22,VN:SSI,0.3333333333333333,0.1455069205367805,4,4.0,0.23133741319179535,0.2733340561389923,0.19619999825954437,0.13747723400592804,0.10238030552864075,0.29060840606689453,0.3929887115955353
2022-07-21,2022-07-22,VN:HSG,0.3333333333333333,0.1093053491827638,4,4.0,0.23132730675746044,0.2743514139301864,0.19693027143284275,0.13513806260916497,0.1018901750163708,0.29169007701143507,0.3935802520278059
2022-08-02,2022-08-03,VN:NKG,0.3333333333333333,0.13953488372093026,4,4.0,0.2206642205864739,0.2682108223093117,0.19501943450377657,0.15498724233387615,0.09662110142511647,0.2851613994279191,0.3817825008530356
2022-08-02,2022-08-03,VN:DXS,0.3333333333333333,0.07714285714285718,0,3.0,0.14368283752933048,0.27483762743967316,0.19727928475257003,0.1629567976347922,0.10207074667882343,0.26285554349414114,0.3649262901729646
2022-08-02,2022-08-03,VN:HSG,0.3333333333333333,0.1748699851411588,0,4.0,0.14139346989085483,0.28474307484541944,0.20438945597990538,0.14025670498992063,0.0982816084963323,0.27232915568842225,0.3706107641847546
2022-08-12,2022-08-15,VN:VGC,0.3333333333333333,-0.003016591251885359,0,1.0,0.07562015149280321,0.29864844457322026,0.19175802028359457,0.16012605905438915,0.09186368367177483,0.25760379241702114,0.34946747608879597
2022-08-12,2022-08-15,VN:BCM,0.3333333333333333,0.09753778009379888,0,4.0,-0.205319947162865,0.32404292595514433,0.22728370807420337,0.16298687943777082,0.09350492338850866,0.1921815631443728,0.2856864865328814
2022-08-12,2022-08-15,VN:NKG,0.3333333333333333,0.0367816091954023,0,2.0,-0.2367998475313209,0.3349427828946295,0.21783288988720045,0.16020214318927908,0.1050739719707672,0.18194821205812375,0.28702218402889096
2022-08-24,2022-08-25,VN:VGC,0.3333333333333333,-0.12142857142857144,0,0.0,0.07562015149280321,0.29864844457322026,0.19175802028359457,0.16012605905438915,0.09186368367177483,0.25760379241702114,0.34946747608879597
2022-08-24,2022-08-25,VN:BCM,0.3333333333333333,0.10112399516255244,0,4.0,0.04677007953017709,0.2906381401229459,0.2134365375805933,0.1558311982205153,0.08939973743558713,0.25069438664035837,0.3400941240759455
2022-08-24,2022-08-25,VN:TLG,0.3333333333333333,0.13542118283134852,0,4.0,-0.03672785284572955,0.28936683916027217,0.22442136537714774,0.17240558436210762,0.08749572122472732,0.2263104898757451,0.3138062111004724
2022-09-07,2022-09-08,VN:DGC,0.3333333333333333,-0.1728469274022867,0,0.0,0.12971841640560644,0.27741563526850666,0.20419491979625015,0.16028717279648164,0.09278110483870733,0.2653211673000542,0.3581022721387615
2022-09-07,2022-09-08,VN:VSC,0.3333333333333333,-0.005556716451495025,0,1.0,0.09640106702448531,0.2913493557475411,0.20047359467258447,0.14957539960109292,0.09811578837209625,0.26048586160668524,0.3586016499787815
2022-09-07,2022-09-08,VN:TLG,0.3333333333333333,-0.14393821362594317,0,0.0,-0.022992409251800017,0.2964626484409873,0.21389926491902922,0.16756647450700832,0.09119134192486088,0.2308802702081143,0.3220716121329752
2022-09-19,2022-09-20,VN:DGC,0.3333333333333333,-0.2340414839755266,0,0.0,0.12773452968394278,0.28060661701088335,0.20654367631138576,0.1541043313553806,0.09037234297497783,0.2683730323473725,0.3587453753223503
2022-09-19,2022-09-20,VN:ANV,0.3333333333333333,-0.26269315673289184,0,0.0,0.12671738674167715,0.2783722537998519,0.20489903979153873,0.16083989797771128,0.08965274557988724,0.2662360628510108,0.35588880843089804
2022-09-19,2022-09-20,VN:BCM,0.3333333333333333,-0.09358291669829832,0,0.0,0.07562015149280321,0.29864844457322026,0.19175802028359457,0.16012605905438915,0.09186368367177483,0.25760379241702114,0.34946747608879597
2022-09-29,2022-09-30,VN:DGC,0.3333333333333333,0.08126748649879612,4,3.0,0.21774548358267104,0.26757354541024364,0.19695053238237398,0.15460053662212703,0.09639152498511691,0.28448386060013847,0.38087538558525535
2022-09-29,2022-09-30,VN:ANV,0.3333333333333333,-0.11082138200782266,0,0.0,0.12671738674167715,0.2783722537998519,0.20489903979153873,0.16083989797771128,0.08965274557988724,0.2662360628510108,0.35588880843089804
2022-09-29,2022-09-30,VN:FRT,0.3333333333333333,0.10985915492957754,0,4.0,0.05139062821667184,0.29800035123528884,0.2050500470053429,0.15298993193305674,0.08971881589317107,0.25424085393314044,0.34395966982631154
2022-10-11,2022-10-12,VN:TCB,0.3333333333333333,0.06871397694524517,4,3.0,0.32529136502555156,0.2807313925354805,0.1864069336536646,0.1197967284826962,0.08301687611714942,0.33004806921100927,0.4130649453281587
2022-10-11,2022-10-12,VN:KDH,0.3333333333333333,-0.06557377049180313,4,0.0,0.2317398190498352,0.290071576833725,0.19260884821414948,0.1237824559211731,0.08805976808071136,0.3054773509502411,0.39353711903095245
2022-10-11,2022-10-12,VN:NLG,0.3333333333333333,-0.04033970276008503,4,0.0,0.23163185096061345,0.27839156777865015,0.1998302921665438,0.12550395633649858,0.10028863623523238,0.29598554748307504,0.3962741837183074
2022-10-21,2022-10-24,VN:KDH,0.3333333333333333,-0.15303983228511542,4,0.0,0.34127664838065647,0.2710530242637701,0.19013967186628794,0.12219561255561151,0.08815635258425333,0.3284553387300771,0.4166116913143304
2022-10-21,2022-10-24,VN:TCB,0.3333333333333333,-0.004341670599339431,4,1.0,0.32529136502555156,0.2807313925354805,0.1864069336536646,0.1197967284826962,0.08301687611714942,0.33004806921100927,0.4130649453281587
2022-10-21,2022-10-24,VN:MSN,0.3333333333333333,0.1564171122994653,4,4.0,0.25813491618231194,0.27716644772391175,0.19895092550066334,0.12495166435981797,0.09268707505801096,0.30624388735759595,0.3989309624156069
2022-11-02,2022-11-03,VN:HPG,0.3333333333333333,-0.10096406660823842,4,0.0,0.3413679819687613,0.27101545314421716,0.19011332734912662,0.12217867573296984,0.08828270785736854,0.3284098359163179,0.4166925437736864
2022-11-02,2022-11-03,VN:KDH,0.3333333333333333,-0.04999999999999993,4,0.0,0.3413679819687613,0.27101545314421716,0.19011332734912662,0.12217867573296984,0.08828270785736854,0.3284098359163179,0.4166925437736864
2022-11-02,2022-11-03,VN:VTP,0.3333333333333333,-0.1719561454125793,4,0.0,0.3413679819687613,0.27101545314421716,0.19011332734912662,0.12217867573296984,0.08828270785736854,0.3284098359163179,0.4166925437736864
2022-11-14,2022-11-15,VN:MBB,0.3333333333333333,0.2500000000000002,4,4.0,0.34115101397037506,0.2656521499156952,0.18635103106498718,0.1330118328332901,0.09307430684566498,0.32191067934036255,0.4149849861860275
2022-11-14,2022-11-15,VN:PDR,0.3333333333333333,-0.3176229508196722,4,0.0,0.3036101518985583,0.2830070172844226,0.18791794216877394,0.12076778349972417,0.08368982125253017,0.3246174357945491,0.40830725704707926
2022-11-14,2022-11-15,VN:PLX,0.3333333333333333,0.20943396226415079,4,4.0,0.3036101518985583,0.2830070172844226,0.18791794216877394,0.12076778349972417,0.08368982125253017,0.3246174357945491,0.40830725704707926
2022-11-24,2022-11-25,VN:MBB,0.3333333333333333,0.20700636942675166,4,4.0,0.34153135139192686,0.26391757124478155,0.18513425108345413,0.13606494969274735,0.09507446948605335,0.3198087584929636,0.41488322797901694
2022-11-24,2022-11-25,VN:PDR,0.3333333333333333,0.036101083032491266,4,2.0,0.3413679819687613,0.27101545314421716,0.19011332734912662,0.12217867573296984,0.08828270785736854,0.3284098359163179,0.4166925437736864
2022-11-24,2022-11-25,VN:PLX,0.3333333333333333,0.13636363636363646,4,4.0,0.33874996991828127,0.2668306489761077,0.1871777446988561,0.1330801377731541,0.08957269654314672,0.32333877200873534,0.41291146855188204
2022-12-06,2022-12-07,VN:DIG,0.3333333333333333,-0.12256267409470734,4,0.0,0.23500291213401897,0.27303952792404673,0.19598860132660273,0.13449186487471654,0.10618472415759338,0.2902952817170406,0.396480005874634
2022-12-06,2022-12-07,VN:DXS,0.3333333333333333,-0.1496598639455783,4,0.0,0.23500291213401897,0.27303952792404673,0.19598860132660273,0.13449186487471654,0.10618472415759338,0.2902952817170406,0.396480005874634
2022-12-06,2022-12-07,VN:DXG,0.3333333333333333,-0.0782918149466193,4,0.0,0.23318000585526188,0.2688962696986078,0.19301455350155144,0.14588243607212145,0.10631656171456448,0.28589017901315483,0.3922067407277193
2022-12-16,2022-12-19,VN:DXS,0.3333333333333333,-0.03736920777279529,4,0.0,0.23500291213401897,0.27303952792404673,0.19598860132660273,0.13449186487471654,0.10618472415759338,0.2902952817170406,0.396480005874634
2022-12-16,2022-12-19,VN:DBC,0.3333333333333333,-0.05625000000000002,4,0.0,0.23172229873720257,0.2672153155090707,0.19180795836162506,0.15122179912361203,0.10565194645005385,0.2841029805556384,0.38975492700569225
2022-12-16,2022-12-19,VN:DIG,0.3333333333333333,-0.2210526315789474,4,0.0,0.23096111760975596,0.2683435122421907,0.19261779178109456,0.14937775059607253,0.10435845113334732,0.28530249424729487,0.3896609453806422
2022-12-28,2022-12-29,VN:CTD,0.3333333333333333,0.16362811791383214,4,4.0,0.23500291213401897,0.27303952792404673,0.19598860132660273,0.13449186487471654,0.10618472415759338,0.2902952817170406,0.396480005874634
2022-12-28,2022-12-29,VN:FTS,0.3333333333333333,0.15691014188123997,4,4.0,0.23172644925525115,0.2672201355215887,0.19181142461580897,0.15120649112453324,0.10565385064998492,0.2841080980880842,0.38976194873806913
2022-12-28,2022-12-29,VN:MWG,0.3333333333333333,0.0604651162790697,4,2.0,0.22998706996440887,0.2727619409561157,0.19578933715820312,0.14014871418476105,0.10129986703395844,0.29000014066696167,0.3913000077009201
2023-01-10,2023-01-11,VN:FTS,0.3333333333333333,-0.0158069883527453,4,0.0,0.23172644925525115,0.2672201355215887,0.19181142461580897,0.15120649112453324,0.10565385064998492,0.2841080980880842,0.38976194873806913
2023-01-10,2023-01-11,VN:SIP,0.3333333333333333,0.24458455302859727,4,4.0,0.22575631497255683,0.2763397755400786,0.19835752692127662,0.13611747628712972,0.09538113539027725,0.2938040858612378,0.38918522125151506
2023-01-10,2023-01-11,VN:DGW,0.3333333333333333,0.03143733444862673,4,2.0,0.22444434220591963,0.26975301511033656,0.19362952247924034,0.15263972027539582,0.09717666574962434,0.2868010763854029,0.3839777421350273
2023-01-27,2023-01-30,VN:PDR,0.3333333333333333,-0.2007299270072992,4,0.0,0.22575631497255683,0.2763397755400786,0.19835752692127662,0.13611747628712972,0.09538113539027725,0.2938040858612378,0.38918522125151506
2023-01-27,2023-01-30,VN:DIG,0.3333333333333333,-0.1207430340557275,0,0.0,0.14163374050234445,0.2788302877632507,0.1975965932190672,0.15323887651235701,0.10705590913403101,0.263278333371294,0.37033424250532504
2023-01-27,2023-01-30,VN:EIB,0.3333333333333333,-0.1458597309818893,0,0.0,0.13402338525687735,0.2794098299653803,0.19800728854547872,0.1593836271671001,0.09937371461650304,0.26382553970553785,0.3631992543220409
2023-02-08,2023-02-09,VN:EIB,0.3333333333333333,-0.11736655482982827,4,0.0,0.21829380352138433,0.270768040326952,0.19435810608361423,0.15644627459839863,0.09054737335710138,0.28788020563393374,0.37842757899103513
2023-02-08,2023-02-09,VN:PDR,0.3333333333333333,-0.1578947368421053,4,0.0,0.18569579390501517,0.2849881414693924,0.20456536571455075,0.12847782958621895,0.09283427356558159,0.28913438966425636,0.38196866322983797
2023-02-08,2023-02-09,VN:DGW,0.3333333333333333,-0.09472075484235354,0,0.0,0.14502946395448935,0.27573859897061137,0.19792600123529136,0.15933720886213487,0.10328095483244176,0.2637172360995206,0.36699819093196234
2023-02-20,2023-02-21,VN:PDR,0.3333333333333333,0.008547008547008517,4,1.0,0.17769098281860352,0.28760677576065063,0.20381617546081543,0.12800729274749756,0.09249427914619446,0.2880754768848419,0.3805697560310364
2023-02-20,2023-02-21,VN:BID,0.3333333333333333,-0.02012711864406791,0,0.0,-0.11627240790902044,0.29739086712185786,0.22399543881433312,0.17248176885836689,0.10794550523364897,0.19818641997179315,0.30613192520544213
2023-02-20,2023-02-21,VN:HT1,0.3333333333333333,-0.035598705501618144,0,0.0,-0.14714334466626217,0.3114906456622289,0.21811523383512396,0.17222599171918657,0.10027560292853108,0.1978925258549295,0.29816812878346055
2023-03-02,2023-03-03,VN:BID,0.3333333333333333,-0.010775862068965636,0,1.0,-0.12279479388586861,0.29366189678999627,0.23144640373358732,0.17031902328608964,0.10887131257163454,0.19570136361869223,0.3045726761903268
2023-03-02,2023-03-03,VN:MSN,0.3333333333333333,0.0,0,1.0,-0.19361720690701584,0.3316800544905654,0.21571094966365473,0.15534549720070515,0.1031683220987272,0.1940951765463475,0.29726349864507473
2023-03-02,2023-03-03,VN:VTP,0.3333333333333333,0.0076566951566952035,0,1.0,-0.21227430710400874,0.3375796104787261,0.21675205392205754,0.15609525260400214,0.09454114060507074,0.19503194239014343,0.28957308299521417
2023-03-14,2023-03-15,VN:DIG,0.3333333333333333,0.3545454545454545,4,4.0,0.18463294540421044,0.2803500232022251,0.19867357167586153,0.13858356762118113,0.10158597450883744,0.2808068629918949,0.38239283750073233
2023-03-14,2023-03-15,VN:VHC,0.3333333333333333,0.02181818181818196,0,1.0,0.10226875391202045,0.29392110863445536,0.19722646180947928,0.14708538134268848,0.0989818558248601,0.2627851923885168,0.3617670482133769
2023-03-14,2023-03-15,VN:GEX,0.3333333333333333,0.10500529661016955,0,4.0,0.0959417074918747,0.2958342134952545,0.19598236680030823,0.1468459814786911,0.10020990669727325,0.2611275315284729,0.36133743822574615
2023-03-24,2023-03-27,VN:DGW,0.3333333333333333,-0.00908253808806292,0,1.0,0.11077720091905002,0.2909109039740399,0.19520657055387752,0.1462646893600328,0.10752396445757098,0.2600938716544788,0.3676178361120498
2023-03-24,2023-03-27,VN:VHC,0.3333333333333333,0.041818181818181976,0,2.0,0.1018805056810379,0.29280543327331543,0.19647781550884247,0.15032292902469635,0.09860613942146301,0.26178768277168274,0.36039382219314575
2023-03-24,2023-03-27,VN:DIG,0.3333333333333333,0.27058823529411735,0,4.0,0.10104187653244945,0.2832316181304426,0.20071563274201476,0.15822574614156593,0.10263013171129026,0.2551968712746864,0.35782700298597664
2023-04-05,2023-04-06,VN:BSI,0.3333333333333333,0.10769230769230775,0,4.0,-0.11980380773690491,0.3013314582308273,0.22133359148104792,0.17476725448096353,0.10175519360784296,0.20081250219931823,0.3025676958071612
2023-04-05,2023-04-06,VN:VPB,0.3333333333333333,-0.08728818176864817,0,0.0,-0.13980386926993232,0.2986996881179395,0.2295772965839988,0.16883940133599196,0.11073901916813177,0.19214459479393792,0.3028836139620697
2023-04-05,2023-04-06,VN:LPB,0.3333333333333333,-0.0997357992073975,0,0.0,-0.1445227030204115,0.30464784475279777,0.2273753000870168,0.1650790026736854,0.10827263544364957,0.19462521704285043,0.30289785248650003
2023-04-17,2023-04-18,VN:BSI,0.3333333333333333,0.08148148148148149,0,3.0,-0.18632554679346566,0.31746865028445387,0.22121690708138586,0.17023718737595947,0.10170155245888723,0.18937570279931357,0.29107725525820083
2023-04-17,2023-04-18,VN:DGW,0.3333333333333333,0.050536767513896574,0,2.0,-0.1902348044444679,0.33074017373501735,0.2150996710330346,0.15490528479500756,0.10570969862611,0.19354517181083047,0.2992548704369405
2023-04-17,2023-04-18,VN:MSN,0.3333333333333333,-0.055057618437900135,0,0.0,-0.19361720690701584,0.3316800544905654,0.21571094966365473,0.15534549720070515,0.1031683220987272,0.1940951765463475,0.29726349864507473
2023-04-27,2023-04-28,VN:MSN,0.3333333333333333,-0.026279391424619547,0,0.0,0.14473198775801077,0.28287356459632,0.20304749452216564,0.141634580307426,0.10190323512472432,0.27054112544936404,0.37244436057408836
2023-04-27,2023-04-28,VN:DGW,0.3333333333333333,0.013501163177135123,0,1.0,0.10154881252684578,0.2947765268774589,0.1952816680425281,0.14394615483324114,0.10580170820801177,0.26019394203876,0.3659956502467718
2023-04-27,2023-04-28,VN:CTD,0.3333333333333333,0.11297305556970416,0,4.0,0.022004119560030344,0.3029972545132655,0.192185025091804,0.16671275719897247,0.09706561795475442,0.24103934524120363,0.33810496319595806
2023-05-12,2023-05-15,VN:CTD,0.3333333333333333,-0.015476329631794239,0,0.0,0.1813909384401003,0.2878467397712657,0.18482239268984804,0.15433452793457317,0.08854110407022976,0.2844552355340833,0.37299633960431305
2023-05-12,2023-05-15,VN:BSI,0.3333333333333333,0.13131313131313105,0,4.0,0.0717418880404953,0.2954790360215091,0.19656710766033325,0.15842673536598836,0.09465714755633058,0.2548699733958387,0.3495271209521693
2023-05-12,2023-05-15,VN:BMP,0.3333333333333333,-0.01395070633147455,0,1.0,-0.058221712708473206,0.2982509732246399,0.21943804621696472,0.16857726871967316,0.09174142777919769,0.22199228405952454,0.31373371183872223
2023-05-24,2023-05-25,VN:FTS,0.3333333333333333,-0.015302448391742884,0,0.0,0.14373860405707084,0.27929366883458207,0.19940308627798048,0.1578513305418788,0.09431335751623024,0.2691385568293284,0.3634519143455587
2023-05-24,2023-05-25,VN:BSI,0.3333333333333333,0.05555555555555558,0,2.0,0.11572600728681676,0.2910407738232497,0.19361455450036297,0.15604707366157958,0.09323534230537202,0.2660622557094357,0.3592975980148077
2023-05-24,2023-05-25,VN:CTD,0.3333333333333333,0.015452024145244492,0,1.0,0.07562015149280321,0.29864844457322026,0.19175802028359457,0.16012605905438915,0.09186368367177483,0.25760379241702114,0.34946747608879597
2023-06-05,2023-06-06,VN:NT2,0.3333333333333333,-0.049107142857142794,4,0.0,0.15935283661853022,0.270592119237898,0.20946752712923994,0.15293340157071647,0.09550812698143532,0.27149882508071027,0.3670069520621456
2023-06-05,2023-06-06,VN:VIX,0.3333333333333333,0.15347309136420528,0,4.0,0.13491009418256233,0.28211300514217447,0.18862070930672029,0.1636208681903456,0.10458971915432366,0.261055698206436,0.3656454173607596
2023-06-05,2023-06-06,VN:BSI,0.3333333333333333,0.04907975460122693,0,2.0,0.07912755366239926,0.29751525659182326,0.19103043635325595,0.15951850233309725,0.09530945548308442,0.2566263492387391,0.3519358047218235
2023-06-15,2023-06-16,VN:VIX,0.3333333333333333,0.051698886936145216,0,2.0,0.16278922800405665,0.27985781848218766,0.18941577061140197,0.15817018088951976,0.10287402723541897,0.26968220278147165,0.37255623001689064
2023-06-15,2023-06-16,VN:GEX,0.3333333333333333,-0.005307679548847255,0,1.0,0.0803979876726415,0.28464806716102514,0.20535713893228336,0.1608967369995282,0.09612145489725742,0.2529766020099059,0.34909805690716333
2023-06-15,2023-06-16,VN:CTD,0.3333333333333333,0.04986996395492094,0,2.0,0.07453981375127189,0.2989974751620356,0.19198214375892925,0.1603132110974138,0.09080230105529581,0.2579048689263255,0.3487071699816213
2023-06-27,2023-06-28,VN:HHV,0.3333333333333333,0.03609879670677629,4,2.0,0.16787047684192657,0.2725801169872284,0.20365959405899048,0.15405698120594025,0.0962098091840744,0.2734934985637665,0.3697033077478409
2023-06-27,2023-06-28,VN:VIX,0.3333333333333333,0.16214697203878048,0,4.0,0.15934636087686493,0.2810086843145933,0.19019470683795123,0.15882062556995544,0.09918475674424865,0.2707912265332514,0.36997598327750003
2023-06-27,2023-06-28,VN:GEX,0.3333333333333333,0.03262332726264949,0,2.0,0.15507459807863094,0.28104593302883457,0.19021991676763012,0.16300197828553697,0.09490506742503242,0.27082710449296593,0.36573217191799834
2023-07-07,2023-07-10,VN:DBC,0.3333333333333333,0.026584867075664542,4,2.0,0.23133491897087488,0.2820116600544129,0.18107579783406702,0.15120595806245474,0.09034285761671407,0.2953637264323512,0.38570658404906527
2023-07-07,2023-07-10,VN:VIX,0.3333333333333333,0.3391507489350005,4,4.0,0.19069552386907956,0.2779075010831468,0.1880957405304812,0.15706790078684318,0.09809015311636601,0.2788387044831628,0.37692885759952877
2023-07-07,2023-07-10,VN:CTD,0.3333333333333333,-0.005408273638237482,0,1.0,0.1804688240692502,0.28817096996689523,0.18503059860387291,0.1545083706343555,0.08751440988885782,0.2847756509060186,0.3722900607948764
2023-07-19,2023-07-20,VN:VIX,0.3333333333333333,0.24050482200261958,4,4.0,0.30035316049000144,0.2670597354453881,0.18075365779537983,0.1509369566757394,0.09426133053716032,0.3069883195463324,0.40124965008349267
2023-07-19,2023-07-20,VN:SSI,0.3333333333333333,0.0034859048196422826,4,1.0,0.26157028193562387,0.272402367818285,0.18436970757336296,0.1539565129889097,0.08853475485638515,0.3007366567630572,0.38927141161944234
2023-07-19,2023-07-20,VN:CTD,0.3333333333333333,-0.15057629885906432,0,0.0,0.1804688240692502,0.28817096996689523,0.18503059860387291,0.1545083706343555,0.08751440988885782,0.2847756509060186,0.3722900607948764
2023-07-31,2023-08-01,VN:SSI,0.3333333333333333,-0.026952214452214407,4,0.0,0.2656819850646562,0.2708855746290576,0.18334310427264403,0.15309926183078013,0.09360996960356967,0.2990620896639486,0.39267205926751825
2023-07-31,2023-08-01,VN:VCG,0.3333333333333333,0.0019417475728153999,4,1.0,0.26058461873852284,0.2727659602051085,0.184615788092974,0.15416200229284163,0.0873182104927568,0.301138038916319,0.3884562494090758
2023-07-31,2023-08-01,VN:HPG,0.3333333333333333,-0.07089356423834725,4,0.0,0.2554513326965074,0.26886564092538295,0.18982910827056904,0.1519576288467999,0.09251557152695102,0.2968320504302971,0.3893476219572481
2023-08-10,2023-08-11,VN:LPB,0.3333333333333333,0.11237919926369067,4,4.0,0.2932705441131322,0.26703908442618507,0.18430803304222151,0.15092527529019248,0.09076303785823946,0.30696456938316147,0.39772760724140094
2023-08-10,2023-08-11,VN:VIX,0.3333333333333333,0.23372206025267261,4,4.0,0.2656819850646562,0.2708855746290576,0.18334310427264403,0.15309926183078013,0.09360996960356967,0.2990620896639486,0.39267205926751825
2023-08-10,2023-08-11,VN:TCH,0.3333333333333333,0.1591951455750824,4,4.0,0.23806309700012207,0.27226412296295166,0.18427611887454987,0.1538783609867096,0.10093836486339569,0.2886430323123932,0.3895813971757889
2023-08-22,2023-08-23,VN:LPB,0.3333333333333333,0.04230469763820399,4,2.0,0.30035316049000144,0.2670597354453881,0.18075365779537983,0.1509369566757394,0.09426133053716032,0.3069883195463324,0.40124965008349267
2023-08-22,2023-08-23,VN:VIX,0.3333333333333333,0.13533351683640715,4,4.0,0.2656819850646562,0.2708855746290576,0.18334310427264403,0.15309926183078013,0.09360996960356967,0.2990620896639486,0.39267205926751825
2023-08-22,2023-08-23,VN:TCH,0.3333333333333333,0.10250843725437808,4,4.0,0.2061463237266714,0.2754103859917103,0.186405600506109,0.15565657731634808,0.10210480617064838,0.2804226300151842,0.38252743618583257
2023-09-05,2023-09-06,VN:CTS,0.3333333333333333,-0.060869565217391286,4,0.0,0.30035316049000144,0.2670597354453881,0.18075365779537983,0.1509369566757394,0.09426133053716032,0.3069883195463324,0.40124965008349267
2023-09-05,2023-09-06,VN:LPB,0.3333333333333333,-0.1800709395364184,4,0.0,0.29572913931993067,0.2661101003322035,0.18366684566935437,0.15040022583008486,0.09392614942568986,0.3058966787426674,0.39982282816835724
2023-09-05,2023-09-06,VN:FTS,0.3333333333333333,-0.020813232253618197,4,0.0,0.28810011810138914,0.2626256068246484,0.1896873130626031,0.14843085518800359,0.09736501498047273,0.3018912099442721,0.39925622492474483
2023-09-15,2023-09-18,VN:LPB,0.3333333333333333,-0.12698145025295116,4,0.0,0.30035316049000144,0.2670597354453881,0.18075365779537983,0.1509369566757394,0.09426133053716032,0.3069883195463324,0.40124965008349267
2023-09-15,2023-09-18,VN:CTS,0.3333333333333333,-0.16693163751987294,4,0.0,0.2656819850646562,0.2708855746290576,0.18334310427264403,0.15309926183078013,0.09360996960356967,0.2990620896639486,0.39267205926751825
2023-09-15,2023-09-18,VN:SSI,0.3333333333333333,-0.07183127154735347,4,0.0,0.2656819850646562,0.2708855746290576,0.18334310427264403,0.15309926183078013,0.09360996960356967,0.2990620896639486,0.39267205926751825
2023-09-27,2023-09-28,VN:PVT,0.3333333333333333,0.0018552875695734272,4,1.0,0.1563685403626956,0.2715527314114298,0.2102111350666309,0.15347630703910042,0.09229717059816529,0.2724626558846736,0.3647598264828389
2023-09-27,2023-09-28,VN:VTP,0.3333333333333333,0.021256931608133023,0,1.0,0.14703964551567772,0.2838780305078479,0.19876720159327388,0.15220663064872197,0.09094075181291067,0.27420738543724554,0.3651481372501562
2023-09-27,2023-09-28,VN:NAB,0.3333333333333333,-0.049574694311536494,0,0.0,0.05741220095929955,0.2716508270424044,0.22806978735483707,0.16185032193028157,0.09325177430924268,0.24517728936323424,0.33842906367247694
2023-10-09,2023-10-10,VN:FTS,0.3333333333333333,-0.21620440276563613,0,0.0,0.15759704144599262,0.28159343986516117,0.19059046960927195,0.15915110588706205,0.09731028156496374,0.27135470307354104,0.3686649846385048
2023-10-09,2023-10-10,VN:FRT,0.3333333333333333,-0.09999999999999998,0,0.0,0.15417417483421064,0.28408784309225926,0.2013622120327252,0.15231912178514426,0.08149019810907986,0.2807406249807915,0.36223082308987137
2023-10-09,2023-10-10,VN:VTP,0.3333333333333333,-0.034192640498218574,0,0.0,0.13925448041246363,0.27480448725544965,0.20532156107761657,0.15531414067148405,0.09974720849268481,0.2648126025027649,0.3645598109954497
2023-10-19,2023-10-20,VN:HDC,0.3333333333333333,0.19999999999999996,0,4.0,0.1387086253973432,0.27612520087138415,0.20077406468314124,0.15954158185546344,0.0994721829733903,0.2640869696166208,0.36355915259001115
2023-10-19,2023-10-20,VN:HT1,0.3333333333333333,0.03872226197807738,0,2.0,0.13843859113282309,0.2805860215163519,0.20652852029225885,0.1434529657608435,0.10107916141692573,0.26835333101362,0.36943249243054577
2023-10-19,2023-10-20,VN:HDG,0.3333333333333333,0.12320380489779414,0,4.0,0.1018805056810379,0.29280543327331543,0.19647781550884247,0.15032292902469635,0.09860613942146301,0.26178768277168274,0.36039382219314575
2023-10-31,2023-11-01,VN:VHM,0.3333333333333333,0.002564102564102555,4,1.0,0.3392842212426033,0.2641984184950826,0.1853312822381961,0.13775619659191077,0.09256498377673351,0.320149118898077,0.4127141026748105
2023-10-31,2023-11-01,VN:VIC,0.3333333333333333,0.051851851851851816,4,2.0,0.2626322750943324,0.273172678598558,0.1916265948983028,0.1424354921462796,0.08884573794041378,0.3039194964164458,0.39276523435685956
2023-10-31,2023-11-01,VN:MSN,0.3333333333333333,0.10996563573883145,4,4.0,0.23245559060913012,0.28266960593066814,0.18769391020904413,0.13951234623426456,0.09244185009927935,0.29768228752674375,0.3901241376260231
2023-11-10,2023-11-13,VN:VIC,0.3333333333333333,-0.06340378197997776,4,0.0,0.3289335670053854,0.26124976897613245,0.18326283172088123,0.15394344237699617,0.08496796704971937,0.3165759898762707,0.4015439569259901
2023-11-10,2023-11-13,VN:VHM,0.3333333333333333,-0.03309692671394793,4,0.0,0.2647564435286985,0.2657072345058335,0.18638970652184286,0.15657005297281046,0.09571919946816562,0.29561380653134756,0.39133300599951315
2023-11-10,2023-11-13,VN:MWG,0.3333333333333333,-0.016497461928933865,0,0.0,0.1122198336736846,0.27868145911903275,0.20263277145201541,0.16101855159564726,0.10039306506807405,0.25727415276523047,0.3576672178333045
2023-11-22,2023-11-23,VN:VIC,0.3333333333333333,0.0452380952380953,4,2.0,0.3011413015510238,0.2786632797022408,0.18503369528825353,0.13207154074364558,0.08459644827691054,0.3196350359889495,0.40423148426586003
2023-11-22,2023-11-23,VN:EVF,0.3333333333333333,-0.029940119760478945,4,0.0,0.2059828310313399,0.276395227366757,0.18707218487453184,0.15621317690293227,0.09755638096397548,0.2827630298918034,0.3803194108557789
2023-11-22,2023-11-23,VN:VHM,0.3333333333333333,0.044871794871794934,0,2.0,0.1273861974477768,0.28468039631843567,0.19969907402992249,0.14843575656414032,0.10255412757396698,0.26463064551353455,0.3671847730875015
2023-12-04,2023-12-05,VN:HAG,0.3333333333333333,0.12704918032786883,4,4.0,0.2912384228223797,0.26780691343833635,0.18483796440306358,0.1513592429256552,0.08814871179835927,0.30784716743458557,0.3959958792329448
2023-12-04,2023-12-05,VN:VIC,0.3333333333333333,0.010477299185098765,4,1.0,0.22997715726528828,0.27715417329737285,0.18403163278055737,0.15424485274784486,0.09269544344104165,0.29187389773318323,0.38456934117422487
2023-12-04,2023-12-05,VN:EVF,0.3333333333333333,-0.098314606741573,0,0.0,0.14578405022621155,0.2736843526363373,0.20814917981624603,0.15468105673789978,0.09457714855670929,0.2689082622528076,0.3634854108095169
2023-12-14,2023-12-15,VN:HAG,0.3333333333333333,-0.026022304832713727,4,0.0,0.2656819850646562,0.2708855746290576,0.18334310427264403,0.15309926183078013,0.09360996960356967,0.2990620896639486,0.39267205926751825
2023-12-14,2023-12-15,VN:CII,0.3333333333333333,0.014836795252225699,0,1.0,0.08690542371148263,0.2944110465531519,0.20258031200976576,0.1511472382164257,0.08863819041720884,0.2632232128034478,0.3518614032206566
2023-12-14,2023-12-15,VN:EVF,0.3333333333333333,0.08227848101265822,0,3.0,0.015163541518012108,0.27982513367348016,0.2220037231745,0.16672062129023468,0.0987670167729415,0.23268350508884364,0.33145052186178514
2023-12-26,2023-12-27,VN:HAG,0.3333333333333333,-0.010989010989011061,4,1.0,0.2656819850646562,0.2708855746290576,0.18334310427264403,0.15309926183078013,0.09360996960356967,0.2990620896639486,0.39267205926751825
2023-12-26,2023-12-27,VN:CTD,0.3333333333333333,-0.02157792662853053,0,0.0,0.07670951806104587,0.29573894208086154,0.19674000583753004,0.15856609102858807,0.09096873754938105,0.2579862235036393,0.3489549610530204
2023-12-26,2023-12-27,VN:EVF,0.3333333333333333,0.05919003115264809,0,2.0,0.04611536929183263,0.27929532944106056,0.21661030078843685,0.16640495011813863,0.09587596499735065,0.2418134546550133,0.337689419652364
2024-01-08,2024-01-09,VN:HAG,0.3333333333333333,0.14396887159533067,0,4.0,0.11694785778302169,0.28418346816027956,0.19928212166902243,0.16061495005168094,0.09158073229222398,0.2643387278267931,0.35591946011901704
2024-01-08,2024-01-09,VN:EVF,0.3333333333333333,-0.0805555555555556,0,0.0,0.05052099263993659,0.2804715570702056,0.21331113100101506,0.16710574551435384,0.09627973073095684,0.24283183568346867,0.3391115664144255
2024-01-08,2024-01-09,VN:CTD,0.3333333333333333,-0.014308168457213277,0,1.0,0.014585696052121344,0.300557253505608,0.20356945541821825,0.16114951550104084,0.0924508341219214,0.24227294145321143,0.33472377557513283
2024-01-18,2024-01-19,VN:BSI,0.3333333333333333,0.0,0,1.0,0.1543880661067678,0.2814991835094806,0.19052668341681397,0.15909783897767601,0.09935788287277258,0.2695184112232568,0.3688762940960294
2024-01-18,2024-01-19,VN:HAG,0.3333333333333333,0.003731343283581934,0,1.0,0.1245854664532165,0.2817255300540556,0.1975585102671163,0.15922576426306015,0.09943777470942997,0.262052420706338,0.361490195415768
2024-01-18,2024-01-19,VN:EVF,0.3333333333333333,-0.0674486803519061,0,0.0,0.05052099263993659,0.2804715570702056,0.21331113100101506,0.16710574551435384,0.09627973073095684,0.24283183568346867,0.3391115664144255
2024-01-30,2024-01-31,VN:HAG,0.3333333333333333,-0.15384615384615374,4,0.0,0.23852123819029825,0.2731763862984978,0.18489358793389138,0.1543939790186126,0.0964202707629047,0.2911157759860935,0.3875360467489982
2024-01-30,2024-01-31,VN:SZC,0.3333333333333333,0.1057934508816123,0,4.0,0.15530520214720955,0.27871569160474263,0.19544787122464563,0.1575246704362431,0.09837542181088263,0.26993634492348595,0.3683117667343686
2024-01-30,2024-01-31,VN:HCM,0.3333333333333333,0.05009692888480766,0,2.0,0.1323746487712565,0.28367682657368126,0.1920005934238301,0.1603286081479056,0.10012651011064999,0.26386746174393305,0.36399397185458304
2024-02-16,2024-02-19,VN:GVR,0.3333333333333333,0.08818011257035652,4,3.0,0.2369809264394503,0.27372896263407226,0.18526757977504163,0.15470626719733674,0.0945925698490058,0.29170462054454355,0.3862971903935494
2024-02-16,2024-02-19,VN:SZC,0.3333333333333333,0.027413587604290912,0,2.0,0.130552021703839,0.2842727559168226,0.19240390967720883,0.16066540538273147,0.09823617192750914,0.26442175709572796,0.3626579290232371
2024-02-16,2024-02-19,VN:HCM,0.3333333333333333,0.05009692888480766,0,2.0,0.12809838736350487,0.28260556705610657,0.19505188450371874,0.1597231525100217,0.0997483909055111,0.2628710050246419,0.362619395930153
2024-02-28,2024-02-29,VN:GVR,0.3333333333333333,0.13494809688581322,4,4.0,0.17308555027587574,0.2796233213060104,0.20174961680920073,0.14992539137824204,0.08601160091127155,0.28269006959527526,0.3687016705065468
2024-02-28,2024-02-29,VN:FTS,0.3333333333333333,0.13693687729634907,0,4.0,0.14497387409210205,0.27920353412628174,0.197128027677536,0.15780037641525269,0.09854760766029358,0.267320454120636,0.36586806178092957
2024-02-28,2024-02-29,VN:SZC,0.3333333333333333,0.0,0,1.0,0.11592609348948235,0.283637372526248,0.20025849193141987,0.160306303498847,0.09196708282852856,0.26383074921495653,0.3557978320434851
2024-03-11,2024-03-12,VN:CTS,0.3333333333333333,0.04054054054054057,0,2.0,0.1508050411939621,0.276874840259552,0.19997915625572205,0.15648426115512848,0.09772567451000214,0.26893606781959534,0.3666617423295975
2024-03-11,2024-03-12,VN:GVR,0.3333333333333333,0.11505922165820648,0,4.0,0.12723830342292786,0.28415828943252563,0.20502161979675293,0.15235689282417297,0.08740654587745667,0.2710566520690918,0.35846319794654846
2024-03-11,2024-03-12,VN:FTS,0.3333333333333333,0.029578770496552442,0,2.0,0.12617400013558572,0.2934856822150082,0.18844310151201119,0.15735796680144842,0.09027564116849159,0.2704376083030406,0.36071324947153216
2024-03-21,2024-03-22,VN:TCH,0.3333333333333333,0.1333333333333333,4,4.0,0.16415349271779145,0.2701348344226566,0.20911352180604992,0.1526749420711775,0.0953467108655966,0.2727299908345193,0.3680767017001159
2024-03-21,2024-03-22,VN:DIG,0.3333333333333333,0.04100946372239744,0,2.0,0.12361877503707097,0.2739960571676199,0.2121025339670668,0.15485721941930963,0.09670957249931672,0.2623346169466869,0.35904418944600364
2024-03-21,2024-03-22,VN:CTS,0.3333333333333333,0.022757697456492698,0,1.0,0.12186019776865686,0.2851338365291518,0.1929867253230011,0.1611520785007471,0.09853374139566912,0.26219361825143084,0.36072735964709995
2024-04-02,2024-04-03,VN:CTS,0.3333333333333333,-0.08860759493670889,0,0.0,0.1586947166725206,0.28267926398931836,0.19132541405149422,0.15976481377728005,0.09165643292153526,0.2745740752603721,0.36623050818190733
2024-04-02,2024-04-03,VN:TCH,0.3333333333333333,-0.03416149068322982,0,0.0,0.14070875942707062,0.27519431710243225,0.20561280846595764,0.15553446114063263,0.09713251888751984,0.26652589440345764,0.3636584132909775
2024-04-02,2024-04-03,VN:PDR,0.3333333333333333,-0.17905918057663117,0,0.0,0.1319785357127249,0.2760345514401249,0.2062406149697029,0.15600935417371894,0.09742909234334116,0.26428638707311214,0.3617154794164533
2024-04-12,2024-04-15,VN:TCH,0.3333333333333333,0.0674486803519061,4,3.0,0.1829881132916502,0.27112510598357686,0.20257249323597182,0.1532346296814484,0.09569624740111643,0.2773715236978864,0.37306777109900285
2024-04-12,2024-04-15,VN:CTS,0.3333333333333333,-0.05432098765432103,0,0.0,0.12370654571930917,0.28453432665662987,0.1925809475010351,0.1608132374044288,0.10042915939005734,0.2616423290478489,0.36207148843790626
2024-04-12,2024-04-15,VN:FTS,0.3333333333333333,-0.029289423104506773,0,0.0,0.12043478250179596,0.28559666659238436,0.19329997753128425,0.161413653482395,0.09707050698198,0.26261919541195633,0.35968970239393633
2024-04-25,2024-04-26,VN:FRT,0.3333333333333333,0.07189542483660127,0,3.0,0.012924491973981406,0.28404667126993327,0.21603017401605326,0.16923582049501476,0.09750699706354746,0.23318033715545125,0.3306873342189987
2024-04-25,2024-04-26,VN:EVF,0.3333333333333333,0.1697416974169741,0,4.0,-0.0818989015474424,0.3114712079527024,0.21431917910214568,0.15990572392519076,0.09377448679988773,0.22052940222007344,0.3143038890199612
2024-04-25,2024-04-26,VN:TCH,0.3333333333333333,0.25632911392405044,0,4.0,-0.15780286726061793,0.29920387713914925,0.2358142619701365,0.1691041912004976,0.10560693004141644,0.1902707396488002,0.29587766969021667
2024-05-10,2024-05-13,VN:TCH,0.3333333333333333,0.05913978494623651,4,2.0,0.19693056335838321,0.277290710130057,0.18767826818461025,0.1567193018412382,0.09787245386458795,0.2804392659795065,0.3783117198440945
2024-05-10,2024-05-13,VN:PVT,0.3333333333333333,0.015126050420168236,0,1.0,0.05741220095929955,0.2716508270424044,0.22806978735483707,0.16185032193028157,0.09325177430924268,0.24517728936323424,0.33842906367247694
2024-05-10,2024-05-13,VN:DGC,0.3333333333333333,0.017771773020162085,0,1.0,-0.009738594438710668,0.28620174953642114,0.21766920712097299,0.1705198164361688,0.09824678448210336,0.22736244242433373,0.3256092269064371
2024-05-22,2024-05-23,VN:FTS,0.3333333333333333,0.027800774469221468,0,2.0,0.1821749718325214,0.27728423269626323,0.19137914336190265,0.156715645218524,0.09787017779148982,0.27675080093182025,0.37462097872331007
2024-05-22,2024-05-23,VN:TCH,0.3333333333333333,0.0181347150259068,0,1.0,0.1654694278678127,0.2804029667497565,0.18978474109723392,0.15847827966446518,0.09897096750053666,0.2723630449880077,0.37133401248854436
2024-05-22,2024-05-23,VN:CTS,0.3333333333333333,0.054147465437788034,0,2.0,0.1543880661067678,0.2814991835094806,0.19052668341681397,0.15909783897767601,0.09935788287277258,0.2695184112232568,0.3688762940960294
2024-06-03,2024-06-04,VN:TCH,0.3333333333333333,-0.015075376884422176,0,1.0,0.1654694278678127,0.2804029667497565,0.18978474109723392,0.15847827966446518,0.09897096750053666,0.2723630449880077,0.37133401248854436
2024-06-03,2024-06-04,VN:GVR,0.3333333333333333,-0.05714285714285705,0,0.0,0.1319785357127249,0.2760345514401249,0.2062406149697029,0.15600935417371894,0.09742909234334116,0.26428638707311214,0.3617154794164533
2024-06-03,2024-06-04,VN:DBC,0.3333333333333333,-0.021067415730337102,0,0.0,0.12361877503707097,0.2739960571676199,0.2121025339670668,0.15485721941930963,0.09670957249931672,0.2623346169466869,0.35904418944600364
2024-06-13,2024-06-14,VN:TCH,0.3333333333333333,-0.007633587786259666,0,1.0,0.1543880661067678,0.2814991835094806,0.19052668341681397,0.15909783897767601,0.09935788287277258,0.2695184112232568,0.3688762940960294
2024-06-13,2024-06-14,VN:FTS,0.3333333333333333,-0.09895805925380208,0,0.0,0.12361877503707097,0.2739960571676199,0.2121025339670668,0.15485721941930963,0.09670957249931672,0.2623346169466869,0.35904418944600364
2024-06-13,2024-06-14,VN:GVR,0.3333333333333333,-0.00990099009901002,0,1.0,0.12361877503707097,0.2739960571676199,0.2121025339670668,0.15485721941930963,0.09670957249931672,0.2623346169466869,0.35904418944600364
2024-06-25,2024-06-26,VN:GEE,0.3333333333333333,0.04996366279069764,0,2.0,0.1532388369760176,0.28145050373411545,0.1942546622249187,0.15907032432249954,0.09263951124311585,0.27258499847535045,0.3652245097184663
2024-06-25,2024-06-26,VN:VND,0.3333333333333333,-0.027439024390243927,0,0.0,0.07252840114820891,0.29473436537536307,0.20033716113128874,0.1513132188762699,0.09925573541050559,0.25435951920657274,0.3536152546170783
2024-06-25,2024-06-26,VN:TCH,0.3333333333333333,0.027707808564231717,0,2.0,-0.014369264673270793,0.2922695068201276,0.21278697886428175,0.16518502429679108,0.10315937111256633,0.22659911890623327,0.3297584900187996
2024-07-05,2024-07-08,VN:GEE,0.3333333333333333,-0.14940163534954232,4,0.0,0.26258778180796233,0.26937132672412206,0.1859177174282414,0.1522434182130781,0.09507723010961369,0.2973903075249447,0.39246753763455844
2024-07-05,2024-07-08,VN:DXG,0.3333333333333333,-0.05999999999999983,0,0.0,0.13698107208283355,0.277632002199173,0.20435418493083396,0.15247072506652362,0.10001500099919738,0.26552808680427203,0.36554308780346945
2024-07-05,2024-07-08,VN:LPB,0.3333333333333333,-0.08697983255660491,0,0.0,0.007558151966957027,0.2855909126163883,0.21720465694062924,0.17015588029986797,0.09260050814449029,0.23444804199862418,0.32704855014311446
2024-07-17,2024-07-18,VN:GEE,0.3333333333333333,-0.20412474289843796,0,0.0,0.15500923991203308,0.27995744347572327,0.19322416186332703,0.15822649002075195,0.09881371259689331,0.26977819204330444,0.36859190464019775
2024-07-17,2024-07-18,VN:DXG,0.3333333333333333,-0.022222222222222365,0,0.0,0.14130432903766632,0.2812923192977905,0.20453116297721863,0.1438140720129013,0.1013336032629013,0.26902884244918823,0.37036244571208954
2024-07-17,2024-07-18,VN:DXS,0.3333333333333333,0.02752293577981635,0,2.0,0.1018805056810379,0.29280543327331543,0.19647781550884247,0.15032292902469635,0.09860613942146301,0.26178768277168274,0.36039382219314575
2024-07-29,2024-07-30,VN:LPB,0.3333333333333333,0.05708810553054944,0,2.0,0.011747442273404074,0.2843853852479561,0.216287793340443,0.16943761832593096,0.09643080157362521,0.23345840151204467,0.3298892030856699
2024-07-29,2024-07-30,VN:DXS,0.3333333333333333,0.06927175843694489,0,3.0,-0.06508743762969971,0.3096746802330017,0.20779740810394287,0.15898340940475464,0.10428708791732788,0.2192574143409729,0.3235445022583008
2024-07-29,2024-07-30,VN:PDR,0.3333333333333333,-0.020460358056266004,0,0.0,-0.19418186839060392,0.3293885315164069,0.21699895126371793,0.15752676246707709,0.1033315591762331,0.19275419557656492,0.296085754752798
2024-08-08,2024-08-09,VN:PDR,0.3333333333333333,0.23988439306358367,4,4.0,0.2277986315801841,0.27378457580667304,0.19652338179555995,0.13997565105575582,0.09862900451847162,0.2910873868235395,0.38971639134201114
2024-08-08,2024-08-09,VN:DXS,0.3333333333333333,0.09454545454545449,0,4.0,0.14249427830821731,0.280172337585228,0.20110855247420995,0.1506869587791354,0.10007447376569831,0.26795767739572834,0.3680321511614266
2024-08-08,2024-08-09,VN:DXG,0.3333333333333333,0.19230769230769207,0,4.0,0.1018805056810379,0.29280543327331543,0.19647781550884247,0.15032292902469635,0.09860613942146301,0.26178768277168274,0.36039382219314575
2024-08-20,2024-08-21,VN:HAG,0.3333333333333333,-0.014150943396226467,0,1.0,0.13517434492187663,0.2756764806605434,0.2029147832717066,0.15928230705015936,0.09846859876905087,0.2636578302485397,0.3621264290175906
2024-08-20,2024-08-21,VN:PDR,0.3333333333333333,0.03422982885085557,0,2.0,0.09869228974959032,0.29091870568008193,0.19774357827198819,0.15326611583481642,0.09797076062879889,0.2601008395843145,0.3580716002131134
2024-08-20,2024-08-21,VN:EVF,0.3333333333333333,-0.08399999999999985,0,0.0,0.09640106702448531,0.2913493557475411,0.20047359467258447,0.14957539960109292,0.09811578837209625,0.26048586160668524,0.3586016499787815
2024-08-30,2024-09-04,VN:DXS,0.3333333333333333,-0.013445378151260567,0,1.0,0.1410524015050203,0.27568188104270486,0.19788528831388585,0.16345736262606558,0.09931247607385757,0.2636629919434861,0.36297546801734365
2024-08-30,2024-09-04,VN:EVF,0.3333333333333333,-0.05327868852459028,0,0.0,0.13643626665418945,0.2765276986877963,0.20354135031191484,0.15584182507035396,0.0996171817240539,0.264471944205881,0.3640891259299349
2024-08-30,2024-09-04,VN:HAG,0.3333333333333333,-0.014084507042253502,0,1.0,0.12970904357514557,0.27741861550076763,0.20419711026696197,0.1602888864300317,0.09277138928153655,0.2653239985207021,0.35809538780223865
2024-09-13,2024-09-16,VN:DXS,0.3333333333333333,-0.02249134948096887,0,0.0,0.14147445348688287,0.2781670648132702,0.19966916442410404,0.15676571195176672,0.09935821444752493,0.2660398443633341,0.36539805881085907
2024-09-13,2024-09-16,VN:VIX,0.3333333333333333,0.0442360728075013,0,2.0,0.1018805056810379,0.29280543327331543,0.19647781550884247,0.15032292902469635,0.09860613942146301,0.26178768277168274,0.36039382219314575
2024-09-13,2024-09-16,VN:EVF,0.3333333333333333,0.008620689655172376,0,1.0,0.09869228974959032,0.29091870568008193,0.19774357827198819,0.15326611583481642,0.09797076062879889,0.2601008395843145,0.3580716002131134
2024-09-25,2024-09-26,VN:BMP,0.3333333333333333,0.011333398077109758,0,1.0,-0.11693526320759795,0.298121548402046,0.2374459260131253,0.16850410778457167,0.08551574689557583,0.2104126709046812,0.295928417800257
2024-09-25,2024-09-26,VN:CMG,0.3333333333333333,0.009723704494248864,0,1.0,-0.1663880372999315,0.3219583678537364,0.21112875954998672,0.1742453452087245,0.09467256210256461,0.19799496528498778,0.2926675273875524
2024-09-25,2024-09-26,VN:DXS,0.3333333333333333,-0.07718120805369122,0,0.0,-0.19193676716136354,0.3303062295145822,0.21481744784997814,0.15796564401711788,0.10361944806859308,0.19329123054972863,0.2969106786183217
2024-10-07,2024-10-08,VN:CMG,0.3333333333333333,0.021921607746770322,0,1.0,-0.009801447099404115,0.3060366420138883,0.2006878644022982,0.16562842829142724,0.08999074727324405,0.23765631801914222,0.3276470652923863
2024-10-07,2024-10-08,VN:LPB,0.3333333333333333,0.014179354191065752,0,1.0,-0.200022071599138,0.2898901294957798,0.25958456622121606,0.17271737110922594,0.09704052295384843,0.18076741021992973,0.27780793317377817
2024-10-07,2024-10-08,VN:HCM,0.3333333333333333,-0.07715409669641715,0,0.0,-0.20923454470362168,0.2969639621448812,0.24932195431978965,0.17693197859027965,0.09816549046460904,0.17861661448044042,0.27678210494504946
2024-10-17,2024-10-18,VN:BMP,0.3333333333333333,0.004612971676353883,0,1.0,-0.15555538932481666,0.3069629806412599,0.23103306730239395,0.17350146950042855,0.08805190420382787,0.20045057835208974,0.2885024825559176
2024-10-17,2024-10-18,VN:EVF,0.3333333333333333,0.04716981132075482,0,2.0,-0.19418186839060392,0.3293885315164069,0.21699895126371793,0.15752676246707709,0.1033315591762331,0.19275419557656492,0.296085754752798
2024-10-17,2024-10-18,VN:VTP,0.3333333333333333,0.19416882427673166,0,4.0,-0.2040036855934952,0.32460932956310123,0.22434463428423898,0.16087924954655022,0.10047037600069117,0.18969641060541836,0.2901667866061095
2024-10-29,2024-10-30,VN:BMP,0.3333333333333333,-0.1034516234367967,0,0.0,-0.11511724184936489,0.3067456415277949,0.22131850820812937,0.17337862759727327,0.08798955929302664,0.21056766337377586,0.2985572226668025
2024-10-29,2024-10-30,VN:VTP,0.3333333333333333,0.32665011189797366,0,4.0,-0.13894985181726183,0.2990449733818689,0.23568901946445597,0.16901438315989933,0.0969628787851977,0.1992887452085781,0.2962516239937758
2024-10-29,2024-10-30,VN:GEE,0.3333333333333333,-0.03245078071961982,0,0.0,-0.20267481205854698,0.33502375829947173,0.21474276323063102,0.16022176921202413,0.09395983000129587,0.1960518792565772,0.29001170925787306
2024-11-08,2024-11-11,VN:VTP,0.3333333333333333,0.2125049015267464,0,4.0,0.1174351936769844,0.2943781294347485,0.1890161172373882,0.15783646585169087,0.09055014632232378,0.2682191411538486,0.35876928747617237
2024-11-08,2024-11-11,VN:GEE,0.3333333333333333,-0.04472382522671059,0,0.0,-0.21222401522922468,0.3317351540406002,0.22123456832067465,0.16280425599800777,0.0900986018747508,0.19412741976596654,0.2842260216407173
2024-11-08,2024-11-11,VN:SZC,0.3333333333333333,-0.04460093896713635,0,0.0,-0.24368448192351336,0.3001517608739173,0.2519983313679944,0.17883127661300782,0.09921926112146287,0.16979937002361759,0.26901863114508046
2024-11-20,2024-11-21,VN:VTP,0.3333333333333333,0.2555162478573252,0,4.0,0.08161738271661445,0.298035970388771,0.19136477436528282,0.15979769349701126,0.09167529369368274,0.2591262680552522,0.35080156174893495
2024-11-20,2024-11-21,VN:VIX,0.3333333333333333,0.048551191242755865,0,2.0,-0.18824957267379655,0.3310334209737711,0.20548117926274162,0.16958437001646942,0.10120232035228313,0.1926987093947347,0.2939010297470178
2024-11-20,2024-11-21,VN:GEX,0.3333333333333333,0.06592017337908618,0,3.0,-0.20296829345053646,0.33365103850998756,0.2044829890465959,0.17092533536944787,0.10200256930293566,0.18893806777103295,0.2909406370739686
2024-12-02,2024-12-03,VN:VTP,0.3333333333333333,0.04166837173139082,0,2.0,0.08161738271661445,0.298035970388771,0.19136477436528282,0.15979769349701126,0.09167529369368274,0.2591262680552522,0.35080156174893495
2024-12-02,2024-12-03,VN:DXS,0.3333333333333333,0.03337783711615483,0,2.0,-0.19896171390236694,0.29276848057484983,0.24579954330473797,0.1812434507999081,0.10409539270472074,0.1760931326157833,0.28018852532050403
2024-12-02,2024-12-03,VN:GEE,0.3333333333333333,0.009349154980222929,0,1.0,-0.25088732876544695,0.3357546950560413,0.2239152209752442,0.1605713230414042,0.0973695002300255,0.18238926069728478,0.2797587609273103
2024-12-12,2024-12-13,VN:VTP,0.3333333333333333,0.0602960207052734,0,2.0,0.08161738271661445,0.298035970388771,0.19136477436528282,0.15979769349701126,0.09167529369368274,0.2591262680552522,0.35080156174893495
2024-12-12,2024-12-13,VN:ANV,0.3333333333333333,-0.04187192118226579,0,0.0,-0.1921541034590758,0.29363203267478966,0.25125634857458135,0.17494680117776096,0.09706407112675958,0.1831007464461084,0.280164817572868
2024-12-12,2024-12-13,VN:DXS,0.3333333333333333,-0.09387222946544982,0,0.0,-0.19391713747505637,0.2946122244803276,0.24104989705905472,0.18238484587691953,0.10475094460322046,0.17720208798047768,0.28195303258369814
2024-12-24,2024-12-25,VN:VTP,0.3333333333333333,0.0566537480281224,0,2.0,0.08161738271661445,0.298035970388771,0.19136477436528282,0.15979769349701126,0.09167529369368274,0.2591262680552522,0.35080156174893495
2024-12-24,2024-12-25,VN:BMP,0.3333333333333333,-0.07840091007878291,0,0.0,-0.10800023216008797,0.2892166333017255,0.24281753237817388,0.16796487319521794,0.09337615827655556,0.20662480284832713,0.30000096112488267
2024-12-24,2024-12-25,VN:GEE,0.3333333333333333,-0.0596816092719642,0,0.0,-0.24000846981989635,0.331719393555531,0.22122408120000242,0.1627965396225968,0.10406277918722065,0.18019720643464912,0.28425998562186977
2025-01-06,2025-01-07,VN:VTP,0.3333333333333333,0.049292006990762305,0,2.0,0.030486100103395364,0.31527847756322797,0.1866642427443916,0.15587254216982147,0.08942345729671695,0.252761280225842,0.34218473752255896
2025-01-06,2025-01-07,VN:EVF,0.3333333333333333,0.09294117647058808,0,3.0,-0.004124738245273041,0.30631202231115084,0.20086845605918424,0.1591920989812009,0.09575725275458952,0.23787016989387444,0.33362742264846396
2025-01-06,2025-01-07,VN:GEE,0.3333333333333333,0.22098053352559477,0,4.0,-0.2410099136528398,0.33310346802760754,0.22214711540498985,0.15930339219262027,0.10449696765849091,0.1809490567162914,0.28544602437478234
2025-01-16,2025-01-17,VN:VTP,0.3333333333333333,-0.011905992625521167,0,1.0,0.08161738271661445,0.298035970388771,0.19136477436528282,0.15979769349701126,0.09167529369368274,0.2591262680552522,0.35080156174893495
2025-01-16,2025-01-17,VN:LPB,0.3333333333333333,0.198750135462197,0,4.0,-0.2202225236578098,0.2947699703665825,0.263954250038011,0.17562478649895796,0.08184065608798968,0.18381033700845884,0.2656509930964485
2025-01-16,2025-01-17,VN:GEE,0.3333333333333333,0.5701112206110095,0,4.0,-0.24983663670353526,0.33434856685285047,0.2229774644146293,0.16408683726385617,0.0969617164945986,0.18162541497406545,0.27858713146866404
2025-02-04,2025-02-05,VN:GEE,0.3333333333333333,0.527763964859937,4,4.0,0.16422955825069702,0.2724516588281222,0.20356360809640556,0.15801743574375526,0.09260270399590194,0.27336459333581503,0.36596729733171696
2025-02-04,2025-02-05,VN:VTP,0.3333333333333333,-0.09509148115968935,0,0.0,0.030486100103395364,0.31527847756322797,0.1866642427443916,0.15587254216982147,0.08942345729671695,0.252761280225842,0.34218473752255896
2025-02-04,2025-02-05,VN:LPB,0.3333333333333333,0.04987700673226292,0,2.0,-0.2202225236578098,0.2947699703665825,0.263954250038011,0.17562478649895796,0.08184065608798968,0.18381033700845884,0.2656509930964485
2025-02-14,2025-02-17,VN:GEE,0.3333333333333333,0.37726098191214463,4,4.0,0.2614146840150749,0.27245973728717154,0.18440853999827683,0.15398893791470117,0.08834282790592826,0.3007999568939222,0.3891427847998504
2025-02-14,2025-02-17,VN:VTP,0.3333333333333333,-0.012824128752489838,0,1.0,0.06823068552178052,0.2965967224569594,0.19731063258749398,0.15902600471559145,0.09123257884833609,0.25583406139161907,0.34706664023995515
2025-02-14,2025-02-17,VN:LPB,0.3333333333333333,-0.05601502620497445,0,0.0,-0.21097179932934354,0.29826691302259395,0.25522231675353174,0.17770828041868983,0.08281156297308857,0.18599092683209587,0.26880248980518445
2025-02-26,2025-02-27,VN:GEE,0.3333333333333333,0.06784373194685145,0,3.0,0.1174351936769844,0.2943781294347485,0.1890161172373882,0.15783646585169087,0.09055014632232378,0.2682191411538486,0.35876928747617237
2025-02-26,2025-02-27,VN:CTD,0.3333333333333333,-0.09071737584806538,0,0.0,-0.037752486484106784,0.2957075216195917,0.2220373286155065,0.16713966304704797,0.08482328739148909,0.2302921993263647,0.3151154867178538
2025-02-26,2025-02-27,VN:VTP,0.3333333333333333,-0.016731549739087193,0,0.0,-0.1336460391633802,0.2976523891441168,0.23459148057413876,0.1682273273434143,0.10116809455799916,0.19836070838033099,0.2995288029383302
2025-03-10,2025-03-11,VN:GEE,0.3333333333333333,0.02945920147460579,0,2.0,0.05167521690354393,0.30813307488361225,0.18861216868794467,0.15749915413555962,0.09035663575996863,0.25539896653291483,0.3457556022928835
2025-03-10,2025-03-11,VN:FTS,0.3333333333333333,-0.0039364267086553495,0,1.0,-0.0581158084238825,0.2822630023281872,0.2369794476932452,0.1703002998143345,0.0939910532834812,0.21646619688075194,0.31045725016423315
2025-03-10,2025-03-11,VN:CTD,0.3333333333333333,-0.06900682001515557,0,0.0,-0.08760766423917818,0.2995784193403,0.22494385466146902,0.16932756694175102,0.09097872403327453,0.21517143502320543,0.30615015905647996
2025-03-20,2025-03-21,VN:GEE,0.3333333333333333,0.03850738361697892,0,2.0,0.05167521690354393,0.30813307488361225,0.18861216868794467,0.15749915413555962,0.09035663575996863,0.25539896653291483,0.3457556022928835
2025-03-20,2025-03-21,VN:SJS,0.3333333333333333,-0.10999999999999976,0,0.0,-0.11987669765949249,0.30397218465805054,0.22824299335479736,0.16747255623340607,0.09231306612491608,0.20799919962882996,0.30031226575374603
2025-03-20,2025-03-21,VN:FTS,0.3333333333333333,-0.15109576106942313,0,0.0,-0.14257169622607407,0.29830394841861957,0.23759121130744168,0.17073991131455102,0.0942336874797782,0.19913124147960953,0.2933649289593877
2025-04-01,2025-04-02,VN:CMG,0.3333333333333333,-0.18418424131731392,0,0.0,0.0698903927239658,0.29400946813793577,0.20230396979141324,0.15094105449494558,0.09901161196793282,0.2537338956077726,0.35274550757570544
2025-04-01,2025-04-02,VN:GEE,0.3333333333333333,0.20714691584064648,0,4.0,0.05167521690354393,0.30813307488361225,0.18861216868794467,0.15749915413555962,0.09035663575996863,0.25539896653291483,0.3457556022928835
2025-04-01,2025-04-02,VN:CTR,0.3333333333333333,-0.15485829959514186,0,0.0,-0.04179248089216711,0.3172713125565257,0.19693865785185521,0.1625342022617399,0.09003933995844901,0.23321648737143016,0.3232558273298792
2025-04-14,2025-04-15,VN:CTR,0.3333333333333333,0.026436781609195492,4,2.0,0.25948407364181075,0.27381758329811007,0.19207900274211928,0.13999254241546838,0.09156718582637832,0.30254368571792395,0.39411087154430224
2025-04-14,2025-04-15,VN:CMG,0.3333333333333333,0.005967995802728332,4,1.0,0.2277986315801841,0.27378457580667304,0.19652338179555995,0.13997565105575582,0.09862900451847162,0.2910873868235395,0.38971639134201114
2025-04-14,2025-04-15,VN:VTP,0.3333333333333333,0.008948903851598189,0,1.0,0.12488878239194778,0.2789551553363691,0.20532810229074727,0.16117669281713606,0.08774647665590472,0.26679357289984285,0.3545400495557476
2025-04-24,2025-04-25,VN:CTR,0.3333333333333333,0.10421545667447307,4,4.0,0.25388165752501535,0.2725995799347727,0.19567281153554328,0.13936981662638348,0.09115987338989878,0.3011979185134017,0.3923577919033005
2025-04-24,2025-04-25,VN:CMG,0.3333333333333333,0.09217176058032805,4,3.0,0.2277986315801841,0.27378457580667304,0.19652338179555995,0.13997565105575582,0.09862900451847162,0.2910873868235395,0.38971639134201114
2025-04-24,2025-04-25,VN:VTP,0.3333333333333333,0.06110913072261548,4,2.0,0.2080638647680273,0.2708851715243248,0.1993880882813639,0.15651396033550768,0.08520802173918501,0.28800475811961856,0.3732127798588036
2025-05-09,2025-05-12,VN:VTP,0.3333333333333333,-0.06386459598936611,4,0.0,0.2080638647680273,0.2708851715243248,0.1993880882813639,0.15651396033550768,0.08520802173918501,0.28800475811961856,0.3732127798588036
2025-05-09,2025-05-12,VN:CMG,0.3333333333333333,0.007410551057717374,0,1.0,0.14302260322969873,0.2812110609357533,0.201854163491167,0.14753814701161447,0.10044549854601167,0.26895113001545357,0.36939662856146527
2025-05-09,2025-05-12,VN:CTR,0.3333333333333333,-0.03739316239316248,0,0.0,0.03602090585294082,0.288077273609557,0.2020819545412646,0.17419779819839593,0.09633575666951408,0.23930721698126844,0.33564297365078255
2025-05-21,2025-05-22,VN:VTP,0.3333333333333333,0.08369675824974543,0,3.0,0.12488632276315459,0.2789498054668249,0.20532414929044693,0.16119282428004814,0.08774478995039434,0.26678843101228567,0.35453322096268003
2025-05-21,2025-05-22,VN:CMG,0.3333333333333333,0.03941282281896452,0,2.0,0.07731205340194786,0.2946038588077405,0.19768460389501757,0.1520009510517262,0.10146369191205043,0.2542468943334653,0.35571058624551577
2025-05-21,2025-05-22,VN:GEE,0.3333333333333333,0.007068308575846283,0,1.0,-0.0003845095691756284,0.325688694800268,0.18382627045849367,0.15350271990154266,0.08806389701461638,0.24891841782507923,0.3369823148396956
2025-06-02,2025-06-03,VN:VTP,0.3333333333333333,0.04343461298971962,0,2.0,0.12488878239194778,0.2789551553363691,0.20532810229074727,0.16117669281713606,0.08774647665590472,0.26679357289984285,0.3545400495557476
2025-06-02,2025-06-03,VN:CTR,0.3333333333333333,0.09634551495016619,0,4.0,0.04156055860695726,0.28669138461240895,0.2011097728709978,0.17245764259438323,0.10158524953192848,0.2381559503902815,0.33974119992220997
2025-06-02,2025-06-03,VN:GEE,0.3333333333333333,0.018353054817676906,0,1.0,0.030486100103395364,0.31527847756322797,0.1866642427443916,0.15587254216982147,0.08942345729671695,0.252761280225842,0.34218473752255896
2025-06-12,2025-06-13,VN:SIP,0.3333333333333333,0.05837587900972929,0,2.0,0.12497244961518722,0.27928615032562837,0.19591510587804178,0.16457152611868867,0.10061089844421892,0.25961631923342227,0.3602272176776412
2025-06-12,2025-06-13,VN:DXS,0.3333333333333333,0.014301430143014437,0,1.0,0.11075456770523096,0.2771235787011259,0.20705426356358123,0.1566435294343093,0.10273994811594332,0.25643868018504024,0.35917862830098357
2025-06-12,2025-06-13,VN:GEE,0.3333333333333333,-0.012204381724910673,0,1.0,0.030486100103395364,0.31527847756322797,0.1866642427443916,0.15587254216982147,0.08942345729671695,0.252761280225842,0.34218473752255896
2025-06-24,2025-06-25,VN:VTP,0.3333333333333333,0.0962480000962358,0,4.0,0.08964995906278556,0.29352032700895775,0.20196741518426814,0.15070792808073866,0.09137748045656859,0.26242684926946686,0.3538043297260354
2025-06-24,2025-06-25,VN:DXS,0.3333333333333333,0.12222222222222223,0,4.0,0.08478856768616605,0.2796141186385295,0.20891508304390993,0.15805131079218304,0.10366328728449875,0.24975620024087875,0.3534194875253775
2025-06-24,2025-06-25,VN:GEE,0.3333333333333333,0.06969217755875112,0,3.0,0.07848832931715977,0.29905141068364854,0.19201676976718238,0.16034213066865796,0.08858057309494703,0.26000911578556407,0.3485896888805111
2025-07-04,2025-07-07,VN:DXS,0.3333333333333333,0.26086956521739135,0,4.0,0.11879630563849669,0.28184652748475264,0.19899410305908477,0.1592941605939591,0.09905608145976189,0.2608091274024416,0.3598652088622035
2025-07-04,2025-07-07,VN:GEE,0.3333333333333333,0.27459488011469735,0,4.0,0.11864364803847938,0.28617825890944704,0.19369360660244817,0.16174235819472105,0.09523177821016476,0.26315399808321893,0.3583857762933837
2025-07-04,2025-07-07,VN:DXG,0.3333333333333333,0.1637426900584793,0,4.0,-0.004005804657936096,0.2779732942581177,0.23337794840335846,0.16561727225780487,0.09188786149024963,0.23114362359046936,0.323031485080719
2025-07-16,2025-07-17,VN:DXS,0.3333333333333333,0.10144927536231885,4,4.0,0.20157880792491478,0.2779855893841737,0.18814858425549175,0.1571120415396715,0.09228139175661754,0.2844723930640455,0.376753784820663
2025-07-16,2025-07-17,VN:GEE,0.3333333333333333,0.059128814049520306,0,2.0,0.14663708647004015,0.2938354102920118,0.18338183115070555,0.1531315789559954,0.09563190029954613,0.2740192793017411,0.36965117960128724
2025-07-16,2025-07-17,VN:TCH,0.3333333333333333,-0.01449275362318836,0,1.0,0.09694965472667383,0.2746224187201982,0.2088626089353147,0.16362081955733357,0.10181267862953779,0.2510814741576157,0.3528941527871535
2025-07-28,2025-07-29,VN:DXS,0.3333333333333333,0.08860759493670889,0,3.0,0.17436047158182372,0.27952343642001504,0.18918943687065598,0.157981189459282,0.09866051522881561,0.2746454220212314,0.373305937250047
2025-07-28,2025-07-29,VN:GEE,0.3333333333333333,-0.007791803023219579,0,1.0,0.030486100103395364,0.31527847756322797,0.1866642427443916,0.15587254216982147,0.08942345729671695,0.252761280225842,0.34218473752255896
2025-07-28,2025-07-29,VN:VSC,0.3333333333333333,0.474541751527495,0,4.0,0.024573378081818142,0.2824189343868275,0.21479222018426491,0.16826601201097657,0.09968251660702737,0.23484031681090356,0.33452283341793093
2025-08-07,2025-08-08,VN:DXS,0.3333333333333333,0.04938271604938271,4,2.0,0.20201230350155092,0.27678800041657686,0.187338027169377,0.15643517906122176,0.0976950242771957,0.28174376907562865,0.3794387933528244
2025-08-07,2025-08-08,VN:VSC,0.3333333333333333,0.20038535645472066,0,4.0,0.15326463773693066,0.2907190983903207,0.18666670143604355,0.15587459853011218,0.08942463448847758,0.277314967155046,0.3667396016435236
2025-08-07,2025-08-08,VN:SJS,0.3333333333333333,-0.08169014084507042,0,0.0,0.09032789276515946,0.297146423033465,0.19079361218781526,0.15932073411289158,0.09140167048878985,0.2613375601770383,0.35273923066582813
2025-08-19,2025-08-20,VN:DXS,0.3333333333333333,0.03846153846153855,4,2.0,0.20201230350155092,0.27678800041657686,0.187338027169377,0.15643517906122176,0.0976950242771957,0.28174376907562865,0.3794387933528244
2025-08-19,2025-08-20,VN:EVF,0.3333333333333333,-0.14968152866242035,0,0.0,0.16340750455856323,0.28466182947158813,0.19266724586486816,0.15682274103164673,0.08607307076454163,0.27977511286735535,0.365848183631897
2025-08-19,2025-08-20,VN:PDR,0.3333333333333333,-0.08949416342412453,0,0.0,0.15326463773693066,0.2907190983903207,0.18666670143604355,0.15587459853011218,0.08942463448847758,0.277314967155046,0.3667396016435236
2025-08-29,2025-09-03,VN:DXS,0.3333333333333333,-0.019305019305019266,0,0.0,0.15934636087686493,0.2810086843145933,0.19019470683795123,0.15882062556995544,0.09918475674424865,0.2707912265332514,0.36997598327750003
2025-08-29,2025-09-03,VN:SJS,0.3333333333333333,0.09559939301972675,0,4.0,0.11201113957141762,0.2961873047906018,0.19017776421805252,0.15880648436829856,0.08496091324923381,0.2698675333738133,0.35482844662304713
2025-08-29,2025-09-03,VN:ANV,0.3333333333333333,0.0202578268876612,0,1.0,0.09286042372033321,0.2968877874082907,0.1906275465386178,0.15918207287178987,0.0913221172341862,0.2619804759471154,0.3533025931813016
2025-09-12,2025-09-15,VN:DXS,0.3333333333333333,-0.1470588235294118,4,0.0,0.19069552386907956,0.2779075010831468,0.1880957405304812,0.15706790078684318,0.09809015311636601,0.2788387044831628,0.37692885759952877
2025-09-12,2025-09-15,VN:ANV,0.3333333333333333,0.08056042031523636,0,3.0,0.12524841912460954,0.28600681254277843,0.1935775904890536,0.1616454744584184,0.09273536641501436,0.2660347560947352,0.35877012250974954
2025-09-12,2025-09-15,VN:GEX,0.3333333333333333,-0.045456942466909345,0,0.0,0.10285662421156838,0.2781036877066996,0.2115102771374666,0.15717877916034398,0.09452374561201768,0.25868351038347215,0.35320725599548985
2025-09-24,2025-09-25,VN:DXS,0.3333333333333333,-0.11538461538461542,4,0.0,0.17853575944900513,0.2750694155693054,0.1963871717453003,0.15546387434005737,0.09708842635154724,0.2759911119937897,0.3730795383453369
2025-09-24,2025-09-25,VN:CII,0.3333333333333333,0.2418032786885247,0,4.0,0.13007031574950095,0.29433519086741194,0.18898853941244692,0.15781343218406188,0.084429637855733,0.27443319968034624,0.3588628375360792
2025-09-24,2025-09-25,VN:GEX,0.3333333333333333,0.19811060162421978,0,4.0,0.0884262200720971,0.28457976235687027,0.2031771154158448,0.16083892169114714,0.09672487070336552,0.2546793298327723,0.35140420053613786
2025-10-06,2025-10-07,VN:ANV,0.3333333333333333,-0.05852852270872999,4,0.0,0.26258778180796233,0.26937132672412206,0.1859177174282414,0.1522434182130781,0.09507723010961369,0.2973903075249447,0.39246753763455844
2025-10-06,2025-10-07,VN:GEX,0.3333333333333333,-0.13043820933165207,0,0.0,0.13775509827751314,0.2920417378827282,0.1888373721824075,0.15219681888085534,0.09504813346832494,0.271875937585684,0.3669240710540089
2025-10-06,2025-10-07,VN:VHM,0.3333333333333333,0.03700097370983446,0,2.0,0.07612414771503434,0.27645793969121485,0.21440974197402213,0.16471442825666707,0.09490195058140086,0.2495159394966951,0.344417890078096
2025-10-16,2025-10-17,VN:GEX,0.3333333333333333,-0.3104128786198944,0,0.0,0.17944096907556784,0.2904573104564645,0.18127356604690525,0.1513710927320353,0.0945324681291913,0.2823655626354036,0.3768980307645949
2025-10-16,2025-10-17,VN:PDR,0.3333333333333333,-0.16349809885931565,0,0.0,0.15495050415249179,0.278832712138674,0.19552994357138703,0.15759081118079457,0.09799686366310309,0.27004966944604125,0.36804653310914437
2025-10-16,2025-10-17,VN:TCH,0.3333333333333333,-0.14901960784313717,0,0.0,0.14070875942707062,0.27519431710243225,0.20561280846595764,0.15553446114063263,0.09713251888751984,0.26652589440345764,0.3636584132909775
2025-10-28,2025-10-29,VN:GEE,0.3333333333333333,-0.05111426935907304,0,0.0,0.030486100103395364,0.31527847756322797,0.1866642427443916,0.15587254216982147,0.08942345729671695,0.252761280225842,0.34218473752255896
2025-10-28,2025-10-29,VN:VIC,0.3333333333333333,-0.00045433893684687643,0,1.0,0.030486100103395364,0.31527847756322797,0.1866642427443916,0.15587254216982147,0.08942345729671695,0.252761280225842,0.34218473752255896
2025-10-28,2025-10-29,VN:LPB,0.3333333333333333,-0.06157052952258779,0,0.0,-0.03142392728996066,0.29390419405413254,0.2206832683290025,0.166120385113966,0.09040436418069495,0.228887788322204,0.31929215250289894
2025-11-07,2025-11-10,VN:GEX,0.3333333333333333,0.059163202006203175,0,2.0,0.09128211843661516,0.28180532597730584,0.2074260038351266,0.16282347728224555,0.0907584022448062,0.25718679066051575,0.34794519290532194
2025-11-07,2025-11-10,VN:DXS,0.3333333333333333,0.031991744066047545,0,2.0,0.08690542371148263,0.2944110465531519,0.20258031200976576,0.1511472382164257,0.08863819041720884,0.2632232128034478,0.3518614032206566
2025-11-07,2025-11-10,VN:VIC,0.3333333333333333,0.3039559339008513,0,4.0,0.030486100103395364,0.31527847756322797,0.1866642427443916,0.15587254216982147,0.08942345729671695,0.252761280225842,0.34218473752255896
2025-11-19,2025-11-20,VN:VSC,0.3333333333333333,-0.0513392857142857,4,0.0,0.20967099346955892,0.27033545962716354,0.19898347111828318,0.15619633742728076,0.0870644058198242,0.2874203260074483,0.37448473182727254
2025-11-19,2025-11-20,VN:VIX,0.3333333333333333,-0.0800075836572186,4,0.0,0.17248411219590737,0.27393823453876026,0.20163532791085054,0.1582779860753121,0.08822472262047644,0.27792372885460065,0.3661484514750771
2025-11-19,2025-11-20,VN:VGC,0.3333333333333333,-0.07197382769901861,0,0.0,0.10899441932874365,0.2768236460571806,0.20375918307362162,0.16413434216680398,0.0997237957952275,0.2555590329071663,0.3552828287023938
2025-12-01,2025-12-02,VN:VCI,0.3333333333333333,0.05388553968122878,4,2.0,0.22831096905006515,0.277629728948627,0.18434740328271085,0.15485448904552326,0.09079365296969334,0.29237472575344553,0.38316837872313886
2025-12-01,2025-12-02,VN:VND,0.3333333333333333,0.098901098901099,4,4.0,0.21200581166135207,0.26953681700966914,0.19839562032232538,0.15573489317890496,0.08976147123214294,0.2865711982569576,0.37633266948910055
2025-12-01,2025-12-02,VN:VSC,0.3333333333333333,-0.05882352941176472,4,0.0,0.20967099346955892,0.27033545962716354,0.19898347111828318,0.15619633742728076,0.0870644058198242,0.2874203260074483,0.37448473182727254
2025-12-11,2025-12-12,VN:VSC,0.3333333333333333,-0.07547169811320742,4,0.0,0.2080638647680273,0.2708851715243248,0.1993880882813639,0.15651396033550768,0.08520802173918501,0.28800475811961856,0.3732127798588036
2025-12-11,2025-12-12,VN:VIX,0.3333333333333333,-0.10254722236289049,4,0.0,0.17248411219590737,0.27393823453876026,0.20163532791085054,0.1582779860753121,0.08822472262047644,0.27792372885460065,0.3661484514750771
2025-12-11,2025-12-12,VN:DXS,0.3333333333333333,-0.08307692307692316,0,0.0,0.12937377200463757,0.27752548042646824,0.2042757838327321,0.16035064815952407,0.09242187302676032,0.26542621455451526,0.35784808758127556
2025-12-23,2025-12-24,VN:VSC,0.3333333333333333,0.05528846153846145,4,2.0,0.20967099346955892,0.27033545962716354,0.19898347111828318,0.15619633742728076,0.0870644058198242,0.2874203260074483,0.37448473182727254
2025-12-23,2025-12-24,VN:VIX,0.3333333333333333,0.05022559373295632,4,2.0,0.17528270538264423,0.27301179752472493,0.20095341948523926,0.15774270539560828,0.09130825643297456,0.2769838211614529,0.3682920775944275
2025-12-23,2025-12-24,VN:HDC,0.3333333333333333,-0.22692783505154634,0,0.0,0.1387086253973432,0.27612520087138415,0.20077406468314124,0.15954158185546344,0.0994721829733903,0.2640869696166208,0.36355915259001115
2026-01-06,2026-01-07,VN:PAN,0.3333333333333333,0.1179730799683294,4,4.0,0.23102017548620185,0.2776564276916853,0.19930262269667914,0.1278131864126567,0.10002381801534241,0.2952039451836364,0.3952277631989788
2026-01-06,2026-01-07,VN:HDC,0.3333333333333333,-0.03451191797473696,4,0.0,0.2277986315801841,0.27378457580667304,0.19652338179555995,0.13997565105575582,0.09862900451847162,0.2910873868235395,0.38971639134201114
2026-01-06,2026-01-07,VN:CTS,0.3333333333333333,0.012889675904953934,4,1.0,0.22467726803835136,0.2730885188741761,0.19856606719741327,0.13961978464752114,0.09837825742927578,0.2903473718516137,0.3887256292808895
2026-01-16,2026-01-19,VN:HDC,0.3333333333333333,-0.011711371363808065,4,1.0,0.22467726803835136,0.2730885188741761,0.19856606719741327,0.13961978464752114,0.09837825742927578,0.2903473718516137,0.3887256292808895
2026-01-16,2026-01-19,VN:PAN,0.3333333333333333,0.07093660685002101,4,3.0,0.22467726803835136,0.2730885188741761,0.19856606719741327,0.13961978464752114,0.09837825742927578,0.2903473718516137,0.3887256292808895
2026-01-16,2026-01-19,VN:CTS,0.3333333333333333,-0.11239738206030336,4,0.0,0.22169164153474036,0.2724227647844369,0.2005198627787808,0.13927941231845933,0.09813842323628699,0.289639536882036,0.387777960118323
2026-01-28,2026-01-29,VN:HDC,0.3333333333333333,-0.011602416724589615,4,1.0,0.22467726803835136,0.2730885188741761,0.19856606719741327,0.13961978464752114,0.09837825742927578,0.2903473718516137,0.3887256292808895
2026-01-28,2026-01-29,VN:CTS,0.3333333333333333,0.027519139250982816,4,2.0,0.22169164153474036,0.2724227647844369,0.2005198627787808,0.13927941231845933,0.09813842323628699,0.289639536882036,0.387777960118323
2026-01-28,2026-01-29,VN:DXG,0.3333333333333333,0.039457921533393225,4,2.0,0.22169164153474036,0.2724227647844369,0.2005198627787808,0.13927941231845933,0.09813842323628699,0.289639536882036,0.387777960118323
2026-02-09,2026-02-10,VN:HDC,0.3333333333333333,-0.17421124828532242,4,0.0,0.23081009319104057,0.2727109728892675,0.1957527504320573,0.13944339440516992,0.10214692870944153,0.2899459535640638,0.3920928822735053
2026-02-09,2026-02-10,VN:CTS,0.3333333333333333,-0.05336288466456396,4,0.0,0.22467726803835136,0.2730885188741761,0.19856606719741327,0.13961978464752114,0.09837825742927578,0.2903473718516137,0.3887256292808895
2026-02-09,2026-02-10,VN:DXG,0.3333333333333333,-0.12329286798179062,0,0.0,0.13843859113282309,0.2805860215163519,0.20652852029225885,0.1434529657608435,0.10107916141692573,0.26835333101362,0.36943249243054577
2026-02-26,2026-02-27,VN:HDC,0.3333333333333333,-0.16626285468152702,4,0.0,0.2277986315801841,0.27378457580667304,0.19652338179555995,0.13997565105575582,0.09862900451847162,0.2910873868235395,0.38971639134201114
2026-02-26,2026-02-27,VN:PVD,0.3333333333333333,-0.016042780748663166,0,0.0,0.1481258783629098,0.29248344680306726,0.18779955664426418,0.15682057919486925,0.08389846173004462,0.27899795562775465,0.36289641735779926
2026-02-26,2026-02-27,VN:CTS,0.3333333333333333,-0.17294623828863243,0,0.0,0.14130432903766632,0.2812923192977905,0.20453116297721863,0.1438140720129013,0.1013336032629013,0.26902884244918823,0.37036244571208954
2026-03-10,2026-03-11,VN:CTS,0.3333333333333333,-0.01619060760774571,4,0.0,0.2277986315801841,0.27378457580667304,0.19652338179555995,0.13997565105575582,0.09862900451847162,0.2910873868235395,0.38971639134201114
2026-03-10,2026-03-11,VN:DIG,0.3333333333333333,0.13095238095238093,4,4.0,0.2277986315801841,0.27378457580667304,0.19652338179555995,0.13997565105575582,0.09862900451847162,0.2910873868235395,0.38971639134201114
2026-03-10,2026-03-11,VN:DXG,0.3333333333333333,0.09808468607747134,4,4.0,0.2277986315801841,0.27378457580667304,0.19652338179555995,0.13997565105575582,0.09862900451847162,0.2910873868235395,0.38971639134201114
2026-03-20,2026-03-23,VN:CTS,0.3333333333333333,0.05333917872278238,4,2.0,0.2277986315801841,0.27378457580667304,0.19652338179555995,0.13997565105575582,0.09862900451847162,0.2910873868235395,0.38971639134201114
2026-03-20,2026-03-23,VN:DXS,0.3333333333333333,0.22435897435897423,4,4.0,0.2277986315801841,0.27378457580667304,0.19652338179555995,0.13997565105575582,0.09862900451847162,0.2910873868235395,0.38971639134201114
2026-03-20,2026-03-23,VN:HDC,0.3333333333333333,0.09136889122438241,4,3.0,0.2277986315801841,0.27378457580667304,0.19652338179555995,0.13997565105575582,0.09862900451847162,0.2910873868235395,0.38971639134201114
2026-04-01,2026-04-02,VN:CTS,0.3333333333333333,-0.053376410629777826,4,0.0,0.2277986315801841,0.27378457580667304,0.19652338179555995,0.13997565105575582,0.09862900451847162,0.2910873868235395,0.38971639134201114
2026-04-01,2026-04-02,VN:HDC,0.3333333333333333,-0.013339890576012703,4,1.0,0.2277986315801841,0.27378457580667304,0.19652338179555995,0.13997565105575582,0.09862900451847162,0.2910873868235395,0.38971639134201114
2026-04-01,2026-04-02,VN:DXG,0.3333333333333333,0.017326927620697763,4,1.0,0.22066826712580123,0.2682157913035859,0.19502303477256563,0.15497162129877992,0.09662288668483342,0.2851666659402351,0.38178955262506853
2026-04-13,2026-04-14,VN:VRE,0.3333333333333333,0.32486388384754994,0,4.0,0.12618586232981294,0.27720447961681366,0.2040394961232022,0.16436014824569004,0.0892766551781199,0.2651192208361742,0.35439587601429406
2026-04-13,2026-04-14,VN:BMP,0.3333333333333333,0.12387641557826612,0,4.0,-0.004723332927897617,0.30543003168918265,0.2028069541485672,0.16315082080254303,0.08844644774004327,0.24016574561966386,0.32861219335970715
2026-04-13,2026-04-14,VN:FPT,0.3333333333333333,-0.03947070044152767,0,0.0,-0.05470673658390729,0.3173385811248633,0.19698041383951287,0.162568656167855,0.09619310354898716,0.22691924531878166,0.32311234886776885
2026-04-23,2026-04-24,VN:FPT,0.3333333333333333,0.0027015963978713753,4,1.0,0.2661141981516539,0.2838209057992967,0.18055379928808807,0.1400805604481864,0.08616219717747561,0.30938253728695325,0.39554473446442884
2026-04-23,2026-04-24,VN:PLX,0.3333333333333333,0.06870229007633588,0,3.0,0.10945299104671197,0.27798819127696467,0.20461636476790362,0.1606179898885192,0.10014331191564632,0.2566341421509662,0.35677745406661254
2026-04-23,2026-04-24,VN:CTS,0.3333333333333333,0.04865667353096104,0,2.0,0.10218828612004849,0.28979029387860616,0.1969765664048026,0.15267163060094027,0.10146954353244472,0.25909196558320624,0.360561509115651
2026-05-08,2026-05-11,VN:FPT,0.3333333333333333,0.009545563498441823,4,1.0,0.31074185105388913,0.2791878366228293,0.17760646872539726,0.1377939026890368,0.08475569143163238,0.3206561005311042,0.4054117919627366
2026-05-08,2026-05-11,VN:PLX,0.3333333333333333,0.09042553191489366,4,3.0,0.21774548358267104,0.26757354541024364,0.19695053238237398,0.15460053662212703,0.09639152498511691,0.28448386060013847,0.38087538558525535
2026-05-08,2026-05-11,VN:GAS,0.3333333333333333,0.17001338688085688,4,4.0,0.20888948162398085,0.2719599963417648,0.2001792386214265,0.1531671170853179,0.08554611546276768,0.2891475324887231,0.3746936479514908
2026-05-20,2026-05-21,VN:DGC,0.3333333333333333,,0,,0.13843597265428348,0.2849559145427359,0.2045422314920689,0.1426772155958829,0.0952919409380564,0.2725326974312559,0.36782463836931234
2026-05-20,2026-05-21,VN:PC1,0.3333333333333333,,0,,0.09907981082111461,0.2920612118546755,0.19852014033883914,0.14994084946767128,0.09835551007356874,0.2611222882652453,0.35947779833881405
2026-05-20,2026-05-21,VN:VHM,0.3333333333333333,,0,,0.03350348720694357,0.30010994821623044,0.19964781106043145,0.16090968011454224,0.09231324356327587,0.24701931704552,0.33933256060879585
