date,equity,portfolio_return,drawdown
2018-01-02,100000000.0,0.0,0.0
2018-01-03,100000000.0,0.0,0.0
2018-01-04,100000000.0,0.0,0.0
2018-01-05,100000000.0,0.0,0.0
2018-01-08,100000000.0,0.0,0.0
2018-01-09,100000000.0,0.0,0.0
2018-01-10,100000000.0,0.0,0.0
2018-01-11,100000000.0,0.0,0.0
2018-01-12,100000000.0,0.0,0.0
2018-01-15,100000000.0,0.0,0.0
2018-01-16,100000000.0,0.0,0.0
2018-01-17,100000000.0,0.0,0.0
2018-01-18,100000000.0,0.0,0.0
2018-01-19,100000000.0,0.0,0.0
2018-01-22,100000000.0,0.0,0.0
2018-01-23,100000000.0,0.0,0.0
2018-01-24,100000000.0,0.0,0.0
2018-01-25,100000000.0,0.0,0.0
2018-01-26,100000000.0,0.0,0.0
2018-01-29,100000000.0,0.0,0.0
2018-01-30,100000000.0,0.0,0.0
2018-01-31,100000000.0,0.0,0.0
2018-02-01,100000000.0,0.0,0.0
2018-02-02,100000000.0,0.0,0.0
2018-02-05,100000000.0,0.0,0.0
2018-02-06,100000000.0,0.0,0.0
2018-02-07,100000000.0,0.0,0.0
2018-02-08,100000000.0,0.0,0.0
2018-02-09,100000000.0,0.0,0.0
2018-02-12,100000000.0,0.0,0.0
2018-02-13,100000000.0,0.0,0.0
2018-02-21,100000000.0,0.0,0.0
2018-02-22,100000000.0,0.0,0.0
2018-02-23,100000000.0,0.0,0.0
2018-02-26,100000000.0,0.0,0.0
2018-02-27,100000000.0,0.0,0.0
2018-02-28,100000000.0,0.0,0.0
2018-03-01,100000000.0,0.0,0.0
2018-03-02,100000000.0,0.0,0.0
2018-03-05,100000000.0,0.0,0.0
2018-03-06,100000000.0,0.0,0.0
2018-03-07,100000000.0,0.0,0.0
2018-03-08,100000000.0,0.0,0.0
2018-03-09,100000000.0,0.0,0.0
2018-03-12,100000000.0,0.0,0.0
2018-03-13,100000000.0,0.0,0.0
2018-03-14,100000000.0,0.0,0.0
2018-03-15,100000000.0,0.0,0.0
2018-03-16,100000000.0,0.0,0.0
2018-03-19,100000000.0,0.0,0.0
2018-03-20,100000000.0,0.0,0.0
2018-03-21,100000000.0,0.0,0.0
2018-03-22,100000000.0,0.0,0.0
2018-03-23,100000000.0,0.0,0.0
2018-03-26,100000000.0,0.0,0.0
2018-03-27,100000000.0,0.0,0.0
2018-03-28,100000000.0,0.0,0.0
2018-03-29,100000000.0,0.0,0.0
2018-03-30,100000000.0,0.0,0.0
2018-04-02,100000000.0,0.0,0.0
2018-04-03,100000000.0,0.0,0.0
2018-04-04,100000000.0,0.0,0.0
2018-04-05,100000000.0,0.0,0.0
2018-04-06,100000000.0,0.0,0.0
2018-04-09,100000000.0,0.0,0.0
2018-04-10,100000000.0,0.0,0.0
2018-04-11,100000000.0,0.0,0.0
2018-04-12,100000000.0,0.0,0.0
2018-04-13,100000000.0,0.0,0.0
2018-04-16,100000000.0,0.0,0.0
2018-04-17,100000000.0,0.0,0.0
2018-04-18,100000000.0,0.0,0.0
2018-04-19,100000000.0,0.0,0.0
2018-04-20,100000000.0,0.0,0.0
2018-04-23,100000000.0,0.0,0.0
2018-04-24,100000000.0,0.0,0.0
2018-04-26,100000000.0,0.0,0.0
2018-04-27,100000000.0,0.0,0.0
2018-05-02,100000000.0,0.0,0.0
2018-05-03,100000000.0,0.0,0.0
2018-05-04,100000000.0,0.0,0.0
2018-05-07,100000000.0,0.0,0.0
2018-05-08,100000000.0,0.0,0.0
2018-05-09,100000000.0,0.0,0.0
2018-05-10,100000000.0,0.0,0.0
2018-05-11,100000000.0,0.0,0.0
2018-05-14,100000000.0,0.0,0.0
2018-05-15,100000000.0,0.0,0.0
2018-05-16,100000000.0,0.0,0.0
2018-05-17,100000000.0,0.0,0.0
2018-05-18,100000000.0,0.0,0.0
2018-05-21,100000000.0,0.0,0.0
2018-05-22,100000000.0,0.0,0.0
2018-05-23,100000000.0,0.0,0.0
2018-05-24,100000000.0,0.0,0.0
2018-05-25,100000000.0,0.0,0.0
2018-05-28,100000000.0,0.0,0.0
2018-05-29,100000000.0,0.0,0.0
2018-05-30,100000000.0,0.0,0.0
2018-05-31,100000000.0,0.0,0.0
2018-06-01,100000000.0,0.0,0.0
2018-06-04,100000000.0,0.0,0.0
2018-06-05,100000000.0,0.0,0.0
2018-06-06,100000000.0,0.0,0.0
2018-06-07,100000000.0,0.0,0.0
2018-06-08,100000000.0,0.0,0.0
2018-06-11,100000000.0,0.0,0.0
2018-06-12,100000000.0,0.0,0.0
2018-06-13,100000000.0,0.0,0.0
2018-06-14,100000000.0,0.0,0.0
2018-06-15,100000000.0,0.0,0.0
2018-06-18,100000000.0,0.0,0.0
2018-06-19,100000000.0,0.0,0.0
2018-06-20,100000000.0,0.0,0.0
2018-06-21,100000000.0,0.0,0.0
2018-06-22,100000000.0,0.0,0.0
2018-06-25,100000000.0,0.0,0.0
2018-06-26,100000000.0,0.0,0.0
2018-06-27,100000000.0,0.0,0.0
2018-06-28,100000000.0,0.0,0.0
2018-06-29,100000000.0,0.0,0.0
2018-07-02,100000000.0,0.0,0.0
2018-07-03,100000000.0,0.0,0.0
2018-07-04,100000000.0,0.0,0.0
2018-07-05,100000000.0,0.0,0.0
2018-07-06,100000000.0,0.0,0.0
2018-07-09,100000000.0,0.0,0.0
2018-07-10,100000000.0,0.0,0.0
2018-07-11,100000000.0,0.0,0.0
2018-07-12,100000000.0,0.0,0.0
2018-07-13,100000000.0,0.0,0.0
2018-07-16,100000000.0,0.0,0.0
2018-07-17,100000000.0,0.0,0.0
2018-07-18,100000000.0,0.0,0.0
2018-07-19,100000000.0,0.0,0.0
2018-07-20,100000000.0,0.0,0.0
2018-07-23,100000000.0,0.0,0.0
2018-07-24,100000000.0,0.0,0.0
2018-07-25,100000000.0,0.0,0.0
2018-07-26,100000000.0,0.0,0.0
2018-07-27,100000000.0,0.0,0.0
2018-07-30,100000000.0,0.0,0.0
2018-07-31,100000000.0,0.0,0.0
2018-08-01,100000000.0,0.0,0.0
2018-08-02,100000000.0,0.0,0.0
2018-08-03,100000000.0,0.0,0.0
2018-08-06,100000000.0,0.0,0.0
2018-08-07,100000000.0,0.0,0.0
2018-08-08,100000000.0,0.0,0.0
2018-08-09,100000000.0,0.0,0.0
2018-08-10,100000000.0,0.0,0.0
2018-08-13,100000000.0,0.0,0.0
2018-08-14,100000000.0,0.0,0.0
2018-08-15,100000000.0,0.0,0.0
2018-08-16,100000000.0,0.0,0.0
2018-08-17,100000000.0,0.0,0.0
2018-08-20,100000000.0,0.0,0.0
2018-08-21,100000000.0,0.0,0.0
2018-08-22,100000000.0,0.0,0.0
2018-08-23,100000000.0,0.0,0.0
2018-08-24,100000000.0,0.0,0.0
2018-08-27,100000000.0,0.0,0.0
2018-08-28,100000000.0,0.0,0.0
2018-08-29,100000000.0,0.0,0.0
2018-08-30,100000000.0,0.0,0.0
2018-08-31,100000000.0,0.0,0.0
2018-09-04,100000000.0,0.0,0.0
2018-09-05,100000000.0,0.0,0.0
2018-09-06,100000000.0,0.0,0.0
2018-09-07,100000000.0,0.0,0.0
2018-09-10,100000000.0,0.0,0.0
2018-09-11,100000000.0,0.0,0.0
2018-09-12,100000000.0,0.0,0.0
2018-09-13,100000000.0,0.0,0.0
2018-09-14,100000000.0,0.0,0.0
2018-09-17,100000000.0,0.0,0.0
2018-09-18,100000000.0,0.0,0.0
2018-09-19,100000000.0,0.0,0.0
2018-09-20,100000000.0,0.0,0.0
2018-09-21,100000000.0,0.0,0.0
2018-09-24,100000000.0,0.0,0.0
2018-09-25,100000000.0,0.0,0.0
2018-09-26,100000000.0,0.0,0.0
2018-09-27,100000000.0,0.0,0.0
2018-09-28,100000000.0,0.0,0.0
2018-10-01,100000000.0,0.0,0.0
2018-10-02,100000000.0,0.0,0.0
2018-10-03,100000000.0,0.0,0.0
2018-10-04,100000000.0,0.0,0.0
2018-10-05,100000000.0,0.0,0.0
2018-10-08,100000000.0,0.0,0.0
2018-10-09,100000000.0,0.0,0.0
2018-10-10,100000000.0,0.0,0.0
2018-10-11,100000000.0,0.0,0.0
2018-10-12,100000000.0,0.0,0.0
2018-10-15,100000000.0,0.0,0.0
2018-10-16,100000000.0,0.0,0.0
2018-10-17,100000000.0,0.0,0.0
2018-10-18,100000000.0,0.0,0.0
2018-10-19,100000000.0,0.0,0.0
2018-10-22,100000000.0,0.0,0.0
2018-10-23,100000000.0,0.0,0.0
2018-10-24,100000000.0,0.0,0.0
2018-10-25,100000000.0,0.0,0.0
2018-10-26,100000000.0,0.0,0.0
2018-10-29,100000000.0,0.0,0.0
2018-10-30,100000000.0,0.0,0.0
2018-10-31,100000000.0,0.0,0.0
2018-11-01,100000000.0,0.0,0.0
2018-11-02,100000000.0,0.0,0.0
2018-11-05,100000000.0,0.0,0.0
2018-11-06,100000000.0,0.0,0.0
2018-11-07,100000000.0,0.0,0.0
2018-11-08,100000000.0,0.0,0.0
2018-11-09,100000000.0,0.0,0.0
2018-11-12,100000000.0,0.0,0.0
2018-11-13,100000000.0,0.0,0.0
2018-11-14,100000000.0,0.0,0.0
2018-11-15,100000000.0,0.0,0.0
2018-11-16,100000000.0,0.0,0.0
2018-11-19,100000000.0,0.0,0.0
2018-11-20,100000000.0,0.0,0.0
2018-11-21,100000000.0,0.0,0.0
2018-11-22,100000000.0,0.0,0.0
2018-11-23,100000000.0,0.0,0.0
2018-11-26,100000000.0,0.0,0.0
2018-11-27,100000000.0,0.0,0.0
2018-11-28,100000000.0,0.0,0.0
2018-11-29,100000000.0,0.0,0.0
2018-11-30,100000000.0,0.0,0.0
2018-12-03,100000000.0,0.0,0.0
2018-12-04,100000000.0,0.0,0.0
2018-12-05,100000000.0,0.0,0.0
2018-12-06,100000000.0,0.0,0.0
2018-12-07,100000000.0,0.0,0.0
2018-12-10,100000000.0,0.0,0.0
2018-12-11,100000000.0,0.0,0.0
2018-12-12,100000000.0,0.0,0.0
2018-12-13,100000000.0,0.0,0.0
2018-12-14,100000000.0,0.0,0.0
2018-12-17,100000000.0,0.0,0.0
2018-12-18,100000000.0,0.0,0.0
2018-12-19,100000000.0,0.0,0.0
2018-12-20,100000000.0,0.0,0.0
2018-12-21,100000000.0,0.0,0.0
2018-12-24,100000000.0,0.0,0.0
2018-12-25,100000000.0,0.0,0.0
2018-12-26,100000000.0,0.0,0.0
2018-12-27,100000000.0,0.0,0.0
2018-12-28,100000000.0,0.0,0.0
2019-01-02,100000000.0,0.0,0.0
2019-01-03,100000000.0,0.0,0.0
2019-01-04,100000000.0,0.0,0.0
2019-01-07,100000000.0,0.0,0.0
2019-01-08,100000000.0,0.0,0.0
2019-01-09,100000000.0,0.0,0.0
2019-01-10,100000000.0,0.0,0.0
2019-01-11,100000000.0,0.0,0.0
2019-01-14,100000000.0,0.0,0.0
2019-01-15,100000000.0,0.0,0.0
2019-01-16,100000000.0,0.0,0.0
2019-01-17,100000000.0,0.0,0.0
2019-01-18,100000000.0,0.0,0.0
2019-01-21,100000000.0,0.0,0.0
2019-01-22,100000000.0,0.0,0.0
2019-01-23,100000000.0,0.0,0.0
2019-01-24,100000000.0,0.0,0.0
2019-01-25,100000000.0,0.0,0.0
2019-01-28,100000000.0,0.0,0.0
2019-01-29,100000000.0,0.0,0.0
2019-01-30,100000000.0,0.0,0.0
2019-01-31,100000000.0,0.0,0.0
2019-02-01,100000000.0,0.0,0.0
2019-02-11,100000000.0,0.0,0.0
2019-02-12,100000000.0,0.0,0.0
2019-02-13,100000000.0,0.0,0.0
2019-02-14,100000000.0,0.0,0.0
2019-02-15,100000000.0,0.0,0.0
2019-02-18,100000000.0,0.0,0.0
2019-02-19,100000000.0,0.0,0.0
2019-02-20,100000000.0,0.0,0.0
2019-02-21,100000000.0,0.0,0.0
2019-02-22,100000000.0,0.0,0.0
2019-02-25,100000000.0,0.0,0.0
2019-02-26,100000000.0,0.0,0.0
2019-02-27,100000000.0,0.0,0.0
2019-02-28,100000000.0,0.0,0.0
2019-03-01,100000000.0,0.0,0.0
2019-03-04,100000000.0,0.0,0.0
2019-03-05,100000000.0,0.0,0.0
2019-03-06,100000000.0,0.0,0.0
2019-03-07,100000000.0,0.0,0.0
2019-03-08,100000000.0,0.0,0.0
2019-03-11,100000000.0,0.0,0.0
2019-03-12,100000000.0,0.0,0.0
2019-03-13,100000000.0,0.0,0.0
2019-03-14,100000000.0,0.0,0.0
2019-03-15,100000000.0,0.0,0.0
2019-03-18,100000000.0,0.0,0.0
2019-03-19,100000000.0,0.0,0.0
2019-03-20,100000000.0,0.0,0.0
2019-03-21,100000000.0,0.0,0.0
2019-03-22,100000000.0,0.0,0.0
2019-03-25,100000000.0,0.0,0.0
2019-03-26,100000000.0,0.0,0.0
2019-03-27,100000000.0,0.0,0.0
2019-03-28,100000000.0,0.0,0.0
2019-03-29,100000000.0,0.0,0.0
2019-04-01,100000000.0,0.0,0.0
2019-04-02,100000000.0,0.0,0.0
2019-04-03,100000000.0,0.0,0.0
2019-04-04,100000000.0,0.0,0.0
2019-04-05,100000000.0,0.0,0.0
2019-04-08,100000000.0,0.0,0.0
2019-04-09,100000000.0,0.0,0.0
2019-04-10,100000000.0,0.0,0.0
2019-04-11,100000000.0,0.0,0.0
2019-04-12,100000000.0,0.0,0.0
2019-04-16,100000000.0,0.0,0.0
2019-04-17,100000000.0,0.0,0.0
2019-04-18,100000000.0,0.0,0.0
2019-04-19,100000000.0,0.0,0.0
2019-04-22,100000000.0,0.0,0.0
2019-04-23,100000000.0,0.0,0.0
2019-04-24,100000000.0,0.0,0.0
2019-04-25,100000000.0,0.0,0.0
2019-04-26,100000000.0,0.0,0.0
2019-05-02,100000000.0,0.0,0.0
2019-05-03,100000000.0,0.0,0.0
2019-05-06,100000000.0,0.0,0.0
2019-05-07,100000000.0,0.0,0.0
2019-05-08,100000000.0,0.0,0.0
2019-05-09,100000000.0,0.0,0.0
2019-05-10,100000000.0,0.0,0.0
2019-05-13,100000000.0,0.0,0.0
2019-05-14,100000000.0,0.0,0.0
2019-05-15,100000000.0,0.0,0.0
2019-05-16,100000000.0,0.0,0.0
2019-05-17,100000000.0,0.0,0.0
2019-05-20,100000000.0,0.0,0.0
2019-05-21,100000000.0,0.0,0.0
2019-05-22,100000000.0,0.0,0.0
2019-05-23,100000000.0,0.0,0.0
2019-05-24,100000000.0,0.0,0.0
2019-05-27,100000000.0,0.0,0.0
2019-05-28,100000000.0,0.0,0.0
2019-05-29,100000000.0,0.0,0.0
2019-05-30,100000000.0,0.0,0.0
2019-05-31,100000000.0,0.0,0.0
2019-06-03,100000000.0,0.0,0.0
2019-06-04,100000000.0,0.0,0.0
2019-06-05,100000000.0,0.0,0.0
2019-06-06,100000000.0,0.0,0.0
2019-06-07,100000000.0,0.0,0.0
2019-06-10,100000000.0,0.0,0.0
2019-06-11,100000000.0,0.0,0.0
2019-06-12,100000000.0,0.0,0.0
2019-06-13,100000000.0,0.0,0.0
2019-06-14,100000000.0,0.0,0.0
2019-06-17,100000000.0,0.0,0.0
2019-06-18,100000000.0,0.0,0.0
2019-06-19,100000000.0,0.0,0.0
2019-06-20,100000000.0,0.0,0.0
2019-06-21,100000000.0,0.0,0.0
2019-06-24,100000000.0,0.0,0.0
2019-06-25,100000000.0,0.0,0.0
2019-06-26,100000000.0,0.0,0.0
2019-06-27,100000000.0,0.0,0.0
2019-06-28,100000000.0,0.0,0.0
2019-07-01,100000000.0,0.0,0.0
2019-07-02,100000000.0,0.0,0.0
2019-07-03,100000000.0,0.0,0.0
2019-07-04,100000000.0,0.0,0.0
2019-07-05,100000000.0,0.0,0.0
2019-07-08,100000000.0,0.0,0.0
2019-07-09,100000000.0,0.0,0.0
2019-07-10,100000000.0,0.0,0.0
2019-07-11,100000000.0,0.0,0.0
2019-07-12,100000000.0,0.0,0.0
2019-07-15,100000000.0,0.0,0.0
2019-07-16,100000000.0,0.0,0.0
2019-07-17,100000000.0,0.0,0.0
2019-07-18,100000000.0,0.0,0.0
2019-07-19,100000000.0,0.0,0.0
2019-07-22,100000000.0,0.0,0.0
2019-07-23,100000000.0,0.0,0.0
2019-07-24,100000000.0,0.0,0.0
2019-07-25,100000000.0,0.0,0.0
2019-07-26,100000000.0,0.0,0.0
2019-07-29,100000000.0,0.0,0.0
2019-07-30,100000000.0,0.0,0.0
2019-07-31,100000000.0,0.0,0.0
2019-08-01,100000000.0,0.0,0.0
2019-08-02,100000000.0,0.0,0.0
2019-08-05,100000000.0,0.0,0.0
2019-08-06,100000000.0,0.0,0.0
2019-08-07,100000000.0,0.0,0.0
2019-08-08,100000000.0,0.0,0.0
2019-08-09,100000000.0,0.0,0.0
2019-08-12,100000000.0,0.0,0.0
2019-08-13,100000000.0,0.0,0.0
2019-08-14,100000000.0,0.0,0.0
2019-08-15,100000000.0,0.0,0.0
2019-08-16,100000000.0,0.0,0.0
2019-08-19,100000000.0,0.0,0.0
2019-08-20,100000000.0,0.0,0.0
2019-08-21,100000000.0,0.0,0.0
2019-08-22,100000000.0,0.0,0.0
2019-08-23,100000000.0,0.0,0.0
2019-08-26,100000000.0,0.0,0.0
2019-08-27,100000000.0,0.0,0.0
2019-08-28,100000000.0,0.0,0.0
2019-08-29,100000000.0,0.0,0.0
2019-08-30,100000000.0,0.0,0.0
2019-09-03,100000000.0,0.0,0.0
2019-09-04,100000000.0,0.0,0.0
2019-09-05,100000000.0,0.0,0.0
2019-09-06,100000000.0,0.0,0.0
2019-09-09,100000000.0,0.0,0.0
2019-09-10,100000000.0,0.0,0.0
2019-09-11,100000000.0,0.0,0.0
2019-09-12,100000000.0,0.0,0.0
2019-09-13,100000000.0,0.0,0.0
2019-09-16,100000000.0,0.0,0.0
2019-09-17,100000000.0,0.0,0.0
2019-09-18,100000000.0,0.0,0.0
2019-09-19,100000000.0,0.0,0.0
2019-09-20,100000000.0,0.0,0.0
2019-09-23,100000000.0,0.0,0.0
2019-09-24,100000000.0,0.0,0.0
2019-09-25,100000000.0,0.0,0.0
2019-09-26,100000000.0,0.0,0.0
2019-09-27,100000000.0,0.0,0.0
2019-09-30,100000000.0,0.0,0.0
2019-10-01,100000000.0,0.0,0.0
2019-10-02,100000000.0,0.0,0.0
2019-10-03,100000000.0,0.0,0.0
2019-10-04,100000000.0,0.0,0.0
2019-10-07,100000000.0,0.0,0.0
2019-10-08,100000000.0,0.0,0.0
2019-10-09,100000000.0,0.0,0.0
2019-10-10,100000000.0,0.0,0.0
2019-10-11,100000000.0,0.0,0.0
2019-10-14,100000000.0,0.0,0.0
2019-10-15,100000000.0,0.0,0.0
2019-10-16,100000000.0,0.0,0.0
2019-10-17,100000000.0,0.0,0.0
2019-10-18,100000000.0,0.0,0.0
2019-10-21,100000000.0,0.0,0.0
2019-10-22,100000000.0,0.0,0.0
2019-10-23,100000000.0,0.0,0.0
2019-10-24,100000000.0,0.0,0.0
2019-10-25,100000000.0,0.0,0.0
2019-10-28,100000000.0,0.0,0.0
2019-10-29,100000000.0,0.0,0.0
2019-10-30,100000000.0,0.0,0.0
2019-10-31,100000000.0,0.0,0.0
2019-11-01,100000000.0,0.0,0.0
2019-11-04,100000000.0,0.0,0.0
2019-11-05,100000000.0,0.0,0.0
2019-11-06,100000000.0,0.0,0.0
2019-11-07,100000000.0,0.0,0.0
2019-11-08,100000000.0,0.0,0.0
2019-11-11,100000000.0,0.0,0.0
2019-11-12,100000000.0,0.0,0.0
2019-11-13,100000000.0,0.0,0.0
2019-11-14,100000000.0,0.0,0.0
2019-11-15,100000000.0,0.0,0.0
2019-11-18,100000000.0,0.0,0.0
2019-11-19,100000000.0,0.0,0.0
2019-11-20,100000000.0,0.0,0.0
2019-11-21,100000000.0,0.0,0.0
2019-11-22,100000000.0,0.0,0.0
2019-11-25,100000000.0,0.0,0.0
2019-11-26,100000000.0,0.0,0.0
2019-11-27,100000000.0,0.0,0.0
2019-11-28,100000000.0,0.0,0.0
2019-11-29,100000000.0,0.0,0.0
2019-12-02,100000000.0,0.0,0.0
2019-12-03,100000000.0,0.0,0.0
2019-12-04,100000000.0,0.0,0.0
2019-12-05,100000000.0,0.0,0.0
2019-12-06,100000000.0,0.0,0.0
2019-12-09,100000000.0,0.0,0.0
2019-12-10,100000000.0,0.0,0.0
2019-12-11,100000000.0,0.0,0.0
2019-12-12,100000000.0,0.0,0.0
2019-12-13,100000000.0,0.0,0.0
2019-12-16,100000000.0,0.0,0.0
2019-12-17,100000000.0,0.0,0.0
2019-12-18,100000000.0,0.0,0.0
2019-12-19,100000000.0,0.0,0.0
2019-12-20,100000000.0,0.0,0.0
2019-12-23,100000000.0,0.0,0.0
2019-12-24,100000000.0,0.0,0.0
2019-12-25,100000000.0,0.0,0.0
2019-12-26,100000000.0,0.0,0.0
2019-12-27,100000000.0,0.0,0.0
2019-12-30,100000000.0,0.0,0.0
2019-12-31,100000000.0,0.0,0.0
2020-01-02,100000000.0,0.0,0.0
2020-01-03,100000000.0,0.0,0.0
2020-01-06,100000000.0,0.0,0.0
2020-01-07,100000000.0,0.0,0.0
2020-01-08,100000000.0,0.0,0.0
2020-01-09,100000000.0,0.0,0.0
2020-01-10,100000000.0,0.0,0.0
2020-01-13,100000000.0,0.0,0.0
2020-01-14,100000000.0,0.0,0.0
2020-01-15,100000000.0,0.0,0.0
2020-01-16,100000000.0,0.0,0.0
2020-01-17,100000000.0,0.0,0.0
2020-01-20,100000000.0,0.0,0.0
2020-01-21,100000000.0,0.0,0.0
2020-01-22,100000000.0,0.0,0.0
2020-01-30,100000000.0,0.0,0.0
2020-01-31,100000000.0,0.0,0.0
2020-02-03,100000000.0,0.0,0.0
2020-02-04,100000000.0,0.0,0.0
2020-02-05,100000000.0,0.0,0.0
2020-02-06,100000000.0,0.0,0.0
2020-02-07,100000000.0,0.0,0.0
2020-02-10,100000000.0,0.0,0.0
2020-02-11,100000000.0,0.0,0.0
2020-02-12,100000000.0,0.0,0.0
2020-02-13,100000000.0,0.0,0.0
2020-02-14,100000000.0,0.0,0.0
2020-02-17,100000000.0,0.0,0.0
2020-02-18,100000000.0,0.0,0.0
2020-02-19,100000000.0,0.0,0.0
2020-02-20,100000000.0,0.0,0.0
2020-02-21,100000000.0,0.0,0.0
2020-02-24,100000000.0,0.0,0.0
2020-02-25,100000000.0,0.0,0.0
2020-02-26,100000000.0,0.0,0.0
2020-02-27,100000000.0,0.0,0.0
2020-02-28,100000000.0,0.0,0.0
2020-03-02,100000000.0,0.0,0.0
2020-03-03,100000000.0,0.0,0.0
2020-03-04,100000000.0,0.0,0.0
2020-03-05,100000000.0,0.0,0.0
2020-03-06,100000000.0,0.0,0.0
2020-03-09,100000000.0,0.0,0.0
2020-03-10,100000000.0,0.0,0.0
2020-03-11,100000000.0,0.0,0.0
2020-03-12,100000000.0,0.0,0.0
2020-03-13,100000000.0,0.0,0.0
2020-03-16,100000000.0,0.0,0.0
2020-03-17,100000000.0,0.0,0.0
2020-03-18,100000000.0,0.0,0.0
2020-03-19,100000000.0,0.0,0.0
2020-03-20,100000000.0,0.0,0.0
2020-03-23,100000000.0,0.0,0.0
2020-03-24,100000000.0,0.0,0.0
2020-03-25,100000000.0,0.0,0.0
2020-03-26,100000000.0,0.0,0.0
2020-03-27,100000000.0,0.0,0.0
2020-03-30,100000000.0,0.0,0.0
2020-03-31,100000000.0,0.0,0.0
2020-04-01,100000000.0,0.0,0.0
2020-04-03,100000000.0,0.0,0.0
2020-04-06,100000000.0,0.0,0.0
2020-04-07,100000000.0,0.0,0.0
2020-04-08,100000000.0,0.0,0.0
2020-04-09,100000000.0,0.0,0.0
2020-04-10,100000000.0,0.0,0.0
2020-04-13,100000000.0,0.0,0.0
2020-04-14,100000000.0,0.0,0.0
2020-04-15,100000000.0,0.0,0.0
2020-04-16,100000000.0,0.0,0.0
2020-04-17,100000000.0,0.0,0.0
2020-04-20,100000000.0,0.0,0.0
2020-04-21,100000000.0,0.0,0.0
2020-04-22,100000000.0,0.0,0.0
2020-04-23,100000000.0,0.0,0.0
2020-04-24,100000000.0,0.0,0.0
2020-04-27,100000000.0,0.0,0.0
2020-04-28,100000000.0,0.0,0.0
2020-04-29,100000000.0,0.0,0.0
2020-05-04,100000000.0,0.0,0.0
2020-05-05,100000000.0,0.0,0.0
2020-05-06,100000000.0,0.0,0.0
2020-05-07,100000000.0,0.0,0.0
2020-05-08,100000000.0,0.0,0.0
2020-05-11,100000000.0,0.0,0.0
2020-05-12,100000000.0,0.0,0.0
2020-05-13,100000000.0,0.0,0.0
2020-05-14,100000000.0,0.0,0.0
2020-05-15,100000000.0,0.0,0.0
2020-05-18,100000000.0,0.0,0.0
2020-05-19,100000000.0,0.0,0.0
2020-05-20,100000000.0,0.0,0.0
2020-05-21,100000000.0,0.0,0.0
2020-05-22,100000000.0,0.0,0.0
2020-05-25,100000000.0,0.0,0.0
2020-05-26,100000000.0,0.0,0.0
2020-05-27,100000000.0,0.0,0.0
2020-05-28,100000000.0,0.0,0.0
2020-05-29,100000000.0,0.0,0.0
2020-06-01,100000000.0,0.0,0.0
2020-06-02,100000000.0,0.0,0.0
2020-06-03,100000000.0,0.0,0.0
2020-06-04,100000000.0,0.0,0.0
2020-06-05,100000000.0,0.0,0.0
2020-06-08,100000000.0,0.0,0.0
2020-06-09,100000000.0,0.0,0.0
2020-06-10,100000000.0,0.0,0.0
2020-06-11,100000000.0,0.0,0.0
2020-06-12,100000000.0,0.0,0.0
2020-06-15,100000000.0,0.0,0.0
2020-06-16,100000000.0,0.0,0.0
2020-06-17,100000000.0,0.0,0.0
2020-06-18,100000000.0,0.0,0.0
2020-06-19,100000000.0,0.0,0.0
2020-06-22,100000000.0,0.0,0.0
2020-06-23,100000000.0,0.0,0.0
2020-06-24,100000000.0,0.0,0.0
2020-06-25,100000000.0,0.0,0.0
2020-06-26,100000000.0,0.0,0.0
2020-06-29,100000000.0,0.0,0.0
2020-06-30,100000000.0,0.0,0.0
2020-07-01,100000000.0,0.0,0.0
2020-07-02,100000000.0,0.0,0.0
2020-07-03,100000000.0,0.0,0.0
2020-07-06,100000000.0,0.0,0.0
2020-07-07,100000000.0,0.0,0.0
2020-07-08,100000000.0,0.0,0.0
2020-07-09,100000000.0,0.0,0.0
2020-07-10,100000000.0,0.0,0.0
2020-07-13,100000000.0,0.0,0.0
2020-07-14,100000000.0,0.0,0.0
2020-07-15,100000000.0,0.0,0.0
2020-07-16,100000000.0,0.0,0.0
2020-07-17,100000000.0,0.0,0.0
2020-07-20,100000000.0,0.0,0.0
2020-07-21,100000000.0,0.0,0.0
2020-07-22,100000000.0,0.0,0.0
2020-07-23,100000000.0,0.0,0.0
2020-07-24,100000000.0,0.0,0.0
2020-07-27,100000000.0,0.0,0.0
2020-07-28,100000000.0,0.0,0.0
2020-07-29,100000000.0,0.0,0.0
2020-07-30,100000000.0,0.0,0.0
2020-07-31,100000000.0,0.0,0.0
2020-08-03,100000000.0,0.0,0.0
2020-08-04,100000000.0,0.0,0.0
2020-08-05,100000000.0,0.0,0.0
2020-08-06,100000000.0,0.0,0.0
2020-08-07,100000000.0,0.0,0.0
2020-08-10,100000000.0,0.0,0.0
2020-08-11,100000000.0,0.0,0.0
2020-08-12,100000000.0,0.0,0.0
2020-08-13,100000000.0,0.0,0.0
2020-08-14,100000000.0,0.0,0.0
2020-08-17,100000000.0,0.0,0.0
2020-08-18,100000000.0,0.0,0.0
2020-08-19,100000000.0,0.0,0.0
2020-08-20,100000000.0,0.0,0.0
2020-08-21,100000000.0,0.0,0.0
2020-08-24,100000000.0,0.0,0.0
2020-08-25,100000000.0,0.0,0.0
2020-08-26,100000000.0,0.0,0.0
2020-08-27,100000000.0,0.0,0.0
2020-08-28,100000000.0,0.0,0.0
2020-08-31,100000000.0,0.0,0.0
2020-09-01,100000000.0,0.0,0.0
2020-09-03,100000000.0,0.0,0.0
2020-09-04,100000000.0,0.0,0.0
2020-09-07,100000000.0,0.0,0.0
2020-09-08,100000000.0,0.0,0.0
2020-09-09,100000000.0,0.0,0.0
2020-09-10,100000000.0,0.0,0.0
2020-09-11,100000000.0,0.0,0.0
2020-09-14,100000000.0,0.0,0.0
2020-09-15,100000000.0,0.0,0.0
2020-09-16,100000000.0,0.0,0.0
2020-09-17,100000000.0,0.0,0.0
2020-09-18,100000000.0,0.0,0.0
2020-09-21,100000000.0,0.0,0.0
2020-09-22,100000000.0,0.0,0.0
2020-09-23,100000000.0,0.0,0.0
2020-09-24,100000000.0,0.0,0.0
2020-09-25,100000000.0,0.0,0.0
2020-09-28,100000000.0,0.0,0.0
2020-09-29,100000000.0,0.0,0.0
2020-09-30,100000000.0,0.0,0.0
2020-10-01,100000000.0,0.0,0.0
2020-10-02,100000000.0,0.0,0.0
2020-10-05,100000000.0,0.0,0.0
2020-10-06,100000000.0,0.0,0.0
2020-10-07,100000000.0,0.0,0.0
2020-10-08,100000000.0,0.0,0.0
2020-10-09,100000000.0,0.0,0.0
2020-10-12,100000000.0,0.0,0.0
2020-10-13,100000000.0,0.0,0.0
2020-10-14,100000000.0,0.0,0.0
2020-10-15,100000000.0,0.0,0.0
2020-10-16,100000000.0,0.0,0.0
2020-10-19,100000000.0,0.0,0.0
2020-10-20,100000000.0,0.0,0.0
2020-10-21,100000000.0,0.0,0.0
2020-10-22,100000000.0,0.0,0.0
2020-10-23,100000000.0,0.0,0.0
2020-10-26,100000000.0,0.0,0.0
2020-10-27,100000000.0,0.0,0.0
2020-10-28,100000000.0,0.0,0.0
2020-10-29,100000000.0,0.0,0.0
2020-10-30,100000000.0,0.0,0.0
2020-11-02,100000000.0,0.0,0.0
2020-11-03,100000000.0,0.0,0.0
2020-11-04,100000000.0,0.0,0.0
2020-11-05,100000000.0,0.0,0.0
2020-11-06,100000000.0,0.0,0.0
2020-11-09,100000000.0,0.0,0.0
2020-11-10,100000000.0,0.0,0.0
2020-11-11,100000000.0,0.0,0.0
2020-11-12,100000000.0,0.0,0.0
2020-11-13,100000000.0,0.0,0.0
2020-11-16,100000000.0,0.0,0.0
2020-11-17,100000000.0,0.0,0.0
2020-11-18,100000000.0,0.0,0.0
2020-11-19,100000000.0,0.0,0.0
2020-11-20,100000000.0,0.0,0.0
2020-11-23,100000000.0,0.0,0.0
2020-11-24,100000000.0,0.0,0.0
2020-11-25,100000000.0,0.0,0.0
2020-11-26,100000000.0,0.0,0.0
2020-11-27,100000000.0,0.0,0.0
2020-11-30,100000000.0,0.0,0.0
2020-12-01,100000000.0,0.0,0.0
2020-12-02,100000000.0,0.0,0.0
2020-12-03,100000000.0,0.0,0.0
2020-12-04,100000000.0,0.0,0.0
2020-12-07,100000000.0,0.0,0.0
2020-12-08,100000000.0,0.0,0.0
2020-12-09,100000000.0,0.0,0.0
2020-12-10,100000000.0,0.0,0.0
2020-12-11,100000000.0,0.0,0.0
2020-12-14,100000000.0,0.0,0.0
2020-12-15,100000000.0,0.0,0.0
2020-12-16,100000000.0,0.0,0.0
2020-12-17,100000000.0,0.0,0.0
2020-12-18,100000000.0,0.0,0.0
2020-12-21,100000000.0,0.0,0.0
2020-12-22,100000000.0,0.0,0.0
2020-12-23,100000000.0,0.0,0.0
2020-12-24,100000000.0,0.0,0.0
2020-12-25,100000000.0,0.0,0.0
2020-12-28,100000000.0,0.0,0.0
2020-12-29,100000000.0,0.0,0.0
2020-12-30,100000000.0,0.0,0.0
2020-12-31,100000000.0,0.0,0.0
2021-01-04,100000000.0,0.0,0.0
2021-01-05,99880000.0,-0.0012,-0.0011999999999999789
2021-01-06,100169046.65314402,0.002893939258550429,0.0
2021-01-07,102888200.41928571,0.027145648850560877,0.0
2021-01-08,104123285.07310645,0.012004142834528863,0.0
2021-01-11,106097336.17511892,0.018958786217957498,0.0
2021-01-12,107136848.15424177,0.009797719873070905,0.0
2021-01-13,106131148.02289423,-0.00938706102217661,-0.009387061022176568
2021-01-14,109015323.18000701,0.02717557673540489,0.0
2021-01-15,109983400.3114428,0.008880193198503843,0.0
2021-01-18,109621326.08957303,-0.0032920806307541574,-0.003292080630754146
2021-01-19,104362112.71784715,-0.047976188204734,-0.05111032735556198
2021-01-20,103734783.00262882,-0.00601108677163695,-0.056814185514537874
2021-01-21,103734783.00262882,0.0,-0.056814185514537874
2021-01-22,103734783.00262882,0.0,-0.056814185514537874
2021-01-25,103734783.00262882,0.0,-0.056814185514537874
2021-01-26,103734783.00262882,0.0,-0.056814185514537874
2021-01-27,103610301.26302566,-0.0012000000000000697,-0.05794600849192044
2021-01-28,98245190.25187325,-0.051781637016308855,-0.10672710632995674
2021-01-29,99667178.14784323,0.014473867802834845,-0.09379799255512078
2021-02-01,99667178.14784323,0.0,-0.09379799255512078
2021-02-02,99667178.14784323,0.0,-0.09379799255512078
2021-02-03,99667178.14784323,0.0,-0.09379799255512078
2021-02-04,99667178.14784323,0.0,-0.09379799255512078
2021-02-05,99667178.14784323,0.0,-0.09379799255512078
2021-02-08,99627311.27658409,-0.000400000000000007,-0.09416047335809874
2021-02-09,100484380.2282005,0.00860275099904104,-0.08636776146530922
2021-02-17,101739086.18558249,0.012486577063346068,-0.07495962211128848
2021-02-18,101524147.26354703,-0.002112648443130157,-0.07691390722546754
2021-02-19,101631616.72456476,0.0010585605879431556,-0.07593676466837807
2021-02-22,101701471.87422629,0.0006873367945217565,-0.07530162200626977
2021-02-23,101344135.91634233,-0.0035135770534950534,-0.07855062100859267
2021-02-24,101486532.95219082,0.0014050841181973222,-0.07725590712044905
2021-02-25,102197923.65164322,0.0070097054136978795,-0.07078774285713352
2021-02-26,103029496.53240636,0.00813688626001525,-0.06322684840935
2021-03-01,105503757.4632319,0.024015073489632218,-0.04073017233078613
2021-03-02,105760592.1366579,0.002434365179036342,-0.03839495926500802
2021-03-03,104778897.12413149,-0.009282238239153548,-0.04732080634508118
2021-03-04,103098706.46726674,-0.01603558257417261,-0.06259757222163076
2021-03-05,104685837.36740084,0.015394285287546326,-0.048166931819171976
2021-03-08,104578367.90638311,-0.0010265902601567557,-0.04914407437626156
2021-03-09,104303933.3365035,-0.0026242001608332215,-0.051639310649212566
2021-03-10,103795563.90448982,-0.004873923885244078,-0.056261548464865974
2021-03-11,103945854.14948985,0.0014479447805527416,-0.05489506729975868
2021-03-12,103479961.82289764,-0.004482067422546582,-0.05913109132950256
2021-03-15,104018995.72977367,0.005209065575406429,-0.05423004348637683
2021-03-16,103625390.1595146,-0.0037839777965324225,-0.0578088160024518
2021-03-17,105966933.67859972,0.022596233562842852,-0.036518843947991764
2021-03-18,105607822.02824593,-0.0033889029142145765,-0.039783988045527297
2021-03-19,104380260.69769794,-0.011623772813150754,-0.05094532082003567
2021-03-22,103893150.88764568,-0.004666685126060465,-0.05537426017518299
2021-03-23,102610149.71175149,-0.012349237316728184,-0.0670396676117695
2021-03-24,101018912.56277086,-0.0155075999153171,-0.0815076431833075
2021-03-25,100086376.2376839,-0.009231304331329982,-0.08998652565508292
2021-03-26,100219447.89518683,0.0013295681440888866,-0.08877660072890226
2021-03-29,100855723.94105056,0.006348828089026927,-0.08299140001623129
2021-03-30,101116018.68708573,0.0025808624028846785,-0.0806247269974113
2021-03-31,100820394.27531242,-0.0029236160166486607,-0.08331262727087241
2021-04-01,102166764.09226577,0.013354141556685298,-0.07107105433222172
2021-04-02,102457807.83650714,0.0028487125615384384,-0.06842480277592122
2021-04-05,99881742.02598676,-0.025142698881778072,-0.09184711744545926
2021-04-06,100043419.0047865,0.001618684010914438,-0.09037710489500239
2021-04-07,100043419.0047865,0.0,-0.09037710489500239
2021-04-08,100114405.28386977,0.0007095547092395009,-0.08973167768614854
2021-04-09,101062072.10963129,0.009465838837822054,-0.08111522444795094
2021-04-12,101995514.15980148,0.009236324079696366,-0.07262810686905319
2021-04-13,100954282.57249925,-0.010208601779004595,-0.08209527722706866
2021-04-14,101850883.85771433,0.008881260530688186,-0.07394312624177313
2021-04-15,101260182.08172166,-0.005799672556773018,-0.07931395287851972
2021-04-16,101909756.88333535,0.006414908488802158,-0.07340783613931845
2021-04-19,103083990.60264435,0.01152228947669109,-0.06273137300048204
2021-04-20,102890038.18200913,-0.001881498955379479,-0.0644948429430916
2021-04-22,100350952.11281472,-0.02467766670183216,-0.08758092740678713
2021-04-23,104055138.45963094,0.03691231890507585,-0.053901423624152955
2021-04-26,103924532.37165484,-0.0012551623101896864,-0.055088930898943955
2021-04-27,104162655.13260818,0.002291304618064217,-0.0529238518026528
2021-04-28,104244448.71656615,0.0007852486464927353,-0.05218016153915528
2021-04-29,106225284.62901352,0.019001835942680668,-0.034169844465504196
2021-05-04,107589177.3654854,0.012839624212212785,-0.021768948215618256
2021-05-05,107389059.80367549,-0.0018600157256533688,-0.023588473355259598
2021-05-06,107116081.35522936,-0.0025419577091481517,-0.026070470162715353
2021-05-07,109963850.65687318,0.02658582414156613,-0.0001777509561831092
2021-05-10,114037187.63076852,0.03704250942071517,0.0
2021-05-11,112188929.20313095,-0.01620750621825135,-0.0162075062182514
2021-05-12,113612979.73363236,0.012693324917318742,-0.0037199084434603735
2021-05-13,114015806.60038611,0.0035456060363718276,-0.00018749173692034216
2021-05-14,113082988.63991427,-0.008181479290334467,-0.0083674370674921
2021-05-17,112536514.50859281,-0.0048325052060799005,-0.013159506590381786
2021-05-18,114356958.5034508,0.016176473945432,0.0
2021-05-19,115247771.61622657,0.007789758703217802,0.0
2021-05-20,117195269.58220677,0.016898356806978813,0.0
2021-05-21,117131866.45561928,-0.0005410041447365844,-0.0005410041447365677
2021-05-24,116145435.66346416,-0.008421540798454457,-0.008957988854713994
2021-05-25,117881077.92675596,0.014943697557955663,0.0
2021-05-26,119607072.89860496,0.014641832278810865,0.0
2021-05-27,120306733.38164137,0.005849658101988167,0.0
2021-05-28,124452623.57107879,0.03446099875628471,0.0
2021-05-31,128443358.31372261,0.0320662966206139,0.0
2021-06-01,128270799.06789869,-0.0013434656963923679,-0.0013434656963923208
2021-06-02,131674571.3987717,0.026535831659326176,0.0
2021-06-03,137458337.37664157,0.04392469948015962,0.0
2021-06-04,137680618.11512962,0.0016170771648356974,0.0
2021-06-07,131204718.35639805,-0.04703566738287284,-0.04703566738287279
2021-06-08,125656629.53659642,-0.04228574162044289,-0.08733247092541851
2021-06-09,131551619.5535362,0.04691348191241214,-0.04451605930813218
2021-06-10,129507504.84274063,-0.015538499014553819,-0.05936284557899485
2021-06-11,131783772.21046865,0.017576335599176807,-0.042829891275836474
2021-06-14,132918187.6355609,0.008608157180995722,-0.03459042053098815
2021-06-15,132391517.91574758,-0.003962360074133391,-0.03841572090386203
2021-06-16,132763204.79103965,0.0028074825422622616,-0.03571608982738583
2021-06-17,136456978.34731477,0.027822268693263923,-0.008887523781972217
2021-06-18,136456978.34731477,0.0,-0.008887523781972217
2021-06-21,135355806.8170054,-0.008069734092357235,-0.01688553792066938
2021-06-22,133817702.92368484,-0.011363412693479813,-0.02805707327820528
2021-06-23,132536210.558327,-0.009576403849112968,-0.037364791262781916
2021-06-24,130469741.44346592,-0.015591732298334174,-0.05237394173836374
2021-06-25,134963969.63031495,0.03444651715506335,-0.019731524465869232
2021-06-28,136558466.70327836,0.011814242551778563,-0.008150394930046767
2021-06-29,135892492.42509782,-0.004876843554692252,-0.012987490283756231
2021-06-30,134475297.80584064,-0.010428792598960691,-0.023280839040166645
2021-07-01,139195278.19744736,0.03509923732179841,0.0
2021-07-02,143779795.5358627,0.03293586821179562,0.0
2021-07-05,141499999.6270043,-0.015856163241585453,-0.015856163241585453
2021-07-06,135185990.413617,-0.04462197335711014,-0.05977060330498363
2021-07-07,136887635.3751002,0.012587435697122187,-0.047935526233541026
2021-07-08,135895463.05718184,-0.0072480784345467335,-0.05483616421414583
2021-07-09,133142534.23140839,-0.020257694876944315,-0.07398300480821796
2021-07-12,130442707.58603054,-0.020277717116946346,-0.09276051548220154
2021-07-13,130551706.79842159,0.0008356098582142715,-0.09200241722517732
2021-07-14,129017070.55706087,-0.0117550071078755,-0.10267593526462904
2021-07-15,129489900.39280841,0.0036648625930350803,-0.0993873658659502
2021-07-16,129845574.81179544,0.002746734825713011,-0.09691362177929708
2021-07-19,128018556.28662497,-0.014070703047205464,-0.10962068203321695
2021-07-20,129061340.4918425,0.008145570731814858,-0.1023680343205734
2021-07-21,129211319.62450574,0.001162076359130406,-0.10132491743405758
2021-07-22,130409806.07182598,0.009275398245317024,-0.09298934815011528
2021-07-23,130785511.37385109,0.0028809589810921262,-0.09037628766672212
2021-07-26,131154877.21581182,0.002824210710197813,-0.08780731863610058
2021-07-27,129938834.22943096,-0.009271809117551108,-0.09626499505613384
2021-07-28,127578642.09039572,-0.018163870355092503,-0.11268032052129306
2021-07-29,131504241.7868898,0.03077003824599895,-0.08537746004730573
2021-07-30,131941956.29045948,0.0033285200357188404,-0.08233312059795317
2021-08-02,132148455.09433375,0.0015650730797084652,-0.08089690486886092
2021-08-03,135196762.46807066,0.023067294820517413,-0.059695682803020844
2021-08-04,134758917.20008695,-0.003238578054612147,-0.06274093172935202
2021-08-05,135265857.43988904,0.0037618307592172107,-0.059215121736976295
2021-08-06,134717583.48351762,-0.004053306331311837,-0.06302841104044221
2021-08-09,138360299.59862968,0.02703964858126886,-0.037693028544342755
2021-08-10,138401658.59639007,0.0002989224357013093,-0.03740537340054284
2021-08-11,136600473.46725217,-0.013014187455589379,-0.04993276031485128
2021-08-12,135171194.5680199,-0.010463206041338617,-0.05987350959680282
2021-08-13,139309459.59025285,0.030614991866114796,-0.031091544739989874
2021-08-16,140455872.58093,0.008229254452993082,-0.02311815051999877
2021-08-17,141086305.0642667,0.004488473651918432,-0.01873344207757044
2021-08-18,140728520.44695705,-0.0025359273328951666,-0.021221862762661914
2021-08-19,140651068.09620273,-0.000550367121805375,-0.021760550068939177
2021-08-20,137923321.36666816,-0.019393715003065873,-0.04073224716565815
2021-08-23,135414969.64911312,-0.01818656694676465,-0.05817803437245239
2021-08-24,135134637.38255778,-0.0020701719114344245,-0.06012776775126649
2021-08-25,136255966.4487791,0.008297865654139534,-0.05232883423601031
2021-08-26,135975634.1822238,-0.0020573944309491277,-0.05427856761482419
2021-08-27,136481684.19584832,0.0037216227500461653,-0.0507589492168532
2021-08-30,138400826.6321693,0.014061538349475976,-0.037411159778369174
2021-08-31,139139540.45050687,0.005337495709479066,-0.0322733459736938
2021-09-01,140132069.85796976,0.007133338260635885,-0.02537022440669079
2021-09-06,142874329.10244003,0.019569105396428334,-0.006297591605608055
2021-09-07,140648337.72213367,-0.015580065322373908,-0.021779540039392864
2021-09-08,141640867.12959653,0.007056815768585311,-0.014876418472390074
2021-09-09,141911956.0905484,0.0019139176880626381,-0.012990973024776808
2021-09-10,141786228.85441744,-0.0008859523862156566,-0.013865416027441957
2021-09-13,143553181.91806802,0.01246209224920455,-0.0015761158718449186
2021-09-14,146524311.09475484,0.020697062489235345,0.0
2021-09-15,149471387.6124956,0.02011322555091169,0.0
2021-09-16,146571625.95825785,-0.019400111958252343,-0.01940011195825231
2021-09-17,149772506.69569588,0.021838338194799054,0.0
2021-09-20,149016381.86278084,-0.005048488868863722,-0.005048488868863776
2021-09-21,150912461.25190723,0.012723966086308297,0.0
2021-09-22,151284715.32209134,0.00246668874853704,0.0
2021-09-23,149285233.30329686,-0.013216682296935933,-0.013216682296935955
2021-09-24,148360238.7840058,-0.0061961554992636045,-0.019330945177503334
2021-09-27,144725865.83336422,-0.02449694729820954,-0.043354343330475054
2021-09-28,147821062.22824836,0.021386615150383103,-0.02289493083599836
2021-09-29,147764137.7340131,-0.0003850905505424598,-0.023271204765020537
2021-09-30,149309119.58128294,0.01045572945480804,-0.013058792731323043
2021-10-01,150635084.08389917,0.008880666541566338,-0.004294096973438966
2021-10-04,153036874.9105297,0.0159444318117339,0.0
2021-10-05,155144618.92398727,0.013772785249893673,0.0
2021-10-06,158527171.04999632,0.021802574587948296,0.0
2021-10-07,160440488.19683754,0.012069332557746873,0.0
2021-10-08,157850960.66892114,-0.016140112492922742,-0.016140112492922798
2021-10-11,159801172.09755695,0.012354764395296949,-0.0039847553847894845
2021-10-12,162137575.8015985,0.014620691909663782,0.0
2021-10-13,165704051.7573955,0.02199660342869056,0.0
2021-10-14,167713556.62794653,0.012127071421844904,0.0
2021-10-15,169046746.19695204,0.007949205751822726,0.0
2021-10-18,166135888.31609374,-0.017219248204085134,-0.017219248204085158
2021-10-19,170148704.00152564,0.0241538160484448,0.0
2021-10-20,172499549.47716618,0.013816417171296565,0.0
2021-10-21,173960798.56889522,0.008471031351432434,0.0
2021-10-22,172885334.72115225,-0.006182219537909568,-0.006182219537909539
2021-10-25,169644892.86160025,-0.018743300955969013,-0.024809645292503624
2021-10-26,171279842.61014032,0.00963748286766227,-0.01541126495630063
2021-10-27,172761155.92542753,0.008648497644050871,-0.00689605160091622
2021-10-28,177001362.34674776,0.02454374884566365,0.0
2021-10-29,177937767.981813,0.005290386597312329,0.0
2021-11-01,178758808.8054273,0.0046142021051889205,0.0
2021-11-02,178600083.3191175,-0.0008879309913202291,-0.0008879309913202293
2021-11-03,172506703.1194646,-0.0341174544065884,-0.03497509145279609
2021-11-04,172962835.69861442,0.0026441440877455692,-0.03242342654633379
2021-11-05,175474346.80427867,0.014520524571188981,-0.018373707136992934
2021-11-08,180796154.0113806,0.030328120913524763,0.0
2021-11-09,183321931.66875073,0.013970306344078146,0.0
2021-11-10,186595041.95925307,0.017854439240890224,0.0
2021-11-11,186663277.22852823,0.00036568640066041646,0.0
2021-11-12,190553365.46034557,0.020840136793777466,0.0
2021-11-15,194579119.7100711,0.021126649954462683,0.0
2021-11-16,193691353.52929965,-0.0045624945888039755,-0.004562494588803978
2021-11-17,200582020.75606713,0.03557550247448258,0.0
2021-11-18,205547368.59886286,0.024754700466569808,0.0
2021-11-19,203882706.2980578,-0.008098679696813552,-0.008098679696813549
2021-11-22,202060513.13403773,-0.008937458194007796,-0.016963756279604447
2021-11-23,197940656.0907732,-0.020389223898147842,-0.03700710235281379
2021-11-24,199067420.1609438,0.005692433744656736,-0.03152532908638217
2021-11-25,198705318.24252272,-0.001818991365479767,-0.033286976150459946
2021-11-26,197940656.0907732,-0.003848221872029818,-0.03700710235281379
2021-11-29,198424636.51060817,0.002445078385579483,-0.03465250923331009
2021-11-30,194184460.44887134,-0.02136920160874345,-0.05528121438599809
2021-12-01,193120262.10736403,-0.00548034759860467,-0.06045860171409456
2021-12-02,191509740.91331577,-0.008339472909129009,-0.06829388175210505
2021-12-03,189739689.63611782,-0.009242617470821739,-0.07690528499829452
2021-12-06,188694853.6536347,-0.005506681203531543,-0.08198847331447368
2021-12-07,191992206.31858632,0.017474523555391665,-0.06594665926728638
2021-12-08,190746090.21943897,-0.006490451477387475,-0.07200908715260379
2021-12-09,192236783.05969244,0.007815063672018351,-0.0647567790816469
2021-12-10,193827463.2341765,0.00827458798033524,-0.05701802676714596
2021-12-13,197976032.98879206,0.021403415622291866,-0.03683499166971427
2021-12-14,200667862.1067155,0.013596742379800235,-0.02373908518220924
2021-12-15,201127760.69665575,0.0022918397849660405,-0.02150165157712247
2021-12-16,205137649.69090277,0.019937024010796802,-0.0019933065100905534
2021-12-17,200891884.87346476,-0.020697150541772503,-0.022649201286947807
2021-12-20,203299240.63678598,0.01198334001812734,-0.010937274348980952
2021-12-21,207369367.52589828,0.02002037428356151,0.0
2021-12-22,211528772.93035516,0.02005795481792853,0.0
2021-12-23,209273043.0154961,-0.010663938922397781,-0.010663938922397809
2021-12-24,203098011.97397062,-0.029507054289205508,-0.0398563317868833
2021-12-27,207761620.3922385,0.022962353855366994,-0.01780917312538366
2021-12-28,203279979.75160947,-0.021571070884834353,-0.03899608107433006
2021-12-29,207525744.56904748,0.0208862910288852,-0.01892427354374937
2021-12-30,206582241.27628347,-0.0045464397428054415,-0.02338467521721177
2021-12-31,201938920.15514594,-0.022476864867234853,-0.04533592589962521
2022-01-04,201402309.97423702,-0.0026572895432770004,-0.04787274476107428
2022-01-05,208829948.9641591,0.03687961171285575,-0.012758661286635609
2022-01-06,209670460.72673005,0.004024862174894283,-0.008785150964956245
2022-01-07,214113165.2294486,0.021188986218277316,0.0
2022-01-10,216165963.32914805,0.009587444552975721,0.0
2022-01-11,220005539.12167087,0.01776216631605613,0.0
2022-01-12,213781834.02198583,-0.02828885638303458,-0.028288856383034577
2022-01-13,205426263.84850582,-0.03908456586924358,-0.06626776458160988
2022-01-14,203034228.55274874,-0.011644252545629324,-0.07714037854081668
2022-01-17,196793612.42650905,-0.030736768724778648,-0.10550610129104432
2022-01-18,189860660.1827915,-0.035229559324780446,-0.13701872716126562
2022-01-19,189191233.7249417,-0.003525882914371514,-0.1400614980865903
2022-01-20,191564654.8027728,0.012545090124427862,-0.12927349207862104
2022-01-21,190225801.88707322,-0.006989039377217055,-0.1353590339292703
2022-01-24,187669809.9571013,-0.013436620608855615,-0.14697688655323715
2022-01-25,188821628.58033994,0.006137474234678144,-0.1417414791728726
2022-01-26,189809320.77669096,0.00523082129826445,-0.13725208222271323
2022-01-27,185317875.2872939,-0.023662934312278564,-0.15766722952913226
2022-01-28,187105934.3816181,0.009648605627234911,-0.1495398928199626
2022-02-07,190291780.5786756,0.017026965005608467,-0.1350591383363421
2022-02-08,197263660.13168144,0.0366378386486501,-0.10336957460608465
2022-02-09,201615597.95860085,0.022061528332254977,-0.08358853707269498
2022-02-10,202132436.73927063,0.0025634860888883444,-0.08123932903578301
2022-02-11,204145482.1172536,0.00995904175725932,-0.07208935314872278
2022-02-14,203519067.18624908,-0.0030684731521255742,-0.07493662205615736
2022-02-15,203543658.85244316,0.00012083224699323337,-0.07482484456958927
2022-02-16,200420638.19316387,-0.015343247128829928,-0.08902003561681171
2022-02-17,202306686.98877233,0.009410452000410763,-0.08044730238864783
2022-02-18,207935571.39982355,0.027823521282633663,-0.054862108336155124
2022-02-21,209749866.19633526,0.008725273815816437,-0.04661552143768466
2022-02-22,212527966.4797272,0.013244825056486694,-0.03398811080755704
2022-02-23,216998745.0714087,0.021036189569469874,-0.013666901580143054
2022-02-24,223923324.8754927,0.031910690551714034,0.0
2022-02-25,223881224.57575548,-0.00018801212317039293,-0.00018801212317043348
2022-02-28,220532988.6408118,-0.01495541192115787,-0.015140612245580054
2022-03-01,223039063.44445056,0.011363718503450157,-0.003948947397658609
2022-03-02,225231839.90943962,0.009831356136120042,0.0
2022-03-03,226020288.90074354,0.0035006107112606163,0.0
2022-03-04,226772303.32308215,0.003327198748378075,0.0
2022-03-07,221382676.33843023,-0.02376668978386364,-0.023766689783863648
2022-03-08,212050584.62790263,-0.042153667418228895,-0.0649185040653113
2022-03-09,211247232.8678134,-0.0037884911352586282,-0.06846105202340425
2022-03-10,216859005.9137507,0.02656495410497912,-0.043714762623405456
2022-03-11,217767809.69477424,0.004190758770631744,-0.03970720187764387
2022-03-14,214979563.33768016,-0.01280375809906026,-0.05200255856907221
2022-03-15,216594592.29255748,0.007512476673610611,-0.04488074990367985
2022-03-16,222759376.98386186,0.028462320439549667,-0.017695839749455988
2022-03-17,226941176.39107418,0.018772719980785696,0.0
2022-03-18,228984835.28819704,0.009005236200949028,0.0
2022-03-21,231946814.62183633,0.01293526416241228,0.0
2022-03-22,233449606.64873752,0.006479037141990167,0.0
2022-03-23,236338839.95211694,0.012376261176257763,0.0
2022-03-24,236940423.4000057,0.002545427776537469,0.0
2022-03-25,241495038.66660297,0.019222618079432204,0.0
2022-03-28,243234679.3779941,0.007203629196675919,0.0
2022-03-29,242665134.85381323,-0.002341543260349688,-0.0023415432603497432
2022-03-30,240268467.9319244,-0.009876437022288484,-0.012194854178092407
2022-03-31,239429234.7910388,-0.0034928975412760886,-0.015645156343193523
2022-04-01,241067554.26062644,0.006842604124836563,-0.008909605829684697
2022-04-04,237369800.8202769,-0.015339075603479099,-0.024112016315745
2022-04-05,236821609.02274606,-0.0023094420420645256,-0.026365773053610986
2022-04-06,237142769.80617005,0.0013561295556992158,-0.02504539890200863
2022-04-07,233079737.52159274,-0.017133274979870786,-0.04174956417551079
2022-04-08,233910499.73696455,0.003564283297233655,-0.038334088152534695
2022-04-12,228822185.8607903,-0.021753251273013044,-0.05925344837364377
2022-04-13,233654091.93310243,0.021116423017004685,-0.0393882462377132
2022-04-14,237737023.69687593,0.017474257480337586,-0.02260226911383234
2022-04-15,237419902.78318477,-0.0013339147128194249,-0.023906034327337733
2022-04-18,236230699.356843,-0.005008861567211446,-0.028795153877982593
2022-04-19,239520828.83638865,0.013927611815497705,-0.015268589787864939
2022-04-20,238846946.89479494,-0.0028134586243187243,-0.018039090866563856
2022-04-21,237824092.89275858,-0.004282466304611798,-0.022244305372373763
2022-04-22,227113900.13443407,-0.045034094855789165,-0.06627664807002231
2022-04-25,214881886.05558896,-0.05385850038947284,-0.1165655875836028
2022-04-26,216279419.00046557,0.006503726165708895,-0.1108199720798827
2022-04-27,216675820.1425795,0.0018328195255280888,-0.10919026556300104
2022-04-28,217983943.91155547,0.006037239264239021,-0.10381223405729167
2022-04-29,220838032.13477582,0.013093112143976817,-0.09207834713574381
2022-05-04,221313713.50531253,0.0021539830161428444,-0.09012269931548578
2022-05-05,219068004.71661776,-0.010147174131804814,-0.09935538272410815
2022-05-06,217301388.55475914,-0.008064236327636615,-0.10661839376503468
2022-05-09,213665743.69991973,-0.01673088643850633,-0.1215654599652023
2022-05-10,213685739.74662134,9.358564623112114e-05,-0.12148325110110136
2022-05-11,213685739.74662134,0.0,-0.12148325110110136
2022-05-12,213685739.74662134,0.0,-0.12148325110110136
2022-05-13,213685739.74662134,0.0,-0.12148325110110136
2022-05-16,213685739.74662134,0.0,-0.12148325110110136
2022-05-17,213514791.15482405,-0.0007999999999999774,-0.12218606450022051
2022-05-18,212386483.98925507,-0.0052844449766986795,-0.12682482394214845
2022-05-19,212437012.27249035,0.00023790724478417376,-0.1266170892417986
2022-05-20,212298437.64912546,-0.0006523092274859694,-0.12718680497361468
2022-05-23,209967558.1805746,-0.010979258699977826,-0.13676964683856363
2022-05-24,210738521.98606777,0.0036718234577464482,-0.13360001737838667
2022-05-25,214886848.36771423,0.019684708531460166,-0.11654518624881804
2022-05-26,216136601.07282138,0.005815864091266193,-0.11140713312126627
2022-05-27,218412966.2443055,0.010532067036240442,-0.10204841347937443
2022-05-30,218923706.63731486,0.002338416083036374,-0.09994862904766655
2022-05-31,217669643.27450913,-0.005728312306000272,-0.10510440439192514
2022-06-01,217968570.04730743,0.0013733048315851515,-0.10387543994671233
2022-06-02,213615197.47165388,-0.01997247848489673,-0.12177326844216418
2022-06-03,211179093.04073054,-0.011404171892997486,-0.13178871704987516
2022-06-06,209635170.51737607,-0.007310962942040343,-0.13813617756538477
2022-06-07,207433346.54801577,-0.010503122944142566,-0.1471884392535242
2022-06-08,208962713.3155229,0.007372810557983862,-0.14090082117448188
2022-06-09,211953357.30811143,0.014311854709087751,-0.12860551854643443
2022-06-10,207874419.95921528,-0.019244504549020634,-0.14537507360875912
2022-06-13,201798541.98146123,-0.029228598588254086,-0.17035456252576486
2022-06-14,202546542.8845229,0.003706671493842632,-0.16727933943268247
2022-06-15,201041077.98779854,-0.0074326862126828696,-0.17346869080549743
2022-06-16,201041077.98779854,0.0,-0.17346869080549743
2022-06-17,201041077.98779854,0.0,-0.17346869080549743
2022-06-20,200960661.5566034,-0.0004000000000001018,-0.17379930332917526
2022-06-21,197575817.95130992,-0.01684331440330223,-0.1877152614234293
2022-06-22,200751062.1034081,0.01607101610421108,-0.17466102030856034
2022-06-23,200751062.1034081,0.0,-0.17466102030856034
2022-06-24,200751062.1034081,0.0,-0.17466102030856034
2022-06-27,200751062.1034081,0.0,-0.17466102030856034
2022-06-28,200751062.1034081,0.0,-0.17466102030856034
2022-06-29,200751062.1034081,0.0,-0.17466102030856034
2022-06-30,200670761.67856675,-0.00039999999999990596,-0.1749911559004369
2022-07-01,200303859.53803658,-0.0018283786709190385,-0.17649958447430802
2022-07-04,200303859.53803658,0.0,-0.17649958447430802
2022-07-05,199936957.39750642,-0.0018317277628916398,-0.17800801304817926
2022-07-06,199936957.39750642,0.0,-0.17800801304817926
2022-07-07,199570055.25697628,-0.0018350891466287521,-0.17951644162205038
2022-07-08,200303859.53803658,0.003676925779849214,-0.17649958447430802
2022-07-11,200303859.53803658,0.0,-0.17649958447430802
2022-07-12,200510192.94905394,0.0010301020234618932,-0.17565129502995336
2022-07-13,202012219.60832465,0.007491023958329849,-0.1694760791310045
2022-07-14,202162422.27425173,0.0007435325754962035,-0.16885855754110957
2022-07-15,202913435.60388708,0.003714900727774888,-0.16577094959163519
2022-07-18,203213840.93574125,0.001480460527220061,-0.16453590641184535
2022-07-19,203213840.93574125,0.0,-0.16453590641184535
2022-07-20,204415462.26315778,0.005913088015478763,-0.15959573369268643
2022-07-21,205016272.92686608,0.002939164469539175,-0.15712564733310685
2022-07-22,205064466.23494634,0.00023507064776973885,-0.15692751231303692
2022-07-25,203179319.8494903,-0.00919294512632031,-0.16467783142985348
2022-07-26,203179319.8494903,0.0,-0.16467783142985348
2022-07-27,203328193.4160668,0.000732720075481906,-0.16406577410744705
2022-07-28,205331926.1111019,0.009854672199515874,-0.15582791633091997
2022-07-29,205889550.04735634,0.002715719600042714,-0.15353538165749092
2022-08-01,206700145.38647637,0.003937039732874187,-0.15020281682260428
2022-08-02,207243280.8494408,0.0026276491579090137,-0.1479698479698347
2022-08-03,209253191.0364369,0.00969831291397207,-0.139706592943307
2022-08-04,210337837.33643013,0.005183415816126691,-0.13524733449065984
2022-08-05,212092035.0391288,0.00833990557720189,-0.12803537891267824
2022-08-08,211297952.62267196,-0.003744046382082893,-0.13130005489756447
2022-08-09,211199579.7376775,-0.0004655647807914063,-0.1317044909970796
2022-08-10,215650583.821744,0.021074871879929367,-0.11340527439092507
2022-08-11,213896386.11904532,-0.00813444448705361,-0.12061722996890656
2022-08-12,217795881.17326957,0.018230766423767277,-0.10458540809138428
2022-08-15,216661579.20077646,-0.005208096527733266,-0.10924881371838524
2022-08-16,216870514.7729544,0.0009643406687455632,-0.1083898261237205
2022-08-17,215882006.98056126,-0.004558055268269337,-0.11245383457399982
2022-08-18,213842478.3055645,-0.009447423171215975,-0.12083885878276934
2022-08-19,217241723.12574255,0.015896022376437304,-0.106863693609486
2022-08-22,219713273.7689547,0.011376961145633942,-0.09670251655392614
2022-08-23,223184390.52707225,0.015798393508840533,-0.08243186745489972
2022-08-24,224988699.07391036,0.008084385035069207,-0.07501389337549569
2022-08-25,225924050.12011826,0.004157324568113688,-0.07116842590926187
2022-08-26,228902787.11599976,0.013184683057415873,-0.05892207599115473
2022-08-29,226436363.9374025,-0.010774980985038755,-0.0690621727277898
2022-08-30,225539692.3544171,-0.0039599274930650396,-0.07274861902433927
2022-08-31,227038080.76500565,0.0066435685663433835,-0.06658836089659093
2022-09-05,229327820.70021838,0.010085268195967145,-0.0571746541789957
2022-09-06,228737110.7673027,-0.0025758319732514033,-0.05960321384995326
2022-09-07,225336358.84546953,-0.014867512798536604,-0.07358457510374172
2022-09-08,222650613.82570705,-0.011918826742045247,-0.08462636004423851
2022-09-09,226763566.6532813,0.018472676795734822,-0.06771695864600036
2022-09-12,227524235.54969972,0.003354458159416216,-0.06458965419104512
2022-09-13,228426948.522454,0.003967546448725828,-0.06087837019542941
2022-09-14,228933110.69255283,0.002215860139851609,-0.05879740800947297
2022-09-15,227738954.86883292,-0.005216177861330063,-0.06370688813284042
2022-09-16,222493693.32904664,-0.023031903096276642,-0.08527150035507614
2022-09-19,216158468.1777772,-0.02847372910431331,-0.11131723185796061
2022-09-20,220747602.30347764,0.0212304156500876,-0.09245012730923474
2022-09-21,217825504.7853347,-0.013237278627949583,-0.10446361784280256
2022-09-22,220264379.79281938,0.011196462094226138,-0.0944367786859791
2022-09-23,217996600.32379124,-0.010295715862733765,-0.10376020030837019
2022-09-26,211665858.77446318,-0.029040551733031536,-0.12978749857651672
2022-09-27,209146679.9713398,-0.011901677567224723,-0.1401444871834271
2022-09-28,209146679.9713398,0.0,-0.1401444871834271
2022-09-29,209146679.9713398,0.0,-0.1401444871834271
2022-09-30,209063021.29935127,-0.00039999999999990976,-0.14048842938855366
2022-10-03,205425067.45264652,-0.017401230615029094,-0.15544498844504928
2022-10-04,204492609.94903624,-0.004539161238563196,-0.15927855981733385
2022-10-05,204492609.94903624,0.0,-0.15927855981733385
2022-10-06,204492609.94903624,0.0,-0.15927855981733385
2022-10-07,204492609.94903624,0.0,-0.15927855981733385
2022-10-10,204492609.94903624,0.0,-0.15927855981733385
2022-10-11,204492609.94903624,0.0,-0.15927855981733385
2022-10-12,204247218.8170974,-0.001200000000000007,-0.16028742554555309
2022-10-13,205929690.75102356,0.008237428855434317,-0.153370352954471
2022-10-14,208351568.78604674,0.011760703501231984,-0.1434133927002158
2022-10-17,207512321.35267305,-0.0040280351055839705,-0.1468637536253924
2022-10-18,208326088.52386385,0.0039215366388185595,-0.14351814857733025
2022-10-19,207991986.3543633,-0.0016037461840132808,-0.14489172807822592
2022-10-20,207082185.28738067,-0.004374212117156123,-0.14863215304274657
2022-10-21,201729650.05308154,-0.025847395935440227,-0.17063779486975406
2022-10-24,197524711.41269213,-0.020844425394496834,-0.1879253734796068
2022-10-25,194852300.2865826,-0.013529502749283967,-0.19891233937173824
2022-10-26,195959813.16742998,0.005683858385138382,-0.1943590705546454
2022-10-27,198453625.48388165,0.012726141529441707,-0.18410637006461283
2022-10-28,198079553.6364139,-0.0018849333014484652,-0.18564427513811776
2022-10-31,197705481.78894615,-0.0018884929847650005,-0.18718218021162258
2022-11-01,200448675.337043,0.013875151681556508,-0.1759042096725868
2022-11-02,199825222.25793004,-0.003110287848321503,-0.17846738479509505
2022-11-03,198833027.28138483,-0.0049653140145867625,-0.18254655220281213
2022-11-04,194908871.47638756,-0.01973593551660747,-0.19867976073636584
2022-11-07,193268242.2732659,-0.008417416768638044,-0.20542480715539257
2022-11-08,194289150.36846077,0.0052823375593771555,-0.2012275927704802
2022-11-09,195442110.41014403,0.005934248204270382,-0.19648747904725772
2022-11-10,192071909.3193628,-0.017243986384043456,-0.21034323801797528
2022-11-11,192426667.3289187,0.0018470062114394926,-0.20888473707368926
2022-11-14,191185014.295473,-0.006452603740848996,-0.2139894903786903
2022-11-15,187683221.62543064,-0.018316250794795076,-0.22838625600025886
2022-11-16,194015565.7356686,0.03373953225758108,-0.20235236919418675
2022-11-17,197935169.0008427,0.020202519577806718,-0.1862378773166411
2022-11-18,197371085.70724046,-0.002849838643883577,-0.18855696806079292
2022-11-21,196345925.63451988,-0.005194074243687356,-0.19277166341320784
2022-11-22,195770472.27975297,-0.0029308138323076768,-0.19513749938790714
2022-11-23,195781842.34091765,5.807852957737928e-05,-0.19509075415735966
2022-11-24,196120292.31707898,0.0017287097317839277,-0.19369929971086863
2022-11-25,199707910.59513804,0.018292947841719285,-0.17894968305573777
2022-11-28,206662418.90593356,0.034823399283838014,-0.15035792003666604
2022-11-29,208021123.8826972,0.006574514050288345,-0.1447719362442309
2022-11-30,210274337.22324997,0.010831656413044672,-0.1355083997028349
2022-12-01,215006397.22179642,0.022504220253574667,-0.11605369032238222
2022-12-02,221504733.82559186,0.030223922114707504,-0.08933736590510288
2022-12-05,222619970.43470365,0.005034820655299853,-0.08475234286495203
2022-12-06,213879790.55152005,-0.03926053833408072,-0.12068545859308022
2022-12-07,210653512.6169199,-0.015084538498381353,-0.13394951264511945
2022-12-08,215299255.7665,0.02205395529306232,-0.11484967391546008
2022-12-09,219095156.2933829,0.017630811185895184,-0.09924375564513
2022-12-12,217955602.69497427,-0.0052011811565688005,-0.10392875204993024
2022-12-13,221187313.57869032,0.014827381557329268,-0.0906423617540223
2022-12-14,223133015.55559254,0.008796625563292117,-0.08264308310725277
2022-12-15,223544350.6081566,0.0018434522185784405,-0.08095197946357857
2022-12-16,224137445.61894387,0.00265314247116401,-0.07851361412725422
2022-12-19,220462014.32278737,-0.01639811360394058,-0.09362425256728013
2022-12-20,214155316.14348423,-0.028606733902327715,-0.11955270238961135
2022-12-21,218476095.1848961,0.02017591306730369,-0.10178887425268168
2022-12-22,221238824.99446073,0.012645455820814284,-0.09043058514428004
2022-12-23,228881677.8871439,0.03454571272865211,-0.0590088614319062
2022-12-26,228597328.56924415,-0.0012423419844028295,-0.06017789423030029
2022-12-27,227899942.80747503,-0.003050717023396324,-0.06304502552733615
2022-12-28,227746019.69325882,-0.0006753977746551669,-0.06367784283204703
2022-12-29,227001596.51408467,-0.00326865505784376,-0.06673835698684527
2022-12-30,227745815.349292,0.003278474013556847,-0.06367868294237733
2023-01-03,237488348.38853472,0.04277809901490689,-0.023624636931518284
2023-01-04,233977990.32937452,-0.01478118014201354,-0.038056617059257336
2023-01-05,236461249.6319656,0.010613217504327489,-0.027847302709258726
2023-01-06,234649480.6222994,-0.0076620123275424135,-0.03529594866015395
2023-01-09,233318901.15196303,-0.005670498254705827,-0.04076630129958414
2023-01-10,233198703.90026787,-0.0005151629426579134,-0.04126046295450336
2023-01-11,235247656.03438163,0.00878629297609662,-0.03283669649425436
2023-01-12,233160600.95184767,-0.008871735930193204,-0.04141711392433067
2023-01-13,233080558.86604005,-0.000343291643102909,-0.04174618741834191
2023-01-16,232798131.16788235,-0.0012117170970060162,-0.042907319946318245
2023-01-17,234962144.03241754,0.009295662528212501,-0.03401050938431682
2023-01-18,238952570.7258701,0.016983274943652246,-0.017604844272512077
2023-01-19,238995012.32772395,0.0001776151716004643,-0.01743035598834808
2023-01-27,238827179.69952166,-0.0007022432249429014,-0.01812035886388985
2023-01-30,241774613.72043002,0.012341283871528544,-0.006002703484954464
2023-01-31,244337383.12617713,0.010599828353817616,0.0
2023-02-01,239299508.02172923,-0.020618519524072645,-0.020618519524072676
2023-02-02,235045666.8598156,-0.017776221928243036,-0.038028222073423934
2023-02-03,235014831.77242184,-0.00013118764453611963,-0.038154420885080365
2023-02-06,237349526.87375957,0.009934245782404696,-0.028599210497433414
2023-02-07,227870927.45760593,-0.039935194061688925,-0.06739228953789622
2023-02-08,224325814.51551947,-0.01555754822100334,-0.08190137896468985
2023-02-09,223949771.0160017,-0.0016763273559483852,-0.08344041279858994
2023-02-10,222371872.7210148,-0.007045768735678499,-0.08989827968247999
2023-02-13,221411826.1680408,-0.00431730209952609,-0.09382746375038908
2023-02-14,221685582.01680964,0.0012364102383630715,-0.09270706274884666
2023-02-15,222440311.683207,0.0034045049729040763,-0.08961817943209438
2023-02-16,223674114.0849498,0.005546667294280416,-0.08456859436264286
2023-02-17,222645628.5697836,-0.004598142790790632,-0.08877787868093767
2023-02-20,223881332.0538095,0.0055500909313321205,-0.08372051304897554
2023-02-21,224981935.20401612,0.0049160112641374555,-0.07921607277002618
2023-02-22,220081140.60031104,-0.021783058267593722,-0.09927356270874044
2023-02-23,224226932.7896396,0.018837562264627284,-0.08230607236287046
2023-02-24,223070223.50429308,-0.005158654542323356,-0.08704013831113833
2023-02-27,222644067.45179698,-0.0019104120926650878,-0.08878426787102656
2023-02-28,222461429.14358437,-0.0008203151797527673,-0.08953175196812146
2023-03-01,224348691.66178134,0.00848354937510927,-0.08180774963147386
2023-03-02,225261883.2028444,0.004070411707324594,-0.0780703291459991
2023-03-03,224563227.60659885,-0.003101526038546121,-0.08092971802586102
2023-03-06,223259084.05634063,-0.005807467073562389,-0.08626718842671555
2023-03-07,227480494.30280873,0.01890812310867853,-0.0689902159370489
2023-03-08,230371721.7863958,0.012709781963716077,-0.05715728457552238
2023-03-09,230241161.9034288,-0.000566735717190378,-0.057691627218046215
2023-03-10,231923237.85657084,0.007305713449481151,-0.05080739226545439
2023-03-13,231270802.26158887,-0.002813153183836872,-0.05347761647197724
2023-03-14,229144604.41444743,-0.009193542056971447,-0.062179509812806955
2023-03-15,231711282.4981223,0.011201128170718779,-0.05167486230109386
2023-03-16,232193656.66916445,0.0020817897421376245,-0.04970064875722102
2023-03-17,234308330.16780904,0.00910736980923485,-0.04104592113597716
2023-03-20,230175000.7780259,-0.017640556726356674,-0.057962404962148995
2023-03-21,231903317.71313435,0.007508708283986026,-0.05088891946846208
2023-03-22,232890927.39033917,0.004258713014302348,-0.04684692775778376
2023-03-23,234125439.48684517,0.005300816611189337,-0.04179443811943617
2023-03-24,235897192.95868254,0.007567539331568116,-0.034543179842177585
2023-03-27,238089813.4649121,0.009294813892141514,-0.025569438377911924
2023-03-28,236307292.04032186,-0.007486760557494094,-0.03286476667268101
2023-03-29,234493731.9676801,-0.007674583619418341,-0.040287126892137204
2023-03-30,229249924.94217256,-0.022362248156937027,-0.061748464319982266
2023-03-31,231126746.0563989,0.008186790528719965,-0.054067195534120094
2023-04-03,237220903.08989668,0.026367164932139447,-0.029125629264047048
2023-04-04,240927362.39746577,0.015624505510648425,-0.01395619730833575
2023-04-05,243374593.46468145,0.010157547249358932,-0.0039404107925576914
2023-04-06,244118052.90545547,0.0030547947926286498,-0.0008976531462989712
2023-04-07,247673451.02640647,0.014564257246177397,0.0
2023-04-10,246154776.5974185,-0.006131761085793817,-0.00613176108579383
2023-04-11,251956513.71905068,0.02356946796576213,0.0
2023-04-12,252539827.82173645,0.0023151380136026798,0.0
2023-04-13,250251565.75931165,-0.009060994783128044,-0.009060994783128051
2023-04-14,245808642.60045815,-0.017753827614915466,-0.026653955058644208
2023-04-17,249682456.3570335,0.015759469299344016,-0.01131453794575299
2023-04-18,254638846.77764514,0.01985077563288731,0.0
2023-04-19,260141579.88665923,0.021609951421980682,0.0
2023-04-20,257739111.1807296,-0.009235235316770066,-0.009235235316770063
2023-04-21,257427699.37937284,-0.0012082442588171927,-0.010432321155536939
2023-04-24,255226513.04619804,-0.00855069729668404,-0.01889381483191821
2023-04-25,250023007.1793082,-0.020387795158052245,-0.0388964067634231
2023-04-26,253715865.037116,0.01477007216043678,-0.024700837337663817
2023-04-27,253025326.71302328,-0.002721699425424963,-0.02735530850829937
2023-04-28,255738526.23107988,0.01072303533129655,-0.016925605116635767
2023-05-04,255445781.70271486,-0.0011447024923436772,-0.01805093282661807
2023-05-05,257489565.73605233,0.00800085254770818,-0.010194503130804167
2023-05-08,256839352.12159008,-0.002525203740212052,-0.012693963673580777
2023-05-09,255280078.89529443,-0.006071005916404414,-0.018687904461420213
2023-05-10,254898918.91008884,-0.0014931050901231002,-0.02015310654626823
2023-05-11,258991232.12105978,0.016054651108247463,-0.004422006532368461
2023-05-12,263034694.02485532,0.01561235054438257,0.0
2023-05-15,259700119.59982854,-0.01267731786253138,-0.012677317862531345
2023-05-16,262071654.43607184,0.009131820346858506,-0.003661264504873585
2023-05-17,258788475.12961036,-0.012527792498300735,-0.016143189441175765
2023-05-18,260990126.91063073,0.008507534116106634,-0.007772994059982774
2023-05-19,256108601.550413,-0.018703869828337497,-0.026331478819245913
2023-05-22,258803713.7663177,0.010523317840904968,-0.016085255499176943
2023-05-23,260227449.98321593,0.005501220195718561,-0.010672523835863701
2023-05-24,262481014.34448722,0.008659979419606355,-0.002104968253031192
2023-05-25,264829943.8105956,0.008948949972532424,0.0
2023-05-26,262162332.98324433,-0.010072919961268155,-0.010072919961268134
2023-05-29,266872232.4160874,0.017965584068646828,0.0
2023-05-30,274423570.2524658,0.028295704532515432,0.0
2023-05-31,271601461.69419366,-0.010283768831065873,-0.010283768831065854
2023-06-01,275043117.64119864,0.012671713640775852,0.0
2023-06-02,274628612.3177839,-0.0015070557917230877,-0.0015070557917230554
2023-06-05,271050780.5569764,-0.013027891488114356,-0.014515313520516382
2023-06-06,277074422.7924898,0.022223297874795257,0.0
2023-06-07,277070524.28617054,-1.4070249718445355e-05,-1.4070249718445282e-05
2023-06-08,273853950.0803811,-0.011609225535904455,-0.011623132440920614
2023-06-09,279604978.5093559,0.021000348643087953,0.0
2023-06-12,281736899.1616311,0.007624759271601697,0.0
2023-06-13,279723645.1054838,-0.007145865742606696,-0.007145865742606672
2023-06-14,274373875.22831994,-0.019125197210791492,-0.026134396861828946
2023-06-15,275137358.3343329,0.0027826377616221977,-0.023424481659791718
2023-06-16,275639166.9542503,0.0018238476336158629,-0.021643356711619766
2023-06-19,275602895.8511084,-0.0001315890754666373,-0.021772097757786768
2023-06-20,279676235.5722724,0.014779742094453999,-0.007314141653048112
2023-06-21,288937652.9525371,0.03311478131602431,0.0
2023-06-22,289528165.99146605,0.002043738615908006,0.0
2023-06-23,294926331.05968827,0.018644697484739146,0.0
2023-06-26,288244645.8540168,-0.022655437992476928,-0.022655437992476934
2023-06-27,284861967.99513847,-0.011735440389034986,-0.034125006839463734
2023-06-28,284730354.58230704,-0.00046202521788964054,-0.03457126544363287
2023-06-29,275680890.236127,-0.031782576745129194,-0.06525507829162358
2023-06-30,278914391.98417,0.011729147222621895,-0.05429131748930782
2023-07-03,280467035.9685918,0.00556674029395339,-0.049026802860034024
2023-07-04,289359256.34672254,0.0317050463610509,-0.018876153556594555
2023-07-05,287082592.7339895,-0.007867948105330596,-0.026595585065313676
2023-07-06,284387701.15233916,-0.00938716470401743,-0.03573309263192326
2023-07-07,287088470.0398364,0.009496785116071226,-0.026575657018110044
2023-07-10,291625601.6456912,0.015803949232880154,-0.011191708119574595
2023-07-11,295103014.45837367,0.011924237080211194,0.0
2023-07-12,293261699.9499755,-0.006239565230391455,-0.006239565230391486
2023-07-13,296149640.0671303,0.009847655243243358,0.0
2023-07-14,297060979.3396918,0.0030772931966248913,0.0
2023-07-17,294220534.2838613,-0.00956182485543638,-0.00956182485543633
2023-07-18,292242811.93402296,-0.006721904555887415,-0.016219455737265465
2023-07-19,293637769.12177217,0.004773281431688845,-0.011523594332479403
2023-07-20,293576292.18774015,-0.0002093631695128713,-0.011730544885758643
2023-07-21,298178687.9330545,0.0156770007244698,0.0
2023-07-24,294285898.8054326,-0.01305522253990157,-0.013055222539901545
2023-07-25,293360499.4018527,-0.0031445591084597615,-0.016158728729410488
2023-07-26,296053333.2673882,0.00917926534426431,-0.007127788643779498
2023-07-27,297512600.8216292,0.0049290698339242356,-0.0022338521778418885
2023-07-28,302366431.52542347,0.016314706302824153,0.0
2023-07-31,304819138.0400787,0.008111702421070524,0.0
2023-08-01,300064833.58078676,-0.015597132417147712,-0.015597132417147663
2023-08-02,306951134.19480217,0.02294937574602988,0.0
2023-08-03,308642795.951714,0.005511176107393776,0.0
2023-08-04,310512365.56569123,0.0060573894433931345,0.0
2023-08-07,311325054.59666324,0.0026172517461307784,0.0
2023-08-08,305253640.44485945,-0.01950184883021896,-0.019501848830218993
2023-08-09,309609603.05531365,0.014269977596683425,-0.005510162179436673
2023-08-10,304335370.3050539,-0.017035107109767144,-0.022451403086284905
2023-08-11,307886292.34088624,0.011667792778318998,-0.011045568626759206
2023-08-14,318416206.04447246,0.03420065772830083,0.0
2023-08-15,316718643.39159775,-0.005331269642216683,-0.005331269642216641
2023-08-16,323196102.9393081,0.020451778519717544,0.0
2023-08-17,322122703.3231385,-0.0033212022249265844,-0.0033212022249266004
2023-08-18,306556668.56318945,-0.04832330847644076,-0.05148401922173962
2023-08-21,307318796.1747498,0.002486090467815904,-0.049125922683355694
2023-08-22,312173106.2479309,0.01579568231297119,-0.03410621783842238
2023-08-23,310423509.0947125,-0.005604573610607064,-0.03951964064057456
2023-08-24,322344429.2561963,0.03840211779142882,-0.0026351607441000846
2023-08-25,325029925.46023756,0.008331138869804496,0.0
2023-08-28,329181772.61763126,0.012773738145848385,0.0
2023-08-29,329197669.2517691,4.829135590181655e-05,0.0
2023-08-30,336202721.1676516,0.021279166197634987,0.0
2023-08-31,338655510.5774088,0.007295566797432563,0.0
2023-09-05,337968182.43405694,-0.002029579091094535,-0.00202957909109458
2023-09-06,342346438.01563,0.012954638362820849,0.0
2023-09-07,340365613.4320136,-0.005786023640549752,-0.005786023640549698
2023-09-08,339811601.32043386,-0.0016276970696112272,-0.007404302816436559
2023-09-11,336993586.0859727,-0.008292875297697122,-0.01563577515421055
2023-09-12,350462156.2787118,0.03996684432238129,0.0
2023-09-13,347202934.6440845,-0.009299781948597393,-0.009299781948597374
2023-09-14,341412259.3361951,-0.016678071323980557,-0.025822750845941767
2023-09-15,341321277.7374324,-0.000266486033452887,-0.026082355476948926
2023-09-18,336586235.1454532,-0.013872685064837133,-0.039593208238505206
2023-09-19,338773971.9335887,0.006499780917036179,-0.03335077450082191
2023-09-20,341587967.5152758,0.008306410216894503,-0.02532138949798235
2023-09-21,332826726.2999129,-0.02564856508000694,-0.05032049727153409
2023-09-22,323268866.7435289,-0.02871722371169003,-0.07759265600579401
2023-09-25,313656460.9130504,-0.029735018801252712,-0.10502045572187524
2023-09-26,315061155.0844975,0.004478448068176403,-0.10101233631074547
2023-09-27,320422527.07918286,0.017016924835584583,-0.08571433080962765
2023-09-28,318121055.2387313,-0.007182615596445872,-0.09228129331676138
2023-09-29,317547120.908705,-0.0018041381435618094,-0.09391894325911321
2023-10-02,318767391.0748189,0.0038428002830633175,-0.09043705471779107
2023-10-03,308394240.0396481,-0.03254144346507538,-0.12003554587961951
2023-10-04,315375160.01089936,0.022636350051005366,-0.1001163624637087
2023-10-05,314273685.76452583,-0.003492584027021872,-0.10325928168234633
2023-10-06,316828531.6540757,0.008129366234830451,-0.0959693479654572
2023-10-09,319899114.3702396,0.009691623100145859,-0.08720782361495927
2023-10-10,320431529.62571514,0.0016643223802718097,-0.08568864316726466
2023-10-11,326856482.6840174,0.02005093901279642,-0.06735584191270427
2023-10-12,326355112.63702863,-0.0015339149551868477,-0.06878643873466206
2023-10-13,331644372.4482181,0.016207068945391933,-0.0536941963443508
2023-10-16,328619419.0340457,-0.009121075662590107,-0.062325523179442066
2023-10-17,319342172.24449575,-0.028230975566872398,-0.0887969884242431
2023-10-18,317101989.0281466,-0.007014993355259038,-0.09518907149573907
2023-10-19,309148477.1423129,-0.025081873217540022,-0.11788342449032763
2023-10-20,313533525.8836417,0.014184280582143154,-0.10537123547713911
2023-10-23,312594891.6513751,-0.002993728436604097,-0.10804951104969518
2023-10-24,315663355.0140694,0.009816102068988386,-0.09929403400967496
2023-10-25,314691973.952314,-0.003077269015632378,-0.10206574857101214
2023-10-26,301124184.02811307,-0.043114508939643026,-0.1407797428814589
2023-10-27,301175295.7273906,0.00016973628153608668,-0.14063390202999515
2023-10-30,299240825.17668045,-0.006423071806198645,-0.14615367218506925
2023-10-31,296532566.40568626,-0.009050432103958917,-0.15388135040217288
2023-11-01,298231255.30794966,0.005728507067043106,-0.1490343537383948
2023-11-02,304186126.3764943,0.019967293711035432,-0.1320428727414883
2023-11-03,305968814.5655366,0.005860517737208956,-0.12695619460205276
2023-11-06,307018148.83794737,0.0034295464846662974,-0.12396205028829055
2023-11-07,304416551.36321485,-0.008473757934439613,-0.13138538381553044
2023-11-08,308430200.6096703,0.013184727402244769,-0.11993293688353268
2023-11-09,311610189.6447357,0.010310238844249255,-0.11085923526384489
2023-11-10,309398637.70008546,-0.007097174669325177,-0.11716962257679475
2023-11-13,309497857.08452916,0.0003206846196261481,-0.1168865124530164
2023-11-14,310527782.2441771,0.003327729533735193,-0.11394774961886645
2023-11-15,315374004.7917077,0.015606405689394531,-0.10011965873741746
2023-11-16,315070601.5409988,-0.0009620426734577066,-0.10098538202671781
2023-11-17,307328384.09634876,-0.02457296049451504,-0.12307683271816683
2023-11-20,307624955.3393651,0.0009649978926885771,-0.12223060370968997
2023-11-21,308694785.6348535,0.003477709714116477,-0.11917797655345708
2023-11-22,307962518.62853664,-0.002372139214502376,-0.12126740901627198
2023-11-23,304412796.1853632,-0.011526475556121593,-0.1313960987466133
2023-11-24,304029149.6132462,-0.0012602839858392838,-0.1324907863334004
2023-11-27,305191040.35519195,0.003821642574153756,-0.1291754761889815
2023-11-28,308349454.2693616,0.010348973254568015,-0.12016333648263933
2023-11-29,309102650.3484833,0.0024426703815851325,-0.11801418552403276
2023-11-30,310004622.0648055,0.002918032942471693,-0.11544052186259923
2023-12-01,311603401.5998,0.005157276444285605,-0.11087860410243167
2023-12-04,316030190.69777894,0.014206485151482349,-0.09824731419374755
2023-12-05,311582057.3061451,-0.014075026761881866,-0.11093950737906944
2023-12-06,317356064.82540596,0.01853125808713571,-0.09446409793523491
2023-12-07,316046372.64052296,-0.004126885634290708,-0.09820114104080047
2023-12-08,312782283.74420005,-0.01032787963694031,-0.10751481111286121
2023-12-11,318476862.0230056,0.018206204682176628,-0.09126604308817088
2023-12-12,319501257.6224518,0.003216546385627785,-0.08834305816356891
2023-12-13,320849285.5034439,0.004219162988663575,-0.08449662893621446
2023-12-14,318105528.8620274,-0.008551543560744628,-0.0923255958938749
2023-12-15,316006217.53224367,-0.006599417926792075,-0.09831571862802324
2023-12-18,315162431.59149784,-0.0026701561359618975,-0.10072335644462904
2023-12-19,310866292.8071004,-0.013631506657385875,-0.11298185199808564
2023-12-20,312421724.7171812,0.005003539933633047,-0.1085436212727009
2023-12-21,318446789.75843626,0.019285038665954577,-0.091351850539933
2023-12-22,318290456.1050251,-0.0004909255123273177,-0.09179792909823203
2023-12-25,321269869.71590495,0.00936067530060258,-0.08329654440518575
2023-12-26,321277592.4666687,2.403820430033807e-05,-0.08327450850023732
2023-12-27,321201370.0500321,-0.00023724784555136246,-0.08349199964805765
2023-12-28,318713018.6171004,-0.007747013758204277,-0.0905921997362884
2023-12-29,316144667.1050908,-0.008058508319345499,-0.09792067006039118
2024-01-02,317972020.1038895,0.00578011647494054,-0.09270654646370391
2024-01-03,325050554.8121196,0.02226150183251137,-0.07250883158518018
2024-01-04,323420180.39308995,-0.005015756456628771,-0.0771609014016229
2024-01-05,322110488.20820695,-0.004049506692164905,-0.08089794450718846
2024-01-08,324642756.0162521,0.007861488218316979,-0.07367243452650085
2024-01-09,327800758.04028714,0.009727622026092404,-0.06466147009722423
2024-01-10,321154449.1923284,-0.020275452954083478,-0.08362588245640956
2024-01-11,327505806.31345123,0.019776643721100145,-0.0655030780185124
2024-01-12,322975061.3790531,-0.013834090410176735,-0.07843099292523625
2024-01-15,316903473.32093495,-0.018798937701856703,-0.09575551127719661
2024-01-16,322536160.7808402,0.017774142393828934,-0.07968334097580254
2024-01-17,321822109.857538,-0.002213863157462902,-0.0817207961204155
2024-01-18,321405280.73953056,-0.0012952159135117863,-0.08291016595832734
2024-01-19,323002549.3216039,0.0049696401328507426,-0.0783525595136444
2024-01-22,325750590.9035683,0.00850780152582725,-0.07051136601319974
2024-01-23,329769073.5300039,0.012336071640849811,-0.05904512763498293
2024-01-24,323433519.98929924,-0.019212091276134265,-0.0771228385295829
2024-01-25,326225244.55329,0.00863152515572021,-0.06915700109471135
2024-01-26,328117515.702974,0.005800504961763936,-0.063757641660938
2024-01-29,329144428.67848825,0.0031297109308965954,-0.06082747371807584
2024-01-30,329826779.6636355,0.0020731050739241446,-0.05888047038855071
2024-01-31,323949076.1485748,-0.017820576973934237,-0.07565176340766422
2024-02-01,325856620.94502085,0.005888409434979083,-0.07020882253010774
2024-02-02,323871620.72345275,-0.006091636916295835,-0.0758727727912295
2024-02-05,320389018.7026796,-0.010753032368176815,-0.0858099427777188
2024-02-06,320976077.83986133,0.0018323322676878282,-0.08413484283707107
2024-02-07,319204912.700119,-0.005518059637534638,-0.08918864139423621
2024-02-15,320090788.4712962,0.0027752573219617695,-0.08666090550233951
2024-02-16,315986604.5473826,-0.012821936999544854,-0.09837168183120992
2024-02-19,318688607.77725446,0.008551005615387408,-0.09066185301955632
2024-02-20,322188463.4738301,0.010982054617471124,-0.08067545182366709
2024-02-21,323337838.9192439,0.003567400995743992,-0.07739585251509096
2024-02-22,322685771.61828667,-0.002016674890686276,-0.07925644513336672
2024-02-23,318798358.99872047,-0.012047053082231102,-0.0903486916139673
2024-02-26,329422884.0381469,0.03332678710391068,-0.06003293612059213
2024-02-27,333639186.65691745,0.012799058059009329,-0.048002243096443076
2024-02-28,332815296.8325253,-0.002469403647238084,-0.05035310982950314
2024-02-29,329980032.3994548,-0.00851903280905163,-0.058443182843879504
2024-03-01,333733558.2820706,0.011375009134104221,-0.047732965448450515
2024-03-04,335955827.5681121,0.006658812789102985,-0.04139199754013745
2024-03-05,340924493.30770737,0.014789639982023949,-0.027214530299868978
2024-03-06,336474540.3964148,-0.013052605484922345,-0.03991191525732973
2024-03-07,336378261.22189975,-0.00028614103878896153,-0.04018663585922688
2024-03-08,334183004.25352293,-0.006526155882970877,-0.04645052749216827
2024-03-11,338170926.19554174,0.011933347570822093,-0.03507149021075817
2024-03-12,348063805.44019526,0.02925407975176769,-0.00684339463062944
2024-03-13,356642404.2296414,0.024646627013104067,0.0
2024-03-14,355221231.55836546,-0.0039848673472962105,-0.003984867347296195
2024-03-15,363032998.35127467,0.021991272195749013,0.0
2024-03-18,347576040.9131694,-0.04257727949884315,-0.04257727949884316
2024-03-19,347824198.1600783,0.0007139653419635365,-0.04189371285879684
2024-03-20,351575572.2721784,0.010785259139370281,-0.0315602882689191
2024-03-21,353051398.26933724,0.004197748972207571,-0.027495021464354896
2024-03-22,355609881.70408624,0.007246773266699206,-0.020447498384170926
2024-03-25,347039836.20240134,-0.02409957074482058,-0.04405429319512755
2024-03-26,355793560.2354745,0.025223974656234625,-0.01994154291394523
2024-03-27,353409479.3267651,-0.006700742158266026,-0.026508661934906863
2024-03-28,357211039.23948634,0.010756813654130271,-0.016036997017430776
2024-03-29,356518643.600788,-0.0019383377405481975,-0.017944249641414944
2024-04-01,355594125.8218515,-0.002593182139365858,-0.020490899073106417
2024-04-02,364755314.5946891,0.02576304867709549,0.0
2024-04-03,358447274.39774466,-0.017293895234820143,-0.017293895234820167
2024-04-04,356624694.219708,-0.005084653471278,-0.02229061524166054
2024-04-05,346795153.83642393,-0.02756270259071949,-0.04923892823390996
2024-04-08,347027446.0093709,0.0006698253143887845,-0.048602084400105605
2024-04-09,352029358.7752186,0.014413594150454066,-0.03488902096906077
2024-04-10,348199939.8048896,-0.01087812386913498,-0.045387617746421416
2024-04-11,355605754.05689156,0.02126885563550561,-0.025084104800404017
2024-04-12,361475120.3627045,0.016505262467923804,-0.00899286206598382
2024-04-15,342346028.73217756,-0.05291952489380959,-0.061436488971825964
2024-04-16,346281278.45418996,0.011494947777212295,-0.050647750426960014
2024-04-17,334108515.64742213,-0.03515281813994508,-0.0840201574069489
2024-04-19,319536111.9608144,-0.04361578051481237,-0.12397133317747977
2024-04-22,324173310.83435446,0.014512284214401145,-0.11125815618458845
2024-04-23,324173310.83435446,0.0,-0.11125815618458845
2024-04-24,324173310.83435446,0.0,-0.11125815618458845
2024-04-25,324173310.83435446,0.0,-0.11125815618458845
2024-04-26,323913972.18568695,-0.0008000000000000949,-0.11196914965964089
2024-05-02,326348544.90952146,0.007516109006989274,-0.10529461298691334
2024-05-03,326348544.90952146,0.0,-0.10529461298691334
2024-05-06,330989162.068491,0.014219818753155802,-0.09257206454611511
2024-05-07,332511535.6097944,0.0045994664350622275,-0.08839838021475721
2024-05-08,331756473.55039763,-0.002270784554923883,-0.09046843109320912
2024-05-09,331814275.512866,0.00017423009670255887,-0.0903099633200044
2024-05-10,330298026.6828175,-0.004569570817002746,-0.09446685636413554
2024-05-13,326061758.8230436,-0.012825592397020243,-0.10608085536640144
2024-05-14,325923608.8048289,-0.000423692795847543,-0.10645960246805297
2024-05-15,328574371.9276978,0.008133081038803293,-0.09919236600348114
2024-05-16,328437942.07679343,-0.00041521756582514797,-0.0995663971565458
2024-05-17,332434875.79166734,0.012169524902026607,-0.08860854800412088
2024-05-20,329813737.7724756,-0.007884666170929597,-0.09579456535414721
2024-05-21,330472870.6002946,0.001998500220975323,-0.09398751059320043
2024-05-22,326608654.40943754,-0.011692990664673362,-0.1045815061739116
2024-05-23,326740868.4120773,0.00040480863214979805,-0.10421903303822422
2024-05-24,320631956.02096945,-0.018696505340138385,-0.12096700667061933
2024-05-27,321106508.1405214,0.0014800524733751764,-0.11966599171466386
2024-05-28,325718455.2790101,0.014362671019020416,-0.10702204396680592
2024-05-29,322906362.3719664,-0.008633508054171691,-0.11473157634241626
2024-05-30,323519706.04090756,0.0018994474572619584,-0.11305005548610558
2024-05-31,321737591.9782206,-0.0055085178102308235,-0.1179358350522437
2024-06-03,323623277.7800287,0.005860943355154366,-0.1127661069458733
2024-06-04,324693297.0037128,0.0033063728636089636,-0.10983258087820502
2024-06-05,323223822.3542901,-0.004525731399394557,-0.11386123951764249
2024-06-06,321620465.8213306,-0.0049605147333542125,-0.11825694389481145
2024-06-07,323216079.7875314,0.0049611704968028315,-0.1138824662591017
2024-06-10,327467716.75893444,0.013154162918496843,-0.10222633185533725
2024-06-11,325285280.75380945,-0.006664583693089929,-0.10820961960413977
2024-06-12,325859198.51480246,0.0017643520778530728,-0.10663618739347891
2024-06-13,326178256.7866529,0.0009791292475543642,-0.10576146875584913
2024-06-14,317994139.8135884,-0.025090933570160134,-0.12819874833917377
2024-06-17,316449429.3130258,-0.004857669708844743,-0.1324336708714995
2024-06-18,318592389.960083,0.006771889750944879,-0.12655860733900925
2024-06-19,320137100.4606456,0.004848548016969732,-0.12232368480668354
2024-06-20,320206475.61661804,0.0002167045177600384,-0.12213348838405025
2024-06-21,321431771.0222867,0.0038265790949703255,-0.11877426274252612
2024-06-24,311531848.49244505,-0.030799452395000627,-0.145915532886437
2024-06-25,311352306.229544,-0.0005763207317964533,-0.14640775947153983
2024-06-26,313914533.34101856,0.00822935003277469,-0.1393832501389708
2024-06-27,313513830.62510014,-0.0012764707376039883,-0.14048180223646023
2024-06-28,306024782.38040775,-0.023887457308535105,-0.16101350649144575
2024-07-01,306540167.1465219,0.001684127547139369,-0.15960054622605013
2024-07-02,307010670.76514405,0.0015348840675657035,-0.15831063049406158
2024-07-03,307010670.76514405,0.0,-0.15831063049406158
2024-07-04,308892685.2396324,0.006130127235636296,-0.1531509675661077
2024-07-05,308892685.2396324,0.0,-0.1531509675661077
2024-07-08,307347169.3054912,-0.005003407357938049,-0.15738809824605016
2024-07-09,306898340.50652266,-0.00146033165030531,-0.15861859107510545
2024-07-10,305111649.018579,-0.005821769791895228,-0.16351691994504658
2024-07-11,306564435.8152795,0.004761492395893458,-0.15953401212007146
2024-07-12,305763090.95540166,-0.0026139524558571937,-0.16173095025315465
2024-07-15,304785488.0650692,-0.003197256043160071,-0.1644111110382518
2024-07-16,303394035.1910981,-0.004565351463433328,-0.16822586799530193
2024-07-17,301943536.3169098,-0.004780907684209024,-0.17220250333452947
2024-07-18,304547083.4855649,0.008622629251856221,-0.1650647124251684
2024-07-19,303101383.2433944,-0.004747050031227887,-0.1690281920081238
2024-07-22,301918537.5907094,-0.0039024752709067847,-0.1722710389396328
2024-07-23,301392828.4117383,-0.0017412285551136985,-0.1737123042425257
2024-07-24,303232810.53813714,0.0061049300213780406,-0.1686678756824006
2024-07-25,302969955.9486516,-0.0008668408574225422,-0.169388508333847
2024-07-26,301918537.5907094,-0.003470371689661603,-0.1722710389396328
2024-07-29,302312819.47493774,0.0013059214163353232,-0.1711900899624631
2024-07-30,301677002.7606368,-0.0021031748352756865,-0.17293322210848106
2024-07-31,304065655.17147744,0.00791791349351176,-0.16638457890777858
2024-08-01,295231620.76053834,-0.029053049105322845,-0.1906036486717252
2024-08-02,295031405.10464305,-0.0006781646741616719,-0.19115255268459141
2024-08-05,286321018.61950874,-0.02952359082601686,-0.21503263375979975
2024-08-06,290510354.27077854,0.014631603615649994,-0.20354730240575236
2024-08-07,290510354.27077854,0.0,-0.20354730240575236
2024-08-08,290510354.27077854,0.0,-0.20354730240575236
2024-08-09,290394150.1290702,-0.0004000000000000103,-0.20386588348479018
2024-08-12,292347459.3570522,0.006726406944195693,-0.19851076143495117
2024-08-13,291459591.5261513,-0.003037029406219431,-0.20094490782124164
2024-08-14,290571723.6952504,-0.003046281051351996,-0.2033790542075321
2024-08-15,289328708.73198915,-0.004277824928914667,-0.2067868591483386
2024-08-16,294300768.58503425,0.017184813338557505,-0.19315563938511193
2024-08-19,296786798.5115568,0.008447242385655708,-0.1863400295034986
2024-08-20,297674666.3424577,0.002991601497619626,-0.18390588311720812
2024-08-21,298105836.8950301,0.001448462369573407,-0.18272380149887313
2024-08-22,297011980.55143255,-0.003669355672437582,-0.18572267855379143
2024-08-23,296013731.1890235,-0.003360973387523645,-0.18845944296123618
2024-08-26,295459773.09213734,-0.0018713932447019517,-0.18997815447748023
2024-08-27,296109338.17021203,0.002198489057500666,-0.1881973303137625
2024-08-28,298994419.4260759,0.009743297099956432,-0.18028769571647163
2024-08-29,297948366.5730726,-0.0034985698228454467,-0.18315551644765315
2024-08-30,296553629.43573487,-0.0046811370486089954,-0.18697927742256193
2024-09-04,292142847.2918816,-0.014873472134688854,-0.19907171848474203
2024-09-05,292095043.80128735,-0.00016363053566910402,-0.19920277480847892
2024-09-06,292142847.2918816,0.00016365731500322416,-0.19907171848474203
2024-09-09,290645585.7077156,-0.005125100949913476,-0.20317655678114843
2024-09-10,289599181.88214415,-0.0036002742757074656,-0.20604533972604988
2024-09-11,289250497.59780973,-0.0012040237201924224,-0.20700127996977702
2024-09-12,287343410.1242902,-0.006593203777893674,-0.21222968212654514
2024-09-13,288450454.6363825,0.0038526880140158453,-0.20919464886507666
2024-09-16,286538854.6478373,-0.0066271346008276565,-0.2144354223701026
2024-09-17,288356480.4032295,0.00634338319536489,-0.2094522852294911
2024-09-18,290755430.16252077,0.00831938909760817,-0.20287541119009034
2024-09-19,292542128.0232535,0.0061450197498772105,-0.19797706484874067
2024-09-20,291417362.0982517,-0.003844799833111199,-0.20106068249596165
2024-09-23,289379437.5202588,-0.00699314743404282,-0.2066477829341209
2024-09-24,290620956.0974359,0.004290279184367381,-0.20324408043137143
2024-09-25,291300609.4460764,0.002338624708166728,-0.20138076735149013
2024-09-26,291072981.1761342,-0.0007814205070666062,-0.20200482479721948
2024-09-27,287486691.3548904,-0.012320929983788791,-0.21183686747829422
2024-09-30,284864232.4048458,-0.00912201861479325,-0.21902650624465092
2024-10-01,285524060.37334776,0.002316289282552838,-0.21721754571110763
2024-10-02,283565019.86690295,-0.00686120988852286,-0.22258838042703677
2024-10-03,281865738.524422,-0.0059925633397185235,-0.22724706879836087
2024-10-04,281815401.96774745,-0.00017858345231333846,-0.22738506968460015
2024-10-07,283340242.72432053,0.005410778637100865,-0.22320462132494445
2024-10-08,281119846.2948931,-0.007836502178717366,-0.22929198000234907
2024-10-09,283592196.9152801,0.008794649872544169,-0.2225138728125079
2024-10-10,288744096.0685532,0.01816657584133803,-0.20838961211736817
2024-10-11,288233851.11175144,-0.0017671182328889263,-0.2097884812671399
2024-10-14,285789751.87789035,-0.008479570405883674,-0.21648913547577542
2024-10-15,280959542.7180873,-0.016901267900840757,-0.22973146250031873
2024-10-16,277749182.7927402,-0.011426413547975982,-0.23853286935278473
2024-10-17,283371849.1930305,0.02024368296516628,-0.22311797017156765
2024-10-18,281539854.67508066,-0.006464984165388569,-0.2281405001927833
2024-10-21,283936826.7365266,0.008513793062130574,-0.22156904813838507
2024-10-22,283893568.72948515,-0.00015235081528045216,-0.2216876427285408
2024-10-23,288628770.6334282,0.016679496915462406,-0.20870578416616514
2024-10-24,286767111.711138,-0.006450011612510377,-0.21380964104720568
2024-10-25,289033246.7389935,0.007902353287075002,-0.20759688707986845
2024-10-28,289502225.3176992,0.0016225765859011073,-0.20631115234224906
2024-10-29,291353393.4081234,0.006394313855075593,-0.20123605674705214
2024-10-30,291910338.4998595,0.0019115792173251874,-0.1997091561935811
2024-10-31,289936587.0545138,-0.006761498943438927,-0.205120321888422
2024-11-01,288602414.5666766,-0.00460160099624248,-0.20877804100711317
2024-11-04,289175328.4193454,0.0019851318760758336,-0.20720736107526516
2024-11-05,292188499.52210367,0.01041987613268571,-0.19894655997876443
2024-11-06,292850955.3250334,0.0022672206606805384,-0.19713039506923913
2024-11-07,297454548.61158115,0.01571991896505245,-0.18450934994022383
2024-11-08,303160780.9681009,0.019183543782250272,-0.16886534935078634
2024-11-11,300433191.8952162,-0.00899716996431567,-0.1763432090659095
2024-11-12,307478439.2031319,0.02345029609901724,-0.15702821343453877
2024-11-13,305555676.2805257,-0.006253326013977779,-0.1622995908365179
2024-11-14,305183162.3674831,-0.0012191359610043899,-0.16332086152987713
2024-11-15,310368562.08428955,0.01699110683754737,-0.14910475689938418
2024-11-18,309290010.0621761,-0.0034750685277864274,-0.15206167617912636
2024-11-19,304455182.44652045,-0.015632019975956295,-0.16531666499547315
2024-11-20,300618527.3753706,-0.012601707221140044,-0.1758351000055649
2024-11-21,307765040.03005564,0.023772695306172695,-0.1562424789559549
2024-11-22,308821386.83160335,0.003432315773892141,-0.15334643670713533
2024-11-25,315705181.88117045,0.022290538619078076,-0.1344740727575756
2024-11-26,313367027.97495836,-0.007406130910743678,-0.1408842710813759
2024-11-27,314769223.45658654,0.0044746107804942105,-0.13704006257906443
2024-11-28,318316592.943194,0.011269746920148599,-0.12731472248210318
2024-11-29,320939251.50048524,0.008239151258317541,-0.12012453647972643
2024-12-02,322840461.0386367,0.0059238922296438665,-0.11491224905832442
2024-12-03,327147902.6987295,0.013342322849605048,-0.10310312253502973
2024-12-04,332687448.19256395,0.016932847339497705,-0.08791610462964328
2024-12-05,324616160.3415899,-0.024260872764584294,-0.11004405596584987
2024-12-06,326768939.6689775,0.006631768810037756,-0.10414207389389651
2024-12-09,329947678.3537566,0.009727787126889183,-0.09542735869279995
2024-12-10,326760328.45132977,-0.009660167691828675,-0.10416568209726784
2024-12-11,325917428.2271261,-0.002579567195927808,-0.10647654691671604
2024-12-12,319806396.504135,-0.01875024528830179,-0.12323033083287804
2024-12-13,321479086.1487535,0.005230319539893518,-0.11864454530024726
2024-12-16,321348957.522282,-0.0004047810015588599,-0.11900130124393005
2024-12-17,324197648.86929417,0.00886479100158474,-0.11119143190678937
2024-12-18,323464776.58638257,-0.0022605724793737436,-0.11320064809525243
2024-12-19,322813583.1991237,-0.0020131817570095876,-0.11498593637263499
2024-12-20,324603805.5695948,0.005545684765584485,-0.11007792736264876
2024-12-23,322976940.99042916,-0.005011846907681552,-0.11453808055047376
2024-12-24,323953731.0713175,0.0030243338050479473,-0.11186014813439993
2024-12-25,322847750.214033,-0.003414008703116334,-0.11489226531825358
2024-12-26,318929465.6392431,-0.012136632738472675,-0.1256344928280675
2024-12-27,315158928.8294715,-0.011822478685731214,-0.1359716604001462
2024-12-30,316774173.7299987,0.0051251757534725205,-0.13154336330371585
2024-12-31,316566350.97835493,-0.0006560596439939382,-0.13211312265561104
2025-01-02,323519100.8682435,0.021963009866339128,-0.1130517146056299
2025-01-03,323799737.1741328,0.0008674489547484261,-0.11228233224254869
2025-01-06,330585572.88685524,0.02095689073729278,-0.09367853007379146
2025-01-07,334760178.6602014,0.012627912757629348,-0.08223358162119687
2025-01-08,332499474.3061546,-0.0067532057220625755,-0.0884314470493095
2025-01-09,329893342.12490803,-0.007838003914697736,-0.09557632493585233
2025-01-10,328083606.38994014,-0.005485820730151821,-0.10053783108135927
2025-01-13,334052868.431496,0.018194331948610625,-0.08417271780483626
2025-01-14,331875307.3666585,-0.006518612083955406,-0.09014264059336974
2025-01-15,334240704.2768241,0.007127366386292483,-0.08365775383361407
2025-01-16,343064690.08664143,0.026400093396491683,-0.05946623295167053
2025-01-17,346221746.80347097,0.009202511386503284,-0.05081096025101739
2025-01-20,346152774.6393633,-0.00019921384125772904,-0.05100005184570555
2025-01-21,348993032.58608365,0.008205215022989383,-0.04321330321429384
2025-01-22,352441489.8099612,0.009881163524452147,-0.03375913740533376
2025-01-23,351762090.2903756,-0.0019276944946292963,-0.03562175459664341
2025-01-24,361211620.33335376,0.026863412243137652,-0.009715264232059262
2025-02-03,362668231.68952256,0.004032570587913351,-0.00572187113294198
2025-02-04,371592355.3901565,0.0246068525469135,0.0
2025-02-05,381626036.4676162,0.02700185009706334,0.0
2025-02-06,382101188.79658914,0.0012450731437797377,0.0
2025-02-07,380006189.791057,-0.005482838229659145,-0.005482838229659115
2025-02-10,370060565.9337232,-0.026172268043323958,-0.03151160796119823
2025-02-11,373807942.23563623,0.01012638645368166,-0.021704320227508678
2025-02-12,387704585.87337387,0.03717589186207725,0.0
2025-02-13,392462367.04143095,0.012271665957572649,0.0
2025-02-14,389351038.28268325,-0.007927712361830718,-0.007927712361830763
2025-02-17,394984162.42713755,0.014467982849873497,0.0
2025-02-18,407923848.7367738,0.0327600130347586,0.0
2025-02-19,402971466.8096736,-0.012140456956454802,-0.012140456956454826
2025-02-20,399404976.85232896,-0.008850477641954563,-0.0208834857555531
2025-02-21,407455614.7598831,0.02015657884636398,-0.0011478465364078705
2025-02-24,413540031.2882499,0.014932709988430028,0.0
2025-02-25,422981106.9532204,0.022829895416798966,0.0
2025-02-26,422685280.68414193,-0.0006993841195635482,-0.0006993841195634953
2025-02-27,416695482.88748854,-0.014170821815603649,-0.014860295087428144
2025-02-28,425677942.2872699,0.02155641174110517,0.0
2025-03-03,420495061.57381606,-0.012175591447386176,-0.012175591447386225
2025-03-04,427365445.11259824,0.016338797209812447,0.0
2025-03-05,428312047.76339465,0.002214972365271627,0.0
2025-03-06,445332514.60510707,0.039738473224350555,0.0
2025-03-07,444585334.3895678,-0.001677802969769295,-0.001677802969769271
2025-03-10,439539859.4237407,-0.011348721101551253,-0.013007483153353316
2025-03-11,445325291.8593951,0.013162475055708032,-1.621877018875839e-05
2025-03-12,445356841.5945926,7.084649305623957e-05,0.0
2025-03-13,437577305.9398259,-0.01746809508283781,-0.017468095082837753
2025-03-14,440330704.99134284,0.006292371688708161,-0.011285639141084602
2025-03-17,445333484.89921874,0.011361415070916422,-5.244490079059361e-05
2025-03-18,438971336.87744606,-0.014286255665711886,-0.014337951325241405
2025-03-19,431554065.7581255,-0.016896937217090686,-0.03099262107896783
2025-03-20,435230343.00054395,0.008518694490712835,-0.02273794325869316
2025-03-21,433184732.76885045,-0.00470006345970908,-0.027331136942143064
2025-03-24,440596721.3700536,0.01711045667243822,-0.010688328504161904
2025-03-25,447688622.66537863,0.016096128162897995,0.0
2025-03-26,446965688.4029508,-0.0016148149089063593,-0.001614814908906359
2025-03-27,439658145.1409852,-0.016349226465405323,-0.017937640399666277
2025-03-28,441611311.55651087,0.004442466123081497,-0.013574861636388325
2025-03-31,443333236.38519794,0.003899186419428311,-0.009728606133098228
2025-04-01,445354739.88795984,0.004559783334190359,-0.0052131831350185065
2025-04-02,447093464.16159797,0.0039041333074742823,-0.0013294027894595883
2025-04-03,424756734.32584226,-0.049959866619034926,-0.05122285262245008
2025-04-04,428746606.0804282,0.009393310175337172,-0.04231069458986125
2025-04-08,415198994.671916,-0.03159817760976233,-0.07257193135718065
2025-04-09,402479567.5374644,-0.030634532592022114,-0.10098325675277531
2025-04-10,414092688.81328297,0.028853939957430488,-0.07504308162239515
2025-04-11,426533994.36316204,0.03004473608441065,-0.04725299512029024
2025-04-14,440087786.2513314,0.031776580688265846,-0.016977953044226557
2025-04-15,454281796.5011305,0.032252679336329096,0.0
2025-04-16,456700137.1912541,0.005323437365858748,0.0
2025-04-17,472029288.4243878,0.033565024366774575,0.0
2025-04-18,482454350.8210588,0.022085626151439414,0.0
2025-04-21,473860914.07065266,-0.017811916787114707,-0.01781191678711469
2025-04-22,471768488.4743874,-0.004415695690725983,-0.022148960473640233
2025-04-23,466924642.7511392,-0.010267421079589887,-0.03218896884957212
2025-04-24,473110262.46219254,0.013247576042693712,-0.01936781861944903
2025-04-25,490064014.1599029,0.03583467331585341,0.0
2025-04-28,503638687.84227395,0.02769979694518399,0.0
2025-04-29,499800520.58001024,-0.007620874557328935,-0.0076208745573289605
2025-05-05,500309073.7873383,0.0010175123602070553,-0.006611116531179517
2025-05-06,499777303.994508,-0.0010628825673793852,-0.007666972258047022
2025-05-07,497737745.7076426,-0.004080934189216055,-0.011716618038047466
2025-05-08,510066987.2447623,0.024770557675088484,0.0
2025-05-09,512202014.8504244,0.004185778846803874,0.0
2025-05-12,519672944.94729483,0.014585905326928708,0.0
2025-05-13,529308904.3154707,0.018542353343318926,0.0
2025-05-14,538892851.1389924,0.01810652861756819,0.0
2025-05-15,540004154.3119808,0.0020621969110178177,0.0
2025-05-16,563198965.1590363,0.04295302297555088,0.0
2025-05-19,581909845.7886803,0.033222505343844966,0.0
2025-05-20,577614677.0800966,-0.007381158335209706,-0.007381158335209692
2025-05-21,577863079.4316851,0.00043004854524159226,-0.006954284046372328
2025-05-22,559345698.7909256,-0.03204458166625022,-0.03877601858956825
2025-05-23,580976588.3115215,0.03867177233570037,-0.001603783616848653
2025-05-26,600512308.352899,0.033625657960079984,0.0
2025-05-27,618229649.2643543,0.029503709857423212,0.0
2025-05-28,598161913.1911485,-0.03246000268198863,-0.032460002681988676
2025-05-29,588286670.3456104,-0.016509313996363403,-0.04843342430175224
2025-05-30,568667316.9441166,-0.03334998800834241,-0.08016815819042833
2025-06-02,576940333.7426429,0.014548078554933522,-0.06678637229845341
2025-06-03,577980805.0061567,0.0018034295795619118,-0.06510338723820619
2025-06-04,578151342.9807413,0.00029505819762087583,-0.06482753832868282
2025-06-05,577157452.717168,-0.001719083204838973,-0.0664351776011699
2025-06-06,578761895.6707008,0.002779905112511925,-0.0638399559785221
2025-06-09,555641801.3012346,-0.03994750612023855,-0.10123721506659289
2025-06-10,579782711.3337005,0.04344689326096657,-0.06218876428266207
2025-06-11,594355912.6693645,0.025135625900504204,-0.038616291896381605
2025-06-12,592649772.5223793,-0.002870569822924073,-0.04137601095711463
2025-06-13,581122001.5569178,-0.019451236632384242,-0.06002243300946797
2025-06-16,602962983.5463672,0.037584159489632014,-0.02469416621501952
2025-06-17,594361031.4731346,-0.014266136243786599,-0.03860801211915588
2025-06-18,588707485.9718277,-0.009511972020262627,-0.04775274580838318
2025-06-19,594131520.6068373,0.00921346299182119,-0.0389792509728254
2025-06-20,595609878.9923016,0.0024882678905073694,-0.03658797390090973
2025-06-23,607024849.7263345,0.019165180324654103,-0.01812400869378028
2025-06-24,604764830.0473758,-0.003723108996242149,-0.021779640030206604
2025-06-25,598123259.1577265,-0.01098207197189193,-0.032522526427764986
2025-06-26,601451292.069457,0.005564125555687373,-0.02713936029250985
2025-06-27,588778876.7474428,-0.021069728320661372,-0.04763726966501147
2025-06-30,597265117.8072975,0.014413290617242721,-0.03391058885966247
2025-07-01,596861278.4517783,-0.0006761475657606894,-0.03456380786331226
2025-07-02,607870607.7370309,0.018445373628207376,-0.016755976585157262
2025-07-03,596917085.2395768,-0.018019496843631924,-0.0344735391616009
2025-07-04,595110312.8776376,-0.003026839751477429,-0.03739603303436989
2025-07-07,596528283.9635063,0.0023827029294991725,-0.03510243374233335
2025-07-08,596828271.9131953,0.0005028897334015829,-0.0346171966624782
2025-07-09,595081268.5753956,-0.002927145746965818,-0.03744301282946161
2025-07-10,600674201.906996,0.009398604236005815,-0.028396320652443574
2025-07-11,601147644.0452222,0.0007881845711420378,-0.027630517623116968
2025-07-14,616265498.0447916,0.025148321130960223,-0.0031770576223575375
2025-07-15,641690388.3218344,0.041256390886245796,0.0
2025-07-16,677878385.9713981,0.05639479460523551,0.0
2025-07-17,709750196.6429105,0.04701700383298125,0.0
2025-07-18,723027531.094895,0.018707052868439877,0.0
2025-07-21,692303475.6932425,-0.04249361757376847,-0.04249361757376846
2025-07-22,712312837.5350004,0.028902587585193602,-0.014819205492312415
2025-07-23,699091424.4085541,-0.018561245045364938,-0.03310538763315696
2025-07-24,707695246.1085789,0.012307148106277881,-0.021205672435596012
2025-07-25,720271155.0711515,0.01777023235880703,-0.003812269803294299
2025-07-28,742872693.0635211,0.03137920744603048,0.0
2025-07-29,704371812.2612523,-0.05182702387874251,-0.051827023878742495
2025-07-30,719876036.2473665,0.0220114202701282,-0.03095639001255923
2025-07-31,731186632.2246271,0.01571186622105309,-0.015730906450070248
2025-08-01,713305204.8395802,-0.024455353253167274,-0.03980155482900849
2025-08-04,707870281.9518524,-0.007619351227010929,-0.04711764403039609
2025-08-05,706734373.4317936,-0.0016046845714821688,-0.04864671964545808
2025-08-06,710579281.6469821,0.005440386600298242,-0.043470990006867494
2025-08-07,702766823.696535,-0.010994491610196335,-0.053987540182146354
2025-08-08,735916744.9654645,0.04717058368601092,-0.00936358027829931
2025-08-11,744150227.3317957,0.011188062267447937,0.0
2025-08-12,759205469.6412362,0.020231455634196538,0.0
2025-08-13,773162010.0204083,0.01838308723693373,0.0
2025-08-14,787434701.0974638,0.018460155688041158,0.0
2025-08-15,797309454.2485169,0.012540408921895905,0.0
2025-08-18,811166871.471587,0.017380224389952795,0.0
2025-08-19,795804869.0790517,-0.018938153088853434,-0.018938153088853382
2025-08-20,787954086.6798788,-0.009865210309982459,-0.028616534535731764
2025-08-21,781916246.0935894,-0.007662680717515451,-0.036059935885858097
2025-08-22,783928859.6223526,0.0025739502649012366,-0.03357880210248254
2025-08-25,777488496.3303106,-0.00821549457325066,-0.04151843020928403
2025-08-26,786834751.539722,0.012021084882316627,-0.029996441900693727
2025-08-27,786834751.539722,0.0,-0.029996441900693727
2025-08-28,786834751.539722,0.0,-0.029996441900693727
2025-08-29,786834751.539722,0.0,-0.029996441900693727
2025-09-03,786205283.7384901,-0.0008000000000001062,-0.030772444747173333
2025-09-04,791595044.584439,0.006855411630306077,-0.024127990892479967
2025-09-05,782250002.9721446,-0.011805331117503736,-0.03564848308829782
2025-09-08,772420020.8122628,-0.012566292262745915,-0.04776680609383266
2025-09-09,784825931.3489087,0.016061093967502372,-0.03247289928753083
2025-09-10,781529137.6972059,-0.004200668606905538,-0.036537160005823965
2025-09-11,786291172.9718876,0.006093228064040116,-0.0306665611905117
2025-09-12,788122725.0006113,0.0023293559583037575,-0.0284086385692377
2025-09-15,792225325.928055,0.005205535632081362,-0.023350985117487455
2025-09-16,784423261.8663055,-0.009848289124826732,-0.0329693069895276
2025-09-17,783448003.8585868,-0.0012432803247042182,-0.03417159722353269
2025-09-18,786373777.8817428,0.0037344839845735982,-0.03056472652151765
2025-09-19,779303157.3257823,-0.008991424631435048,-0.039281330718054064
2025-09-22,771703946.9296384,-0.009751289116062333,-0.048649576221420965
2025-09-23,771703946.9296384,0.0,-0.048649576221420965
2025-09-24,771703946.9296384,0.0,-0.048649576221420965
2025-09-25,771395265.3508664,-0.0004000000000001211,-0.049030116390932466
2025-09-26,769591094.6519973,-0.0023388407732169427,-0.05125428352881878
2025-09-29,778245884.5262827,0.011245958970196977,-0.04058472812823377
2025-09-30,778606718.6660565,0.000463650559480292,-0.04013989470065649
2025-10-01,780410889.3649257,0.0023171784363230433,-0.03791572756277006
2025-10-02,773921104.3292832,-0.008315856587961877,-0.045916282397891695
2025-10-03,767786923.9531281,-0.007926105570504258,-0.0534784506667052
2025-10-06,777524216.2467351,0.01268228461546636,-0.04147439498338812
2025-10-07,774423900.1465021,-0.00398742063005935,-0.045296439755271534
2025-10-08,785879093.1392581,0.014791889804264777,-0.031174569896392224
2025-10-09,790279867.4361805,0.00559981088101361,-0.02574933071109531
2025-10-10,804383882.9422046,0.017846861709612135,-0.008362013745799257
2025-10-13,822350228.8483398,0.022335536908595785,0.0
2025-10-14,819384769.1778424,-0.0036060787319903767,-0.0036060787319903698
2025-10-15,813907107.0872977,-0.006685091420531162,-0.010267063186528591
2025-10-16,812962017.501253,-0.0011611762298363874,-0.011416317546642518
2025-10-17,811188336.3183155,-0.002181751600633383,-0.013573161578195214
2025-10-20,787198464.8762808,-0.029573738141891803,-0.04274549059381583
2025-10-21,792098372.4127733,0.0062244881756248795,-0.036787071218953415
2025-10-22,791667617.2953243,-0.0005438151780779744,-0.037310881029345544
2025-10-23,804590270.8187925,0.016323332218156725,-0.02159658671758291
2025-10-24,808897821.9932818,0.005353720186183451,-0.01635848861366207
2025-10-27,803513383.0251701,-0.006656513124047542,-0.022906111243563232
2025-10-28,810082398.5662665,0.008175365438674559,-0.014918011635083661
2025-10-29,800718519.751975,-0.011559168339991393,-0.026304740167287233
2025-10-30,780722468.4506351,-0.024972634962325862,-0.05062047645563661
2025-10-31,760896238.6638554,-0.025394721668668425,-0.0747297052139787
2025-11-03,762896745.1119782,0.0026291448774088534,-0.07229703555822342
2025-11-04,770034362.5897707,0.009355941709706522,-0.06361750069898431
2025-11-05,774297659.8712475,0.005536502640140088,-0.05843321651942324
2025-11-06,775697614.0029565,0.0018080309476096932,-0.056730834635648986
2025-11-07,757345687.0900949,-0.02365860946530079,-0.07904727143966439
2025-11-10,743846187.8802402,-0.017824752210213356,-0.09546302562357234
2025-11-11,756696510.5313005,0.017275510529509167,-0.0798366875984019
2025-11-12,776094151.2861898,0.025634637513089035,-0.05624863463214369
2025-11-13,772227293.4333855,-0.004982459726562704,-0.06095083780197763
2025-11-14,775878773.7274654,0.004728504580361464,-0.056510539537339644
2025-11-17,784161350.9454691,0.010675091906706912,-0.0464387028338914
2025-11-18,788078282.614206,0.004995058305301762,-0.04167560855686758
2025-11-19,780196742.5175385,-0.010000960907744898,-0.051259773332628766
2025-11-20,791266560.8810928,0.014188496004013236,-0.037798576417712115
2025-11-21,789955845.4431087,-0.0016564777317578014,-0.03939244164934186
2025-11-24,798333945.839347,0.010605783151764404,-0.029204446191528843
2025-11-25,792590284.6269864,-0.0071945596730474595,-0.03618889273373305
2025-11-26,804591766.5110881,0.015142100675319226,-0.0215947679155164
2025-11-27,806856405.186074,0.0028146431137444114,-0.018840906366578314
2025-11-28,817794752.0622885,0.013556745420756678,-0.0055395823169296365
2025-12-01,825368618.1605277,0.009261328810364277,0.0
2025-12-02,830286992.0356388,0.005959002761787241,0.0
2025-12-03,823171049.7366742,-0.008570461017964713,-0.008570461017964659
2025-12-04,822889035.0220771,-0.00034259552092766164,-0.008910120337335292
2025-12-05,846987272.1077081,0.029284916993680063,0.0
2025-12-08,864491578.4576534,0.020666551820060115,0.0
2025-12-09,874057139.8839843,0.011064956171576502,0.0
2025-12-10,837446373.3641448,-0.04188601047832978,-0.04188601047832974
2025-12-11,818934242.5814233,-0.0221054522074716,-0.06306555348301102
2025-12-12,813974990.0538085,-0.006055739606128088,-0.06873938451912964
2025-12-15,810667790.2332275,-0.004063023877874103,-0.07252311863635219
2025-12-16,823126464.3238297,0.0153684089101626,-0.05826927466883325
2025-12-17,815367967.5639672,-0.009425643684334416,-0.06714569293239459
2025-12-18,813933977.6048841,-0.0017587028386304383,-0.06878630645026307
2025-12-19,830342690.4531865,0.020159759021963087,-0.05001326279034812
2025-12-22,858242144.9002359,0.03359992779827127,-0.018093777010788514
2025-12-23,876937315.209414,0.021783095155914634,0.0
2025-12-24,881253309.5738515,0.004921668048082541,0.0
2025-12-25,854994941.0709232,-0.029796618313553958,-0.029796618313553958
2025-12-26,841543439.313691,-0.015732843682541,-0.04506067645789946
2025-12-29,853927021.0145961,0.014715320828838427,-0.031008437939903488
2025-12-30,861034480.4525037,0.008323263303534799,-0.022943266029973874
2025-12-31,878008295.1428126,0.019713281030730147,-0.0036822720502553974
2026-01-05,883790848.7253093,0.006585989693361702,0.0
2026-01-06,886298935.8293947,0.002837874037395677,0.0
2026-01-07,907958190.6980565,0.024437866269570913,0.0
2026-01-08,894693997.1843524,-0.01460881530624916,-0.014608815306249134
2026-01-09,896506501.0650661,0.002025836639585985,-0.012612573739971489
2026-01-12,886331875.0017473,-0.011349193844362764,-0.02381862504008303
2026-01-13,895377732.468175,0.01020594849577081,-0.01385576820471135
2026-01-14,875828154.6811606,-0.021833888735567082,-0.03538713163895102
2026-01-15,854977834.5147645,-0.02380640546316582,-0.058351096698141536
2026-01-16,868062195.3880248,0.015303742793152266,-0.043940344080555915
2026-01-19,870801696.168092,0.0031558807590309186,-0.04092313380795409
2026-01-20,868373510.5769296,-0.002788448393988575,-0.04359747015519888
2026-01-21,875606925.0724041,0.008329842409251803,-0.03563078780178197
2026-01-22,906920677.5985491,0.03576233996042875,-0.0011426881877784067
2026-01-23,895782339.7862732,-0.012281490639037234,-0.013410144912534117
2026-01-26,875276825.2824223,-0.02289117969075322,-0.03599435056641542
2026-01-27,874312528.6898751,-0.0011017047003798281,-0.03705640012158917
2026-01-28,877280655.5244124,0.003394812194885158,-0.033787387445735284
2026-01-29,881541283.9478261,0.004856630995547116,-0.02909484932331574
2026-01-30,883925507.3663073,0.0027046077839982608,-0.026468931695271536
2026-02-02,886018742.9596004,0.0023681131224848034,-0.02416349999727252
2026-02-03,889013200.9613521,0.0033796779419689982,-0.02086548690324508
2026-02-04,888700823.2512178,-0.000351375783617692,-0.021209531060051523
2026-02-05,876270728.791049,-0.013986815511990474,-0.03489969277400928
2026-02-06,854979498.6688688,-0.024297548032392646,-0.05834926384490968
2026-02-09,864001724.5436561,0.010552563995784902,-0.04841243418995511
2026-02-10,856725104.1394088,-0.008421997546463939,-0.056426702334452905
2026-02-11,881284390.5093504,0.028666472187262104,-0.02937778464028029
2026-02-12,874208799.5954034,-0.008028726016419683,-0.03717064447285379
2026-02-13,876906308.0995245,0.003085657002502733,-0.0341996833297562
2026-02-23,893028616.5755279,0.0183854401856733,-0.016443019376311097
2026-02-24,901075243.1764095,0.009010491323041532,-0.0075806877366845216
2026-02-25,904278902.9796177,0.003555374345781499,-0.004052265573605385
2026-02-26,897921272.1030617,-0.007030608428005468,-0.011054384109116522
2026-02-27,884762608.654222,-0.014654584825705452,-0.025546971525199025
2026-03-02,896936395.461076,0.013759382107445841,-0.01213909996065643
2026-03-03,896791566.5471115,-0.00016147066246549144,-0.012298610514609565
2026-03-04,896894973.2319859,0.00011530737880660377,-0.012184721256344289
2026-03-05,869663841.1481605,-0.030361561717418627,-0.042176335807328935
2026-03-06,871668755.0332727,0.002305389496779961,-0.0399681791921318
2026-03-09,840428316.2326747,-0.03583980568330172,-0.07437553309967215
2026-03-10,840715179.1192212,0.00034132939241313456,-0.0740595902627823
2026-03-11,858315797.8947952,0.020935293203595218,-0.05467475629587659
2026-03-12,855327675.1332164,-0.0034813791950559624,-0.05796579193186935
2026-03-13,848867226.5121928,-0.007553185532103036,-0.06508115108299573
2026-03-16,833440705.0134546,-0.018173067609315585,-0.08207149453358786
2026-03-17,817748636.9956368,-0.01882805570141239,-0.09935430356442376
2026-03-18,830279355.9360759,0.015323436045673242,-0.08555331683528233
2026-03-19,830029111.5047287,-0.0003013978723644401,-0.08582892911997886
2026-03-20,826449984.9505391,-0.0043120494264365,-0.08977087996183197
2026-03-23,804867826.4236665,-0.026114294778726715,-0.11354087151868975
2026-03-24,826406276.0810647,0.026760231867015653,-0.08981901969989725
2026-03-25,846510658.3125446,0.02432748009467898,-0.06767661001909109
2026-03-26,830267032.3021204,-0.01918892083745831,-0.08556688974434545
2026-03-27,848665564.060209,0.022159776363845394,-0.06530325652138458
2026-03-30,852200309.7555687,0.004165063182779185,-0.061410185528058214
2026-03-31,866740730.0099368,0.017062209539138284,-0.045395769442237
2026-04-01,866589440.5602849,-0.00017454983297049176,-0.04556239545123386
2026-04-02,870499784.8604206,0.004512337812018039,-0.04125565055901648
2026-04-03,860931777.5919801,-0.010991395328115626,-0.05179358872231943
2026-04-06,847673402.4826872,-0.01540002989130735,-0.06639599579912492
2026-04-07,848394036.4757441,0.0008501316555955187,-0.06560230948136303
2026-04-08,883909509.3755955,0.041862002056713796,-0.026486551439083184
2026-04-09,880241210.1551421,-0.004150084574884496,-0.030526714585398462
2026-04-10,887059295.7461193,0.00774570141947286,-0.02301746398242155
2026-04-13,889297162.3213551,0.0025227925415668402,-0.020552739727315417
2026-04-14,912959702.1964077,0.026608136040022483,0.0
2026-04-15,920298367.6046319,0.008038323477551955,0.0
2026-04-16,934227456.9244648,0.015135405875040059,0.0
2026-04-17,926077678.2944891,-0.008723548606465986,-0.008723548606465958
2026-04-20,945224393.9513329,0.020675064420195646,0.0
2026-04-21,933939046.5883507,-0.011939331480650853,-0.01193933148065085
2026-04-22,936099839.097615,0.002313633333093477,-0.009653321382845914
2026-04-23,925496659.0911498,-0.011326975567783976,-0.020870954015178356
2026-04-24,916605898.7439219,-0.009606474815326484,-0.030276932536386192
2026-04-28,931702425.6217036,0.016470030247971775,-0.014305564283104477
2026-04-29,920955614.441025,-0.011534596116895912,-0.02567515149377053
2026-05-04,914194185.4289316,-0.00734175339839508,-0.032828404261431965
2026-05-05,923707117.400565,0.010405811066464018,-0.022764199367325877
2026-05-06,922710832.007945,-0.0010785728223289721,-0.023818219342895186
2026-05-07,925078444.3546153,0.0025659310203589364,-0.021313404230397848
2026-05-08,922341223.4854919,-0.0029589067671262105,-0.024209246621516245
2026-05-11,908358129.3660507,-0.015160434949008978,-0.0390026588619552
2026-05-12,906146309.1048129,-0.0024349650096504383,-0.04134265376199342
2026-05-13,894191013.2883904,-0.013193560130739999,-0.05399075710436019
2026-05-14,909713583.9105258,0.017359345365204573,-0.03756865593825909
2026-05-15,907765728.4257274,-0.002141174452320821,-0.039629389344276955
2026-05-18,904519302.61773,-0.0035762815298473406,-0.043063945020973216
2026-05-19,904627516.8113298,0.00011963724078263685,-0.042949459831750025
2026-05-20,906358943.9089285,0.0019139668708085301,-0.04111769680417865
2026-05-21,897342727.6975672,-0.009947732376839925,-0.05065640133725857
2026-05-22,897299780.5644653,-4.786034563642744e-05,-0.05070183725001831
2026-05-25,899788707.0172633,0.002773795900442879,-0.04806867789788438
2026-05-26,890706965.637153,-0.010093193334483606,-0.05767670477301168
2026-05-27,887624923.840126,-0.0034602197085348966,-0.060937350410967595
2026-05-28,886923594.3022972,-0.0007901192485612567,-0.06167932188601288
2026-05-29,882321581.9928852,-0.005188735917023605,-0.06654802009022887
