date,equity,portfolio_return,drawdown
2018-01-02,100000000.0,0.0,0.0
2018-01-03,100000000.0,0.0,0.0
2018-01-04,100000000.0,0.0,0.0
2018-01-05,100000000.0,0.0,0.0
2018-01-08,100000000.0,0.0,0.0
2018-01-09,100000000.0,0.0,0.0
2018-01-10,100000000.0,0.0,0.0
2018-01-11,100000000.0,0.0,0.0
2018-01-12,100000000.0,0.0,0.0
2018-01-15,100000000.0,0.0,0.0
2018-01-16,100000000.0,0.0,0.0
2018-01-17,100000000.0,0.0,0.0
2018-01-18,100000000.0,0.0,0.0
2018-01-19,100000000.0,0.0,0.0
2018-01-22,100000000.0,0.0,0.0
2018-01-23,100000000.0,0.0,0.0
2018-01-24,100000000.0,0.0,0.0
2018-01-25,100000000.0,0.0,0.0
2018-01-26,100000000.0,0.0,0.0
2018-01-29,100000000.0,0.0,0.0
2018-01-30,100000000.0,0.0,0.0
2018-01-31,100000000.0,0.0,0.0
2018-02-01,100000000.0,0.0,0.0
2018-02-02,100000000.0,0.0,0.0
2018-02-05,100000000.0,0.0,0.0
2018-02-06,100000000.0,0.0,0.0
2018-02-07,100000000.0,0.0,0.0
2018-02-08,100000000.0,0.0,0.0
2018-02-09,100000000.0,0.0,0.0
2018-02-12,100000000.0,0.0,0.0
2018-02-13,100000000.0,0.0,0.0
2018-02-21,100000000.0,0.0,0.0
2018-02-22,100000000.0,0.0,0.0
2018-02-23,100000000.0,0.0,0.0
2018-02-26,100000000.0,0.0,0.0
2018-02-27,100000000.0,0.0,0.0
2018-02-28,100000000.0,0.0,0.0
2018-03-01,100000000.0,0.0,0.0
2018-03-02,100000000.0,0.0,0.0
2018-03-05,100000000.0,0.0,0.0
2018-03-06,100000000.0,0.0,0.0
2018-03-07,100000000.0,0.0,0.0
2018-03-08,100000000.0,0.0,0.0
2018-03-09,100000000.0,0.0,0.0
2018-03-12,100000000.0,0.0,0.0
2018-03-13,100000000.0,0.0,0.0
2018-03-14,100000000.0,0.0,0.0
2018-03-15,100000000.0,0.0,0.0
2018-03-16,100000000.0,0.0,0.0
2018-03-19,100000000.0,0.0,0.0
2018-03-20,100000000.0,0.0,0.0
2018-03-21,100000000.0,0.0,0.0
2018-03-22,100000000.0,0.0,0.0
2018-03-23,100000000.0,0.0,0.0
2018-03-26,100000000.0,0.0,0.0
2018-03-27,100000000.0,0.0,0.0
2018-03-28,100000000.0,0.0,0.0
2018-03-29,100000000.0,0.0,0.0
2018-03-30,100000000.0,0.0,0.0
2018-04-02,100000000.0,0.0,0.0
2018-04-03,100000000.0,0.0,0.0
2018-04-04,100000000.0,0.0,0.0
2018-04-05,100000000.0,0.0,0.0
2018-04-06,100000000.0,0.0,0.0
2018-04-09,100000000.0,0.0,0.0
2018-04-10,100000000.0,0.0,0.0
2018-04-11,100000000.0,0.0,0.0
2018-04-12,100000000.0,0.0,0.0
2018-04-13,100000000.0,0.0,0.0
2018-04-16,100000000.0,0.0,0.0
2018-04-17,100000000.0,0.0,0.0
2018-04-18,100000000.0,0.0,0.0
2018-04-19,100000000.0,0.0,0.0
2018-04-20,100000000.0,0.0,0.0
2018-04-23,100000000.0,0.0,0.0
2018-04-24,100000000.0,0.0,0.0
2018-04-26,100000000.0,0.0,0.0
2018-04-27,100000000.0,0.0,0.0
2018-05-02,100000000.0,0.0,0.0
2018-05-03,100000000.0,0.0,0.0
2018-05-04,100000000.0,0.0,0.0
2018-05-07,100000000.0,0.0,0.0
2018-05-08,100000000.0,0.0,0.0
2018-05-09,100000000.0,0.0,0.0
2018-05-10,100000000.0,0.0,0.0
2018-05-11,100000000.0,0.0,0.0
2018-05-14,100000000.0,0.0,0.0
2018-05-15,100000000.0,0.0,0.0
2018-05-16,100000000.0,0.0,0.0
2018-05-17,100000000.0,0.0,0.0
2018-05-18,100000000.0,0.0,0.0
2018-05-21,100000000.0,0.0,0.0
2018-05-22,100000000.0,0.0,0.0
2018-05-23,100000000.0,0.0,0.0
2018-05-24,100000000.0,0.0,0.0
2018-05-25,100000000.0,0.0,0.0
2018-05-28,100000000.0,0.0,0.0
2018-05-29,100000000.0,0.0,0.0
2018-05-30,100000000.0,0.0,0.0
2018-05-31,100000000.0,0.0,0.0
2018-06-01,100000000.0,0.0,0.0
2018-06-04,100000000.0,0.0,0.0
2018-06-05,100000000.0,0.0,0.0
2018-06-06,100000000.0,0.0,0.0
2018-06-07,100000000.0,0.0,0.0
2018-06-08,100000000.0,0.0,0.0
2018-06-11,100000000.0,0.0,0.0
2018-06-12,100000000.0,0.0,0.0
2018-06-13,100000000.0,0.0,0.0
2018-06-14,100000000.0,0.0,0.0
2018-06-15,100000000.0,0.0,0.0
2018-06-18,100000000.0,0.0,0.0
2018-06-19,100000000.0,0.0,0.0
2018-06-20,100000000.0,0.0,0.0
2018-06-21,100000000.0,0.0,0.0
2018-06-22,100000000.0,0.0,0.0
2018-06-25,100000000.0,0.0,0.0
2018-06-26,100000000.0,0.0,0.0
2018-06-27,100000000.0,0.0,0.0
2018-06-28,100000000.0,0.0,0.0
2018-06-29,100000000.0,0.0,0.0
2018-07-02,100000000.0,0.0,0.0
2018-07-03,100000000.0,0.0,0.0
2018-07-04,100000000.0,0.0,0.0
2018-07-05,100000000.0,0.0,0.0
2018-07-06,100000000.0,0.0,0.0
2018-07-09,100000000.0,0.0,0.0
2018-07-10,100000000.0,0.0,0.0
2018-07-11,100000000.0,0.0,0.0
2018-07-12,100000000.0,0.0,0.0
2018-07-13,100000000.0,0.0,0.0
2018-07-16,100000000.0,0.0,0.0
2018-07-17,100000000.0,0.0,0.0
2018-07-18,100000000.0,0.0,0.0
2018-07-19,100000000.0,0.0,0.0
2018-07-20,100000000.0,0.0,0.0
2018-07-23,100000000.0,0.0,0.0
2018-07-24,100000000.0,0.0,0.0
2018-07-25,100000000.0,0.0,0.0
2018-07-26,100000000.0,0.0,0.0
2018-07-27,100000000.0,0.0,0.0
2018-07-30,100000000.0,0.0,0.0
2018-07-31,100000000.0,0.0,0.0
2018-08-01,100000000.0,0.0,0.0
2018-08-02,100000000.0,0.0,0.0
2018-08-03,100000000.0,0.0,0.0
2018-08-06,100000000.0,0.0,0.0
2018-08-07,100000000.0,0.0,0.0
2018-08-08,100000000.0,0.0,0.0
2018-08-09,100000000.0,0.0,0.0
2018-08-10,100000000.0,0.0,0.0
2018-08-13,100000000.0,0.0,0.0
2018-08-14,100000000.0,0.0,0.0
2018-08-15,100000000.0,0.0,0.0
2018-08-16,100000000.0,0.0,0.0
2018-08-17,100000000.0,0.0,0.0
2018-08-20,100000000.0,0.0,0.0
2018-08-21,100000000.0,0.0,0.0
2018-08-22,100000000.0,0.0,0.0
2018-08-23,100000000.0,0.0,0.0
2018-08-24,100000000.0,0.0,0.0
2018-08-27,100000000.0,0.0,0.0
2018-08-28,100000000.0,0.0,0.0
2018-08-29,100000000.0,0.0,0.0
2018-08-30,100000000.0,0.0,0.0
2018-08-31,100000000.0,0.0,0.0
2018-09-04,100000000.0,0.0,0.0
2018-09-05,100000000.0,0.0,0.0
2018-09-06,100000000.0,0.0,0.0
2018-09-07,100000000.0,0.0,0.0
2018-09-10,100000000.0,0.0,0.0
2018-09-11,100000000.0,0.0,0.0
2018-09-12,100000000.0,0.0,0.0
2018-09-13,100000000.0,0.0,0.0
2018-09-14,100000000.0,0.0,0.0
2018-09-17,100000000.0,0.0,0.0
2018-09-18,100000000.0,0.0,0.0
2018-09-19,100000000.0,0.0,0.0
2018-09-20,100000000.0,0.0,0.0
2018-09-21,100000000.0,0.0,0.0
2018-09-24,100000000.0,0.0,0.0
2018-09-25,100000000.0,0.0,0.0
2018-09-26,100000000.0,0.0,0.0
2018-09-27,100000000.0,0.0,0.0
2018-09-28,100000000.0,0.0,0.0
2018-10-01,100000000.0,0.0,0.0
2018-10-02,100000000.0,0.0,0.0
2018-10-03,100000000.0,0.0,0.0
2018-10-04,100000000.0,0.0,0.0
2018-10-05,100000000.0,0.0,0.0
2018-10-08,100000000.0,0.0,0.0
2018-10-09,100000000.0,0.0,0.0
2018-10-10,100000000.0,0.0,0.0
2018-10-11,100000000.0,0.0,0.0
2018-10-12,100000000.0,0.0,0.0
2018-10-15,100000000.0,0.0,0.0
2018-10-16,100000000.0,0.0,0.0
2018-10-17,100000000.0,0.0,0.0
2018-10-18,100000000.0,0.0,0.0
2018-10-19,100000000.0,0.0,0.0
2018-10-22,100000000.0,0.0,0.0
2018-10-23,100000000.0,0.0,0.0
2018-10-24,100000000.0,0.0,0.0
2018-10-25,100000000.0,0.0,0.0
2018-10-26,100000000.0,0.0,0.0
2018-10-29,100000000.0,0.0,0.0
2018-10-30,100000000.0,0.0,0.0
2018-10-31,100000000.0,0.0,0.0
2018-11-01,100000000.0,0.0,0.0
2018-11-02,100000000.0,0.0,0.0
2018-11-05,100000000.0,0.0,0.0
2018-11-06,100000000.0,0.0,0.0
2018-11-07,100000000.0,0.0,0.0
2018-11-08,100000000.0,0.0,0.0
2018-11-09,100000000.0,0.0,0.0
2018-11-12,100000000.0,0.0,0.0
2018-11-13,100000000.0,0.0,0.0
2018-11-14,100000000.0,0.0,0.0
2018-11-15,100000000.0,0.0,0.0
2018-11-16,100000000.0,0.0,0.0
2018-11-19,100000000.0,0.0,0.0
2018-11-20,100000000.0,0.0,0.0
2018-11-21,100000000.0,0.0,0.0
2018-11-22,100000000.0,0.0,0.0
2018-11-23,100000000.0,0.0,0.0
2018-11-26,100000000.0,0.0,0.0
2018-11-27,100000000.0,0.0,0.0
2018-11-28,100000000.0,0.0,0.0
2018-11-29,100000000.0,0.0,0.0
2018-11-30,100000000.0,0.0,0.0
2018-12-03,100000000.0,0.0,0.0
2018-12-04,100000000.0,0.0,0.0
2018-12-05,100000000.0,0.0,0.0
2018-12-06,100000000.0,0.0,0.0
2018-12-07,100000000.0,0.0,0.0
2018-12-10,100000000.0,0.0,0.0
2018-12-11,100000000.0,0.0,0.0
2018-12-12,100000000.0,0.0,0.0
2018-12-13,100000000.0,0.0,0.0
2018-12-14,100000000.0,0.0,0.0
2018-12-17,100000000.0,0.0,0.0
2018-12-18,100000000.0,0.0,0.0
2018-12-19,100000000.0,0.0,0.0
2018-12-20,100000000.0,0.0,0.0
2018-12-21,100000000.0,0.0,0.0
2018-12-24,100000000.0,0.0,0.0
2018-12-25,100000000.0,0.0,0.0
2018-12-26,100000000.0,0.0,0.0
2018-12-27,100000000.0,0.0,0.0
2018-12-28,100000000.0,0.0,0.0
2019-01-02,100000000.0,0.0,0.0
2019-01-03,100000000.0,0.0,0.0
2019-01-04,100000000.0,0.0,0.0
2019-01-07,100000000.0,0.0,0.0
2019-01-08,100000000.0,0.0,0.0
2019-01-09,100000000.0,0.0,0.0
2019-01-10,100000000.0,0.0,0.0
2019-01-11,100000000.0,0.0,0.0
2019-01-14,100000000.0,0.0,0.0
2019-01-15,100000000.0,0.0,0.0
2019-01-16,100000000.0,0.0,0.0
2019-01-17,100000000.0,0.0,0.0
2019-01-18,100000000.0,0.0,0.0
2019-01-21,100000000.0,0.0,0.0
2019-01-22,100000000.0,0.0,0.0
2019-01-23,100000000.0,0.0,0.0
2019-01-24,100000000.0,0.0,0.0
2019-01-25,100000000.0,0.0,0.0
2019-01-28,100000000.0,0.0,0.0
2019-01-29,100000000.0,0.0,0.0
2019-01-30,100000000.0,0.0,0.0
2019-01-31,100000000.0,0.0,0.0
2019-02-01,100000000.0,0.0,0.0
2019-02-11,100000000.0,0.0,0.0
2019-02-12,100000000.0,0.0,0.0
2019-02-13,100000000.0,0.0,0.0
2019-02-14,100000000.0,0.0,0.0
2019-02-15,100000000.0,0.0,0.0
2019-02-18,100000000.0,0.0,0.0
2019-02-19,100000000.0,0.0,0.0
2019-02-20,100000000.0,0.0,0.0
2019-02-21,100000000.0,0.0,0.0
2019-02-22,100000000.0,0.0,0.0
2019-02-25,100000000.0,0.0,0.0
2019-02-26,100000000.0,0.0,0.0
2019-02-27,100000000.0,0.0,0.0
2019-02-28,100000000.0,0.0,0.0
2019-03-01,100000000.0,0.0,0.0
2019-03-04,100000000.0,0.0,0.0
2019-03-05,100000000.0,0.0,0.0
2019-03-06,100000000.0,0.0,0.0
2019-03-07,100000000.0,0.0,0.0
2019-03-08,100000000.0,0.0,0.0
2019-03-11,100000000.0,0.0,0.0
2019-03-12,100000000.0,0.0,0.0
2019-03-13,100000000.0,0.0,0.0
2019-03-14,100000000.0,0.0,0.0
2019-03-15,100000000.0,0.0,0.0
2019-03-18,100000000.0,0.0,0.0
2019-03-19,100000000.0,0.0,0.0
2019-03-20,100000000.0,0.0,0.0
2019-03-21,100000000.0,0.0,0.0
2019-03-22,100000000.0,0.0,0.0
2019-03-25,100000000.0,0.0,0.0
2019-03-26,100000000.0,0.0,0.0
2019-03-27,100000000.0,0.0,0.0
2019-03-28,100000000.0,0.0,0.0
2019-03-29,100000000.0,0.0,0.0
2019-04-01,100000000.0,0.0,0.0
2019-04-02,100000000.0,0.0,0.0
2019-04-03,100000000.0,0.0,0.0
2019-04-04,100000000.0,0.0,0.0
2019-04-05,100000000.0,0.0,0.0
2019-04-08,100000000.0,0.0,0.0
2019-04-09,100000000.0,0.0,0.0
2019-04-10,100000000.0,0.0,0.0
2019-04-11,100000000.0,0.0,0.0
2019-04-12,100000000.0,0.0,0.0
2019-04-16,100000000.0,0.0,0.0
2019-04-17,100000000.0,0.0,0.0
2019-04-18,100000000.0,0.0,0.0
2019-04-19,100000000.0,0.0,0.0
2019-04-22,100000000.0,0.0,0.0
2019-04-23,100000000.0,0.0,0.0
2019-04-24,100000000.0,0.0,0.0
2019-04-25,100000000.0,0.0,0.0
2019-04-26,100000000.0,0.0,0.0
2019-05-02,100000000.0,0.0,0.0
2019-05-03,100000000.0,0.0,0.0
2019-05-06,100000000.0,0.0,0.0
2019-05-07,100000000.0,0.0,0.0
2019-05-08,100000000.0,0.0,0.0
2019-05-09,100000000.0,0.0,0.0
2019-05-10,100000000.0,0.0,0.0
2019-05-13,100000000.0,0.0,0.0
2019-05-14,100000000.0,0.0,0.0
2019-05-15,100000000.0,0.0,0.0
2019-05-16,100000000.0,0.0,0.0
2019-05-17,100000000.0,0.0,0.0
2019-05-20,100000000.0,0.0,0.0
2019-05-21,100000000.0,0.0,0.0
2019-05-22,100000000.0,0.0,0.0
2019-05-23,100000000.0,0.0,0.0
2019-05-24,100000000.0,0.0,0.0
2019-05-27,100000000.0,0.0,0.0
2019-05-28,100000000.0,0.0,0.0
2019-05-29,100000000.0,0.0,0.0
2019-05-30,100000000.0,0.0,0.0
2019-05-31,100000000.0,0.0,0.0
2019-06-03,100000000.0,0.0,0.0
2019-06-04,100000000.0,0.0,0.0
2019-06-05,100000000.0,0.0,0.0
2019-06-06,100000000.0,0.0,0.0
2019-06-07,100000000.0,0.0,0.0
2019-06-10,100000000.0,0.0,0.0
2019-06-11,100000000.0,0.0,0.0
2019-06-12,100000000.0,0.0,0.0
2019-06-13,100000000.0,0.0,0.0
2019-06-14,100000000.0,0.0,0.0
2019-06-17,100000000.0,0.0,0.0
2019-06-18,100000000.0,0.0,0.0
2019-06-19,100000000.0,0.0,0.0
2019-06-20,100000000.0,0.0,0.0
2019-06-21,100000000.0,0.0,0.0
2019-06-24,100000000.0,0.0,0.0
2019-06-25,100000000.0,0.0,0.0
2019-06-26,100000000.0,0.0,0.0
2019-06-27,100000000.0,0.0,0.0
2019-06-28,100000000.0,0.0,0.0
2019-07-01,100000000.0,0.0,0.0
2019-07-02,100000000.0,0.0,0.0
2019-07-03,100000000.0,0.0,0.0
2019-07-04,100000000.0,0.0,0.0
2019-07-05,100000000.0,0.0,0.0
2019-07-08,100000000.0,0.0,0.0
2019-07-09,100000000.0,0.0,0.0
2019-07-10,100000000.0,0.0,0.0
2019-07-11,100000000.0,0.0,0.0
2019-07-12,100000000.0,0.0,0.0
2019-07-15,100000000.0,0.0,0.0
2019-07-16,100000000.0,0.0,0.0
2019-07-17,100000000.0,0.0,0.0
2019-07-18,100000000.0,0.0,0.0
2019-07-19,100000000.0,0.0,0.0
2019-07-22,100000000.0,0.0,0.0
2019-07-23,100000000.0,0.0,0.0
2019-07-24,100000000.0,0.0,0.0
2019-07-25,100000000.0,0.0,0.0
2019-07-26,100000000.0,0.0,0.0
2019-07-29,100000000.0,0.0,0.0
2019-07-30,100000000.0,0.0,0.0
2019-07-31,100000000.0,0.0,0.0
2019-08-01,100000000.0,0.0,0.0
2019-08-02,100000000.0,0.0,0.0
2019-08-05,100000000.0,0.0,0.0
2019-08-06,100000000.0,0.0,0.0
2019-08-07,100000000.0,0.0,0.0
2019-08-08,100000000.0,0.0,0.0
2019-08-09,100000000.0,0.0,0.0
2019-08-12,100000000.0,0.0,0.0
2019-08-13,100000000.0,0.0,0.0
2019-08-14,100000000.0,0.0,0.0
2019-08-15,100000000.0,0.0,0.0
2019-08-16,100000000.0,0.0,0.0
2019-08-19,100000000.0,0.0,0.0
2019-08-20,100000000.0,0.0,0.0
2019-08-21,100000000.0,0.0,0.0
2019-08-22,100000000.0,0.0,0.0
2019-08-23,100000000.0,0.0,0.0
2019-08-26,100000000.0,0.0,0.0
2019-08-27,100000000.0,0.0,0.0
2019-08-28,100000000.0,0.0,0.0
2019-08-29,100000000.0,0.0,0.0
2019-08-30,100000000.0,0.0,0.0
2019-09-03,100000000.0,0.0,0.0
2019-09-04,100000000.0,0.0,0.0
2019-09-05,100000000.0,0.0,0.0
2019-09-06,100000000.0,0.0,0.0
2019-09-09,100000000.0,0.0,0.0
2019-09-10,100000000.0,0.0,0.0
2019-09-11,100000000.0,0.0,0.0
2019-09-12,100000000.0,0.0,0.0
2019-09-13,100000000.0,0.0,0.0
2019-09-16,100000000.0,0.0,0.0
2019-09-17,100000000.0,0.0,0.0
2019-09-18,100000000.0,0.0,0.0
2019-09-19,100000000.0,0.0,0.0
2019-09-20,100000000.0,0.0,0.0
2019-09-23,100000000.0,0.0,0.0
2019-09-24,100000000.0,0.0,0.0
2019-09-25,100000000.0,0.0,0.0
2019-09-26,100000000.0,0.0,0.0
2019-09-27,100000000.0,0.0,0.0
2019-09-30,100000000.0,0.0,0.0
2019-10-01,100000000.0,0.0,0.0
2019-10-02,100000000.0,0.0,0.0
2019-10-03,100000000.0,0.0,0.0
2019-10-04,100000000.0,0.0,0.0
2019-10-07,100000000.0,0.0,0.0
2019-10-08,100000000.0,0.0,0.0
2019-10-09,100000000.0,0.0,0.0
2019-10-10,100000000.0,0.0,0.0
2019-10-11,100000000.0,0.0,0.0
2019-10-14,100000000.0,0.0,0.0
2019-10-15,100000000.0,0.0,0.0
2019-10-16,100000000.0,0.0,0.0
2019-10-17,100000000.0,0.0,0.0
2019-10-18,100000000.0,0.0,0.0
2019-10-21,100000000.0,0.0,0.0
2019-10-22,100000000.0,0.0,0.0
2019-10-23,100000000.0,0.0,0.0
2019-10-24,100000000.0,0.0,0.0
2019-10-25,100000000.0,0.0,0.0
2019-10-28,100000000.0,0.0,0.0
2019-10-29,100000000.0,0.0,0.0
2019-10-30,100000000.0,0.0,0.0
2019-10-31,100000000.0,0.0,0.0
2019-11-01,100000000.0,0.0,0.0
2019-11-04,100000000.0,0.0,0.0
2019-11-05,100000000.0,0.0,0.0
2019-11-06,100000000.0,0.0,0.0
2019-11-07,100000000.0,0.0,0.0
2019-11-08,100000000.0,0.0,0.0
2019-11-11,100000000.0,0.0,0.0
2019-11-12,100000000.0,0.0,0.0
2019-11-13,100000000.0,0.0,0.0
2019-11-14,100000000.0,0.0,0.0
2019-11-15,100000000.0,0.0,0.0
2019-11-18,100000000.0,0.0,0.0
2019-11-19,100000000.0,0.0,0.0
2019-11-20,100000000.0,0.0,0.0
2019-11-21,100000000.0,0.0,0.0
2019-11-22,100000000.0,0.0,0.0
2019-11-25,100000000.0,0.0,0.0
2019-11-26,100000000.0,0.0,0.0
2019-11-27,100000000.0,0.0,0.0
2019-11-28,100000000.0,0.0,0.0
2019-11-29,100000000.0,0.0,0.0
2019-12-02,100000000.0,0.0,0.0
2019-12-03,100000000.0,0.0,0.0
2019-12-04,100000000.0,0.0,0.0
2019-12-05,100000000.0,0.0,0.0
2019-12-06,100000000.0,0.0,0.0
2019-12-09,100000000.0,0.0,0.0
2019-12-10,100000000.0,0.0,0.0
2019-12-11,100000000.0,0.0,0.0
2019-12-12,100000000.0,0.0,0.0
2019-12-13,100000000.0,0.0,0.0
2019-12-16,100000000.0,0.0,0.0
2019-12-17,100000000.0,0.0,0.0
2019-12-18,100000000.0,0.0,0.0
2019-12-19,100000000.0,0.0,0.0
2019-12-20,100000000.0,0.0,0.0
2019-12-23,100000000.0,0.0,0.0
2019-12-24,100000000.0,0.0,0.0
2019-12-25,100000000.0,0.0,0.0
2019-12-26,100000000.0,0.0,0.0
2019-12-27,100000000.0,0.0,0.0
2019-12-30,100000000.0,0.0,0.0
2019-12-31,100000000.0,0.0,0.0
2020-01-02,100000000.0,0.0,0.0
2020-01-03,100000000.0,0.0,0.0
2020-01-06,100000000.0,0.0,0.0
2020-01-07,100000000.0,0.0,0.0
2020-01-08,100000000.0,0.0,0.0
2020-01-09,100000000.0,0.0,0.0
2020-01-10,100000000.0,0.0,0.0
2020-01-13,100000000.0,0.0,0.0
2020-01-14,100000000.0,0.0,0.0
2020-01-15,100000000.0,0.0,0.0
2020-01-16,100000000.0,0.0,0.0
2020-01-17,100000000.0,0.0,0.0
2020-01-20,100000000.0,0.0,0.0
2020-01-21,100000000.0,0.0,0.0
2020-01-22,100000000.0,0.0,0.0
2020-01-30,100000000.0,0.0,0.0
2020-01-31,100000000.0,0.0,0.0
2020-02-03,100000000.0,0.0,0.0
2020-02-04,100000000.0,0.0,0.0
2020-02-05,100000000.0,0.0,0.0
2020-02-06,100000000.0,0.0,0.0
2020-02-07,100000000.0,0.0,0.0
2020-02-10,100000000.0,0.0,0.0
2020-02-11,100000000.0,0.0,0.0
2020-02-12,100000000.0,0.0,0.0
2020-02-13,100000000.0,0.0,0.0
2020-02-14,100000000.0,0.0,0.0
2020-02-17,100000000.0,0.0,0.0
2020-02-18,100000000.0,0.0,0.0
2020-02-19,100000000.0,0.0,0.0
2020-02-20,100000000.0,0.0,0.0
2020-02-21,100000000.0,0.0,0.0
2020-02-24,100000000.0,0.0,0.0
2020-02-25,100000000.0,0.0,0.0
2020-02-26,100000000.0,0.0,0.0
2020-02-27,100000000.0,0.0,0.0
2020-02-28,100000000.0,0.0,0.0
2020-03-02,100000000.0,0.0,0.0
2020-03-03,100000000.0,0.0,0.0
2020-03-04,100000000.0,0.0,0.0
2020-03-05,100000000.0,0.0,0.0
2020-03-06,100000000.0,0.0,0.0
2020-03-09,100000000.0,0.0,0.0
2020-03-10,100000000.0,0.0,0.0
2020-03-11,100000000.0,0.0,0.0
2020-03-12,100000000.0,0.0,0.0
2020-03-13,100000000.0,0.0,0.0
2020-03-16,100000000.0,0.0,0.0
2020-03-17,100000000.0,0.0,0.0
2020-03-18,100000000.0,0.0,0.0
2020-03-19,100000000.0,0.0,0.0
2020-03-20,100000000.0,0.0,0.0
2020-03-23,100000000.0,0.0,0.0
2020-03-24,100000000.0,0.0,0.0
2020-03-25,100000000.0,0.0,0.0
2020-03-26,100000000.0,0.0,0.0
2020-03-27,100000000.0,0.0,0.0
2020-03-30,100000000.0,0.0,0.0
2020-03-31,100000000.0,0.0,0.0
2020-04-01,100000000.0,0.0,0.0
2020-04-03,100000000.0,0.0,0.0
2020-04-06,100000000.0,0.0,0.0
2020-04-07,100000000.0,0.0,0.0
2020-04-08,100000000.0,0.0,0.0
2020-04-09,100000000.0,0.0,0.0
2020-04-10,100000000.0,0.0,0.0
2020-04-13,100000000.0,0.0,0.0
2020-04-14,100000000.0,0.0,0.0
2020-04-15,100000000.0,0.0,0.0
2020-04-16,100000000.0,0.0,0.0
2020-04-17,100000000.0,0.0,0.0
2020-04-20,100000000.0,0.0,0.0
2020-04-21,100000000.0,0.0,0.0
2020-04-22,100000000.0,0.0,0.0
2020-04-23,100000000.0,0.0,0.0
2020-04-24,100000000.0,0.0,0.0
2020-04-27,100000000.0,0.0,0.0
2020-04-28,100000000.0,0.0,0.0
2020-04-29,100000000.0,0.0,0.0
2020-05-04,100000000.0,0.0,0.0
2020-05-05,100000000.0,0.0,0.0
2020-05-06,100000000.0,0.0,0.0
2020-05-07,100000000.0,0.0,0.0
2020-05-08,100000000.0,0.0,0.0
2020-05-11,100000000.0,0.0,0.0
2020-05-12,100000000.0,0.0,0.0
2020-05-13,100000000.0,0.0,0.0
2020-05-14,100000000.0,0.0,0.0
2020-05-15,100000000.0,0.0,0.0
2020-05-18,100000000.0,0.0,0.0
2020-05-19,100000000.0,0.0,0.0
2020-05-20,100000000.0,0.0,0.0
2020-05-21,100000000.0,0.0,0.0
2020-05-22,100000000.0,0.0,0.0
2020-05-25,100000000.0,0.0,0.0
2020-05-26,100000000.0,0.0,0.0
2020-05-27,100000000.0,0.0,0.0
2020-05-28,100000000.0,0.0,0.0
2020-05-29,100000000.0,0.0,0.0
2020-06-01,100000000.0,0.0,0.0
2020-06-02,100000000.0,0.0,0.0
2020-06-03,100000000.0,0.0,0.0
2020-06-04,100000000.0,0.0,0.0
2020-06-05,100000000.0,0.0,0.0
2020-06-08,100000000.0,0.0,0.0
2020-06-09,100000000.0,0.0,0.0
2020-06-10,100000000.0,0.0,0.0
2020-06-11,100000000.0,0.0,0.0
2020-06-12,100000000.0,0.0,0.0
2020-06-15,100000000.0,0.0,0.0
2020-06-16,100000000.0,0.0,0.0
2020-06-17,100000000.0,0.0,0.0
2020-06-18,100000000.0,0.0,0.0
2020-06-19,100000000.0,0.0,0.0
2020-06-22,100000000.0,0.0,0.0
2020-06-23,100000000.0,0.0,0.0
2020-06-24,100000000.0,0.0,0.0
2020-06-25,100000000.0,0.0,0.0
2020-06-26,100000000.0,0.0,0.0
2020-06-29,100000000.0,0.0,0.0
2020-06-30,100000000.0,0.0,0.0
2020-07-01,100000000.0,0.0,0.0
2020-07-02,100000000.0,0.0,0.0
2020-07-03,100000000.0,0.0,0.0
2020-07-06,100000000.0,0.0,0.0
2020-07-07,100000000.0,0.0,0.0
2020-07-08,100000000.0,0.0,0.0
2020-07-09,100000000.0,0.0,0.0
2020-07-10,100000000.0,0.0,0.0
2020-07-13,100000000.0,0.0,0.0
2020-07-14,100000000.0,0.0,0.0
2020-07-15,100000000.0,0.0,0.0
2020-07-16,100000000.0,0.0,0.0
2020-07-17,100000000.0,0.0,0.0
2020-07-20,100000000.0,0.0,0.0
2020-07-21,100000000.0,0.0,0.0
2020-07-22,100000000.0,0.0,0.0
2020-07-23,100000000.0,0.0,0.0
2020-07-24,100000000.0,0.0,0.0
2020-07-27,100000000.0,0.0,0.0
2020-07-28,100000000.0,0.0,0.0
2020-07-29,100000000.0,0.0,0.0
2020-07-30,100000000.0,0.0,0.0
2020-07-31,100000000.0,0.0,0.0
2020-08-03,100000000.0,0.0,0.0
2020-08-04,100000000.0,0.0,0.0
2020-08-05,100000000.0,0.0,0.0
2020-08-06,100000000.0,0.0,0.0
2020-08-07,100000000.0,0.0,0.0
2020-08-10,100000000.0,0.0,0.0
2020-08-11,100000000.0,0.0,0.0
2020-08-12,100000000.0,0.0,0.0
2020-08-13,100000000.0,0.0,0.0
2020-08-14,100000000.0,0.0,0.0
2020-08-17,100000000.0,0.0,0.0
2020-08-18,100000000.0,0.0,0.0
2020-08-19,100000000.0,0.0,0.0
2020-08-20,100000000.0,0.0,0.0
2020-08-21,100000000.0,0.0,0.0
2020-08-24,100000000.0,0.0,0.0
2020-08-25,100000000.0,0.0,0.0
2020-08-26,100000000.0,0.0,0.0
2020-08-27,100000000.0,0.0,0.0
2020-08-28,100000000.0,0.0,0.0
2020-08-31,100000000.0,0.0,0.0
2020-09-01,100000000.0,0.0,0.0
2020-09-03,100000000.0,0.0,0.0
2020-09-04,100000000.0,0.0,0.0
2020-09-07,100000000.0,0.0,0.0
2020-09-08,100000000.0,0.0,0.0
2020-09-09,100000000.0,0.0,0.0
2020-09-10,100000000.0,0.0,0.0
2020-09-11,100000000.0,0.0,0.0
2020-09-14,100000000.0,0.0,0.0
2020-09-15,100000000.0,0.0,0.0
2020-09-16,100000000.0,0.0,0.0
2020-09-17,100000000.0,0.0,0.0
2020-09-18,100000000.0,0.0,0.0
2020-09-21,100000000.0,0.0,0.0
2020-09-22,100000000.0,0.0,0.0
2020-09-23,100000000.0,0.0,0.0
2020-09-24,100000000.0,0.0,0.0
2020-09-25,100000000.0,0.0,0.0
2020-09-28,100000000.0,0.0,0.0
2020-09-29,100000000.0,0.0,0.0
2020-09-30,100000000.0,0.0,0.0
2020-10-01,100000000.0,0.0,0.0
2020-10-02,100000000.0,0.0,0.0
2020-10-05,100000000.0,0.0,0.0
2020-10-06,100000000.0,0.0,0.0
2020-10-07,100000000.0,0.0,0.0
2020-10-08,100000000.0,0.0,0.0
2020-10-09,100000000.0,0.0,0.0
2020-10-12,100000000.0,0.0,0.0
2020-10-13,100000000.0,0.0,0.0
2020-10-14,100000000.0,0.0,0.0
2020-10-15,100000000.0,0.0,0.0
2020-10-16,100000000.0,0.0,0.0
2020-10-19,100000000.0,0.0,0.0
2020-10-20,100000000.0,0.0,0.0
2020-10-21,100000000.0,0.0,0.0
2020-10-22,100000000.0,0.0,0.0
2020-10-23,100000000.0,0.0,0.0
2020-10-26,100000000.0,0.0,0.0
2020-10-27,100000000.0,0.0,0.0
2020-10-28,100000000.0,0.0,0.0
2020-10-29,100000000.0,0.0,0.0
2020-10-30,100000000.0,0.0,0.0
2020-11-02,100000000.0,0.0,0.0
2020-11-03,100000000.0,0.0,0.0
2020-11-04,100000000.0,0.0,0.0
2020-11-05,100000000.0,0.0,0.0
2020-11-06,100000000.0,0.0,0.0
2020-11-09,100000000.0,0.0,0.0
2020-11-10,100000000.0,0.0,0.0
2020-11-11,100000000.0,0.0,0.0
2020-11-12,100000000.0,0.0,0.0
2020-11-13,100000000.0,0.0,0.0
2020-11-16,100000000.0,0.0,0.0
2020-11-17,100000000.0,0.0,0.0
2020-11-18,100000000.0,0.0,0.0
2020-11-19,100000000.0,0.0,0.0
2020-11-20,100000000.0,0.0,0.0
2020-11-23,100000000.0,0.0,0.0
2020-11-24,100000000.0,0.0,0.0
2020-11-25,100000000.0,0.0,0.0
2020-11-26,100000000.0,0.0,0.0
2020-11-27,100000000.0,0.0,0.0
2020-11-30,100000000.0,0.0,0.0
2020-12-01,100000000.0,0.0,0.0
2020-12-02,100000000.0,0.0,0.0
2020-12-03,100000000.0,0.0,0.0
2020-12-04,100000000.0,0.0,0.0
2020-12-07,100000000.0,0.0,0.0
2020-12-08,100000000.0,0.0,0.0
2020-12-09,100000000.0,0.0,0.0
2020-12-10,100000000.0,0.0,0.0
2020-12-11,100000000.0,0.0,0.0
2020-12-14,100000000.0,0.0,0.0
2020-12-15,100000000.0,0.0,0.0
2020-12-16,100000000.0,0.0,0.0
2020-12-17,100000000.0,0.0,0.0
2020-12-18,100000000.0,0.0,0.0
2020-12-21,100000000.0,0.0,0.0
2020-12-22,100000000.0,0.0,0.0
2020-12-23,100000000.0,0.0,0.0
2020-12-24,100000000.0,0.0,0.0
2020-12-25,100000000.0,0.0,0.0
2020-12-28,100000000.0,0.0,0.0
2020-12-29,100000000.0,0.0,0.0
2020-12-30,100000000.0,0.0,0.0
2020-12-31,100000000.0,0.0,0.0
2021-01-04,100000000.0,0.0,0.0
2021-01-05,99920000.0,-0.0008,-0.0008000000000000229
2021-01-06,100112697.76876268,0.001928520504030003,0.0
2021-01-07,101925466.94619048,0.018107285267797684,0.0
2021-01-08,102748856.7154043,0.00807835170035098,0.0
2021-01-11,104064890.78341262,0.012808259965884528,0.0
2021-01-12,104757898.7694945,0.006659383206620777,0.0
2021-01-13,104087432.01526281,-0.0064001546623893455,-0.006400154662389301
2021-01-14,106010215.453338,0.01847277236884121,0.0
2021-01-15,106652565.94693941,0.006059326366374115,0.0
2021-01-18,107186062.52552721,0.005002191685226022,0.0
2021-01-19,103647629.6085241,-0.03301206177025492,-0.03301206177025495
2021-01-20,102916659.91156898,-0.007052449725246769,-0.03983169558954025
2021-01-21,104529962.8162803,0.015675818726506956,-0.02478027130266436
2021-01-22,104134285.43447937,-0.0037853010863150216,-0.02847177160109815
2021-01-25,105468611.99478683,0.012813518187024078,-0.016023076977301542
2021-01-26,103906182.01874538,-0.014814170268199603,-0.03059987865493896
2021-01-27,100688583.26534292,-0.03096638420245275,-0.06061869525841446
2021-01-28,97144629.44255896,-0.035197176361540815,-0.09368226471213836
2021-01-29,97937792.12455374,0.008164761001675068,-0.08628239701193352
2021-02-01,96017466.37429053,-0.019607607120865185,-0.10419821279074226
2021-02-02,97538102.33705084,0.015837076525563033,-0.09001133133497308
2021-02-03,99465433.3271818,0.01975977534882637,-0.07203015967217452
2021-02-04,99820895.86552846,0.003573729349546027,-0.06871384661830149
2021-02-05,100263306.56236264,0.004432044944078248,-0.06458634453071599
2021-02-08,99104823.86986634,-0.011554403422509676,-0.07539449127293263
2021-02-09,100082916.50436515,0.009869273727615212,-0.06626930641724427
2021-02-17,101871420.59052622,0.01787022349696485,-0.04958333023694439
2021-02-18,102224738.98033035,0.0034682778325463197,-0.04628702116952266
2021-02-19,104712778.56950538,0.02433891848482752,-0.023074678719845698
2021-02-22,106035894.9695305,0.012635672724001562,-0.010730570084359514
2021-02-23,106850066.14043948,0.0076782600000022665,-0.003134702191413208
2021-02-24,105580693.30865948,-0.011879944277353918,-0.014977406381407099
2021-02-25,107065955.62682849,0.014067556023968588,-0.0011205458608026797
2021-02-26,107526528.88188374,0.00430177129937127,0.0
2021-03-01,110323596.46266378,0.026012813859662302,0.0
2021-03-02,111642246.80333477,0.011952568470855206,0.0
2021-03-03,111355574.47724882,-0.0025677763955337376,-0.0025677763955337385
2021-03-04,111172205.16245782,-0.0016467008109096355,-0.004210248846970632
2021-03-05,113218255.93825963,0.018404337422396895,0.0
2021-03-08,113652973.53143808,0.0038396421988297715,0.0
2021-03-09,114145257.23515113,0.0043314634753209656,0.0
2021-03-10,114491245.11815226,0.0030311192193326324,0.0
2021-03-11,114577306.48788455,0.0007516851584894304,0.0
2021-03-12,114290784.14662978,-0.0025006901456971127,-0.002500690145697093
2021-03-15,113766192.0591284,-0.004589977148361757,-0.007079189183434975
2021-03-16,113507634.87597029,-0.002272706666878092,-0.009335806929859802
2021-03-17,116478850.0569694,0.026176346500794943,0.0
2021-03-18,116402271.01555371,-0.0006574501841170035,-0.0006574501841170033
2021-03-19,116082578.58250551,-0.002746444981348226,-0.003402089514706552
2021-03-22,115089999.94341667,-0.008550625349723479,-0.011923624871583605
2021-03-23,114558967.04697627,-0.004614066354170483,-0.016482674829414345
2021-03-24,112932316.70842744,-0.014199240622358238,-0.030447873985769647
2021-03-25,112034380.06769389,-0.0079511044039934,-0.038156884164822547
2021-03-26,112555691.46143967,0.00465313766569504,-0.03368129573404044
2021-03-29,114075167.7698951,0.013499773212054702,-0.020636212375883423
2021-03-30,115237347.63806812,0.010187842725923407,-0.010658608136104197
2021-03-31,116559867.28269786,0.011476484592334052,0.0
2021-04-01,118632831.43510978,0.01778454454983438,0.0
2021-04-02,118552985.12210317,-0.0006730540950654483,-0.0006730540950654618
2021-04-05,116718775.20286196,-0.015471646853531928,-0.016134287693325144
2021-04-06,117055724.93546012,0.0028868511686532304,-0.01329401381195483
2021-04-07,117573826.53059345,0.00442611068718762,-0.008926743901375933
2021-04-08,117442715.84753232,-0.0011151349490783305,-0.010031924326348363
2021-04-09,118524572.08026934,0.009211778056474086,-0.0009125581302479313
2021-04-12,118945467.5405547,0.003551124065652135,0.0
2021-04-13,117836383.18865532,-0.009324309490996292,-0.009324309490996274
2021-04-14,118089286.29500306,0.0021462225800230428,-0.007198098954545928
2021-04-15,118021658.62626949,-0.0005726825087639527,-0.007766659237942286
2021-04-16,117263756.26591069,-0.006421722666674243,-0.01413850657294391
2021-04-19,119300629.1624743,0.01737001236720362,0.0
2021-04-20,118941673.64779487,-0.003008831698536762,-0.003008831698536718
2021-04-22,116153219.31250167,-0.023443880094963673,-0.02638217310393398
2021-04-23,118043550.13335827,0.01627445913290449,-0.010537069569046764
2021-04-26,116699658.94654818,-0.011384706621343109,-0.021801814744697556
2021-04-27,117318749.82274479,0.005304993020418076,-0.01661248019933248
2021-04-28,118194053.10621777,0.007460898490611843,-0.009275525737165169
2021-04-29,118388911.34052742,0.001648629767646006,-0.0076421878773600405
2021-05-04,118335798.3339677,-0.0004486315986717989,-0.008087390949067075
2021-05-05,118401583.10822077,0.0005559160894610466,-0.007535970770356393
2021-05-06,119185298.90098503,0.006619132719263844,-0.0009667196417900703
2021-05-07,119695053.54257254,0.004276992601335816,0.0
2021-05-10,121490644.10147354,0.015001376462581642,0.0
2021-05-11,120855161.96229824,-0.005230708453932612,-0.0052307084539325865
2021-05-12,122968630.36635008,0.01748761384897365,0.0
2021-05-13,123193550.57205376,0.0018290860444130337,0.0
2021-05-14,123365745.17692797,0.0013977566526381991,0.0
2021-05-17,122864512.44301526,-0.004062981447514878,-0.004062981447514824
2021-05-18,124690205.29954208,0.01485939935157095,0.0
2021-05-19,126194440.92284349,0.012063783355619561,0.0
2021-05-20,127882703.4448747,0.013378263810078908,0.0
2021-05-21,127471237.15211584,-0.0032175288891686154,-0.003217528889168597
2021-05-24,127195125.59143099,-0.002166069513825706,-0.0053766290117576165
2021-05-25,128635789.27692299,0.011326406407424862,0.0
2021-05-26,130723379.72626798,0.016228690794992482,0.0
2021-05-27,131488820.49986984,0.005855423683236134,0.0
2021-05-28,133447358.39545129,0.014895090610257568,0.0
2021-05-31,135960800.27003884,0.018834706844772016,0.0
2021-06-01,134751494.40153694,-0.008894518611982543,-0.008894518611982538
2021-06-02,138229104.9463892,0.02580758425201251,0.0
2021-06-03,143392517.5812356,0.03735401916151427,0.0
2021-06-04,143801341.64347088,0.002851083648794201,0.0
2021-06-07,139147191.87724328,-0.03236513451847143,-0.03236513451847145
2021-06-08,134727666.84345174,-0.0317615107726391,-0.0630986797224442
2021-06-09,139324276.57594752,0.034117786199302814,-0.03113368078737
2021-06-10,140597417.36665654,0.009137968069871962,-0.022280211298430608
2021-06-11,140980232.9371881,0.0027227781114444135,-0.019618097258627953
2021-06-14,144356927.11410305,0.023951543465099836,0.0
2021-06-15,145600695.4230467,0.008615923972671958,0.0
2021-06-16,144081495.5448841,-0.010434015261730356,-0.010434015261730378
2021-06-17,145305454.30937725,0.008494906024291518,-0.002027745216543253
2021-06-18,148960442.314185,0.025153825244754537,0.0
2021-06-21,149378844.90764758,0.0028088168037263095,0.0
2021-06-22,148576216.22679406,-0.0053731080953915225,-0.005373108095391488
2021-06-23,149699653.37600392,0.007561352535018035,0.0
2021-06-24,147786346.92360044,-0.012780967819596695,-0.0127809678195967
2021-06-25,149838369.70673642,0.013885063308295949,0.0
2021-06-28,151224865.50900772,0.00925327607998509,0.0
2021-06-29,153291462.6318301,0.013665723000423347,0.0
2021-06-30,152910199.8323068,-0.002487175691179862,-0.0024871756911798437
2021-07-01,154610486.7481885,0.01111951274503833,0.0
2021-07-02,153412451.85041547,-0.0077487298757699845,-0.007748729875770022
2021-07-05,152814811.6642315,-0.003895643273902481,-0.011614186862250686
2021-07-06,147372649.03682023,-0.03561279543614483,-0.04681336863751295
2021-07-07,148121571.8621927,0.0050818305178550694,-0.041969435725043636
2021-07-08,147119659.33380175,-0.006764122982188507,-0.04844967228249486
2021-07-09,144555263.34064943,-0.01743068196843719,-0.06503584342190094
2021-07-12,142742193.23300064,-0.012542401194871943,-0.07676253897652852
2021-07-13,143589890.66086286,0.005938660522600457,-0.07127974511376256
2021-07-14,144062757.01887915,0.0032931730488821084,-0.0682213086004202
2021-07-15,145918486.6026721,0.012881397122989705,-0.05621869724576256
2021-07-16,147554481.21721542,0.01121170218135582,-0.045637302354950005
2021-07-19,146378394.02018347,-0.007970528494492982,-0.0532440774306111
2021-07-20,148694598.63886595,0.015823405046806995,-0.03826317498733223
2021-07-21,149016801.49737406,0.0021668766818534074,-0.036179209887132524
2021-07-22,150434247.53641242,0.009511988076481013,-0.02701135802371446
2021-07-23,149964590.79888976,-0.003122006758527388,-0.030049035139934843
2021-07-26,150202883.8066436,0.0015889951520183336,-0.028507787759076697
2021-07-27,149039751.35138565,-0.007743742502009844,-0.03603077329337823
2021-07-28,146380943.51496845,-0.017839588514534103,-0.053227587638498
2021-07-29,149857163.79283327,0.023747765210362554,-0.03074385868208851
2021-07-30,149930447.41304457,0.0004890231361419101,-0.03026987000413639
2021-08-02,150015824.22469133,0.0005694427857708866,-0.029717664177465575
2021-08-03,152722971.48804414,0.01804574468956081,-0.01220819686842145
2021-08-04,151941706.90713698,-0.005115566920254213,-0.01726131194061964
2021-08-05,152543751.49922037,0.003962339270358134,-0.013367367844421718
2021-08-06,152477897.46862024,-0.00043170585456898985,-0.013793302928032047
2021-08-09,155675477.3967387,0.020970776625356638,0.0
2021-08-10,156602355.8583883,0.00595391436820488,0.0
2021-08-11,156329685.73005772,-0.0017411623652530317,-0.0017411623652530128
2021-08-12,157002274.82781032,0.0043023760625604665,0.0
2021-08-13,159299184.76568204,0.014629787628178145,0.0
2021-08-16,162519688.91961354,0.020216702041938477,0.0
2021-08-17,162877974.7436704,0.0022045687291099925,0.0
2021-08-18,164317393.89481986,0.008837408209518451,0.0
2021-08-19,165448510.24817893,0.006883728657984345,0.0
2021-08-20,163233969.68956077,-0.013385074034793451,-0.013385074034793498
2021-08-23,166185373.78743157,0.018080820453510952,0.0
2021-08-24,162222641.8479234,-0.02384525093391743,-0.023845250933917428
2021-08-25,163441235.6634599,0.007511860253631409,-0.016512512873014362
2021-08-26,164128946.40554872,0.004207694216806353,-0.012374298261128791
2021-08-27,166316821.97657442,0.013330223698747472,0.0
2021-08-30,168075157.2943322,0.01057220368247203,0.0
2021-08-31,168392914.61439764,0.0018905668462887947,0.0
2021-09-01,171201069.837804,0.016676207724278243,0.0
2021-09-06,173711967.08913165,0.014666364256406163,0.0
2021-09-07,171711480.0465724,-0.011516115303287168,-0.011516115303287222
2021-09-08,171431014.16418618,-0.0016333554536373358,-0.013130660847189168
2021-09-09,171830565.9697772,0.0023306856553292664,-0.010830578634741461
2021-09-10,171012545.79072055,-0.004760620873474419,-0.015539639229495528
2021-09-13,170313362.6026673,-0.004088490612313832,-0.019564596172700788
2021-09-14,169106389.31058186,-0.0070867797666660385,-0.02651272595506715
2021-09-15,169150264.7610066,0.0002594547172558267,-0.026260150089627676
2021-09-16,169239666.12199664,0.0005285321966026075,-0.025745497227835035
2021-09-17,170744410.75139368,0.008891205376831324,-0.017083200354385042
2021-09-20,171401375.29917067,0.0038476489208981893,-0.013301281590895941
2021-09-21,172802444.5466619,0.00817420073232061,-0.005235808204296366
2021-09-22,172335886.05355984,-0.0026999530841480004,-0.00792162485193515
2021-09-23,171858182.07986304,-0.002771935576716353,-0.010671602194899044
2021-09-24,170895217.7200612,-0.00560325000618438,-0.016215056546018847
2021-09-27,167535658.76466936,-0.019658589632947223,-0.03555488103645288
2021-09-28,169787826.98484737,0.013442918580942454,-0.02258992382643854
2021-09-29,170896239.22256362,0.006528219704556189,-0.01620917610773054
2021-09-30,175054663.0431522,0.0243330329532468,0.0
2021-10-01,178310490.0447225,0.018598916161220454,0.0
2021-10-04,177962137.69341144,-0.001953627917368668,-0.001953627917368639
2021-10-05,180516770.76907152,0.014354924641673698,0.0
2021-10-06,182853108.19922155,0.012942495149876256,0.0
2021-10-07,184666431.5718611,0.009916831004392283,0.0
2021-10-08,181519218.15470642,-0.017042693630704417,-0.01704269363070443
2021-10-11,183104900.6900913,0.008735617922469439,-0.008455954168162472
2021-10-12,185552964.1815406,0.013369732225751252,0.0
2021-10-13,190660019.02915812,0.02752343445519354,0.0
2021-10-14,193347978.6822362,0.014098182024554413,0.0
2021-10-15,194148308.7865128,0.004139324909064217,0.0
2021-10-18,194610856.81547704,0.00238244686165602,0.0
2021-10-19,198302729.94518024,0.018970540442169136,0.0
2021-10-20,200588650.30611753,0.011527427592999996,0.0
2021-10-21,202146610.976712,0.00776694328525994,0.0
2021-10-22,202204125.8299153,0.00028452049196077086,0.0
2021-10-25,200396652.96145082,-0.008938852563200575,-0.008938852563200594
2021-10-26,202893353.14076465,0.012458791813225118,0.0
2021-10-27,203936523.2113995,0.00514146991257572,0.0
2021-10-28,206710521.81071103,0.013602264840202353,0.0
2021-10-29,205979577.7633624,-0.003536075672132252,-0.0035360756721322106
2021-11-01,209350741.81722024,0.016366496574387396,0.0
2021-11-02,210197488.48504722,0.004044631800570629,0.0
2021-11-03,207754296.6061991,-0.011623316227310377,-0.011623316227310387
2021-11-04,212074049.72882634,0.020792605463247796,0.0
2021-11-05,214577748.45997956,0.011805776021887805,0.0
2021-11-08,217716632.37150824,0.014628189241691588,0.0
2021-11-09,218379808.82603633,0.003046053245010971,0.0
2021-11-10,221073099.57457763,0.012333057543276812,0.0
2021-11-11,220851392.17634845,-0.0010028691806276962,-0.0010028691806276413
2021-11-12,223577223.85116965,0.012342379407074956,0.0
2021-11-15,228254989.2647668,0.020922370056401855,0.0
2021-11-16,225936127.31146273,-0.010159085506842058,-0.01015908550684208
2021-11-17,230870223.46027866,0.02183845588365806,0.0
2021-11-18,233381060.11553478,0.010875532659100635,0.0
2021-11-19,233545445.03878784,0.0007043627412253634,0.0
2021-11-22,231281625.5500673,-0.009693271852698969,-0.00969327185269897
2021-11-23,230798489.0526454,-0.0020889532243335606,-0.011761976285541542
2021-11-24,231577745.02796888,0.0033763478197890158,-0.008425340988740593
2021-11-25,232459032.53314495,0.003805579439723923,-0.004651824853456055
2021-11-26,231411360.47560555,-0.004506910512887995,-0.009137770008007862
2021-11-29,232795429.6255638,0.005980990505883811,-0.0032114324177869857
2021-11-30,232631893.2413943,-0.0007024896684291728,-0.003911666088121768
2021-12-01,231431364.86168677,-0.00516063538399611,-0.009052114789693144
2021-12-02,231150081.1053207,-0.001215408968158578,-0.010256521736355495
2021-12-03,225926877.44727182,-0.02259659020266136,-0.032621349520435716
2021-12-06,222895594.76176673,-0.013417096362129606,-0.04560076209258701
2021-12-07,226457035.37559584,0.015978066402055246,-0.030351307695231422
2021-12-08,227543599.55611566,0.0047981029987329464,-0.025698833396966436
2021-12-09,229516503.35554796,0.008670442953706373,-0.017251210712205256
2021-12-10,229515409.29458895,-4.76680736686062e-06,-0.017255895286373835
2021-12-13,230919913.69556558,0.0061194340079097275,-0.011242057590916454
2021-12-14,228006962.00755388,-0.012614553857195747,-0.023714797907165908
2021-12-15,226750072.1152801,-0.0055125066410566135,-0.02909657656726794
2021-12-16,226796675.87717497,0.00020552920429144694,-0.02889702755920598
2021-12-17,226443519.92531738,-0.0015571478307241742,-0.030409178446151874
2021-12-20,224174259.88346356,-0.010021307046464535,-0.0401257457783768
2021-12-21,221750808.10428613,-0.01081057111747465,-0.050502534667472676
2021-12-22,220379189.8863649,-0.0061854034699895,-0.05637555958428664
2021-12-23,218194864.1554003,-0.009911669663959262,-0.0657284533245256
2021-12-24,216906677.02396968,-0.005903838004698257,-0.07124424118849648
2021-12-27,220204602.71568584,0.015204353028522589,-0.057123110754253026
2021-12-28,221384994.11163723,0.005360430169915369,-0.052068885030624235
2021-12-29,219240241.26725194,-0.009687887171357996,-0.06125233471866709
2021-12-30,217761939.60601735,-0.006742839054955019,-0.06758215913887389
2021-12-31,218078799.08081862,0.0014550727981875325,-0.06622542330209213
2022-01-04,219661616.31109628,0.0072580059911787915,-0.05944808183000827
2022-01-05,221184861.7837962,0.0069345090793769375,-0.05292581601383306
2022-01-06,220673811.16162246,-0.002310513558894769,-0.055114043757212294
2022-01-07,218760253.97994542,-0.00867142852885042,-0.06330755479468608
2022-01-10,212969998.76858535,-0.026468497389342406,-0.08810039633521971
2022-01-11,209188904.62054542,-0.01775411640091382,-0.10429036804463143
2022-01-12,212264353.2265596,0.01470177690156583,-0.09112184486704
2022-01-13,208578765.41753858,-0.017363197131301772,-0.10690287544294741
2022-01-14,209264408.41094404,0.003287213787237271,-0.10396707426176155
2022-01-17,206005032.01027134,-0.015575397772716739,-0.1179231434975857
2022-01-18,202527667.70863727,-0.01687999689959366,-0.1328125981005498
2022-01-19,204520827.0987822,0.009841417781062716,-0.12427824458398296
2022-01-20,205509976.09087175,0.004836421826182951,-0.12004288477242575
2022-01-21,204549172.00429523,-0.004675218716154568,-0.12415687674695108
2022-01-24,198940187.283054,-0.027421204721979786,-0.14817355033401103
2022-01-25,201743733.83409366,0.014092409328290987,-0.1361692633286531
2022-01-26,202344611.40297836,0.002978419985915594,-0.13359641259810295
2022-01-27,200157912.99712572,-0.010806803258514939,-0.1429594657096268
2022-01-28,201500447.93029392,0.006707378754431165,-0.13721097023824125
2022-02-07,204616333.29545173,0.015463416568858978,-0.12386930405999352
2022-02-08,210059684.93112445,0.026602722998720234,-0.10056184184522554
2022-02-09,214436927.45551968,0.020838089545028415,-0.08181926896538094
2022-02-10,215847335.30639008,0.006577261983773571,-0.07578015374891345
2022-02-11,218174938.8540691,0.010783563968371719,-0.06581376991602617
2022-02-14,217051938.7615787,-0.005147246051213733,-0.07062225629992414
2022-02-15,218777955.2782675,0.00795208983866641,-0.06323176098796413
2022-02-16,216340572.45489395,-0.011140897721040524,-0.07366820012711639
2022-02-17,218696037.53668255,0.01088776393193516,-0.06358251816745586
2022-02-18,221054040.75066262,0.010782103052893968,-0.05348596837780595
2022-02-21,222487082.24330512,0.006482765425938935,-0.0473499399384395
2022-02-22,224835504.3699341,0.010555319000771612,-0.037294414658385455
2022-02-23,227988810.8386746,0.014024948940235819,-0.023792517979489447
2022-02-24,233464306.5154966,0.02401651053260013,-0.00034742070554083515
2022-02-25,233206502.32950675,-0.00110425524928259,-0.0014512923136856815
2022-02-28,229939904.12472236,-0.014007320431266906,-0.015438284028475358
2022-03-01,230445524.181144,0.00219892262000502,-0.013273309000434552
2022-03-02,232567225.81174946,0.009206955258274726,-0.004188560504256089
2022-03-03,233781316.39807543,0.0052203855555671185,0.0
2022-03-04,234324956.41341907,0.0023254211402332224,0.0
2022-03-07,231266547.45088518,-0.01305199842708152,-0.01305199842708149
2022-03-08,223689160.28880417,-0.03276473508858966,-0.04538908824483112
2022-03-09,222435004.58835322,-0.005606689652872412,-0.05074129536628802
2022-03-10,229208195.30374378,0.030450201522576405,-0.021836176513131633
2022-03-11,229960452.08306247,0.0032819802901105223,-0.018625862123948567
2022-03-14,228259141.66548556,-0.0073982739299990165,-0.02588633682377217
2022-03-15,231640563.49798793,0.014813960167509297,-0.011455855818853
2022-03-16,236571388.01644605,0.021286533083835112,0.0
2022-03-17,239509875.83502683,0.012421146290000622,0.0
2022-03-18,239679442.01042265,0.0007079715389799328,0.0
2022-03-21,241144324.830902,0.006111841750765014,0.0
2022-03-22,242404758.21297482,0.0052268838711284705,0.0
2022-03-23,247521372.0152714,0.021107728412662445,0.0
2022-03-24,250159659.45216653,0.01065882681327557,0.0
2022-03-25,255633035.92833123,0.0218795328077718,0.0
2022-03-28,257280985.99770474,0.00644654578149099,0.0
2022-03-29,255484885.18116948,-0.006981086494092057,-0.006981086494092015
2022-03-30,252770608.74529612,-0.010624019632114876,-0.017530938926240247
2022-03-31,248997143.36308062,-0.014928418303639985,-0.03219764804033376
2022-04-01,251155675.53026062,0.00866890333770814,-0.023807863001188756
2022-04-04,246976070.86436814,-0.016641490012392332,-0.04005315469923043
2022-04-05,246701485.661921,-0.0011117886906458242,-0.04112041274545697
2022-04-06,246056963.06846902,-0.002612560648845174,-0.043625543822099044
2022-04-07,247311297.9010119,0.005097741664778082,-0.03875019390971146
2022-04-08,243698532.14318144,-0.014608171112653761,-0.05279229555908371
2022-04-12,245503756.10612947,0.007407611145919385,-0.04577574921016647
2022-04-13,252040481.41019922,0.02662576494855736,-0.020368798600423066
2022-04-14,260917460.9851063,0.03522045159269341,0.0
2022-04-15,261660706.91207403,0.0028485863849877263,0.0
2022-04-18,260397979.05279386,-0.004825821477675989,-0.004825821477675962
2022-04-19,263722598.04262924,0.012767453118986527,0.0
2022-04-20,262851768.0516109,-0.003302068148432203,-0.003302068148432258
2022-04-21,261172353.12619966,-0.00638920916476952,-0.009670179709125093
2022-04-22,252203181.34740406,-0.03434196488041617,-0.04368005161758315
2022-04-25,242340036.81830806,-0.03910793066289578,-0.08107974585046673
2022-04-26,241273497.9189652,-0.0044010016394546115,-0.0851239153955069
2022-04-27,244862565.70362443,0.014875516024825368,-0.07151466153824326
2022-04-28,247362739.81073576,0.0102105199295244,-0.06203434348560832
2022-04-29,255166455.38471365,0.03154765984541055,-0.032443722007215126
2022-05-04,256611719.82434702,0.005664006412811389,-0.026963477043908002
2022-05-05,252338209.3656547,-0.01665360592890133,-0.043168043851647186
2022-05-06,244681359.78859264,-0.030343599553592737,-0.07220176956909363
2022-05-09,235361650.29105356,-0.038089168319120854,-0.1075408325341588
2022-05-10,231511062.5678449,-0.01636030219216657,-0.1221417342080694
2022-05-11,235174226.60043508,0.015822846614583184,-0.10825151751909967
2022-05-12,227648970.30009633,-0.031998643767730046,-0.1367862595404199
2022-05-13,219573964.9709465,-0.0354713017963799,-0.16740557464304362
2022-05-16,216737886.5223664,-0.012916278343633998,-0.178159595988312
2022-05-17,223822689.57198906,0.03268834610921397,-0.15129499241544175
2022-05-18,230326921.50226626,0.029059752354486896,-0.12663183507302156
2022-05-19,234708075.54570222,0.019021458780678634,-0.11001909852350611
2022-05-20,235124423.11509484,0.0017738953737514267,-0.10844036551964986
2022-05-23,231452632.58149755,-0.015616372323005877,-0.12236329271985802
2022-05-24,232740315.81451827,0.0055634849284650605,-0.11748057412623725
2022-05-25,239937345.58603263,0.03092300423468536,-0.09019042218275075
2022-05-26,242374233.42239544,0.010156350735692503,-0.08095007700774648
2022-05-27,242436903.9953953,0.00025856945317552076,-0.0807124387717173
2022-05-30,243468003.83868396,0.0042530647203292285,-0.0768026492772198
2022-05-31,246608032.92286384,0.012897091341252323,-0.06489608871894603
2022-06-01,247303806.33713418,0.0028213736836706018,-0.062257811152160225
2022-06-02,246403969.0568071,-0.003638590499898689,-0.06566987097185617
2022-06-03,246722154.3537959,0.0012913156318331437,-0.06446335587094942
2022-06-06,244184050.50616848,-0.010287296064980847,-0.07408749830874362
2022-06-07,242874012.99336666,-0.00536495938242589,-0.0790549812719975
2022-06-08,245998742.2368883,0.012865638464198198,-0.06720643561563877
2022-06-09,248679352.74992418,0.010896846417428257,-0.057041927405376947
2022-06-10,247243068.52842656,-0.005775647256658155,-0.062488120610501685
2022-06-13,239896933.74502844,-0.02971219709867622,-0.09034365835327285
2022-06-14,243573556.7560148,0.015325844118099535,-0.07640240706015444
2022-06-15,240160804.81675988,-0.01401117586287673,-0.0893430953613642
2022-06-16,241848183.07130867,0.007026035142729637,-0.08294478794640381
2022-06-17,238299921.7231999,-0.01467144099677841,-0.0963993093808363
2022-06-20,230301436.17859176,-0.033564784607436345,-0.12672847193259917
2022-06-21,231400316.32310078,0.004771486286593842,-0.12256166881195274
2022-06-22,239349369.0615128,0.03435195277483061,-0.09241994869615477
2022-06-23,243298109.88478267,0.01649781170826921,-0.07744686389956268
2022-06-24,244916863.7277463,0.006653376155409592,-0.0713087708617336
2022-06-27,251677053.6383351,0.027601978106756835,-0.04567505588712217
2022-06-28,251922939.77893543,0.0009769906991746132,-0.044742689292733506
2022-06-29,254279064.94274074,0.00935256299355996,-0.035808585119285086
2022-06-30,246875225.19023323,-0.02911698512881792,-0.0638829322077008
2022-07-01,250786674.35468447,0.01584383026460925,-0.04905125227779594
2022-07-04,251720321.28390813,0.0037228729621543266,-0.04551099089650634
2022-07-05,248565124.38984364,-0.012534533874624408,-0.057475065714070794
2022-07-06,245451836.79219693,-0.012525037876045341,-0.0692802262151192
2022-07-07,246482779.8027919,0.004200184541571695,-0.0653710314087329
2022-07-08,253365469.48832786,0.027923612720704993,-0.03927281405223837
2022-07-11,254687987.68695408,0.005219804424403407,-0.034258006036383626
2022-07-12,258331930.97765422,0.014307480002468887,-0.0204406717702047
2022-07-13,257501047.04341248,-0.003216342366571841,-0.023591269938160853
2022-07-14,259388461.22085768,0.00732973399182723,-0.016434453679509797
2022-07-15,260273002.12181535,0.0034101011926067396,-0.013080395636995368
2022-07-18,257722687.6603849,-0.009798613150959232,-0.022750839051246197
2022-07-19,256348910.14334598,-0.0053304485123529845,-0.027960015387423653
2022-07-20,261862589.82670343,0.0215084966824095,-0.007052896603214731
2022-07-21,262977816.1199628,0.0042588225145005305,-0.002824111123560402
2022-07-22,260753535.84031814,-0.008458052897625464,-0.011258277539914041
2022-07-25,259642805.858926,-0.004259692885132498,-0.015470013620310863
2022-07-26,258416551.53263044,-0.004722851157916643,-0.02011980220648779
2022-07-27,261231661.34654665,0.01089369004121526,-0.009445291054200666
2022-07-28,266744856.2874481,0.021104619985506744,0.0
2022-07-29,266934665.02678978,0.0007115741311132747,0.0
2022-08-01,271803460.29997337,0.018239651536809384,0.0
2022-08-02,272451859.05572075,0.0023855426823182406,0.0
2022-08-03,275337396.6058736,0.010590999672946624,0.0
2022-08-04,276543581.260115,0.004380751285914178,0.0
2022-08-05,277512247.43623924,0.0035027613792745897,0.0
2022-08-08,281412530.8290838,0.014054454997488645,0.0
2022-08-09,281956361.38520825,0.001932502985997965,0.0
2022-08-10,283420643.3096694,0.005193292739583297,0.0
2022-08-11,281610784.9992462,-0.006385767420779293,-0.0063857674207793425
2022-08-12,287779742.9096727,0.02190597178457853,0.0
2022-08-15,289243004.45963645,0.005084657923344715,0.0
2022-08-16,289156451.75513834,-0.00029923871334350813,-0.00029923871334347485
2022-08-17,287448887.9691112,-0.00590532832887686,-0.006202799939369341
2022-08-18,287171676.30789465,-0.0009643859232683681,-0.007161203969691332
2022-08-19,290444370.4260378,0.011396298410133881,0.0
2022-08-22,289931448.1599759,-0.001765991419663335,-0.001765991419663382
2022-08-23,290471283.10999656,0.0018619399635558176,0.0
2022-08-24,293495347.6927074,0.010410890020979113,0.0
2022-08-25,294608894.893327,0.0037940880813738605,0.0
2022-08-26,297219830.5721035,0.008862378984592027,0.0
2022-08-29,295109536.91233593,-0.007100110567002107,-0.007100110567002105
2022-08-30,294240423.21391225,-0.0029450545974116014,-0.010024254951146228
2022-08-31,295507350.9144886,0.0043057567914633905,-0.00576166016351809
2022-09-05,297552501.25079215,0.006920810362160298,0.0
2022-09-06,297087490.63734335,-0.0015627850933669833,-0.0015627850933669363
2022-09-07,294100691.56286275,-0.010053600937801176,-0.011600674413487888
2022-09-08,291874052.60586154,-0.007571008912521632,-0.019083854516633747
2022-09-09,295890655.8930047,0.01376142637991558,-0.005585049195693803
2022-09-12,297125333.7477727,0.004172750406874771,-0.0014356038051228648
2022-09-13,298535718.0700657,0.004746765630864205,0.0
2022-09-14,299245722.43758667,0.0023782895129297443,0.0
2022-09-15,301676928.56897306,0.008124447399222133,0.0
2022-09-16,297232347.90232444,-0.014732915399702009,-0.014732915399702007
2022-09-19,293159228.5521122,-0.013703486107611382,-0.028234509205808944
2022-09-20,294566457.2979276,0.0048002198421846585,-0.023569821214948328
2022-09-21,293382358.3682806,-0.004019802324096319,-0.027494877516946348
2022-09-22,296884053.5514724,0.011935602408636259,-0.015887443034626525
2022-09-23,293081469.3092817,-0.012808314211229414,-0.028492265883455437
2022-09-26,286131548.2794111,-0.023713273467100535,-0.05152989445796419
2022-09-27,282275179.81752014,-0.013477606664068876,-0.0643130014730876
2022-09-28,280262297.26455927,-0.0071309229322327325,-0.07098531334827518
2022-09-29,270510411.7634599,-0.03479556685390992,-0.10331090598592951
2022-09-30,276004848.5375882,0.020311368935154745,-0.08509792297728003
2022-10-03,269642012.01469254,-0.023053350535721117,-0.10618948126474415
2022-10-04,267134062.62582752,-0.009301033507821355,-0.11450284284914392
2022-10-05,273536106.2259216,0.023965658056349558,-0.09328132077099693
2022-10-06,270677162.3084713,-0.010451797230340636,-0.10275816055126075
2022-10-07,265941743.25292468,-0.017494712206824543,-0.11845514831233828
2022-10-10,270500618.6389613,0.017142383629864765,-0.10334336827777613
2022-10-11,266458947.4240766,-0.01494144906292865,-0.11674071766759087
2022-10-12,269282196.0879181,0.010595435774007766,-0.10738220066984172
2022-10-13,272577900.3292686,0.01223884939008168,-0.09645758586093367
2022-10-14,274553759.36562246,0.007248786618310173,-0.08990799970024677
2022-10-17,271289102.6810674,-0.011890773931117512,-0.10072969793232966
2022-10-18,273663287.0342626,0.008751491783974554,-0.09285974127221219
2022-10-19,272346694.5654483,-0.004810994134735641,-0.09722398773633412
2022-10-20,269943821.8388731,-0.00882284519887116,-0.1051890407417907
2022-10-21,260980588.18639243,-0.0332040703559081,-0.1349004067882379
2022-10-24,252068741.07999203,-0.03414754778633404,-0.16444143648737464
2022-10-25,247359944.47218007,-0.01868060509064731,-0.18005017604246254
2022-10-26,246007532.80727276,-0.005467383443156492,-0.18453315613418708
2022-10-27,251211413.40531158,0.021153338430964418,-0.16728331000666308
2022-10-28,255269322.59871656,0.01615336317087563,-0.15383213489475123
2022-10-31,254876795.0347026,-0.0015376997126717471,-0.15513328697779571
2022-11-01,257093164.6992737,0.008695847200484995,-0.14778645513657862
2022-11-02,255613947.88450173,-0.005753621713367002,-0.15268976949273028
2022-11-03,255505345.39730355,-0.0004248691751642819,-0.1530497654914741
2022-11-04,248316439.54113632,-0.028136029189482055,-0.17687958201164466
2022-11-07,240299552.68766662,-0.03228496215669045,-0.20345399355679794
2022-11-08,239122048.22666878,-0.004900152529739957,-0.20735719048532486
2022-11-09,236170612.64034605,-0.012342799872327111,-0.21714062205340356
2022-11-10,230805359.4410752,-0.022717700306944436,-0.23492538678407526
2022-11-11,234999718.8421705,0.018172712328918532,-0.22102190592794368
2022-11-14,235731903.8773252,0.0031156847283142805,-0.21859485577655202
2022-11-15,234788257.75116783,-0.0040030479991730195,-0.22172285807567926
2022-11-16,241955252.14904788,0.03052535278606538,-0.1979656737531087
2022-11-17,244206517.84935275,0.009304471303305514,-0.19050316838027848
2022-11-18,247526533.2027021,0.013595113605433841,-0.1794979669911696
2022-11-21,252283606.79483116,0.01921843905208107,-0.16372919867768077
2022-11-22,251646524.78497222,-0.002525261224670222,-0.16584100090558396
2022-11-23,253640696.35123068,0.007924494756931163,-0.15923071229081331
2022-11-24,253890079.20676184,0.0009832131007313648,-0.15840405691244508
2022-11-25,258729732.30441132,0.01906200160624705,-0.14236155369349912
2022-11-28,261971274.93773234,0.01252868236073906,-0.13161647401936716
2022-11-29,268104545.53715008,0.023411996604877982,-0.11128588185737665
2022-11-30,277534533.30801123,0.0351728007892148,-0.08002731722138345
2022-12-01,284988944.4245945,0.026859400261769553,-0.055317402704738616
2022-12-02,294643944.7396039,0.033878508285657305,-0.023312965504954763
2022-12-05,300908877.09509283,0.02126272223590302,-0.002545940379078848
2022-12-06,288687918.5181301,-0.040613486364846116,-0.04305602722905355
2022-12-07,283044399.65755033,-0.01954885708258472,-0.06176318818879356
2022-12-08,291607212.4818188,0.03025254283295636,-0.03337913885201871
2022-12-09,295793000.3700156,0.014354198761314255,-0.019504070884267755
2022-12-12,297692171.7227298,0.006420609515230094,-0.013208689392142925
2022-12-13,298107372.3665321,0.0013947314818509996,-0.011832380485221172
2022-12-14,298492589.02733254,0.001292207763070084,-0.010555462616069655
2022-12-15,295125525.6373637,-0.011280224413412672,-0.021716619042385754
2022-12-16,298603999.0892893,0.011786420183118351,-0.01018616005625761
2022-12-19,290846501.86737996,-0.025979214094817526,-0.03590074571816959
2022-12-20,283728093.53127384,-0.024474794403241507,-0.059496876751035765
2022-12-21,279762271.6707962,-0.013977543820631547,-0.07264280036968906
2022-12-22,282357990.59705395,0.009278302291283156,-0.06403849993952115
2022-12-23,283257758.0354384,0.003186619356802652,-0.061055946906206415
2022-12-26,277108569.31523097,-0.021708809541019267,-0.08143930452449222
2022-12-27,279589745.1964943,0.008953804234183748,-0.07321469187998886
2022-12-28,283174636.73928326,0.012821970778182649,-0.06133147774162506
2022-12-29,282206149.87760854,-0.0034201045433542993,-0.0645418222193046
2022-12-30,283009163.1218425,0.002845484567158543,-0.0618799904112074
2023-01-03,290924717.39540696,0.02796925084067548,-0.03564147654436156
2023-01-04,289414708.82690763,-0.005190375647755691,-0.04064685954021141
2023-01-05,289242329.6048604,-0.0005956132041316042,-0.041218262938094385
2023-01-06,286079658.1593677,-0.01093433125716188,-0.051701900054446304
2023-01-09,287607476.24198496,0.00534053379554227,-0.046637482003438535
2023-01-10,286717021.7854333,-0.0030960754851952015,-0.049589164323911694
2023-01-11,287767964.64452815,0.0036654358801248245,-0.046105494345965115
2023-01-12,287750136.7527095,-6.195231578561888e-05,-0.046164590319605625
2023-01-13,285990203.9709636,-0.006116183997710433,-0.05199842318874237
2023-01-16,288437728.69291806,0.008558071877884882,-0.043885357554043436
2023-01-17,292289283.2169447,0.013353157860035523,-0.03111820780117114
2023-01-18,295101196.601244,0.00962030955548994,-0.021797265037540536
2023-01-19,297686119.3163032,0.00875944504742928,-0.013228751935391858
2023-01-27,299744567.8598597,0.0069148287742947425,-0.006405397715627981
2023-01-30,297818042.0990782,-0.0064272249353397445,-0.012791453719049106
2023-01-31,298703527.2462683,0.00297324212109188,-0.009856243686944599
2023-02-01,293477381.33463424,-0.017496097082661144,-0.027179894973188623
2023-02-02,290282146.02652514,-0.01088750108638108,-0.0377714749235214
2023-02-03,288428981.53050613,-0.006384011284833443,-0.043914352686198255
2023-02-06,290243490.93733335,0.00629100930564877,-0.037899608981949884
2023-02-07,284055736.776201,-0.02131918321802551,-0.05841080349219774
2023-02-08,282295949.10582596,-0.00619521960847259,-0.06424415534552885
2023-02-09,280563054.6814035,-0.006138573471958758,-0.06998836134975506
2023-02-10,276017230.8195919,-0.016202503451403102,-0.08505687813483076
2023-02-13,269500040.0036032,-0.02361153612271537,-0.10666009070698013
2023-02-14,268977623.12051773,-0.001938466810908468,-0.1083918004720047
2023-02-15,268522971.96597177,-0.0016902935986695534,-0.10989888010418813
2023-02-16,271786849.1204907,0.012154927120844294,-0.09907976586167266
2023-02-17,272695863.07877564,0.003344584041599389,-0.09606656242381961
2023-02-20,276123775.50080466,0.012570459937776073,-0.08470370336035205
2023-02-21,279361072.03928983,0.011724077481606561,-0.07397269865992129
2023-02-22,273858999.0591278,-0.019695202842678824,-0.09221099419767254
2023-02-23,274236042.7743189,0.001376780447187935,-0.09096116804431176
2023-02-24,271949961.27793884,-0.0083361817551508,-0.09853908096998432
2023-02-27,269470637.78599423,-0.00911683708390268,-0.10675755330628622
2023-02-28,269462482.62125903,-3.026364876782834e-05,-0.1067845860819574
2023-03-01,273135807.19141257,0.013632044559303448,-0.09460823375837002
2023-03-02,274546546.8066008,0.005164974997948914,-0.08993190792238315
2023-03-03,273105513.85651004,-0.005248774631668832,-0.09470865023717145
2023-03-06,274510958.2403325,0.005146158947786251,-0.090049877057236
2023-03-07,276410349.0963024,0.00691918045146672,-0.08375376795476064
2023-03-08,279511545.4194776,0.01121953766678513,-0.07347390884227911
2023-03-09,280269031.40469646,0.0027100346931361414,-0.07096299099114589
2023-03-10,278016159.9894532,-0.008038245980841952,-0.0784308189948647
2023-03-13,276820300.75248456,-0.004301401893379157,-0.08239485841492011
2023-03-14,275154781.054065,-0.006016609670216256,-0.08791573038322109
2023-03-15,278888491.1809865,0.013569490279683348,-0.07553921175240408
2023-03-16,279216758.9579959,0.0011770574526732134,-0.07445106829189307
2023-03-17,280833980.55136335,0.005791993286515961,-0.06909029509309772
2023-03-20,275426613.0744531,-0.019254676611049383,-0.08701466041516759
2023-03-21,275374232.9932945,-0.00019017799541571045,-0.08718829013689378
2023-03-22,277389939.09847265,0.007319879145073319,-0.08050661873848808
2023-03-23,277890565.5691964,0.0018047751564126745,-0.07884713992750136
2023-03-24,279502496.15312445,0.005800594851524991,-0.07350390538989737
2023-03-27,281462425.4743967,0.007012206861288686,-0.06700712311831525
2023-03-28,280284484.73805773,-0.0041850727831737695,-0.07091176621424777
2023-03-29,280426462.7218316,0.0005065495648343643,-0.07044113697373089
2023-03-30,276498479.2182888,-0.014007178443209886,-0.0834616338416071
2023-03-31,277315987.17593074,0.00295664540345105,-0.08075175489421837
2023-04-03,282052712.741151,0.017080607625463845,-0.06505043630917029
2023-04-04,287783090.58985853,0.020316691135555617,-0.04605535479634115
2023-04-05,291306484.63841873,0.0122432281943266,-0.03437599282035686
2023-04-06,290214283.1354977,-0.0037493209403722306,-0.0379964271310016
2023-04-07,297161812.6631696,0.02393930943925393,-0.014966725918422852
2023-04-10,296064571.56184447,-0.0036924027737334736,-0.01860386551186144
2023-04-11,300237915.6516636,0.014096060422911392,-0.004770046301304953
2023-04-12,296735274.78837025,-0.011666217625082097,-0.016380615528154285
2023-04-13,294334169.6473201,-0.008091741511900171,-0.024339809333394857
2023-04-14,293043136.98284495,-0.004386281980179523,-0.028619330046494307
2023-04-17,295132695.5366712,0.007130549363278886,-0.021692852228855863
2023-04-18,301542430.0326117,0.021718144390220823,-0.0004458363355770434
2023-04-19,306287582.5977786,0.015736268241433565,0.0
2023-04-20,303945716.58769405,-0.007645971117150846,-0.007645971117150818
2023-04-21,302789211.3945339,-0.00380497282917459,-0.011421851233971991
2023-04-24,299305496.0569998,-0.011505414349109006,-0.02279585245200033
2023-04-25,294017901.46960723,-0.01766621280614773,-0.040059348877633405
2023-04-26,297045016.55781674,0.01029568292637591,-0.030176104305538742
2023-04-27,296975436.19261813,-0.0002342418196572206,-0.030403277619613256
2023-04-28,299625903.8688662,0.008924871734270243,-0.021749751238399506
2023-05-04,298047929.00637376,-0.00526648344524663,-0.026901689978810817
2023-05-05,300950336.0794132,0.009738054824656556,-0.017425605286043866
2023-05-08,301046891.2731639,0.00032083431109796346,-0.0171103617070133
2023-05-09,299550598.05079514,-0.004970299530550775,-0.021995617614804175
2023-05-10,299247618.2463074,-0.001011447837057525,-0.022984818032000476
2023-05-11,302550437.28805876,0.011037077123978549,-0.012201426117321668
2023-05-12,306050868.8468386,0.011569745494854695,-0.0007728480173186947
2023-05-15,303198591.15856266,-0.009319619640430883,-0.010085265008188293
2023-05-16,305032003.3566438,0.006046902101607467,-0.004099347516754115
2023-05-17,302445238.5901612,-0.008480306125315458,-0.012544889920213409
2023-05-18,304188493.9005163,0.005763870902650662,-0.006853326143550831
2023-05-19,300378659.5991875,-0.012524583860738568,-0.01929207494627949
2023-05-22,302501372.96209633,0.007066791514887571,-0.012361616502926887
2023-05-23,303603507.4041423,0.003643403106749155,-0.008763251748148959
2023-05-24,305419990.55828464,0.0059830769732324126,-0.002832605984661507
2023-05-25,307246771.2622032,0.005981208697503262,0.0
2023-05-26,305143217.6134892,-0.006846462991530809,-0.0068464629915307995
2023-05-29,308841615.65489453,0.012120203982675144,0.0
2023-05-30,314790849.73992085,0.019263058420449758,0.0
2023-05-31,312582636.0124459,-0.007014859959555199,-0.0070148599595551975
2023-06-01,315273365.5548073,0.00860805826160556,0.0
2023-06-02,314956344.6073125,-0.0010055430687489957,-0.0010055430687490041
2023-06-05,312154370.8377417,-0.00889638776149859,-0.009892985129197118
2023-06-06,316868260.1698462,0.015101147933484459,0.0
2023-06-07,316807267.5132712,-0.00019248585056222273,-0.00019248585056219625
2023-06-08,314281169.67532104,-0.007973610762715065,-0.008164561806027537
2023-06-09,318724725.5589387,0.014138791351095605,0.0
2023-06-12,320412894.91608405,0.0052966375739593894,0.0
2023-06-13,318860008.22021973,-0.00484651747948852,-0.004846517479488499
2023-06-14,314708874.8042248,-0.013018670604586995,-0.017802092869430686
2023-06-15,315298884.4764606,0.0018747792625893446,-0.015960688601383666
2023-06-16,315469658.7064252,0.0005416264959141125,-0.015427706837309096
2023-06-19,312684900.8005052,-0.008827339901208863,-0.02411886112636885
2023-06-20,315920279.9154841,0.010347090974639164,-0.014021330202008908
2023-06-21,324012619.69135547,0.02561513233033436,0.0
2023-06-22,325846752.45984423,0.0056606831247372515,0.0
2023-06-23,329821418.6936133,0.01219796178345794,0.0
2023-06-26,324851282.41442025,-0.01506917379374333,-0.015069173793743285
2023-06-27,321317566.3913797,-0.010877950047715959,-0.025783202121670623
2023-06-28,320787407.6094132,-0.0016499526867471337,-0.027390613744804115
2023-06-29,314009224.8119189,-0.02112982815630757,-0.047941682939588226
2023-06-30,318005382.346354,0.012726242475292434,-0.03582555794605857
2023-07-03,318417493.5892361,0.0012959253703235247,-0.0345760598251833
2023-07-04,323322097.10068977,0.015403059223186742,-0.019705577699188348
2023-07-05,319959442.5727147,-0.010400323881753978,-0.029900957190593713
2023-07-06,318876534.8640295,-0.0033845155497764555,-0.033184272485805355
2023-07-07,318921275.6687887,0.00014030761083822765,-0.03304862088095706
2023-07-10,323862650.0456993,0.015494025497509998,-0.018066651558034108
2023-07-11,326354161.4444004,0.0076931112567304736,-0.010512529061776132
2023-07-12,324985802.6604061,-0.004192864518528404,-0.014661315970201483
2023-07-13,328743310.8741378,0.011562068813381716,-0.003268762300961958
2023-07-14,333451534.23722494,0.014321883388494865,0.0
2023-07-17,332719913.9639356,-0.0021940827921602293,-0.002194082792160268
2023-07-18,331888925.3500125,-0.002497562000491517,-0.004686164934844084
2023-07-19,333676740.5637442,0.005386787799099542,0.0
2023-07-20,334657147.7421063,0.0029381945433347885,0.0
2023-07-21,340734788.73794216,0.018160798407686772,0.0
2023-07-24,340975915.24152577,0.0007076662306092248,0.0
2023-07-25,338213289.601721,-0.008102113716295508,-0.008102113716295545
2023-07-26,341454367.7475319,0.009582941432099213,0.0
2023-07-27,340619944.68178725,-0.0024437322950327666,-0.0024437322950328078
2023-07-28,344235666.6188816,0.010615121027255751,0.0
2023-07-31,346931547.1107694,0.00783149671376887,0.0
2023-08-01,343576988.33296984,-0.009669223815868473,-0.009669223815868433
2023-08-02,345625588.3226241,0.005962564604789214,-0.0037643125827595547
2023-08-03,346171852.95300287,0.0015805098026158647,-0.0021897523130808283
2023-08-04,353748654.21723855,0.0218873984109399,0.0
2023-08-07,358531691.6933162,0.013521005434385037,0.0
2023-08-08,357898306.0748184,-0.00176660985115826,-0.001766609851158285
2023-08-09,360610985.45241684,0.0075794697307993986,0.0
2023-08-10,354620568.433929,-0.016611853937206957,-0.01661185393720699
2023-08-11,359060909.8222075,0.012521387035974437,-0.0042984703537654045
2023-08-14,364508741.24504244,0.015172443654566796,0.0
2023-08-15,362215875.49010843,-0.006290290178233682,-0.006290290178233682
2023-08-16,362415941.7603231,0.0005523398717518121,-0.005741424684552188
2023-08-17,361416454.76221263,-0.0027578450143660206,-0.00848343573947652
2023-08-18,350043076.4505093,-0.03146890010635025,-0.03968537145398254
2023-08-21,353613014.0848335,0.010198566617925743,-0.029891538740587364
2023-08-22,358995699.7865139,0.015221967199400329,-0.015124579563435936
2023-08-23,358697648.6118817,-0.0008302360580070878,-0.015942258650127217
2023-08-24,364105583.24732655,0.015076582342741748,-0.0011060310826533915
2023-08-25,364709012.46402645,0.0016572918528689683,0.0
2023-08-28,366634247.24939156,0.005278824266935281,0.0
2023-08-29,366393394.7232505,-0.0006569286092284091,-0.000656928609228391
2023-08-30,370392900.9008565,0.010915879585184527,0.0
2023-08-31,370056015.27494353,-0.0009095358606863227,-0.0009095358606863169
2023-09-05,370160703.1830405,0.00028289746356153215,-0.0006268957025128419
2023-09-06,375358948.2962423,0.014043211687522974,0.0
2023-09-07,378400937.9208934,0.008104215014611196,0.0
2023-09-08,381335404.36509055,0.007754913241812955,0.0
2023-09-11,376799123.5672109,-0.01189577664689272,-0.011895776646892675
2023-09-12,388070378.6443174,0.029913166916100815,0.0
2023-09-13,389382293.34697175,0.0033806102574419523,0.0
2023-09-14,382325150.00732934,-0.018123945182463415,-0.018123945182463408
2023-09-15,381460743.0350708,-0.002260921030808454,-0.020343889404447646
2023-09-18,379493765.3116579,-0.005156435516175857,-0.025395422966761227
2023-09-19,380427256.933585,0.0024598338820150467,-0.02299805760660789
2023-09-20,382010228.5076446,0.0041610361644932314,-0.01893271719152889
2023-09-21,379032741.1709986,-0.0077942607669900035,-0.02657941142370046
2023-09-22,370957765.92403257,-0.021304162859437578,-0.04731732217345952
2023-09-25,359461390.48470694,-0.030991062852367787,-0.07684197092034384
2023-09-26,356402715.8732997,-0.008509049072788667,-0.08469716789172155
2023-09-27,361317493.69577754,0.013789956146756774,-0.07207518197594609
2023-09-28,362754857.2094667,0.00397811769086219,-0.0683837878415745
2023-09-29,362318571.81025386,-0.0012027003651143714,-0.06950424300008395
2023-10-02,363246179.77638847,0.0025601998856972638,-0.06712198786937096
2023-10-03,355360862.4086908,-0.021707915476363155,-0.08737282490646037
2023-10-04,360762689.3339223,0.0152009618859463,-0.07350001400178463
2023-10-05,357778082.630629,-0.008273047051522472,-0.0811649919791827
2023-10-06,361652762.7954451,0.01082984216452496,-0.0712141538670773
2023-10-09,365060567.24708045,0.00942286303938138,-0.062462332046050784
2023-10-10,364395433.02576697,-0.0018219832022101146,-0.06417050992850215
2023-10-11,370363412.5868628,0.016377756196175566,-0.04884372269891979
2023-10-12,370562580.95034486,0.0005377646838572272,-0.04833222444415819
2023-10-13,375481988.41932654,0.013275510593555804,-0.03569834880822098
2023-10-16,371642993.89005435,-0.010224177584211921,-0.04555754013475444
2023-10-17,360283153.05391866,-0.030566541070047304,-0.07473154478322253
2023-10-18,359162946.28507423,-0.0031092399390564335,-0.0776084264185315
2023-10-19,352291159.940749,-0.019132781973759012,-0.0952563432902983
2023-10-20,356228027.026331,0.011175037960771284,-0.08514579858180027
2023-10-23,354387042.0839163,-0.00516799578568427,-0.08987376123924518
2023-10-24,357207681.8686561,0.007959206883393567,-0.08262987821494339
2023-10-25,356771163.0091068,-0.0012220309968299905,-0.08375093293933045
2023-10-26,349227964.3295677,-0.02114296070320739,-0.10312315095854463
2023-10-27,352769397.8833156,0.010140750213250073,-0.09402814686036842
2023-10-30,346566527.208628,-0.017583358170822197,-0.10995817444680611
2023-10-31,343933601.3975195,-0.007597172849654598,-0.1167199760389559
2023-11-01,345338497.4051318,0.004084788464702827,-0.11311196398597734
2023-11-02,353076649.2762749,0.022407440610553,-0.09323907299078316
2023-11-03,353228408.6421095,0.0004298198879638889,-0.09284932911072596
2023-11-06,356021829.7849376,0.007908257304577098,-0.08567534819131384
2023-11-07,353896901.7759557,-0.0059685329134608126,-0.09113252496922264
2023-11-08,360964442.336575,0.019970620045421023,-0.07298187795374178
2023-11-09,367237670.9251009,0.01737907630989478,-0.05687115927004449
2023-11-10,364254807.13984334,-0.008122434111248735,-0.06453166113729203
2023-11-13,362306223.73305786,-0.005349506358161515,-0.06953595496389686
2023-11-14,364108987.6870246,0.0049758017827896545,-0.06490615030978453
2023-11-15,365513884.15471137,0.003858450395886334,-0.06129813707525644
2023-11-16,364636025.5279864,-0.0024017107551334124,-0.06355262743530654
2023-11-17,356230361.5947683,-0.023052203690095818,-0.08513980301272295
2023-11-20,356592514.3668132,0.0010166252265068464,-0.0842097330577386
2023-11-21,357026019.55109817,0.0012156878420590028,-0.08309641796434097
2023-11-22,356372376.8333193,-0.001830798546841797,-0.08477508370992592
2023-11-23,354189615.85412705,-0.006124944359010089,-0.09038078539818228
2023-11-24,358610972.7616674,0.012483022397136726,-0.07902598836944186
2023-11-27,355694104.5068429,-0.008133795328016937,-0.08651700248246752
2023-11-28,359139682.1841837,0.009686912528724577,-0.07766817258903802
2023-11-29,360118850.28697515,0.0027264269346021896,-0.0751535022521439
2023-11-30,360907068.834617,0.002188773364720424,-0.07312922287141843
2023-12-01,363277504.0765966,0.006567993388530257,-0.06704154173521604
2023-12-04,371972936.95690125,0.02393606205373844,-0.04471019018462996
2023-12-05,366976394.06828,-0.013432544124037165,-0.057542162706218036
2023-12-06,372093748.5994228,0.013944642254538833,-0.0443999253251699
2023-12-07,368722257.83530235,-0.009060863765679748,-0.05305848741627195
2023-12-08,364622548.97966564,-0.011118691016119613,-0.06358723750502737
2023-12-11,367971276.1007185,0.009184092235720764,-0.05498713632356744
2023-12-12,368967905.7544575,0.0027084441598267174,-0.0524276217519819
2023-12-13,368427837.9996699,-0.001463725560853987,-0.053814607662782676
2023-12-14,366822291.4307076,-0.0043578318557018865,-0.0579379245069096
2023-12-15,365768341.232334,-0.0028731901604530665,-0.060644647992752376
2023-12-18,365054576.37921166,-0.0019514123357903578,-0.06247771761434995
2023-12-19,361695254.775916,-0.009202244871479396,-0.07110502722933099
2023-12-20,362936838.09671384,0.003432677936477405,-0.06791642995099634
2023-12-21,367670051.1113783,0.013041423514587364,-0.05576073336299869
2023-12-22,367534607.4267143,-0.00036838378392419304,-0.05610857579697226
2023-12-25,369912798.8488717,0.006470659834752061,-0.05000097547001481
2023-12-26,369946402.9081905,9.084319175587616e-05,-0.04991467452646148
2023-12-27,369871223.51878536,-0.00020321697633532225,-0.05010774799356488
2023-12-28,367947127.68742037,-0.005202069555614581,-0.05504915355884166
2023-12-29,365911254.59122294,-0.005533058809272586,-0.06027762216407251
2024-01-02,367353972.2223383,0.003942807478625128,-0.05657247774490959
2024-01-03,372763247.559762,0.014724967596511405,-0.042680538050046346
2024-01-04,371436552.9431584,-0.0035590810663031235,-0.046087715621475955
2024-01-05,370408055.65533036,-0.002768971657954787,-0.04872907170109497
2024-01-08,372264906.48323035,0.005012987162535733,-0.04396036274943915
2024-01-09,374746944.30694664,0.006667396739499249,-0.037586067189202654
2024-01-10,369682187.3626152,-0.013515138739017926,-0.05059322501550445
2024-01-11,374665504.29066277,0.01348000281971791,-0.03779521901165417
2024-01-12,371165978.0005492,-0.009340401638360231,-0.04678259812443586
2024-01-15,366460545.93871856,-0.012677433656981561,-0.0588669484973936
2024-01-16,370874456.5970221,0.012044709061372397,-0.04753127470400309
2024-01-17,370336010.6760688,-0.00145182800102728,-0.04891409546949055
2024-01-18,370532467.1496542,0.000530481692090339,-0.04840956180953193
2024-01-19,372052585.4818586,0.004102523980956415,-0.044505639216806725
2024-01-22,374210328.324805,0.005799564166855178,-0.038964188360376406
2024-01-23,377373462.536595,0.008452824447550912,-0.030840721356777068
2024-01-24,372517837.73109025,-0.012866895231229662,-0.04331079225745349
2024-01-25,374706220.6466205,0.005874572151656249,-0.03769065247985903
2024-01-26,376127302.078565,0.003792521590626831,-0.03404107350252683
2024-01-29,376912658.9639474,0.0020880081851074174,-0.03202414335752257
2024-01-30,377484913.6788645,0.0015182687588420883,-0.030554495855068864
2024-01-31,372897643.25495005,-0.012152195379699159,-0.042335387031409044
2024-02-01,374379139.57439935,0.003972930229640542,-0.03853065234068909
2024-02-02,372814769.026829,-0.004178572955076373,-0.04254822215395326
2024-02-05,370066139.35358775,-0.007372641594688157,-0.049607170956209146
2024-02-06,370510476.0090491,0.0012006952493343894,-0.04846603880137479
2024-02-07,369133228.1314468,-0.0037171631216405925,-0.052003045750930954
2024-02-15,369848299.96245646,0.0019371646238117905,-0.05016661958767832
2024-02-16,366617122.5430649,-0.008736493907690183,-0.05846483312897133
2024-02-19,368717856.06922895,0.0057300474991243515,-0.05306979190070438
2024-02-20,371415897.5360241,0.0073173604759965115,-0.04614076222243135
2024-02-21,372301391.32103693,0.0023841030792898575,-0.04386666347643686
2024-02-22,371802107.0958372,-0.0013410753675352888,-0.04514891034212787
2024-02-23,368806434.5420802,-0.008057169382810345,-0.05284230730686246
2024-02-26,376975927.5678444,0.022151167280765112,-0.031861658814753224
2024-02-27,380226278.5217795,0.008622171115555173,-0.02351420437352425
2024-02-28,379588883.1011567,-0.0016763581494177442,-0.025151144294813355
2024-02-29,377404178.2540416,-0.0057554500260032565,-0.03076183816673106
2024-03-01,380360658.9237826,0.007833725327097155,-0.023169092630388688
2024-03-04,382073808.0373279,0.004504012371817304,-0.01876943413842247
2024-03-05,386149262.2980714,0.010666667473697477,-0.008302973977348915
2024-03-06,382693725.01480937,-0.00894870875240637,-0.0171773818338532
2024-03-07,382600649.01736045,-0.0002432127609234235,-0.01741641683631545
2024-03-08,380788876.1385685,-0.004735415069067798,-0.022069357942647305
2024-03-11,383963650.6188434,0.00833736140737357,-0.013915996748470327
2024-03-12,391628508.6557971,0.019962457447730047,0.0
2024-03-13,398302167.3889438,0.01704078887426491,0.0
2024-03-14,397130131.2839062,-0.002942580284513169,-0.0029425802845132187
2024-03-15,403313524.6043645,0.015570194335211038,0.0
2024-03-18,391198403.5587877,-0.030038965485874276,-0.03003896548587426
2024-03-19,391354070.3347472,0.00039792283031671105,-0.02965299584572345
2024-03-20,394273883.5291812,0.0074607967969682965,-0.022413434025181478
2024-03-21,395417920.67159295,0.002901630542128199,-0.019576838987774736
2024-03-22,397437080.01492995,0.00510639310405452,-0.014570412919326592
2024-03-25,391736416.5424203,-0.01434356218673777,-0.028704983482269575
2024-03-26,397690102.93672997,0.01519819486495182,-0.013943052549876489
2024-03-27,396471139.95465153,-0.0030651076631704926,-0.016965423255828282
2024-03-28,400252188.738124,0.009536756657508427,-0.00759046171150235
2024-03-29,398747308.50256944,-0.003759830121851464,-0.011321752986772182
2024-04-01,398500277.12233084,-0.0006195186148497873,-0.011934257564893969
2024-04-02,405658335.0246809,0.01796249165506277,0.0
2024-04-03,403449919.38391244,-0.005444028755465125,-0.0054440287554651245
2024-04-04,399656612.2099766,-0.009402176061228106,-0.014795019099851925
2024-04-05,389680745.42440397,-0.02496109530231268,-0.039386814520413704
2024-04-08,387526633.0529319,-0.0055278901941280215,-0.044696978728776426
2024-04-09,393471036.524147,0.015339341774744882,-0.030043259187050753
2024-04-10,389961221.7509991,-0.008920135022269897,-0.038695404280863044
2024-04-11,393013297.1305492,0.007826612517638826,-0.031171645698743977
2024-04-12,399227699.24346644,0.01581219301812319,-0.0158523447591018
2024-04-15,384443464.3194741,-0.037032087082154753,-0.05229738642968118
2024-04-16,386082714.1644481,0.004263955554233998,-0.04825642460678592
2024-04-17,377488773.81384194,-0.022259324324335434,-0.06944159352506607
2024-04-19,365933469.52991605,-0.03061098789026339,-0.09792690563685313
2024-04-22,372812357.63381606,0.018798193323875906,-0.0809695612167477
2024-04-23,364526279.7352984,-0.0222258670584531,-0.10139580957181604
2024-04-24,373869122.5879979,0.025630094103184675,-0.07836449960962566
2024-04-25,373036652.67991424,-0.0022266345568233924,-0.08041664506359003
2024-04-26,372820240.8311864,-0.0005801356171655214,-0.0809501281207412
2024-05-02,373999237.4609084,0.0031623729095112373,-0.07804374970342054
2024-05-03,372904418.5698652,-0.0029273292065404815,-0.08074261916206626
2024-05-06,376940654.9084822,0.010823782550221407,-0.07079277716419041
2024-05-07,380754912.8136469,0.010118987844627123,-0.06139014057117509
2024-05-08,381088585.859095,0.0008763460016374748,-0.060567593573767176
2024-05-09,381290470.9655422,0.0005297589955157187,-0.06006992080578388
2024-05-10,382272482.07979226,0.002575493459784915,-0.05764913703416408
2024-05-13,378441630.1751032,-0.01002125992393419,-0.06709267997148838
2024-05-14,380500698.79997337,0.005440914689849158,-0.06201681082967747
2024-05-15,383456685.27309275,0.0077686755436770435,-0.05472992376758978
2024-05-16,383860539.97584534,0.001053195101983866,-0.05373436995324987
2024-05-17,385413036.2294358,0.004044427837485344,-0.04990726689743319
2024-05-20,384164634.88662195,-0.003239125886937249,-0.052984736864216675
2024-05-21,388080825.8973026,0.010194043529895605,-0.04333082204833494
2024-05-22,385038647.50276554,-0.007839032983665468,-0.050830183288754216
2024-05-23,386827520.6523571,0.004645957389455863,-0.04642038076495614
2024-05-24,377139950.5219944,-0.02504364248444705,-0.07030148782953372
2024-05-27,380537375.51137084,0.00900839326269756,-0.06192639801615729
2024-05-28,385202336.15741915,0.012258876384427353,-0.050426669689942916
2024-05-29,384586479.66160834,-0.0015987870217877575,-0.051944835206678364
2024-05-30,385466914.0892086,0.0022893015593656468,-0.04977445103955236
2024-05-31,383255644.8646377,-0.005736599287115926,-0.055225514246318164
2024-06-03,385558986.6689579,0.00600993575745958,-0.04954748028165168
2024-06-04,386803595.1745959,0.0032280624980131198,-0.04647936014660681
2024-06-05,384225958.7943485,-0.006663941112243069,-0.05283356553989815
2024-06-06,381945253.6657231,-0.005935843418237413,-0.05845579718586358
2024-06-07,385631022.84317124,0.00964999340108026,-0.049369901841881725
2024-06-10,388199443.74695146,0.006660306748258554,-0.04303841378402151
2024-06-11,384854277.83802795,-0.008617132154120395,-0.05128467823886129
2024-06-12,386317844.22247875,0.0038029105267390543,-0.0476767987548572
2024-06-13,386571103.4571979,0.000655572188825185,-0.047052482149347985
2024-06-14,377252356.35234797,-0.024106165777809434,-0.07002439299220775
2024-06-17,376594945.71477264,-0.0017426283136620538,-0.07164499481599462
2024-06-18,379052142.17422414,0.006524772802746376,-0.06558768932687653
2024-06-19,381820021.29697585,0.0073021065304506565,-0.0587645110909768
2024-06-20,385902227.2443942,0.01069144025908278,-0.048701348091577445
2024-06-21,384330241.6611967,-0.004073533325844027,-0.0525764948529569
2024-06-24,370431260.8059583,-0.03616416130867728,-0.086839271320727
2024-06-25,372359117.64632154,0.005204357850816286,-0.08208685611336797
2024-06-26,370055546.1693189,-0.00618642425506719,-0.08776545625075316
2024-06-27,369313430.1166886,-0.0020054179982232994,-0.08959486782338888
2024-06-28,360621737.79960424,-0.0235347312290759,-0.11102100791873681
2024-07-01,362174404.9545269,0.004305528458701716,-0.10719348356914293
2024-07-02,367221922.7942433,0.013936704998107528,-0.09475070252925799
2024-07-03,370912267.7450493,0.010049359043506085,-0.0856535273150929
2024-07-04,374107799.562717,0.008615330620081315,-0.07777613015160723
2024-07-05,375427731.5528297,0.003528212968709794,-0.07452232793395441
2024-07-08,370608735.5891918,-0.01283601492011723,-0.08640177314082953
2024-07-09,372697731.2028986,0.005636660480724377,-0.08125213012023258
2024-07-10,366618707.5405493,-0.016310868442179733,-0.09623770575737434
2024-07-11,366660711.6798794,0.00011457172933681486,-0.09613416014841358
2024-07-12,366821018.7118231,0.0004372080968512333,-0.09573898268476322
2024-07-15,366170010.23989046,-0.0017747305599303347,-0.09734380234634632
2024-07-16,367794482.0700153,0.0044363868823135135,-0.09333927023183664
2024-07-17,370382651.6747395,0.007036999549741671,-0.08695909908468957
2024-07-18,373714853.6543577,0.008996647020456147,-0.0787447923839153
2024-07-19,371778286.1935929,-0.005181938694242705,-0.08351868039153365
2024-07-22,373290181.1836309,0.004066657591860278,-0.0797916646753497
2024-07-23,371097437.86978865,-0.005874098554881547,-0.08519705912807018
2024-07-24,374599270.28998244,0.009436423059925628,-0.07656459156153861
2024-07-25,373882587.84387267,-0.0019131976566718297,-0.07833130602105087
2024-07-26,371958981.6613887,-0.005144947224146309,-0.0830732428097204
2024-07-29,371582342.16311395,-0.0010125834214096644,-0.08400170764269821
2024-07-30,369771607.6476766,-0.004873037036411445,-0.08846540124664493
2024-07-31,372299557.2732918,0.0068365163071792785,-0.08223368009770948
2024-08-01,365324088.87985384,-0.01873617160473156,-0.09942910736044175
2024-08-02,368330885.24954236,0.008230490299470431,-0.09201696736458653
2024-08-05,361391802.5195612,-0.018839263846364633,-0.1091226992844273
2024-08-06,369395811.37227863,0.02214773217575743,-0.08939178742671716
2024-08-07,373448756.4846668,0.010971822060818169,-0.07940075615124342
2024-08-08,370821633.6448581,-0.007034761246866189,-0.08587695203576495
2024-08-09,375373773.4996816,0.012275820615102321,-0.07465534147882547
2024-08-12,376770004.9468689,0.003719576448215791,-0.07121345128050782
2024-08-13,378721047.79647875,0.005178339103413985,-0.0664038795765487
2024-08-14,369157435.49219364,-0.025252391859204266,-0.08997941464771453
2024-08-15,366694773.29304326,-0.006671035071708477,-0.09605019388857639
2024-08-16,378815970.8697963,0.033055277739304986,-0.06616988198517237
2024-08-19,381264186.7185414,0.006462810538646982,-0.060134714857160154
2024-08-20,384737783.50283015,0.00911073451242631,-0.05157185176677792
2024-08-21,389338858.5758316,0.011958989395611566,-0.04022960959955724
2024-08-22,388683391.1451682,-0.0016835397141221683,-0.041845421168234975
2024-08-23,386788823.1693649,-0.004874321926186086,-0.04651577504051019
2024-08-26,384472078.9872099,-0.005989687507440126,-0.05222684759129126
2024-08-27,382614640.273305,-0.0048311407132550395,-0.05680567305482309
2024-08-28,384818716.5864749,0.005760564497990735,-0.051372341300316426
2024-08-29,384742905.85345256,-0.00019700375723615904,-0.05155922451329842
2024-08-30,383733655.5385908,-0.0026231810892601484,-0.05404715641983837
2024-09-04,379297800.1064694,-0.011559724741619119,-0.06498211091017692
2024-09-05,378204113.1011895,-0.00288345201309604,-0.06767819012475373
2024-09-06,379051957.6498774,0.002241764484621276,-0.06558814420313763
2024-09-09,377476312.7315955,-0.004156804592306852,-0.06947231169641999
2024-09-10,376519023.10431314,-0.002536025692195054,-0.07183215382125674
2024-09-11,376205110.0668913,-0.0008337242427585237,-0.07260598985596489
2024-09-12,374767545.11364275,-0.003821226545787625,-0.07614977246593169
2024-09-13,374326283.49176097,-0.001177427521766798,-0.0772375391498209
2024-09-16,372570355.93325025,-0.004690901055975059,-0.08156612655183715
2024-09-17,375345640.3158014,0.007449020938875646,-0.07472469339754906
2024-09-18,376505578.8506986,0.0030903210542722183,-0.0718652956365573
2024-09-19,378733859.01342624,0.00591831911104634,-0.06637229827809787
2024-09-20,378967671.39720356,0.0006173527352066815,-0.06579592066277506
2024-09-23,377775590.50676703,-0.0031456004836546768,-0.06873455346657042
2024-09-24,379322389.92252624,0.004094492748153082,-0.06492149384913382
2024-09-25,380275369.6512265,0.002512321323544648,-0.06257227617894268
2024-09-26,380683301.8809789,0.0010727285075720287,-0.06156667073581146
2024-09-27,379181890.1642496,-0.003943991526055172,-0.06526784383419715
2024-09-30,375695856.27149975,-0.009193566420695373,-0.07386136599746729
2024-10-01,374345163.38762146,-0.0035951764208498513,-0.07719099777687133
2024-10-02,373356144.43824905,-0.002641997402670636,-0.07962905676390586
2024-10-03,372485080.8561283,-0.0023330634706209986,-0.08177634059099104
2024-10-04,371777378.1132135,-0.001899949230954957,-0.0835209189265298
2024-10-07,369765984.0434265,-0.00541021102465911,-0.08847926415482288
2024-10-08,376182885.0990685,0.017353951776398088,-0.07266077726177878
2024-10-09,376414197.55379844,0.0006148936166221333,-0.07209056229327371
2024-10-10,378540452.3227339,0.005648710337583774,-0.06684907066015822
2024-10-11,377963426.9530823,-0.0015243426854670713,-0.0682715124537342
2024-10-14,374216506.9830304,-0.009913445859715575,-0.07750815237097874
2024-10-15,374626655.60807914,0.001096019596664547,-0.07649708322821414
2024-10-16,372087153.46256936,-0.006778754548011967,-0.0827572828253832
2024-10-17,374109246.3098039,0.005434460255930235,-0.07777256373385621
2024-10-18,373786749.2161978,-0.0008620398901850478,-0.07856756057174075
2024-10-21,375188872.970353,0.003751132850737392,-0.07511114507846628
2024-10-22,371149937.4910329,-0.01076507266152123,-0.08506764080552776
2024-10-23,374807132.7314956,0.009853686801580237,-0.07605218389339452
2024-10-24,373901223.4128509,-0.0024170012775441975,-0.07828536694530841
2024-10-25,377096284.40292114,0.008545200684038228,-0.07040913043244146
2024-10-28,376069104.6722153,-0.00272391899149113,-0.07294126065637319
2024-10-29,379079266.27047193,0.008004277833140075,-0.06552082493902622
2024-10-30,380700948.0904927,0.004277949137064462,-0.06152317055846945
2024-10-31,379757893.3799692,-0.00247715356437563,-0.06384792178160448
2024-11-01,378263306.86062634,-0.003935629898408515,-0.06753226989009808
2024-11-04,377831344.7968893,-0.0011419613161056464,-0.06859711196640039
2024-11-05,380666512.8487301,0.007503792607161491,-0.06160805786088508
2024-11-06,381566664.9269013,0.002364673665237524,-0.059389067147637586
2024-11-07,385746169.98973745,0.010953538259525003,-0.04908604930731175
2024-11-08,390025596.50933474,0.0110938924415274,-0.038536712217179137
2024-11-11,386708574.44703496,-0.008504626598835031,-0.04671359846826029
2024-11-12,392968227.91063905,0.016187004574581623,-0.03128274712577961
2024-11-13,391241707.55420434,-0.004393536764064583,-0.035538841990266135
2024-11-14,390912052.05404556,-0.0008425878268950016,-0.03635148522151821
2024-11-15,395502967.1279576,0.011744112389958514,-0.025034288759543055
2024-11-18,394546399.3454312,-0.0024186108879858145,-0.027392351444162077
2024-11-19,390259502.61423194,-0.010865380442734754,-0.03796010356723489
2024-11-20,386948942.2822777,-0.00848297174002884,-0.046121060821454285
2024-11-21,393613940.04239774,0.01722448889718878,-0.029690983624311218
2024-11-22,394824885.9229675,0.0030764811846839576,-0.026705846192102256
2024-11-25,397098066.1781921,0.005757439149030984,-0.021102164327445716
2024-11-26,394158314.4072943,-0.007403087602996873,-0.02834903075931361
2024-11-27,396396383.44403887,0.005678096731538024,-0.022831902566672335
2024-11-28,399619132.91973484,0.00813011826115951,-0.01488741037350716
2024-11-29,404795769.35517496,0.012953925397961042,-0.002126335378893396
2024-12-02,404108090.57365626,-0.0016988289739641924,-0.0038215520727075125
2024-12-03,411690289.8118252,0.018762799891993146,0.0
2024-12-04,417282736.7530412,0.013584111842356495,0.0
2024-12-05,411714551.80672014,-0.01334391398419261,-0.013343913984192657
2024-12-06,410981534.7859743,-0.0017804010509930423,-0.015100557516703805
2024-12-09,416772909.8713363,0.014091570046761141,-0.0012217780339344175
2024-12-10,414500959.51396376,-0.005451290867426834,-0.006666408633922871
2024-12-11,412410504.9769794,-0.00504330445805388,-0.011676092363594126
2024-12-12,402369976.1892013,-0.024345957890521092,-0.03573778460110533
2024-12-13,405512275.240707,0.007809476942753108,-0.02820740106317965
2024-12-16,404167941.35470235,-0.0033151496713796076,-0.03142903897819416
2024-12-17,405503953.8220539,0.0033055874319805494,-0.028227342982459103
2024-12-18,405678457.04999757,0.0004303366867299044,-0.027809153556983435
2024-12-19,404355765.67482376,-0.0032604427279479447,-0.030978926132446127
2024-12-20,405951354.67092836,0.003946002831050873,-0.027155166231616845
2024-12-23,404314400.8209137,-0.004032389179589342,-0.031078055212723887
2024-12-24,405818814.6216383,0.003720900857525943,-0.027472792717489147
2024-12-25,403679580.7576804,-0.005271401391166101,-0.03259937399090507
2024-12-26,399506446.15594184,-0.010337740130194024,-0.04260011026437416
2024-12-27,394652074.1714324,-0.012150922797913079,-0.05423340241128227
2024-12-30,395486263.12360466,0.002113732593256097,-0.052234304728346004
2024-12-31,396008959.3922049,0.0013216546751128567,-0.050981685766278706
2025-01-02,401772338.84128183,0.014553659235191531,-0.03716999661296516
2025-01-03,401191618.4988705,-0.0014453965250224704,-0.03856166775404812
2025-01-06,404632186.68618906,0.008575872547367911,-0.030316495154552925
2025-01-07,408465250.6135107,0.009472958537266317,-0.0211307235188809
2025-01-08,403448248.67055476,-0.012282567330808396,-0.033153751315319946
2025-01-09,402669491.4447669,-0.0019302530829023148,-0.03502000926753612
2025-01-10,401727591.88719416,-0.0023391381209269496,-0.03727723074979017
2025-01-13,404526725.5930754,0.0069677407337936596,-0.03056922809513485
2025-01-14,404859609.8289399,0.0008228980060006654,-0.02977148544597863
2025-01-15,406328841.3633348,0.003628990145536216,-0.02625053572774383
2025-01-16,415264437.56760037,0.02199104590824623,-0.004836766555802452
2025-01-17,419443358.00986105,0.010063275504010386,0.0
2025-01-20,418960832.5381191,-0.0011503948328838009,-0.0011503948328838165
2025-01-21,422618920.0933782,0.008731335416482584,0.0
2025-01-22,430120186.012388,0.017749479643155566,0.0
2025-01-23,432535620.9183072,0.005615720871676612,0.0
2025-01-24,440729844.4885086,0.01894462137662654,0.0
2025-02-03,438669459.6559123,-0.00467493830599898,-0.004674938305998966
2025-02-04,445385031.8647938,0.015308957715335646,0.0
2025-02-05,455598561.3965166,0.02293191014740563,0.0
2025-02-06,457967030.9206496,0.005198588680510868,0.0
2025-02-07,456455582.424107,-0.0033003434625067073,-0.0033003434625067385
2025-02-10,448033101.46482843,-0.01845191796001083,-0.02169136375570746
2025-02-11,453218393.8384905,0.011573458203666032,-0.010368949643848713
2025-02-12,465062315.6054699,0.02613292383539074,0.0
2025-02-13,473840623.2676981,0.018875551442605384,0.0
2025-02-14,473377131.2631376,-0.0009781601276906107,-0.000978160127690586
2025-02-17,474886262.63183445,0.0031880107192123375,0.0
2025-02-18,485626398.69827014,0.022616228161483398,0.0
2025-02-19,481616259.12425405,-0.008257663884758617,-0.00825766388475857
2025-02-20,478614991.7119952,-0.006231657165636833,-0.014437862120076583
2025-02-21,485316527.2118005,0.014001933946603068,-0.0006380861652089953
2025-02-24,489980824.12524205,0.009610834686052139,0.0
2025-02-25,497648041.52709585,0.015647994828250692,0.0
2025-02-26,497434656.40601265,-0.00042878722164443927,-0.0004287872216444111
2025-02-27,492212044.37552655,-0.010499091615810826,-0.010923376961131548
2025-02-28,495083578.0127429,0.005833936146075962,-0.0051531670987463585
2025-03-03,494029667.48681426,-0.0021287527454636962,-0.007270950025600742
2025-03-04,497652357.8410413,0.00733294089939195,0.0
2025-03-05,500828265.92756534,0.0063817804466998005,0.0
2025-03-06,514873500.00531554,0.02804401235568754,0.0
2025-03-07,516941886.17595553,0.004017270592909982,0.0
2025-03-10,508814517.8022673,-0.01572201555151568,-0.015722015551515645
2025-03-11,513097558.4010023,0.00841768551973477,-0.007436673014429962
2025-03-12,512315188.1716943,-0.0015247981918802302,-0.00895013178074422
2025-03-13,504852739.94462776,-0.01456612725790514,-0.02338589028015592
2025-03-14,506035039.5740962,0.002341870283992349,-0.0210987867176754
2025-03-17,511878676.1728935,0.011547889260229116,-0.009794543909987241
2025-03-18,505735585.23858345,-0.012001068261408045,-0.02167806718134213
2025-03-19,499180298.08231497,-0.012961886305026343,-0.03435896484425116
2025-03-20,502316187.1160127,0.006282076928405967,-0.02829273357617723
2025-03-21,501147010.412852,-0.002327571225353873,-0.03055445144897262
2025-03-24,506435612.13389087,0.010552994652571215,-0.020323897759154663
2025-03-25,513516995.6174699,0.013982791324135537,-0.0066252912562784205
2025-03-26,515960831.4568526,0.0047590164692488095,-0.001897804657231772
2025-03-27,510175261.9611709,-0.011213195155426296,-0.01308971935866965
2025-03-28,510104713.61793137,-0.00013828256385531136,-0.0132261918425719
2025-03-31,512068955.8518433,0.0038506647389719077,-0.009426456734159094
2025-04-01,514503195.85755664,0.00475373478101969,-0.00471753282837839
2025-04-02,514983145.9837969,0.0009328418756277863,-0.0037890916649224726
2025-04-03,491831927.7442742,-0.044955293042252514,-0.048574044981014475
2025-04-04,497003909.7095012,0.010515750754424704,-0.03856908677674431
2025-04-08,475166234.5999541,-0.04393863847532145,-0.08081305209185907
2025-04-09,454834292.89487785,-0.042789112997883544,-0.12014424627208031
2025-04-10,473597839.0761969,0.04125358723920081,-0.08384704017775269
2025-04-11,489548970.0192108,0.033680751107581675,-0.052990320361505305
2025-04-14,508328835.57921684,0.0383615668913961,-0.016661545189253668
2025-04-15,519437422.9597029,0.021853152138867665,0.0
2025-04-16,510106800.3746399,-0.017962938696057012,-0.01796293869605703
2025-04-17,524348017.01313853,0.027918107792406152,0.0
2025-04-18,538029731.1371806,0.02609281179697722,0.0
2025-04-21,527470172.2293383,-0.019626348316334818,-0.019626348316334807
2025-04-22,525161620.49371064,-0.004376648874514781,-0.02391709955558008
2025-04-23,529325519.19694155,0.007928794757157591,-0.01617793857198524
2025-04-24,536868738.3469634,0.0142506243822628,-0.0021578599155910316
2025-04-25,550093963.8367796,0.024634001842865905,0.0
2025-04-28,565856563.8385427,0.028654377320962723,0.0
2025-04-29,560664616.737004,-0.009175376647252412,-0.009175376647252431
2025-05-05,564898726.9673684,0.007551948355518313,-0.0016927202623165938
2025-05-06,569008448.5086386,0.007275147464631578,0.0
2025-05-07,565680978.5251117,-0.0058478393286570465,-0.005847839328657067
2025-05-08,573279307.5501847,0.013432180528473872,0.0
2025-05-09,574752701.4179668,0.0025701152097716965,0.0
2025-05-12,579375037.3289576,0.008042303932781865,0.0
2025-05-13,589057254.1267666,0.016711484226945794,0.0
2025-05-14,599778453.7153097,0.018200607009647228,0.0
2025-05-15,600070149.0758815,0.0004863385117702109,0.0
2025-05-16,618307988.7515547,0.030392846076012676,0.0
2025-05-19,630954643.728833,0.020453649649284807,0.0
2025-05-20,628912324.845283,-0.0032368711504842515,-0.0032368711504842107
2025-05-21,626102903.9227362,-0.004467110615518628,-0.007689522304525465
2025-05-22,608130286.6110319,-0.028705532587534808,-0.036174323058965174
2025-05-23,632290020.9029397,0.03972789190708515,0.0
2025-05-26,649139192.1986861,0.026647852628901278,0.0
2025-05-27,664418789.5163519,0.023538244957776473,0.0
2025-05-28,649009481.5934025,-0.02319216157954575,-0.023192161579545734
2025-05-29,643889834.9045129,-0.007888400453442107,-0.030897612975067434
2025-05-30,632993635.5256231,-0.016922459073306657,-0.047297208457340645
2025-06-02,631955276.1800199,-0.0016403946064023193,-0.048860016978091725
2025-06-03,635953872.0723889,0.006327339992379437,-0.042841830925166025
2025-06-04,638058419.9546301,0.0033092775665995067,-0.03967432886855926
2025-06-05,636369670.6096045,-0.002646700195799844,-0.042216023010374415
2025-06-06,634806917.3170718,-0.002455731887780977,-0.04456808366427356
2025-06-09,615319377.9869449,-0.03069837268391531,-0.07389828870605508
2025-06-10,639106968.0542053,0.03865893212250676,-0.03809618551060512
2025-06-11,647806467.0885422,0.013611960859733709,-0.02500278843694692
2025-06-12,645805176.1651156,-0.0030893345854064954,-0.02801488104330352
2025-06-13,626147943.7455709,-0.030438332093081357,-0.05760048688364072
2025-06-16,643688404.5323665,0.028013284978418793,-0.031200780759188973
2025-06-17,635045770.2114439,-0.013426736073024966,-0.044208592183688
2025-06-18,629952755.1846855,-0.008019918036872633,-0.05187396093472196
2025-06-19,635216032.2671449,0.00835503462623383,-0.04395233504829765
2025-06-20,634556329.2127872,-0.0010385491247807863,-0.04494523751398194
2025-06-23,644103757.388551,0.01504583239695697,-0.03057564362770171
2025-06-24,644776340.218302,0.0010442150383937038,-0.029563356136192653
2025-06-25,643047944.158219,-0.0026806133418261725,-0.032164721551130926
2025-06-26,644066420.8306592,0.0015838269629699334,-0.03063183794141011
2025-06-27,634049861.7700245,-0.015552059130355147,-0.045707508916829065
2025-06-30,640137172.080453,0.00960068076260605,-0.03654565135578747
2025-07-01,637748313.426269,-0.0037317918070906056,-0.0401410624005637
2025-07-02,641612378.1566122,0.006058917991619014,-0.03432535581412621
2025-07-03,649910796.3991305,0.012933694119742703,-0.02183561534703471
2025-07-04,648454446.853422,-0.0022408452879647627,-0.024027530399239216
2025-07-07,645953373.8210554,-0.003856975681950996,-0.027791832480743017
2025-07-08,648889086.7627716,0.0045447753052985165,-0.023373364809392005
2025-07-09,643060392.2338668,-0.008982574445786169,-0.03214598626572929
2025-07-10,648614977.7654326,0.008637735426792864,-0.023785919363333075
2025-07-11,644394772.5904555,-0.006506487391821029,-0.030137643970713723
2025-07-14,663783478.1791883,0.030088241577116568,-0.0009561911059531303
2025-07-15,690431662.0899061,0.04014589815313868,0.0
2025-07-16,715911425.9981425,0.03690410696275177,0.0
2025-07-17,743129562.8080218,0.038018860743745025,0.0
2025-07-18,762429029.658241,0.025970527638940165,0.0
2025-07-21,731173763.1671314,-0.0409943290133113,-0.04099432901331135
2025-07-22,752075971.9762833,0.028587197547423577,-0.013579044447715294
2025-07-23,740521408.6411211,-0.015363558690486306,-0.028733980691868388
2025-07-24,747827414.0836096,0.009866028662014201,-0.019151442306933997
2025-07-25,761897858.4352536,0.018815095684725617,-0.0006966828417138693
2025-07-28,784004427.5776665,0.02901513489985945,0.0
2025-07-29,741545458.6080891,-0.05415654233071443,-0.05415654233071443
2025-07-30,752791641.7077276,0.015165871450076715,-0.03981200203980595
2025-07-31,763897301.0279614,0.014752633670374372,-0.025646700251209076
2025-08-01,745979271.9979111,-0.02345607060784001,-0.04850120004709857
2025-08-04,747057330.6546837,0.0014451589973610316,-0.047126132995368386
2025-08-05,741447063.216394,-0.007509821814308687,-0.0542820459480845
2025-08-06,750413316.2742676,0.012092910610473042,-0.042845563267015274
2025-08-07,749301637.2847742,-0.0014814222580867209,-0.044263513154017886
2025-08-08,771863717.4543016,0.030110811249906062,-0.015485512193950224
2025-08-11,777617170.33458,0.007453975034937413,-0.008146965780309712
2025-08-12,785815953.5508596,0.010543469883454339,0.0
2025-08-13,799051049.9393296,0.01684248878972836,0.0
2025-08-14,809605032.357502,0.013208145360642106,0.0
2025-08-15,812442533.9253225,0.003504797344895427,0.0
2025-08-18,828510400.3731918,0.01977723442203017,0.0
2025-08-19,818936442.6832411,-0.011555627648896427,-0.011555627648896394
2025-08-20,810916337.4528192,-0.009793318275279173,-0.0212357779847393
2025-08-21,795736827.6662719,-0.018718959139765116,-0.039557225464107004
2025-08-22,782400720.0373003,-0.016759445039239373,-0.05565371335727587
2025-08-25,774942894.4594052,-0.009531976884606674,-0.06465520033261851
2025-08-26,796680250.183839,0.02805026780663317,-0.03841852821040681
2025-08-27,803952147.0264564,0.009127748354423693,-0.02964145451363498
2025-08-28,801638311.166698,-0.002878076597365233,-0.03243422073445268
2025-08-29,805693368.663436,0.005058462701010856,-0.027539825329263357
2025-09-03,828715962.7265141,0.02857488339673219,0.0
2025-09-04,829012843.3886425,0.0003582417565020677,0.0
2025-09-05,814560012.7474586,-0.01743378375431086,-0.017433783754310817
2025-09-08,786205379.5040865,-0.03480975348609825,-0.05163667152559159
2025-09-09,800620937.5118408,0.018335613547756698,-0.03424784803182057
2025-09-10,808188881.2975895,0.00945259289529484,-0.025118986101510532
2025-09-11,805394409.6582739,-0.0034576962192661384,-0.02848982849750159
2025-09-12,809017549.0366926,0.004498590175161471,-0.02411940238491106
2025-09-15,822781941.8012556,0.017013713461410573,-0.007516049524537882
2025-09-16,812651227.6920135,-0.01231275699496231,-0.01973626322814237
2025-09-17,808055915.3823268,-0.005654716504566996,-0.025279376759294703
2025-09-18,805385711.9121865,-0.0033044785878177095,-0.028500320187897943
2025-09-19,805091906.3843297,-0.00036480101833351276,-0.02885472426040414
2025-09-22,794186463.755663,-0.013545587208351176,-0.04200945728491312
2025-09-23,798839683.2677151,0.005859102017487488,-0.03639649296335723
2025-09-24,803693849.5336199,0.006076521193900188,-0.030541135830332466
2025-09-25,806021110.0583384,0.0028957052813941807,-0.027733868677261908
2025-09-26,802406372.0540409,-0.004484669147233459,-0.03209416059930503
2025-09-29,802512440.0913649,0.00013218743147868245,-0.031966215612481474
2025-09-30,788952911.1596066,-0.016896347339132277,-0.04832245066950769
2025-10-01,795118183.6745567,0.007814499988203872,-0.040885566471490664
2025-10-02,787082016.3056095,-0.010106884151245225,-0.05057922493895051
2025-10-03,781631617.1588354,-0.006924817279344068,-0.057153790327461484
2025-10-06,799139068.1946864,0.022398596284384068,-0.036035358718744526
2025-10-07,790552449.9849641,-0.010744835975946063,-0.046393000675923335
2025-10-08,800151524.4613291,0.012142236073707114,-0.03481407936859093
2025-10-09,805723727.2163473,0.0069639344357551565,-0.02809258789899982
2025-10-10,819702888.5876894,0.01734981967037006,-0.011230169562751469
2025-10-13,841465563.6911716,0.02654946738199049,0.0
2025-10-14,845118645.6638441,0.004341332706056155,0.0
2025-10-15,844226834.3840038,-0.0010552497976657807,-0.0010552497976658026
2025-10-16,842037130.9045446,-0.002593738306194566,-0.003646251062037531
2025-10-17,842630761.9253827,0.0007049938762206876,-0.00294382777048674
2025-10-20,815312120.3721755,-0.03242065538977607,-0.03526904233458905
2025-10-21,812356261.0446632,-0.0036254328295315507,-0.03876660962017464
2025-10-22,814013276.8195548,0.0020397648843879746,-0.03680591950477663
2025-10-23,817721828.3541534,0.004555885807032944,-0.03241771726403031
2025-10-24,812188081.0983566,-0.006767273495602636,-0.03896561120080411
2025-10-27,790759680.0152537,-0.026383545365655205,-0.06432110559564241
2025-10-28,802858229.3888354,0.015299906759722988,-0.050005305754215135
2025-10-29,796134209.7367071,-0.008375102111423713,-0.057961608323834235
2025-10-30,787681776.5242915,-0.010616844633784693,-0.0679630835673205
2025-10-31,771708999.875616,-0.020278210217274176,-0.08686312408900243
2025-11-03,770935100.6132929,-0.0010028381973616466,-0.08777885262758545
2025-11-04,777338429.9195417,0.008305925234374227,-0.08020201198029508
2025-11-05,779383303.1789842,0.0026306087293974426,-0.07778238336372822
2025-11-06,777884999.2033577,-0.001922422471093643,-0.07955527523318828
2025-11-07,763591120.5268054,-0.01837531086367631,-0.09646873318360938
2025-11-10,753984593.2399671,-0.01258072157807532,-0.10783580848851204
2025-11-11,752525260.0558804,-0.0019354946999855013,-0.10956258755269943
2025-11-12,768522512.0672125,0.021258093064070865,-0.09063358617116424
2025-11-13,776951374.865982,0.0109676199023724,-0.08066000099230608
2025-11-14,777532563.3379335,0.0007480371240114416,-0.07997230054345972
2025-11-17,781498660.7271175,0.005100876254182349,-0.07527935309811185
2025-11-18,783617731.0423238,0.002711546956759562,-0.07277192964215229
2025-11-19,781914601.5211112,-0.0021734188160178196,-0.07478718457700795
2025-11-20,796825997.1171606,0.019070363396515636,-0.05714303996777814
2025-11-21,791966454.7376661,-0.006098624288208195,-0.06289317032453678
2025-11-24,799105892.0543606,0.009014822880420348,-0.05444531823498022
2025-11-25,806809923.9976395,0.00964081484053784,-0.04532940062647994
2025-11-26,826258759.7188635,0.024105845928192687,-0.02231625824580652
2025-11-27,841952614.0007133,0.018993873404972713,-0.0037462570248273375
2025-11-28,839451979.989701,-0.0029700412700544177,-0.006705171756909767
2025-12-01,856467252.1261473,0.020269500271659364,0.0
2025-12-02,868953961.0247917,0.014579318552631953,0.0
2025-12-03,861474112.5856802,-0.008607876567235152,-0.008607876567235162
2025-12-04,863115535.1292001,0.0019053649082886428,-0.006718912804892563
2025-12-05,879094498.026157,0.01851312164664609,0.0
2025-12-08,885995962.592973,0.007850651530992318,0.0
2025-12-09,893856768.8640995,0.008872282271039837,0.0
2025-12-10,863801011.0061685,-0.03362480310589967,-0.03362480310589966
2025-12-11,852246823.4182339,-0.013375982941344466,-0.04655102125449351
2025-12-12,832151812.3937943,-0.0235788629212386,-0.0690322640267288
2025-12-15,835540233.3713021,0.004071878384498846,-0.06524147662595337
2025-12-16,844742268.8191481,0.011013276297560028,-0.05494672273653578
2025-12-17,835977148.4569962,-0.010376088288330221,-0.06475267897859727
2025-12-18,837831156.3958105,0.0022177734669378405,-0.06267851228501131
2025-12-19,847953879.2424632,0.012082055876507106,-0.051353741696188115
2025-12-22,871045911.1995423,0.027232650881565384,-0.025519589333697135
2025-12-23,889224685.9179516,0.020870053443422732,-0.005182131083522834
2025-12-24,886984444.7757326,-0.0025193195574708255,-0.007688395196805531
2025-12-25,860367429.206479,-0.030008435577450962,-0.03746611406229916
2025-12-26,855666231.5522435,-0.005464174368585082,-0.0427255670507346
2025-12-29,863489403.1932881,0.009142784128401082,-0.03397341355864192
2025-12-30,868708548.7747226,0.00604424971763806,-0.028134507636312867
2025-12-31,874193597.9537461,0.006314026938908267,-0.02199812273653312
2026-01-05,869177366.2720157,-0.005738124476628574,-0.02761001924664741
2026-01-06,866839496.0834862,-0.0026897504229278757,-0.030225505608629577
2026-01-07,878863382.9546033,0.013870949495775031,-0.01677381257463606
2026-01-08,875189962.5013518,-0.004179740019321328,-0.020883442418262566
2026-01-09,874154120.2916389,-0.0011835627167757676,-0.022042288271194144
2026-01-12,890880189.987444,0.019134005443141963,-0.0033300400918124806
2026-01-13,890972869.9372144,0.00010403188982307217,-0.0032263546323534342
2026-01-14,890546359.8985682,-0.0004787014880444976,-0.003703511659634451
2026-01-15,899917801.9376432,0.010523250064311542,0.0
2026-01-16,897630111.3353211,-0.0025421106209882706,-0.0025421106209883026
2026-01-19,894755217.046344,-0.0032027605276078734,-0.005736729377042393
2026-01-20,903233665.0637133,0.009475717890036206,0.0
2026-01-21,901046947.9426713,-0.0024209871770974833,-0.002420987177097489
2026-01-22,913146969.9331213,0.013428847429179554,0.0
2026-01-23,898439554.8112781,-0.016106295707163532,-0.016106295707163487
2026-01-26,899917355.5856825,0.0016448527521863462,-0.01448793543979865
2026-01-27,909033378.115358,0.010129844116344006,-0.004504851851027447
2026-01-28,903883932.0345879,-0.005664749177248209,-0.01014408217245888
2026-01-29,914098734.5435879,0.011301011276975753,0.0
2026-01-30,912857280.4369831,-0.0013581181766154353,-0.0013581181766154637
2026-02-02,917901252.873882,0.005525477580114612,0.0
2026-02-03,925325492.5586631,0.008088277101198325,0.0
2026-02-04,924697388.9250535,-0.0006787920992783331,-0.0006787920992783469
2026-02-05,915167183.1941539,-0.010306296789675474,-0.010978093056120186
2026-02-06,898873010.1196196,-0.017804586280797032,-0.02858721893190086
2026-02-09,896798707.0376863,-0.0023076708929743225,-0.030828919931835008
2026-02-10,882996849.3682699,-0.015390140018161767,-0.04574459855563706
2026-02-11,897961443.1949887,0.016947505347754136,-0.029572350036535466
2026-02-12,894311735.1460795,-0.004064437372637466,-0.03351659244448779
2026-02-13,894240412.5595298,-7.975137051970907e-05,-0.03359367082082487
2026-02-23,910496639.7923267,0.018178810758806684,-0.016025553046563612
2026-02-24,916950546.759126,0.007088336941332719,-0.0090508106248961
2026-02-25,918195123.0750983,0.0013572992789754738,-0.007705796004655929
2026-02-26,915206334.6546018,-0.003255068934026579,-0.010935782041495812
2026-02-27,905145588.5145085,-0.010992872054245827,-0.021808438442946332
2026-03-02,913460450.0133363,0.009186214465756673,-0.012822560969889873
2026-03-03,913355078.447644,-0.00011535427252572037,-0.012936436105222993
2026-03-04,913623036.9760146,0.0002933782651387304,-0.012646853109265832
2026-03-05,903078232.8402767,-0.011541745018426816,-0.02404263137382001
2026-03-06,897165850.3799858,-0.006546921678862572,-0.030432147828124423
2026-03-09,866221716.4153757,-0.03449098508542653,-0.06387349815669363
2026-03-10,863080881.4985224,-0.0036259018416795233,-0.06726780096377227
2026-03-11,878606244.1033379,0.01798830554311388,-0.05048952917760818
2026-03-12,879630085.9930341,0.0011653023143958223,-0.049383062428415725
2026-03-13,878056392.3749166,-0.0017890402376824037,-0.05108375438035373
2026-03-16,871418864.7555063,-0.0075593409228050515,-0.05825693578818081
2026-03-17,857259571.0221376,-0.016248550847405976,-0.07355889585221853
2026-03-18,865411747.5756388,0.009509577762755139,-0.0647488321297125
2026-03-19,866489413.9831188,0.0012452643617318255,-0.06358419718109554
2026-03-20,851181812.4413664,-0.017666230302094108,-0.08012713441221464
2026-03-23,831076608.8820338,-0.023620339703531383,-0.10185484398145894
2026-03-24,844395499.1564705,0.016026068032829504,-0.08746110860774958
2026-03-25,853815758.8062468,0.011156217269261642,-0.07728062646872647
2026-03-26,854456196.7494595,0.0007500891575346055,-0.07658850467119349
2026-03-27,871259843.468617,0.01966589602027845,-0.05842879022012737
2026-03-30,880512445.1538824,0.010619795867590336,-0.04842949617746506
2026-03-31,889072828.6347654,0.00972204711926241,-0.03917828290200209
2026-04-01,900440574.6944933,0.01278606846773609,-0.026893150641899344
2026-04-02,903188239.1828939,0.0030514667659582335,-0.023923747431356723
2026-04-03,894679882.9929833,-0.0094203575963389,-0.03311873477184779
2026-04-06,888408150.0241451,-0.007010030166161009,-0.03989660160819308
2026-04-07,893078438.6819534,0.00525691784534099,-0.03484941691981469
2026-04-08,917544343.3289217,0.027395023311811404,-0.008409094196924594
2026-04-09,913165827.495688,-0.00477199370806224,-0.013140959760388649
2026-04-10,911483969.6917906,-0.0018417879351768918,-0.01495854483442216
2026-04-13,915658668.7311862,0.004580112408128477,-0.010446944243097334
2026-04-14,913616435.6243937,-0.002230343223444103,-0.012653987195243244
2026-04-15,942269942.0040393,0.03136273085987436,0.0
2026-04-16,955238101.5716991,0.013762679875024882,0.0
2026-04-17,948120397.070303,-0.007451235969006134,-0.007451235969006098
2026-04-20,953336188.4330883,0.005501190965727731,-0.0019910356752745884
2026-04-21,955369265.5218325,0.0021325919580224336,0.0
2026-04-22,971354976.7041807,0.016732494710950004,0.0
2026-04-23,972429934.2049971,0.0011066577374871636,0.0
2026-04-24,972934298.8556935,0.0005186642584267384,0.0
2026-04-28,994745947.0545287,0.022418418411694188,0.0
2026-04-29,977207571.1745176,-0.017631010140772844,-0.01763101014077284
2026-05-04,971365910.7887586,-0.005977911508337818,-0.023503525030686534
2026-05-05,988551004.8564199,0.017691679187822044,-0.006227662667490308
2026-05-06,989818570.994281,0.0012822465726442084,-0.004953401493957066
2026-05-07,1004836506.0580451,0.015172411898352698,0.0
2026-05-08,1008354719.4099803,0.003501279392940284,0.0
2026-05-11,998632025.2280025,-0.009642136834215245,-0.00964213683421522
2026-05-12,1001316381.6242998,0.0026880335583913785,-0.00698002166320888
2026-05-13,1003082212.4876007,0.0017635094119167927,-0.005228821585190446
2026-05-14,1014098346.9568152,0.010982284734064837,0.0
2026-05-15,1024224112.5356785,0.009984993673689976,0.0
2026-05-18,1030211512.2196039,0.005845790594699382,0.0
2026-05-19,1019498373.8459222,-0.010398969771362844,-0.010398969771362898
2026-05-20,1032677491.5122796,0.012927060998283819,0.0
2026-05-21,1020538152.2716327,-0.01175520851419914,-0.01175520851419909
2026-05-22,1013386796.0134206,-0.007007436461139417,-0.01868027109858783
2026-05-25,1021138442.1252962,0.007649247199953645,-0.01117391391002942
2026-05-26,1008035742.0391494,-0.01283146294921203,-0.023861999196907235
2026-05-27,998119918.1585989,-0.009836778069487738,-0.03346405207600078
2026-05-28,1009429306.8465093,0.011330691314902107,-0.02251253160531763
2026-05-29,1004035344.8458642,-0.005343575784911652,-0.02773580997148606
