date,equity,portfolio_return,drawdown
2018-01-02,100000000.0,0.0,0.0
2018-01-03,100000000.0,0.0,0.0
2018-01-04,100000000.0,0.0,0.0
2018-01-05,100000000.0,0.0,0.0
2018-01-08,100000000.0,0.0,0.0
2018-01-09,100000000.0,0.0,0.0
2018-01-10,100000000.0,0.0,0.0
2018-01-11,100000000.0,0.0,0.0
2018-01-12,100000000.0,0.0,0.0
2018-01-15,100000000.0,0.0,0.0
2018-01-16,100000000.0,0.0,0.0
2018-01-17,100000000.0,0.0,0.0
2018-01-18,100000000.0,0.0,0.0
2018-01-19,100000000.0,0.0,0.0
2018-01-22,100000000.0,0.0,0.0
2018-01-23,100000000.0,0.0,0.0
2018-01-24,100000000.0,0.0,0.0
2018-01-25,100000000.0,0.0,0.0
2018-01-26,100000000.0,0.0,0.0
2018-01-29,100000000.0,0.0,0.0
2018-01-30,100000000.0,0.0,0.0
2018-01-31,100000000.0,0.0,0.0
2018-02-01,100000000.0,0.0,0.0
2018-02-02,100000000.0,0.0,0.0
2018-02-05,100000000.0,0.0,0.0
2018-02-06,100000000.0,0.0,0.0
2018-02-07,100000000.0,0.0,0.0
2018-02-08,100000000.0,0.0,0.0
2018-02-09,100000000.0,0.0,0.0
2018-02-12,100000000.0,0.0,0.0
2018-02-13,100000000.0,0.0,0.0
2018-02-21,100000000.0,0.0,0.0
2018-02-22,100000000.0,0.0,0.0
2018-02-23,100000000.0,0.0,0.0
2018-02-26,100000000.0,0.0,0.0
2018-02-27,100000000.0,0.0,0.0
2018-02-28,100000000.0,0.0,0.0
2018-03-01,100000000.0,0.0,0.0
2018-03-02,100000000.0,0.0,0.0
2018-03-05,100000000.0,0.0,0.0
2018-03-06,100000000.0,0.0,0.0
2018-03-07,100000000.0,0.0,0.0
2018-03-08,100000000.0,0.0,0.0
2018-03-09,100000000.0,0.0,0.0
2018-03-12,100000000.0,0.0,0.0
2018-03-13,100000000.0,0.0,0.0
2018-03-14,100000000.0,0.0,0.0
2018-03-15,100000000.0,0.0,0.0
2018-03-16,100000000.0,0.0,0.0
2018-03-19,100000000.0,0.0,0.0
2018-03-20,100000000.0,0.0,0.0
2018-03-21,100000000.0,0.0,0.0
2018-03-22,100000000.0,0.0,0.0
2018-03-23,100000000.0,0.0,0.0
2018-03-26,100000000.0,0.0,0.0
2018-03-27,100000000.0,0.0,0.0
2018-03-28,100000000.0,0.0,0.0
2018-03-29,100000000.0,0.0,0.0
2018-03-30,100000000.0,0.0,0.0
2018-04-02,100000000.0,0.0,0.0
2018-04-03,100000000.0,0.0,0.0
2018-04-04,100000000.0,0.0,0.0
2018-04-05,100000000.0,0.0,0.0
2018-04-06,100000000.0,0.0,0.0
2018-04-09,100000000.0,0.0,0.0
2018-04-10,100000000.0,0.0,0.0
2018-04-11,100000000.0,0.0,0.0
2018-04-12,100000000.0,0.0,0.0
2018-04-13,100000000.0,0.0,0.0
2018-04-16,100000000.0,0.0,0.0
2018-04-17,100000000.0,0.0,0.0
2018-04-18,100000000.0,0.0,0.0
2018-04-19,100000000.0,0.0,0.0
2018-04-20,100000000.0,0.0,0.0
2018-04-23,100000000.0,0.0,0.0
2018-04-24,100000000.0,0.0,0.0
2018-04-26,100000000.0,0.0,0.0
2018-04-27,100000000.0,0.0,0.0
2018-05-02,100000000.0,0.0,0.0
2018-05-03,100000000.0,0.0,0.0
2018-05-04,100000000.0,0.0,0.0
2018-05-07,100000000.0,0.0,0.0
2018-05-08,100000000.0,0.0,0.0
2018-05-09,100000000.0,0.0,0.0
2018-05-10,100000000.0,0.0,0.0
2018-05-11,100000000.0,0.0,0.0
2018-05-14,100000000.0,0.0,0.0
2018-05-15,100000000.0,0.0,0.0
2018-05-16,100000000.0,0.0,0.0
2018-05-17,100000000.0,0.0,0.0
2018-05-18,100000000.0,0.0,0.0
2018-05-21,100000000.0,0.0,0.0
2018-05-22,100000000.0,0.0,0.0
2018-05-23,100000000.0,0.0,0.0
2018-05-24,100000000.0,0.0,0.0
2018-05-25,100000000.0,0.0,0.0
2018-05-28,100000000.0,0.0,0.0
2018-05-29,100000000.0,0.0,0.0
2018-05-30,100000000.0,0.0,0.0
2018-05-31,100000000.0,0.0,0.0
2018-06-01,100000000.0,0.0,0.0
2018-06-04,100000000.0,0.0,0.0
2018-06-05,100000000.0,0.0,0.0
2018-06-06,100000000.0,0.0,0.0
2018-06-07,100000000.0,0.0,0.0
2018-06-08,100000000.0,0.0,0.0
2018-06-11,100000000.0,0.0,0.0
2018-06-12,100000000.0,0.0,0.0
2018-06-13,100000000.0,0.0,0.0
2018-06-14,100000000.0,0.0,0.0
2018-06-15,100000000.0,0.0,0.0
2018-06-18,100000000.0,0.0,0.0
2018-06-19,100000000.0,0.0,0.0
2018-06-20,100000000.0,0.0,0.0
2018-06-21,100000000.0,0.0,0.0
2018-06-22,100000000.0,0.0,0.0
2018-06-25,100000000.0,0.0,0.0
2018-06-26,100000000.0,0.0,0.0
2018-06-27,100000000.0,0.0,0.0
2018-06-28,100000000.0,0.0,0.0
2018-06-29,100000000.0,0.0,0.0
2018-07-02,100000000.0,0.0,0.0
2018-07-03,100000000.0,0.0,0.0
2018-07-04,100000000.0,0.0,0.0
2018-07-05,100000000.0,0.0,0.0
2018-07-06,100000000.0,0.0,0.0
2018-07-09,100000000.0,0.0,0.0
2018-07-10,100000000.0,0.0,0.0
2018-07-11,100000000.0,0.0,0.0
2018-07-12,100000000.0,0.0,0.0
2018-07-13,100000000.0,0.0,0.0
2018-07-16,100000000.0,0.0,0.0
2018-07-17,100000000.0,0.0,0.0
2018-07-18,100000000.0,0.0,0.0
2018-07-19,100000000.0,0.0,0.0
2018-07-20,100000000.0,0.0,0.0
2018-07-23,100000000.0,0.0,0.0
2018-07-24,100000000.0,0.0,0.0
2018-07-25,100000000.0,0.0,0.0
2018-07-26,100000000.0,0.0,0.0
2018-07-27,100000000.0,0.0,0.0
2018-07-30,100000000.0,0.0,0.0
2018-07-31,100000000.0,0.0,0.0
2018-08-01,100000000.0,0.0,0.0
2018-08-02,100000000.0,0.0,0.0
2018-08-03,100000000.0,0.0,0.0
2018-08-06,100000000.0,0.0,0.0
2018-08-07,100000000.0,0.0,0.0
2018-08-08,100000000.0,0.0,0.0
2018-08-09,100000000.0,0.0,0.0
2018-08-10,100000000.0,0.0,0.0
2018-08-13,100000000.0,0.0,0.0
2018-08-14,100000000.0,0.0,0.0
2018-08-15,100000000.0,0.0,0.0
2018-08-16,100000000.0,0.0,0.0
2018-08-17,100000000.0,0.0,0.0
2018-08-20,100000000.0,0.0,0.0
2018-08-21,100000000.0,0.0,0.0
2018-08-22,100000000.0,0.0,0.0
2018-08-23,100000000.0,0.0,0.0
2018-08-24,100000000.0,0.0,0.0
2018-08-27,100000000.0,0.0,0.0
2018-08-28,100000000.0,0.0,0.0
2018-08-29,100000000.0,0.0,0.0
2018-08-30,100000000.0,0.0,0.0
2018-08-31,100000000.0,0.0,0.0
2018-09-04,100000000.0,0.0,0.0
2018-09-05,100000000.0,0.0,0.0
2018-09-06,100000000.0,0.0,0.0
2018-09-07,100000000.0,0.0,0.0
2018-09-10,100000000.0,0.0,0.0
2018-09-11,100000000.0,0.0,0.0
2018-09-12,100000000.0,0.0,0.0
2018-09-13,100000000.0,0.0,0.0
2018-09-14,100000000.0,0.0,0.0
2018-09-17,100000000.0,0.0,0.0
2018-09-18,100000000.0,0.0,0.0
2018-09-19,100000000.0,0.0,0.0
2018-09-20,100000000.0,0.0,0.0
2018-09-21,100000000.0,0.0,0.0
2018-09-24,100000000.0,0.0,0.0
2018-09-25,100000000.0,0.0,0.0
2018-09-26,100000000.0,0.0,0.0
2018-09-27,100000000.0,0.0,0.0
2018-09-28,100000000.0,0.0,0.0
2018-10-01,100000000.0,0.0,0.0
2018-10-02,100000000.0,0.0,0.0
2018-10-03,100000000.0,0.0,0.0
2018-10-04,100000000.0,0.0,0.0
2018-10-05,100000000.0,0.0,0.0
2018-10-08,100000000.0,0.0,0.0
2018-10-09,100000000.0,0.0,0.0
2018-10-10,100000000.0,0.0,0.0
2018-10-11,100000000.0,0.0,0.0
2018-10-12,100000000.0,0.0,0.0
2018-10-15,100000000.0,0.0,0.0
2018-10-16,100000000.0,0.0,0.0
2018-10-17,100000000.0,0.0,0.0
2018-10-18,100000000.0,0.0,0.0
2018-10-19,100000000.0,0.0,0.0
2018-10-22,100000000.0,0.0,0.0
2018-10-23,100000000.0,0.0,0.0
2018-10-24,100000000.0,0.0,0.0
2018-10-25,100000000.0,0.0,0.0
2018-10-26,100000000.0,0.0,0.0
2018-10-29,100000000.0,0.0,0.0
2018-10-30,100000000.0,0.0,0.0
2018-10-31,100000000.0,0.0,0.0
2018-11-01,100000000.0,0.0,0.0
2018-11-02,100000000.0,0.0,0.0
2018-11-05,100000000.0,0.0,0.0
2018-11-06,100000000.0,0.0,0.0
2018-11-07,100000000.0,0.0,0.0
2018-11-08,100000000.0,0.0,0.0
2018-11-09,100000000.0,0.0,0.0
2018-11-12,100000000.0,0.0,0.0
2018-11-13,100000000.0,0.0,0.0
2018-11-14,100000000.0,0.0,0.0
2018-11-15,100000000.0,0.0,0.0
2018-11-16,100000000.0,0.0,0.0
2018-11-19,100000000.0,0.0,0.0
2018-11-20,100000000.0,0.0,0.0
2018-11-21,100000000.0,0.0,0.0
2018-11-22,100000000.0,0.0,0.0
2018-11-23,100000000.0,0.0,0.0
2018-11-26,100000000.0,0.0,0.0
2018-11-27,100000000.0,0.0,0.0
2018-11-28,100000000.0,0.0,0.0
2018-11-29,100000000.0,0.0,0.0
2018-11-30,100000000.0,0.0,0.0
2018-12-03,100000000.0,0.0,0.0
2018-12-04,100000000.0,0.0,0.0
2018-12-05,100000000.0,0.0,0.0
2018-12-06,100000000.0,0.0,0.0
2018-12-07,100000000.0,0.0,0.0
2018-12-10,100000000.0,0.0,0.0
2018-12-11,100000000.0,0.0,0.0
2018-12-12,100000000.0,0.0,0.0
2018-12-13,100000000.0,0.0,0.0
2018-12-14,100000000.0,0.0,0.0
2018-12-17,100000000.0,0.0,0.0
2018-12-18,100000000.0,0.0,0.0
2018-12-19,100000000.0,0.0,0.0
2018-12-20,100000000.0,0.0,0.0
2018-12-21,100000000.0,0.0,0.0
2018-12-24,100000000.0,0.0,0.0
2018-12-25,100000000.0,0.0,0.0
2018-12-26,100000000.0,0.0,0.0
2018-12-27,100000000.0,0.0,0.0
2018-12-28,100000000.0,0.0,0.0
2019-01-02,100000000.0,0.0,0.0
2019-01-03,100000000.0,0.0,0.0
2019-01-04,100000000.0,0.0,0.0
2019-01-07,100000000.0,0.0,0.0
2019-01-08,100000000.0,0.0,0.0
2019-01-09,100000000.0,0.0,0.0
2019-01-10,100000000.0,0.0,0.0
2019-01-11,100000000.0,0.0,0.0
2019-01-14,100000000.0,0.0,0.0
2019-01-15,100000000.0,0.0,0.0
2019-01-16,100000000.0,0.0,0.0
2019-01-17,100000000.0,0.0,0.0
2019-01-18,100000000.0,0.0,0.0
2019-01-21,100000000.0,0.0,0.0
2019-01-22,100000000.0,0.0,0.0
2019-01-23,100000000.0,0.0,0.0
2019-01-24,100000000.0,0.0,0.0
2019-01-25,100000000.0,0.0,0.0
2019-01-28,100000000.0,0.0,0.0
2019-01-29,100000000.0,0.0,0.0
2019-01-30,100000000.0,0.0,0.0
2019-01-31,100000000.0,0.0,0.0
2019-02-01,100000000.0,0.0,0.0
2019-02-11,100000000.0,0.0,0.0
2019-02-12,100000000.0,0.0,0.0
2019-02-13,100000000.0,0.0,0.0
2019-02-14,100000000.0,0.0,0.0
2019-02-15,100000000.0,0.0,0.0
2019-02-18,100000000.0,0.0,0.0
2019-02-19,100000000.0,0.0,0.0
2019-02-20,100000000.0,0.0,0.0
2019-02-21,100000000.0,0.0,0.0
2019-02-22,100000000.0,0.0,0.0
2019-02-25,100000000.0,0.0,0.0
2019-02-26,100000000.0,0.0,0.0
2019-02-27,100000000.0,0.0,0.0
2019-02-28,100000000.0,0.0,0.0
2019-03-01,100000000.0,0.0,0.0
2019-03-04,100000000.0,0.0,0.0
2019-03-05,100000000.0,0.0,0.0
2019-03-06,100000000.0,0.0,0.0
2019-03-07,100000000.0,0.0,0.0
2019-03-08,100000000.0,0.0,0.0
2019-03-11,100000000.0,0.0,0.0
2019-03-12,100000000.0,0.0,0.0
2019-03-13,100000000.0,0.0,0.0
2019-03-14,100000000.0,0.0,0.0
2019-03-15,100000000.0,0.0,0.0
2019-03-18,100000000.0,0.0,0.0
2019-03-19,100000000.0,0.0,0.0
2019-03-20,100000000.0,0.0,0.0
2019-03-21,100000000.0,0.0,0.0
2019-03-22,100000000.0,0.0,0.0
2019-03-25,100000000.0,0.0,0.0
2019-03-26,100000000.0,0.0,0.0
2019-03-27,100000000.0,0.0,0.0
2019-03-28,100000000.0,0.0,0.0
2019-03-29,100000000.0,0.0,0.0
2019-04-01,100000000.0,0.0,0.0
2019-04-02,100000000.0,0.0,0.0
2019-04-03,100000000.0,0.0,0.0
2019-04-04,100000000.0,0.0,0.0
2019-04-05,100000000.0,0.0,0.0
2019-04-08,100000000.0,0.0,0.0
2019-04-09,100000000.0,0.0,0.0
2019-04-10,100000000.0,0.0,0.0
2019-04-11,100000000.0,0.0,0.0
2019-04-12,100000000.0,0.0,0.0
2019-04-16,100000000.0,0.0,0.0
2019-04-17,100000000.0,0.0,0.0
2019-04-18,100000000.0,0.0,0.0
2019-04-19,100000000.0,0.0,0.0
2019-04-22,100000000.0,0.0,0.0
2019-04-23,100000000.0,0.0,0.0
2019-04-24,100000000.0,0.0,0.0
2019-04-25,100000000.0,0.0,0.0
2019-04-26,100000000.0,0.0,0.0
2019-05-02,100000000.0,0.0,0.0
2019-05-03,100000000.0,0.0,0.0
2019-05-06,100000000.0,0.0,0.0
2019-05-07,100000000.0,0.0,0.0
2019-05-08,100000000.0,0.0,0.0
2019-05-09,100000000.0,0.0,0.0
2019-05-10,100000000.0,0.0,0.0
2019-05-13,100000000.0,0.0,0.0
2019-05-14,100000000.0,0.0,0.0
2019-05-15,100000000.0,0.0,0.0
2019-05-16,100000000.0,0.0,0.0
2019-05-17,100000000.0,0.0,0.0
2019-05-20,100000000.0,0.0,0.0
2019-05-21,100000000.0,0.0,0.0
2019-05-22,100000000.0,0.0,0.0
2019-05-23,100000000.0,0.0,0.0
2019-05-24,100000000.0,0.0,0.0
2019-05-27,100000000.0,0.0,0.0
2019-05-28,100000000.0,0.0,0.0
2019-05-29,100000000.0,0.0,0.0
2019-05-30,100000000.0,0.0,0.0
2019-05-31,100000000.0,0.0,0.0
2019-06-03,100000000.0,0.0,0.0
2019-06-04,100000000.0,0.0,0.0
2019-06-05,100000000.0,0.0,0.0
2019-06-06,100000000.0,0.0,0.0
2019-06-07,100000000.0,0.0,0.0
2019-06-10,100000000.0,0.0,0.0
2019-06-11,100000000.0,0.0,0.0
2019-06-12,100000000.0,0.0,0.0
2019-06-13,100000000.0,0.0,0.0
2019-06-14,100000000.0,0.0,0.0
2019-06-17,100000000.0,0.0,0.0
2019-06-18,100000000.0,0.0,0.0
2019-06-19,100000000.0,0.0,0.0
2019-06-20,100000000.0,0.0,0.0
2019-06-21,100000000.0,0.0,0.0
2019-06-24,100000000.0,0.0,0.0
2019-06-25,100000000.0,0.0,0.0
2019-06-26,100000000.0,0.0,0.0
2019-06-27,100000000.0,0.0,0.0
2019-06-28,100000000.0,0.0,0.0
2019-07-01,100000000.0,0.0,0.0
2019-07-02,100000000.0,0.0,0.0
2019-07-03,100000000.0,0.0,0.0
2019-07-04,100000000.0,0.0,0.0
2019-07-05,100000000.0,0.0,0.0
2019-07-08,100000000.0,0.0,0.0
2019-07-09,100000000.0,0.0,0.0
2019-07-10,100000000.0,0.0,0.0
2019-07-11,100000000.0,0.0,0.0
2019-07-12,100000000.0,0.0,0.0
2019-07-15,100000000.0,0.0,0.0
2019-07-16,100000000.0,0.0,0.0
2019-07-17,100000000.0,0.0,0.0
2019-07-18,100000000.0,0.0,0.0
2019-07-19,100000000.0,0.0,0.0
2019-07-22,100000000.0,0.0,0.0
2019-07-23,100000000.0,0.0,0.0
2019-07-24,100000000.0,0.0,0.0
2019-07-25,100000000.0,0.0,0.0
2019-07-26,100000000.0,0.0,0.0
2019-07-29,100000000.0,0.0,0.0
2019-07-30,100000000.0,0.0,0.0
2019-07-31,100000000.0,0.0,0.0
2019-08-01,100000000.0,0.0,0.0
2019-08-02,100000000.0,0.0,0.0
2019-08-05,100000000.0,0.0,0.0
2019-08-06,100000000.0,0.0,0.0
2019-08-07,100000000.0,0.0,0.0
2019-08-08,100000000.0,0.0,0.0
2019-08-09,100000000.0,0.0,0.0
2019-08-12,100000000.0,0.0,0.0
2019-08-13,100000000.0,0.0,0.0
2019-08-14,100000000.0,0.0,0.0
2019-08-15,100000000.0,0.0,0.0
2019-08-16,100000000.0,0.0,0.0
2019-08-19,100000000.0,0.0,0.0
2019-08-20,100000000.0,0.0,0.0
2019-08-21,100000000.0,0.0,0.0
2019-08-22,100000000.0,0.0,0.0
2019-08-23,100000000.0,0.0,0.0
2019-08-26,100000000.0,0.0,0.0
2019-08-27,100000000.0,0.0,0.0
2019-08-28,100000000.0,0.0,0.0
2019-08-29,100000000.0,0.0,0.0
2019-08-30,100000000.0,0.0,0.0
2019-09-03,100000000.0,0.0,0.0
2019-09-04,100000000.0,0.0,0.0
2019-09-05,100000000.0,0.0,0.0
2019-09-06,100000000.0,0.0,0.0
2019-09-09,100000000.0,0.0,0.0
2019-09-10,100000000.0,0.0,0.0
2019-09-11,100000000.0,0.0,0.0
2019-09-12,100000000.0,0.0,0.0
2019-09-13,100000000.0,0.0,0.0
2019-09-16,100000000.0,0.0,0.0
2019-09-17,100000000.0,0.0,0.0
2019-09-18,100000000.0,0.0,0.0
2019-09-19,100000000.0,0.0,0.0
2019-09-20,100000000.0,0.0,0.0
2019-09-23,100000000.0,0.0,0.0
2019-09-24,100000000.0,0.0,0.0
2019-09-25,100000000.0,0.0,0.0
2019-09-26,100000000.0,0.0,0.0
2019-09-27,100000000.0,0.0,0.0
2019-09-30,100000000.0,0.0,0.0
2019-10-01,100000000.0,0.0,0.0
2019-10-02,100000000.0,0.0,0.0
2019-10-03,100000000.0,0.0,0.0
2019-10-04,100000000.0,0.0,0.0
2019-10-07,100000000.0,0.0,0.0
2019-10-08,100000000.0,0.0,0.0
2019-10-09,100000000.0,0.0,0.0
2019-10-10,100000000.0,0.0,0.0
2019-10-11,100000000.0,0.0,0.0
2019-10-14,100000000.0,0.0,0.0
2019-10-15,100000000.0,0.0,0.0
2019-10-16,100000000.0,0.0,0.0
2019-10-17,100000000.0,0.0,0.0
2019-10-18,100000000.0,0.0,0.0
2019-10-21,100000000.0,0.0,0.0
2019-10-22,100000000.0,0.0,0.0
2019-10-23,100000000.0,0.0,0.0
2019-10-24,100000000.0,0.0,0.0
2019-10-25,100000000.0,0.0,0.0
2019-10-28,100000000.0,0.0,0.0
2019-10-29,100000000.0,0.0,0.0
2019-10-30,100000000.0,0.0,0.0
2019-10-31,100000000.0,0.0,0.0
2019-11-01,100000000.0,0.0,0.0
2019-11-04,100000000.0,0.0,0.0
2019-11-05,100000000.0,0.0,0.0
2019-11-06,100000000.0,0.0,0.0
2019-11-07,100000000.0,0.0,0.0
2019-11-08,100000000.0,0.0,0.0
2019-11-11,100000000.0,0.0,0.0
2019-11-12,100000000.0,0.0,0.0
2019-11-13,100000000.0,0.0,0.0
2019-11-14,100000000.0,0.0,0.0
2019-11-15,100000000.0,0.0,0.0
2019-11-18,100000000.0,0.0,0.0
2019-11-19,100000000.0,0.0,0.0
2019-11-20,100000000.0,0.0,0.0
2019-11-21,100000000.0,0.0,0.0
2019-11-22,100000000.0,0.0,0.0
2019-11-25,100000000.0,0.0,0.0
2019-11-26,100000000.0,0.0,0.0
2019-11-27,100000000.0,0.0,0.0
2019-11-28,100000000.0,0.0,0.0
2019-11-29,100000000.0,0.0,0.0
2019-12-02,100000000.0,0.0,0.0
2019-12-03,100000000.0,0.0,0.0
2019-12-04,100000000.0,0.0,0.0
2019-12-05,100000000.0,0.0,0.0
2019-12-06,100000000.0,0.0,0.0
2019-12-09,100000000.0,0.0,0.0
2019-12-10,100000000.0,0.0,0.0
2019-12-11,100000000.0,0.0,0.0
2019-12-12,100000000.0,0.0,0.0
2019-12-13,100000000.0,0.0,0.0
2019-12-16,100000000.0,0.0,0.0
2019-12-17,100000000.0,0.0,0.0
2019-12-18,100000000.0,0.0,0.0
2019-12-19,100000000.0,0.0,0.0
2019-12-20,100000000.0,0.0,0.0
2019-12-23,100000000.0,0.0,0.0
2019-12-24,100000000.0,0.0,0.0
2019-12-25,100000000.0,0.0,0.0
2019-12-26,100000000.0,0.0,0.0
2019-12-27,100000000.0,0.0,0.0
2019-12-30,100000000.0,0.0,0.0
2019-12-31,100000000.0,0.0,0.0
2020-01-02,100000000.0,0.0,0.0
2020-01-03,100000000.0,0.0,0.0
2020-01-06,100000000.0,0.0,0.0
2020-01-07,100000000.0,0.0,0.0
2020-01-08,100000000.0,0.0,0.0
2020-01-09,100000000.0,0.0,0.0
2020-01-10,100000000.0,0.0,0.0
2020-01-13,100000000.0,0.0,0.0
2020-01-14,100000000.0,0.0,0.0
2020-01-15,100000000.0,0.0,0.0
2020-01-16,100000000.0,0.0,0.0
2020-01-17,100000000.0,0.0,0.0
2020-01-20,100000000.0,0.0,0.0
2020-01-21,100000000.0,0.0,0.0
2020-01-22,100000000.0,0.0,0.0
2020-01-30,100000000.0,0.0,0.0
2020-01-31,100000000.0,0.0,0.0
2020-02-03,100000000.0,0.0,0.0
2020-02-04,100000000.0,0.0,0.0
2020-02-05,100000000.0,0.0,0.0
2020-02-06,100000000.0,0.0,0.0
2020-02-07,100000000.0,0.0,0.0
2020-02-10,100000000.0,0.0,0.0
2020-02-11,100000000.0,0.0,0.0
2020-02-12,100000000.0,0.0,0.0
2020-02-13,100000000.0,0.0,0.0
2020-02-14,100000000.0,0.0,0.0
2020-02-17,100000000.0,0.0,0.0
2020-02-18,100000000.0,0.0,0.0
2020-02-19,100000000.0,0.0,0.0
2020-02-20,100000000.0,0.0,0.0
2020-02-21,100000000.0,0.0,0.0
2020-02-24,100000000.0,0.0,0.0
2020-02-25,100000000.0,0.0,0.0
2020-02-26,100000000.0,0.0,0.0
2020-02-27,100000000.0,0.0,0.0
2020-02-28,100000000.0,0.0,0.0
2020-03-02,100000000.0,0.0,0.0
2020-03-03,100000000.0,0.0,0.0
2020-03-04,100000000.0,0.0,0.0
2020-03-05,100000000.0,0.0,0.0
2020-03-06,100000000.0,0.0,0.0
2020-03-09,100000000.0,0.0,0.0
2020-03-10,100000000.0,0.0,0.0
2020-03-11,100000000.0,0.0,0.0
2020-03-12,100000000.0,0.0,0.0
2020-03-13,100000000.0,0.0,0.0
2020-03-16,100000000.0,0.0,0.0
2020-03-17,100000000.0,0.0,0.0
2020-03-18,100000000.0,0.0,0.0
2020-03-19,100000000.0,0.0,0.0
2020-03-20,100000000.0,0.0,0.0
2020-03-23,100000000.0,0.0,0.0
2020-03-24,100000000.0,0.0,0.0
2020-03-25,100000000.0,0.0,0.0
2020-03-26,100000000.0,0.0,0.0
2020-03-27,100000000.0,0.0,0.0
2020-03-30,100000000.0,0.0,0.0
2020-03-31,100000000.0,0.0,0.0
2020-04-01,100000000.0,0.0,0.0
2020-04-03,100000000.0,0.0,0.0
2020-04-06,100000000.0,0.0,0.0
2020-04-07,100000000.0,0.0,0.0
2020-04-08,100000000.0,0.0,0.0
2020-04-09,100000000.0,0.0,0.0
2020-04-10,100000000.0,0.0,0.0
2020-04-13,100000000.0,0.0,0.0
2020-04-14,100000000.0,0.0,0.0
2020-04-15,100000000.0,0.0,0.0
2020-04-16,100000000.0,0.0,0.0
2020-04-17,100000000.0,0.0,0.0
2020-04-20,100000000.0,0.0,0.0
2020-04-21,100000000.0,0.0,0.0
2020-04-22,100000000.0,0.0,0.0
2020-04-23,100000000.0,0.0,0.0
2020-04-24,100000000.0,0.0,0.0
2020-04-27,100000000.0,0.0,0.0
2020-04-28,100000000.0,0.0,0.0
2020-04-29,100000000.0,0.0,0.0
2020-05-04,100000000.0,0.0,0.0
2020-05-05,100000000.0,0.0,0.0
2020-05-06,100000000.0,0.0,0.0
2020-05-07,100000000.0,0.0,0.0
2020-05-08,100000000.0,0.0,0.0
2020-05-11,100000000.0,0.0,0.0
2020-05-12,100000000.0,0.0,0.0
2020-05-13,100000000.0,0.0,0.0
2020-05-14,100000000.0,0.0,0.0
2020-05-15,100000000.0,0.0,0.0
2020-05-18,100000000.0,0.0,0.0
2020-05-19,100000000.0,0.0,0.0
2020-05-20,100000000.0,0.0,0.0
2020-05-21,100000000.0,0.0,0.0
2020-05-22,100000000.0,0.0,0.0
2020-05-25,100000000.0,0.0,0.0
2020-05-26,100000000.0,0.0,0.0
2020-05-27,100000000.0,0.0,0.0
2020-05-28,100000000.0,0.0,0.0
2020-05-29,100000000.0,0.0,0.0
2020-06-01,100000000.0,0.0,0.0
2020-06-02,100000000.0,0.0,0.0
2020-06-03,100000000.0,0.0,0.0
2020-06-04,100000000.0,0.0,0.0
2020-06-05,100000000.0,0.0,0.0
2020-06-08,100000000.0,0.0,0.0
2020-06-09,100000000.0,0.0,0.0
2020-06-10,100000000.0,0.0,0.0
2020-06-11,100000000.0,0.0,0.0
2020-06-12,100000000.0,0.0,0.0
2020-06-15,100000000.0,0.0,0.0
2020-06-16,100000000.0,0.0,0.0
2020-06-17,100000000.0,0.0,0.0
2020-06-18,100000000.0,0.0,0.0
2020-06-19,100000000.0,0.0,0.0
2020-06-22,100000000.0,0.0,0.0
2020-06-23,100000000.0,0.0,0.0
2020-06-24,100000000.0,0.0,0.0
2020-06-25,100000000.0,0.0,0.0
2020-06-26,100000000.0,0.0,0.0
2020-06-29,100000000.0,0.0,0.0
2020-06-30,100000000.0,0.0,0.0
2020-07-01,100000000.0,0.0,0.0
2020-07-02,100000000.0,0.0,0.0
2020-07-03,100000000.0,0.0,0.0
2020-07-06,100000000.0,0.0,0.0
2020-07-07,100000000.0,0.0,0.0
2020-07-08,100000000.0,0.0,0.0
2020-07-09,100000000.0,0.0,0.0
2020-07-10,100000000.0,0.0,0.0
2020-07-13,100000000.0,0.0,0.0
2020-07-14,100000000.0,0.0,0.0
2020-07-15,100000000.0,0.0,0.0
2020-07-16,100000000.0,0.0,0.0
2020-07-17,100000000.0,0.0,0.0
2020-07-20,100000000.0,0.0,0.0
2020-07-21,100000000.0,0.0,0.0
2020-07-22,100000000.0,0.0,0.0
2020-07-23,100000000.0,0.0,0.0
2020-07-24,100000000.0,0.0,0.0
2020-07-27,100000000.0,0.0,0.0
2020-07-28,100000000.0,0.0,0.0
2020-07-29,100000000.0,0.0,0.0
2020-07-30,100000000.0,0.0,0.0
2020-07-31,100000000.0,0.0,0.0
2020-08-03,100000000.0,0.0,0.0
2020-08-04,100000000.0,0.0,0.0
2020-08-05,100000000.0,0.0,0.0
2020-08-06,100000000.0,0.0,0.0
2020-08-07,100000000.0,0.0,0.0
2020-08-10,100000000.0,0.0,0.0
2020-08-11,100000000.0,0.0,0.0
2020-08-12,100000000.0,0.0,0.0
2020-08-13,100000000.0,0.0,0.0
2020-08-14,100000000.0,0.0,0.0
2020-08-17,100000000.0,0.0,0.0
2020-08-18,100000000.0,0.0,0.0
2020-08-19,100000000.0,0.0,0.0
2020-08-20,100000000.0,0.0,0.0
2020-08-21,100000000.0,0.0,0.0
2020-08-24,100000000.0,0.0,0.0
2020-08-25,100000000.0,0.0,0.0
2020-08-26,100000000.0,0.0,0.0
2020-08-27,100000000.0,0.0,0.0
2020-08-28,100000000.0,0.0,0.0
2020-08-31,100000000.0,0.0,0.0
2020-09-01,100000000.0,0.0,0.0
2020-09-03,100000000.0,0.0,0.0
2020-09-04,100000000.0,0.0,0.0
2020-09-07,100000000.0,0.0,0.0
2020-09-08,100000000.0,0.0,0.0
2020-09-09,100000000.0,0.0,0.0
2020-09-10,100000000.0,0.0,0.0
2020-09-11,100000000.0,0.0,0.0
2020-09-14,100000000.0,0.0,0.0
2020-09-15,100000000.0,0.0,0.0
2020-09-16,100000000.0,0.0,0.0
2020-09-17,100000000.0,0.0,0.0
2020-09-18,100000000.0,0.0,0.0
2020-09-21,100000000.0,0.0,0.0
2020-09-22,100000000.0,0.0,0.0
2020-09-23,100000000.0,0.0,0.0
2020-09-24,100000000.0,0.0,0.0
2020-09-25,100000000.0,0.0,0.0
2020-09-28,100000000.0,0.0,0.0
2020-09-29,100000000.0,0.0,0.0
2020-09-30,100000000.0,0.0,0.0
2020-10-01,100000000.0,0.0,0.0
2020-10-02,100000000.0,0.0,0.0
2020-10-05,100000000.0,0.0,0.0
2020-10-06,100000000.0,0.0,0.0
2020-10-07,100000000.0,0.0,0.0
2020-10-08,100000000.0,0.0,0.0
2020-10-09,100000000.0,0.0,0.0
2020-10-12,100000000.0,0.0,0.0
2020-10-13,100000000.0,0.0,0.0
2020-10-14,100000000.0,0.0,0.0
2020-10-15,100000000.0,0.0,0.0
2020-10-16,100000000.0,0.0,0.0
2020-10-19,100000000.0,0.0,0.0
2020-10-20,100000000.0,0.0,0.0
2020-10-21,100000000.0,0.0,0.0
2020-10-22,100000000.0,0.0,0.0
2020-10-23,100000000.0,0.0,0.0
2020-10-26,100000000.0,0.0,0.0
2020-10-27,100000000.0,0.0,0.0
2020-10-28,100000000.0,0.0,0.0
2020-10-29,100000000.0,0.0,0.0
2020-10-30,100000000.0,0.0,0.0
2020-11-02,100000000.0,0.0,0.0
2020-11-03,100000000.0,0.0,0.0
2020-11-04,100000000.0,0.0,0.0
2020-11-05,100000000.0,0.0,0.0
2020-11-06,100000000.0,0.0,0.0
2020-11-09,100000000.0,0.0,0.0
2020-11-10,100000000.0,0.0,0.0
2020-11-11,100000000.0,0.0,0.0
2020-11-12,100000000.0,0.0,0.0
2020-11-13,100000000.0,0.0,0.0
2020-11-16,100000000.0,0.0,0.0
2020-11-17,100000000.0,0.0,0.0
2020-11-18,100000000.0,0.0,0.0
2020-11-19,100000000.0,0.0,0.0
2020-11-20,100000000.0,0.0,0.0
2020-11-23,100000000.0,0.0,0.0
2020-11-24,100000000.0,0.0,0.0
2020-11-25,100000000.0,0.0,0.0
2020-11-26,100000000.0,0.0,0.0
2020-11-27,100000000.0,0.0,0.0
2020-11-30,100000000.0,0.0,0.0
2020-12-01,100000000.0,0.0,0.0
2020-12-02,100000000.0,0.0,0.0
2020-12-03,100000000.0,0.0,0.0
2020-12-04,100000000.0,0.0,0.0
2020-12-07,100000000.0,0.0,0.0
2020-12-08,100000000.0,0.0,0.0
2020-12-09,100000000.0,0.0,0.0
2020-12-10,100000000.0,0.0,0.0
2020-12-11,100000000.0,0.0,0.0
2020-12-14,100000000.0,0.0,0.0
2020-12-15,100000000.0,0.0,0.0
2020-12-16,100000000.0,0.0,0.0
2020-12-17,100000000.0,0.0,0.0
2020-12-18,100000000.0,0.0,0.0
2020-12-21,100000000.0,0.0,0.0
2020-12-22,100000000.0,0.0,0.0
2020-12-23,100000000.0,0.0,0.0
2020-12-24,100000000.0,0.0,0.0
2020-12-25,100000000.0,0.0,0.0
2020-12-28,100000000.0,0.0,0.0
2020-12-29,100000000.0,0.0,0.0
2020-12-30,100000000.0,0.0,0.0
2020-12-31,100000000.0,0.0,0.0
2021-01-04,100000000.0,0.0,0.0
2021-01-05,99920000.0,-0.0008,-0.0008000000000000229
2021-01-06,99992753.72862859,0.0007281197821115964,-7.24627137140832e-05
2021-01-07,100724838.1229538,0.007321374469914324,0.0
2021-01-08,101670636.5951255,0.00938992298024016,0.0
2021-01-11,101161360.49472535,-0.005009077521843377,-0.00500907752184343
2021-01-12,100724838.1229538,-0.004315109737915248,-0.0093025725405661
2021-01-13,101888897.78101128,0.011556828283372619,0.0
2021-01-14,103489479.81084031,0.015709091615350862,0.0
2021-01-15,103977760.13816234,0.00471816389660594,0.0
2021-01-18,104909353.70061198,0.008959546360796405,0.0
2021-01-19,101182979.4508135,-0.03551994286832347,-0.035519942868323495
2021-01-20,101182979.4508135,0.0,-0.035519942868323495
2021-01-21,102114573.01326312,0.009207018487753469,-0.026639957151242566
2021-01-22,102114573.01326312,0.0,-0.026639957151242566
2021-01-25,102114573.01326312,0.0,-0.026639957151242566
2021-01-26,100717182.66958871,-0.013684533974332017,-0.03995993572686374
2021-01-27,96844650.48685813,-0.03844956818773174,-0.07687306164108798
2021-01-28,93541557.94005413,-0.03410712445342789,-0.1083582670140073
2021-01-29,94892823.07283759,0.014445612864919487,-0.09547795572508566
2021-02-01,91739871.09634286,-0.033226453533525865,-0.12553201539923597
2021-02-02,91739871.09634286,0.0,-0.12553201539923597
2021-02-03,94142120.22129121,0.02618544255883652,-0.10263368421893115
2021-02-04,94292260.7916005,0.0015948288604118936,-0.10120253852016203
2021-02-05,94592541.93221904,0.0031845788625453836,-0.0983402471226239
2021-02-08,92046394.89857638,-0.026916995585837246,-0.12261021871075128
2021-02-09,95269831.7100194,0.0350196964801809,-0.09188429487518945
2021-02-17,98708164.30889195,0.036090465755603436,-0.05910997611725688
2021-02-18,98170924.84031813,-0.005442705497922296,-0.06423096342318368
2021-02-19,97848581.15917382,-0.0032834943917318346,-0.06730355580673997
2021-02-22,99460299.56489533,0.016471556221133908,-0.051940593888959
2021-02-23,99137955.88375103,-0.0032409281145787824,-0.05501318627251517
2021-02-24,97203893.79688522,-0.0195087952906119,-0.07344874057385231
2021-02-25,95221896.13027711,-0.020390105675701035,-0.09234121866750533
2021-02-26,96771800.1956706,0.016276761211234475,-0.07756747342247616
2021-03-01,100183450.88616139,0.035254595694122606,-0.04504748764287758
2021-03-02,101612341.42092356,0.014262740224289383,-0.031427248032595445
2021-03-03,101114324.19871002,-0.00490114896723546,-0.036174367375592875
2021-03-04,99624926.8986322,-0.014729834886211176,-0.05037135980324847
2021-03-05,101239992.0959041,0.01621145678646488,-0.03497649613950937
2021-03-08,101053817.43339437,-0.0018389438665044762,-0.036751120192966336
2021-03-09,100706376.03320223,-0.0034381818422757142,-0.040062945001111294
2021-03-10,100988860.10825601,0.0028050267141044587,-0.03737029591798069
2021-03-11,100847618.0707291,-0.0013985902739717998,-0.03871662045954605
2021-03-12,100000165.84556776,-0.008403294409660585,-0.046794567708938084
2021-03-15,99576439.73298709,-0.004237254098508602,-0.05083354133363405
2021-03-16,99435197.6954602,-0.001418428273853025,-0.052179865875199294
2021-03-17,102542522.52105181,0.031249747550242728,-0.022560725960762085
2021-03-18,102542522.52105181,0.0,-0.022560725960762085
2021-03-19,101958909.77936947,-0.0056914217373823725,-0.02812374509200022
2021-03-22,101620160.48927918,-0.0033224098886827816,-0.03135271637188264
2021-03-23,101168494.76915878,-0.004444646790024018,-0.035658011411725754
2021-03-24,100716829.04903838,-0.004464489870596459,-0.03996330645156898
2021-03-25,99757039.39378253,-0.009529585713908235,-0.04911205841123578
2021-03-26,99926414.03882769,0.0016978716096071084,-0.047497572771294516
2021-03-29,101168494.76915878,0.012429954004438373,-0.035658011411725754
2021-03-30,101676618.70429423,0.005022551104421053,-0.03081455449190218
2021-03-31,101176097.74613005,-0.004922675090325817,-0.03558553954241117
2021-04-01,101318626.39509517,0.0014087185821571378,-0.03422695097106354
2021-04-02,101902993.85585219,0.005767621231640645,-0.028656737828537948
2021-04-05,102052648.93726556,0.0014686033820072973,-0.027230219828622948
2021-04-06,101468281.47650856,-0.005726137114933962,-0.03280043297114843
2021-04-07,101468281.47650856,0.0,-0.03280043297114843
2021-04-08,101610810.12547368,0.0014046620962839295,-0.03144184439980069
2021-04-09,103513567.58915809,0.018725935373754013,-0.013304686972309021
2021-04-12,105551727.26935938,0.01968978296923047,0.0
2021-04-13,104240463.69888023,-0.01242294753863115,-0.012422947538631157
2021-04-14,104382992.34784536,0.0013673063598110826,-0.011072627153997261
2021-04-15,104675176.07822387,0.0027991507410022984,-0.008304470365497862
2021-04-16,105843910.99973789,0.011165349467772784,0.0
2021-04-19,107162301.00266531,0.0124559834427385,0.0
2021-04-20,108473564.57314445,0.01223623940705161,0.0
2021-04-22,105409198.62039426,-0.02824988710206779,-0.028249887102067772
2021-04-23,109207587.11531484,0.036034696635912765,0.0
2021-04-26,110953563.06513762,0.0159876799400317,0.0
2021-04-27,110518850.685794,-0.003917966826251644,-0.003917966826251673
2021-04-28,110226666.95541549,-0.002643745646696864,-0.006551354365207707
2021-04-29,113291032.90816568,0.02780058616840575,0.0
2021-05-04,113291032.90816568,0.0,0.0
2021-05-05,112706665.44740866,-0.00515810868483041,-0.005158108684830465
2021-05-06,111245746.79551613,-0.012962131796670214,-0.018053380396906293
2021-05-07,113583216.63854419,0.021011768183143407,0.0
2021-05-10,114167584.09930119,0.005144839863239959,0.0
2021-05-11,113732871.71995756,-0.003807669075011019,-0.0038076690750110664
2021-05-12,115336319.02081522,0.014098362914864253,0.0
2021-05-13,117381605.13346477,0.017733235549856795,0.0
2021-05-14,118692868.70394391,0.011170945984153241,0.0
2021-05-17,117089421.40308626,-0.01350921347142711,-0.013509213471427084
2021-05-18,117673788.86384329,0.0049907793014478865,-0.008585855672951226
2021-05-19,119086521.67862794,0.012005501211652796,0.0
2021-05-20,122121256.29437962,0.02548344323920511,0.0
2021-05-21,122958629.25097647,0.006856897660619543,0.0
2021-05-24,120547470.24120116,-0.019609514390842662,-0.019609514390842686
2021-05-25,122851730.57566623,0.019114962179252043,-0.0008693873375250627
2021-05-26,124942193.55951086,0.017016146000133677,0.0
2021-05-27,126824798.00803,0.015067803716944049,0.0
2021-05-28,129758572.76376647,0.023132500913194565,0.0
2021-05-31,133850416.50203049,0.03153428441073777,0.0
2021-06-01,133030859.99131867,-0.006122928356367022,-0.0061229283563670744
2021-06-02,135376692.03284883,0.017633743341080758,0.0
2021-06-03,139937702.17941892,0.03369125126401647,0.0
2021-06-04,141226425.09843674,0.009209261685357,0.0
2021-06-07,137247418.85077798,-0.02817465814124614,-0.02817465814124609
2021-06-08,132448856.09240739,-0.034962863407929166,-0.062152454825017855
2021-06-09,135608305.82935435,0.023854111165313947,-0.039780935226297
2021-06-10,135139139.42104834,-0.0034597173487027288,-0.04310302178324965
2021-06-11,139236921.97460735,0.03032269238293494,-0.014087329070623156
2021-06-14,144154261.0388782,0.03531634421771856,0.0
2021-06-15,149416051.3902598,0.036501108697456416,0.0
2021-06-16,154570943.06633115,0.034500253674936726,0.0
2021-06-17,158781563.11049545,0.027240695829599704,0.0
2021-06-18,158781563.11049545,0.0,0.0
2021-06-21,156441669.8842603,-0.014736554927393107,-0.01473655492739312
2021-06-22,153400996.45321357,-0.019436467491661877,-0.033886595848269585
2021-06-23,152462663.6366015,-0.0061168625909040365,-0.039796178788696346
2021-06-24,150122770.41036636,-0.015347319602209916,-0.054532733716089354
2021-06-25,155740889.67944872,0.03742349847211734,-0.019150040920876465
2021-06-28,156792059.98666605,0.006749481843727006,-0.012529811930651613
2021-06-29,156792059.98666605,0.0,-0.012529811930651613
2021-06-30,155034170.65934217,-0.011211596604275616,-0.02360092933803326
2021-07-01,160889842.5402251,0.03777020160123044,0.0
2021-07-02,166270409.19750696,0.03344255033338507,0.0
2021-07-05,164637234.99137837,-0.009822398429227447,-0.009822398429227497
2021-07-06,159951509.72361302,-0.028460908420933594,-0.038003752467992924
2021-07-07,159719895.9271075,-0.001448025072759401,-0.03939674715431973
2021-07-08,157611616.49737787,-0.013199854767572667,-0.05207657058114057
2021-07-09,151761883.43178996,-0.037114859904283946,-0.08725861586400996
2021-07-12,146024987.85680732,-0.03780195293610148,-0.12176202270995073
2021-07-13,146256601.65331283,0.0015861244017539807,-0.12036902802362393
2021-07-14,143105544.48984402,-0.021544717488637437,-0.13932042880911044
2021-07-15,143323857.73962742,0.0015255401218845861,-0.13800742759117235
2021-07-16,144415423.9885443,0.0076160819708040745,-0.13144242150148244
2021-07-19,142668917.9902773,-0.01209362511310105,-0.1419464312449864
2021-07-20,143760484.23919415,0.0076510445603242975,-0.1353814251552965
2021-07-21,144415423.9885443,0.004555770334359871,-0.13144242150148244
2021-07-22,145725303.48724455,0.00907021883482589,-0.12356441419385444
2021-07-23,145288676.9876778,-0.0029962298181451523,-0.1261904166297303
2021-07-26,145059272.45739996,-0.0015789567021613422,-0.12757012412780566
2021-07-27,144315473.7697497,-0.005127550104518118,-0.13204355202901885
2021-07-28,141960111.2588573,-0.01632092837563829,-0.14620940704952667
2021-07-29,146794802.7285838,0.03405668977612084,-0.11713212569164211
2021-07-30,146298936.936817,-0.0033779519611716307,-0.12011441095911746
2021-08-02,146546869.8327004,0.0016947005977937313,-0.11862326832537973
2021-08-03,148406366.55182597,0.012688750849802468,-0.10743969857234736
2021-08-04,147786534.31211746,-0.004176587932917671,-0.11116755515669141
2021-08-05,149274131.6874179,0.010065851954811451,-0.10222069935426559
2021-08-06,149274131.6874179,0.0,-0.10222069935426559
2021-08-09,151381561.30242687,0.014117848760440067,-0.08954598696749538
2021-08-10,152001393.54213542,0.004094502886452962,-0.08581813038315111
2021-08-11,150513796.16683495,-0.009786735112320526,-0.09476498618557716
2021-08-12,150017930.37506813,-0.003294487312094545,-0.09774727145305251
2021-08-13,154852621.8447946,0.032227424132828614,-0.06866999009516817
2021-08-16,154604688.9489112,-0.001601089428966265,-0.0701611327289059
2021-08-17,152748521.21156117,-0.012005895487189161,-0.08132468098928891
2021-08-18,152082168.62948453,-0.004362415929079412,-0.08533232483459341
2021-08-19,151415816.04740793,-0.0043815299852807445,-0.08933996867989769
2021-08-20,147001230.19115037,-0.029155381330014836,-0.11589060915503846
2021-08-23,143419585.0624886,-0.024364728948216657,-0.1374316948235489
2021-08-24,146084995.39079505,0.01858470255052777,-0.12140111944233167
2021-08-25,145418642.8087184,-0.004561403313831548,-0.12540876328763617
2021-08-26,146251583.5363142,0.005727881319119547,-0.12039920848100572
2021-08-27,148355935.23709574,0.014388573784290305,-0.10774300759151456
2021-08-30,148471835.25080368,0.0007812293692376355,-0.10704595022413743
2021-08-31,148240035.2233878,-0.0015612390526749207,-0.10844006495889169
2021-09-01,147660535.1548481,-0.003909200828685996,-0.11192535179577767
2021-09-06,148008235.1959719,0.002354725592448806,-0.10983417969364617
2021-09-07,147081035.08630836,-0.006264517027960483,-0.11541063863266376
2021-09-08,147081035.08630836,0.0,-0.11541063863266376
2021-09-09,146965135.07260042,-0.0007880010746451759,-0.1161076960000409
2021-09-10,145805946.36134633,-0.007887508222147066,-0.12307940381533311
2021-09-13,147764000.35313618,0.013429177894687939,-0.11130308112965337
2021-09-14,146786524.90557075,-0.006615112241340251,-0.11718191099651398
2021-09-15,147028566.44496787,0.0016489356877467346,-0.11572620074376772
2021-09-16,146175214.86375993,-0.0058039849115126664,-0.12085851253229685
2021-09-17,149231765.0728138,0.02091018105841458,-0.1024755048533833
2021-09-20,151189819.06460363,0.013120892799428028,-0.09069918216770378
2021-09-21,151677005.2400569,0.0032223477643365662,-0.08776909871025251
2021-09-22,148500955.42498773,-0.020939560416837626,-0.10687081278191535
2021-09-23,147685933.6397784,-0.00548832687895412,-0.11177259770650283
2021-09-24,146972789.57772022,-0.004828787985981213,-0.11606165951551695
2021-09-27,145342746.0073016,-0.011090784730303073,-0.1258652293646917
2021-09-28,147380300.4703249,0.014018962204835074,-0.11361076705322315
2021-09-29,147176545.02402258,-0.0013825147977856837,-0.11483621328436999
2021-09-30,149112221.7638947,0.013152073515220656,-0.10319447408847493
2021-10-01,151251653.9500692,0.014347798999079186,-0.09032728866143291
2021-10-04,151518414.3679242,0.001763685955745559,-0.08872291167612001
2021-10-05,152560834.06717497,0.0068798218592725285,-0.08245348764401517
2021-10-06,153733556.22883204,0.007686914985930772,-0.07540038560789752
2021-10-07,153472951.30401933,-0.00169517268191464,-0.07696774161592379
2021-10-08,151127506.9807052,-0.015282460546861882,-0.0910739456881593
2021-10-11,154385068.54086375,0.021555053909375024,-0.07148199558783197
2021-10-12,153212346.37920666,-0.007596085377561564,-0.07853509762394995
2021-10-13,158424444.87546033,0.03401878908213779,-0.0471879774634264
2021-10-14,160898021.2593409,0.015613602975381094,-0.032311148833370384
2021-10-15,160898021.2593409,0.0,-0.032311148833370384
2021-10-18,161424690.52922976,0.003273311043645121,-0.029143602230034427
2021-10-19,165111375.41845185,0.022838420052938086,-0.006970776006681612
2021-10-20,170378068.1173405,0.03189781858179643,0.0
2021-10-21,171958075.92700714,0.009273539881779102,0.0
2021-10-22,171958075.92700714,0.0,0.0
2021-10-25,171958075.92700714,0.0,0.0
2021-10-26,174064753.0065626,0.012251108697271626,0.0
2021-10-27,174064753.0065626,0.0,0.0
2021-10-28,175118091.54634035,0.006051417771741777,0.0
2021-10-29,177751437.89578468,0.015037545956509494,0.0
2021-11-01,179331445.70545128,0.00888886091933028,0.0
2021-11-02,178278107.16567355,-0.00587369680556647,-0.005873696805566486
2021-11-03,173011414.46678486,-0.029542004807098163,-0.03524218083339914
2021-11-04,174064753.0065626,0.006088260378796847,-0.029368484027832653
2021-11-05,174300911.05973414,0.0013567252938487876,-0.02805160369910642
2021-11-08,178774138.49383575,0.02566382130136202,-0.0031076937422949147
2021-11-09,181214080.73061848,0.01364818344162716,0.0
2021-11-10,181078528.38413054,-0.0007480232548233545,-0.0007480232548233712
2021-11-11,179994109.6122271,-0.005988665699795152,-0.0067322092934096744
2021-11-12,181756290.11657017,0.009790212069380723,0.0
2021-11-15,182162947.15603396,0.0022373753293653664,0.0
2021-11-16,181214080.73061848,-0.005208888197239818,-0.005208888197239858
2021-11-17,187420462.79016754,0.03424889519912684,0.0
2021-11-18,191663897.10842693,0.022641254082326423,0.0
2021-11-19,195141204.37334847,0.018142734846690427,0.0
2021-11-22,197922350.52587628,0.014251967755650716,0.0
2021-11-23,194096962.70475787,-0.019327720244603122,-0.019327720244603164
2021-11-24,196045514.16005093,0.010039062065370974,-0.009482690362349833
2021-11-25,195419318.98860127,-0.0031941315981269406,-0.012646532999555204
2021-11-26,194096962.70475787,-0.0067667633409393396,-0.019327720244603164
2021-11-29,194763954.25826424,0.0034363832602622405,-0.01595775443864844
2021-11-30,198599624.67687896,0.019693944052545133,0.0
2021-12-01,199147577.5938239,0.0027590833458848107,0.0
2021-12-02,199147577.5938239,0.0,0.0
2021-12-03,198051671.759934,-0.005502983501637575,-0.005502983501637582
2021-12-06,195859860.09215418,-0.011066867794161373,-0.016508950504912856
2021-12-07,199147577.5938239,0.016786070918884698,0.0
2021-12-08,210654588.849668,0.05778132676719513,0.0
2021-12-09,208462777.18188816,-0.01040476582897514,-0.010404765828975093
2021-12-10,207366871.34799826,-0.005257081617663094,-0.015607148743462584
2021-12-13,208462777.18188816,0.0052848645821095405,-0.010404765828975093
2021-12-14,204627106.76327348,-0.01839978566182097,-0.02861310602968148
2021-12-15,203531200.92938358,-0.005355623950436439,-0.03381548894416908
2021-12-16,202983248.0124386,-0.0026922305496300605,-0.03641668040141288
2021-12-17,202983248.0124386,0.0,-0.03641668040141288
2021-12-20,200791436.3446588,-0.010797992884838908,-0.046821446230387864
2021-12-21,198278550.91372174,-0.01251490340765171,-0.05875038376105979
2021-12-22,204849862.0243538,0.03314181529141536,-0.027555662836553196
2021-12-23,207770444.74019024,0.014257186638911276,-0.013691342425661612
2021-12-24,202659424.98747644,-0.024599358966117403,-0.037953903144722134
2021-12-27,204849862.0243538,0.01080846369228929,-0.027555662836553196
2021-12-28,197913478.0742422,-0.03386081826741459,-0.06048342381242111
2021-12-29,204484789.18487424,0.03320294895816531,-0.02928870288791474
2021-12-30,203024497.82695597,-0.0071413202113435265,-0.0362208630933607
2021-12-31,195775868.38526046,-0.03570322556775262,-0.07063088701583242
2022-01-04,190687753.65392518,-0.025989488762335918,-0.0947847151337965
2022-01-05,189709270.0517453,-0.005131339498370264,-0.09942968207955893
2022-01-06,183349126.63757622,-0.03352573868654006,-0.12962196722701402
2022-01-07,184621155.32041,0.006937740616284434,-0.12358351019752312
2022-01-10,181685704.51387042,-0.015899861537780544,-0.1375184110348101
2022-01-11,175814802.90079126,-0.032313503303893445,-0.16538821270938409
2022-01-12,176597589.78253514,0.0044523377373723695,-0.1616722391527743
2022-01-13,178672851.0450551,0.01175135665823901,-0.1518207506385556
2022-01-14,174718244.40576744,-0.022133226263291877,-0.17059369387650158
2022-01-17,168786334.44683594,-0.03395129100058479,-0.19875310873342056
2022-01-18,169280660.2767469,0.0029287076559309116,-0.19640649082867723
2022-01-19,174718244.40576744,0.032121709119818875,-0.17059369387650158
2022-01-20,172493778.17116815,-0.012731734125219168,-0.18115347444784602
2022-01-21,171505126.51134622,-0.005731520697754523,-0.18584671025733257
2022-01-24,166314705.29728115,-0.030263942073601478,-0.21048619825713677
2022-01-25,167291118.42569548,0.005870876701305708,-0.20585106007312526
2022-01-26,167680402.26370728,0.00232698449072003,-0.2040030878065937
2022-01-27,165162114.7806397,-0.015018376918652168,-0.2159576694599975
2022-01-28,165258574.49271342,0.0005840304975619054,-0.2154997648275827
2022-02-07,166905279.57740057,0.009964415400180945,-0.2076826786027851
2022-02-08,171748935.11938828,0.029020385420112028,-0.1846893245608071
2022-02-09,175138805.00083628,0.019737356037122393,-0.168597247478797
2022-02-10,174556601.73867702,-0.0033242390922815657,-0.17136102901015848
2022-02-11,174559975.8943819,1.932986590754705e-05,-0.1713450115299635
2022-02-14,172807133.9808491,-0.010041488059057628,-0.1796659407017639
2022-02-15,173464449.6984239,0.0038037533661524087,-0.1765455922623388
2022-02-16,171273397.3065079,-0.01263113217564322,-0.18694675372708913
2022-02-17,172588028.7416575,0.007675631217829868,-0.18070605684823893
2022-02-18,173245344.4592323,0.0038085823354453148,-0.17758570840881382
2022-02-21,172807133.9808491,-0.002529421380707474,-0.1796659407017639
2022-02-22,172588028.7416575,-0.001267917788717412,-0.18070605684823893
2022-02-23,178218486.7218508,0.03262368787247349,-0.15397766697104787
2022-02-24,184262072.40672034,0.03391110426328484,-0.12528811542663554
2022-02-25,184485908.91356736,0.0012147725460991846,-0.12422553944350911
2022-02-28,182471380.3519442,-0.010919687977725029,-0.13378872329164648
2022-03-01,183739787.2240773,0.0069512647390875685,-0.12776745938726364
2022-03-02,185978152.29254752,0.012182255690437056,-0.11714169955599985
2022-03-03,186276600.96834353,0.0016047512684529532,-0.11572493157849806
2022-03-04,188216517.3610177,0.010414171090677427,-0.10651593972473605
2022-03-07,188216517.3610177,0.0,-0.10651593972473605
2022-03-08,181426809.9866581,-0.03607391885450884,-0.13874741121290302
2022-03-09,180680688.29716805,-0.004112521680477758,-0.14228933115665754
2022-03-10,186873498.3199356,0.03427488616039664,-0.11289139562349437
2022-03-11,187246559.1646806,0.001996328254669443,-0.11112043565161711
2022-03-14,184336684.57566935,-0.015540336773035492,-0.12493392343226006
2022-03-15,186351213.13729253,0.010928527689756898,-0.11537073958412258
2022-03-16,192991696.1737541,0.035634235617072414,-0.08384765208470668
2022-03-17,200005240.05496073,0.036341169181145515,-0.050553604613413405
2022-03-18,199259118.36547065,-0.003730510707044717,-0.05409552455716804
2022-03-21,200975198.25129783,0.00861230291443747,-0.045949108686532236
2022-03-22,197916099.32438856,-0.015221275826702726,-0.06047098045592614
2022-03-23,202392829.46132892,0.022619332900265517,-0.039219460793398664
2022-03-24,203138951.15081897,0.0036865025874476998,-0.03567754084964414
2022-03-25,207242620.44301435,0.020201292115309986,-0.016196981158993706
2022-03-28,206496498.7535243,-0.0036002328473510674,-0.01973890110274823
2022-03-29,207283729.34964204,0.0038123193413433076,-0.01600183275585587
2022-03-30,200946998.29110545,-0.030570325410577297,-0.04608297693192098
2022-03-31,199331753.11932158,-0.008038165215306729,-0.05375071956503574
2022-04-01,201940995.3198955,0.013089947586082826,-0.04136436608077343
2022-04-04,195977013.14715517,-0.029533290965971386,-0.06967603118765842
2022-04-05,197219509.43314272,0.006340010320774665,-0.06377776762372411
2022-04-06,193367770.94658127,-0.01953021025978763,-0.08206238467192051
2022-04-07,196598261.29014897,0.016706456964124268,-0.0667268994056911
2022-04-08,195196796.60018033,-0.007128571131665798,-0.07337980308854797
2022-04-12,193410080.14957625,-0.00915341072048326,-0.08186153833277354
2022-04-13,200027548.485147,0.03421470241082081,-0.050447704094900625
2022-04-14,206843540.87078488,0.03407526831807369,-0.018091454829891385
2022-04-15,206314143.40393922,-0.002559410192926333,-0.02060456156892121
2022-04-18,204328902.90326798,-0.009622415932893008,-0.030028711840283218
2022-04-19,209821401.62179172,0.026880674444397925,-0.0039552294228485385
2022-04-20,208696432.0047447,-0.005361558012441445,-0.009295581243286888
2022-04-21,206965158.28435862,-0.008295655578561724,-0.017514123881451793
2022-04-22,203564031.6931557,-0.016433329258879196,-0.033659637775906304
2022-04-25,196599820.10164487,-0.03421140529388024,-0.06671949955978984
2022-04-26,198219404.19269392,0.00823797341325998,-0.059031159610049344
2022-04-27,198867237.82911354,0.0032682654811627284,-0.05595582363015317
2022-04-28,197247653.73806453,-0.008144046795886624,-0.06364416357989344
2022-04-29,198219404.19269392,0.004926550132352042,-0.059031159610049344
2022-05-04,204859698.9659949,0.0334997211819171,-0.027508965816114173
2022-05-05,205345574.1933096,0.002371746272044274,-0.025202463831192068
2022-05-06,198867237.82911354,-0.03154845868797465,-0.05595582363015317
2022-05-09,192226943.05581254,-0.03339059186313537,-0.08747801742408856
2022-05-10,192226943.05581254,0.0,-0.08747801742408856
2022-05-11,193360651.91954684,0.005897762538964873,-0.08209617945927039
2022-05-12,187206232.37356055,-0.03182870705538899,-0.11131187126828357
2022-05-13,181375729.64578408,-0.031144811013246586,-0.1389898950873486
2022-05-16,181213771.2366792,-0.000892944218177254,-0.13975872908232256
2022-05-17,186275957.42250338,0.02793488679849049,-0.11572798655984762
2022-05-18,186995334.28138697,0.003861887861630628,-0.11231302720476344
2022-05-19,186995334.28138697,0.0,-0.11231302720476344
2022-05-20,186036165.13620886,-0.005129374745440281,-0.11686630634487571
2022-05-23,184117826.84585264,-0.010311641765737763,-0.12597286462510016
2022-05-24,184117826.84585264,0.0,-0.12597286462510016
2022-05-25,187954503.42656505,0.02083815916383021,-0.10775974806465138
2022-05-26,187714711.14027053,-0.001275799631947676,-0.10889806784967937
2022-05-27,191791180.00727746,0.02171629938987984,-0.08954663150420261
2022-05-30,192270764.57986653,0.0025005559305223105,-0.08726999193414642
2022-05-31,191311595.43468842,-0.004988637493973684,-0.0918232710742587
2022-06-01,190832010.86209935,-0.0025068243851052627,-0.09409991064431489
2022-06-02,187474918.853976,-0.017591870425498313,-0.11003638763470747
2022-06-03,186995334.28138697,-0.0025581265777881875,-0.11231302720476344
2022-06-06,187954503.42656505,0.005129374745440121,-0.10775974806465138
2022-06-07,186515749.70879793,-0.007654797791686056,-0.11458966677481952
2022-06-08,189329874.2429321,0.015087865440467075,-0.10123071480751888
2022-06-09,191869535.2879516,0.013413947773296459,-0.08917467055570394
2022-06-10,191307396.87482476,-0.0029297950416317378,-0.09184320208970242
2022-06-13,186223055.69181144,-0.026576814415284103,-0.11597911676774308
2022-06-14,181991960.31443712,-0.02272057754425716,-0.13606458179596426
2022-06-15,179452299.26941764,-0.01395479800663486,-0.1481206260477792
2022-06-16,183969482.94632977,0.02517205795246085,-0.1266770690781478
2022-06-17,183035931.65310127,-0.0050744899549500615,-0.13110873751853835
2022-06-20,176792629.98449266,-0.03410970519406659,-0.1607463623274813
2022-06-21,170830353.18483698,-0.03372469090017302,-0.18904993184483276
2022-06-22,176564714.20468932,0.03356757691443634,-0.1618283030582669
2022-06-23,181606211.2539395,0.028553253530632622,-0.13789577409328901
2022-06-24,182754906.7841484,0.006325199574824385,-0.1324427928101295
2022-06-27,183210738.34375507,0.002494223370675642,-0.1302789113485585
2022-06-28,189637963.33420962,0.03508104955286664,-0.09976818274040411
2022-06-29,191014574.6442219,0.007259154685110183,-0.09323326072645888
2022-06-30,186585950.71632543,-0.023184743552396952,-0.11425641503835915
2022-07-01,186979343.7182263,0.0021083741856801085,-0.11238893612869427
2022-07-04,185400455.5889755,-0.008444184784551247,-0.11988408796883565
2022-07-05,185001746.46542728,-0.0021505293624096045,-0.12177680307998262
2022-07-06,183226161.83522603,-0.009597664152500678,-0.13020569437495644
2022-07-07,184411656.96257597,0.006470119307613124,-0.12457802144447983
2022-07-08,187176040.21917677,0.014990284790737465,-0.11145519667386172
2022-07-11,185597152.08992592,-0.008435311097520975,-0.11895034851400332
2022-07-12,186295689.90387112,0.003763731318499688,-0.11563431434755223
2022-07-13,189841914.11339194,0.01903546030158118,-0.09880000644623443
2022-07-14,189841914.11339194,0.0,-0.09880000644623443
2022-07-15,188205195.24745923,-0.00862148316180112,-0.1065696870160735
2022-07-18,187932408.7698038,-0.001449409923550573,-0.10786463377771327
2022-07-19,187114049.33683744,-0.004354541286004323,-0.1117494740626328
2022-07-20,188477981.72511467,0.007289310413147652,-0.10527474025443373
2022-07-21,188205195.24745923,-0.001447312174921766,-0.1065696870160735
2022-07-22,188721354.69955552,0.0027425356213871656,-0.10411942255748796
2022-07-25,187594141.97835302,-0.005972894392354357,-0.10947042263471352
2022-07-26,187594141.97835302,0.0,-0.10947042263471352
2022-07-27,188016846.74880397,0.0022532940847360076,-0.10746379760575386
2022-07-28,190271272.1912089,0.011990550216050078,-0.09676179745130309
2022-07-29,190975780.14196047,0.0037026501301972332,-0.09341742240303696
2022-08-01,191680288.09271201,0.0036889910868689846,-0.09007304735477106
2022-08-02,190834878.55181015,-0.004410518939187745,-0.09408629741269026
2022-08-03,194466038.31150118,0.01902775733265761,-0.07684879131552957
2022-08-04,194052293.2896732,-0.0021275952624962595,-0.0788128834536943
2022-08-05,192617977.21400297,-0.007391389461855804,-0.08562173619933211
2022-08-08,193848179.07890475,0.006386744802822837,-0.07978183557518892
2022-08-09,195900354.38717142,0.010586508049845254,-0.07003993856989188
2022-08-10,194670152.5222696,-0.0062797327179433165,-0.07587983919403507
2022-08-11,193026205.6355399,-0.008444781418361786,-0.08368383195634288
2022-08-12,195282495.154575,0.011689032127043345,-0.07297298282955123
2022-08-15,195172763.06570423,-0.0005619146190440973,-0.07349389286274821
2022-08-16,196655969.51005432,0.0075994540480567845,-0.06645295227631465
2022-08-17,194282839.19909418,-0.012067420668045442,-0.07771845721460824
2022-08-18,192799632.75474405,-0.0076342637901754455,-0.08475939780104191
2022-08-19,199474061.75431952,0.0346184736153821,-0.053075165162090876
2022-08-22,196507648.8656193,-0.014871171031518741,-0.06715704633495811
2022-08-23,197694214.0210994,0.006038264476369126,-0.06152429386581115
2022-08-24,201253909.48753965,0.01800606802817377,-0.0446260364583706
2022-08-25,199474061.75431952,-0.0088437920920504,-0.053075165162090876
2022-08-26,200957268.1986696,0.007435585515759296,-0.04603422457565731
2022-08-29,197990855.30996943,-0.014761411295497625,-0.06011610574852444
2022-08-30,197545893.3766644,-0.002247386287656589,-0.0622283879244544
2022-08-31,198732458.5321445,0.006006529091534396,-0.05659563545530755
2022-09-05,197545893.3766644,-0.005970666111837804,-0.0622283879244544
2022-09-06,195469404.35457426,-0.01051142591018512,-0.07208570474546139
2022-09-07,188646654.71056378,-0.034904437687006344,-0.10447403144305589
2022-09-08,184206778.97579703,-0.023535406665857662,-0.1255505992928796
2022-09-09,185827355.87409633,0.008797596414799885,-0.11785754638029478
2022-09-12,188495680.75317103,0.014359160773307046,-0.10519072106380978
2022-09-13,189447769.68092188,0.005050985380389618,-0.10067105247766617
2022-09-14,188685873.45859644,-0.004021668999369434,-0.1042878558261523
2022-09-15,187351148.31874716,-0.007073794743527292,-0.11062393968332274
2022-09-16,184874141.54572168,-0.013221198777021976,-0.12238255736429426
2022-09-19,181538454.0967223,-0.018043017920785952,-0.1382174246093646
2022-09-20,183437000.37808436,0.010458094351461899,-0.1292048211254836
2022-09-21,183247248.00771156,-0.0010344280051554538,-0.13010559604526573
2022-09-22,183056491.65654314,-0.0010409779859853411,-0.1310111369699144
2022-09-23,181724209.14075094,-0.0072779856302057026,-0.13733562542785616
2022-09-26,180868817.50287986,-0.004707086864846718,-0.14139626157417595
2022-09-27,180106796.07900175,-0.004213116635574677,-0.14501365926790433
2022-09-28,178204252.4712955,-0.01056341931079447,-0.15404523849005924
2022-09-29,172210487.12142414,-0.033634244226785896,-0.18249828754349706
2022-09-30,177543565.10171348,0.03096836940324681,-0.15718159252435726
2022-10-03,173189305.41987884,-0.02452502110870711,-0.17785173175850422
2022-10-04,173532991.5476557,0.001984453525831928,-0.1762202167288358
2022-10-05,176627519.79263887,0.01783250676072939,-0.1615301581743006
2022-10-06,170668489.45118463,-0.03373783625818985,-0.18981831640524638
2022-10-07,165741870.58805227,-0.02886659909497524,-0.21320550625966816
2022-10-10,171127188.65321755,0.032492200347794854,-0.18764082193651554
2022-10-11,168606372.68452334,-0.014730657287910827,-0.1996074065832576
2022-10-12,173144935.8817897,0.026918099980469908,-0.17806235873003817
2022-10-13,174898172.9797445,0.010125835266425336,-0.16973955357526438
2022-10-14,176296228.42423433,0.007993539444530103,-0.163102833947535
2022-10-17,174195366.72927123,-0.011916657059206295,-0.17307585046920393
2022-10-18,174898172.9797445,0.004034586359380841,-0.16973955357526438
2022-10-19,174542991.32627952,-0.002030791102123792,-0.171425639102309
2022-10-20,172449686.68777317,-0.011993060406494713,-0.18136278146382778
2022-10-21,166502283.2563489,-0.034487760144164624,-0.2095957455017894
2022-10-24,160662173.76299766,-0.0350752516970578,-0.2373193736707394
2022-10-25,156313253.18250063,-0.027068727371461924,-0.257964167616342
2022-10-26,158850123.5211239,0.01622940017543733,-0.2459213711480739
2022-10-27,163561454.14999565,0.02965896736142768,-0.22355617770700442
2022-10-28,163561454.14999565,0.0,-0.22355617770700442
2022-10-31,162474224.00487143,-0.0066472271891589545,-0.22871737619340493
2022-11-01,162836634.05324617,0.0022305694986047525,-0.22699697669793817
2022-11-02,163561454.14999565,0.004451210263364168,-0.22355617770700442
2022-11-03,163742659.17418304,0.00110787119819325,-0.22269597795927099
2022-11-04,157944098.40018702,-0.035412645691968045,-0.25022236988674107
2022-11-07,152507947.67456573,-0.03441819466940492,-0.2760283623187443
2022-11-08,153776382.84387738,0.008317174210607936,-0.2700069640846101
2022-11-09,153776382.84387738,0.0,-0.2700069640846101
2022-11-10,149065052.2150056,-0.030637543566458984,-0.2923721575256796
2022-11-11,153413972.79550263,0.02917464902654925,-0.271727363580077
2022-11-14,153776382.84387738,0.0023623014368960166,-0.2700069640846101
2022-11-15,150281788.5755623,-0.022725168869806165,-0.2865961790995698
2022-11-16,155334401.92496437,0.033620929037995816,-0.26261087986164144
2022-11-17,158525526.1456394,0.020543576832494078,-0.24746226981663388
2022-11-18,158525526.1456394,0.0,-0.24746226981663388
2022-11-21,158525526.1456394,0.0,-0.24746226981663388
2022-11-22,159057380.18241853,0.0033550056556223918,-0.2449375014757994
2022-11-23,158525526.1456394,-0.0033437872305526893,-0.24746226981663388
2022-11-24,158525526.1456394,0.0,-0.24746226981663388
2022-11-25,161184796.32953522,0.016775028278112898,-0.23483842811246092
2022-11-28,166503336.6973269,0.03299653868667713,-0.2095907447041151
2022-11-29,166503336.6973269,0.0,-0.2095907447041151
2022-11-30,167567044.77088523,0.006388509051274812,-0.2045412080224459
2022-12-01,169694460.9180019,0.012695910165542883,-0.19444213465910765
2022-12-02,175013001.2857936,0.03134186195011802,-0.1691944512507617
2022-12-05,176076709.35935193,0.006077880304568409,-0.16414491456909253
2022-12-06,169162606.88122275,-0.03926755845952519,-0.19696690299994213
2022-12-07,166754345.38413832,-0.014236370209022586,-0.20839917945893283
2022-12-08,166754345.38413832,0.0,-0.20839917945893283
2022-12-09,170617494.06851745,0.023166704744514523,-0.1900603969739425
2022-12-12,171537291.374322,0.005390990594640745,-0.18569402019180203
2022-12-13,173928764.36941382,0.013941417495471854,-0.17434144055823664
2022-12-14,175032521.13637924,0.006346027760084058,-0.16910178841966816
2022-12-15,171353331.91316104,-0.021020032159346586,-0.18656729554823037
2022-12-16,171353331.91316104,0.0,-0.18656729554823037
2022-12-19,171537291.374322,0.0010735680427514846,-0.18569402019180203
2022-12-20,166386426.4618165,-0.030027668451785745,-0.21014573017178917
2022-12-21,167858102.1511038,0.008844926359573178,-0.20315952732036413
2022-12-22,166018507.5394947,-0.010959224416543926,-0.21189228088464518
2022-12-23,171537291.374322,0.03324197956372076,-0.18569402019180203
2022-12-26,168042061.6122647,-0.020375917877997446,-0.20228625196393613
2022-12-27,166938304.84529924,-0.006568336262811537,-0.2075259041025047
2022-12-28,166938304.84529924,0.0,-0.2075259041025047
2022-12-29,166202467.0006556,-0.004407843037136079,-0.21101900552821717
2022-12-30,166938304.84529924,0.004427358136872601,-0.2075259041025047
2023-01-03,170801453.52967834,0.023141175944963968,-0.1891871216175145
2023-01-04,165282669.69485104,-0.03231110579435651,-0.21538538231035775
2023-01-05,165190689.9642706,-0.000556499545598243,-0.21582201998857176
2023-01-06,164270892.65846604,-0.005568094097818076,-0.22018839677071222
2023-01-09,169513737.30155197,0.031915846795733144,-0.1953000491125113
2023-01-10,165650588.61717287,-0.02278959066017673,-0.2136388315975014
2023-01-11,164822771.04194877,-0.00499737176990799,-0.217568570701428
2023-01-12,167858102.1511038,0.018415726722507974,-0.20315952732036413
2023-01-13,169697696.7627129,0.010959224416543926,-0.19442677375608308
2023-01-16,169513737.30155197,-0.0010840421801255043,-0.1953000491125113
2023-01-17,169329777.84039104,-0.0010852186028656675,-0.19617332446893943
2023-01-18,169329777.84039104,0.0,-0.19617332446893943
2023-01-19,169697696.7627129,0.0021727951634629415,-0.19442677375608308
2023-01-27,171537291.374322,0.010840421801253988,-0.18569402019180203
2023-01-30,171263044.45381,-0.001598759770046385,-0.1869958998328276
2023-01-31,171263044.45381,0.0,-0.1869958998328276
2023-02-01,170304154.63885522,-0.0055989301020127665,-0.19154785296231336
2023-02-02,169025634.88558224,-0.007507272831858934,-0.19761712380162744
2023-02-03,169025634.88558224,0.0,-0.19761712380162744
2023-02-06,170623784.5771735,0.009455072851364179,-0.1900305352524847
2023-02-07,168066745.07062748,-0.014986418879892247,-0.20216907693111308
2023-02-08,166308780.40987712,-0.010459919718273841,-0.21051432433516992
2023-02-09,166688419.80661172,0.002282738144065233,-0.20871213526913668
2023-02-10,164338713.6165926,-0.014096397294696349,-0.21986644338485484
2023-02-13,162909073.1033882,-0.008699353194036752,-0.2266531007323701
2023-02-14,163316732.97249997,0.002502376702205286,-0.22471789546892007
2023-02-15,164440628.58387053,0.006881692958919343,-0.21938264206899238
2023-02-16,166277928.9661867,0.011173031860426659,-0.2106607794580272
2023-02-17,164746373.48570436,-0.009210816432491097,-0.2179312381214049
2023-02-20,166586504.83933377,0.011169480181541508,-0.20919593658499924
2023-02-21,168358896.04827437,0.010639464527153614,-0.20078220480436637
2023-02-22,163314394.9248016,-0.029962783327032186,-0.2247289944329215
2023-02-23,162593751.9071626,-0.004412611747854822,-0.22814996437985802
2023-02-24,160071501.3454262,-0.01551259216391386,-0.24012335919413563
2023-02-27,157549250.7836898,-0.015757024458048382,-0.25209675400841336
2023-02-28,156828607.76605082,-0.004574080892510252,-0.2555177239553498
2023-03-01,158990536.81896773,0.013785297744541439,-0.24525481411454042
2023-03-02,159711179.83660674,0.0045326157899545985,-0.24183384416760378
2023-03-03,159462342.8657741,-0.0015580435326269565,-0.24301510004335514
2023-03-06,159288365.54569066,-0.0010910244823750213,-0.24384098910199603
2023-03-07,161202116.0666086,0.012014377285885372,-0.23475620945694542
2023-03-08,163115866.58752653,0.01187174565454936,-0.22567142981189503
2023-03-09,162506945.96723443,-0.003733055729225188,-0.22856204151713855
2023-03-10,161637059.3668172,-0.005352919502853853,-0.23269148681034324
2023-03-13,160071263.48606616,-0.009687109422088936,-0.24012448833811173
2023-03-14,157983535.64506477,-0.013042489923140535,-0.25003515704180324
2023-03-15,160769042.01824942,0.017631624471569848,-0.23681205856388443
2023-03-16,159725341.1189664,-0.006491927091066126,-0.24176661903646857
2023-03-17,159576240.99049738,-0.0009334782284670006,-0.2424744133896949
2023-03-20,158979840.47662136,-0.0037374016969827983,-0.24530559080260017
2023-03-21,158979840.47662136,0.0,-0.24530559080260017
2023-03-22,158979840.47662136,0.0,-0.24530559080260017
2023-03-23,158979840.47662136,0.0,-0.24530559080260017
2023-03-24,159725341.1189664,0.0046892778361711214,-0.24176661903646857
2023-03-27,159470408.25651285,-0.001596070233236637,-0.24297681276567085
2023-03-28,157360828.2794699,-0.013228661041925858,-0.25299121591047213
2023-03-29,158867671.12021485,0.009575717522716756,-0.24583807080704267
2023-03-30,157360828.2794699,-0.0094848928678807,-0.25299121591047213
2023-03-31,160977251.0972578,0.022981722054520367,-0.2358236676622414
2023-04-03,166401885.32393968,0.03369814175423136,-0.21007234528989494
2023-04-04,169415571.00542963,0.01811088663823195,-0.1957660550830358
2023-04-05,173031993.8232175,0.021346460637151128,-0.17859850683480505
2023-04-06,175162437.13087612,0.012312424197314825,-0.1684850632146474
2023-04-07,180726076.94596404,0.03176274494817019,-0.14207386635694041
2023-04-10,180249193.53324223,-0.0026387083744666127,-0.14433768323045815
2023-04-11,184541144.24773866,0.023811206199404696,-0.12396333136879822
2023-04-12,181202960.35868588,-0.018089103666613274,-0.13981004948342257
2023-04-13,178977504.4326507,-0.012281564945903597,-0.15037452822650554
2023-04-14,179295426.7077986,0.0017763253329277993,-0.1488653169774935
2023-04-17,181520882.63383377,0.012412229173374492,-0.13830083823441075
2023-04-18,187402444.7240696,0.03240157278267642,-0.11038043012769172
2023-04-19,190740628.61312234,0.017812915375612488,-0.09453371201306748
2023-04-20,189468939.5125308,-0.006667111825299145,-0.10057055700911488
2023-04-21,190104784.06282657,0.00335593027507138,-0.09755213451109124
2023-04-24,188515172.68708718,-0.008361764190079796,-0.10509819075615034
2023-04-25,184064260.83501682,-0.023610364028673423,-0.12622714824231607
2023-04-26,187243483.58649564,0.01727235225923879,-0.11113503575219774
2023-04-27,186925561.31134775,-0.0016979083547173134,-0.11264424700120956
2023-04-28,188215827.2619884,0.006902565607341151,-0.10651921569908374
2023-05-04,184541260.38966095,-0.01952315554851084,-0.12396278003059602
2023-05-05,189173675.61938435,0.02510232790185781,-0.10197220648069216
2023-05-08,188215827.2619884,-0.0050633279406333935,-0.10651921569908374
2023-05-09,186459369.8207183,-0.00933214526547334,-0.11485730817008899
2023-05-10,186618609.09424004,0.0008540159374927664,-0.11410138220431099
2023-05-11,193007481.76523355,0.034234917417947354,-0.08377271618340187
2023-05-12,197162179.1743917,0.021526095108643225,-0.06404992053083192
2023-05-15,194925591.19629088,-0.011343899664055369,-0.07466724432289484
2023-05-16,195244069.74333435,0.0016338467673172954,-0.07315539239133895
2023-05-17,196204330.8169958,0.004918259873008153,-0.06859692974922327
2023-05-18,196204330.8169958,0.0,-0.06859692974922327
2023-05-19,195084830.46981263,-0.005705788157282578,-0.07391131835711684
2023-05-22,195244069.74333435,0.0008162565645838978,-0.07315539239133895
2023-05-23,199398767.15249252,0.021279506284722954,-0.05343259673876888
2023-05-24,197480657.7214352,-0.009619464846492443,-0.06253806859927591
2023-05-25,195883773.6085045,-0.008086281114088847,-0.07011864931033884
2023-05-26,195193893.4742396,-0.0035218850523255608,-0.07339358453976907
2023-05-29,197941310.85104904,0.014075324426950038,-0.060351298626073135
2023-05-30,198625139.40518886,0.0034547035745075175,-0.05710509089865523
2023-05-31,197941310.85104904,-0.003442809687573508,-0.060351298626073135
2023-06-01,200682676.6477334,0.013849386896034219,-0.04733774021438941
2023-06-02,200168292.33709723,-0.00256317246325692,-0.04977957788545606
2023-06-05,196567602.16264433,-0.017988314394914703,-0.06687244158292105
2023-06-06,199500226.79763687,0.01491916573599968,-0.05295095688606788
2023-06-07,202840557.4624482,0.01674349306980793,-0.037094047795921514
2023-06-08,201886177.27250212,-0.004705075759431243,-0.04162459325024903
2023-06-09,206672990.41270053,0.023710455093402756,-0.018901076205887435
2023-06-12,204764230.0328083,-0.009235654722374077,-0.02796216711454269
2023-06-13,203794937.6523943,-0.004733699729970925,-0.03256350234159411
2023-06-14,200931797.082556,-0.014049125080436696,-0.04615513870457666
2023-06-15,201408987.17752904,0.0023748859160253595,-0.043889865977412956
2023-06-16,203794937.6523943,0.011846295978650626,-0.03256350234159411
2023-06-19,203794937.6523943,0.0,-0.03256350234159411
2023-06-20,205241420.12778136,0.007097735066679035,-0.025696894387378877
2023-06-21,210490511.17248493,0.02557520329685664,-0.0007788943885772559
2023-06-22,212399271.5523771,0.009068154042953748,0.0
2023-06-23,216231704.50262943,0.018043531516101535,0.0
2023-06-26,209536130.98253882,-0.03096480941817295,-0.030964809418172923
2023-06-27,205718610.22275442,-0.018218914045437462,-0.048619578262387386
2023-06-28,206342568.16746682,0.0030330651370664608,-0.045733979473127406
2023-06-29,202474602.76733553,-0.018745358432255527,-0.06362203806762579
2023-06-30,204749876.53211865,0.011237329194307108,-0.053099650659097275
2023-07-03,205887513.4145102,0.005556227440328071,-0.04783845695483313
2023-07-04,210210533.56759804,0.02099700016476659,-0.02784592087862936
2023-07-05,208162787.17929327,-0.009741407119573624,-0.03731606954630484
2023-07-06,206797622.92042342,-0.00655815709122891,-0.04362950199142179
2023-07-07,208617841.9322499,0.008801933920328055,-0.03521159206459912
2023-07-10,209650107.94369537,0.004948119498718131,-0.03043770373115673
2023-07-11,208508895.9535262,-0.005443412366263398,-0.03571543112452924
2023-07-12,207041623.39473736,-0.007036978216583484,-0.042501080630293564
2023-07-13,208019805.10059658,0.004724565475388741,-0.03797731429311746
2023-07-14,210139198.79662496,0.010188422660060955,-0.028175820562568732
2023-07-17,208997986.80645585,-0.005430743034637652,-0.03345354795594102
2023-07-18,207530714.24766695,-0.0070205104901210095,-0.04023919746170557
2023-07-19,208997986.80645585,0.007070146527987438,-0.03345354795594102
2023-07-20,210615513.54540774,0.007739436937494591,-0.025973022643186905
2023-07-21,214124538.94042632,0.016660811618048485,-0.009744942662547884
2023-07-24,216067251.96188986,0.0090728182350181,-0.0007605385210176507
2023-07-25,214124538.94042632,-0.008991242327672129,-0.009744942662547884
2023-07-26,217232879.774768,0.014516509176028989,0.0
2023-07-27,217633564.33544487,0.0018444931591033162,0.0
2023-07-28,223461703.39983553,0.026779596622364652,0.0
2023-07-31,227359271.39914683,0.017441771632508582,0.0
2023-08-01,224238788.60842097,-0.01372489791827142,-0.013724897918271473
2023-08-02,232422467.21133623,0.036495374657085224,0.0
2023-08-03,236307893.25426334,0.016717084581131265,0.0
2023-08-04,235530808.0456779,-0.0032884437243461454,-0.003288443724346113
2023-08-07,236696435.85855606,0.004948939896865231,0.0
2023-08-08,230467612.2334885,-0.026315662939638655,-0.026315662939638607
2023-08-09,231645382.0027508,0.0051103482951396495,-0.021339796847738013
2023-08-10,230079069.62919578,-0.006761681843225497,-0.02795718577408013
2023-08-11,231256839.39845806,0.0051189783197594756,-0.022981319682179646
2023-08-14,237473521.06714147,0.026882152695912268,0.0
2023-08-15,238651290.83640376,0.004959583552598651,0.0
2023-08-16,247211370.08722758,0.03586856463597252,0.0
2023-08-17,246822827.48293486,-0.0015717019979931538,-0.001571701997993169
2023-08-18,237084978.46284878,-0.0394527893525543,-0.0409624833226957
2023-08-21,232811009.81562895,-0.018027159185412363,-0.05825120530062
2023-08-22,237473521.06714147,0.020027022155030084,-0.03939078132470264
2023-08-23,234766306.54086667,-0.01140006900183782,-0.05034179270140249
2023-08-24,236809592.0161913,0.00870348690760251,-0.04207645492748191
2023-08-25,237154680.22980168,0.0014572391712358774,-0.04068053121455306
2023-08-28,237835775.38824323,0.0028719448327208462,-0.037925418623246276
2023-08-29,238180863.6018536,0.00145095166211668,-0.03652949491031743
2023-08-30,238525951.81546402,0.001448849451596854,-0.03513357119738847
2023-08-31,239552135.1875159,0.004302187515620116,-0.030982534893152947
2023-09-05,239888142.13234705,0.0014026464200292531,-0.02962334601477501
2023-09-06,240233230.34595746,0.001438538022525617,-0.02822742230184605
2023-09-07,240233230.34595746,0.0,-0.02822742230184605
2023-09-08,239888142.13234705,-0.0014364716035056959,-0.02962334601477501
2023-09-11,240578318.55956784,0.00287707604505111,-0.026831498588917202
2023-09-12,241259413.71800935,0.002831074564488956,-0.024076385997610528
2023-09-13,241259413.71800935,0.0,-0.024076385997610528
2023-09-14,239207046.97390553,-0.00850688772087742,-0.032378458606081684
2023-09-15,237499768.44341207,-0.007137241783180872,-0.039284607501624325
2023-09-18,234745741.40648714,-0.011595914619096218,-0.05042498116628691
2023-09-19,236390907.63177425,0.007008289971226059,-0.04377008408486782
2023-09-20,237215861.30093837,0.003489785954243004,-0.04043304635528022
2023-09-21,231616606.7993128,-0.02360404768432497,-0.0630827104854127
2023-09-22,224538125.02884117,-0.030561201410764446,-0.09171602847549543
2023-09-25,217132506.4585286,-0.03298156413019541,-0.12167265453075948
2023-09-26,218943611.64025676,0.008341013564793293,-0.11434651422787168
2023-09-27,225856154.45428735,0.031572251696425344,-0.08638443945925756
2023-09-28,223202960.1152999,-0.011747274921057947,-0.09711693262108612
2023-09-29,222477229.69454134,-0.0032514372586442616,-0.10005260026656093
2023-10-02,222959924.81160402,0.002169638293884829,-0.09810003992561722
2023-10-03,219348150.15945664,-0.016199210038302842,-0.11271010681239912
2023-10-04,220792860.0203156,0.006586378138173061,-0.10686608005768639
2023-10-05,221032519.83368236,0.0010854509214868596,-0.10589662702127378
2023-10-06,222237569.88117456,0.005451912905842794,-0.10102205330297354
2023-10-09,224164974.85909617,0.0086727234236414,-0.0932254662073172
2023-10-10,226934038.79407075,0.012352794796400005,-0.0820242664647749
2023-10-11,234657768.98663718,0.03403513299992538,-0.0507808402831994
2023-10-12,234916741.11662322,0.001103616262544434,-0.049733266581817204
2023-10-13,237492832.30437922,0.010965975330285697,-0.0393126650259622
2023-10-16,232340649.92886725,-0.021694054197428387,-0.060153868137672095
2023-10-17,224230733.22667247,-0.034905285427572354,-0.09295946562832647
2023-10-18,222554229.43781543,-0.007476690481863085,-0.09974112695832715
2023-10-19,215089471.37523502,-0.03354129949108048,-0.12993697943852045
2023-10-20,221693026.66210335,0.030701434359602292,-0.10322479672403495
2023-10-23,221693026.66210335,0.0,-0.10322479672403495
2023-10-24,221942510.7391242,0.0011253582522516982,-0.10221560334861357
2023-10-25,222690962.9701867,0.003372279733927349,-0.09918802322234999
2023-10-26,214956956.58254075,-0.03472977207737599,-0.1304730178604082
2023-10-27,208470370.57999903,-0.0301762087892743,-0.1567120456213601
2023-10-30,208470370.57999903,0.0,-0.1567120456213601
2023-10-31,207971402.42595732,-0.0023934727637961004,-0.15873043237220275
2023-11-01,206599240.00234276,-0.006597841855218933,-0.1642809959370194
2023-11-02,210341501.1576553,0.01811362498366452,-0.1491430953057009
2023-11-03,211713663.5812699,0.006523498292360894,-0.14359253174088416
2023-11-06,212961083.96637407,0.005892016433910208,-0.13854656486377803
2023-11-07,210466243.1961657,-0.011715007849050425,-0.14863849861799028
2023-11-08,212961083.96637407,0.011853876100610752,-0.13854656486377803
2023-11-09,217701281.42977,0.022258514913196,-0.11937189073077448
2023-11-10,216204376.96764493,-0.006875956137207954,-0.1254270509833021
2023-11-13,213498152.14800128,-0.012516975176911586,-0.13637405887654241
2023-11-14,213856133.6405838,0.0016767428147779458,-0.13492598028510783
2023-11-15,214930078.11833128,0.005021808163577807,-0.1305817445108045
2023-11-16,214214115.13316628,-0.0033311437442032727,-0.13347790169367346
2023-11-17,207293139.60990462,-0.03230868105474394,-0.16147408779474004
2023-11-20,208486411.25184628,0.005756445409564588,-0.1566471591566252
2023-11-21,208247756.92345795,-0.0011446996806906756,-0.15761254488424814
2023-11-22,206815830.95312792,-0.006876069118268285,-0.16340485924998616
2023-11-23,204823431.67368704,-0.009633688437963101,-0.1714643561846857
2023-11-24,204182352.76539204,-0.0031299100061771045,-0.1740575981867376
2023-11-27,204502892.21953952,0.0015698685503726737,-0.1727609771857117
2023-11-28,207387747.30686718,0.014106671333678192,-0.1610913881764774
2023-11-29,208028826.21516222,0.0030912091800025425,-0.15849814617442537
2023-11-30,211234220.75663736,0.015408415265295195,-0.14553193616416515
2023-12-01,212516378.5732274,0.006069839498530937,-0.14034545216006122
2023-12-04,216362852.02299762,0.01809965648574621,-0.12478600014774877
2023-12-05,210571089.75751823,-0.026768746165648474,-0.14821438155041566
2023-12-06,216774433.32523853,0.02945961658299681,-0.1231211038199801
2023-12-07,215002049.44874704,-0.008176166576951825,-0.13029061174296153
2023-12-08,212786569.6031326,-0.010304459196062534,-0.1392524966466887
2023-12-11,220319201.07822156,0.035399938488307955,-0.10878208797401678
2023-12-12,221205393.0164673,0.004022309149219873,-0.10519733401252607
2023-12-13,225193256.7385732,0.018027877474981,-0.08906594118581757
2023-12-14,224307064.80032745,-0.003935250775623906,-0.09265069514730828
2023-12-15,220762297.04734445,-0.01580319262854457,-0.10698971099327137
2023-12-18,222977776.89295882,0.010035589750813492,-0.09802782608954452
2023-12-19,215002049.44874704,-0.03576915850246616,-0.13029061174296153
2023-12-20,215888241.38699275,0.004121783678424737,-0.12670585778147092
2023-12-21,223420872.8620817,0.034891346683334434,-0.096235449108799
2023-12-22,224750160.7694503,0.0059497033125869726,-0.09085831816656298
2023-12-25,226965640.6150647,0.009857522851283084,-0.08189643326283591
2023-12-26,226079448.67681897,-0.0039045202429945384,-0.08548118722432674
2023-12-27,227851832.55331045,0.00783965056029977,-0.0783116793013452
2023-12-28,226522544.64594185,-0.005834001387974736,-0.08368881024358121
2023-12-29,222091584.95471305,-0.019560788963210986,-0.10161258005103535
2024-01-02,225636352.70769608,0.015960837749462012,-0.08727356420507215
2024-01-03,226522544.64594185,0.003927522881890418,-0.08368881024358121
2024-01-04,222977776.89295882,-0.015648631170568736,-0.09802782608954452
2024-01-05,221205393.0164673,-0.00794870188943697,-0.10519733401252607
2024-01-08,218989913.1708529,-0.010015487486100646,-0.11415921891625314
2024-01-09,223420872.8620817,0.020233624586041245,-0.096235449108799
2024-01-10,222534680.92383593,-0.0039664688750581595,-0.09982020307028994
2024-01-11,230067312.39892486,0.0338492474243465,-0.06934979439761813
2024-01-12,227408736.5841876,-0.011555643376784561,-0.0801040562820905
2024-01-15,222977776.89295882,-0.019484562281046836,-0.09802782608954452
2024-01-16,224750160.7694503,0.007948701889436836,-0.09085831816656298
2024-01-17,224750160.7694503,0.0,-0.09085831816656298
2024-01-18,223863968.8312046,-0.003943009140513022,-0.09444307212805358
2024-01-19,226160377.23712587,0.010258052771559646,-0.08515382137429173
2024-01-22,228415083.65250385,0.009969502363422164,-0.076033260234315
2024-01-23,228415083.65250385,0.0,-0.076033260234315
2024-01-24,227800163.72103712,-0.0026921161318848295,-0.07852068599976325
2024-01-25,226980270.47908148,-0.0035991775798707277,-0.08183725368702754
2024-01-26,227390217.10005933,0.001806089225784183,-0.08017896984339534
2024-01-29,228415083.65250385,0.004507082870647605,-0.076033260234315
2024-01-30,229030003.58397058,0.0026921161318848295,-0.07354583446886676
2024-01-31,229030003.58397058,0.0,-0.07354583446886676
2024-02-01,229439950.20494837,0.0017899254008765192,-0.07188755062523478
2024-02-02,229439950.20494837,0.0,-0.07188755062523478
2024-02-05,229849896.8259262,0.001786727292311831,-0.07022926678160246
2024-02-06,229644923.5154373,-0.0008917702958298185,-0.07105840870341851
2024-02-07,228620056.96299276,-0.00446283129953732,-0.07520411831249896
2024-02-15,228415083.65250385,-0.0008965674893611324,-0.076033260234315
2024-02-16,229234976.8944595,0.0035894881758464395,-0.07271669254705071
2024-02-19,231537013.28660822,0.01004225630545289,-0.06340467590584009
2024-02-20,230564978.9096527,-0.0041981813756588274,-0.06733667295198131
2024-02-21,232231323.55586216,0.00722722355359271,-0.06059610658716774
2024-02-22,233481082.04051927,0.005381524186837291,-0.055540681813557535
2024-02-23,230009530.69424957,-0.014868662231346134,-0.06958352840691917
2024-02-26,231814737.39430982,0.00784839956245074,-0.06228124817837111
2024-02-27,237508081.6021921,0.02455988895217684,-0.03925097976525804
2024-02-28,235425150.79443026,-0.008769936558414033,-0.04767668772127509
2024-02-29,235048765.983698,-0.001598745119041674,-0.04919920996853033
2024-03-01,237268045.8728216,0.009441784898702716,-0.04022195342753665
2024-03-04,239890831.19633126,0.011054102603076633,-0.029612468424544125
2024-03-05,239487325.7619452,-0.0016820377518131902,-0.031244696886542855
2024-03-06,236259282.28685635,-0.01347897415789581,-0.0443025245825337
2024-03-07,237066293.15562856,0.003415784814720503,-0.041038067658536015
2024-03-08,236662787.72124243,-0.0017020784735569392,-0.04267029612053497
2024-03-11,238882067.61036602,0.009377392662751899,-0.03369303957954117
2024-03-12,246758788.53387076,0.03297326166965468,-0.0018307473203887925
2024-03-13,249280918.87441403,0.010221035512164042,0.0
2024-03-14,246758788.53387076,-0.010117622928908977,-0.010117622928908943
2024-03-15,251614574.8009222,0.019678270816218205,0.0
2024-03-18,244815788.66554457,-0.027020637181915337,-0.027020637181915386
2024-03-19,243842575.32761753,-0.0039752882901543584,-0.030888510649487944
2024-03-20,245007689.88710764,0.004778142446718795,-0.026257957906619334
2024-03-21,245203017.91619864,0.0007972322386330077,-0.02548165935855018
2024-03-22,246561694.02789018,0.005541025242013457,-0.020081828634250898
2024-03-25,241548409.34864455,-0.020332779992493628,-0.040006289223277314
2024-03-26,248975497.7623418,0.030747825803221003,-0.01048856983212687
2024-03-27,247118725.6589175,-0.007457649929860497,-0.01786799967991448
2024-03-28,245818985.18652046,-0.005259579050237495,-0.023033600573365898
2024-03-29,246190339.60720533,0.001510682425131244,-0.021557714603808287
2024-04-01,245447630.76583558,-0.0030168074123246833,-0.024509486542923398
2024-04-02,253988782.44158745,0.03479826490523504,0.0
2024-04-03,249871515.82161573,-0.016210427013321406,-0.016210427013321427
2024-04-04,255849427.56289133,0.023923942357412454,0.0
2024-04-05,256247955.01230973,0.0015576640261211144,0.0
2024-04-08,253856790.31579947,-0.009331448894471715,-0.009331448894471683
2024-04-09,253458262.8663811,-0.0015698908385416645,-0.010886690376883612
2024-04-10,252661207.96754432,-0.003144718541912304,-0.013997173341707692
2024-04-11,260233229.50649345,0.02996907043966084,0.0
2024-04-12,260631756.95591182,0.00153142413893158,0.0
2024-04-15,251063599.42698002,-0.0367114032483399,-0.03671140324833988
2024-04-16,257835377.00311565,0.026972359161548453,-0.010729237240530098
2024-04-17,250237772.89330494,-0.02946687998411832,-0.03987996007856065
2024-04-19,241649176.94308418,-0.03432174068254165,-0.07283295111285581
2024-04-22,246108640.22492957,0.018454287071276602,-0.055722744229664056
2024-04-23,239502027.95552897,-0.026844292274186398,-0.08107119887142966
2024-04-24,245447978.99798954,0.02482630770694189,-0.05825758969384054
2024-04-25,243796325.9306394,-0.006729136960478611,-0.06459470335428197
2024-04-26,243413661.0814439,-0.0015696087614722684,-0.06606292370342459
2024-05-02,245685055.4224126,0.009331416859995837,-0.05734796752349558
2024-05-03,245685055.4224126,0.0,-0.05734796752349558
2024-05-06,244322218.8178314,-0.00554708792619904,-0.06257694123145296
2024-05-07,245685055.4224126,0.005578029747664288,-0.05734796752349558
2024-05-08,244549358.25192827,-0.004622573271832514,-0.06170544561346003
2024-05-09,247880736.61868232,0.013622519357921019,-0.04892350988289751
2024-05-10,246063621.1459074,-0.007330603811986454,-0.05589547482684065
2024-05-13,242872830.22553092,-0.012967341151516454,-0.06813800028745143
2024-05-14,243875284.48978385,0.004127486237641548,-0.06429175270825671
2024-05-15,246214344.4397074,0.00959121361894928,-0.055317175023469
2024-05-16,245880193.01828972,-0.0013571565953157123,-0.05659925754986739
2024-05-17,248219252.96821326,0.009513006807138609,-0.04762467986507968
2024-05-20,248219252.96821326,0.0,-0.04762467986507968
2024-05-21,253899827.1323132,0.022885308436680296,-0.025829276916309873
2024-05-22,250224161.49671912,-0.014476833943170012,-0.039932184706690355
2024-05-23,251825813.39615673,0.006400868284890253,-0.03378691707643555
2024-05-24,247705577.09661943,-0.01636145335528253,-0.0495955673639531
2024-05-27,247576819.71225888,-0.000519800102483478,-0.05008958768543814
2024-05-28,250151967.3994697,0.010401408702978497,-0.04020918125573958
2024-05-29,248735636.17150378,-0.005661883225184355,-0.04564340479207363
2024-05-30,247834334.48097998,-0.003623532616381328,-0.04910154704246816
2024-05-31,247963091.86534053,0.0005195300507098758,-0.04860752672098323
2024-06-03,249250665.70894593,0.005192602793905442,-0.043667323506134004
2024-06-04,248861708.55512315,-0.0015605059778535206,-0.04515968636461931
2024-06-05,246680765.2301699,-0.00876367576842452,-0.05352759728394052
2024-06-06,245122948.56948897,-0.006315112000027125,-0.05950467651202729
2024-06-07,248861708.55512315,0.0152525906181089,-0.04515968636461931
2024-06-10,247615455.2265784,-0.0050078147248140805,-0.04994134974708864
2024-06-11,245122948.56948897,-0.010066038304469708,-0.05950467651202729
2024-06-12,246680765.2301699,0.006355246090878759,-0.05352759728394052
2024-06-13,246680765.2301699,0.0,-0.05352759728394052
2024-06-14,242630441.91239953,-0.016419291200070404,-0.06906800327696583
2024-06-17,240761061.91958243,-0.0077046391132240275,-0.07624049835066993
2024-06-18,243876695.24094427,0.012940769144815057,-0.0642863398944965
2024-06-19,247927018.5587146,0.016608078577449604,-0.048745933901471306
2024-06-20,256339228.52639157,0.03393018645801514,-0.016469706069803136
2024-06-21,255092975.19784683,-0.004861734724369069,-0.021251369452272573
2024-06-24,246369201.89803368,-0.03419840665172024,-0.054723013129558074
2024-06-25,247927018.5587146,0.006323098214709739,-0.048745933901471306
2024-06-26,245355062.85432136,-0.010373841944879203,-0.05861409323260114
2024-06-27,246935749.87193495,0.006442447118167342,-0.05254926431046414
2024-06-28,237799668.94444352,-0.036997805835038276,-0.08760286266776973
2024-07-01,238423242.72203422,0.0026222651207154367,-0.08521031547830282
2024-07-02,243150802.05911708,0.019828433180881146,-0.06707146934420505
2024-07-03,251656058.35113886,0.03497934705538789,-0.03443823849252292
2024-07-04,254179356.89301744,0.010026774473109607,-0.024756768470028945
2024-07-05,256383617.6882217,0.008672068503706271,-0.016299392358425147
2024-07-08,245985887.489791,-0.040555361111547186,-0.05619372572697767
2024-07-09,251656058.35113886,0.023050797422608967,-0.03443823849252292
2024-07-10,245355062.85432136,-0.025038123612449024,-0.05861409323260114
2024-07-11,245985887.489791,0.002571068345323671,-0.05619372572697767
2024-07-12,246304925.23646533,0.0012969758140599422,-0.054969631816087494
2024-07-15,245355062.85432136,-0.003856448998054171,-0.05861409323260114
2024-07-16,248190148.28499526,0.011555031299098233,-0.047736349615373874
2024-07-17,252917707.62207815,0.019048134544221572,-0.02959750348127599
2024-07-18,257957053.84795636,0.019924845410224275,-0.010262383752444704
2024-07-19,257957053.84795636,0.0,-0.010262383752444704
2024-07-22,257957053.84795636,0.0,-0.010262383752444704
2024-07-23,257957053.84795636,0.0,-0.010262383752444704
2024-07-24,257957053.84795636,0.0,-0.010262383752444704
2024-07-25,257957053.84795636,0.0,-0.010262383752444704
2024-07-26,257957053.84795636,0.0,-0.010262383752444704
2024-07-29,257957053.84795636,0.0,-0.010262383752444704
2024-07-30,257761395.66067618,-0.0007584913238910763,-0.011013091147297094
2024-07-31,256308095.89920855,-0.005638159111230129,-0.016589156698332275
2024-08-01,255686039.56191367,-0.0024269866900322027,-0.018975881725858734
2024-08-02,253616188.38649005,-0.008095284275082267,-0.026917550843999827
2024-08-05,247808494.26395833,-0.02289954028360866,-0.049200691587720224
2024-08-06,250918775.95043266,0.012551150418441034,-0.03726706645008804
2024-08-07,252575757.87543935,0.006603658569313336,-0.030909506863491032
2024-08-08,252994132.04919517,0.0016564304400193094,-0.029304275871526397
2024-08-09,252821703.07662487,-0.0006815532485819512,-0.02996585669569074
2024-08-12,255977726.10627574,0.012483196621353127,-0.017856729755397205
2024-08-13,254543170.18370718,-0.005604221681276155,-0.023360878364621418
2024-08-14,237359750.9480343,-0.06750689568009777,-0.08929075366596329
2024-08-15,232197249.4790901,-0.021749691968940558,-0.1090983992469946
2024-08-16,241332893.04307622,0.039344322917179125,-0.07404647897953653
2024-08-19,240781609.1625225,-0.002284329639455,-0.0761616620523613
2024-08-20,239700117.40109146,-0.004491587896570017,-0.08031116314947429
2024-08-21,244088967.1108312,0.018309752024008648,-0.0634718886074922
2024-08-22,244248485.98416835,0.0006535275855574348,-0.06285984165204717
2024-08-23,242515530.9510966,-0.007095049232706739,-0.06950889721347253
2024-08-26,237628452.74067658,-0.020151609223763467,-0.08825979030301534
2024-08-27,234162542.674533,-0.014585416965728059,-0.10155790142586618
2024-08-28,232748625.3881355,-0.00603818727900793,-0.1069828630764017
2024-08-29,234481580.42120728,0.007445608025318652,-0.10033380751497623
2024-08-30,234162542.674533,-0.0013606089915513663,-0.10155790142586618
2024-09-04,233815821.38215488,-0.0014806864002157771,-0.10288821242260626
2024-09-05,233815821.38215488,0.0,-0.10288821242260626
2024-09-06,234294378.00216633,0.002046724713419983,-0.10105207155627116
2024-09-09,233112544.54862493,-0.0050442245504092745,-0.1055865667664666
2024-09-10,230270321.0215307,-0.012192494971034841,-0.11649169805319248
2024-09-11,230270321.0215307,0.0,-0.11649169805319248
2024-09-12,228420209.56359994,-0.008034519818807892,-0.12359026301526543
2024-09-13,228938561.33085167,0.0022692903059762025,-0.12160143489506281
2024-09-16,228576289.1871814,-0.0015823989701181076,-0.12299141187983809
2024-09-17,229016757.7386049,0.001927008934259099,-0.12130140849510851
2024-09-18,228014999.3227278,-0.004374170806402258,-0.125144986221696
2024-09-19,228880213.0743607,0.003794547526271695,-0.1218253072933172
2024-09-20,229173766.18858296,0.0012825622201202954,-0.12069899360978587
2024-09-23,229227875.12703007,0.0002361044169540441,-0.12049138675834503
2024-09-24,229096368.4159509,-0.0005736942376938399,-0.12099595578176381
2024-09-25,229330757.5321142,0.0010231027134299784,-0.12009664435900824
2024-09-26,229289985.77881736,-0.0001777858048157481,-0.12025307868525092
2024-09-27,226085236.57374156,-0.013976838954350299,-0.13254915972505266
2024-09-30,221482659.92231762,-0.02035770544408247,-0.1502084684185918
2024-10-01,219764258.5959738,-0.007758626914389339,-0.15680168386713955
2024-10-02,217495299.76602393,-0.010324512477350693,-0.1655072954029343
2024-10-03,218111088.99505562,0.0028312760307654134,-0.1631446162105601
2024-10-04,218389732.8043325,0.001277531603554533,-0.16207550701016427
2024-10-07,215600808.02658373,-0.01277040244491492,-0.1727761400040958
2024-10-08,222197277.44501033,0.03059575462079555,-0.14746660176719373
2024-10-09,225418596.05265653,0.014497561107351611,-0.13510694673025558
2024-10-10,231016163.18469378,0.024831878248100223,-0.11363002773383357
2024-10-11,231156658.31585035,0.0006081614776202482,-0.11309097166178195
2024-10-14,231069102.25501156,-0.00037877369173226646,-0.11342690946867628
2024-10-15,231754904.5115431,0.0029679530921216555,-0.11079560212324202
2024-10-16,232073942.2582174,0.0013766170228272723,-0.10957150821235195
2024-10-17,233640823.5316211,0.006751646730162888,-0.1035596495973301
2024-10-18,232728741.11907125,-0.003903780164626973,-0.10705915565600321
2024-10-21,233312351.8263908,0.0025076864357761654,-0.10481994001269124
2024-10-22,230563593.79781938,-0.011781450947855496,-0.11536645997893014
2024-10-23,231964760.1879305,0.006077136320748877,-0.1099904213623154
2024-10-24,230822216.1084808,-0.004925507126703342,-0.11437416988472959
2024-10-25,230808935.07346222,-5.7537940855534074e-05,-0.11442512697136287
2024-10-28,226592710.14577794,-0.018267165117946283,-0.13060206940128127
2024-10-29,232276162.04214436,0.025082236285139007,-0.10879562508019336
2024-10-30,232057183.3441676,-0.0009427514905168632,-0.1096358093330041
2024-10-31,232183353.85132584,0.0005437043807048377,-0.1091517144221158
2024-11-01,232130309.23840728,-0.0002284600167870856,-0.10935523763639365
2024-11-04,231884967.96276444,-0.0010569118545862384,-0.11029657064396092
2024-11-05,231267344.83515757,-0.0026634892853686196,-0.11266628619520647
2024-11-06,231386715.0960133,0.0005161570084216556,-0.11220828268001726
2024-11-07,231293906.90519476,-0.0004010955891743296,-0.11256437202193981
2024-11-08,230755890.46054363,-0.002326115944211426,-0.11462865018564083
2024-11-11,229051270.77145308,-0.007387112353615166,-0.1211689878213914
2024-11-12,238945878.0342248,0.043198220334889764,-0.08320505212016571
2024-11-13,237594611.21471965,-0.0056551166758842765,-0.08838963451828741
2024-11-14,238242870.25287908,0.002728424836090174,-0.08590237415626989
2024-11-15,247052781.52073848,0.036978698495817565,-0.05210023365445193
2024-11-18,247434469.73430508,0.0015449662667917018,-0.050635760491148374
2024-11-19,242478448.9015743,-0.020029629816947253,-0.0696511747699583
2024-11-20,235155838.4490015,-0.030199015565070614,-0.09774679342402548
2024-11-21,245271128.21934634,0.043015261016105144,-0.05893613624054206
2024-11-22,248355878.2021191,0.012576898084857631,-0.04710047193469702
2024-11-25,252681074.39938027,0.017415316394247718,-0.030505425161510447
2024-11-26,247376911.03981823,-0.020991533980809482,-0.05085660347344301
2024-11-27,249438292.37592667,0.008332957701847294,-0.04294743169719961
2024-11-28,253546411.0053637,0.01646947864462491,-0.02718527486175315
2024-11-29,256950198.73481077,0.013424712722023347,-0.014125516645018155
2024-12-02,256614926.96845973,-0.0013048122476724227,-0.015411897745567393
2024-12-03,264673132.18665302,0.03140193484996965,0.0
2024-12-04,274137881.0977336,0.03576014245528277,0.0
2024-12-05,263103464.6806795,-0.040251337658512826,-0.040251337658512854
2024-12-06,264832651.05999017,0.006572267611182268,-0.03394361261013035
2024-12-09,270564390.95013857,0.02164287472563208,-0.013035375239954683
2024-12-10,265033617.34376872,-0.02044161682528689,-0.03321052791941259
2024-12-11,262940177.15358126,-0.007898772280922022,-0.040846977802969975
2024-12-12,249833093.03052592,-0.04984816038744659,-0.0886589914895517
2024-12-13,254260249.4066373,0.01772045617499702,-0.07250961308776471
2024-12-16,252313985.45950264,-0.007654613537415446,-0.07960919355924578
2024-12-17,257042072.9267813,0.01873890366666788,-0.062362078901665674
2024-12-18,257018059.91902977,-9.342053414876006e-05,-0.062449673537092854
2024-12-19,262134681.06318945,0.01990763273900519,-0.043785265963534936
2024-12-20,267348698.74398983,0.01989060607948897,-0.024765575361412218
2024-12-23,263613407.9019528,-0.013971606593132872,-0.03839116707854284
2024-12-24,272002751.81655234,0.031824420394124385,-0.007788523324947061
2024-12-25,271487839.55850494,-0.0018930406203929722,-0.009666819954313066
2024-12-26,268853192.2814137,-0.009704476198181631,-0.019277484728336014
2024-12-27,262579573.0515443,-0.02333473959015763,-0.04216238923240467
2024-12-30,264581337.95633352,0.007623460124966627,-0.03486035240052454
2024-12-31,269773725.79912823,0.019624920952103084,-0.015919563108644286
2025-01-02,274210596.16451555,0.016446636351425067,0.0
2025-01-03,271665096.8804553,-0.009283008460158266,-0.009283008460158282
2025-01-06,277771537.1938339,0.022477824289903817,0.0
2025-01-07,278530696.79866123,0.0027330359780440333,0.0
2025-01-08,270257471.74947625,-0.029703099673661332,-0.02970309967366136
2025-01-09,270154126.08661073,-0.00038239706083434047,-0.03007413835648276
2025-01-10,269986481.4052952,-0.0006205519928346192,-0.03067602778282752
2025-01-13,272530024.3011642,0.009421000942823986,-0.021544025726667693
2025-01-14,272530024.3011642,0.0,-0.021544025726667693
2025-01-15,274156375.5515251,0.005967603953110419,-0.015704987986649543
2025-01-16,286048104.1152253,0.04337571409666255,0.0
2025-01-17,290750467.65782374,0.016439065580047436,0.0
2025-01-20,290859006.44173574,0.0003733056210927212,0.0
2025-01-21,295618928.6788211,0.016365050184680596,0.0
2025-01-22,301674024.4865908,0.020482774343412734,0.0
2025-01-23,298969475.8847283,-0.008965135816599634,-0.008965135816599634
2025-01-24,309135157.24404216,0.034002405527289885,0.0
2025-02-03,308214627.5170376,-0.002977758127581358,-0.002977758127581387
2025-02-04,317952630.99712396,0.03159487775948624,0.0
2025-02-05,330352292.14842606,0.03899845430564863,0.0
2025-02-06,337327460.27730864,0.021114332470708784,0.0
2025-02-07,334537393.02575564,-0.00827109435223374,-0.008271094352233721
2025-02-10,334537393.02575564,0.0,-0.008271094352233721
2025-02-11,334015229.6015823,-0.0015608521948790172,-0.009819036591338981
2025-02-12,344645541.6996782,0.03182583054903176,0.0
2025-02-13,354239320.4333703,0.02783665410664753,0.0
2025-02-14,352322123.38342047,-0.005412152009563362,-0.0054121520095633535
2025-02-17,364176012.46054935,0.03364503189096841,0.0
2025-02-18,375679194.7602485,0.03158687531882746,0.0
2025-02-19,368361113.33787894,-0.01947960260892223,-0.01947960260892223
2025-02-20,365571046.0863259,-0.007574271959032417,-0.026906330760140817
2025-02-21,370800473.8120021,0.014304819218208443,-0.01298640173928145
2025-02-24,384049396.5149076,0.03573059809417275,0.0
2025-02-25,395903285.5920365,0.030865532363019234,0.0
2025-02-26,396253992.36946636,0.0008858395224112106,0.0
2025-02-27,388935910.9470968,-0.018468158209863982,-0.018468158209864027
2025-02-28,396253992.36946636,0.018815648584748317,0.0
2025-03-03,394858958.74368984,-0.0035205541209432233,-0.003520554120943209
2025-03-04,395903285.5920365,0.002644809811760007,-0.0008850555052650755
2025-03-05,395903285.5920365,0.0,-0.0008850555052650755
2025-03-06,410897948.69814837,0.037874560913756405,0.0
2025-03-07,417179496.7561141,0.015287367770677952,0.0
2025-03-10,417179496.7561141,0.0,0.0
2025-03-11,424497578.1784836,0.0175418050965426,0.0
2025-03-12,427989058.98489636,0.008224972263433583,0.0
2025-03-13,417530203.53354394,-0.024437202848499706,-0.024437202848499706
2025-03-14,422759631.2592202,0.01252466930875843,-0.012218601424249798
2025-03-17,427287645.43003666,0.010710611505950705,-0.001638858611300309
2025-03-18,422058217.7043605,-0.012238658855706222,-0.013857460035550107
2025-03-19,410897948.69814837,-0.02644248716898473,-0.03993352149535001
2025-03-20,415784463.1303376,0.011892282372475242,-0.02851613983662482
2025-03-21,412994395.87878454,-0.006710369191160578,-0.03503515520157485
2025-03-24,419268150.4528074,0.015190895171043097,-0.020376475400500138
2025-03-25,429734799.38810277,0.024964092607538676,0.0
2025-03-26,431472746.30736625,0.004044231283429073,0.0
2025-03-27,422759631.2592202,-0.020193894336814375,-0.0201938943368144
2025-03-28,423803958.10756683,0.0024702615177235525,-0.017773517019164076
2025-03-31,424154664.88499665,0.000827521241179171,-0.01696070374084868
2025-04-01,427287645.43003666,0.007386410676137379,-0.009699571787897487
2025-04-02,429734799.38810277,0.005727181640375321,-0.004027941356985365
2025-04-03,412292982.3239249,-0.04058739736463788,-0.04445185506520577
2025-04-04,427638352.2074665,0.037219575742099914,-0.008886758509582204
2025-04-08,410555035.40466136,-0.03994804655527539,-0.048479796422191246
2025-04-09,394516045.4502029,-0.03906660148169838,-0.08565245701715007
2025-04-10,409160001.7788849,0.03711878514844947,-0.051712987018156964
2025-04-11,424848284.9559135,0.038342660838844016,-0.01535313970151364
2025-04-14,441939395.24266154,0.04022873786232089,0.0
2025-04-15,460067038.8938133,0.041018392671687914,0.0
2025-04-16,457978385.19712,-0.004539889885863737,-0.004539889885863735
2025-04-17,477158149.18056136,0.04187919037966416,0.0
2025-04-18,490757778.6608967,0.028501304030310336,0.0
2025-04-21,482036870.1288078,-0.017770290989345478,-0.01777029098934546
2025-04-22,483782610.5320141,0.0036215910263042734,-0.014213056689423076
2025-04-23,478428487.06325173,-0.011067209428785436,-0.025122967243203398
2025-04-24,481997902.70909333,0.007460708846481576,-0.01784969354068311
2025-04-25,501421931.50784427,0.0402989902851801,0.0
2025-04-28,502708795.468446,0.002566429347699195,0.0
2025-04-29,504429327.86998314,0.0034225229736309926,0.0
2025-05-05,510010452.15332556,0.01106423432378412,0.0
2025-05-06,510010452.15332556,0.0,0.0
2025-05-07,507432010.44472057,-0.005055664443186409,-0.005055664443186392
2025-05-08,509152542.8462577,0.003390665874683825,-0.001682140637403906
2025-05-09,507860965.09825444,-0.0025367206079008934,-0.00421459412448455
2025-05-12,508289919.7517884,0.0008446300917239167,-0.0033735238057825967
2025-05-13,510439406.8068595,0.0042288602853284354,0.0
2025-05-14,519885836.75940853,0.018506466833434335,0.0
2025-05-15,528040688.9639544,0.015685851831196813,0.0
2025-05-16,521601655.37354416,-0.012194199661098049,-0.012194199661098026
2025-05-19,515162621.783134,-0.012344733809939445,-0.02438839932219594
2025-05-20,516449485.74373573,0.0024979761849714967,-0.021951344777920934
2025-05-21,516449485.74373573,0.0,-0.021951344777920934
2025-05-22,513910732.885154,-0.0049157815597892975,-0.026759218321838363
2025-05-23,512530331.121303,-0.002686073038601962,-0.02937341414557193
2025-05-26,520122540.82248324,0.01481319102533921,-0.014995337115037533
2025-05-27,524953946.99596155,0.009288976720444143,-0.005845651731970158
2025-05-28,527714750.5236634,0.005259134717436639,-0.0006172600845031351
2025-05-29,523573545.2321106,-0.007847431377355607,-0.008459847555703615
2025-05-30,517361737.2947813,-0.011864250961296133,-0.020223728762504556
2025-06-02,528404951.40558887,0.021345247077124603,0.0
2025-06-03,526871081.8314866,-0.0029028296764102937,-0.0029028296764103123
2025-06-04,524196080.9730481,-0.0050771449614197255,-0.007965236550764532
2025-06-05,521521080.11460966,-0.0051030539058455286,-0.013027643425118751
2025-06-06,523928093.63750327,0.0046153714867376815,-0.008472399352384752
2025-06-09,507064381.4862183,-0.032187073676855936,-0.04038677128706569
2025-06-10,523928093.63750327,0.03325753645297868,-0.008472399352384752
2025-06-11,529814070.02546984,0.011234321005964184,0.0
2025-06-12,526335107.16039693,-0.006566384439178184,-0.00656638443917823
2025-06-13,514558281.88745385,-0.022375146770048485,-0.028794607393651472
2025-06-16,530886019.3676492,0.031731560942530136,0.0
2025-06-17,523928093.63750327,-0.013106251580016517,-0.013106251580016548
2025-06-18,520181143.4368855,-0.007151649713233816,-0.020164169972896495
2025-06-19,522856144.29532397,0.005142441036529143,-0.015125421991503574
2025-06-20,526871081.8314866,0.007678856947495035,-0.007562710995751787
2025-06-23,530350044.69655955,0.006603062845999337,-0.0010095852057435684
2025-06-24,528211018.5092107,-0.0040332346697032695,-0.0050387479813929215
2025-06-25,520690605.340121,-0.014237516646878877,-0.019204525370007386
2025-06-26,516507281.16807866,-0.00803418408002525,-0.02708441675804041
2025-06-27,508419521.1021302,-0.01565855963861353,-0.04231887344157115
2025-06-30,508419521.1021302,0.0,-0.04231887344157115
2025-07-01,501447314.14872634,-0.013713491838963573,-0.055452025754959555
2025-07-02,509813962.49281096,0.01668499981556013,-0.0396922429788934
2025-07-03,517065057.724351,0.014223022053151936,-0.026033764572969353
2025-07-04,516507281.16807866,-0.0010787357372922313,-0.02708441675804041
2025-07-07,519856835.99175715,0.00648500988428177,-0.020775049584144556
2025-07-08,517689513.43188775,-0.004169075810525215,-0.02485751263798608
2025-07-09,513078398.9195458,-0.0089071043409277,-0.033543208520191325
2025-07-10,517146448.5535605,0.007928709613543024,-0.02588045326651134
2025-07-11,515517253.91857886,-0.0031503544876667518,-0.028949275152087117
2025-07-14,527992935.25978655,0.0242003177320969,-0.005449539076784693
2025-07-15,546703988.7948782,0.03543807556039621,0.0
2025-07-16,566772704.5257881,0.036708559187848815,0.0
2025-07-17,588199082.4525158,0.03780418103347966,0.0
2025-07-18,599588634.0370691,0.019363429703195257,0.0
2025-07-21,576809530.8679626,-0.037991219105894834,-0.03799121910589487
2025-07-22,590637937.4515488,0.023973956468399053,-0.014928062470521919
2025-07-23,578705320.9886684,-0.02020292925030612,-0.034829401130891946
2025-07-24,584402565.2576648,0.009844810583844477,-0.025327479403929876
2025-07-25,593076792.450582,0.014842897188674618,-0.01086051538809596
2025-07-28,607996265.744262,0.025156056489806275,0.0
2025-07-29,583739282.4287775,-0.039896599176955476,-0.03989659917695543
2025-07-30,572015437.2633183,-0.020084043541972168,-0.05917935768388105
2025-07-31,581394513.3956857,0.016396543731825655,-0.04375315087834053
2025-08-01,582566897.9122316,0.0020165042660937357,-0.04182487502764798
2025-08-04,589601205.011507,0.012074676958963167,-0.03025521992349267
2025-08-05,582566897.9122316,-0.011930618593525745,-0.04182487502764798
2025-08-06,591945974.0445988,0.016099569278617488,-0.02639866822210768
2025-08-07,609531741.7927876,0.029708399954188683,0.0
2025-08-08,617944859.6489698,0.0138025918575415,0.0
2025-08-11,621900965.7294571,0.006402037364198933,0.0
2025-08-12,624977937.125392,0.004947687116590492,0.0
2025-08-13,624977937.125392,0.0,0.0
2025-08-14,623659235.0985627,-0.0021099977271112308,-0.002109997727111179
2025-08-15,613109618.8839295,-0.016915673850265316,-0.018989979543999946
2025-08-18,607395243.4343364,-0.009320316096157808,-0.028133303028148093
2025-08-19,596406059.8774266,-0.01809231085639512,-0.045716617420740735
2025-08-20,582751409.4158263,-0.022894888868846518,-0.06756482941427988
2025-08-21,569071910.8154025,-0.023473986299126583,-0.0894527998334328
2025-08-22,550832579.348171,-0.03205101344941984,-0.11863676039230309
2025-08-25,551972537.564873,0.002069518506060329,-0.11681276285737363
2025-08-26,565652036.1652967,0.02478293333355548,-0.09492479243822083
2025-08-27,582751409.4158263,0.030229491201783303,-0.06756482941427988
2025-08-28,581611451.1991243,-0.001956165524927215,-0.06938882694920934
2025-08-29,586171284.0659323,0.007839998434361643,-0.062092836809491625
2025-09-03,606690531.9665678,0.035005549501342485,-0.029260881180762532
2025-09-04,600990740.8830578,-0.009394890447744806,-0.0383808688554097
2025-09-05,598710824.449654,-0.0037935966035914036,-0.04202886392526828
2025-09-08,579331534.7657204,-0.03236836364491558,-0.07303682201906814
2025-09-09,591871075.1494421,0.021644843463928913,-0.05297284913484479
2025-09-10,591871075.1494421,0.0,-0.05297284913484479
2025-09-11,598710824.449654,0.011556147254678618,-0.04202886392526828
2025-09-12,600990740.8830578,0.0038080427817545988,-0.0383808688554097
2025-09-15,600013838.4744427,-0.00162548662094147,-0.03994396788752652
2025-09-16,588186222.4177036,-0.01971223878237749,-0.05886882163698948
2025-09-17,586707770.4106113,-0.002513578099492487,-0.06123442835567228
2025-09-18,591143126.4318885,0.007559736286044203,-0.054137608199623655
2025-09-19,580424349.3804686,-0.018132287380414752,-0.07128825691007457
2025-09-22,569335959.3272756,-0.019103936740470076,-0.08903030730019612
2025-09-23,566379055.3130908,-0.005193601362679945,-0.09376152073756205
2025-09-24,561943699.2918136,-0.007831073518114741,-0.10085834089361068
2025-09-25,566973878.8514674,0.00895139418057897,-0.09280976947876962
2025-09-26,564318684.7711049,-0.0046830977217876945,-0.09705822998055158
2025-09-29,577055920.142119,0.022570997053164222,-0.07667793395026379
2025-09-30,577586958.9581915,0.0009202553817343702,-0.07582824184990744
2025-10-01,580242153.038554,0.004597046451934581,-0.07157978134812537
2025-10-02,570691150.5639749,-0.01646037335371683,-0.08686192477627463
2025-10-03,561663490.6907425,-0.015818818750406326,-0.10130669048233365
2025-10-06,575993842.509974,0.025514123771170922,-0.0783773181509767
2025-10-07,571885743.5507728,-0.007132192492370403,-0.08495050852325858
2025-10-08,568862592.2778125,-0.005286285428606608,-0.08978772131650592
2025-10-09,571090177.4263096,0.0039158580274676075,-0.08622345925832364
2025-10-10,590979330.5378907,0.0348266419170683,-0.05439969088169583
2025-10-13,612300502.6735058,0.03607769516441337,-0.020284611181950685
2025-10-14,622642862.291528,0.016890986652573454,-0.0037362516261041367
2025-10-15,618824144.8941045,-0.006133078251904126,-0.009846415154416643
2025-10-16,624552220.9902399,0.009256387526888739,-0.0006811698619477724
2025-10-17,609097530.5232657,-0.02474523338091797,-0.025409547535659827
2025-10-20,589169644.6168532,-0.03271706895493857,-0.057295290571760416
2025-10-21,583611343.893547,-0.00943412610288304,-0.06618888567828807
2025-10-22,581292584.8251786,-0.003973121997421944,-0.06989903115803675
2025-10-23,572024269.5924829,-0.01594432042425435,-0.08472885903216243
2025-10-24,563219706.173461,-0.015391940319760284,-0.09881665781033833
2025-10-27,546531361.9219863,-0.029630256307713293,-0.12551895121965972
2025-10-28,560437195.2914188,0.02544379762678178,-0.10326883238603679
2025-10-29,559148021.8265425,-0.002300299615563424,-0.10533158274616294
2025-10-30,548714554.3655185,-0.018659580386140916,-0.12202571999685241
2025-10-31,531413488.06939006,-0.03153017567783254,-0.14970840328597024
2025-11-03,537224533.2375553,0.010935072779722936,-0.1404104027919154
2025-11-04,544620408.9061294,0.01376682413218034,-0.1285765839813
2025-11-05,551884215.3663359,0.013337374695149362,-0.11695408336373159
2025-11-06,553601115.075112,0.0031109781018767743,-0.11420694685412447
2025-11-07,542903509.1973531,-0.01932367111707754,-0.13132372049090735
2025-11-10,541979024.7387815,-0.001702852243372789,-0.13280294784223412
2025-11-11,544620408.9061294,0.004873591129510926,-0.1285765839813
2025-11-12,558091468.1596034,0.024734767616459017,-0.10702212829053659
2025-11-13,558091468.1596034,0.0,-0.10702212829053659
2025-11-14,557827329.7428685,-0.00047328875606332717,-0.10744476467663
2025-11-17,565751482.2449121,0.014205385931335161,-0.09476567309382788
2025-11-18,569713558.4959339,0.007003209669553409,-0.08842612730242694
2025-11-19,570373904.5377709,0.001159084301206235,-0.08736953633719335
2025-11-20,580279095.1653254,0.01736613570282755,-0.0715206718586906
2025-11-21,582524271.707571,0.003869132217499513,-0.06792826257689677
2025-11-24,595467054.1275754,0.02221844315956964,-0.047219079658320284
2025-11-25,600089476.4204342,0.007762683528530718,-0.03982294290168553
2025-11-26,602730860.5877821,0.00440165053902279,-0.03559657904075142
2025-11-27,606692936.8388039,0.006573541376590428,-0.029257033249350473
2025-11-28,623069518.6763606,0.02699319679389628,-0.00305357731155953
2025-12-01,635616093.4712628,0.0201367173627045,0.0
2025-12-02,642351623.0979998,0.010596851929837931,0.0
2025-12-03,634955747.429426,-0.011513749483350353,-0.011513749483350377
2025-12-04,631786086.4286084,-0.004991940011016025,-0.016448213547643586
2025-12-05,656350959.1849436,0.03888162984911027,0.0
2025-12-08,682500662.4416872,0.0398410376198983,0.0
2025-12-09,701782766.8633265,0.028252140228928767,0.0
2025-12-10,672199264.1890306,-0.04215478645410702,-0.042154786454106974
2025-12-11,664803388.5204567,-0.011002504856200147,-0.05269348306763377
2025-12-12,659520620.185761,-0.007946361925820931,-0.06022112350586717
2025-12-15,656615097.6016784,-0.004405506810786647,-0.06436132574689546
2025-12-16,656615097.6016784,0.0,-0.06436132574689546
2025-12-17,656615097.6016784,0.0,-0.06436132574689546
2025-12-18,656086820.7682087,-0.0008045456697526276,-0.06511408979071887
2025-12-19,671406848.9388263,0.02335061105583471,-0.04328393251984197
2025-12-22,698613105.8625093,0.040521268090551996,-0.004516584262939882
2025-12-23,727932470.1200705,0.04196795624290995,0.0
2025-12-24,727668331.7033355,-0.0003628611548147659,-0.0003628611548147642
2025-12-25,696499998.528631,-0.042833158757569274,-0.04318047742293296
2025-12-26,688575846.0265874,-0.011377103400981367,-0.05406631206736978
2025-12-29,700990351.6131222,0.01802924929500868,-0.03701183779108552
2025-12-30,709706919.3653702,0.012434647256113188,-0.025037419682204964
2025-12-31,727140054.869866,0.024563851681317708,-0.0010885834644438486
2026-01-05,736384899.4555835,0.012713980647609847,0.0
2026-01-06,736384899.4555835,0.0,0.0
2026-01-07,751969066.0429358,0.021163071919147066,0.0
2026-01-08,745629744.041301,-0.008430296255395264,-0.008430296255395264
2026-01-09,744044913.5408922,-0.0021254925961228604,-0.010537870319244136
2026-01-12,711555888.2825136,-0.04366540872346552,-0.05374313862814506
2026-01-13,722649701.7853746,0.01559092361618737,-0.03899012018120318
2026-01-14,702311043.6967962,-0.028144560273573597,-0.06603732066726309
2026-01-15,683293077.6918917,-0.027079121388720467,-0.09132820943344888
2026-01-16,701518628.4465919,0.026673109021189866,-0.06709110769918747
2026-01-19,705934943.8530157,0.006295364409927471,-0.06121810626089208
2026-01-20,713269558.4719324,0.010389929954287554,-0.05146422814258933
2026-01-21,709602251.162474,-0.005141544687978838,-0.05634116720174065
2026-01-22,713269558.4719324,0.00516811679141459,-0.05146422814258933
2026-01-23,697866867.772207,-0.02159448768951142,-0.07194737219102532
2026-01-26,710702443.3553115,0.01839258485515921,-0.05487808548399531
2026-01-27,719503980.8980117,0.01238427927888788,-0.04317343174203192
2026-01-28,707401866.776799,-0.016820079447104785,-0.05926733063723155
2026-01-29,725777734.2290227,0.02597656058776245,-0.034830331454642094
2026-01-30,728646833.9481685,0.003953138245820609,-0.03101488232420946
2026-02-02,729603200.5212171,0.0013125241591547513,-0.029743065947398506
2026-02-03,729603200.5212171,0.0,-0.029743065947398506
2026-02-04,729603200.5212171,0.0,-0.029743065947398506
2026-02-05,723865001.0829256,-0.007864822185802187,-0.03737396420826389
2026-02-06,710475869.0602453,-0.018496725221760556,-0.055179393483616224
2026-02-09,710475869.0602453,0.0,-0.055179393483616224
2026-02-10,709350500.4728537,-0.0015839645460163946,-0.056675955826683944
2026-02-11,725476120.9989206,0.022732937405862894,-0.035231429377046486
2026-02-12,717413310.735887,-0.011113818952347717,-0.045953692601865215
2026-02-13,714567612.9959929,-0.003966608504900998,-0.04973802079886014
2026-02-23,739704609.6983914,0.0351779121320735,-0.0163097883920722
2026-02-24,752510249.5279152,0.017311829156702426,0.0
2026-02-25,761995908.6608958,0.012605355394071219,0.0
2026-02-26,752510249.5279152,-0.012448438403888993,-0.012448438403888984
2026-02-27,737549609.3855176,-0.019880978567113402,-0.03208192983390068
2026-03-02,727241385.5187488,-0.013976312556598106,-0.04560985531172135
2026-03-03,702115089.8434999,-0.03455014548893696,-0.07858417366390891
2026-03-04,702329844.507391,0.00030586817887498394,-0.07830234188312091
2026-03-05,722087273.5853643,0.028131267996778755,-0.05237381805063168
2026-03-06,704262636.4824102,-0.024684879175961464,-0.07576585585602946
2026-03-09,680854378.1182895,-0.033237967132600216,-0.10648551996191369
2026-03-10,672693700.8904309,-0.011985936332542366,-0.1171951276318548
2026-03-11,680666359.161585,0.011851840236649758,-0.1067322653244116
2026-03-12,672917068.8229465,-0.01138485872606318,-0.11690199228824372
2026-03-13,671492096.0127424,-0.002117605387387012,-0.11877204538696484
2026-03-16,668674172.2532375,-0.00419651069050177,-0.12247012791926748
2026-03-17,672917068.8229465,0.0063452377043541775,-0.11690199228824372
2026-03-18,671492096.0127424,-0.002117605387387012,-0.11877204538696484
2026-03-19,667265210.3734851,-0.006294766035752566,-0.12431916918541863
2026-03-20,667969691.3133613,0.0010557735199200377,-0.12339464855234306
2026-03-23,649308559.8624985,-0.02793709309500446,-0.1478844538633154
2026-03-24,658968968.310621,0.0148779933690821,-0.13520668441820194
2026-03-25,668090323.1302141,0.01384185789958701,-0.123236338231406
2026-03-26,659771874.5046942,-0.01245108383930082,-0.13415299609133913
2026-03-27,668090323.1302141,0.012608067950402889,-0.123236338231406
2026-03-30,664603497.2909358,-0.0052190934647001926,-0.12781224972862915
2026-03-31,670504715.9611546,0.008879307277607535,-0.12006782669020433
2026-04-01,676942151.1355422,0.009600879786743401,-0.11161970367376917
2026-04-02,670483996.9909811,-0.009540186164693348,-0.12009501708576686
2026-04-03,665399781.5109837,-0.007582903548503017,-0.1267672517030527
2026-04-06,658160121.9278159,-0.0108801652545302,-0.13626816831019106
2026-04-07,659608053.8444495,0.0021999690780299336,-0.13436798498876334
2026-04-08,674103826.782565,0.021976343153526607,-0.11534455878219763
2026-04-09,669036065.0743475,-0.007517776204305882,-0.12199520040719458
2026-04-10,671931928.9076147,0.004328412150614639,-0.11819483376433915
2026-04-13,669036065.0743475,-0.004309757742834349,-0.12199520040719458
2026-04-14,684593559.5972936,0.02325359623358611,-0.10157843130631283
2026-04-15,701797595.9815656,0.025130292482436013,-0.0790008345125115
2026-04-16,705484175.2067667,0.005253051943053345,-0.07416277805669691
2026-04-17,693195577.7894295,-0.01741867195495289,-0.09028963290941217
2026-04-20,703640885.594166,0.015068341662025782,-0.07658180628460431
2026-04-21,701797595.9815656,-0.002619645404834515,-0.0790008345125115
2026-04-22,709785184.3028347,0.011381612543282306,-0.06851837885824652
2026-04-23,698725446.6272314,-0.015581809708336595,-0.08303254822569017
2026-04-24,694541125.4584532,-0.005988505483771951,-0.08852381283908106
2026-04-28,699187604.7136002,0.0066899987413703245,-0.08242603829418549
2026-04-29,704300616.8757044,0.007312790054678717,-0.07571601255259108
2026-05-04,695936011.7257183,-0.011876470003805692,-0.08669324360450814
2026-05-05,698721071.8066432,0.004001891027335763,-0.08303828949088388
2026-05-06,694074592.5514961,-0.0066499772836862685,-0.08913606403577956
2026-05-07,692679706.2842308,-0.0020097065679029703,-0.09096663327035281
2026-05-08,687566694.1221267,-0.007381495539304975,-0.09767665901194711
2026-05-11,678735556.0651838,-0.012844045723038381,-0.10926614126056244
2026-05-12,681525328.5997143,0.004110249580416263,-0.10560500279141605
2026-05-13,681987149.0530657,0.0006776277182540682,-0.10499893595023979
2026-05-14,696864365.0860267,0.02181451080657153,-0.08547492556663328
2026-05-15,692217885.8308794,-0.006667695304772284,-0.09157270011152918
2026-05-18,701510844.3411739,0.013424903777428346,-0.07937715102173737
2026-05-19,699654137.6205572,-0.0026467256145704067,-0.08181378709748699
2026-05-20,714526641.1999127,0.021256936505707154,-0.062295961069402495
2026-05-21,707815676.799135,-0.009392182199823787,-0.07110304825254932
2026-05-22,704249846.943429,-0.0050377944040901675,-0.07578264011803904
2026-05-25,707977759.9743943,0.005293452383618032,-0.07089033953139068
2026-05-26,698576935.8093512,-0.013278417340938957,-0.08322744535859106
2026-05-27,695011105.9536452,-0.005104419675085191,-0.08790703722408078
2026-05-28,695011105.9536452,0.0,-0.08790703722408078
2026-05-29,695821521.8299421,0.0011660473758687386,-0.08684349361828758
