date,equity,portfolio_return,drawdown
2018-01-02,100000000.0,0.0,0.0
2018-01-03,100000000.0,0.0,0.0
2018-01-04,100000000.0,0.0,0.0
2018-01-05,100000000.0,0.0,0.0
2018-01-08,100000000.0,0.0,0.0
2018-01-09,100000000.0,0.0,0.0
2018-01-10,100000000.0,0.0,0.0
2018-01-11,100000000.0,0.0,0.0
2018-01-12,100000000.0,0.0,0.0
2018-01-15,100000000.0,0.0,0.0
2018-01-16,100000000.0,0.0,0.0
2018-01-17,100000000.0,0.0,0.0
2018-01-18,100000000.0,0.0,0.0
2018-01-19,100000000.0,0.0,0.0
2018-01-22,100000000.0,0.0,0.0
2018-01-23,100000000.0,0.0,0.0
2018-01-24,100000000.0,0.0,0.0
2018-01-25,100000000.0,0.0,0.0
2018-01-26,100000000.0,0.0,0.0
2018-01-29,100000000.0,0.0,0.0
2018-01-30,100000000.0,0.0,0.0
2018-01-31,100000000.0,0.0,0.0
2018-02-01,100000000.0,0.0,0.0
2018-02-02,100000000.0,0.0,0.0
2018-02-05,100000000.0,0.0,0.0
2018-02-06,100000000.0,0.0,0.0
2018-02-07,100000000.0,0.0,0.0
2018-02-08,100000000.0,0.0,0.0
2018-02-09,100000000.0,0.0,0.0
2018-02-12,100000000.0,0.0,0.0
2018-02-13,100000000.0,0.0,0.0
2018-02-21,100000000.0,0.0,0.0
2018-02-22,100000000.0,0.0,0.0
2018-02-23,100000000.0,0.0,0.0
2018-02-26,100000000.0,0.0,0.0
2018-02-27,100000000.0,0.0,0.0
2018-02-28,100000000.0,0.0,0.0
2018-03-01,100000000.0,0.0,0.0
2018-03-02,100000000.0,0.0,0.0
2018-03-05,100000000.0,0.0,0.0
2018-03-06,100000000.0,0.0,0.0
2018-03-07,100000000.0,0.0,0.0
2018-03-08,100000000.0,0.0,0.0
2018-03-09,100000000.0,0.0,0.0
2018-03-12,100000000.0,0.0,0.0
2018-03-13,100000000.0,0.0,0.0
2018-03-14,100000000.0,0.0,0.0
2018-03-15,100000000.0,0.0,0.0
2018-03-16,100000000.0,0.0,0.0
2018-03-19,100000000.0,0.0,0.0
2018-03-20,100000000.0,0.0,0.0
2018-03-21,100000000.0,0.0,0.0
2018-03-22,100000000.0,0.0,0.0
2018-03-23,100000000.0,0.0,0.0
2018-03-26,100000000.0,0.0,0.0
2018-03-27,100000000.0,0.0,0.0
2018-03-28,100000000.0,0.0,0.0
2018-03-29,100000000.0,0.0,0.0
2018-03-30,100000000.0,0.0,0.0
2018-04-02,100000000.0,0.0,0.0
2018-04-03,100000000.0,0.0,0.0
2018-04-04,100000000.0,0.0,0.0
2018-04-05,100000000.0,0.0,0.0
2018-04-06,100000000.0,0.0,0.0
2018-04-09,100000000.0,0.0,0.0
2018-04-10,100000000.0,0.0,0.0
2018-04-11,100000000.0,0.0,0.0
2018-04-12,100000000.0,0.0,0.0
2018-04-13,100000000.0,0.0,0.0
2018-04-16,100000000.0,0.0,0.0
2018-04-17,100000000.0,0.0,0.0
2018-04-18,100000000.0,0.0,0.0
2018-04-19,100000000.0,0.0,0.0
2018-04-20,100000000.0,0.0,0.0
2018-04-23,100000000.0,0.0,0.0
2018-04-24,100000000.0,0.0,0.0
2018-04-26,100000000.0,0.0,0.0
2018-04-27,100000000.0,0.0,0.0
2018-05-02,100000000.0,0.0,0.0
2018-05-03,100000000.0,0.0,0.0
2018-05-04,100000000.0,0.0,0.0
2018-05-07,100000000.0,0.0,0.0
2018-05-08,100000000.0,0.0,0.0
2018-05-09,100000000.0,0.0,0.0
2018-05-10,100000000.0,0.0,0.0
2018-05-11,100000000.0,0.0,0.0
2018-05-14,100000000.0,0.0,0.0
2018-05-15,100000000.0,0.0,0.0
2018-05-16,100000000.0,0.0,0.0
2018-05-17,100000000.0,0.0,0.0
2018-05-18,100000000.0,0.0,0.0
2018-05-21,100000000.0,0.0,0.0
2018-05-22,100000000.0,0.0,0.0
2018-05-23,100000000.0,0.0,0.0
2018-05-24,100000000.0,0.0,0.0
2018-05-25,100000000.0,0.0,0.0
2018-05-28,100000000.0,0.0,0.0
2018-05-29,100000000.0,0.0,0.0
2018-05-30,100000000.0,0.0,0.0
2018-05-31,100000000.0,0.0,0.0
2018-06-01,100000000.0,0.0,0.0
2018-06-04,100000000.0,0.0,0.0
2018-06-05,100000000.0,0.0,0.0
2018-06-06,100000000.0,0.0,0.0
2018-06-07,100000000.0,0.0,0.0
2018-06-08,100000000.0,0.0,0.0
2018-06-11,100000000.0,0.0,0.0
2018-06-12,100000000.0,0.0,0.0
2018-06-13,100000000.0,0.0,0.0
2018-06-14,100000000.0,0.0,0.0
2018-06-15,100000000.0,0.0,0.0
2018-06-18,100000000.0,0.0,0.0
2018-06-19,100000000.0,0.0,0.0
2018-06-20,100000000.0,0.0,0.0
2018-06-21,100000000.0,0.0,0.0
2018-06-22,100000000.0,0.0,0.0
2018-06-25,100000000.0,0.0,0.0
2018-06-26,100000000.0,0.0,0.0
2018-06-27,100000000.0,0.0,0.0
2018-06-28,100000000.0,0.0,0.0
2018-06-29,100000000.0,0.0,0.0
2018-07-02,100000000.0,0.0,0.0
2018-07-03,100000000.0,0.0,0.0
2018-07-04,100000000.0,0.0,0.0
2018-07-05,100000000.0,0.0,0.0
2018-07-06,100000000.0,0.0,0.0
2018-07-09,100000000.0,0.0,0.0
2018-07-10,100000000.0,0.0,0.0
2018-07-11,100000000.0,0.0,0.0
2018-07-12,100000000.0,0.0,0.0
2018-07-13,100000000.0,0.0,0.0
2018-07-16,100000000.0,0.0,0.0
2018-07-17,100000000.0,0.0,0.0
2018-07-18,100000000.0,0.0,0.0
2018-07-19,100000000.0,0.0,0.0
2018-07-20,100000000.0,0.0,0.0
2018-07-23,100000000.0,0.0,0.0
2018-07-24,100000000.0,0.0,0.0
2018-07-25,100000000.0,0.0,0.0
2018-07-26,100000000.0,0.0,0.0
2018-07-27,100000000.0,0.0,0.0
2018-07-30,100000000.0,0.0,0.0
2018-07-31,100000000.0,0.0,0.0
2018-08-01,100000000.0,0.0,0.0
2018-08-02,100000000.0,0.0,0.0
2018-08-03,100000000.0,0.0,0.0
2018-08-06,100000000.0,0.0,0.0
2018-08-07,100000000.0,0.0,0.0
2018-08-08,100000000.0,0.0,0.0
2018-08-09,100000000.0,0.0,0.0
2018-08-10,100000000.0,0.0,0.0
2018-08-13,100000000.0,0.0,0.0
2018-08-14,100000000.0,0.0,0.0
2018-08-15,100000000.0,0.0,0.0
2018-08-16,100000000.0,0.0,0.0
2018-08-17,100000000.0,0.0,0.0
2018-08-20,100000000.0,0.0,0.0
2018-08-21,100000000.0,0.0,0.0
2018-08-22,100000000.0,0.0,0.0
2018-08-23,100000000.0,0.0,0.0
2018-08-24,100000000.0,0.0,0.0
2018-08-27,100000000.0,0.0,0.0
2018-08-28,100000000.0,0.0,0.0
2018-08-29,100000000.0,0.0,0.0
2018-08-30,100000000.0,0.0,0.0
2018-08-31,100000000.0,0.0,0.0
2018-09-04,100000000.0,0.0,0.0
2018-09-05,100000000.0,0.0,0.0
2018-09-06,100000000.0,0.0,0.0
2018-09-07,100000000.0,0.0,0.0
2018-09-10,100000000.0,0.0,0.0
2018-09-11,100000000.0,0.0,0.0
2018-09-12,100000000.0,0.0,0.0
2018-09-13,100000000.0,0.0,0.0
2018-09-14,100000000.0,0.0,0.0
2018-09-17,100000000.0,0.0,0.0
2018-09-18,100000000.0,0.0,0.0
2018-09-19,100000000.0,0.0,0.0
2018-09-20,100000000.0,0.0,0.0
2018-09-21,100000000.0,0.0,0.0
2018-09-24,100000000.0,0.0,0.0
2018-09-25,100000000.0,0.0,0.0
2018-09-26,100000000.0,0.0,0.0
2018-09-27,100000000.0,0.0,0.0
2018-09-28,100000000.0,0.0,0.0
2018-10-01,100000000.0,0.0,0.0
2018-10-02,100000000.0,0.0,0.0
2018-10-03,100000000.0,0.0,0.0
2018-10-04,100000000.0,0.0,0.0
2018-10-05,100000000.0,0.0,0.0
2018-10-08,100000000.0,0.0,0.0
2018-10-09,100000000.0,0.0,0.0
2018-10-10,100000000.0,0.0,0.0
2018-10-11,100000000.0,0.0,0.0
2018-10-12,100000000.0,0.0,0.0
2018-10-15,100000000.0,0.0,0.0
2018-10-16,100000000.0,0.0,0.0
2018-10-17,100000000.0,0.0,0.0
2018-10-18,100000000.0,0.0,0.0
2018-10-19,100000000.0,0.0,0.0
2018-10-22,100000000.0,0.0,0.0
2018-10-23,100000000.0,0.0,0.0
2018-10-24,100000000.0,0.0,0.0
2018-10-25,100000000.0,0.0,0.0
2018-10-26,100000000.0,0.0,0.0
2018-10-29,100000000.0,0.0,0.0
2018-10-30,100000000.0,0.0,0.0
2018-10-31,100000000.0,0.0,0.0
2018-11-01,100000000.0,0.0,0.0
2018-11-02,100000000.0,0.0,0.0
2018-11-05,100000000.0,0.0,0.0
2018-11-06,100000000.0,0.0,0.0
2018-11-07,100000000.0,0.0,0.0
2018-11-08,100000000.0,0.0,0.0
2018-11-09,100000000.0,0.0,0.0
2018-11-12,100000000.0,0.0,0.0
2018-11-13,100000000.0,0.0,0.0
2018-11-14,100000000.0,0.0,0.0
2018-11-15,100000000.0,0.0,0.0
2018-11-16,100000000.0,0.0,0.0
2018-11-19,100000000.0,0.0,0.0
2018-11-20,100000000.0,0.0,0.0
2018-11-21,100000000.0,0.0,0.0
2018-11-22,100000000.0,0.0,0.0
2018-11-23,100000000.0,0.0,0.0
2018-11-26,100000000.0,0.0,0.0
2018-11-27,100000000.0,0.0,0.0
2018-11-28,100000000.0,0.0,0.0
2018-11-29,100000000.0,0.0,0.0
2018-11-30,100000000.0,0.0,0.0
2018-12-03,100000000.0,0.0,0.0
2018-12-04,100000000.0,0.0,0.0
2018-12-05,100000000.0,0.0,0.0
2018-12-06,100000000.0,0.0,0.0
2018-12-07,100000000.0,0.0,0.0
2018-12-10,100000000.0,0.0,0.0
2018-12-11,100000000.0,0.0,0.0
2018-12-12,100000000.0,0.0,0.0
2018-12-13,100000000.0,0.0,0.0
2018-12-14,100000000.0,0.0,0.0
2018-12-17,100000000.0,0.0,0.0
2018-12-18,100000000.0,0.0,0.0
2018-12-19,100000000.0,0.0,0.0
2018-12-20,100000000.0,0.0,0.0
2018-12-21,100000000.0,0.0,0.0
2018-12-24,100000000.0,0.0,0.0
2018-12-25,100000000.0,0.0,0.0
2018-12-26,100000000.0,0.0,0.0
2018-12-27,100000000.0,0.0,0.0
2018-12-28,100000000.0,0.0,0.0
2019-01-02,100000000.0,0.0,0.0
2019-01-03,100000000.0,0.0,0.0
2019-01-04,100000000.0,0.0,0.0
2019-01-07,100000000.0,0.0,0.0
2019-01-08,100000000.0,0.0,0.0
2019-01-09,100000000.0,0.0,0.0
2019-01-10,100000000.0,0.0,0.0
2019-01-11,100000000.0,0.0,0.0
2019-01-14,100000000.0,0.0,0.0
2019-01-15,100000000.0,0.0,0.0
2019-01-16,100000000.0,0.0,0.0
2019-01-17,100000000.0,0.0,0.0
2019-01-18,100000000.0,0.0,0.0
2019-01-21,100000000.0,0.0,0.0
2019-01-22,100000000.0,0.0,0.0
2019-01-23,100000000.0,0.0,0.0
2019-01-24,100000000.0,0.0,0.0
2019-01-25,100000000.0,0.0,0.0
2019-01-28,100000000.0,0.0,0.0
2019-01-29,100000000.0,0.0,0.0
2019-01-30,100000000.0,0.0,0.0
2019-01-31,100000000.0,0.0,0.0
2019-02-01,100000000.0,0.0,0.0
2019-02-11,100000000.0,0.0,0.0
2019-02-12,100000000.0,0.0,0.0
2019-02-13,100000000.0,0.0,0.0
2019-02-14,100000000.0,0.0,0.0
2019-02-15,100000000.0,0.0,0.0
2019-02-18,100000000.0,0.0,0.0
2019-02-19,100000000.0,0.0,0.0
2019-02-20,100000000.0,0.0,0.0
2019-02-21,100000000.0,0.0,0.0
2019-02-22,100000000.0,0.0,0.0
2019-02-25,100000000.0,0.0,0.0
2019-02-26,100000000.0,0.0,0.0
2019-02-27,100000000.0,0.0,0.0
2019-02-28,100000000.0,0.0,0.0
2019-03-01,100000000.0,0.0,0.0
2019-03-04,100000000.0,0.0,0.0
2019-03-05,100000000.0,0.0,0.0
2019-03-06,100000000.0,0.0,0.0
2019-03-07,100000000.0,0.0,0.0
2019-03-08,100000000.0,0.0,0.0
2019-03-11,100000000.0,0.0,0.0
2019-03-12,100000000.0,0.0,0.0
2019-03-13,100000000.0,0.0,0.0
2019-03-14,100000000.0,0.0,0.0
2019-03-15,100000000.0,0.0,0.0
2019-03-18,100000000.0,0.0,0.0
2019-03-19,100000000.0,0.0,0.0
2019-03-20,100000000.0,0.0,0.0
2019-03-21,100000000.0,0.0,0.0
2019-03-22,100000000.0,0.0,0.0
2019-03-25,100000000.0,0.0,0.0
2019-03-26,100000000.0,0.0,0.0
2019-03-27,100000000.0,0.0,0.0
2019-03-28,100000000.0,0.0,0.0
2019-03-29,100000000.0,0.0,0.0
2019-04-01,100000000.0,0.0,0.0
2019-04-02,100000000.0,0.0,0.0
2019-04-03,100000000.0,0.0,0.0
2019-04-04,100000000.0,0.0,0.0
2019-04-05,100000000.0,0.0,0.0
2019-04-08,100000000.0,0.0,0.0
2019-04-09,100000000.0,0.0,0.0
2019-04-10,100000000.0,0.0,0.0
2019-04-11,100000000.0,0.0,0.0
2019-04-12,100000000.0,0.0,0.0
2019-04-16,100000000.0,0.0,0.0
2019-04-17,100000000.0,0.0,0.0
2019-04-18,100000000.0,0.0,0.0
2019-04-19,100000000.0,0.0,0.0
2019-04-22,100000000.0,0.0,0.0
2019-04-23,100000000.0,0.0,0.0
2019-04-24,100000000.0,0.0,0.0
2019-04-25,100000000.0,0.0,0.0
2019-04-26,100000000.0,0.0,0.0
2019-05-02,100000000.0,0.0,0.0
2019-05-03,100000000.0,0.0,0.0
2019-05-06,100000000.0,0.0,0.0
2019-05-07,100000000.0,0.0,0.0
2019-05-08,100000000.0,0.0,0.0
2019-05-09,100000000.0,0.0,0.0
2019-05-10,100000000.0,0.0,0.0
2019-05-13,100000000.0,0.0,0.0
2019-05-14,100000000.0,0.0,0.0
2019-05-15,100000000.0,0.0,0.0
2019-05-16,100000000.0,0.0,0.0
2019-05-17,100000000.0,0.0,0.0
2019-05-20,100000000.0,0.0,0.0
2019-05-21,100000000.0,0.0,0.0
2019-05-22,100000000.0,0.0,0.0
2019-05-23,100000000.0,0.0,0.0
2019-05-24,100000000.0,0.0,0.0
2019-05-27,100000000.0,0.0,0.0
2019-05-28,100000000.0,0.0,0.0
2019-05-29,100000000.0,0.0,0.0
2019-05-30,100000000.0,0.0,0.0
2019-05-31,100000000.0,0.0,0.0
2019-06-03,100000000.0,0.0,0.0
2019-06-04,100000000.0,0.0,0.0
2019-06-05,100000000.0,0.0,0.0
2019-06-06,100000000.0,0.0,0.0
2019-06-07,100000000.0,0.0,0.0
2019-06-10,100000000.0,0.0,0.0
2019-06-11,100000000.0,0.0,0.0
2019-06-12,100000000.0,0.0,0.0
2019-06-13,100000000.0,0.0,0.0
2019-06-14,100000000.0,0.0,0.0
2019-06-17,100000000.0,0.0,0.0
2019-06-18,100000000.0,0.0,0.0
2019-06-19,100000000.0,0.0,0.0
2019-06-20,100000000.0,0.0,0.0
2019-06-21,100000000.0,0.0,0.0
2019-06-24,100000000.0,0.0,0.0
2019-06-25,100000000.0,0.0,0.0
2019-06-26,100000000.0,0.0,0.0
2019-06-27,100000000.0,0.0,0.0
2019-06-28,100000000.0,0.0,0.0
2019-07-01,100000000.0,0.0,0.0
2019-07-02,100000000.0,0.0,0.0
2019-07-03,100000000.0,0.0,0.0
2019-07-04,100000000.0,0.0,0.0
2019-07-05,100000000.0,0.0,0.0
2019-07-08,100000000.0,0.0,0.0
2019-07-09,100000000.0,0.0,0.0
2019-07-10,100000000.0,0.0,0.0
2019-07-11,100000000.0,0.0,0.0
2019-07-12,100000000.0,0.0,0.0
2019-07-15,100000000.0,0.0,0.0
2019-07-16,100000000.0,0.0,0.0
2019-07-17,100000000.0,0.0,0.0
2019-07-18,100000000.0,0.0,0.0
2019-07-19,100000000.0,0.0,0.0
2019-07-22,100000000.0,0.0,0.0
2019-07-23,100000000.0,0.0,0.0
2019-07-24,100000000.0,0.0,0.0
2019-07-25,100000000.0,0.0,0.0
2019-07-26,100000000.0,0.0,0.0
2019-07-29,100000000.0,0.0,0.0
2019-07-30,100000000.0,0.0,0.0
2019-07-31,100000000.0,0.0,0.0
2019-08-01,100000000.0,0.0,0.0
2019-08-02,100000000.0,0.0,0.0
2019-08-05,100000000.0,0.0,0.0
2019-08-06,100000000.0,0.0,0.0
2019-08-07,100000000.0,0.0,0.0
2019-08-08,100000000.0,0.0,0.0
2019-08-09,100000000.0,0.0,0.0
2019-08-12,100000000.0,0.0,0.0
2019-08-13,100000000.0,0.0,0.0
2019-08-14,100000000.0,0.0,0.0
2019-08-15,100000000.0,0.0,0.0
2019-08-16,100000000.0,0.0,0.0
2019-08-19,100000000.0,0.0,0.0
2019-08-20,100000000.0,0.0,0.0
2019-08-21,100000000.0,0.0,0.0
2019-08-22,100000000.0,0.0,0.0
2019-08-23,100000000.0,0.0,0.0
2019-08-26,100000000.0,0.0,0.0
2019-08-27,100000000.0,0.0,0.0
2019-08-28,100000000.0,0.0,0.0
2019-08-29,100000000.0,0.0,0.0
2019-08-30,100000000.0,0.0,0.0
2019-09-03,100000000.0,0.0,0.0
2019-09-04,100000000.0,0.0,0.0
2019-09-05,100000000.0,0.0,0.0
2019-09-06,100000000.0,0.0,0.0
2019-09-09,100000000.0,0.0,0.0
2019-09-10,100000000.0,0.0,0.0
2019-09-11,100000000.0,0.0,0.0
2019-09-12,100000000.0,0.0,0.0
2019-09-13,100000000.0,0.0,0.0
2019-09-16,100000000.0,0.0,0.0
2019-09-17,100000000.0,0.0,0.0
2019-09-18,100000000.0,0.0,0.0
2019-09-19,100000000.0,0.0,0.0
2019-09-20,100000000.0,0.0,0.0
2019-09-23,100000000.0,0.0,0.0
2019-09-24,100000000.0,0.0,0.0
2019-09-25,100000000.0,0.0,0.0
2019-09-26,100000000.0,0.0,0.0
2019-09-27,100000000.0,0.0,0.0
2019-09-30,100000000.0,0.0,0.0
2019-10-01,100000000.0,0.0,0.0
2019-10-02,100000000.0,0.0,0.0
2019-10-03,100000000.0,0.0,0.0
2019-10-04,100000000.0,0.0,0.0
2019-10-07,100000000.0,0.0,0.0
2019-10-08,100000000.0,0.0,0.0
2019-10-09,100000000.0,0.0,0.0
2019-10-10,100000000.0,0.0,0.0
2019-10-11,100000000.0,0.0,0.0
2019-10-14,100000000.0,0.0,0.0
2019-10-15,100000000.0,0.0,0.0
2019-10-16,100000000.0,0.0,0.0
2019-10-17,100000000.0,0.0,0.0
2019-10-18,100000000.0,0.0,0.0
2019-10-21,100000000.0,0.0,0.0
2019-10-22,100000000.0,0.0,0.0
2019-10-23,100000000.0,0.0,0.0
2019-10-24,100000000.0,0.0,0.0
2019-10-25,100000000.0,0.0,0.0
2019-10-28,100000000.0,0.0,0.0
2019-10-29,100000000.0,0.0,0.0
2019-10-30,100000000.0,0.0,0.0
2019-10-31,100000000.0,0.0,0.0
2019-11-01,100000000.0,0.0,0.0
2019-11-04,100000000.0,0.0,0.0
2019-11-05,100000000.0,0.0,0.0
2019-11-06,100000000.0,0.0,0.0
2019-11-07,100000000.0,0.0,0.0
2019-11-08,100000000.0,0.0,0.0
2019-11-11,100000000.0,0.0,0.0
2019-11-12,100000000.0,0.0,0.0
2019-11-13,100000000.0,0.0,0.0
2019-11-14,100000000.0,0.0,0.0
2019-11-15,100000000.0,0.0,0.0
2019-11-18,100000000.0,0.0,0.0
2019-11-19,100000000.0,0.0,0.0
2019-11-20,100000000.0,0.0,0.0
2019-11-21,100000000.0,0.0,0.0
2019-11-22,100000000.0,0.0,0.0
2019-11-25,100000000.0,0.0,0.0
2019-11-26,100000000.0,0.0,0.0
2019-11-27,100000000.0,0.0,0.0
2019-11-28,100000000.0,0.0,0.0
2019-11-29,100000000.0,0.0,0.0
2019-12-02,100000000.0,0.0,0.0
2019-12-03,100000000.0,0.0,0.0
2019-12-04,100000000.0,0.0,0.0
2019-12-05,100000000.0,0.0,0.0
2019-12-06,100000000.0,0.0,0.0
2019-12-09,100000000.0,0.0,0.0
2019-12-10,100000000.0,0.0,0.0
2019-12-11,100000000.0,0.0,0.0
2019-12-12,100000000.0,0.0,0.0
2019-12-13,100000000.0,0.0,0.0
2019-12-16,100000000.0,0.0,0.0
2019-12-17,100000000.0,0.0,0.0
2019-12-18,100000000.0,0.0,0.0
2019-12-19,100000000.0,0.0,0.0
2019-12-20,100000000.0,0.0,0.0
2019-12-23,100000000.0,0.0,0.0
2019-12-24,100000000.0,0.0,0.0
2019-12-25,100000000.0,0.0,0.0
2019-12-26,100000000.0,0.0,0.0
2019-12-27,100000000.0,0.0,0.0
2019-12-30,100000000.0,0.0,0.0
2019-12-31,100000000.0,0.0,0.0
2020-01-02,100000000.0,0.0,0.0
2020-01-03,100000000.0,0.0,0.0
2020-01-06,100000000.0,0.0,0.0
2020-01-07,100000000.0,0.0,0.0
2020-01-08,100000000.0,0.0,0.0
2020-01-09,100000000.0,0.0,0.0
2020-01-10,100000000.0,0.0,0.0
2020-01-13,100000000.0,0.0,0.0
2020-01-14,100000000.0,0.0,0.0
2020-01-15,100000000.0,0.0,0.0
2020-01-16,100000000.0,0.0,0.0
2020-01-17,100000000.0,0.0,0.0
2020-01-20,100000000.0,0.0,0.0
2020-01-21,100000000.0,0.0,0.0
2020-01-22,100000000.0,0.0,0.0
2020-01-30,100000000.0,0.0,0.0
2020-01-31,100000000.0,0.0,0.0
2020-02-03,100000000.0,0.0,0.0
2020-02-04,100000000.0,0.0,0.0
2020-02-05,100000000.0,0.0,0.0
2020-02-06,100000000.0,0.0,0.0
2020-02-07,100000000.0,0.0,0.0
2020-02-10,100000000.0,0.0,0.0
2020-02-11,100000000.0,0.0,0.0
2020-02-12,100000000.0,0.0,0.0
2020-02-13,100000000.0,0.0,0.0
2020-02-14,100000000.0,0.0,0.0
2020-02-17,100000000.0,0.0,0.0
2020-02-18,100000000.0,0.0,0.0
2020-02-19,100000000.0,0.0,0.0
2020-02-20,100000000.0,0.0,0.0
2020-02-21,100000000.0,0.0,0.0
2020-02-24,100000000.0,0.0,0.0
2020-02-25,100000000.0,0.0,0.0
2020-02-26,100000000.0,0.0,0.0
2020-02-27,100000000.0,0.0,0.0
2020-02-28,100000000.0,0.0,0.0
2020-03-02,100000000.0,0.0,0.0
2020-03-03,100000000.0,0.0,0.0
2020-03-04,100000000.0,0.0,0.0
2020-03-05,100000000.0,0.0,0.0
2020-03-06,100000000.0,0.0,0.0
2020-03-09,100000000.0,0.0,0.0
2020-03-10,100000000.0,0.0,0.0
2020-03-11,100000000.0,0.0,0.0
2020-03-12,100000000.0,0.0,0.0
2020-03-13,100000000.0,0.0,0.0
2020-03-16,100000000.0,0.0,0.0
2020-03-17,100000000.0,0.0,0.0
2020-03-18,100000000.0,0.0,0.0
2020-03-19,100000000.0,0.0,0.0
2020-03-20,100000000.0,0.0,0.0
2020-03-23,100000000.0,0.0,0.0
2020-03-24,100000000.0,0.0,0.0
2020-03-25,100000000.0,0.0,0.0
2020-03-26,100000000.0,0.0,0.0
2020-03-27,100000000.0,0.0,0.0
2020-03-30,100000000.0,0.0,0.0
2020-03-31,100000000.0,0.0,0.0
2020-04-01,100000000.0,0.0,0.0
2020-04-03,100000000.0,0.0,0.0
2020-04-06,100000000.0,0.0,0.0
2020-04-07,100000000.0,0.0,0.0
2020-04-08,100000000.0,0.0,0.0
2020-04-09,100000000.0,0.0,0.0
2020-04-10,100000000.0,0.0,0.0
2020-04-13,100000000.0,0.0,0.0
2020-04-14,100000000.0,0.0,0.0
2020-04-15,100000000.0,0.0,0.0
2020-04-16,100000000.0,0.0,0.0
2020-04-17,100000000.0,0.0,0.0
2020-04-20,100000000.0,0.0,0.0
2020-04-21,100000000.0,0.0,0.0
2020-04-22,100000000.0,0.0,0.0
2020-04-23,100000000.0,0.0,0.0
2020-04-24,100000000.0,0.0,0.0
2020-04-27,100000000.0,0.0,0.0
2020-04-28,100000000.0,0.0,0.0
2020-04-29,100000000.0,0.0,0.0
2020-05-04,100000000.0,0.0,0.0
2020-05-05,100000000.0,0.0,0.0
2020-05-06,100000000.0,0.0,0.0
2020-05-07,100000000.0,0.0,0.0
2020-05-08,100000000.0,0.0,0.0
2020-05-11,100000000.0,0.0,0.0
2020-05-12,100000000.0,0.0,0.0
2020-05-13,100000000.0,0.0,0.0
2020-05-14,100000000.0,0.0,0.0
2020-05-15,100000000.0,0.0,0.0
2020-05-18,100000000.0,0.0,0.0
2020-05-19,100000000.0,0.0,0.0
2020-05-20,100000000.0,0.0,0.0
2020-05-21,100000000.0,0.0,0.0
2020-05-22,100000000.0,0.0,0.0
2020-05-25,100000000.0,0.0,0.0
2020-05-26,100000000.0,0.0,0.0
2020-05-27,100000000.0,0.0,0.0
2020-05-28,100000000.0,0.0,0.0
2020-05-29,100000000.0,0.0,0.0
2020-06-01,100000000.0,0.0,0.0
2020-06-02,100000000.0,0.0,0.0
2020-06-03,100000000.0,0.0,0.0
2020-06-04,100000000.0,0.0,0.0
2020-06-05,100000000.0,0.0,0.0
2020-06-08,100000000.0,0.0,0.0
2020-06-09,100000000.0,0.0,0.0
2020-06-10,100000000.0,0.0,0.0
2020-06-11,100000000.0,0.0,0.0
2020-06-12,100000000.0,0.0,0.0
2020-06-15,100000000.0,0.0,0.0
2020-06-16,100000000.0,0.0,0.0
2020-06-17,100000000.0,0.0,0.0
2020-06-18,100000000.0,0.0,0.0
2020-06-19,100000000.0,0.0,0.0
2020-06-22,100000000.0,0.0,0.0
2020-06-23,100000000.0,0.0,0.0
2020-06-24,100000000.0,0.0,0.0
2020-06-25,100000000.0,0.0,0.0
2020-06-26,100000000.0,0.0,0.0
2020-06-29,100000000.0,0.0,0.0
2020-06-30,100000000.0,0.0,0.0
2020-07-01,100000000.0,0.0,0.0
2020-07-02,100000000.0,0.0,0.0
2020-07-03,100000000.0,0.0,0.0
2020-07-06,100000000.0,0.0,0.0
2020-07-07,100000000.0,0.0,0.0
2020-07-08,100000000.0,0.0,0.0
2020-07-09,100000000.0,0.0,0.0
2020-07-10,100000000.0,0.0,0.0
2020-07-13,100000000.0,0.0,0.0
2020-07-14,100000000.0,0.0,0.0
2020-07-15,100000000.0,0.0,0.0
2020-07-16,100000000.0,0.0,0.0
2020-07-17,100000000.0,0.0,0.0
2020-07-20,100000000.0,0.0,0.0
2020-07-21,100000000.0,0.0,0.0
2020-07-22,100000000.0,0.0,0.0
2020-07-23,100000000.0,0.0,0.0
2020-07-24,100000000.0,0.0,0.0
2020-07-27,100000000.0,0.0,0.0
2020-07-28,100000000.0,0.0,0.0
2020-07-29,100000000.0,0.0,0.0
2020-07-30,100000000.0,0.0,0.0
2020-07-31,100000000.0,0.0,0.0
2020-08-03,100000000.0,0.0,0.0
2020-08-04,100000000.0,0.0,0.0
2020-08-05,100000000.0,0.0,0.0
2020-08-06,100000000.0,0.0,0.0
2020-08-07,100000000.0,0.0,0.0
2020-08-10,100000000.0,0.0,0.0
2020-08-11,100000000.0,0.0,0.0
2020-08-12,100000000.0,0.0,0.0
2020-08-13,100000000.0,0.0,0.0
2020-08-14,100000000.0,0.0,0.0
2020-08-17,100000000.0,0.0,0.0
2020-08-18,100000000.0,0.0,0.0
2020-08-19,100000000.0,0.0,0.0
2020-08-20,100000000.0,0.0,0.0
2020-08-21,100000000.0,0.0,0.0
2020-08-24,100000000.0,0.0,0.0
2020-08-25,100000000.0,0.0,0.0
2020-08-26,100000000.0,0.0,0.0
2020-08-27,100000000.0,0.0,0.0
2020-08-28,100000000.0,0.0,0.0
2020-08-31,100000000.0,0.0,0.0
2020-09-01,100000000.0,0.0,0.0
2020-09-03,100000000.0,0.0,0.0
2020-09-04,100000000.0,0.0,0.0
2020-09-07,100000000.0,0.0,0.0
2020-09-08,100000000.0,0.0,0.0
2020-09-09,100000000.0,0.0,0.0
2020-09-10,100000000.0,0.0,0.0
2020-09-11,100000000.0,0.0,0.0
2020-09-14,100000000.0,0.0,0.0
2020-09-15,100000000.0,0.0,0.0
2020-09-16,100000000.0,0.0,0.0
2020-09-17,100000000.0,0.0,0.0
2020-09-18,100000000.0,0.0,0.0
2020-09-21,100000000.0,0.0,0.0
2020-09-22,100000000.0,0.0,0.0
2020-09-23,100000000.0,0.0,0.0
2020-09-24,100000000.0,0.0,0.0
2020-09-25,100000000.0,0.0,0.0
2020-09-28,100000000.0,0.0,0.0
2020-09-29,100000000.0,0.0,0.0
2020-09-30,100000000.0,0.0,0.0
2020-10-01,100000000.0,0.0,0.0
2020-10-02,100000000.0,0.0,0.0
2020-10-05,100000000.0,0.0,0.0
2020-10-06,100000000.0,0.0,0.0
2020-10-07,100000000.0,0.0,0.0
2020-10-08,100000000.0,0.0,0.0
2020-10-09,100000000.0,0.0,0.0
2020-10-12,100000000.0,0.0,0.0
2020-10-13,100000000.0,0.0,0.0
2020-10-14,100000000.0,0.0,0.0
2020-10-15,100000000.0,0.0,0.0
2020-10-16,100000000.0,0.0,0.0
2020-10-19,100000000.0,0.0,0.0
2020-10-20,100000000.0,0.0,0.0
2020-10-21,100000000.0,0.0,0.0
2020-10-22,100000000.0,0.0,0.0
2020-10-23,100000000.0,0.0,0.0
2020-10-26,100000000.0,0.0,0.0
2020-10-27,100000000.0,0.0,0.0
2020-10-28,100000000.0,0.0,0.0
2020-10-29,100000000.0,0.0,0.0
2020-10-30,100000000.0,0.0,0.0
2020-11-02,100000000.0,0.0,0.0
2020-11-03,100000000.0,0.0,0.0
2020-11-04,100000000.0,0.0,0.0
2020-11-05,100000000.0,0.0,0.0
2020-11-06,100000000.0,0.0,0.0
2020-11-09,100000000.0,0.0,0.0
2020-11-10,100000000.0,0.0,0.0
2020-11-11,100000000.0,0.0,0.0
2020-11-12,100000000.0,0.0,0.0
2020-11-13,100000000.0,0.0,0.0
2020-11-16,100000000.0,0.0,0.0
2020-11-17,100000000.0,0.0,0.0
2020-11-18,100000000.0,0.0,0.0
2020-11-19,100000000.0,0.0,0.0
2020-11-20,100000000.0,0.0,0.0
2020-11-23,100000000.0,0.0,0.0
2020-11-24,100000000.0,0.0,0.0
2020-11-25,100000000.0,0.0,0.0
2020-11-26,100000000.0,0.0,0.0
2020-11-27,100000000.0,0.0,0.0
2020-11-30,100000000.0,0.0,0.0
2020-12-01,100000000.0,0.0,0.0
2020-12-02,100000000.0,0.0,0.0
2020-12-03,100000000.0,0.0,0.0
2020-12-04,100000000.0,0.0,0.0
2020-12-07,100000000.0,0.0,0.0
2020-12-08,100000000.0,0.0,0.0
2020-12-09,100000000.0,0.0,0.0
2020-12-10,100000000.0,0.0,0.0
2020-12-11,100000000.0,0.0,0.0
2020-12-14,100000000.0,0.0,0.0
2020-12-15,100000000.0,0.0,0.0
2020-12-16,100000000.0,0.0,0.0
2020-12-17,100000000.0,0.0,0.0
2020-12-18,100000000.0,0.0,0.0
2020-12-21,100000000.0,0.0,0.0
2020-12-22,100000000.0,0.0,0.0
2020-12-23,100000000.0,0.0,0.0
2020-12-24,100000000.0,0.0,0.0
2020-12-25,100000000.0,0.0,0.0
2020-12-28,100000000.0,0.0,0.0
2020-12-29,100000000.0,0.0,0.0
2020-12-30,100000000.0,0.0,0.0
2020-12-31,100000000.0,0.0,0.0
2021-01-04,100000000.0,0.0,0.0
2021-01-05,99880000.0,-0.0012,-0.0011999999999999789
2021-01-06,100205423.51745832,0.003258144948521422,0.0
2021-01-07,102736780.11624363,0.025261672571487957,0.0
2021-01-08,104208665.15354653,0.014326758495229283,0.0
2021-01-11,106481917.5698779,0.021814427936312553,0.0
2021-01-12,106985427.85119969,0.004728598928464725,0.0
2021-01-13,106919215.62478557,-0.0006188901399376117,-0.0006188901399376556
2021-01-14,109178262.55585964,0.02112854006525638,0.0
2021-01-15,110121698.50481725,0.008641243475320103,0.0
2021-01-18,110121090.04077187,-5.5253783190509764e-06,-5.52537831910449e-06
2021-01-19,106571731.04215807,-0.03223141904334283,-0.03223676633087791
2021-01-20,105984712.35174781,-0.005508202641261792,-0.037567402330690225
2021-01-21,105984712.35174781,0.0,-0.037567402330690225
2021-01-22,105984712.35174781,0.0,-0.037567402330690225
2021-01-25,105984712.35174781,0.0,-0.037567402330690225
2021-01-26,105984712.35174781,0.0,-0.037567402330690225
2021-01-27,105857530.6969257,-0.0012000000000001298,-0.03872232144789356
2021-01-28,100376054.46693473,-0.051781637016308814,-0.08849885327055862
2021-01-29,101828884.2098593,0.014473867802834923,-0.07530590617066435
2021-02-01,101828884.2098593,0.0,-0.07530590617066435
2021-02-02,101828884.2098593,0.0,-0.07530590617066435
2021-02-03,101828884.2098593,0.0,-0.07530590617066435
2021-02-04,101828884.2098593,0.0,-0.07530590617066435
2021-02-05,101828884.2098593,0.0,-0.07530590617066435
2021-02-08,101747421.10249141,-0.0008000000000000064,-0.07604566144572777
2021-02-09,103581146.69340858,0.018022329913109404,-0.059393851531653885
2021-02-17,106710767.80643283,0.030214196433716485,-0.030974192595069838
2021-02-18,107654534.64973162,0.008844157555034479,-0.022403975679486043
2021-02-19,106806267.58348933,-0.00787952935751608,-0.03010697225291059
2021-02-22,106398604.1092764,-0.00381684973584779,-0.03380890819966764
2021-02-23,105417617.2941438,-0.009219921852781858,-0.042717114560920755
2021-02-24,104878768.9152399,-0.005111559080304027,-0.04761032258640652
2021-02-25,105588420.48143485,0.006766398705237207,-0.04116607430627384
2021-02-26,108279269.89639288,0.025484323022249872,-0.016730840819203063
2021-03-01,112735520.9977459,0.04115516391657413,0.0
2021-03-02,113391367.63931233,0.005817568728666619,0.0
2021-03-03,114221846.03646901,0.007324000181375025,0.0
2021-03-04,111934492.06976059,-0.02002553842439309,-0.02002553842439314
2021-03-05,114124727.80003606,0.019567120820188768,-0.0008502597340437346
2021-03-08,116257383.87816164,0.018687063875081657,0.0
2021-03-09,115667072.09281588,-0.005077628324790216,-0.0050776283247901954
2021-03-10,115032925.72983603,-0.005482514180621602,-0.010532304336117182
2021-03-11,115232033.97512464,0.0017308804763970969,-0.008819654019667
2021-03-12,114698957.57965662,-0.0046261128705156985,-0.01340496617520881
2021-03-15,115291605.20046861,0.005166983495908535,-0.008307245918290795
2021-03-16,114811757.33923952,-0.0041620364327024,-0.012434707290825853
2021-03-17,117479755.22664699,0.023238019774614302,0.0
2021-03-18,117048965.91156408,-0.003666923839361177,-0.0036669238393611803
2021-03-19,115618491.43324506,-0.012221162888357414,-0.01584327265417851
2021-03-22,115078916.59694612,-0.004666855877552063,-0.020436190261624798
2021-03-23,113657727.50329971,-0.01234969128727548,-0.03253350090808116
2021-03-24,111895103.33426091,-0.015508177118776459,-0.04753714273248122
2021-03-25,110862126.52991854,-0.009231653339258229,-0.056329949649294386
2021-03-26,111009530.90636799,0.0013296188794436538,-0.05507522813438259
2021-03-29,111714338.19253418,0.00634907003400156,-0.04907583458094478
2021-03-30,112002668.44596581,0.0025809601354367787,-0.04662153721817475
2021-03-31,111675206.66680588,-0.002923696227094026,-0.049408926232802686
2021-04-01,113166533.20814322,0.013354141763864047,-0.03671459827425172
2021-04-02,113488912.13777454,0.002848712605151405,-0.033970475007997214
2021-04-05,110635494.5499129,-0.025142699265613,-0.05825906483657417
2021-04-06,110814578.45878492,0.0016186840362631544,-0.05673468381852964
2021-04-07,110814578.45878492,0.0,-0.05673468381852964
2021-04-08,110893207.46601208,0.0007095547203330917,-0.05606538546090656
2021-04-09,111942904.71249457,0.009465838985712589,-0.047130252386638816
2021-04-12,112976845.67623018,0.009236324235029488,-0.0383292384439311
2021-04-13,111823510.0373889,-0.01020860187711833,-0.048146552385522234
2021-04-14,112816643.76479025,0.008881260542342888,-0.03969289391913067
2021-04-15,112162344.174413,-0.00579967253538756,-0.045262360667805424
2021-04-16,112881855.35810868,0.006414908577310452,-0.039137805996172226
2021-04-19,114182512.78332715,0.011522289575168931,-0.028066473555027893
2021-04-20,113967678.51591292,-0.0018814988580773033,-0.029895165375161237
2021-04-22,111155222.10542099,-0.024677666923778173,-0.05383508936517989
2021-04-23,115258219.14463776,0.036912319201030774,-0.018909948167012636
2021-04-26,115113551.40659578,-0.0012551620102722412,-0.020141375128729377
2021-04-27,115377311.60572323,0.002291304506763203,-0.01789622064557106
2021-04-28,115467911.4764927,0.0007852485857798127,-0.017125025041743958
2021-04-29,117662013.80304676,0.019001836081539776,0.0
2021-05-04,119172749.81655759,0.012839623976176617,0.0
2021-05-05,118951086.62116031,-0.0018600157816151637,-0.0018600157816152096
2021-05-06,118648717.96825227,-0.0025419578878756828,-0.004397245587703158
2021-05-07,121803091.90416974,0.026585824018439935,0.0
2021-05-10,126314984.05082041,0.037042509152398734,0.0
2021-05-11,124267733.1678958,-0.016207506166496796,-0.0162075061664968
2021-05-12,125845103.88848835,0.012693324971667443,-0.003719908337580957
2021-05-13,126291301.06768811,0.003545606188979204,-0.00018749147862595628
2021-05-14,125258051.4369761,-0.008181479024895102,-0.008367436545921314
2021-05-17,124652741.24324434,-0.004832505270420347,-0.013159506135133614
2021-05-18,126669183.05260915,0.016176473852508186,0.0
2021-05-19,127655905.43356839,0.007789758780945402,0.0
2021-05-20,129813080.4719716,0.016898356805951278,0.0
2021-05-21,129742851.05735898,-0.0005410041450159142,-0.0005410041450158998
2021-05-24,128650216.34397444,-0.008421540797662046,-0.008957988854198962
2021-05-25,130572726.2676857,0.01494369755718875,0.0
2021-05-26,132484550.22579625,0.014641832278137066,0.0
2021-05-27,133259539.54833296,0.005849658101385226,0.0
2021-05-28,137851796.37485585,0.03446099875541957,0.0
2021-05-31,142272192.96693462,0.03206629661944003,0.0
2021-06-01,142081055.15616947,-0.0013434656961362043,-0.0013434656961361924
2021-06-02,145851294.11767662,0.026535831658647625,0.0
2021-06-03,152257768.38041043,0.04392469947894262,0.0
2021-06-04,152503980.9407754,0.0016170771644952039,0.0
2021-06-07,145330854.41881788,-0.04703566738197599,-0.047035667381975954
2021-06-08,139185431.45957094,-0.04228574161916718,-0.08733247092334384
2021-06-09,145715104.68070045,0.046913481911547435,-0.0445160593067494
2021-06-10,143450910.67022312,-0.015538499014489747,-0.05936284557757232
2021-06-11,145972252.01800543,0.017576335598026165,-0.04282989127547132
2021-06-14,147228804.1072383,0.008608157179611563,-0.03459042053194472
2021-06-15,146645430.57185867,-0.0039623600756459425,-0.0384157209062751
2021-06-16,147057135.05787784,0.0028074825408039043,-0.03571608983120789
2021-06-17,151148598.1825724,0.027822268692262113,-0.008887523786866636
2021-06-18,151148598.1825724,0.0,-0.008887523786866636
2021-06-21,149928869.18689382,-0.008069734091779423,-0.016885537924951732
2021-06-22,148225165.57177067,-0.011363412692717645,-0.028057073281689604
2021-06-23,146805701.52568942,-0.009576403848872343,-0.03736479126599901
2021-06-24,144516746.32772127,-0.015591732297724231,-0.05237394174094345
2021-06-25,149494844.90907514,0.034446517153555456,-0.019731524469966732
2021-06-28,151261013.26703256,0.011814242551518288,-0.008150394934447913
2021-06-29,150523336.9694044,-0.004876843554696333,-0.012987490288139947
2021-06-30,148953560.30691248,-0.010428792598525721,-0.023280839044075297
2021-07-01,154181716.66983116,0.03509923732031837,0.0
2021-07-02,159259825.37053674,0.03293586821049597,0.0
2021-07-05,156734575.5816067,-0.015856163241764,-0.015856163241763976
2021-07-06,149740769.52580315,-0.04462197335751285,-0.05977060330555051
2021-07-07,151625621.83355224,0.012587435697826417,-0.047935526233452985
2021-07-08,150526627.43389258,-0.007248078434039926,-0.054836164213575844
2021-07-09,147477304.9446961,-0.020257694875517377,-0.07398300480631081
2021-07-12,144486801.87407294,-0.020277717115488356,-0.09276051547898301
2021-07-13,144607536.47009188,0.0008356098581527613,-0.09200241722201186
2021-07-14,142969955.56644583,-0.011324312298098936,-0.10228486541530868
2021-07-15,145567850.99902862,0.018170918654132295,-0.08597255673018689
2021-07-16,146082553.64630103,0.0035358263774591453,-0.08274071438655195
2021-07-19,141192156.73354828,-0.033476940200494486,-0.11344774863938156
2021-07-20,144359455.40872532,0.022432539798610956,-0.09356012997718643
2021-07-21,145259276.8746441,0.006233200751354404,-0.08791010829830259
2021-07-22,147072832.3261225,0.01248495442424276,-0.07652270756959434
2021-07-23,146269258.8867135,-0.0054637789093986205,-0.0815683833232842
2021-07-26,145883729.27810773,-0.0026357527995979485,-0.08398914202817909
2021-07-27,144530541.7582459,-0.009275794679488738,-0.09248587067090808
2021-07-28,141904168.69184324,-0.018171751343710726,-0.10897699176998044
2021-07-29,146272494.95724842,0.030783635926097164,-0.08154806388285163
2021-07-30,146759574.61654222,0.0033299470241220748,-0.07848966759137921
2021-08-02,146989362.2205978,0.0015657418240409824,-0.0770468203226411
2021-08-03,150381455.7082796,0.023077135899066223,-0.05574770436675136
2021-08-04,149894230.53704655,-0.0032399285466301856,-0.058807014334594676
2021-08-05,150458393.33331347,0.0037637392329618706,-0.05526460936865718
2021-08-06,149848539.2670776,-0.004053307048712452,-0.059093911986671355
2021-08-09,153900833.1594553,0.027042598561172707,-0.033649366364763456
2021-08-10,153946967.25037235,0.0002997650498048423,-0.03335968821894286
2021-08-11,151943168.11948192,-0.013016165025398267,-0.04594163803728757
2021-08-12,150353254.04017034,-0.010463873427078576,-0.05592478397891132
2021-08-13,154957326.19943732,0.030621699468086634,-0.027015596438644596
2021-08-16,156232448.15040603,0.008228858759008084,-0.019009045207020403
2021-08-17,156933376.75309718,0.004486447028061386,-0.014607881253334343
2021-08-18,156535529.48008302,-0.0025351348530535346,-0.017105983157493343
2021-08-19,156449630.16348627,-0.0005487528414926143,-0.017645349042121672
2021-08-20,153416158.3353352,-0.019389447101799913,-0.036692662582076596
2021-08-23,150626508.22530282,-0.018183548201844528,-0.05420900798520589
2021-08-24,150314560.26888537,-0.002071003039855631,-0.056167744004736675
2021-08-25,151562352.0945551,0.008301203978095424,-0.04833279992661399
2021-08-26,151250404.13813767,-0.002058215329245,-0.05029153594614466
2021-08-27,151813550.33095217,0.003723270665116208,-0.04675551428152036
2021-08-30,153948406.55272764,0.01406235620681754,-0.033350650771162504
2021-08-31,154770328.34075874,0.005338943133195675,-0.0281897648658892
2021-09-01,155874379.79796112,0.007133482683913278,-0.021257373381510347
2021-09-06,158925017.496372,0.019571129664573663,-0.0021022745277144983
2021-09-07,156448395.03093293,-0.015583590956632226,-0.01765310449802826
2021-09-08,157552446.4881353,0.007056968893698667,-0.010720713013649408
2021-09-09,157854087.94656518,0.0019145463314185255,-0.008826691984001322
2021-09-10,157714309.96783203,-0.0008854884947957006,-0.00970436454459811
2021-09-13,159679762.29287973,0.012462105217012851,0.0
2021-09-14,162984664.01162592,0.020697060612380146,0.0
2021-09-15,166262805.28676954,0.020113188532325896,0.0
2021-09-16,163037288.09437436,-0.01940011289254875,-0.019400112892548727
2021-09-17,166597748.88479337,0.021838321969376937,0.0
2021-09-20,165756685.38580617,-0.005048468569457171,-0.005048468569457176
2021-09-21,167865763.74944857,0.012723941473210685,0.0
2021-09-22,168279835.76820597,0.0024666853413626046,0.0
2021-09-23,166055736.2983869,-0.013216672453154842,-0.013216672453154832
2021-09-24,165026830.38744327,-0.006196147955375525,-0.019330927950532928
2021-09-27,160984181.86144134,-0.02449691675293505,-0.043354296570706774
2021-09-28,164427084.50154373,0.021386589665472123,-0.022894907456227465
2021-09-29,164363765.0830133,-0.00038509117109499007,-0.02327118200059808
2021-09-30,166082307.4817323,0.010455725432251132,-0.013058773657829148
2021-10-01,167557227.90557176,0.008880659512764049,-0.004294084667574527
2021-10-04,170228826.30352962,0.01594439363405715,0.0
2021-10-05,172573353.59277377,0.01377279829835455,0.0
2021-10-06,176335896.6895872,0.021802572752291874,0.0
2021-10-07,178464153.06906924,0.012069331426195687,0.0
2021-10-08,175583718.5179293,-0.016140129553217135,-0.016140129553217086
2021-10-11,177753017.0910519,0.012354782046042088,-0.003984755289999975
2021-10-12,180351887.72940484,0.014620683692933827,0.0
2021-10-13,184319023.9593951,0.021996643783082876,0.0
2021-10-14,186554276.00197738,0.012127082677448922,0.0
2021-10-15,188037236.285672,0.007949216257465502,0.0
2021-10-18,184799371.23035133,-0.017219275922571074,-0.01721927592257111
2021-10-19,189262985.87398326,0.024153841075942113,0.0
2021-10-20,191877925.48704734,0.013816434317511943,0.0
2021-10-21,193503330.32703936,0.008471036133344786,0.0
2021-10-22,192307048.32382405,-0.006182229531623464,-0.0061822295316235065
2021-10-25,188702573.9376878,-0.01874332957399821,-0.024809683540008343
2021-10-26,190521192.56026804,0.009637487102750189,-0.015411299442398274
2021-10-27,192168914.6528614,0.008648497683910487,-0.006896086346021457
2021-10-28,196885460.18081754,0.024543748589496074,0.0
2021-10-29,197927060.38170284,0.005290386603097563,0.0
2021-11-01,198840335.82501233,0.004614202027495543,0.0
2021-11-02,198663779.34058136,-0.0008879309306052759,-0.0008879309306052408
2021-11-03,191885876.96468753,-0.034117454114642926,-0.03497509110246633
2021-11-04,192393250.85070556,0.0026441439778885295,-0.032423426301092406
2021-11-05,195186901.71489415,0.014520524248308561,-0.018373707200602163
2021-11-08,201106553.67079562,0.030328120913298777,0.0
2021-11-09,203916073.8333581,0.01397030634397711,0.0
2021-11-10,207556880.98383075,0.017854439240763034,0.0
2021-11-11,207632781.71256948,0.00036568640065774575,0.0
2021-11-12,211959877.28630164,0.020840136793631454,0.0
2021-11-15,216437879.41808948,0.02112664995431773,0.0
2021-11-16,215450382.76443887,-0.004562494588773348,-0.004562494588773336
2021-11-17,223115138.3895505,0.035575502474237165,0.0
2021-11-18,228638286.80994105,0.024754700466569596,0.0
2021-11-19,226786618.55863914,-0.0080986796968136,-0.008098679696813549
2021-11-22,224759722.63631094,-0.008937458194007682,-0.016963756279604336
2021-11-23,220177046.3281936,-0.02038922389814775,-0.03700710235281368
2021-11-24,221430389.57651103,0.005692433744656562,-0.03152532908638217
2021-11-25,221027609.60981655,-0.0018189913654796752,-0.033286976150459835
2021-11-26,220177046.3281936,-0.0038482218720297377,-0.03700710235281368
2021-11-29,220715396.46517137,0.0024450783855793166,-0.03465250923331009
2021-11-30,215998884.65995342,-0.021369201608743282,-0.05528121438599798
2021-12-01,214815135.69110593,-0.005480347598604766,-0.06045860171409445
2021-12-02,213023690.6865391,-0.008339472909128863,-0.06829388175210482
2021-12-03,211054794.2013008,-0.00924261747082165,-0.07690528499829419
2021-12-06,209892582.73315725,-0.005506681203531692,-0.08198847331447356
2021-12-07,213560355.6142298,0.01747452355539167,-0.06594665926728627
2021-12-08,212174252.488622,-0.006490451477387551,-0.07200908715260368
2021-12-09,213832407.7813835,0.007815063672018471,-0.06475677908164679
2021-12-10,215601782.8526175,0.008274587980335278,-0.057018026767145735
2021-12-13,220216397.4199192,0.02140341562229186,-0.036834991669714046
2021-12-14,223210623.04344553,0.013596742379800183,-0.02373908518220902
2021-12-15,223722186.02976355,0.0022918397849660222,-0.02150165157712225
2021-12-16,228182540.6243869,0.019937024010796858,-0.0019933065100903313
2021-12-17,223459812.23007983,-0.020697150541772596,-0.022649201286947696
2021-12-20,226137607.14041978,0.011983340018127406,-0.01093727434898073
2021-12-21,230664966.67495996,0.020020374283561425,0.0
2021-12-22,235291634.15460527,0.020057954817928422,0.0
2021-12-23,232782498.53902942,-0.010663938922397679,-0.010663938922397698
2021-12-24,225913772.7170614,-0.029507054289205404,-0.03985633178688308
2021-12-27,231101284.70699152,0.022962353855367018,-0.017809173125383437
2021-12-28,226116182.51300073,-0.021571070884834342,-0.038996081074329836
2021-12-29,230838910.9073078,0.020886291028885295,-0.018924273543749037
2021-12-30,229789415.7085729,-0.004546439742805444,-0.023384675217211437
2021-12-31,224624470.0637704,-0.022476864867235002,-0.045335925899624985
2022-01-04,224027577.80830583,-0.002657289543276951,-0.04787274476107406
2022-01-05,232289627.8908477,0.036879611712855684,-0.012758661286635498
2022-01-06,233224561.6277659,0.004024862174894456,-0.008785150964955912
2022-01-07,238166353.6498604,0.021188986218277393,0.0
2022-01-10,240449760.35986283,0.009587444552975633,0.0
2022-01-11,244720668.99403057,0.017762166316056156,0.0
2022-01-12,237797801.13489828,-0.028288856383034643,-0.02828885638303469
2022-01-13,228503577.31288007,-0.03908456586924353,-0.06626776458160988
2022-01-14,225842823.95106915,-0.011644252545629376,-0.07714037854081668
2022-01-17,218901145.3031342,-0.030736768724778787,-0.10550610129104454
2022-01-18,211189354.41841507,-0.03522955932478036,-0.13701872716126573
2022-01-19,210444725.48197407,-0.0035258829143713453,-0.1400614980865903
2022-01-20,213084773.52935588,0.012545090124427734,-0.12927349207862115
2022-01-21,211595515.65647382,-0.006989039377217156,-0.1353590339292705
2022-01-24,208752386.99006265,-0.0134366206088554,-0.14697688655323704
2022-01-25,210033599.3866417,0.0061374742346780795,-0.14174147917287272
2022-01-26,211132247.6116645,0.0052308212982644705,-0.13725208222271323
2022-01-27,206136239.10522595,-0.02366293431227858,-0.15766722952913226
2022-01-28,208125166.38183367,0.0096486056272349,-0.14953989281996272
2022-02-07,211668906.3066036,0.017026965005608546,-0.1350591383363421
2022-02-08,219423997.5428012,0.03663783864865016,-0.10336957460608454
2022-02-09,224264826.28136835,0.022061528332254925,-0.08358853707269487
2022-02-10,224839726.0437676,0.002563486088888377,-0.0812393290357829
2022-02-11,227078914.26412824,0.009959041757259361,-0.07208935314872267
2022-02-14,226382128.71229494,-0.0030684731521255708,-0.07493662205615725
2022-02-15,226409482.97358632,0.0001208322469930864,-0.07482484456958927
2022-02-16,222935626.324012,-0.015343247128829764,-0.0890200356168116
2022-02-17,225033551.33471563,0.009410452000410754,-0.08044730238864772
2022-02-18,231294777.1395837,0.02782352128263356,-0.054862108336155124
2022-02-21,233312887.40229484,0.008725273815816566,-0.04661552143768444
2022-02-22,236403075.77936196,0.01324482505648646,-0.03398811080755704
2022-02-23,241376095.6962624,0.02103618956946994,-0.013666901580143054
2022-02-24,249078573.5926067,0.031910690551713874,0.0
2022-02-25,249031743.80114937,-0.0001880121231700969,-0.0001880121231701004
2022-02-28,245307371.49115893,-0.014955411921157846,-0.015140612245579721
2022-03-01,248094975.40760568,0.011363718503449917,-0.003948947397658498
2022-03-02,250534085.46641982,0.009831356136120135,0.0
2022-03-03,251411107.76953945,0.003500610711260607,0.0
2022-03-04,252247602.49263862,0.003327198748378135,0.0
2022-03-07,246252511.97547272,-0.023766689783863672,-0.023766689783863648
2022-03-08,235872065.48475522,-0.042153667418228874,-0.0649185040653113
2022-03-09,234978466.2556111,-0.003788491135258579,-0.06846105202340425
2022-03-10,241220658.4273498,0.026564954104979208,-0.043714762623405345
2022-03-11,242231556.01731175,0.004190758770631602,-0.03970720187764387
2022-03-14,239130081.77010712,-0.01280375809906029,-0.05200255856907221
2022-03-15,240926540.93136367,0.007512476673610711,-0.04488074990367974
2022-03-16,247783869.34174442,0.028462320439549663,-0.017695839749455988
2022-03-17,252435446.53665257,0.018772719980785633,0.0
2022-03-18,254708687.35820717,0.009005236200949045,0.0
2022-03-21,258003411.51364684,0.012935264162412217,0.0
2022-03-22,259675025.19960392,0.0064790371419901,0.0
2022-03-23,262888831.13242555,0.012376261176257829,0.0
2022-03-24,263557995.66533148,0.0025454277765374392,0.0
2022-03-25,268624270.3577868,0.019222618079432114,0.0
2022-03-28,270559339.9946719,0.007203629196675875,0.0
2022-03-29,269925813.5955828,-0.002341543260349371,-0.00234154326034941
2022-03-30,268224656.84172398,-0.006302312221266723,-0.008629098344909769
2022-03-31,266474404.25704607,-0.006525323231975303,-0.015098113920984035
2022-04-01,270869057.12009716,0.016491838588789654,0.0
2022-04-04,268447016.31322706,-0.008941740457996372,-0.008941740457996339
2022-04-05,269613330.61814594,0.004344672259489807,-0.0046359171302259305
2022-04-06,269969350.1150565,0.0013204818029372717,-0.003321556971499051
2022-04-07,260542529.33040944,-0.0349181148920406,-0.03812368935558841
2022-04-08,261401095.14329863,0.003295300061359235,-0.03495401829010192
2022-04-12,255713731.38936645,-0.02175723001777937,-0.05595074569189784
2022-04-13,265581095.5082652,0.03858754109639132,-0.019522206294266375
2022-04-14,274907607.4061588,0.03511737866750141,0.0
2022-04-15,274791102.8202783,-0.0004237954234143463,-0.0004237954234143082
2022-04-18,272575629.8783535,-0.008062389645030818,-0.008482768264611806
2022-04-19,279149750.203897,0.024118518330040938,0.0
2022-04-20,274900371.282937,-0.01522257826795894,-0.01522257826795892
2022-04-21,274923191.2710935,8.301184916556681e-05,-0.015140830073164468
2022-04-22,274923191.2710935,0.0,-0.015140830073164468
2022-04-25,274923191.2710935,0.0,-0.015140830073164468
2022-04-26,274923191.2710935,0.0,-0.015140830073164468
2022-04-27,274923191.2710935,0.0,-0.015140830073164468
2022-04-28,274923191.2710935,0.0,-0.015140830073164468
2022-04-29,274923191.2710935,0.0,-0.015140830073164468
2022-05-04,274923191.2710935,0.0,-0.015140830073164468
2022-05-05,274923191.2710935,0.0,-0.015140830073164468
2022-05-06,274923191.2710935,0.0,-0.015140830073164468
2022-05-09,274923191.2710935,0.0,-0.015140830073164468
2022-05-10,274923191.2710935,0.0,-0.015140830073164468
2022-05-11,274923191.2710935,0.0,-0.015140830073164468
2022-05-12,274923191.2710935,0.0,-0.015140830073164468
2022-05-13,274923191.2710935,0.0,-0.015140830073164468
2022-05-16,274923191.2710935,0.0,-0.015140830073164468
2022-05-17,274923191.2710935,0.0,-0.015140830073164468
2022-05-18,274923191.2710935,0.0,-0.015140830073164468
2022-05-19,274923191.2710935,0.0,-0.015140830073164468
2022-05-20,274923191.2710935,0.0,-0.015140830073164468
2022-05-23,274923191.2710935,0.0,-0.015140830073164468
2022-05-24,274923191.2710935,0.0,-0.015140830073164468
2022-05-25,274923191.2710935,0.0,-0.015140830073164468
2022-05-26,274923191.2710935,0.0,-0.015140830073164468
2022-05-27,274923191.2710935,0.0,-0.015140830073164468
2022-05-30,274923191.2710935,0.0,-0.015140830073164468
2022-05-31,274923191.2710935,0.0,-0.015140830073164468
2022-06-01,274923191.2710935,0.0,-0.015140830073164468
2022-06-02,274923191.2710935,0.0,-0.015140830073164468
2022-06-03,274923191.2710935,0.0,-0.015140830073164468
2022-06-06,274923191.2710935,0.0,-0.015140830073164468
2022-06-07,274923191.2710935,0.0,-0.015140830073164468
2022-06-08,274923191.2710935,0.0,-0.015140830073164468
2022-06-09,274923191.2710935,0.0,-0.015140830073164468
2022-06-10,274923191.2710935,0.0,-0.015140830073164468
2022-06-13,274923191.2710935,0.0,-0.015140830073164468
2022-06-14,274923191.2710935,0.0,-0.015140830073164468
2022-06-15,274923191.2710935,0.0,-0.015140830073164468
2022-06-16,274923191.2710935,0.0,-0.015140830073164468
2022-06-17,274923191.2710935,0.0,-0.015140830073164468
2022-06-20,274923191.2710935,0.0,-0.015140830073164468
2022-06-21,274923191.2710935,0.0,-0.015140830073164468
2022-06-22,274923191.2710935,0.0,-0.015140830073164468
2022-06-23,274923191.2710935,0.0,-0.015140830073164468
2022-06-24,274923191.2710935,0.0,-0.015140830073164468
2022-06-27,274923191.2710935,0.0,-0.015140830073164468
2022-06-28,274923191.2710935,0.0,-0.015140830073164468
2022-06-29,274923191.2710935,0.0,-0.015140830073164468
2022-06-30,274923191.2710935,0.0,-0.015140830073164468
2022-07-01,274923191.2710935,0.0,-0.015140830073164468
2022-07-04,274923191.2710935,0.0,-0.015140830073164468
2022-07-05,274923191.2710935,0.0,-0.015140830073164468
2022-07-06,274923191.2710935,0.0,-0.015140830073164468
2022-07-07,274923191.2710935,0.0,-0.015140830073164468
2022-07-08,274923191.2710935,0.0,-0.015140830073164468
2022-07-11,274923191.2710935,0.0,-0.015140830073164468
2022-07-12,274923191.2710935,0.0,-0.015140830073164468
2022-07-13,274923191.2710935,0.0,-0.015140830073164468
2022-07-14,274923191.2710935,0.0,-0.015140830073164468
2022-07-15,274923191.2710935,0.0,-0.015140830073164468
2022-07-18,274923191.2710935,0.0,-0.015140830073164468
2022-07-19,274923191.2710935,0.0,-0.015140830073164468
2022-07-20,274923191.2710935,0.0,-0.015140830073164468
2022-07-21,274923191.2710935,0.0,-0.015140830073164468
2022-07-22,274923191.2710935,0.0,-0.015140830073164468
2022-07-25,274923191.2710935,0.0,-0.015140830073164468
2022-07-26,274923191.2710935,0.0,-0.015140830073164468
2022-07-27,274923191.2710935,0.0,-0.015140830073164468
2022-07-28,274923191.2710935,0.0,-0.015140830073164468
2022-07-29,274923191.2710935,0.0,-0.015140830073164468
2022-08-01,274923191.2710935,0.0,-0.015140830073164468
2022-08-02,274923191.2710935,0.0,-0.015140830073164468
2022-08-03,274923191.2710935,0.0,-0.015140830073164468
2022-08-04,274923191.2710935,0.0,-0.015140830073164468
2022-08-05,274923191.2710935,0.0,-0.015140830073164468
2022-08-08,274923191.2710935,0.0,-0.015140830073164468
2022-08-09,274923191.2710935,0.0,-0.015140830073164468
2022-08-10,274923191.2710935,0.0,-0.015140830073164468
2022-08-11,274923191.2710935,0.0,-0.015140830073164468
2022-08-12,274923191.2710935,0.0,-0.015140830073164468
2022-08-15,274923191.2710935,0.0,-0.015140830073164468
2022-08-16,274923191.2710935,0.0,-0.015140830073164468
2022-08-17,274923191.2710935,0.0,-0.015140830073164468
2022-08-18,274923191.2710935,0.0,-0.015140830073164468
2022-08-19,274923191.2710935,0.0,-0.015140830073164468
2022-08-22,274923191.2710935,0.0,-0.015140830073164468
2022-08-23,274923191.2710935,0.0,-0.015140830073164468
2022-08-24,274923191.2710935,0.0,-0.015140830073164468
2022-08-25,274923191.2710935,0.0,-0.015140830073164468
2022-08-26,274923191.2710935,0.0,-0.015140830073164468
2022-08-29,274923191.2710935,0.0,-0.015140830073164468
2022-08-30,274923191.2710935,0.0,-0.015140830073164468
2022-08-31,274923191.2710935,0.0,-0.015140830073164468
2022-09-05,274923191.2710935,0.0,-0.015140830073164468
2022-09-06,274923191.2710935,0.0,-0.015140830073164468
2022-09-07,274923191.2710935,0.0,-0.015140830073164468
2022-09-08,274923191.2710935,0.0,-0.015140830073164468
2022-09-09,274923191.2710935,0.0,-0.015140830073164468
2022-09-12,274923191.2710935,0.0,-0.015140830073164468
2022-09-13,274923191.2710935,0.0,-0.015140830073164468
2022-09-14,274923191.2710935,0.0,-0.015140830073164468
2022-09-15,274923191.2710935,0.0,-0.015140830073164468
2022-09-16,274923191.2710935,0.0,-0.015140830073164468
2022-09-19,274923191.2710935,0.0,-0.015140830073164468
2022-09-20,274923191.2710935,0.0,-0.015140830073164468
2022-09-21,274923191.2710935,0.0,-0.015140830073164468
2022-09-22,274923191.2710935,0.0,-0.015140830073164468
2022-09-23,274923191.2710935,0.0,-0.015140830073164468
2022-09-26,274923191.2710935,0.0,-0.015140830073164468
2022-09-27,274923191.2710935,0.0,-0.015140830073164468
2022-09-28,274923191.2710935,0.0,-0.015140830073164468
2022-09-29,274923191.2710935,0.0,-0.015140830073164468
2022-09-30,274923191.2710935,0.0,-0.015140830073164468
2022-10-03,274923191.2710935,0.0,-0.015140830073164468
2022-10-04,274923191.2710935,0.0,-0.015140830073164468
2022-10-05,274923191.2710935,0.0,-0.015140830073164468
2022-10-06,274923191.2710935,0.0,-0.015140830073164468
2022-10-07,274923191.2710935,0.0,-0.015140830073164468
2022-10-10,274923191.2710935,0.0,-0.015140830073164468
2022-10-11,274923191.2710935,0.0,-0.015140830073164468
2022-10-12,274923191.2710935,0.0,-0.015140830073164468
2022-10-13,274923191.2710935,0.0,-0.015140830073164468
2022-10-14,274923191.2710935,0.0,-0.015140830073164468
2022-10-17,274923191.2710935,0.0,-0.015140830073164468
2022-10-18,274923191.2710935,0.0,-0.015140830073164468
2022-10-19,274923191.2710935,0.0,-0.015140830073164468
2022-10-20,274923191.2710935,0.0,-0.015140830073164468
2022-10-21,274923191.2710935,0.0,-0.015140830073164468
2022-10-24,274923191.2710935,0.0,-0.015140830073164468
2022-10-25,274923191.2710935,0.0,-0.015140830073164468
2022-10-26,274923191.2710935,0.0,-0.015140830073164468
2022-10-27,274923191.2710935,0.0,-0.015140830073164468
2022-10-28,274923191.2710935,0.0,-0.015140830073164468
2022-10-31,274923191.2710935,0.0,-0.015140830073164468
2022-11-01,274923191.2710935,0.0,-0.015140830073164468
2022-11-02,274923191.2710935,0.0,-0.015140830073164468
2022-11-03,274923191.2710935,0.0,-0.015140830073164468
2022-11-04,274923191.2710935,0.0,-0.015140830073164468
2022-11-07,274923191.2710935,0.0,-0.015140830073164468
2022-11-08,274923191.2710935,0.0,-0.015140830073164468
2022-11-09,274923191.2710935,0.0,-0.015140830073164468
2022-11-10,274923191.2710935,0.0,-0.015140830073164468
2022-11-11,274923191.2710935,0.0,-0.015140830073164468
2022-11-14,274923191.2710935,0.0,-0.015140830073164468
2022-11-15,274923191.2710935,0.0,-0.015140830073164468
2022-11-16,274923191.2710935,0.0,-0.015140830073164468
2022-11-17,274923191.2710935,0.0,-0.015140830073164468
2022-11-18,274923191.2710935,0.0,-0.015140830073164468
2022-11-21,274923191.2710935,0.0,-0.015140830073164468
2022-11-22,274923191.2710935,0.0,-0.015140830073164468
2022-11-23,274923191.2710935,0.0,-0.015140830073164468
2022-11-24,274923191.2710935,0.0,-0.015140830073164468
2022-11-25,274923191.2710935,0.0,-0.015140830073164468
2022-11-28,274923191.2710935,0.0,-0.015140830073164468
2022-11-29,274923191.2710935,0.0,-0.015140830073164468
2022-11-30,274923191.2710935,0.0,-0.015140830073164468
2022-12-01,274923191.2710935,0.0,-0.015140830073164468
2022-12-02,274923191.2710935,0.0,-0.015140830073164468
2022-12-05,274923191.2710935,0.0,-0.015140830073164468
2022-12-06,274923191.2710935,0.0,-0.015140830073164468
2022-12-07,274923191.2710935,0.0,-0.015140830073164468
2022-12-08,274923191.2710935,0.0,-0.015140830073164468
2022-12-09,274923191.2710935,0.0,-0.015140830073164468
2022-12-12,274923191.2710935,0.0,-0.015140830073164468
2022-12-13,274923191.2710935,0.0,-0.015140830073164468
2022-12-14,274923191.2710935,0.0,-0.015140830073164468
2022-12-15,274923191.2710935,0.0,-0.015140830073164468
2022-12-16,274923191.2710935,0.0,-0.015140830073164468
2022-12-19,274923191.2710935,0.0,-0.015140830073164468
2022-12-20,274923191.2710935,0.0,-0.015140830073164468
2022-12-21,274923191.2710935,0.0,-0.015140830073164468
2022-12-22,274923191.2710935,0.0,-0.015140830073164468
2022-12-23,274923191.2710935,0.0,-0.015140830073164468
2022-12-26,274923191.2710935,0.0,-0.015140830073164468
2022-12-27,274923191.2710935,0.0,-0.015140830073164468
2022-12-28,274923191.2710935,0.0,-0.015140830073164468
2022-12-29,274923191.2710935,0.0,-0.015140830073164468
2022-12-30,274923191.2710935,0.0,-0.015140830073164468
2023-01-03,274923191.2710935,0.0,-0.015140830073164468
2023-01-04,274923191.2710935,0.0,-0.015140830073164468
2023-01-05,274923191.2710935,0.0,-0.015140830073164468
2023-01-06,274923191.2710935,0.0,-0.015140830073164468
2023-01-09,274923191.2710935,0.0,-0.015140830073164468
2023-01-10,274923191.2710935,0.0,-0.015140830073164468
2023-01-11,274923191.2710935,0.0,-0.015140830073164468
2023-01-12,274923191.2710935,0.0,-0.015140830073164468
2023-01-13,274923191.2710935,0.0,-0.015140830073164468
2023-01-16,274923191.2710935,0.0,-0.015140830073164468
2023-01-17,274923191.2710935,0.0,-0.015140830073164468
2023-01-18,274923191.2710935,0.0,-0.015140830073164468
2023-01-19,274923191.2710935,0.0,-0.015140830073164468
2023-01-27,274923191.2710935,0.0,-0.015140830073164468
2023-01-30,274593283.44156814,-0.001200000000000143,-0.016322661077076805
2023-01-31,277367304.4784384,0.010102290202085503,-0.006385267134062178
2023-02-01,271973513.4107989,-0.01944638384030864,-0.025707480618758938
2023-02-02,267333497.86303893,-0.017060541997527268,-0.042329439063539254
2023-02-03,267183568.51838574,-0.0005608326148861503,-0.04286653194842882
2023-02-06,268756156.95806813,0.005885797724773556,-0.03723303795986621
2023-02-07,261875358.9508199,-0.025602382788654694,-0.06188216625828791
2023-02-08,258064724.3895854,-0.014551329214407454,-0.0755330276989703
2023-02-09,258489163.5010324,0.0016447002295682043,-0.07401255665739859
2023-02-10,258489163.5010324,0.0,-0.07401255665739859
2023-02-13,258489163.5010324,0.0,-0.07401255665739859
2023-02-14,258489163.5010324,0.0,-0.07401255665739859
2023-02-15,258489163.5010324,0.0,-0.07401255665739859
2023-02-16,258489163.5010324,0.0,-0.07401255665739859
2023-02-17,258489163.5010324,0.0,-0.07401255665739859
2023-02-20,258489163.5010324,0.0,-0.07401255665739859
2023-02-21,258178976.50483117,-0.0012000000000000313,-0.07512374158940971
2023-02-22,248688799.74321494,-0.03675813147178793,-0.10912046469120151
2023-02-23,252797632.66250652,0.016521986207397296,-0.094401365296377
2023-02-24,251470255.8769607,-0.0052507484803780554,-0.09915643595137957
2023-02-27,250981222.32439116,-0.001944697399158064,-0.10090830408743312
2023-02-28,250771636.51614708,-0.0008350656925767595,-0.10165910471717043
2023-03-01,252937356.53466925,0.008636223970978166,-0.09390083154321882
2023-03-02,253985285.57588965,0.004143037847700289,-0.09014682839453259
2023-03-03,253184053.00335974,-0.0031546416978967366,-0.09301708914864282
2023-03-06,253184053.00335974,0.0,-0.09301708914864282
2023-03-07,253184053.00335974,0.0,-0.09301708914864282
2023-03-08,253184053.00335974,0.0,-0.09301708914864282
2023-03-09,253184053.00335974,0.0,-0.09301708914864282
2023-03-10,253184053.00335974,0.0,-0.09301708914864282
2023-03-13,253184053.00335974,0.0,-0.09301708914864282
2023-03-14,253184053.00335974,0.0,-0.09301708914864282
2023-03-15,253184053.00335974,0.0,-0.09301708914864282
2023-03-16,253184053.00335974,0.0,-0.09301708914864282
2023-03-17,253184053.00335974,0.0,-0.09301708914864282
2023-03-20,253184053.00335974,0.0,-0.09301708914864282
2023-03-21,253184053.00335974,0.0,-0.09301708914864282
2023-03-22,253184053.00335974,0.0,-0.09301708914864282
2023-03-23,253184053.00335974,0.0,-0.09301708914864282
2023-03-24,253184053.00335974,0.0,-0.09301708914864282
2023-03-27,252880232.13975573,-0.001199999999999911,-0.09410546864166436
2023-03-28,251172445.04164502,-0.006753343603255186,-0.10022328568023708
2023-03-29,249049380.28419334,-0.008452618109043266,-0.10782875462979169
2023-03-30,243596586.4995823,-0.02189442823904559,-0.12736233393848972
2023-03-31,245309302.3736927,0.007030951864809228,-0.1212268605129917
2023-04-03,251477171.2134807,0.02514323256438183,-0.09913166309553789
2023-04-04,255267087.7626503,0.015070618660460092,-0.08555501992676795
2023-04-05,257549410.76359785,0.00894092153027444,-0.07737903911617972
2023-04-06,258108089.5298531,0.002169210034683657,-0.07537768046962112
2023-04-07,262634337.7881897,0.01753625105893123,-0.05916327133964505
2023-04-10,260809469.44276512,-0.006948323516235409,-0.06570050930633375
2023-04-11,266048971.12381548,0.020089384377970886,-0.04693100771364633
2023-04-12,265363654.4608209,-0.002575904203274016,-0.04938602213688681
2023-04-13,262677456.0329358,-0.010122706643240451,-0.05900880856575896
2023-04-14,259754943.92427886,-0.01112585812575596,-0.06947814305924238
2023-04-17,263806610.35179752,0.015598033925004973,-0.05496383156672191
2023-04-18,267660462.8192476,0.01460862736650459,-0.041158150334210886
2023-04-19,273478664.7014934,0.021737248082750415,-0.020315567175902327
2023-04-20,270938453.2075849,-0.009288517978838126,-0.029415383643776716
2023-04-21,270609141.57643026,-0.0012154481110230142,-0.03059507888231494
2023-04-24,268281776.81258613,-0.008600466156782794,-0.03893241309860629
2023-04-25,262780030.08377573,-0.020507344159472154,-0.05864135686370653
2023-04-26,266684544.2940448,0.014858489090758849,-0.044654189734174454
2023-04-27,265954412.048742,-0.0027378123739250403,-0.04726974731489764
2023-04-28,268823795.256436,0.01078900397098175,-0.03699073683540366
2023-05-04,268529548.10878146,-0.0010945725521576152,-0.03804482034233714
2023-05-05,270671172.0324937,0.007975375294061421,-0.030372866768500928
2023-05-08,269987687.6657226,-0.002525146515008442,-0.032821317344838064
2023-05-09,268346381.91969836,-0.00607918738893155,-0.03870097779527881
2023-05-10,267942723.5284067,-0.0015042438374013234,-0.04014700592533016
2023-05-11,272242938.71338165,0.016049009013372365,-0.024742316571913392
2023-05-12,276500787.46263623,0.015639886820856215,-0.009489396781927617
2023-05-15,272985105.81735367,-0.01271490644762682,-0.022083646437227822
2023-05-16,275471956.50503963,0.00910984018794727,-0.013174984739090845
2023-05-17,272005826.72784305,-0.01258251410115198,-0.02559172440898072
2023-05-18,274333611.54641616,0.008557849096748194,-0.017252885427850195
2023-05-19,269198608.69586504,-0.01871809590376171,-0.03564804016755674
2023-05-22,272042847.2468075,0.010565576712009838,-0.025459105558570116
2023-05-23,273533450.65813625,0.005479296465296885,-0.020119307080369908
2023-05-24,275932294.5518938,0.00876983742933734,-0.011525912703318264
2023-05-25,278401362.13195926,0.00894809208206377,-0.0026809555494536896
2023-05-26,275583739.8467368,-0.010120720184863707,-0.01277454253337329
2023-05-29,280554248.9276879,0.018036293011029585,0.0
2023-05-30,288523462.20786184,0.028405248933613552,0.0
2023-05-31,285552421.55976474,-0.01029739704827423,-0.01029739704827426
2023-06-01,289180058.8912387,0.012703927746992331,0.0
2023-06-02,288746563.2187445,-0.0014990510554436667,-0.0014990510554436787
2023-06-05,284970496.54577523,-0.013077442830405787,-0.014556890131372069
2023-06-06,291315973.89059067,0.022267137902804438,0.0
2023-06-07,291304174.7965211,-4.050273629681522e-05,-4.0502736296854636e-05
2023-06-08,287907884.8293711,-0.01165891278256611,-0.01169894330099297
2023-06-09,293962189.4930268,0.021028617077450965,0.0
2023-06-12,296202144.0320717,0.007619872960219776,0.0
2023-06-13,294089462.25965846,-0.007132567454287232,-0.007132567454287253
2023-06-14,288459502.20895815,-0.019143698680809867,-0.02613972241293172
2023-06-15,289262128.33825094,0.002782456889603065,-0.023429998174048783
2023-06-16,289786252.3689057,0.001811934502680211,-0.02166051729345786
2023-06-19,289757858.5649579,-9.798188739354094e-05,-0.021756376842485103
2023-06-20,294053335.1978493,0.014824366297310956,-0.007254535044789456
2023-06-21,303805961.58532584,0.03316618184559838,0.0
2023-06-22,304422503.8464898,0.002029394874105491,0.0
2023-06-23,310098998.31442726,0.018646763613769955,0.0
2023-06-26,303069854.13981414,-0.022667419800840066,-0.022667419800840083
2023-06-27,299508984.79891294,-0.011749335317456129,-0.034150428002274524
2023-06-28,299364692.1726881,-0.00048176393212942287,-0.03461573948992569
2023-06-29,289850087.59692395,-0.03178265448310014,-0.06529821388514057
2023-06-30,293249790.6030811,0.011729177087173802,-0.05433493111210175
2023-07-03,294882240.0482322,0.005566754001064712,-0.049070646306202836
2023-07-04,304231518.30590963,0.03170512492087766,-0.01892131235641159
2023-07-05,301837834.6383659,-0.007867967398226051,-0.026640407485885698
2023-07-06,299004426.424883,-0.00938718705319909,-0.03577751605084134
2023-07-07,301844014.1650677,0.00949680837215979,-0.026620479892648263
2023-07-10,306614354.4493774,0.015803991666043165,-0.011237198068974608
2023-07-11,310270504.2213659,0.011924261597452862,0.0
2023-07-12,308334561.15498555,-0.006239533052742782,-0.006239533052742829
2023-07-13,311370928.90939045,0.009847639988949084,0.0
2023-07-14,312329095.7613197,0.003077252122686366,0.0
2023-07-17,309342665.7585594,-0.00956180529860883,-0.009561805298608839
2023-07-18,307263308.0533876,-0.006721858751921253,-0.016219390945899415
2023-07-19,308729953.6432454,0.0047732532698078756,-0.01152355693695839
2023-07-20,308665310.5638229,-0.00020938389249127598,-0.011730527982242833
2023-07-21,313504256.85183644,0.015677000694293976,0.0
2023-07-24,309411389.01918584,-0.01305522251516001,-0.013055222515160003
2023-07-25,308438426.6194526,-0.003144559102421774,-0.01615872869878765
2023-07-26,311269664.77430624,0.00917926532658263,-0.007127788630271414
2023-07-27,312803934.6862325,0.0049290698245160825,-0.002233852173608275
2023-07-28,317907239.0013131,0.016314706271836406,0.0
2023-07-31,320486007.9167764,0.00811170240591054,0.0
2023-08-01,315487345.22177315,-0.01559713239119419,-0.015597132391194202
2023-08-02,322727582.8382338,0.022949375707514118,0.0
2023-08-03,324506191.3718795,0.005511176076131092,0.0
2023-08-04,326471851.75756526,0.006057389467287923,0.0
2023-08-07,327326310.78007215,0.0026172517413274744,0.0
2023-08-08,320942842.550806,-0.019501848824964047,-0.019501848824964085
2023-08-09,325522689.724587,0.014269977599067464,-0.005510162171769251
2023-08-10,319977375.8351544,-0.017035107119950068,-0.022451403088874944
2023-08-11,323710805.5617472,0.011667792814565,-0.01104556859394723
2023-08-14,334781928.01723474,0.03420065770209748,0.0
2023-08-15,332997115.2859753,-0.005331269647170388,-0.005331269647170345
2023-08-16,339807498.52402204,0.0204517784852222,0.0
2023-08-17,338678929.10433453,-0.0033212022235810886,-0.003321202223581121
2023-08-18,322312842.75101626,-0.04832330844023805,-0.05148401918437662
2023-08-21,323114141.6428989,0.002486090486011611,-0.049125922628640906
2023-08-22,328217949.9687853,0.01579568229337057,-0.03410621780148104
2023-08-23,326378428.311002,-0.00560457360104228,-0.03951964059460178
2023-08-24,338912051.1474942,0.03840211775439106,-0.002635160731935815
2023-08-25,341735574.50666046,0.008331138859200584,0.0
2023-08-28,346100815.2449534,0.012773738129531064,0.0
2023-08-29,346117528.92260647,4.829135591964767e-05,0.0
2023-08-30,353482621.33754635,0.021279166177644675,0.0
2023-08-31,356061477.4097725,0.007295566787606157,0.0
2023-09-05,355338822.481611,-0.0020295790867874094,-0.0020295790867873587
2023-09-06,359942108.4187859,0.012954638350593226,0.0
2023-09-07,357859474.87214315,-0.00578602363527769,-0.005786023635277693
2023-09-08,357276988.0545536,-0.001627697066837852,-0.0074043028084157525
2023-09-11,354314134.5508982,-0.008292875283652546,-0.015635775132315732
2023-09-12,368474952.39510214,0.03996684428678842,0.0
2023-09-13,365048215.6902567,-0.009299781932452941,-0.009299781932452955
2023-09-14,358959915.5190567,-0.01667807130542437,-0.02582275081168295
2023-09-15,358864257.71181214,-0.00026648604233767413,-0.02608235545135451
2023-09-18,353885846.8889189,-0.013872685049875325,-0.039593208198694385
2023-09-19,356186027.36614347,0.006499780924967568,-0.033350774453134946
2023-09-20,359144654.629466,0.008306410235124677,-0.02532138943227713
2023-09-21,349933109.56883764,-0.02564856511683856,-0.05032049724341303
2023-09-22,339884002.16459507,-0.028717223747773857,-0.07759265601274856
2023-09-25,329777544.9575569,-0.02973501883782081,-0.10502045576235375
2023-09-26,331254436.5669312,0.004478448068877352,-0.101012336350778
2023-09-27,336891368.4163233,0.01701692483823731,-0.08571433084795654
2023-09-28,334471607.2189193,-0.007182615597362936,-0.0922812933556535
2023-09-29,333868174.2343972,-0.0018041381435618948,-0.09391894329793515
2023-10-02,335151162.9488511,0.0038428002830638,-0.09043705475676178
2023-10-03,324244860.32749605,-0.032541443465077625,-0.12003554591732413
2023-10-04,331584580.4881091,0.022636350051006962,-0.10011636250226541
2023-10-05,330426493.47868955,-0.0034925840270219996,-0.10325928172076848
2023-10-06,333112651.4578687,0.008129366234830635,-0.09596934800419143
2023-10-09,336341053.7256888,0.00969162310014647,-0.08720782365406843
2023-10-10,336896788.65460384,0.001652295854933805,-0.08569962092467609
2023-10-11,336896788.65460384,0.0,-0.08569962092467609
2023-10-12,336896788.65460384,0.0,-0.08569962092467609
2023-10-13,336896788.65460384,0.0,-0.08569962092467609
2023-10-16,336896788.65460384,0.0,-0.08569962092467609
2023-10-17,336896788.65460384,0.0,-0.08569962092467609
2023-10-18,336896788.65460384,0.0,-0.08569962092467609
2023-10-19,336896788.65460384,0.0,-0.08569962092467609
2023-10-20,336896788.65460384,0.0,-0.08569962092467609
2023-10-23,336896788.65460384,0.0,-0.08569962092467609
2023-10-24,336896788.65460384,0.0,-0.08569962092467609
2023-10-25,336896788.65460384,0.0,-0.08569962092467609
2023-10-26,336896788.65460384,0.0,-0.08569962092467609
2023-10-27,336896788.65460384,0.0,-0.08569962092467609
2023-10-30,336896788.65460384,0.0,-0.08569962092467609
2023-10-31,336896788.65460384,0.0,-0.08569962092467609
2023-11-01,336896788.65460384,0.0,-0.08569962092467609
2023-11-02,336896788.65460384,0.0,-0.08569962092467609
2023-11-03,336896788.65460384,0.0,-0.08569962092467609
2023-11-06,336896788.65460384,0.0,-0.08569962092467609
2023-11-07,336896788.65460384,0.0,-0.08569962092467609
2023-11-08,336896788.65460384,0.0,-0.08569962092467609
2023-11-09,336896788.65460384,0.0,-0.08569962092467609
2023-11-10,336896788.65460384,0.0,-0.08569962092467609
2023-11-13,336896788.65460384,0.0,-0.08569962092467609
2023-11-14,336896788.65460384,0.0,-0.08569962092467609
2023-11-15,336896788.65460384,0.0,-0.08569962092467609
2023-11-16,336896788.65460384,0.0,-0.08569962092467609
2023-11-17,336896788.65460384,0.0,-0.08569962092467609
2023-11-20,336896788.65460384,0.0,-0.08569962092467609
2023-11-21,336896788.65460384,0.0,-0.08569962092467609
2023-11-22,336896788.65460384,0.0,-0.08569962092467609
2023-11-23,336896788.65460384,0.0,-0.08569962092467609
2023-11-24,336896788.65460384,0.0,-0.08569962092467609
2023-11-27,336896788.65460384,0.0,-0.08569962092467609
2023-11-28,336896788.65460384,0.0,-0.08569962092467609
2023-11-29,336896788.65460384,0.0,-0.08569962092467609
2023-11-30,336896788.65460384,0.0,-0.08569962092467609
2023-12-01,336896788.65460384,0.0,-0.08569962092467609
2023-12-04,336896788.65460384,0.0,-0.08569962092467609
2023-12-05,336896788.65460384,0.0,-0.08569962092467609
2023-12-06,336896788.65460384,0.0,-0.08569962092467609
2023-12-07,336896788.65460384,0.0,-0.08569962092467609
2023-12-08,336896788.65460384,0.0,-0.08569962092467609
2023-12-11,336896788.65460384,0.0,-0.08569962092467609
2023-12-12,336896788.65460384,0.0,-0.08569962092467609
2023-12-13,336896788.65460384,0.0,-0.08569962092467609
2023-12-14,336896788.65460384,0.0,-0.08569962092467609
2023-12-15,336896788.65460384,0.0,-0.08569962092467609
2023-12-18,336896788.65460384,0.0,-0.08569962092467609
2023-12-19,336896788.65460384,0.0,-0.08569962092467609
2023-12-20,336896788.65460384,0.0,-0.08569962092467609
2023-12-21,336896788.65460384,0.0,-0.08569962092467609
2023-12-22,336896788.65460384,0.0,-0.08569962092467609
2023-12-25,336896788.65460384,0.0,-0.08569962092467609
2023-12-26,336896788.65460384,0.0,-0.08569962092467609
2023-12-27,336896788.65460384,0.0,-0.08569962092467609
2023-12-28,336896788.65460384,0.0,-0.08569962092467609
2023-12-29,336896788.65460384,0.0,-0.08569962092467609
2024-01-02,336896788.65460384,0.0,-0.08569962092467609
2024-01-03,336896788.65460384,0.0,-0.08569962092467609
2024-01-04,336896788.65460384,0.0,-0.08569962092467609
2024-01-05,336896788.65460384,0.0,-0.08569962092467609
2024-01-08,336896788.65460384,0.0,-0.08569962092467609
2024-01-09,336492512.50821835,-0.0011999999999999,-0.08679678137956637
2024-01-10,329818335.7768611,-0.019834547525613276,-0.10490975401983638
2024-01-11,336048078.25794196,0.01888840554121172,-0.08800292645778007
2024-01-12,331530280.37691677,-0.013443903338014176,-0.10026372695903352
2024-01-15,325383757.0418203,-0.018539855026540854,-0.11694470702333315
2024-01-16,328927927.7584896,0.010892279162582178,-0.10732622225623556
2024-01-17,328927927.7584896,0.0,-0.10732622225623556
2024-01-18,328297034.8958405,-0.001918027657147759,-0.10903839525075865
2024-01-19,330057637.5983942,0.005362834614428606,-0.10426031551668258
2024-01-22,333723796.0927485,0.011107631142943575,-0.0943107695013452
2024-01-23,337824599.6999675,0.012288016782834645,-0.08318164503694514
2024-01-24,335132798.3425847,-0.00796804424477509,-0.0904868942537127
2024-01-25,337326914.4403575,0.006547004974218827,-0.08453230742627449
2024-01-26,337333918.90110695,2.0764606823822826e-05,-0.0845132980995783
2024-01-29,338140046.131292,0.002389701079604025,-0.08232555853968371
2024-01-30,340200954.6260257,0.006094837089876921,-0.07673248231743934
2024-01-31,335335070.45289516,-0.014302970367850543,-0.08993795026445195
2024-02-01,337234769.10110426,0.0056650759660879174,-0.08478237961884638
2024-02-02,335344273.85933435,-0.005605872866576021,-0.08991297324395331
2024-02-05,332040190.2640211,-0.009852810537922597,-0.09887988829160199
2024-02-06,332673047.06149507,0.0019059644465651952,-0.09716238539660094
2024-02-07,330920580.53733647,-0.005267834408702942,-0.10191838444827994
2024-02-15,331699144.3467409,0.0023527210309501755,-0.09980544894386167
2024-02-16,327771156.7500157,-0.011842019081662486,-0.11046556999467705
2024-02-19,330434750.04401255,0.008126380979972373,-0.1032368743216513
2024-02-20,334063470.30101055,0.010981654491589252,-0.093388931514654
2024-02-21,335254853.2381242,0.003566337067743856,-0.09015565085508792
2024-02-22,334580669.0264507,-0.00201096033409139,-0.09198531175141544
2024-02-23,330550755.6357167,-0.012044668935775925,-0.10292204806019145
2024-02-26,341554792.370796,0.03329000629242652,-0.0730583173953182
2024-02-27,345926339.0998042,0.012798961767347693,-0.061194426239099875
2024-02-28,345070855.11921734,-0.002473023542564269,-0.06351611452490113
2024-02-29,342134661.0593517,-0.008508959873911223,-0.07148461832897324
2024-03-01,346029567.16526425,0.011384131890796352,-0.06091427676139716
2024-03-04,348333660.3262061,0.006658659778172657,-0.05466122442781207
2024-03-05,353497649.46776605,0.01482483529362051,-0.04064673278328157
2024-03-06,348882583.71706015,-0.013055435467971128,-0.05317150745441668
2024-03-07,348781807.44613963,-0.00028885440438678785,-0.053445003034687355
2024-03-08,346499689.35761845,-0.006543111021848801,-0.059638417468117155
2024-03-11,350639520.5781386,0.0119475755611644,-0.04840337640600134
2024-03-12,360898846.50022244,0.029258897870862235,-0.020560707982007154
2024-03-13,369787646.27948177,0.02462961537687776,0.0
2024-03-14,368312410.5687697,-0.0039894131822811275,-0.003989413182281076
2024-03-15,376421651.5904969,0.022017289640619053,0.0
2024-03-18,360394004.0540446,-0.04257897352272529,-0.04257897352272533
2024-03-19,360647798.6553315,0.0007042142722464082,-0.04190474397133115
2024-03-20,364534668.03469956,0.010777465976113499,-0.03157890494760651
2024-03-21,366065153.12556016,0.004198462382499435,-0.027513025409610092
2024-03-22,368717036.5544152,0.007244293553244787,-0.02046804428897042
2024-03-25,359834911.85260105,-0.02408927123307293,-0.04406425525155577
2024-03-26,368909354.97247005,0.025218351029780435,-0.019957132078574857
2024-03-27,366437943.60599375,-0.0066992374499712185,-0.026522671961931366
2024-03-28,370372614.2589903,0.010737617983216359,-0.016069844298136293
2024-03-29,369657117.6580884,-0.0019318291184498234,-0.01797062922344206
2024-04-01,368698546.29136574,-0.002593136506597086,-0.020517165435353313
2024-04-02,378192276.65837634,0.025749302411157676,0.0
2024-04-03,371652758.86268586,-0.01729151598089791,-0.017291515980897953
2024-04-04,369776750.83868474,-0.005047744108619003,-0.022251976941595197
2024-04-05,359596874.8116894,-0.027529789268542566,-0.049169173974127234
2024-04-08,359831675.41240466,0.0006529550648576631,-0.04854832417045085
2024-04-09,365009989.18395984,0.014390933665359774,-0.03485604621779237
2024-04-10,361041215.6265729,-0.010873054642312075,-0.045350109164963515
2024-04-11,368727477.04483706,0.021289152278431547,-0.025026422266388293
2024-04-12,374802584.8740254,0.01647587502259729,-0.008962879449314731
2024-04-15,354968495.90407217,-0.052918762490978176,-0.061407337451479416
2024-04-16,357069882.0469331,0.005919922942764009,-0.05585094121454848
2024-04-17,345200315.91814506,-0.03324157742104926,-0.08723594524917588
2024-04-19,329293448.43500113,-0.04608010696871961,-0.12929621052929607
2024-04-22,334099192.8135901,0.01459410869371601,-0.11658906478573017
2024-04-23,334099192.8135901,0.0,-0.11658906478573017
2024-04-24,334099192.8135901,0.0,-0.11658906478573017
2024-04-25,334099192.8135901,0.0,-0.11658906478573017
2024-04-26,333831913.45933926,-0.0007999999999999288,-0.11729579353390152
2024-05-02,336341030.51091146,0.007516109006989274,-0.11066129249717438
2024-05-03,336341030.51091146,0.0,-0.11066129249717438
2024-05-06,341123739.0040262,0.014219818753155514,-0.09801505726631854
2024-05-07,342692726.1917782,0.0045994664350624105,-0.09386640779728339
2024-05-08,341914544.8420571,-0.002270784554923956,-0.09592404196315507
2024-05-09,341974116.64626896,0.00017423009670259373,-0.09576652472155978
2024-05-10,340411441.7026719,-0.0045695708170027305,-0.09989848362194909
2024-05-13,336045463.30411136,-0.012825592397020347,-0.11144281878695395
2024-05-14,335903083.2622322,-0.0004236927958474693,-0.11181929406333246
2024-05-15,338635010.2595879,0.008133081038803516,-0.10459564840484781
2024-05-16,338494403.0549246,-0.00041521756582549226,-0.10496743602014669
2024-05-17,342613719.12209815,0.01216952490202662,-0.09407531494466914
2024-05-20,339912324.3212397,-0.00788466617092976,-0.1012182286623351
2024-05-21,340591639.176508,0.001998500220975518,-0.09942201309370802
2024-05-22,336609104.3191513,-0.011692990664673423,-0.10995246308741369
2024-05-23,336745366.59023994,0.0004048086321499628,-0.10959216416144757
2024-05-24,330449405.04551864,-0.01869650534013846,-0.12623967901910427
2024-05-27,330938487.5047816,0.0014800524733751515,-0.12494646789489938
2024-05-28,335691648.128345,0.014362671019020513,-0.112378361889242
2024-05-29,332793451.5805108,-0.008633508054171636,-0.12004165045092818
2024-05-30,333425575.2559088,0.001899447457261839,-0.11837021580138085
2024-05-31,331588894.53622514,-0.005508517810230871,-0.12322668916966895
2024-06-03,333532318.26430017,0.005860943355154236,-0.11808797045958142
2024-06-04,334635100.4705459,0.0033063728636091136,-0.11517204045701845
2024-06-05,333120631.88900673,-0.004525731399394713,-0.11917653413658447
2024-06-06,331468182.0865371,-0.0049605147333539965,-0.12354587191648392
2024-06-07,333112652.25213367,0.0049611704968026745,-0.11919763355443502
2024-06-10,337494470.35007083,0.013154162918496892,-0.10761141572721256
2024-06-11,335245210.20646775,-0.006664583693089875,-0.11355881413385649
2024-06-12,335836700.78968585,0.0017643520778531509,-0.11199481978567893
2024-06-13,336165528.3258312,0.0009791292475543171,-0.11112534794175133
2024-06-14,327730821.3860299,-0.025090933570160314,-0.1334280427887442
2024-06-17,326138813.3023282,-0.004857669708844578,-0.13763756313582354
2024-06-18,328347389.38951564,0.006771889750945025,-0.131797739788023
2024-06-19,329939397.4732173,0.004848548016969567,-0.12758821944094378
2024-06-20,330010896.8312368,0.00021670451776003834,-0.12739916386674954
2024-06-21,331273709.6301636,0.003826579094970358,-0.12406008774894839
2024-06-24,321070660.7806941,-0.03079945239500062,-0.15103855737720562
2024-06-25,320885621.1025146,-0.0005763207317964597,-0.15152783145708504
2024-06-26,323526301.19905156,0.00822935003277478,-0.14454545698907784
2024-06-27,323113329.3427257,-0.0012764707376040543,-0.14563741968058175
2024-06-28,315394973.4822327,-0.023887457308535108,-0.16604596934397176
2024-07-01,315926138.8453034,0.001684127547139393,-0.16464148438789605
2024-07-02,316411048.8423446,0.0015348840675655747,-0.16335930591157777
2024-07-03,316411048.8423446,0.0,-0.16335930591157777
2024-07-04,318350688.8305093,0.006130127235636359,-0.15823059200630463
2024-07-05,318350688.8305093,0.0,-0.15823059200630463
2024-07-08,316757850.6516101,-0.005003407357938087,-0.16244230725594744
2024-07-09,316295279.1368209,-0.001460331650305106,-0.1636654192636181
2024-07-10,314453880.83542305,-0.005821769791895377,-0.16853436666166666
2024-07-11,315951150.5978801,0.004761492395893516,-0.16457534937107943
2024-07-12,315125269.3118439,-0.0026139524558572514,-0.16675910968827456
2024-07-15,314117733.14018416,-0.0031972560431599768,-0.16942319416023177
2024-07-16,312683675.2875023,-0.0045653514634332515,-0.17321506919626606
2024-07-17,311188763.50159353,-0.004780907684209087,-0.17716785162513393
2024-07-18,313872028.83661133,0.008622629251856197,-0.17007287507318913
2024-07-19,312382062.6123209,-0.004747050031227997,-0.17401258065748992
2024-07-22,311162999.3379015,-0.0039024752709067518,-0.17723597613555409
2024-07-23,310621193.4381595,-0.0017412285551135981,-0.178668596348027
2024-07-24,312517514.08725643,0.006104930021378074,-0.1736544256043715
2024-07-25,312246611.1373854,-0.0008668408574226857,-0.17437073571060802
2024-07-26,311162999.3379015,-0.0034703716896615938,-0.17723597613555409
2024-07-29,311569353.76270795,0.0013059214163352465,-0.17616151097619936
2024-07-30,311041634.8163593,-0.0016937447151833145,-0.17755688306314799
2024-07-31,311041634.8163593,0.0,-0.17755688306314799
2024-08-01,311041634.8163593,0.0,-0.17755688306314799
2024-08-02,311041634.8163593,0.0,-0.17755688306314799
2024-08-05,311041634.8163593,0.0,-0.17755688306314799
2024-08-06,311041634.8163593,0.0,-0.17755688306314799
2024-08-07,311041634.8163593,0.0,-0.17755688306314799
2024-08-08,311041634.8163593,0.0,-0.17755688306314799
2024-08-09,311041634.8163593,0.0,-0.17755688306314799
2024-08-12,311041634.8163593,0.0,-0.17755688306314799
2024-08-13,311041634.8163593,0.0,-0.17755688306314799
2024-08-14,311041634.8163593,0.0,-0.17755688306314799
2024-08-15,311041634.8163593,0.0,-0.17755688306314799
2024-08-16,311041634.8163593,0.0,-0.17755688306314799
2024-08-19,311041634.8163593,0.0,-0.17755688306314799
2024-08-20,311041634.8163593,0.0,-0.17755688306314799
2024-08-21,310668384.8545797,-0.001199999999999882,-0.17854381480347215
2024-08-22,311009619.9484055,0.00109839014995216,-0.177641535421035
2024-08-23,310709912.44267267,-0.000963659920817092,-0.17843400931389441
2024-08-26,311243491.71468174,0.0017172907932492252,-0.17702314160204247
2024-08-27,311364976.65484893,0.0003903212224548439,-0.17670191626862053
2024-08-28,314926972.03353316,0.011439935913642365,-0.16728343895290898
2024-08-29,312170578.37386215,-0.008752485193226035,-0.1745717783236278
2024-08-30,311087400.4511038,-0.003469827068267477,-0.1774358715101123
2024-09-04,309503831.4664688,-0.005090431121089065,-0.18162307754886875
2024-09-05,309454015.10575247,-0.0001609555541858937,-0.1817547998599549
2024-09-06,309503831.4664688,0.00016098146504681395,-0.18162307754886875
2024-09-09,307932190.6748116,-0.005077936464342215,-0.1857787435649596
2024-09-10,306819058.24360114,-0.0036148621836876076,-0.18872204119400116
2024-09-11,306455691.8477876,-0.0011843019071032656,-0.18968283922780593
2024-09-12,304455079.5970797,-0.006528226767938777,-0.19497277340727914
2024-09-13,305625739.24985206,0.0038450981153661,-0.1918773647354891
2024-09-16,303619446.30509746,-0.0065645418140467425,-0.19718231956556065
2024-09-17,303619446.30509746,0.0,-0.19718231956556065
2024-09-18,303619446.30509746,0.0,-0.19718231956556065
2024-09-19,303619446.30509746,0.0,-0.19718231956556065
2024-09-20,303619446.30509746,0.0,-0.19718231956556065
2024-09-23,303619446.30509746,0.0,-0.19718231956556065
2024-09-24,303619446.30509746,0.0,-0.19718231956556065
2024-09-25,303619446.30509746,0.0,-0.19718231956556065
2024-09-26,303255102.9695313,-0.001200000000000152,-0.19814570078208205
2024-09-27,299522772.16132593,-0.01230756142817607,-0.20801457182615368
2024-09-30,296792186.3585107,-0.009116454762726815,-0.2152346711548394
2024-10-01,297470722.8469244,0.002286234340395039,-0.21344051371088213
2024-10-02,295436171.617949,-0.0068395007397833085,-0.21882018789924018
2024-10-03,293671439.83564425,-0.005973309810509164,-0.22348641693463334
2024-10-04,293620617.57406986,-0.00017305823679289573,-0.22362079900616438
2024-10-07,295209271.6273122,0.0054105670997084045,-0.2194201472443692
2024-10-08,292899328.46339667,-0.007824764958031905,-0.22552800112315718
2024-10-09,295466420.53760374,0.008764417752934092,-0.2187402049870506
2024-10-10,300824321.16617984,0.018133704056208327,-0.20457307107327183
2024-10-11,300295029.1797026,-0.0017594720547374461,-0.205972602526304
2024-10-14,297737151.71778125,-0.008517881461136837,-0.21273603377487993
2024-10-15,292711760.1384902,-0.016878617768381517,-0.2260239613436138
2024-10-16,289354573.6942129,-0.011469257137768933,-0.2349008915494356
2024-10-17,295214738.4238076,0.02025253879618185,-0.2194056921726164
2024-10-18,293307779.52380234,-0.006459565366508457,-0.22444799212875188
2024-10-21,295808805.3807624,0.008526967341338782,-0.21783488548612395
2024-10-22,295775348.7830214,-0.0001131021022107262,-0.2179233500048514
2024-10-23,300718137.98862076,0.0167112953325443,-0.20485383613409558
2024-10-24,298768994.5390271,-0.0064816291515725575,-0.21000767868956993
2024-10-25,301125975.274214,0.00788897368290688,-0.20377545005705344
2024-10-28,301610685.50179887,0.001609659303364473,-0.20249379980267057
2024-10-29,303550834.54801536,0.00643262702376941,-0.19736373986765754
2024-10-30,303999887.1721155,0.001479332530146999,-0.19617637393816834
2024-10-31,303999887.1721155,0.0,-0.19617637393816834
2024-11-01,303999887.1721155,0.0,-0.19617637393816834
2024-11-04,303999887.1721155,0.0,-0.19617637393816834
2024-11-05,303999887.1721155,0.0,-0.19617637393816834
2024-11-06,303999887.1721155,0.0,-0.19617637393816834
2024-11-07,303999887.1721155,0.0,-0.19617637393816834
2024-11-08,303999887.1721155,0.0,-0.19617637393816834
2024-11-11,303999887.1721155,0.0,-0.19617637393816834
2024-11-12,303999887.1721155,0.0,-0.19617637393816834
2024-11-13,303999887.1721155,0.0,-0.19617637393816834
2024-11-14,303999887.1721155,0.0,-0.19617637393816834
2024-11-15,303999887.1721155,0.0,-0.19617637393816834
2024-11-18,303999887.1721155,0.0,-0.19617637393816834
2024-11-19,303999887.1721155,0.0,-0.19617637393816834
2024-11-20,303999887.1721155,0.0,-0.19617637393816834
2024-11-21,303999887.1721155,0.0,-0.19617637393816834
2024-11-22,303999887.1721155,0.0,-0.19617637393816834
2024-11-25,303999887.1721155,0.0,-0.19617637393816834
2024-11-26,303999887.1721155,0.0,-0.19617637393816834
2024-11-27,303999887.1721155,0.0,-0.19617637393816834
2024-11-28,303999887.1721155,0.0,-0.19617637393816834
2024-11-29,303999887.1721155,0.0,-0.19617637393816834
2024-12-02,303999887.1721155,0.0,-0.19617637393816834
2024-12-03,303999887.1721155,0.0,-0.19617637393816834
2024-12-04,303999887.1721155,0.0,-0.19617637393816834
2024-12-05,303999887.1721155,0.0,-0.19617637393816834
2024-12-06,303999887.1721155,0.0,-0.19617637393816834
2024-12-09,303999887.1721155,0.0,-0.19617637393816834
2024-12-10,303999887.1721155,0.0,-0.19617637393816834
2024-12-11,303999887.1721155,0.0,-0.19617637393816834
2024-12-12,303999887.1721155,0.0,-0.19617637393816834
2024-12-13,303635087.30750895,-0.001200000000000068,-0.19714096228944256
2024-12-16,304759754.7464077,0.003704010128973421,-0.19416716428162484
2024-12-17,306454881.7241361,0.005562174635358108,-0.18968498132245337
2024-12-18,307585521.72298115,0.0036894174845053303,-0.1866953909245871
2024-12-19,313320723.6930243,0.01864587753648685,-0.1715306127839067
2024-12-20,316842795.60461736,0.011241107418875448,-0.1622176994089607
2024-12-23,313483661.1763966,-0.010601896192118425,-0.17109978039142104
2024-12-24,318832670.1922883,0.017063119002179175,-0.15695615730330736
2024-12-25,319820085.11877185,0.003096969096322722,-0.15434527657563057
2024-12-26,315888365.4652475,-0.012293535761095846,-0.16474136315958765
2024-12-27,311454684.00428414,-0.014035595943628194,-0.17646471589470536
2024-12-30,312942234.70198023,0.004776138469234349,-0.1725313973435182
2024-12-31,312298147.1045817,-0.002058167693510255,-0.17423446648889984
2025-01-02,313473929.4938891,0.003764935527823149,-0.1711255124941321
2025-01-03,313662393.0537462,0.000601209676866618,-0.17062718513133568
2025-01-06,311852824.7753118,-0.005769159193159396,-0.1754119689307918
2025-01-07,312434155.4160378,0.0018641185666502,-0.1738748390722381
2025-01-08,312434155.4160378,0.0,-0.1738748390722381
2025-01-09,312434155.4160378,0.0,-0.1738748390722381
2025-01-10,312434155.4160378,0.0,-0.1738748390722381
2025-01-13,312434155.4160378,0.0,-0.1738748390722381
2025-01-14,312434155.4160378,0.0,-0.1738748390722381
2025-01-15,312434155.4160378,0.0,-0.1738748390722381
2025-01-16,312434155.4160378,0.0,-0.1738748390722381
2025-01-17,312434155.4160378,0.0,-0.1738748390722381
2025-01-20,312434155.4160378,0.0,-0.1738748390722381
2025-01-21,312434155.4160378,0.0,-0.1738748390722381
2025-01-22,312434155.4160378,0.0,-0.1738748390722381
2025-01-23,312434155.4160378,0.0,-0.1738748390722381
2025-01-24,312434155.4160378,0.0,-0.1738748390722381
2025-02-03,312434155.4160378,0.0,-0.1738748390722381
2025-02-04,312434155.4160378,0.0,-0.1738748390722381
2025-02-05,312059234.42953855,-0.0012000000000000146,-0.17486618926535147
2025-02-06,312051135.72304016,-2.5952465445188178e-05,-0.17488760352206223
2025-02-07,310358893.48397404,-0.005422964525173424,-0.17936215877744288
2025-02-10,303541719.9248297,-0.021965452584964625,-0.19738784036824464
2025-02-11,306279845.56813455,0.009020590790560537,-0.19014780451267854
2025-02-12,313012416.4355289,0.021981762642284637,-0.1723458257761432
2025-02-13,317839166.2336667,0.015420314162304194,-0.15958313839186888
2025-02-14,316414581.2834927,-0.004482093780496257,-0.1633499655803068
2025-02-17,321569842.9270686,0.016292743598175185,-0.1497186410881023
2025-02-18,329014012.6603507,0.023149464718214923,-0.13003508276941556
2025-02-19,326292269.8655941,-0.008272422115851686,-0.13723179979072886
2025-02-20,324929082.65366256,-0.0041778103186233895,-0.14083628168014328
2025-02-21,330831861.37822497,0.01816636010650391,-0.12522840418270187
2025-02-24,336915610.1356168,0.018389246827821514,-0.10914201338925034
2025-02-25,343454181.6065451,0.01940714907301676,-0.09185299964020788
2025-02-26,341911217.43695366,-0.0044924891069138845,-0.09593284014680081
2025-02-27,339007080.5828922,-0.008493833211532433,-0.10361183581461764
2025-02-28,341366061.85969806,0.00695850149427505,-0.09737431743468328
2025-03-03,337915625.1034515,-0.010107732260931965,-0.10649781616589438
2025-03-04,340729417.0205963,0.008326906801907737,-0.09905770675380676
2025-03-05,340639233.29127336,-0.00026467843637204507,-0.09929616675124464
2025-03-06,352626911.1347556,0.03519171214559377,-0.06759885672312149
2025-03-07,354083191.4098486,0.0041298047004031556,-0.06374822209895536
2025-03-10,351631004.6125277,-0.006925453839130295,-0.07023219056861274
2025-03-11,355206999.6299293,0.010169737510325823,-0.06077669600114488
2025-03-12,354170225.0541177,-0.002918789823657144,-0.06351809142299836
2025-03-13,349506124.0350503,-0.013169094094103268,-0.07585070979447439
2025-03-14,350670381.79905367,0.0033311512558407653,-0.0727722287258219
2025-03-17,355649284.0993283,0.014198240167108538,-0.0596072261396583
2025-03-18,350411535.6898984,-0.014727285119367967,-0.07345665864449291
2025-03-19,344919320.9592744,-0.01567361279876463,-0.08797894021817265
2025-03-20,347380835.35228586,0.007136493212863795,-0.08147030811505085
2025-03-21,346807722.9242016,-0.0016498101500131677,-0.08298570772381109
2025-03-24,351346830.4706974,0.013088253941472531,-0.07098359179854064
2025-03-25,357179883.4995022,0.01660197993245099,-0.05556008003266233
2025-03-26,359547055.43018234,0.00662739431876055,-0.049300904272660095
2025-03-27,354840486.8065529,-0.013090271641908588,-0.06174581368544785
2025-03-28,354563474.57767916,-0.0007806669170329131,-0.06247827768847125
2025-03-31,356570036.2501358,0.005659245287029747,-0.05717261229999171
2025-04-01,358654496.79245675,0.005845865693713833,-0.05166097001914238
2025-04-02,358674227.7700142,5.501388588164865e-05,-0.05160879820396991
2025-04-03,346130914.4816475,-0.034971325836127935,-0.08477529594209587
2025-04-04,350793866.3917321,0.013471642419076219,-0.07244571599592287
2025-04-08,341895014.1480736,-0.02536775324834534,-0.09597568419698399
2025-04-09,333540161.0835439,-0.024436896470538344,-0.11806723280911158
2025-04-10,341168328.6774464,0.02287031213609042,-0.09789715514040997
2025-04-11,349340495.45047766,0.023953474241618464,-0.07628865788277506
2025-04-14,358243407.38950276,0.025484912442070937,-0.05274795520716968
2025-04-15,367453173.838632,0.02570812542299163,-0.02839588083245037
2025-04-16,367453173.838632,0.0,-0.02839588083245037
2025-04-17,367453173.838632,0.0,-0.02839588083245037
2025-04-18,367453173.838632,0.0,-0.02839588083245037
2025-04-21,367453173.838632,0.0,-0.02839588083245037
2025-04-22,367453173.838632,0.0,-0.02839588083245037
2025-04-23,367453173.838632,0.0,-0.02839588083245037
2025-04-24,367453173.838632,0.0,-0.02839588083245037
2025-04-25,367453173.838632,0.0,-0.02839588083245037
2025-04-28,367453173.838632,0.0,-0.02839588083245037
2025-04-29,367453173.838632,0.0,-0.02839588083245037
2025-05-05,367453173.838632,0.0,-0.02839588083245037
2025-05-06,367453173.838632,0.0,-0.02839588083245037
2025-05-07,367453173.838632,0.0,-0.02839588083245037
2025-05-08,367453173.838632,0.0,-0.02839588083245037
2025-05-09,367453173.838632,0.0,-0.02839588083245037
2025-05-12,367012230.03002566,-0.0011999999999999134,-0.02956180577545131
2025-05-13,371007002.88971907,0.010884576950927743,-0.018998996574294824
2025-05-14,379136962.72444856,0.021913224740790414,0.0
2025-05-15,382290819.64108235,0.008318516068627062,0.0
2025-05-16,388785250.55397844,0.01698819479629006,0.0
2025-05-19,391097608.898798,0.005947649355330934,0.0
2025-05-20,389566103.36496115,-0.00391591638248328,-0.003915916382483231
2025-05-21,389763023.60817575,0.0005054860818579087,-0.0034124097418544164
2025-05-22,380454439.20608985,-0.023882677006949002,-0.027213589269123317
2025-05-23,387303146.7181463,0.018001386779315686,-0.009702084835894631
2025-05-26,396566172.087965,0.023916731501692927,0.0
2025-05-27,403174367.7176306,0.016663538382189102,0.0
2025-05-28,396298012.68852973,-0.01705553621384199,-0.017055536213842037
2025-05-29,392173678.8612758,-0.010407152433780828,-0.027285189082405514
2025-05-30,383038932.079359,-0.023292605481430195,-0.04994225141905295
2025-06-02,388634218.0772171,0.014607616952886818,-0.03606417174466048
2025-06-03,388666543.80783033,8.317777773960427e-05,-0.035983993704582606
2025-06-04,390351867.87873346,0.00433616964915921,-0.03180385675678077
2025-06-05,391595033.3566728,0.0031847304451110467,-0.028720413022555014
2025-06-06,390940530.6585791,-0.0016713764025131999,-0.030343786804471806
2025-06-09,383018401.39871025,-0.020264282259307386,-0.04999317400315717
2025-06-10,393116873.24217755,0.026365500473579336,-0.024945768582433803
2025-06-11,402565912.1660361,0.024036207975325324,-0.0015091622888602219
2025-06-12,402955393.00269413,0.000967495818417337,-0.0005431265786466355
2025-06-13,398826200.20500684,-0.01024727021747463,-0.010784831231307579
2025-06-16,406419784.6829907,0.019039833576832556,0.0
2025-06-17,403386510.72870374,-0.007463401312150442,-0.007463401312150397
2025-06-18,401345063.26313853,-0.00506077276078816,-0.012486403494875287
2025-06-19,403293144.5983096,0.004853881394060653,-0.007693129622417083
2025-06-20,401925975.17886275,-0.0033900140326177924,-0.011057063837660142
2025-06-23,410295315.0951475,0.02082308791453517,0.0
2025-06-24,411680754.3137119,0.0033766878821005005,0.0
2025-06-25,410400422.9681269,-0.0031100102012768405,-0.0031100102012768804
2025-06-26,411110989.91835415,0.0017313991664244597,-0.001383995703922447
2025-06-27,404381443.278882,-0.016369172326939258,-0.017730513166684503
2025-06-30,407658901.1406286,0.008104867115492853,-0.009769349504297087
2025-07-01,406049765.7975501,-0.003947259187953796,-0.013678046537659694
2025-07-02,415512819.7544241,0.02330515802240886,0.0
2025-07-03,407870441.5832738,-0.018392641111932614,-0.018392641111932617
2025-07-04,407356685.7903601,-0.001259605356346576,-0.019629078999017224
2025-07-07,408938060.2461453,0.0038820387904448072,-0.01582324105466737
2025-07-08,410110572.68365,0.0028672127920765255,-0.013001396861754833
2025-07-09,410970007.10391283,0.0020956163471692836,-0.010933026454385097
2025-07-10,412989341.0164572,0.0049135797689338085,-0.006073166983050826
2025-07-11,414040698.0189907,0.0025457243035519406,-0.0035429032882871025
2025-07-14,418838937.6094985,0.011588811470624382,0.0
2025-07-15,427921310.95305336,0.02168464421047391,0.0
2025-07-16,443776457.7820979,0.03705154761685605,0.0
2025-07-17,456017395.3926488,0.027583566897010695,0.0
2025-07-18,459787086.53795505,0.008266551196057724,0.0
2025-07-21,448321233.06399846,-0.024937310789414892,-0.024937310789414857
2025-07-22,456560495.29975045,0.018378032598281645,-0.007017576901734546
2025-07-23,453259917.01549464,-0.007229224425317042,-0.014196069688707125
2025-07-24,456993530.9778799,0.008237247156045355,-0.006075759067332043
2025-07-25,462184910.85588586,0.01135985419070902,0.0
2025-07-28,472028639.68331206,0.021298247944090874,0.0
2025-07-29,453739372.43068016,-0.03874609656079835,-0.038746096560798304
2025-07-30,458273610.60530955,0.00999304545765886,-0.029140242607378353
2025-07-31,463420429.8912002,0.011230887327534474,-0.018236626061264416
2025-08-01,457249504.78158593,-0.013316040276996496,-0.0313098266911126
2025-08-04,456314597.29464966,-0.002044633131714047,-0.03329044271382575
2025-08-05,456225398.9578624,-0.00019547552788386173,-0.03347941077484662
2025-08-06,457633425.11957294,0.003086251148942735,-0.030496485495873693
2025-08-07,456342960.79835016,-0.002819864656707719,-0.03323035419097786
2025-08-08,469253689.7260518,0.028291723630654783,-0.0058787745572429495
2025-08-11,474501419.3953889,0.011183139918197969,0.0
2025-08-12,484097096.92661,0.020222652955280793,0.0
2025-08-13,492992500.81167567,0.01837524732443135,0.0
2025-08-14,502089407.9396521,0.01845242496183823,0.0
2025-08-15,508383225.4013941,0.012535252411655177,0.0
2025-08-18,517215451.7020489,0.017373166263857903,0.0
2025-08-19,507424256.17275596,-0.0189305936183309,-0.018930593618330938
2025-08-20,502420363.3085027,-0.009861359214467024,-0.028605271448984504
2025-08-21,498570477.831684,-0.007662678024168228,-0.03604875648824524
2025-08-22,499853772.99062353,0.0025739493532001253,-0.033567594808491696
2025-08-25,495747228.4820169,-0.008215491670768373,-0.04150731218370318
2025-08-26,501706645.8729068,0.012021080600163273,-0.029985194328796316
2025-08-27,501706645.8729068,0.0,-0.029985194328796316
2025-08-28,501706645.8729068,0.0,-0.029985194328796316
2025-08-29,501706645.8729068,0.0,-0.029985194328796316
2025-09-03,501305280.5562085,-0.0007999999999999747,-0.030761206173333222
2025-09-04,504741934.6068673,0.006855411630305956,-0.024116675273590182
2025-09-05,498783288.93994385,-0.01180533111750369,-0.03563730105403584
2025-09-08,492515432.3553509,-0.012566292262745839,-0.04775576457628117
2025-09-09,500425768.99485517,0.016061093967502178,-0.032461680431128626
2025-09-10,498323646.17695194,-0.0042006686069054775,-0.036525988276119636
2025-09-11,501360045.80281216,0.006093228064040143,-0.03065532138891036
2025-09-12,502527891.8127584,0.002329355958303761,-0.028397372586137504
2025-09-15,505143818.65970445,0.0052055356320814,-0.023339660488910785
2025-09-16,500169016.2839247,-0.009848289124826602,-0.03295809388916726
2025-09-17,499547165.9869522,-0.00124328032470431,-0.03416039806419946
2025-09-18,501412716.8778696,0.003734483984573635,-0.030553485539103198
2025-09-19,496904302.2248192,-0.008991424631435005,-0.03927019080808569
2025-09-22,492058844.7108097,-0.00975128911606243,-0.04863854493993558
2025-09-23,492058844.7108097,0.0,-0.04863854493993558
2025-09-24,492058844.7108097,0.0,-0.04863854493993558
2025-09-25,491862021.1729254,-0.00039999999999994126,-0.04901908952195955
2025-09-26,490711634.2230092,-0.002338840773217046,-0.0512432824499367
2025-09-29,496230157.1276795,0.011245958970197038,-0.040573603331669816
2025-09-30,496460234.51766276,0.00046365055948028184,-0.04012876474607441
2025-10-01,497610621.46757895,0.0023171784363229925,-0.037904571818097255
2025-10-02,493472562.90280807,-0.00831585658796169,-0.04590521942279158
2025-10-03,489561247.27309304,-0.007926105570504391,-0.05346747537791374
2025-10-06,495770002.3477131,0.012682284615466355,-0.04146328050286052
2025-10-07,493793158.81258726,-0.003987420630059366,-0.0452853695928529
2025-10-08,501097292.8038429,0.014791889804264845,-0.031163335985350926
2025-10-09,503903342.8765323,0.005599810881013593,-0.0257380338922768
2025-10-10,512896436.151861,0.017846861709612048,-0.008350515314217488
2025-10-13,524352253.43181825,0.022335536908595983,0.0
2025-10-14,522461397.9226465,-0.0036060787319904084,-0.0036060787319903698
2025-10-15,518968695.7138351,-0.0066850914205311635,-0.010267063186528591
2025-10-16,518366081.600343,-0.0011611762298364507,-0.01141631754664263
2025-10-17,517235135.57209736,-0.0021817516006334306,-0.013573161578195325
2025-10-20,501938559.11490226,-0.029573738141891782,-0.04274549059381594
2025-10-21,505062869.74100316,0.006224488175624878,-0.036787071218953526
2025-10-22,504788208.88655436,-0.0005438151780780119,-0.037310881029345655
2025-10-23,513028034.520018,0.016323332218156926,-0.02159658671758291
2025-10-24,515774643.0645058,0.005353720186183438,-0.01635848861366207
2025-10-27,512341382.383896,-0.006656513124047548,-0.02290611124356312
2025-10-28,516529960.41424,0.00817536543867448,-0.014918011635083772
2025-10-29,510559303.6491627,-0.011559168339991398,-0.026304740167287233
2025-10-30,497809292.53251284,-0.024972634962325938,-0.05062047645563672
2025-10-31,485167564.10457295,-0.025394721668668404,-0.07472970521397881
2025-11-03,486443139.9204234,0.0026291448774087857,-0.07229703555822364
2025-11-04,490994273.5826055,0.009355941709706517,-0.06361750069898442
2025-11-05,493712664.6745892,0.005536502640140039,-0.05843321651942346
2025-11-06,494605312.4515478,0.0018080309476098564,-0.0567308346356491
2025-11-07,482903638.5247935,-0.023658609465300896,-0.07904727143966461
2025-11-10,474296000.8266787,-0.017824752210213207,-0.09546302562357234
2025-11-11,482489706.38306403,0.017275510529509087,-0.07983668759840201
2025-11-12,494858155.10999066,0.025634637513089073,-0.0562486346321438
2025-11-13,492392544.28179395,-0.004982459726562818,-0.06095083780197774
2025-11-14,494720824.6827663,0.004728504580361603,-0.056510539537339644
2025-11-17,500002014.9544167,0.010675091906706924,-0.04643870283389151
2025-11-18,502499554.17188233,0.00499505830530169,-0.041675608556867694
2025-11-19,497474075.7744501,-0.010000960907744844,-0.051259773332628766
2025-11-20,504532484.7106761,0.01418849600401321,-0.037798576417712226
2025-11-21,503696737.8848045,-0.00165647773175764,-0.03939244164934175
2025-11-24,509038836.2610617,0.010605783151764185,-0.029204446191529065
2025-11-25,505376525.97768295,-0.0071945596730473346,-0.03618889273373305
2025-11-26,513028988.2129801,0.015142100675319198,-0.0215947679155164
2025-11-27,514472981.72180504,0.002814643113744445,-0.018840906366578314
2025-11-28,521447560.9608651,0.013556745420756541,-0.0055395823169297476
2025-12-01,526276858.2802862,0.009261328810364412,0.0
2025-12-02,529412943.53224313,0.005959002761787244,0.0
2025-12-03,524875630.5372939,-0.00857046101796505,-0.008570461017965103
2025-12-04,524695810.4972279,-0.0003425955209273658,-0.008910120337335403
2025-12-05,540061483.7545708,0.02928491699367993,0.0
2025-12-08,551222692.3946033,0.02066655182006015,0.0
2025-12-09,557321947.326728,0.011064956171576597,0.0
2025-12-10,533977954.40119743,-0.0418860104783299,-0.04188601047832985
2025-12-11,522174130.2503384,-0.022105452207471486,-0.06306555348301102
2025-12-12,519011979.68848586,-0.006055739606128191,-0.06873938451912975
2025-12-15,516903221.62210894,-0.004063023877873905,-0.07252311863635208
2025-12-16,524847201.6989779,0.01536840891016256,-0.05826927466883325
2025-12-17,519900178.9870433,-0.009425643684334423,-0.06714569293239459
2025-12-18,518985829.06645435,-0.0017587028386304077,-0.06878630645026296
2025-12-19,529448458.3162478,0.020159759021963135,-0.05001326279034801
2025-12-22,547237888.2885797,0.03359992779827112,-0.018093777010788625
2025-12-23,559158423.2820916,0.021783095155914638,0.0
2025-12-24,561910415.4277754,0.004921668048082689,0.0
2025-12-25,545167385.2528634,-0.02979661831355398,-0.029796618313553958
2025-12-26,536590351.99986047,-0.01573284368254106,-0.04506067645789957
2025-12-29,544486451.1831977,0.014715320828838393,-0.0310084379399036
2025-12-30,549018355.2816027,0.008323263303534802,-0.022943266029973985
2025-12-31,559841308.4102982,0.019713281030730154,-0.0036822720502555084
2026-01-05,563528417.4974066,0.006585989693361737,0.0
2026-01-06,565127640.1627572,0.002837874037395667,0.0
2026-01-07,578938153.8582927,0.024437866269570716,0.0
2026-01-08,570480553.294836,-0.014608815306249155,-0.014608815306249134
2026-01-09,571636253.7018721,0.0020258366395861636,-0.012612573739971378
2026-01-12,565148643.0501442,-0.011349193844362828,-0.02381862504008292
2026-01-13,570916520.9935687,0.010205948495770686,-0.01385576820471135
2026-01-14,558451193.1968981,-0.02183388873556696,-0.03538713163895091
2026-01-15,545156477.660264,-0.023806405463165786,-0.058351096698141425
2026-01-16,553499412.1763974,0.01530374279315206,-0.043940344080556026
2026-01-19,555246190.32142,0.0031558807590310904,-0.04092313380795398
2026-01-20,553697914.9737498,-0.002788448393988862,-0.04359747015519899
2026-01-21,558310131.3478125,0.008329842409252051,-0.03563078780178186
2026-01-22,578276608.0684246,0.03576233996042866,-0.0011426881877784067
2026-01-23,571174509.319658,-0.012281490639037202,-0.013410144912534117
2026-01-26,558099650.9920439,-0.02289117969075339,-0.035994350566415645
2026-01-27,557484789.9832656,-0.0011017047003797173,-0.03705640012158917
2026-01-28,559377346.1467638,0.0033948121948851255,-0.033787387445735395
2026-01-29,562094035.5042671,0.004856630995547177,-0.02909484932331574
2026-01-30,563614279.408031,0.002704607783998358,-0.026468931695271425
2026-02-02,564948981.779117,0.0023681131224848506,-0.024163499997272297
2026-02-03,566858327.3911737,0.003379677941969007,-0.020865486903244856
2026-02-04,566659147.1021864,-0.00035137578361767624,-0.021209531060051412
2026-02-05,558733390.1534863,-0.013986815511990538,-0.03489969277400917
2026-02-06,545157538.7689302,-0.0242975480323929,-0.05834926384490979
2026-02-09,550910348.5845741,0.010552563995785236,-0.04841243418995489
2026-02-10,546270582.9804733,-0.008421997546463843,-0.05642670233445257
2026-02-11,557763952.6032664,0.021039700801908118,-0.036574202466899686
2026-02-12,553672839.7766299,-0.007334846232966249,-0.04364078254867787
2026-02-13,552243212.8813983,-0.0025820787882756967,-0.046110177398030916
2026-02-23,564896898.3456191,0.022913247585603758,-0.024253463723364344
2026-02-24,568831672.6632159,0.006965473397216978,-0.0174569271825028
2026-02-25,570174567.6298966,0.0023607949965118126,-0.015137344412337939
2026-02-26,567183695.0453584,-0.005245538391813387,-0.02030347928288634
2026-02-27,558243861.9648931,-0.015761794915050205,-0.03574525492141767
2026-03-02,565943986.4173901,0.013793478042721859,-0.02244482826758587
2026-03-03,565843041.8331664,-0.00017836497364829226,-0.022619189870031642
2026-03-04,565877676.3157866,6.120863925097256e-05,-0.022559365720613567
2026-03-05,548619797.9078987,-0.030497542366836928,-0.05236890287561713
2026-03-06,549896267.4484675,0.0023266924479147582,-0.05016405675852864
2026-03-09,530083865.6232391,-0.036029344074580534,-0.08438602277197937
2026-03-10,530264860.4122893,0.00034144557264994136,-0.0840733904331985
2026-03-11,541623962.6118612,0.021421563161360582,-0.06445281071519238
2026-03-12,541623962.6118612,0.0,-0.06445281071519238
2026-03-13,541623962.6118612,0.0,-0.06445281071519238
2026-03-16,541623962.6118612,0.0,-0.06445281071519238
2026-03-17,541623962.6118612,0.0,-0.06445281071519238
2026-03-18,541623962.6118612,0.0,-0.06445281071519238
2026-03-19,541623962.6118612,0.0,-0.06445281071519238
2026-03-20,541623962.6118612,0.0,-0.06445281071519238
2026-03-23,541623962.6118612,0.0,-0.06445281071519238
2026-03-24,541623962.6118612,0.0,-0.06445281071519238
2026-03-25,541623962.6118612,0.0,-0.06445281071519238
2026-03-26,541623962.6118612,0.0,-0.06445281071519238
2026-03-27,541623962.6118612,0.0,-0.06445281071519238
2026-03-30,541623962.6118612,0.0,-0.06445281071519238
2026-03-31,541623962.6118612,0.0,-0.06445281071519238
2026-04-01,541623962.6118612,0.0,-0.06445281071519238
2026-04-02,541623962.6118612,0.0,-0.06445281071519238
2026-04-03,541623962.6118612,0.0,-0.06445281071519238
2026-04-06,541623962.6118612,0.0,-0.06445281071519238
2026-04-07,541623962.6118612,0.0,-0.06445281071519238
2026-04-08,541623962.6118612,0.0,-0.06445281071519238
2026-04-09,541623962.6118612,0.0,-0.06445281071519238
2026-04-10,541623962.6118612,0.0,-0.06445281071519238
2026-04-13,541623962.6118612,0.0,-0.06445281071519238
2026-04-14,540974013.856727,-0.001199999999999984,-0.0655754673423341
2026-04-15,545341365.984254,0.008073127388118238,-0.05803173905560599
2026-04-16,553240059.3235061,0.014483943144485721,-0.04438832432017725
2026-04-17,548550159.2787457,-0.008477151944664323,-0.052489189695010374
2026-04-20,559661021.716749,0.02025496164765002,-0.03329739457154901
2026-04-21,553089471.6563723,-0.011742018481506085,-0.04464843443061006
2026-04-22,554409893.5580313,0.002387356782808865,-0.0423676693905809
2026-04-23,548185735.6300592,-0.011226635744227716,-0.05311865874322863
2026-04-24,542983991.9393476,-0.009489016865302003,-0.062103631759853895
2026-04-28,551860845.0447831,0.016348277734174993,-0.04677064144598997
2026-04-29,545450478.5136781,-0.011615911128075855,-0.057843268959626104
2026-05-04,541467274.9104992,-0.007302594387730422,-0.06472345741608398
2026-05-05,547091540.0957122,0.010387082370107449,-0.055008662929435514
2026-05-06,546556461.4534631,-0.0009780422525917634,-0.055932904385423754
2026-05-07,547915014.450662,0.0024856590178919955,-0.053586275495714264
2026-05-08,546249610.5699966,-0.003039529556121309,-0.056462927983663924
2026-05-11,537847319.5498463,-0.015381779423847537,-0.07097620710364216
2026-05-12,542510479.3890959,0.008670043839118624,-0.06292153009164647
2026-05-13,551563326.0955216,0.016686952695586257,-0.04728454599223342
2026-05-14,560496788.348148,0.016196621185577686,-0.031853774686023906
2026-05-15,569951317.051698,0.016868122886865462,-0.01552296518497287
2026-05-18,574612711.9766971,0.008178584355435925,-0.007471336709748755
2026-05-19,562788081.2239538,-0.0205784357120571,-0.027896023999641084
2026-05-20,569666669.2472634,0.012222341326685537,-0.016014637399936582
2026-05-21,559445022.7052749,-0.017943206253395516,-0.03367048971139175
2026-05-22,554235478.0152384,-0.009311986841611443,-0.042668937395860085
2026-05-25,560003887.1924871,0.010407867063844146,-0.03270516296018755
2026-05-26,550241355.6350393,-0.017432971057381553,-0.04956798585825717
2026-05-27,542784943.4142027,-0.01355116649171365,-0.06244744832094673
2026-05-28,551152386.909583,0.015415761982540905,-0.0479943613381385
2026-05-29,548263724.662232,-0.0052411317014305495,-0.05298394827086983
