date,equity,portfolio_return,drawdown
2018-01-02,100000000.0,0.0,0.0
2018-01-03,100000000.0,0.0,0.0
2018-01-04,100000000.0,0.0,0.0
2018-01-05,100000000.0,0.0,0.0
2018-01-08,100000000.0,0.0,0.0
2018-01-09,100000000.0,0.0,0.0
2018-01-10,100000000.0,0.0,0.0
2018-01-11,100000000.0,0.0,0.0
2018-01-12,100000000.0,0.0,0.0
2018-01-15,100000000.0,0.0,0.0
2018-01-16,100000000.0,0.0,0.0
2018-01-17,100000000.0,0.0,0.0
2018-01-18,100000000.0,0.0,0.0
2018-01-19,100000000.0,0.0,0.0
2018-01-22,100000000.0,0.0,0.0
2018-01-23,100000000.0,0.0,0.0
2018-01-24,100000000.0,0.0,0.0
2018-01-25,100000000.0,0.0,0.0
2018-01-26,100000000.0,0.0,0.0
2018-01-29,100000000.0,0.0,0.0
2018-01-30,100000000.0,0.0,0.0
2018-01-31,100000000.0,0.0,0.0
2018-02-01,100000000.0,0.0,0.0
2018-02-02,100000000.0,0.0,0.0
2018-02-05,100000000.0,0.0,0.0
2018-02-06,100000000.0,0.0,0.0
2018-02-07,100000000.0,0.0,0.0
2018-02-08,100000000.0,0.0,0.0
2018-02-09,100000000.0,0.0,0.0
2018-02-12,100000000.0,0.0,0.0
2018-02-13,100000000.0,0.0,0.0
2018-02-21,100000000.0,0.0,0.0
2018-02-22,100000000.0,0.0,0.0
2018-02-23,100000000.0,0.0,0.0
2018-02-26,100000000.0,0.0,0.0
2018-02-27,100000000.0,0.0,0.0
2018-02-28,100000000.0,0.0,0.0
2018-03-01,100000000.0,0.0,0.0
2018-03-02,100000000.0,0.0,0.0
2018-03-05,100000000.0,0.0,0.0
2018-03-06,100000000.0,0.0,0.0
2018-03-07,100000000.0,0.0,0.0
2018-03-08,100000000.0,0.0,0.0
2018-03-09,100000000.0,0.0,0.0
2018-03-12,100000000.0,0.0,0.0
2018-03-13,100000000.0,0.0,0.0
2018-03-14,100000000.0,0.0,0.0
2018-03-15,100000000.0,0.0,0.0
2018-03-16,100000000.0,0.0,0.0
2018-03-19,100000000.0,0.0,0.0
2018-03-20,100000000.0,0.0,0.0
2018-03-21,100000000.0,0.0,0.0
2018-03-22,100000000.0,0.0,0.0
2018-03-23,100000000.0,0.0,0.0
2018-03-26,100000000.0,0.0,0.0
2018-03-27,100000000.0,0.0,0.0
2018-03-28,100000000.0,0.0,0.0
2018-03-29,100000000.0,0.0,0.0
2018-03-30,100000000.0,0.0,0.0
2018-04-02,100000000.0,0.0,0.0
2018-04-03,100000000.0,0.0,0.0
2018-04-04,100000000.0,0.0,0.0
2018-04-05,100000000.0,0.0,0.0
2018-04-06,100000000.0,0.0,0.0
2018-04-09,100000000.0,0.0,0.0
2018-04-10,100000000.0,0.0,0.0
2018-04-11,100000000.0,0.0,0.0
2018-04-12,100000000.0,0.0,0.0
2018-04-13,100000000.0,0.0,0.0
2018-04-16,100000000.0,0.0,0.0
2018-04-17,100000000.0,0.0,0.0
2018-04-18,100000000.0,0.0,0.0
2018-04-19,100000000.0,0.0,0.0
2018-04-20,100000000.0,0.0,0.0
2018-04-23,100000000.0,0.0,0.0
2018-04-24,100000000.0,0.0,0.0
2018-04-26,100000000.0,0.0,0.0
2018-04-27,100000000.0,0.0,0.0
2018-05-02,100000000.0,0.0,0.0
2018-05-03,100000000.0,0.0,0.0
2018-05-04,100000000.0,0.0,0.0
2018-05-07,100000000.0,0.0,0.0
2018-05-08,100000000.0,0.0,0.0
2018-05-09,100000000.0,0.0,0.0
2018-05-10,100000000.0,0.0,0.0
2018-05-11,100000000.0,0.0,0.0
2018-05-14,100000000.0,0.0,0.0
2018-05-15,100000000.0,0.0,0.0
2018-05-16,100000000.0,0.0,0.0
2018-05-17,100000000.0,0.0,0.0
2018-05-18,100000000.0,0.0,0.0
2018-05-21,100000000.0,0.0,0.0
2018-05-22,100000000.0,0.0,0.0
2018-05-23,100000000.0,0.0,0.0
2018-05-24,100000000.0,0.0,0.0
2018-05-25,100000000.0,0.0,0.0
2018-05-28,100000000.0,0.0,0.0
2018-05-29,100000000.0,0.0,0.0
2018-05-30,100000000.0,0.0,0.0
2018-05-31,100000000.0,0.0,0.0
2018-06-01,100000000.0,0.0,0.0
2018-06-04,100000000.0,0.0,0.0
2018-06-05,100000000.0,0.0,0.0
2018-06-06,100000000.0,0.0,0.0
2018-06-07,100000000.0,0.0,0.0
2018-06-08,100000000.0,0.0,0.0
2018-06-11,100000000.0,0.0,0.0
2018-06-12,100000000.0,0.0,0.0
2018-06-13,100000000.0,0.0,0.0
2018-06-14,100000000.0,0.0,0.0
2018-06-15,100000000.0,0.0,0.0
2018-06-18,100000000.0,0.0,0.0
2018-06-19,100000000.0,0.0,0.0
2018-06-20,100000000.0,0.0,0.0
2018-06-21,100000000.0,0.0,0.0
2018-06-22,100000000.0,0.0,0.0
2018-06-25,100000000.0,0.0,0.0
2018-06-26,100000000.0,0.0,0.0
2018-06-27,100000000.0,0.0,0.0
2018-06-28,100000000.0,0.0,0.0
2018-06-29,100000000.0,0.0,0.0
2018-07-02,100000000.0,0.0,0.0
2018-07-03,100000000.0,0.0,0.0
2018-07-04,100000000.0,0.0,0.0
2018-07-05,100000000.0,0.0,0.0
2018-07-06,100000000.0,0.0,0.0
2018-07-09,100000000.0,0.0,0.0
2018-07-10,100000000.0,0.0,0.0
2018-07-11,100000000.0,0.0,0.0
2018-07-12,100000000.0,0.0,0.0
2018-07-13,100000000.0,0.0,0.0
2018-07-16,100000000.0,0.0,0.0
2018-07-17,100000000.0,0.0,0.0
2018-07-18,100000000.0,0.0,0.0
2018-07-19,100000000.0,0.0,0.0
2018-07-20,100000000.0,0.0,0.0
2018-07-23,100000000.0,0.0,0.0
2018-07-24,100000000.0,0.0,0.0
2018-07-25,100000000.0,0.0,0.0
2018-07-26,100000000.0,0.0,0.0
2018-07-27,100000000.0,0.0,0.0
2018-07-30,100000000.0,0.0,0.0
2018-07-31,100000000.0,0.0,0.0
2018-08-01,100000000.0,0.0,0.0
2018-08-02,100000000.0,0.0,0.0
2018-08-03,100000000.0,0.0,0.0
2018-08-06,100000000.0,0.0,0.0
2018-08-07,100000000.0,0.0,0.0
2018-08-08,100000000.0,0.0,0.0
2018-08-09,100000000.0,0.0,0.0
2018-08-10,100000000.0,0.0,0.0
2018-08-13,100000000.0,0.0,0.0
2018-08-14,100000000.0,0.0,0.0
2018-08-15,100000000.0,0.0,0.0
2018-08-16,100000000.0,0.0,0.0
2018-08-17,100000000.0,0.0,0.0
2018-08-20,100000000.0,0.0,0.0
2018-08-21,100000000.0,0.0,0.0
2018-08-22,100000000.0,0.0,0.0
2018-08-23,100000000.0,0.0,0.0
2018-08-24,100000000.0,0.0,0.0
2018-08-27,100000000.0,0.0,0.0
2018-08-28,100000000.0,0.0,0.0
2018-08-29,100000000.0,0.0,0.0
2018-08-30,100000000.0,0.0,0.0
2018-08-31,100000000.0,0.0,0.0
2018-09-04,100000000.0,0.0,0.0
2018-09-05,100000000.0,0.0,0.0
2018-09-06,100000000.0,0.0,0.0
2018-09-07,100000000.0,0.0,0.0
2018-09-10,100000000.0,0.0,0.0
2018-09-11,100000000.0,0.0,0.0
2018-09-12,100000000.0,0.0,0.0
2018-09-13,100000000.0,0.0,0.0
2018-09-14,100000000.0,0.0,0.0
2018-09-17,100000000.0,0.0,0.0
2018-09-18,100000000.0,0.0,0.0
2018-09-19,100000000.0,0.0,0.0
2018-09-20,100000000.0,0.0,0.0
2018-09-21,100000000.0,0.0,0.0
2018-09-24,100000000.0,0.0,0.0
2018-09-25,100000000.0,0.0,0.0
2018-09-26,100000000.0,0.0,0.0
2018-09-27,100000000.0,0.0,0.0
2018-09-28,100000000.0,0.0,0.0
2018-10-01,100000000.0,0.0,0.0
2018-10-02,100000000.0,0.0,0.0
2018-10-03,100000000.0,0.0,0.0
2018-10-04,100000000.0,0.0,0.0
2018-10-05,100000000.0,0.0,0.0
2018-10-08,100000000.0,0.0,0.0
2018-10-09,100000000.0,0.0,0.0
2018-10-10,100000000.0,0.0,0.0
2018-10-11,100000000.0,0.0,0.0
2018-10-12,100000000.0,0.0,0.0
2018-10-15,100000000.0,0.0,0.0
2018-10-16,100000000.0,0.0,0.0
2018-10-17,100000000.0,0.0,0.0
2018-10-18,100000000.0,0.0,0.0
2018-10-19,100000000.0,0.0,0.0
2018-10-22,100000000.0,0.0,0.0
2018-10-23,100000000.0,0.0,0.0
2018-10-24,100000000.0,0.0,0.0
2018-10-25,100000000.0,0.0,0.0
2018-10-26,100000000.0,0.0,0.0
2018-10-29,100000000.0,0.0,0.0
2018-10-30,100000000.0,0.0,0.0
2018-10-31,100000000.0,0.0,0.0
2018-11-01,100000000.0,0.0,0.0
2018-11-02,100000000.0,0.0,0.0
2018-11-05,100000000.0,0.0,0.0
2018-11-06,100000000.0,0.0,0.0
2018-11-07,100000000.0,0.0,0.0
2018-11-08,100000000.0,0.0,0.0
2018-11-09,100000000.0,0.0,0.0
2018-11-12,100000000.0,0.0,0.0
2018-11-13,100000000.0,0.0,0.0
2018-11-14,100000000.0,0.0,0.0
2018-11-15,100000000.0,0.0,0.0
2018-11-16,100000000.0,0.0,0.0
2018-11-19,100000000.0,0.0,0.0
2018-11-20,100000000.0,0.0,0.0
2018-11-21,100000000.0,0.0,0.0
2018-11-22,100000000.0,0.0,0.0
2018-11-23,100000000.0,0.0,0.0
2018-11-26,100000000.0,0.0,0.0
2018-11-27,100000000.0,0.0,0.0
2018-11-28,100000000.0,0.0,0.0
2018-11-29,100000000.0,0.0,0.0
2018-11-30,100000000.0,0.0,0.0
2018-12-03,100000000.0,0.0,0.0
2018-12-04,100000000.0,0.0,0.0
2018-12-05,100000000.0,0.0,0.0
2018-12-06,100000000.0,0.0,0.0
2018-12-07,100000000.0,0.0,0.0
2018-12-10,100000000.0,0.0,0.0
2018-12-11,100000000.0,0.0,0.0
2018-12-12,100000000.0,0.0,0.0
2018-12-13,100000000.0,0.0,0.0
2018-12-14,100000000.0,0.0,0.0
2018-12-17,100000000.0,0.0,0.0
2018-12-18,100000000.0,0.0,0.0
2018-12-19,100000000.0,0.0,0.0
2018-12-20,100000000.0,0.0,0.0
2018-12-21,100000000.0,0.0,0.0
2018-12-24,100000000.0,0.0,0.0
2018-12-25,100000000.0,0.0,0.0
2018-12-26,100000000.0,0.0,0.0
2018-12-27,100000000.0,0.0,0.0
2018-12-28,100000000.0,0.0,0.0
2019-01-02,100000000.0,0.0,0.0
2019-01-03,100000000.0,0.0,0.0
2019-01-04,100000000.0,0.0,0.0
2019-01-07,100000000.0,0.0,0.0
2019-01-08,100000000.0,0.0,0.0
2019-01-09,100000000.0,0.0,0.0
2019-01-10,100000000.0,0.0,0.0
2019-01-11,100000000.0,0.0,0.0
2019-01-14,100000000.0,0.0,0.0
2019-01-15,100000000.0,0.0,0.0
2019-01-16,100000000.0,0.0,0.0
2019-01-17,100000000.0,0.0,0.0
2019-01-18,100000000.0,0.0,0.0
2019-01-21,100000000.0,0.0,0.0
2019-01-22,100000000.0,0.0,0.0
2019-01-23,100000000.0,0.0,0.0
2019-01-24,100000000.0,0.0,0.0
2019-01-25,100000000.0,0.0,0.0
2019-01-28,100000000.0,0.0,0.0
2019-01-29,100000000.0,0.0,0.0
2019-01-30,100000000.0,0.0,0.0
2019-01-31,100000000.0,0.0,0.0
2019-02-01,100000000.0,0.0,0.0
2019-02-11,100000000.0,0.0,0.0
2019-02-12,100000000.0,0.0,0.0
2019-02-13,100000000.0,0.0,0.0
2019-02-14,100000000.0,0.0,0.0
2019-02-15,100000000.0,0.0,0.0
2019-02-18,100000000.0,0.0,0.0
2019-02-19,100000000.0,0.0,0.0
2019-02-20,100000000.0,0.0,0.0
2019-02-21,100000000.0,0.0,0.0
2019-02-22,100000000.0,0.0,0.0
2019-02-25,100000000.0,0.0,0.0
2019-02-26,100000000.0,0.0,0.0
2019-02-27,100000000.0,0.0,0.0
2019-02-28,100000000.0,0.0,0.0
2019-03-01,100000000.0,0.0,0.0
2019-03-04,100000000.0,0.0,0.0
2019-03-05,100000000.0,0.0,0.0
2019-03-06,100000000.0,0.0,0.0
2019-03-07,100000000.0,0.0,0.0
2019-03-08,100000000.0,0.0,0.0
2019-03-11,100000000.0,0.0,0.0
2019-03-12,100000000.0,0.0,0.0
2019-03-13,100000000.0,0.0,0.0
2019-03-14,100000000.0,0.0,0.0
2019-03-15,100000000.0,0.0,0.0
2019-03-18,100000000.0,0.0,0.0
2019-03-19,100000000.0,0.0,0.0
2019-03-20,100000000.0,0.0,0.0
2019-03-21,100000000.0,0.0,0.0
2019-03-22,100000000.0,0.0,0.0
2019-03-25,100000000.0,0.0,0.0
2019-03-26,100000000.0,0.0,0.0
2019-03-27,100000000.0,0.0,0.0
2019-03-28,100000000.0,0.0,0.0
2019-03-29,100000000.0,0.0,0.0
2019-04-01,100000000.0,0.0,0.0
2019-04-02,100000000.0,0.0,0.0
2019-04-03,100000000.0,0.0,0.0
2019-04-04,100000000.0,0.0,0.0
2019-04-05,100000000.0,0.0,0.0
2019-04-08,100000000.0,0.0,0.0
2019-04-09,100000000.0,0.0,0.0
2019-04-10,100000000.0,0.0,0.0
2019-04-11,100000000.0,0.0,0.0
2019-04-12,100000000.0,0.0,0.0
2019-04-16,100000000.0,0.0,0.0
2019-04-17,100000000.0,0.0,0.0
2019-04-18,100000000.0,0.0,0.0
2019-04-19,100000000.0,0.0,0.0
2019-04-22,100000000.0,0.0,0.0
2019-04-23,100000000.0,0.0,0.0
2019-04-24,100000000.0,0.0,0.0
2019-04-25,100000000.0,0.0,0.0
2019-04-26,100000000.0,0.0,0.0
2019-05-02,100000000.0,0.0,0.0
2019-05-03,100000000.0,0.0,0.0
2019-05-06,100000000.0,0.0,0.0
2019-05-07,100000000.0,0.0,0.0
2019-05-08,100000000.0,0.0,0.0
2019-05-09,100000000.0,0.0,0.0
2019-05-10,100000000.0,0.0,0.0
2019-05-13,100000000.0,0.0,0.0
2019-05-14,100000000.0,0.0,0.0
2019-05-15,100000000.0,0.0,0.0
2019-05-16,100000000.0,0.0,0.0
2019-05-17,100000000.0,0.0,0.0
2019-05-20,100000000.0,0.0,0.0
2019-05-21,100000000.0,0.0,0.0
2019-05-22,100000000.0,0.0,0.0
2019-05-23,100000000.0,0.0,0.0
2019-05-24,100000000.0,0.0,0.0
2019-05-27,100000000.0,0.0,0.0
2019-05-28,100000000.0,0.0,0.0
2019-05-29,100000000.0,0.0,0.0
2019-05-30,100000000.0,0.0,0.0
2019-05-31,100000000.0,0.0,0.0
2019-06-03,100000000.0,0.0,0.0
2019-06-04,100000000.0,0.0,0.0
2019-06-05,100000000.0,0.0,0.0
2019-06-06,100000000.0,0.0,0.0
2019-06-07,100000000.0,0.0,0.0
2019-06-10,100000000.0,0.0,0.0
2019-06-11,100000000.0,0.0,0.0
2019-06-12,100000000.0,0.0,0.0
2019-06-13,100000000.0,0.0,0.0
2019-06-14,100000000.0,0.0,0.0
2019-06-17,100000000.0,0.0,0.0
2019-06-18,100000000.0,0.0,0.0
2019-06-19,100000000.0,0.0,0.0
2019-06-20,100000000.0,0.0,0.0
2019-06-21,100000000.0,0.0,0.0
2019-06-24,100000000.0,0.0,0.0
2019-06-25,100000000.0,0.0,0.0
2019-06-26,100000000.0,0.0,0.0
2019-06-27,100000000.0,0.0,0.0
2019-06-28,100000000.0,0.0,0.0
2019-07-01,100000000.0,0.0,0.0
2019-07-02,100000000.0,0.0,0.0
2019-07-03,100000000.0,0.0,0.0
2019-07-04,100000000.0,0.0,0.0
2019-07-05,100000000.0,0.0,0.0
2019-07-08,100000000.0,0.0,0.0
2019-07-09,100000000.0,0.0,0.0
2019-07-10,100000000.0,0.0,0.0
2019-07-11,100000000.0,0.0,0.0
2019-07-12,100000000.0,0.0,0.0
2019-07-15,100000000.0,0.0,0.0
2019-07-16,100000000.0,0.0,0.0
2019-07-17,100000000.0,0.0,0.0
2019-07-18,100000000.0,0.0,0.0
2019-07-19,100000000.0,0.0,0.0
2019-07-22,100000000.0,0.0,0.0
2019-07-23,100000000.0,0.0,0.0
2019-07-24,100000000.0,0.0,0.0
2019-07-25,100000000.0,0.0,0.0
2019-07-26,100000000.0,0.0,0.0
2019-07-29,100000000.0,0.0,0.0
2019-07-30,100000000.0,0.0,0.0
2019-07-31,100000000.0,0.0,0.0
2019-08-01,100000000.0,0.0,0.0
2019-08-02,100000000.0,0.0,0.0
2019-08-05,100000000.0,0.0,0.0
2019-08-06,100000000.0,0.0,0.0
2019-08-07,100000000.0,0.0,0.0
2019-08-08,100000000.0,0.0,0.0
2019-08-09,100000000.0,0.0,0.0
2019-08-12,100000000.0,0.0,0.0
2019-08-13,100000000.0,0.0,0.0
2019-08-14,100000000.0,0.0,0.0
2019-08-15,100000000.0,0.0,0.0
2019-08-16,100000000.0,0.0,0.0
2019-08-19,100000000.0,0.0,0.0
2019-08-20,100000000.0,0.0,0.0
2019-08-21,100000000.0,0.0,0.0
2019-08-22,100000000.0,0.0,0.0
2019-08-23,100000000.0,0.0,0.0
2019-08-26,100000000.0,0.0,0.0
2019-08-27,100000000.0,0.0,0.0
2019-08-28,100000000.0,0.0,0.0
2019-08-29,100000000.0,0.0,0.0
2019-08-30,100000000.0,0.0,0.0
2019-09-03,100000000.0,0.0,0.0
2019-09-04,100000000.0,0.0,0.0
2019-09-05,100000000.0,0.0,0.0
2019-09-06,100000000.0,0.0,0.0
2019-09-09,100000000.0,0.0,0.0
2019-09-10,100000000.0,0.0,0.0
2019-09-11,100000000.0,0.0,0.0
2019-09-12,100000000.0,0.0,0.0
2019-09-13,100000000.0,0.0,0.0
2019-09-16,100000000.0,0.0,0.0
2019-09-17,100000000.0,0.0,0.0
2019-09-18,100000000.0,0.0,0.0
2019-09-19,100000000.0,0.0,0.0
2019-09-20,100000000.0,0.0,0.0
2019-09-23,100000000.0,0.0,0.0
2019-09-24,100000000.0,0.0,0.0
2019-09-25,100000000.0,0.0,0.0
2019-09-26,100000000.0,0.0,0.0
2019-09-27,100000000.0,0.0,0.0
2019-09-30,100000000.0,0.0,0.0
2019-10-01,100000000.0,0.0,0.0
2019-10-02,100000000.0,0.0,0.0
2019-10-03,100000000.0,0.0,0.0
2019-10-04,100000000.0,0.0,0.0
2019-10-07,100000000.0,0.0,0.0
2019-10-08,100000000.0,0.0,0.0
2019-10-09,100000000.0,0.0,0.0
2019-10-10,100000000.0,0.0,0.0
2019-10-11,100000000.0,0.0,0.0
2019-10-14,100000000.0,0.0,0.0
2019-10-15,100000000.0,0.0,0.0
2019-10-16,100000000.0,0.0,0.0
2019-10-17,100000000.0,0.0,0.0
2019-10-18,100000000.0,0.0,0.0
2019-10-21,100000000.0,0.0,0.0
2019-10-22,100000000.0,0.0,0.0
2019-10-23,100000000.0,0.0,0.0
2019-10-24,100000000.0,0.0,0.0
2019-10-25,100000000.0,0.0,0.0
2019-10-28,100000000.0,0.0,0.0
2019-10-29,100000000.0,0.0,0.0
2019-10-30,100000000.0,0.0,0.0
2019-10-31,100000000.0,0.0,0.0
2019-11-01,100000000.0,0.0,0.0
2019-11-04,100000000.0,0.0,0.0
2019-11-05,100000000.0,0.0,0.0
2019-11-06,100000000.0,0.0,0.0
2019-11-07,100000000.0,0.0,0.0
2019-11-08,100000000.0,0.0,0.0
2019-11-11,100000000.0,0.0,0.0
2019-11-12,100000000.0,0.0,0.0
2019-11-13,100000000.0,0.0,0.0
2019-11-14,100000000.0,0.0,0.0
2019-11-15,100000000.0,0.0,0.0
2019-11-18,100000000.0,0.0,0.0
2019-11-19,100000000.0,0.0,0.0
2019-11-20,100000000.0,0.0,0.0
2019-11-21,100000000.0,0.0,0.0
2019-11-22,100000000.0,0.0,0.0
2019-11-25,100000000.0,0.0,0.0
2019-11-26,100000000.0,0.0,0.0
2019-11-27,100000000.0,0.0,0.0
2019-11-28,100000000.0,0.0,0.0
2019-11-29,100000000.0,0.0,0.0
2019-12-02,100000000.0,0.0,0.0
2019-12-03,100000000.0,0.0,0.0
2019-12-04,100000000.0,0.0,0.0
2019-12-05,100000000.0,0.0,0.0
2019-12-06,100000000.0,0.0,0.0
2019-12-09,100000000.0,0.0,0.0
2019-12-10,100000000.0,0.0,0.0
2019-12-11,100000000.0,0.0,0.0
2019-12-12,100000000.0,0.0,0.0
2019-12-13,100000000.0,0.0,0.0
2019-12-16,100000000.0,0.0,0.0
2019-12-17,100000000.0,0.0,0.0
2019-12-18,100000000.0,0.0,0.0
2019-12-19,100000000.0,0.0,0.0
2019-12-20,100000000.0,0.0,0.0
2019-12-23,100000000.0,0.0,0.0
2019-12-24,100000000.0,0.0,0.0
2019-12-25,100000000.0,0.0,0.0
2019-12-26,100000000.0,0.0,0.0
2019-12-27,100000000.0,0.0,0.0
2019-12-30,100000000.0,0.0,0.0
2019-12-31,100000000.0,0.0,0.0
2020-01-02,100000000.0,0.0,0.0
2020-01-03,100000000.0,0.0,0.0
2020-01-06,100000000.0,0.0,0.0
2020-01-07,100000000.0,0.0,0.0
2020-01-08,100000000.0,0.0,0.0
2020-01-09,100000000.0,0.0,0.0
2020-01-10,100000000.0,0.0,0.0
2020-01-13,100000000.0,0.0,0.0
2020-01-14,100000000.0,0.0,0.0
2020-01-15,100000000.0,0.0,0.0
2020-01-16,100000000.0,0.0,0.0
2020-01-17,100000000.0,0.0,0.0
2020-01-20,100000000.0,0.0,0.0
2020-01-21,100000000.0,0.0,0.0
2020-01-22,100000000.0,0.0,0.0
2020-01-30,100000000.0,0.0,0.0
2020-01-31,100000000.0,0.0,0.0
2020-02-03,100000000.0,0.0,0.0
2020-02-04,100000000.0,0.0,0.0
2020-02-05,100000000.0,0.0,0.0
2020-02-06,100000000.0,0.0,0.0
2020-02-07,100000000.0,0.0,0.0
2020-02-10,100000000.0,0.0,0.0
2020-02-11,100000000.0,0.0,0.0
2020-02-12,100000000.0,0.0,0.0
2020-02-13,100000000.0,0.0,0.0
2020-02-14,100000000.0,0.0,0.0
2020-02-17,100000000.0,0.0,0.0
2020-02-18,100000000.0,0.0,0.0
2020-02-19,100000000.0,0.0,0.0
2020-02-20,100000000.0,0.0,0.0
2020-02-21,100000000.0,0.0,0.0
2020-02-24,100000000.0,0.0,0.0
2020-02-25,100000000.0,0.0,0.0
2020-02-26,100000000.0,0.0,0.0
2020-02-27,100000000.0,0.0,0.0
2020-02-28,100000000.0,0.0,0.0
2020-03-02,100000000.0,0.0,0.0
2020-03-03,100000000.0,0.0,0.0
2020-03-04,100000000.0,0.0,0.0
2020-03-05,100000000.0,0.0,0.0
2020-03-06,100000000.0,0.0,0.0
2020-03-09,100000000.0,0.0,0.0
2020-03-10,100000000.0,0.0,0.0
2020-03-11,100000000.0,0.0,0.0
2020-03-12,100000000.0,0.0,0.0
2020-03-13,100000000.0,0.0,0.0
2020-03-16,100000000.0,0.0,0.0
2020-03-17,100000000.0,0.0,0.0
2020-03-18,100000000.0,0.0,0.0
2020-03-19,100000000.0,0.0,0.0
2020-03-20,100000000.0,0.0,0.0
2020-03-23,100000000.0,0.0,0.0
2020-03-24,100000000.0,0.0,0.0
2020-03-25,100000000.0,0.0,0.0
2020-03-26,100000000.0,0.0,0.0
2020-03-27,100000000.0,0.0,0.0
2020-03-30,100000000.0,0.0,0.0
2020-03-31,100000000.0,0.0,0.0
2020-04-01,100000000.0,0.0,0.0
2020-04-03,100000000.0,0.0,0.0
2020-04-06,100000000.0,0.0,0.0
2020-04-07,100000000.0,0.0,0.0
2020-04-08,100000000.0,0.0,0.0
2020-04-09,100000000.0,0.0,0.0
2020-04-10,100000000.0,0.0,0.0
2020-04-13,100000000.0,0.0,0.0
2020-04-14,100000000.0,0.0,0.0
2020-04-15,100000000.0,0.0,0.0
2020-04-16,100000000.0,0.0,0.0
2020-04-17,100000000.0,0.0,0.0
2020-04-20,100000000.0,0.0,0.0
2020-04-21,100000000.0,0.0,0.0
2020-04-22,100000000.0,0.0,0.0
2020-04-23,100000000.0,0.0,0.0
2020-04-24,100000000.0,0.0,0.0
2020-04-27,100000000.0,0.0,0.0
2020-04-28,100000000.0,0.0,0.0
2020-04-29,100000000.0,0.0,0.0
2020-05-04,100000000.0,0.0,0.0
2020-05-05,100000000.0,0.0,0.0
2020-05-06,100000000.0,0.0,0.0
2020-05-07,100000000.0,0.0,0.0
2020-05-08,100000000.0,0.0,0.0
2020-05-11,100000000.0,0.0,0.0
2020-05-12,100000000.0,0.0,0.0
2020-05-13,100000000.0,0.0,0.0
2020-05-14,100000000.0,0.0,0.0
2020-05-15,100000000.0,0.0,0.0
2020-05-18,100000000.0,0.0,0.0
2020-05-19,100000000.0,0.0,0.0
2020-05-20,100000000.0,0.0,0.0
2020-05-21,100000000.0,0.0,0.0
2020-05-22,100000000.0,0.0,0.0
2020-05-25,100000000.0,0.0,0.0
2020-05-26,100000000.0,0.0,0.0
2020-05-27,100000000.0,0.0,0.0
2020-05-28,100000000.0,0.0,0.0
2020-05-29,100000000.0,0.0,0.0
2020-06-01,100000000.0,0.0,0.0
2020-06-02,100000000.0,0.0,0.0
2020-06-03,100000000.0,0.0,0.0
2020-06-04,100000000.0,0.0,0.0
2020-06-05,100000000.0,0.0,0.0
2020-06-08,100000000.0,0.0,0.0
2020-06-09,100000000.0,0.0,0.0
2020-06-10,100000000.0,0.0,0.0
2020-06-11,100000000.0,0.0,0.0
2020-06-12,100000000.0,0.0,0.0
2020-06-15,100000000.0,0.0,0.0
2020-06-16,100000000.0,0.0,0.0
2020-06-17,100000000.0,0.0,0.0
2020-06-18,100000000.0,0.0,0.0
2020-06-19,100000000.0,0.0,0.0
2020-06-22,100000000.0,0.0,0.0
2020-06-23,100000000.0,0.0,0.0
2020-06-24,100000000.0,0.0,0.0
2020-06-25,100000000.0,0.0,0.0
2020-06-26,100000000.0,0.0,0.0
2020-06-29,100000000.0,0.0,0.0
2020-06-30,100000000.0,0.0,0.0
2020-07-01,100000000.0,0.0,0.0
2020-07-02,100000000.0,0.0,0.0
2020-07-03,100000000.0,0.0,0.0
2020-07-06,100000000.0,0.0,0.0
2020-07-07,100000000.0,0.0,0.0
2020-07-08,100000000.0,0.0,0.0
2020-07-09,100000000.0,0.0,0.0
2020-07-10,100000000.0,0.0,0.0
2020-07-13,100000000.0,0.0,0.0
2020-07-14,100000000.0,0.0,0.0
2020-07-15,100000000.0,0.0,0.0
2020-07-16,100000000.0,0.0,0.0
2020-07-17,100000000.0,0.0,0.0
2020-07-20,100000000.0,0.0,0.0
2020-07-21,100000000.0,0.0,0.0
2020-07-22,100000000.0,0.0,0.0
2020-07-23,100000000.0,0.0,0.0
2020-07-24,100000000.0,0.0,0.0
2020-07-27,100000000.0,0.0,0.0
2020-07-28,100000000.0,0.0,0.0
2020-07-29,100000000.0,0.0,0.0
2020-07-30,100000000.0,0.0,0.0
2020-07-31,100000000.0,0.0,0.0
2020-08-03,100000000.0,0.0,0.0
2020-08-04,100000000.0,0.0,0.0
2020-08-05,100000000.0,0.0,0.0
2020-08-06,100000000.0,0.0,0.0
2020-08-07,100000000.0,0.0,0.0
2020-08-10,100000000.0,0.0,0.0
2020-08-11,100000000.0,0.0,0.0
2020-08-12,100000000.0,0.0,0.0
2020-08-13,100000000.0,0.0,0.0
2020-08-14,100000000.0,0.0,0.0
2020-08-17,100000000.0,0.0,0.0
2020-08-18,100000000.0,0.0,0.0
2020-08-19,100000000.0,0.0,0.0
2020-08-20,100000000.0,0.0,0.0
2020-08-21,100000000.0,0.0,0.0
2020-08-24,100000000.0,0.0,0.0
2020-08-25,100000000.0,0.0,0.0
2020-08-26,100000000.0,0.0,0.0
2020-08-27,100000000.0,0.0,0.0
2020-08-28,100000000.0,0.0,0.0
2020-08-31,100000000.0,0.0,0.0
2020-09-01,100000000.0,0.0,0.0
2020-09-03,100000000.0,0.0,0.0
2020-09-04,100000000.0,0.0,0.0
2020-09-07,100000000.0,0.0,0.0
2020-09-08,100000000.0,0.0,0.0
2020-09-09,100000000.0,0.0,0.0
2020-09-10,100000000.0,0.0,0.0
2020-09-11,100000000.0,0.0,0.0
2020-09-14,100000000.0,0.0,0.0
2020-09-15,100000000.0,0.0,0.0
2020-09-16,100000000.0,0.0,0.0
2020-09-17,100000000.0,0.0,0.0
2020-09-18,100000000.0,0.0,0.0
2020-09-21,100000000.0,0.0,0.0
2020-09-22,100000000.0,0.0,0.0
2020-09-23,100000000.0,0.0,0.0
2020-09-24,100000000.0,0.0,0.0
2020-09-25,100000000.0,0.0,0.0
2020-09-28,100000000.0,0.0,0.0
2020-09-29,100000000.0,0.0,0.0
2020-09-30,100000000.0,0.0,0.0
2020-10-01,100000000.0,0.0,0.0
2020-10-02,100000000.0,0.0,0.0
2020-10-05,100000000.0,0.0,0.0
2020-10-06,100000000.0,0.0,0.0
2020-10-07,100000000.0,0.0,0.0
2020-10-08,100000000.0,0.0,0.0
2020-10-09,100000000.0,0.0,0.0
2020-10-12,100000000.0,0.0,0.0
2020-10-13,100000000.0,0.0,0.0
2020-10-14,100000000.0,0.0,0.0
2020-10-15,100000000.0,0.0,0.0
2020-10-16,100000000.0,0.0,0.0
2020-10-19,100000000.0,0.0,0.0
2020-10-20,100000000.0,0.0,0.0
2020-10-21,100000000.0,0.0,0.0
2020-10-22,100000000.0,0.0,0.0
2020-10-23,100000000.0,0.0,0.0
2020-10-26,100000000.0,0.0,0.0
2020-10-27,100000000.0,0.0,0.0
2020-10-28,100000000.0,0.0,0.0
2020-10-29,100000000.0,0.0,0.0
2020-10-30,100000000.0,0.0,0.0
2020-11-02,100000000.0,0.0,0.0
2020-11-03,100000000.0,0.0,0.0
2020-11-04,100000000.0,0.0,0.0
2020-11-05,100000000.0,0.0,0.0
2020-11-06,100000000.0,0.0,0.0
2020-11-09,100000000.0,0.0,0.0
2020-11-10,100000000.0,0.0,0.0
2020-11-11,100000000.0,0.0,0.0
2020-11-12,100000000.0,0.0,0.0
2020-11-13,100000000.0,0.0,0.0
2020-11-16,100000000.0,0.0,0.0
2020-11-17,100000000.0,0.0,0.0
2020-11-18,100000000.0,0.0,0.0
2020-11-19,100000000.0,0.0,0.0
2020-11-20,100000000.0,0.0,0.0
2020-11-23,100000000.0,0.0,0.0
2020-11-24,100000000.0,0.0,0.0
2020-11-25,100000000.0,0.0,0.0
2020-11-26,100000000.0,0.0,0.0
2020-11-27,100000000.0,0.0,0.0
2020-11-30,100000000.0,0.0,0.0
2020-12-01,100000000.0,0.0,0.0
2020-12-02,100000000.0,0.0,0.0
2020-12-03,100000000.0,0.0,0.0
2020-12-04,100000000.0,0.0,0.0
2020-12-07,100000000.0,0.0,0.0
2020-12-08,100000000.0,0.0,0.0
2020-12-09,100000000.0,0.0,0.0
2020-12-10,100000000.0,0.0,0.0
2020-12-11,100000000.0,0.0,0.0
2020-12-14,100000000.0,0.0,0.0
2020-12-15,100000000.0,0.0,0.0
2020-12-16,100000000.0,0.0,0.0
2020-12-17,100000000.0,0.0,0.0
2020-12-18,100000000.0,0.0,0.0
2020-12-21,100000000.0,0.0,0.0
2020-12-22,100000000.0,0.0,0.0
2020-12-23,100000000.0,0.0,0.0
2020-12-24,100000000.0,0.0,0.0
2020-12-25,100000000.0,0.0,0.0
2020-12-28,100000000.0,0.0,0.0
2020-12-29,100000000.0,0.0,0.0
2020-12-30,100000000.0,0.0,0.0
2020-12-31,100000000.0,0.0,0.0
2021-01-04,100000000.0,0.0,0.0
2021-01-05,99920000.0,-0.0008,-0.0008000000000000229
2021-01-06,100112697.76876268,0.001928520504030003,0.0
2021-01-07,101925466.94619048,0.018107285267797684,0.0
2021-01-08,102748856.7154043,0.00807835170035098,0.0
2021-01-11,104064890.78341262,0.012808259965884528,0.0
2021-01-12,104757898.7694945,0.006659383206620777,0.0
2021-01-13,104087432.01526281,-0.0064001546623893455,-0.006400154662389301
2021-01-14,106010215.453338,0.01847277236884121,0.0
2021-01-15,106652565.94693941,0.006059326366374115,0.0
2021-01-18,107186062.52552721,0.005002191685226022,0.0
2021-01-19,103647629.6085241,-0.03301206177025492,-0.03301206177025495
2021-01-20,102916659.91156898,-0.007052449725246769,-0.03983169558954025
2021-01-21,104529962.8162803,0.015675818726506956,-0.02478027130266436
2021-01-22,104134285.43447937,-0.0037853010863150216,-0.02847177160109815
2021-01-25,105468611.99478683,0.012813518187024078,-0.016023076977301542
2021-01-26,103906182.01874538,-0.014814170268199603,-0.03059987865493896
2021-01-27,100688583.26534292,-0.03096638420245275,-0.06061869525841446
2021-01-28,97144629.44255896,-0.035197176361540815,-0.09368226471213836
2021-01-29,97937792.12455374,0.008164761001675068,-0.08628239701193352
2021-02-01,96017466.37429053,-0.019607607120865185,-0.10419821279074226
2021-02-02,97538102.33705084,0.015837076525563033,-0.09001133133497308
2021-02-03,99465433.3271818,0.01975977534882637,-0.07203015967217452
2021-02-04,99820895.86552846,0.003573729349546027,-0.06871384661830149
2021-02-05,100263306.56236264,0.004432044944078248,-0.06458634453071599
2021-02-08,99104823.86986634,-0.011554403422509676,-0.07539449127293263
2021-02-09,100082916.50436515,0.009869273727615212,-0.06626930641724427
2021-02-17,101871420.59052622,0.01787022349696485,-0.04958333023694439
2021-02-18,102224738.98033035,0.0034682778325463197,-0.04628702116952266
2021-02-19,104712778.56950538,0.02433891848482752,-0.023074678719845698
2021-02-22,106035894.9695305,0.012635672724001562,-0.010730570084359514
2021-02-23,106850066.14043948,0.0076782600000022665,-0.003134702191413208
2021-02-24,105580693.30865948,-0.011879944277353918,-0.014977406381407099
2021-02-25,107065955.62682849,0.014067556023968588,-0.0011205458608026797
2021-02-26,107526528.88188374,0.00430177129937127,0.0
2021-03-01,110323596.46266378,0.026012813859662302,0.0
2021-03-02,111642246.80333477,0.011952568470855206,0.0
2021-03-03,111355574.47724882,-0.0025677763955337376,-0.0025677763955337385
2021-03-04,111172205.16245782,-0.0016467008109096355,-0.004210248846970632
2021-03-05,113218255.93825963,0.018404337422396895,0.0
2021-03-08,113652973.53143808,0.0038396421988297715,0.0
2021-03-09,114145257.23515113,0.0043314634753209656,0.0
2021-03-10,114491245.11815226,0.0030311192193326324,0.0
2021-03-11,114577306.48788455,0.0007516851584894304,0.0
2021-03-12,114290784.14662978,-0.0025006901456971127,-0.002500690145697093
2021-03-15,113766192.0591284,-0.004589977148361757,-0.007079189183434975
2021-03-16,113507634.87597029,-0.002272706666878092,-0.009335806929859802
2021-03-17,116478850.0569694,0.026176346500794943,0.0
2021-03-18,116402271.01555371,-0.0006574501841170035,-0.0006574501841170033
2021-03-19,116082578.58250551,-0.002746444981348226,-0.003402089514706552
2021-03-22,115089999.94341667,-0.008550625349723479,-0.011923624871583605
2021-03-23,114558967.04697627,-0.004614066354170483,-0.016482674829414345
2021-03-24,112932316.70842744,-0.014199240622358238,-0.030447873985769647
2021-03-25,112034380.06769389,-0.0079511044039934,-0.038156884164822547
2021-03-26,112555691.46143967,0.00465313766569504,-0.03368129573404044
2021-03-29,114075167.7698951,0.013499773212054702,-0.020636212375883423
2021-03-30,115237347.63806812,0.010187842725923407,-0.010658608136104197
2021-03-31,116559867.28269786,0.011476484592334052,0.0
2021-04-01,118632831.43510978,0.01778454454983438,0.0
2021-04-02,118552985.12210317,-0.0006730540950654483,-0.0006730540950654618
2021-04-05,116718775.20286196,-0.015471646853531928,-0.016134287693325144
2021-04-06,117055724.93546012,0.0028868511686532304,-0.01329401381195483
2021-04-07,117573826.53059345,0.00442611068718762,-0.008926743901375933
2021-04-08,117442715.84753232,-0.0011151349490783305,-0.010031924326348363
2021-04-09,118524572.08026934,0.009211778056474086,-0.0009125581302479313
2021-04-12,118945467.5405547,0.003551124065652135,0.0
2021-04-13,117836383.18865532,-0.009324309490996292,-0.009324309490996274
2021-04-14,118089286.29500306,0.0021462225800230428,-0.007198098954545928
2021-04-15,118021658.62626949,-0.0005726825087639527,-0.007766659237942286
2021-04-16,117263756.26591069,-0.006421722666674243,-0.01413850657294391
2021-04-19,119300629.1624743,0.01737001236720362,0.0
2021-04-20,118941673.64779487,-0.003008831698536762,-0.003008831698536718
2021-04-22,116153219.31250167,-0.023443880094963673,-0.02638217310393398
2021-04-23,118043550.13335827,0.01627445913290449,-0.010537069569046764
2021-04-26,116699658.94654818,-0.011384706621343109,-0.021801814744697556
2021-04-27,117318749.82274479,0.005304993020418076,-0.01661248019933248
2021-04-28,118194053.10621777,0.007460898490611843,-0.009275525737165169
2021-04-29,118388911.34052742,0.001648629767646006,-0.0076421878773600405
2021-05-04,118335798.3339677,-0.0004486315986717989,-0.008087390949067075
2021-05-05,118401583.10822077,0.0005559160894610466,-0.007535970770356393
2021-05-06,119185298.90098503,0.006619132719263844,-0.0009667196417900703
2021-05-07,119695053.54257254,0.004276992601335816,0.0
2021-05-10,121490644.10147354,0.015001376462581642,0.0
2021-05-11,120855161.96229824,-0.005230708453932612,-0.0052307084539325865
2021-05-12,122968630.36635008,0.01748761384897365,0.0
2021-05-13,123193550.57205376,0.0018290860444130337,0.0
2021-05-14,123365745.17692797,0.0013977566526381991,0.0
2021-05-17,122864512.44301526,-0.004062981447514878,-0.004062981447514824
2021-05-18,124690205.29954208,0.01485939935157095,0.0
2021-05-19,126194440.92284349,0.012063783355619561,0.0
2021-05-20,127882703.4448747,0.013378263810078908,0.0
2021-05-21,127471237.15211584,-0.0032175288891686154,-0.003217528889168597
2021-05-24,127195125.59143099,-0.002166069513825706,-0.0053766290117576165
2021-05-25,128635789.27692299,0.011326406407424862,0.0
2021-05-26,130723379.72626798,0.016228690794992482,0.0
2021-05-27,131488820.49986984,0.005855423683236134,0.0
2021-05-28,133447358.39545129,0.014895090610257568,0.0
2021-05-31,135960800.27003884,0.018834706844772016,0.0
2021-06-01,134751494.40153694,-0.008894518611982543,-0.008894518611982538
2021-06-02,138229104.9463892,0.02580758425201251,0.0
2021-06-03,143392517.5812356,0.03735401916151427,0.0
2021-06-04,143801341.64347088,0.002851083648794201,0.0
2021-06-07,139147191.87724328,-0.03236513451847143,-0.03236513451847145
2021-06-08,134727666.84345174,-0.0317615107726391,-0.0630986797224442
2021-06-09,139324276.57594752,0.034117786199302814,-0.03113368078737
2021-06-10,140597417.36665654,0.009137968069871962,-0.022280211298430608
2021-06-11,140980232.9371881,0.0027227781114444135,-0.019618097258627953
2021-06-14,144356927.11410305,0.023951543465099836,0.0
2021-06-15,145600695.4230467,0.008615923972671958,0.0
2021-06-16,144081495.5448841,-0.010434015261730356,-0.010434015261730378
2021-06-17,145305454.30937725,0.008494906024291518,-0.002027745216543253
2021-06-18,148960442.314185,0.025153825244754537,0.0
2021-06-21,149378844.90764758,0.0028088168037263095,0.0
2021-06-22,148576216.22679406,-0.0053731080953915225,-0.005373108095391488
2021-06-23,149699653.37600392,0.007561352535018035,0.0
2021-06-24,147786346.92360044,-0.012780967819596695,-0.0127809678195967
2021-06-25,149838369.70673642,0.013885063308295949,0.0
2021-06-28,151224865.50900772,0.00925327607998509,0.0
2021-06-29,153291462.6318301,0.013665723000423347,0.0
2021-06-30,152910199.8323068,-0.002487175691179862,-0.0024871756911798437
2021-07-01,154610486.7481885,0.01111951274503833,0.0
2021-07-02,153412451.85041547,-0.0077487298757699845,-0.007748729875770022
2021-07-05,152814811.6642315,-0.003895643273902481,-0.011614186862250686
2021-07-06,147372649.03682023,-0.03561279543614483,-0.04681336863751295
2021-07-07,148121571.8621927,0.0050818305178550694,-0.041969435725043636
2021-07-08,147119659.33380175,-0.006764122982188507,-0.04844967228249486
2021-07-09,144555263.34064943,-0.01743068196843719,-0.06503584342190094
2021-07-12,142742193.23300064,-0.012542401194871943,-0.07676253897652852
2021-07-13,143589890.66086286,0.005938660522600457,-0.07127974511376256
2021-07-14,144062757.01887915,0.0032931730488821084,-0.0682213086004202
2021-07-15,145918486.6026721,0.012881397122989705,-0.05621869724576256
2021-07-16,147554481.21721542,0.01121170218135582,-0.045637302354950005
2021-07-19,146378394.02018347,-0.007970528494492982,-0.0532440774306111
2021-07-20,148694598.63886595,0.015823405046806995,-0.03826317498733223
2021-07-21,149016801.49737406,0.0021668766818534074,-0.036179209887132524
2021-07-22,150434247.53641242,0.009511988076481013,-0.02701135802371446
2021-07-23,149964590.79888976,-0.003122006758527388,-0.030049035139934843
2021-07-26,150202883.8066436,0.0015889951520183336,-0.028507787759076697
2021-07-27,149039751.35138565,-0.007743742502009844,-0.03603077329337823
2021-07-28,146380943.51496845,-0.017839588514534103,-0.053227587638498
2021-07-29,149857163.79283327,0.023747765210362554,-0.03074385868208851
2021-07-30,149930447.41304457,0.0004890231361419101,-0.03026987000413639
2021-08-02,150015824.22469133,0.0005694427857708866,-0.029717664177465575
2021-08-03,152722971.48804414,0.01804574468956081,-0.01220819686842145
2021-08-04,151941706.90713698,-0.005115566920254213,-0.01726131194061964
2021-08-05,152543751.49922037,0.003962339270358134,-0.013367367844421718
2021-08-06,152477897.46862024,-0.00043170585456898985,-0.013793302928032047
2021-08-09,155675477.3967387,0.020970776625356638,0.0
2021-08-10,156602355.8583883,0.00595391436820488,0.0
2021-08-11,156329685.73005772,-0.0017411623652530317,-0.0017411623652530128
2021-08-12,157002274.82781032,0.0043023760625604665,0.0
2021-08-13,159299184.76568204,0.014629787628178145,0.0
2021-08-16,162519688.91961354,0.020216702041938477,0.0
2021-08-17,162877974.7436704,0.0022045687291099925,0.0
2021-08-18,164317393.89481986,0.008837408209518451,0.0
2021-08-19,165448510.24817893,0.006883728657984345,0.0
2021-08-20,163233969.68956077,-0.013385074034793451,-0.013385074034793498
2021-08-23,166185373.78743157,0.018080820453510952,0.0
2021-08-24,162222641.8479234,-0.02384525093391743,-0.023845250933917428
2021-08-25,163441235.6634599,0.007511860253631409,-0.016512512873014362
2021-08-26,164128946.40554872,0.004207694216806353,-0.012374298261128791
2021-08-27,166316821.97657442,0.013330223698747472,0.0
2021-08-30,168075157.2943322,0.01057220368247203,0.0
2021-08-31,168392914.61439764,0.0018905668462887947,0.0
2021-09-01,171201069.837804,0.016676207724278243,0.0
2021-09-06,173711967.08913165,0.014666364256406163,0.0
2021-09-07,171711480.0465724,-0.011516115303287168,-0.011516115303287222
2021-09-08,171431014.16418618,-0.0016333554536373358,-0.013130660847189168
2021-09-09,171830565.9697772,0.0023306856553292664,-0.010830578634741461
2021-09-10,171012545.79072055,-0.004760620873474419,-0.015539639229495528
2021-09-13,170313362.6026673,-0.004088490612313832,-0.019564596172700788
2021-09-14,169106389.31058186,-0.0070867797666660385,-0.02651272595506715
2021-09-15,169150264.7610066,0.0002594547172558267,-0.026260150089627676
2021-09-16,169239666.12199664,0.0005285321966026075,-0.025745497227835035
2021-09-17,170744410.75139368,0.008891205376831324,-0.017083200354385042
2021-09-20,171401375.29917067,0.0038476489208981893,-0.013301281590895941
2021-09-21,172802444.5466619,0.00817420073232061,-0.005235808204296366
2021-09-22,172335886.05355984,-0.0026999530841480004,-0.00792162485193515
2021-09-23,171589781.48595035,-0.004329362761842934,-0.012216692026130849
2021-09-24,170699742.42140386,-0.005187016714158887,-0.017340340554558464
2021-09-27,167940753.73307937,-0.01616281693919261,-0.03322288874370449
2021-09-28,169429346.70868993,0.008863798348651482,-0.024653571381436867
2021-09-29,171220437.7608131,0.010571315341271367,-0.014342876717527209
2021-09-30,174250047.04295042,0.017694203576149925,0.0
2021-10-01,177002142.4774244,0.015793943710073345,0.0
2021-10-04,176939446.284404,-0.0003542114922614562,-0.000354211492261447
2021-10-05,179491802.46227932,0.014425026366211041,0.0
2021-10-06,181827456.82309392,0.013012596278904966,0.0
2021-10-07,183639641.74684107,0.009966508663816863,0.0
2021-10-08,180496982.12525594,-0.017113187499665714,-0.017113187499665727
2021-10-11,182081981.59130538,0.008781307296038456,-0.008482156361876547
2021-10-12,184526629.73607755,0.013426084906409579,0.0
2021-10-13,189625032.37211293,0.02762963071144508,0.0
2021-10-14,192305351.5576933,0.014134838381045688,0.0
2021-10-15,193101151.80301812,0.004138211645587373,0.0
2021-10-18,193561568.6373399,0.0023843298189719594,0.0
2021-10-19,197232736.58125284,0.01896640934333051,0.0
2021-10-20,199505933.2790637,0.01152545331578048,0.0
2021-10-21,201055122.17518556,0.007765126934620508,0.0
2021-10-22,201112457.21184587,0.00028517073347853237,0.0
2021-10-25,199315158.57355964,-0.008936784241032926,-0.008936784241032947
2021-10-26,201797927.9890331,0.012456500715961176,0.0
2021-10-27,202835550.34513947,0.005141888058249841,0.0
2021-10-28,205593840.83665246,0.013598654115708769,0.0
2021-10-29,204866843.16632712,-0.0035360868174205175,-0.0035360868174205695
2021-11-01,208219581.258519,0.01636545006685077,0.0
2021-11-02,209061925.07960027,0.004045459202203719,0.0
2021-11-03,206632824.02871823,-0.011619050431862052,-0.011619050431862066
2021-11-04,210928959.43157995,0.0207911565989372,0.0
2021-11-05,213418249.50024807,0.011801556672807606,0.0
2021-11-08,216540174.72924381,0.014628201835158018,0.0
2021-11-09,217199765.69551677,0.003046044306086321,0.0
2021-11-10,219878502.48302752,0.012333055604056044,0.0
2021-11-11,219657989.72513402,-0.0010028845721765098,-0.0010028845721764545
2021-11-12,222369093.0503939,0.012342384306859931,0.0
2021-11-15,227021588.45227993,0.020922401301657755,0.0
2021-11-16,224715247.6437974,-0.010159125500821355,-0.01015912550082132
2021-11-17,229622690.27406633,0.02183849419086977,0.0
2021-11-18,232119955.9514177,0.010875517895774029,0.0
2021-11-19,232283446.2687223,0.0007043354658347412,0.0
2021-11-22,230031848.26984954,-0.009693320962131522,-0.00969332096213149
2021-11-23,229551326.2996609,-0.0020889367007343646,-0.01176200892895607
2021-11-24,230326369.89530748,0.003376341178856151,-0.008425380305192798
2021-11-25,231202900.92067352,0.0038056043073333564,-0.004651839661439894
2021-11-26,230160893.69478145,-0.0045068951200122834,-0.009137769427982945
2021-11-29,231537491.51426545,0.005981023958438026,-0.003211398687420375
2021-11-30,231374838.82522613,-0.0007024896399091307,-0.003911632353021943
2021-12-01,230180797.64286244,-0.0051606353933135885,-0.009052081237968856
2021-12-02,229901033.8371536,-0.0012154089679665364,-0.010256488225220073
2021-12-03,224706054.37335092,-0.022596590267977952,-0.03262131683118441
2021-12-06,221691151.57905418,-0.01341709640492132,-0.045600729883326196
2021-12-07,225233347.54092368,0.015978066497644473,-0.03035127488009859
2021-12-08,226314040.35152844,0.004798103044702983,-0.02569880037980843
2021-12-09,228276283.34306175,0.0086704430201741,-0.01725117734401438
2021-12-10,228275195.19785047,-4.766790466989025e-06,-0.01725586190173356
2021-12-13,229672110.1937003,0.006119434021901131,-0.011242023988231153
2021-12-14,226774898.9818969,-0.012614553893200021,-0.023714764763962948
2021-12-15,225524800.84072748,-0.005512506660929974,-0.029096543626169202
2021-12-16,225571152.77573246,0.00020552921378130172,-0.02889699460212314
2021-12-17,225219905.14129668,-0.0015571478449861477,-0.030409145554238015
2021-12-20,222962907.30811882,-0.0100213070943347,-0.040125713262497364
2021-12-21,220666992.03333354,-0.010297296992151655,-0.05000982386816322
2021-12-22,221811143.1317925,0.005184967121345056,-0.04508415603931881
2021-12-23,218654598.02191788,-0.01423077788296279,-0.058673351311645194
2021-12-24,218614412.3954981,-0.00018378587408326278,-0.05884635385257231
2021-12-27,222024903.2235517,0.015600484847648706,-0.04416390065654008
2021-12-28,223811469.37156007,0.008046692610015574,-0.03647258137956688
2021-12-29,223022536.81683394,-0.003524987155222056,-0.03986900315390818
2021-12-30,221368365.46528655,-0.007417059168804737,-0.04699035156731912
2021-12-31,221458100.7424107,0.00040536630848552,-0.046604033564182856
2022-01-04,223065027.35680658,0.007256120272904289,-0.039686077764022776
2022-01-05,224611474.81992278,0.006932720388492628,-0.033028489855984056
2022-01-06,224092639.90306354,-0.002309921687105272,-0.03526211831807868
2022-01-07,222149935.52470282,-0.008669202072861832,-0.043625625961723924
2022-01-10,216271483.46764073,-0.026461641967969025,-0.06893286223486528
2022-01-11,212432795.9035964,-0.017749393042928305,-0.08545873881241295
2022-01-12,215273672.11850762,0.013373058537535953,-0.07322852499155941
2022-01-13,209805572.38450626,-0.025400689643976494,-0.09676915959913912
2022-01-14,210495074.60563636,0.003286386597332442,-0.09380079387094842
2022-01-17,207217352.39542222,-0.015571491239664245,-0.10791166687057763
2022-01-18,203720415.31196067,-0.01687569618585092,-0.12296627855141196
2022-01-19,205724793.45013046,0.009838867327559958,-0.11433726012428302
2022-01-20,206719509.99158722,0.004835180654576218,-0.11005492077795709
2022-01-21,205753297.8985051,-0.004674024687468791,-0.11421454604873227
2022-01-24,200112742.30211258,-0.02741416858929236,-0.1384976178172952
2022-01-25,202932026.7309739,0.014088480305791887,-0.12636035847252136
2022-01-26,203536443.4132282,0.002978419385007114,-0.12375829322868526
2022-01-27,201336865.55577984,-0.010806801084672066,-0.13322766305585632
2022-01-28,202687307.8956764,0.006707377390468132,-0.12741389388035396
2022-02-07,205821545.53777868,0.015463413445283264,-0.11392073415481607
2022-02-08,211296958.01170987,0.02660271770686018,-0.09034861757963475
2022-02-09,215699982.09018886,0.020838085507293394,-0.07139322429093153
2022-02-10,217118697.11300254,0.006577260735332292,-0.06528553540649673
2022-02-11,219460010.0087094,0.010783561834328308,-0.05520598418011169
2022-02-14,218330395.47009096,-0.005147245452935211,-0.060069070882000974
2022-02-15,220066578.3389512,0.007952089607688565,-0.05259465590861667
2022-02-16,217614839.26301062,-0.011140896970572054,-0.06314960123650815
2022-02-17,219984178.1596663,0.01088776346631436,-0.052949395691448964
2022-02-18,222356070.1875423,0.010782102820842193,-0.04273819869925344
2022-02-21,223797552.46359557,0.006482765569824502,-0.036532494852472785
2022-02-22,226159807.03619033,0.01055531906667756,-0.026362787925264808
2022-02-23,229331686.34810027,0.014024947020769151,-0.012707577608467302
2022-02-24,234839433.21184325,0.024016510546138937,0.0
2022-02-25,234580110.53469077,-0.001104255250516448,-0.0011042552505164949
2022-02-28,231294271.7569573,-0.014007320442657692,-0.015096108036029676
2022-03-01,231802869.96257246,0.00219892261815111,-0.01293038059128504
2022-03-02,233937068.617139,0.00920695526725424,-0.0038424747597233244
2022-03-03,235158310.3119852,0.005220385559523553,0.0
2022-03-04,235705152.41858676,0.002325421142361795,0.0
2022-03-07,232489727.4791064,-0.013641725293175257,-0.01364172529317531
2022-03-08,226730106.48463506,-0.024773657988776954,-0.038077427845162215
2022-03-09,227823115.5119105,0.004820749410927982,-0.033440240172088465
2022-03-10,230724191.84238058,0.012733898068031723,-0.0211321667137786
2022-03-11,232799475.05109403,0.008994649378298282,-0.012327593765674494
2022-03-14,229764179.0648312,-0.013038242399802027,-0.025205106009753453
2022-03-15,232467541.2672764,0.011765812292622068,-0.013735852263257686
2022-03-16,234616582.51933613,0.009244478779034776,-0.004618354278982606
2022-03-17,232534037.20207804,-0.008876377342536967,-0.013453737366237783
2022-03-18,232683270.2380333,0.0006417685675218503,-0.012820602984473295
2022-03-21,233924014.3374773,0.005332330503068527,-0.007556636173766562
2022-03-22,235392504.28628874,0.00627763657771742,-0.0013264374116981337
2022-03-23,239727812.19610116,0.01841735752358426,0.0
2022-03-24,242252661.75328344,0.010532151167829101,0.0
2022-03-25,246980008.0352522,0.01951411492346461,0.0
2022-03-28,248666435.9654159,0.0068281961102008406,0.0
2022-03-29,246744177.1281305,-0.007730270592500646,-0.007730270592500643
2022-03-30,244307161.14784038,-0.009876690946285674,-0.017530612045213
2022-03-31,241235948.17995238,-0.012571113157135331,-0.02988134589461411
2022-04-01,243057428.75036764,0.0075506183226743085,-0.02255635020975788
2022-04-04,239123004.01179752,-0.01618722274319366,-0.038378448287832656
2022-04-05,238777055.14798048,-0.0014467402048862193,-0.0397696648485798
2022-04-06,238008046.831529,-0.0032206122819250877,-0.0428621944594455
2022-04-07,239517868.57270554,0.006343574350850641,-0.036790519625989004
2022-04-08,236448103.04211852,-0.012816436405683827,-0.04913543267655418
2022-04-12,238444786.7776128,0.008444490396857261,-0.0411058659690795
2022-04-13,243866308.18983927,0.02273700962597638,-0.019303480813326224
2022-04-14,251530346.43806216,0.03142721233249149,0.0
2022-04-15,252323457.44307518,0.0031531424189737587,0.0
2022-04-18,251373239.62777355,-0.003765871888926532,-0.0037658718889265197
2022-04-19,253837036.51018915,0.009801349125562905,0.0
2022-04-20,253156264.94126216,-0.002681923718801624,-0.0026819237188016043
2022-04-21,251576896.48783103,-0.006238709730519914,-0.00890390170572053
2022-04-22,244315354.3054476,-0.028864105900657158,-0.03751100444461475
2022-04-25,235905840.65639538,-0.03442073328939655,-0.07064058145460583
2022-04-26,236912565.19264254,0.004267484575396721,-0.06667455447096371
2022-04-27,242743605.7037146,0.024612626630126734,-0.04370296375576088
2022-04-28,242297291.47378966,-0.0018386240437974891,-0.04546123447961181
2022-04-29,249347638.51438078,0.029097919327562054,-0.017686142485468848
2022-05-04,247719641.3033617,-0.006529025984439698,-0.02409969518605637
2022-05-05,243435965.56282395,-0.017292434778281872,-0.040975387557156906
2022-05-06,236983955.7327889,-0.02650393016133838,-0.0663933089083466
2022-05-09,228863788.5445643,-0.03426462843493284,-0.09838299528296923
2022-05-10,225944205.01074007,-0.012756860980022336,-0.10988479806936857
2022-05-11,229196439.1584079,0.014393970172916066,-0.0970725064023199
2022-05-12,222710991.88414162,-0.028296457388606682,-0.12262215574990809
2022-05-13,215641866.6789804,-0.03174124970373579,-0.15047122498877563
2022-05-16,213577424.13977835,-0.009573477409539113,-0.15860416952509904
2022-05-17,219800492.1102787,0.029137292930490572,-0.13408817274205853
2022-05-18,226187304.37133896,0.029057315567136515,-0.10892709952410873
2022-05-19,230489366.26921746,0.019019908786815306,-0.09197897423465429
2022-05-20,230898197.59466285,0.0017737535230491213,-0.09036836874120036
2022-05-23,227292693.20130634,-0.015615125760686502,-0.10457238105920486
2022-05-24,228557130.13239652,0.005563033783801849,-0.09959108696408803
2022-05-25,235624233.2862603,0.03092051055143202,-0.0717499836679576
2022-05-26,238017128.44728005,0.010155556275540682,-0.06232308838932599
2022-05-27,238078657.81028453,0.000258508130931024,-0.062080691283488365
2022-05-30,239091129.40820107,0.004252676855744634,-0.05809202354675369
2022-05-31,242174495.45186892,0.012896195903628076,-0.045944993759222674
2022-06-01,242857711.8246301,0.0028211739286847243,-0.04325343864908504
2022-06-02,241973964.72994095,-0.0036389500998318014,-0.046734991644026724
2022-06-03,242286368.5822361,0.00129106390699439,-0.04550426559793763
2022-06-06,239793898.0313691,-0.010287291709607816,-0.055323441653307937
2022-06-07,238507540.05316985,-0.005364431658852997,-0.06039109449027924
2022-06-08,241576022.8509979,0.012865349234426718,-0.04830269777711926
2022-06-09,247639785.80655456,0.02510084769172949,-0.024414288745392865
2022-06-10,245462525.3442086,-0.008792046299243447,-0.03299168348762371
2022-06-13,236903758.52477187,-0.0348679164260813,-0.06670924865110284
2022-06-14,236995424.266068,0.0003869324060831956,-0.06634812821510816
2022-06-15,231050891.31256378,-0.025082901798266267,-0.08976682642885614
2022-06-16,229878063.40227854,-0.0050760588008234185,-0.09438722354036333
2022-06-17,224894171.1873458,-0.021680590749588415,-0.11402144352438326
2022-06-20,217006866.31406987,-0.0350711840668627,-0.14509376055783296
2022-06-21,218042275.71128428,0.004771320902426583,-0.1410147285479676
2022-06-22,225532195.28570902,0.03435076775818626,-0.11150792498061624
2022-06-23,229252858.88674682,0.01649726149441495,-0.09685023888330613
2022-06-24,230778114.3471868,0.0066531578617890705,-0.09084144094975966
2022-06-27,237147839.19420835,0.02760107848631963,-0.06574768420490473
2022-06-28,237379523.0788381,0.0009769597117856195,-0.0648349573317305
2022-06-29,239599559.67501068,0.009352266646164151,-0.05608904449452534
2022-06-30,232623355.8498302,-0.02911609618416199,-0.08357204666430706
2022-07-01,235971122.63900945,0.014391361421767054,-0.07038340077084282
2022-07-04,237709397.04656637,0.00736647089744175,-0.06353540714684247
2022-07-05,235917718.42955056,-0.007537264572947555,-0.07059378854637433
2022-07-06,232301491.90208945,-0.015328337996541723,-0.0848400410916208
2022-07-07,233764103.52515337,0.006296178346027946,-0.07907803077519004
2022-07-08,239042411.38546935,0.022579633830512497,-0.058283949923619294
2022-07-11,236849759.99894255,-0.009172645865720537,-0.06692197775703512
2022-07-12,241135060.77836013,0.018092907417076153,-0.05003988348768462
2022-07-13,240277845.29431987,-0.003554918481257987,-0.053416914262332305
2022-07-14,242109892.69582224,0.007624703805955431,-0.04619949860585526
2022-07-15,242966945.40741757,0.003539932639894626,-0.042823109079022204
2022-07-18,240500264.12752452,-0.01015233276179524,-0.052540687387552576
2022-07-19,239134963.9332108,-0.005676917650243364,-0.057919335882209655
2022-07-20,244408296.38996035,0.022051699885351665,-0.03714485580929139
2022-07-21,245543740.83620068,0.004645687004129769,-0.03267173217906505
2022-07-22,243417140.7348116,-0.008660779110666518,-0.04104954863416588
2022-07-25,242431325.27480403,-0.0040499015682776635,-0.044933203571052904
2022-07-26,241296812.71497783,-0.004679727582812111,-0.04940265600172944
2022-07-27,243781770.776361,0.01029834598071718,-0.03961307566488448
2022-07-28,248678189.47198755,0.020085253626770983,-0.020323460709779084
2022-07-29,248921765.53615406,0.0009794830205403027,-0.019363884173922652
2022-08-01,253339188.3593831,0.017746229678687726,-0.0019612904312569235
2022-08-02,253939371.17477477,0.0023690879381055314,0.0
2022-08-03,256650040.40337124,0.010674474052827555,0.0
2022-08-04,257774333.53796676,0.004380646630051125,0.0
2022-08-05,258677234.0413862,0.003502678063510321,0.0
2022-08-08,262312715.4132743,0.01405412186874727,0.0
2022-08-09,262819623.6702181,0.0019324578152652141,0.0
2022-08-10,264184491.0717349,0.0051931715845899284,0.0
2022-08-11,262497509.50896657,-0.00638561921604349,-0.0063856192160435254
2022-08-12,268247638.23255163,0.02190546011023641,0.0
2022-08-15,269611551.2658231,0.0050845295125732885,0.0
2022-08-16,269530895.8756907,-0.0002991540598084581,-0.00029915405980840415
2022-08-17,267939235.6498722,-0.005905297871872056,-0.006202685337847735
2022-08-18,267680840.1981548,-0.000964380789885745,-0.007161084377148019
2022-08-19,270731401.1297617,0.01139626179202316,0.0
2022-08-22,270253259.6242765,-0.0017661102609076499,-0.0017661102609076718
2022-08-23,270756448.2675384,0.0018619151678742922,0.0
2022-08-24,273575273.4041631,0.010410925223244808,0.0
2022-08-25,274613233.28281224,0.003794055894502198,0.0
2022-08-26,277046959.84868044,0.00886237905134677,0.0
2022-08-29,275079895.74484324,-0.007100110771515333,-0.007100110771515289
2022-08-30,274269770.4281668,-0.0029450546157974715,-0.010024255173312513
2022-08-31,275450709.375049,0.004305756864996847,-0.005761660313844619
2022-09-05,277357051.45751387,0.0069208102124334375,0.0
2022-09-06,276923601.9455545,-0.0015627852606652428,-0.0015627852606652226
2022-09-07,274139522.4175259,-0.01005360145711228,-0.011600675097603763
2022-09-08,271920214.6081902,-0.008095541240330939,-0.01960230259426632
2022-09-09,275259238.1230949,0.01227942365269142,-0.007563583919698136
2022-09-12,275879443.53423,0.0022531683781589337,-0.005327457569652694
2022-09-13,276612510.13306916,0.002657199062924048,-0.0026844146219904275
2022-09-14,277021364.5280601,0.0014780762981191076,-0.001210306093498481
2022-09-15,276050838.11183286,-0.003503435259878358,-0.004709501124333548
2022-09-16,271794035.74679565,-0.015420356605882502,-0.020057235543443075
2022-09-19,266645731.77708608,-0.0189419313619735,-0.03861924412644169
2022-09-20,270294806.45673174,0.013685104409232613,-0.02546264810528509
2022-09-21,267524382.8534459,-0.010249636830256053,-0.03545130203972535
2022-09-22,269671911.82276094,0.008027413974043265,-0.027708470343073888
2022-09-23,267058045.79196772,-0.00969276337726695,-0.037132662073759315
2022-09-26,261129857.1576389,-0.022198127814305732,-0.058506514309266344
2022-09-27,258838837.2511307,-0.008773488912549606,-0.06676669696721171
2022-09-28,254618337.46988043,-0.016305512055578637,-0.08198354384048034
2022-09-29,246336807.79111922,-0.03252526805827904,-0.11184227515898004
2022-09-30,252139406.97199705,0.02355555076364445,-0.0909212307853644
2022-10-03,246593215.09018824,-0.02199652941368576,-0.11091780867175138
2022-10-04,244273236.75219855,-0.009408119104741736,-0.11928239982167232
2022-10-05,249929925.2605135,0.023157217644982367,-0.09888743067057626
2022-10-06,247686185.32377803,-0.008977476124144507,-0.10697714724689766
2022-10-07,243664335.69139898,-0.016237682481651732,-0.12147776877876137
2022-10-10,247491881.03004733,0.015708270674030595,-0.1076777037775849
2022-10-11,243950101.14985386,-0.014310691184909916,-0.12044745259623357
2022-10-12,246232415.55846488,0.009355660841513845,-0.11221865727043434
2022-10-13,248744849.70326206,0.01020350687418176,-0.10316017423712298
2022-10-14,251711116.4619164,0.011924937389428998,-0.09246541546655429
2022-10-17,250529830.77194273,-0.004693021534280865,-0.09672449481487433
2022-10-18,252113757.87756884,0.006322309406211809,-0.09101370759204164
2022-10-19,250974326.4369713,-0.004519513136410681,-0.09512188308139669
2022-10-20,248426467.01931068,-0.010151872718743935,-0.10430809055033108
2022-10-21,239994533.91966987,-0.03394136382008518,-0.13470909551966903
2022-10-24,231618339.3780918,-0.03490160548565537,-0.16490913729816747
2022-10-25,227100504.8208381,-0.01950551311862591,-0.1811980130758427
2022-10-26,225966430.17689532,-0.004993712562803224,-0.1852868748443941
2022-10-27,230942080.9979099,0.02201942481951611,-0.1673473604355572
2022-10-28,234658725.42236376,0.016093404928171108,-0.1539471443425361
2022-10-31,234248837.76909143,-0.0017467394512374144,-0.1554249782433451
2022-11-01,236292730.47169736,0.008725305628285255,-0.14805580305250265
2022-11-02,234968346.30845767,-0.005604845145239538,-0.15283081834877876
2022-11-03,234870894.44760102,-0.0004147446342781895,-0.15318217722119454
2022-11-04,228010505.70597965,-0.029209190682210763,-0.17791704047983514
2022-11-07,220404758.3859523,-0.03335700386470345,-0.2053392649376562
2022-11-08,219377489.2079765,-0.004660830308286473,-0.2090430437764399
2022-11-09,216664413.84929353,-0.012367154754473841,-0.21882493085818433
2022-11-10,211527660.25487947,-0.023708340022958525,-0.23734529501485657
2022-11-11,215572328.3114075,0.019121225335988798,-0.22276240254728363
2022-11-14,216261135.5463193,0.0031952488536319697,-0.22027893500502316
2022-11-15,215247482.41168237,-0.004687171978803524,-0.22393362173215048
2022-11-16,221818149.503556,0.030526104269626656,-0.20024333854899456
2022-11-17,223882099.41489297,0.009304693578754568,-0.19280184787662524
2022-11-18,226925874.03165847,0.013595435386394374,-0.18182763755541498
2022-11-21,231287136.95027733,0.01921888782946989,-0.16610327469642006
2022-11-22,230703063.1301216,-0.0025253190811095794,-0.16820913000850402
2022-11-23,232531310.33648753,0.007924676775248413,-0.16161745621921875
2022-11-24,232759943.37722224,0.0009832355066673034,-0.16079312873400342
2022-11-25,237196917.62813494,0.019062447715593043,-0.14479579162792888
2022-11-28,240168749.29455024,0.012528964103464397,-0.13408096880010356
2022-11-29,245791587.3082614,0.023412030208872576,-0.11380804628321384
2022-11-30,254436830.0572655,0.035173062038781656,-0.08263796171686422
2022-12-01,261270859.68868718,0.02685943552230063,-0.05799813519899211
2022-12-02,270122372.4305234,0.03387868341836165,-0.026084352241892428
2022-12-05,275865876.43566084,0.021262600181755388,-0.0053763732128564445
2022-12-06,264661928.96401158,-0.040613749030544974,-0.045771767571039956
2022-12-07,259488044.87999237,-0.019549030358358616,-0.06442600425559653
2022-12-08,267338287.05172667,0.030252808661627828,-0.0361222631735465
2022-12-09,271175788.74863315,0.014354478511953537,-0.022286300912120804
2022-12-12,272916982.67309165,0.00642090480309253,-0.016008494325598033
2022-12-13,273297626.69328177,0.0013947245659170534,-0.01463609719998027
2022-12-14,273650799.7742123,0.001292265451418985,-0.01336274547131644
2022-12-15,270563916.2440467,-0.01128037459679483,-0.024492383293553188
2022-12-16,273752922.2487817,0.011786516284228133,-0.012994546883854041
2022-12-19,266640977.64907712,-0.025979428972967667,-0.03863638494901678
2022-12-20,260114996.68280748,-0.024474786373077304,-0.06216555405423885
2022-12-21,256479230.10864586,-0.0139775353998339,-0.07527416822162936
2022-12-22,258858919.9710368,0.009278294625973757,-0.06669428950614098
2022-12-23,259683804.20716912,0.003186617004446354,-0.06372020165873438
2022-12-26,254046380.14636073,-0.021708801124582254,-0.08404571359788893
2022-12-27,256321060.5883069,0.008953799855899124,-0.07584444224029152
2022-12-28,259607599.65913138,0.012821962671663517,-0.06399495417588608
2022-12-29,258719714.6464587,-0.003420104087239737,-0.0671961888587862
2022-12-30,259455897.11732006,0.002845482694920915,-0.06454191175642765
2023-01-03,266712681.90974116,0.0279692420679101,-0.0383778580419587
2023-01-04,265328341.79849476,-0.005190379779971935,-0.043369042163551086
2023-01-05,265170308.3679291,-0.0005956145864193985,-0.043938825515858815
2023-01-06,262270849.29388103,-0.010934327798212667,-0.054392711792812576
2023-01-09,263671516.8551324,0.005340538473957085,-0.04934265968888785
2023-01-10,262855169.933015,-0.003096075495200087,-0.0522859665845572
2023-01-11,263818647.38226515,0.003665430851124939,-0.048812186328432206
2023-01-12,263802303.56290007,-6.195096338812805e-05,-0.04887111332985217
2023-01-13,262188841.68354633,-0.006116178128706233,-0.05468838702408485
2023-01-16,264432673.32032675,0.008558074486970903,-0.046598339826838364
2023-01-17,267963683.5808603,0.013353154193075714,-0.03386742045061175
2023-01-18,270541576.72019607,0.009620307889811048,-0.02457292757296925
2023-01-19,272911371.1512033,0.0087594463658284,-0.016028726448267694
2023-01-27,274798507.61915123,0.006914832679882784,-0.009224729729846337
2023-01-30,273032315.8002441,-0.006427224930038348,-0.015592665246992099
2023-01-31,273844106.62071913,0.002973240797873041,-0.012665785197578994
2023-02-01,269052903.4190276,-0.01749609754548212,-0.029940280929754093
2023-02-02,266123589.99679905,-0.01088749976307229,-0.04050180589129737
2023-02-03,264424654.11475968,-0.006384010835190533,-0.04662725275883317
2023-02-06,266088151.9540093,0.006291008850209771,-0.04062957636839015
2023-02-07,260415372.1759057,-0.021319174628579757,-0.061082561963286985
2023-02-08,258802042.8531266,-0.006195215394924326,-0.0668993577299749
2023-02-09,257213368.23878264,-0.006138570611073322,-0.0726272619097873
2023-02-10,253045867.75217903,-0.016202503451277623,-0.08765302189931479
2023-02-13,247071068.06980625,-0.023611528358266694,-0.10919492844531808
2023-02-14,246592130.60456023,-0.0019384603344601444,-0.11092171874226275
2023-02-15,246175316.77397165,-0.0016902965620463764,-0.11242452470446274
2023-02-16,249167559.52836764,0.012154925983677517,-0.10163611049731813
2023-02-17,250000921.48581377,0.003344584499778151,-0.09863145655732708
2023-02-20,253143546.1778545,0.012570452434188603,-0.08730084615630707
2023-02-21,256111420.71665192,0.011724077439889494,-0.07660029059732198
2023-02-22,251067256.06166187,-0.019695196102053735,-0.09478682895458712
2023-02-23,251412920.79497954,0.001376781420006352,-0.09354054827954683
2023-02-24,249317097.87126112,-0.008336178256436986,-0.10109695585132061
2023-02-27,247044115.3967691,-0.00911683351803535,-0.10929210525367938
2023-02-28,247036639.18716288,-3.0262650030027935e-05,-0.10931906043497708
2023-03-01,250404252.86668468,0.013632041346589026,-0.09717726104020785
2023-03-02,251697584.30893928,0.005164973946920834,-0.0925142051147928
2023-03-03,250376480.42831275,-0.005248774573080435,-0.09727739348041797
2023-03-06,251664955.84275484,0.005146151955798443,-0.09263184577333383
2023-03-07,253406270.83539522,0.006919179457502154,-0.08635360268021697
2023-03-08,256249370.67025012,0.011219532277090686,-0.07610291743564002
2023-03-09,256943814.99252903,0.002710033279155054,-0.0735991255953764
2023-03-10,254878438.0051143,-0.008038243642777707,-0.0810457615347231
2023-03-13,253782103.28048941,-0.00430140239875008,-0.0849985535003992
2023-03-14,252255195.4172726,-0.006016609695795696,-0.09050376007507577
2023-03-15,255678168.74144468,0.013569485926781031,-0.07816236364695417
2023-03-16,255979116.75794196,0.0011770579317689762,-0.07707730734528173
2023-03-17,257461746.08299148,0.005791993283778372,-0.07173174530797888
2023-03-20,252504404.40471753,-0.01925467279584118,-0.0896052468188403
2023-03-21,252456384.11343384,-0.00019017605414410637,-0.08977838210071387
2023-03-22,254304333.58794576,0.0073198761877283315,-0.0831156725542973
2023-03-23,254763295.48484346,0.001804774186984042,-0.08146090338767309
2023-03-24,256241073.2839985,0.00580059147194908,-0.07613283333721177
2023-03-27,258037888.13510814,0.007012204671489953,-0.0696544876753028
2023-03-28,256957980.78993255,-0.0041850727929154214,-0.07354805136694387
2023-03-29,257088142.74828944,0.0005065495843201565,-0.07307875751747117
2023-03-30,253487063.25555256,-0.014007178449543007,-0.08606230876959609
2023-03-31,254236534.62071756,0.0029566454222139807,-0.08336011907863095
2023-04-03,258579049.12090388,0.017080607658001234,-0.06770335290893603
2023-04-04,263832519.80345452,0.02031669116431112,-0.04876216985646409
2023-04-05,267062681.5548587,0.012243228218456722,-0.037115948011987254
2023-04-06,266061377.85294497,-0.0037493209312663227,-0.04072610934248844
2023-04-07,268733919.7279982,0.010044832123399624,-0.031090364150473282
2023-04-10,267675329.7862024,-0.003939175013214777,-0.03490706877807481
2023-04-11,271162340.83558285,0.013027016916970257,-0.022334786836598397
2023-04-12,270103627.9473908,-0.003904350747709468,-0.02615193474262245
2023-04-13,268411601.32144827,-0.0062643609743446,-0.03225247055756175
2023-04-14,268186652.56016347,-0.0008380739140086608,-0.0330635145173338
2023-04-17,267950222.6698151,-0.0008815870890343265,-0.03391595323885155
2023-04-18,270263912.2945257,0.008634774032495064,-0.02557403579867057
2023-04-19,274564124.4689261,0.01591115934751268,-0.010069789009909624
2023-04-20,272441437.7220266,-0.007731114729592874,-0.017723053045364034
2023-04-21,271394833.5937437,-0.0038415746776037803,-0.021496543291178893
2023-04-24,268217724.31415713,-0.011706594549041532,-0.03295148652370472
2023-04-25,263400514.161542,-0.017960073909854088,-0.05031974930015348
2023-04-26,266154444.91435534,0.010455297559230919,-0.04039055969296157
2023-04-27,266098258.2434632,-0.00021110551398166306,-0.04059313853707924
2023-04-28,268502641.638672,0.009035697606892813,-0.03192422825492225
2023-05-04,267096214.14071798,-0.005238039705570798,-0.036995047585324015
2023-05-05,269706364.2961899,0.009772321797480736,-0.027584253297760153
2023-05-08,269805368.24143004,0.00036708049325604505,-0.027227298445810733
2023-05-09,268452829.0801494,-0.005013017976982352,-0.032103825486219595
2023-05-10,268173321.56908658,-0.0010411792344322093,-0.03311157888420968
2023-05-11,271131333.6716331,0.011030225099346813,-0.022446581953350475
2023-05-12,274294967.1335336,0.011668269465793083,-0.011040225254375202
2023-05-15,271706219.406134,-0.009437824377358411,-0.02037385392469626
2023-05-16,273333216.42296547,0.005988074253094285,-0.014507779821724798
2023-05-17,270975139.04907286,-0.008627116033507003,-0.023009735555321154
2023-05-18,272573313.0080246,0.005897861938774711,-0.017247581860099448
2023-05-19,269149191.09557545,-0.012562205282174176,-0.02959311947832599
2023-05-22,271081414.32542133,0.007179004410084758,-0.0226265642034843
2023-05-23,272053063.71948564,0.003584345302617777,-0.01912332031998365
2023-05-24,273760844.01098055,0.006277379376457973,-0.012965985280111725
2023-05-25,275397881.06171525,0.005979807143891758,-0.007063712227625585
2023-05-26,273476756.9459904,-0.006975812988533298,-0.013990250080654132
2023-05-29,276843292.4095315,0.012310133779325005,-0.0018523381514282677
2023-05-30,282258627.25700283,0.019561011575676922,0.0
2023-05-31,280267713.195026,-0.007053510042632207,-0.007053510042632216
2023-06-01,282705251.88191444,0.008697179775368134,0.0
2023-06-02,282427102.9136983,-0.000983883271939722,-0.0009838832719397672
2023-06-05,279875780.1644921,-0.009033562016127952,-0.010008557317513933
2023-06-06,284136315.4379375,0.015222950949672647,0.0
2023-06-07,284060676.49696255,-0.0002662065243521194,-0.00026620652435216385
2023-06-08,281756686.7015783,-0.008110907232204893,-0.008374954580133376
2023-06-09,285762128.6580961,0.01421596059851494,0.0
2023-06-12,287272360.9911637,0.005284928202905899,0.0
2023-06-13,285890482.6369474,-0.004810342176492167,-0.004810342176492122
2023-06-14,282153672.96980584,-0.013070773229925723,-0.017818240514670625
2023-06-15,282682541.3474338,0.001874398344920942,-0.015977240650279723
2023-06-16,282824218.891168,0.0005011895784538835,-0.015484058698332248
2023-06-19,280328121.14706516,-0.008825615266927848,-0.024173017620418125
2023-06-20,283228583.1019788,0.01034666783712356,-0.014076459967233945
2023-06-21,290483144.6372188,0.025613804425339125,0.0
2023-06-22,292127668.2818192,0.005661339306465711,0.0
2023-06-23,295690637.3131673,0.012196616131241662,0.0
2023-06-26,291234566.0936435,-0.015070045030896066,-0.01507004503089604
2023-06-27,288066145.7198263,-0.010879273076391737,-0.02578536697212319
2023-06-28,287590789.32330257,-0.0016501640459550796,-0.027392980932589128
2023-06-29,281514022.9733037,-0.021129906017843772,-0.04794407583777871
2023-06-30,285096657.742735,0.0127263101553243,-0.0358279168616763
2023-07-03,285466121.7139959,0.0012959252984096428,-0.034578421867117015
2023-07-04,289863181.91634643,0.015403089431242226,-0.019707946960285216
2023-07-05,286848495.98198384,-0.01040037549588695,-0.02990335240753217
2023-07-06,285877647.74635494,-0.0033845331219372306,-0.03318667664278918
2023-07-07,285917747.17209387,0.00014026778957727026,-0.03305106387498802
2023-07-10,290347787.38972616,0.015494107173997327,-0.018069053426884363
2023-07-11,292581465.22720706,0.007693111277210099,-0.010514949388361172
2023-07-12,291354710.77963614,-0.0041928645296046745,-0.01466372615964473
2023-07-13,294723374.00370985,0.011562068844054387,-0.003271200326958601
2023-07-14,298944367.80912447,0.01432188342605458,0.0
2023-07-17,298288459.11420536,-0.002194082797833161,-0.0021940827978331745
2023-07-18,297543465.19160616,-0.0024975620069630704,-0.004686164946960281
2023-07-19,299146268.70376575,0.005386787813092935,0.0
2023-07-20,300025218.6406072,0.002938194551615224,0.0
2023-07-21,304486099.7432952,0.014868353810056195,0.0
2023-07-24,305880377.8440317,0.004579119053093001,0.0
2023-07-25,304334443.1310743,-0.0050540499650672385,-0.005054049965067198
2023-07-26,307705519.53119576,0.011076880965029502,0.0
2023-07-27,306316703.6326064,-0.004513457869411315,-0.004513457869411264
2023-07-28,309268195.0800482,0.009635424423285155,0.0
2023-07-31,310870641.8987299,0.005181414850198075,0.0
2023-08-01,308637603.67869043,-0.007183174990087767,-0.007183174990087804
2023-08-02,310478081.5118451,0.005963232643131594,-0.0012627772905383639
2023-08-03,310968532.98675853,0.0015796653745256636,0.0
2023-08-04,317778876.8926318,0.02190042780361733,0.0
2023-08-07,322074994.1841891,0.013519203458601135,0.0
2023-08-08,321503946.7338083,-0.00177302634694524,-0.0017730263469452057
2023-08-09,323938293.3162747,0.007571747119116892,0.0
2023-08-10,318557571.37118644,-0.01661032997983613,-0.016610329979836136
2023-08-11,322544187.3463938,0.012514585536446547,-0.004303615838710861
2023-08-14,327435780.34094906,0.015165652293407932,0.0
2023-08-15,325377260.0992751,-0.006286790770179334,-0.006286790770179351
2023-08-16,325556358.26975954,0.0005504323517561719,-0.005739818871451807
2023-08-17,324658556.0275371,-0.0027577475279364676,-0.008481737428084668
2023-08-18,314435966.5686767,-0.03148720176650244,-0.03970187301685857
2023-08-21,317644675.8437907,0.010204650918689284,-0.029902365853124446
2023-08-22,322477384.9061589,0.015214198221741368,-0.015143108152771534
2023-08-23,322208302.190157,-0.0008344235242425792,-0.015964895911341315
2023-08-24,327066136.71292806,0.015076689488603315,-0.001128904201111114
2023-08-25,327608186.41080046,0.001657309140347254,0.0
2023-08-28,329337583.79780823,0.005278858889195203,0.0
2023-08-29,329121237.93747294,-0.000656912150263763,-0.0006569121502637554
2023-08-30,332713892.1335733,0.010915899012214136,0.0
2023-08-31,332411293.13951164,-0.0009094871035326823,-0.000909487103532669
2023-09-05,332505336.8037549,0.0002829135657668861,-0.0006268308440052772
2023-09-06,337174783.1463144,0.014043222245528559,0.0
2023-09-07,339907320.1095284,0.008104215083096165,0.0
2023-09-08,342543271.90933114,0.0077549133068194505,0.0
2023-09-11,338468453.6209072,-0.011895776745842879,-0.011895776745842856
2023-09-12,348593117.0551357,0.02991316716791694,0.0
2023-09-13,349771574.53195834,0.0033806102850740516,0.0
2023-09-14,343432333.63711655,-0.018123945330104516,-0.01812394533010453
2023-09-15,342655860.24489474,-0.002260921049566228,-0.020343889570172746
2023-09-18,340888977.38488936,-0.00515643555240116,-0.025395423167120068
2023-09-19,341727507.6414718,0.002459833882031554,-0.022998057807443573
2023-09-20,343149448.15917975,0.0041610361645214484,-0.018932717393172704
2023-09-21,340474851.87816036,-0.007794260767042531,-0.026579411623824045
2023-09-22,333221320.1841559,-0.02130416285958226,-0.04731732236946051
2023-09-25,322894437.30650806,-0.030991062852582872,-0.07684197111047553
2023-09-26,320146912.6941169,-0.008509049072849408,-0.08469716808029137
2023-09-27,324561724.5807202,0.013789956146856273,-0.07207518216702524
2023-09-28,325852869.31906253,0.0039781176908962055,-0.0683837880333823
2023-09-29,325460965.9541589,-0.0012027003651144536,-0.06950424319166104
2023-10-02,326294211.0819937,0.0025601998856973813,-0.06712198806143843
2023-10-03,319211043.92739916,-0.021707915476363228,-0.08737282509435851
2023-10-04,324063358.8397127,0.015200961885946287,-0.07350001419253904
2023-10-05,321382367.4243573,-0.008273047051522566,-0.08116499216835915
2023-10-06,324862887.7380245,0.010829842164525025,-0.07121415405830234
2023-10-09,327924026.2357578,0.009422863039381446,-0.06246233223907771
2023-10-10,327326554.1683552,-0.0018219832022099364,-0.06417051012117714
2023-10-11,332687428.6690588,0.016377756196175555,-0.048843722894750474
2023-10-12,332866336.2189602,0.0005377646838570336,-0.048332224640094346
2023-10-13,337285306.7916732,0.013275510593555934,-0.03569834900675817
2023-10-16,333836841.9184897,-0.010224177584211989,-0.0455575403312618
2023-10-17,323632604.3792933,-0.030566541070047207,-0.07473154497372314
2023-10-18,322626352.96017635,-0.003109239939056511,-0.07760842660844003
2023-10-19,316453613.29000026,-0.019132781973759058,-0.0952563434765733
2023-10-20,319989994.43133926,0.011175037960771331,-0.08514579877015693
2023-10-23,318336287.48865694,-0.005167995785684368,-0.0898737614266284
2023-10-24,320869991.8592706,0.00795920688339345,-0.0826298784038183
2023-10-25,320477878.78326595,-0.0012220309968300185,-0.08375093312797455
2023-10-26,313702027.5859041,-0.021142960703207307,-0.10312315114320014
2023-10-27,316883201.4890429,0.010140750213250135,-0.09402814704689644
2023-10-30,311311330.65894425,-0.017583358170822103,-0.1099581746300542
2023-10-31,308946244.6698723,-0.007597172849654562,-0.11671997622081176
2023-11-01,310208224.726313,0.004084788464702695,-0.11311196416857616
2023-11-02,317159197.0987729,0.02240744061055284,-0.09323907317747371
2023-11-03,317295518.42933667,0.0004298198879641163,-0.09284932929749656
2023-11-06,319804773.03066504,0.007908257304577079,-0.08567534837956148
2023-11-07,317896007.7169496,-0.005968532913461028,-0.09113252515634696
2023-11-08,324244588.10102105,0.019970620045421147,-0.072981878144603
2023-11-09,329879659.5406991,0.017379076309894863,-0.05687115946422261
2023-11-10,327200233.7414386,-0.008122434111248746,-0.06453166132989285
2023-11-13,325449874.01064694,-0.005349506358161295,-0.06953595515546718
2023-11-14,327069248.0739577,0.004975801782789338,-0.06490615050230841
2023-11-15,328331228.5436709,0.003858450395886345,-0.06129813726852318
2023-11-16,327542671.90083146,-0.002401710755133202,-0.06355262762810887
2023-11-17,319992091.51097524,-0.023052203690095904,-0.08513980320108083
2023-11-20,320317403.543488,0.0010166252265069692,-0.08420973324628789
2023-11-21,320706809.5165757,0.001215687842058824,-0.08309641815311963
2023-11-22,320119659.95575047,-0.0018307985468418372,-0.08477508389835897
2023-11-23,318158944.85029626,-0.006124944359010104,-0.09038078558546114
2023-11-24,322130530.0847119,0.01248302239713677,-0.07902598855905851
2023-11-27,319510386.28409725,-0.008133795328016955,-0.08651700267054185
2023-11-28,322605455.44805026,0.009686912528724436,-0.07766817277893445
2023-11-29,323485015.65103346,0.0027264269346022815,-0.07515350244255803
2023-11-30,324193051.0371766,0.002188773364720413,-0.07312922306224934
2023-12-01,326322348.85299623,0.006567993388530235,-0.06704154192730027
2023-12-04,334133220.84466326,0.023936062053738535,-0.044710190381311854
2023-12-05,329644961.6123606,-0.01343254412403738,-0.057542162900258154
2023-12-06,334241742.67305624,0.013944642254539116,-0.04439992552191563
2023-12-07,331213223.77789223,-0.009060863765679937,-0.053058487611235106
2023-12-08,327530566.282253,-0.01111869101611943,-0.0635872376978226
2023-12-11,330538637.2130071,0.009184092235720765,-0.05498713651813336
2023-12-12,331433882.65456367,0.0027084441598264806,-0.052427621947074954
2023-12-13,330948754.40878916,-0.0014637255608538114,-0.05381460785759007
2023-12-14,329506535.3842217,-0.004357831855701897,-0.057937924700868115
2023-12-15,328559800.44895077,-0.0028731901604530045,-0.06064464818615345
2023-12-18,327918644.8013098,-0.0019514123357904877,-0.06247771780737388
2023-12-19,324901057.1339245,-0.009202244871479436,-0.07110502742057867
2023-12-20,326016337.82428634,0.003432677936477559,-0.06791643014290027
2023-12-21,330268054.9585276,0.013041423514587295,-0.05576073355740552
2023-12-22,330146389.5627327,-0.00036838378392426064,-0.056108575991307474
2023-12-25,332282654.5452647,0.006470659834752191,-0.05000097566560735
2023-12-26,332312840.16216874,9.08431917559161e-05,-0.04991467472207178
2023-12-27,332245308.55159354,-0.0002032169763354425,-0.05010774818913544
2023-12-28,330516945.3469815,-0.005202069555614578,-0.05504915375339492
2023-12-29,328688175.6509155,-0.0055330588092727066,-0.06027762235754941
2024-01-02,329984129.8480076,0.003942807478625239,-0.056572477939149324
2024-01-03,334843135.46738255,0.014724967596511426,-0.04268053824714624
2024-01-04,333651401.603759,-0.003559081066303202,-0.0460877158178743
2024-01-05,332727530.3290813,-0.0027689716579547717,-0.04872907189694953
2024-01-08,334395489.16724324,0.00501298716253586,-0.043960362946275366
2024-01-09,336625036.5614202,0.006667396739499326,-0.03758606738735126
2024-01-10,332075502.48926556,-0.01351513873901812,-0.0505932252109752
2024-01-11,336551881.1991801,0.01348000281971798,-0.03779521920975981
2024-01-12,333408351.45663404,-0.009340401638360354,-0.046782598320691204
2024-01-15,329181589.20035905,-0.012677433656981346,-0.058866948691160714
2024-01-16,333146485.67063755,0.012044709061372309,-0.047531274900104226
2024-01-17,332662814.27429706,-0.001451828001027353,-0.04891409566530702
2024-01-18,332839285.80690885,0.0005304816920904112,-0.04840956200545221
2024-01-19,334204766.95873606,0.004102523980956314,-0.04450563941353092
2024-01-22,336143008.9495821,0.0057995641668550785,-0.038964188558241464
2024-01-23,338984366.7935045,0.008452824447550984,-0.030840721556314565
2024-01-24,334622690.46094775,-0.012866895231229589,-0.0433107924544236
2024-01-25,336588455.5996419,0.005874572151656232,-0.037690652677986214
2024-01-26,337864974.58465934,0.0037925215906269394,-0.03404107370140541
2024-01-29,338570439.4170532,0.0020880081851074365,-0.032024143556816376
2024-01-30,339084480.3378875,0.0015182687588419497,-0.030554496054665425
2024-01-31,334963859.48259777,-0.012152195379699129,-0.04233538722857999
2024-02-01,336294647.5257733,0.0039729302296406584,-0.038530652538643295
2024-02-02,334889415.8066851,-0.004178572955076548,-0.042548222351080356
2024-02-05,332420396.17008793,-0.007372641594688075,-0.049607171151882845
2024-02-06,332819531.7605512,0.0012006952493343907,-0.04846603899728341
2024-02-07,331582387.2709292,-0.0037171631216405504,-0.05200304594611127
2024-02-15,332224716.9414295,0.0019371646238117105,-0.05016661978323689
2024-02-16,329322237.7258866,-0.008736493907690237,-0.058464833322821486
2024-02-19,331209269.79057384,0.005730047499124353,-0.0530697920956652
2024-02-20,333632847.4106231,0.007317360475996596,-0.046140762418818815
2024-02-21,334428262.5094869,0.002384103079289649,-0.043866663673292616
2024-02-22,333979769.0044279,-0.0013410753675350065,-0.0451489105387195
2024-02-23,331288837.4351273,-0.008057169382810477,-0.052842307501870134
2024-02-26,338627271.89140296,0.022151167280764925,-0.03186165901408078
2024-02-27,341546974.1740444,0.008622171115555492,-0.023514204574570097
2024-02-28,340974419.12047875,-0.0016763581494177158,-0.025151144495522137
2024-02-29,339011957.89108527,-0.005755450026003484,-0.030761838366284877
2024-03-01,341667684.4518055,0.007833725327097203,-0.0231690928315057
2024-03-04,343206559.9296266,0.00450401237181733,-0.018769434340445312
2024-03-05,346867430.17918754,0.010666667473697478,-0.008302974181526701
2024-03-06,343763414.5708183,-0.008948708752406458,-0.017177382036204003
2024-03-07,343679806.9216561,-0.00024321276092342562,-0.01741641703861696
2024-03-08,342052340.38502496,-0.0047354150690677565,-0.022069358143990803
2024-03-11,344904154.3670529,0.008337361407373666,-0.013915996951492371
2024-03-12,351789288.87215054,0.0199624574477301,0.0
2024-03-13,357784055.8720486,0.01704078887426482,0.0
2024-03-14,356731247.5631263,-0.0029425802845132877,-0.0029425802845133298
2024-03-15,362285622.4131265,0.015570194335211169,0.0
2024-03-18,351402937.1054301,-0.030038965485874314,-0.03003896548587437
2024-03-19,351542768.35674477,0.0003979228303168308,-0.02965299584572345
2024-03-20,354165557.5168981,0.007460796796968183,-0.022413434025181478
2024-03-21,355193215.115559,0.0029016305421281805,-0.019576838987774736
2024-03-22,357006971.299832,0.005106393104054409,-0.014570412919326703
2024-03-25,351886219.60589397,-0.014343562186737687,-0.028704983482269575
2024-03-26,357234254.9417556,0.015198194864951869,-0.013943052549876489
2024-03-27,356139293.48938656,-0.0030651076631706543,-0.016965423255828505
2024-03-28,359535707.2675719,0.009536756657508744,-0.007590461711502239
2024-03-29,358183914.0855061,-0.0037598301218516234,-0.011321752986772182
2024-04-01,357962012.48319036,-0.000619518614849776,-0.011934257564893969
2024-04-02,364391902.1452491,0.017962491655062737,0.0
2024-04-03,362211526.06118727,-0.005983601916578124,-0.005983601916578096
2024-04-04,363201860.3675543,0.0027341325030052896,-0.003265829374057949
2024-04-05,358094635.46343344,-0.014061670551335928,-0.017281576908659058
2024-04-08,354209517.8740996,-0.010849415781685336,-0.02794349767709914
2024-04-09,356968941.5169667,0.007790371245325766,-0.0203708166525709
2024-04-10,354386612.7232506,-0.007234043339295206,-0.027457496621344557
2024-04-11,359509515.49543035,0.014455689318547498,-0.013398724343420265
2024-04-12,361622640.517287,0.005877799976850752,-0.0075996793882051605
2024-04-15,348374684.3726703,-0.03663475308312013,-0.04395602009342747
2024-04-16,349720137.7130362,0.0038620870020698796,-0.040263695065223204
2024-04-17,342072611.08421195,-0.02186756152743893,-0.061250787763501235
2024-04-19,331656317.63271654,-0.030450533348696282,-0.08983620195677111
2024-04-22,337845491.9632261,0.018661409421314175,-0.07285126268102815
2024-04-23,330357805.2140552,-0.022163050646790698,-0.09339970710333656
2024-04-24,338883826.3220729,0.025808444581756775,-0.07000176368630862
2024-04-25,338217869.6566738,-0.001965147385836624,-0.07182934728923307
2024-04-26,338069747.0558629,-0.0004379502507104229,-0.07223583985928983
2024-05-02,339196154.9706376,0.003331880254249983,-0.06914464077351612
2024-05-03,338193843.84680116,-0.0029549601584464374,-0.0718952812733068
2024-05-06,342063986.3779479,0.011443562919790774,-0.06127445652840313
2024-05-07,345656417.7030752,0.010502220251733696,-0.05141575411493604
2024-05-08,346016304.6432295,0.0010411695594885876,-0.050428117073510026
2024-05-09,346170709.8980831,0.00044623693387168677,-0.05000438302798216
2024-05-10,347137602.14916825,0.002793108207710084,-0.047350942472929036
2024-05-13,343587329.9644377,-0.010227276338692184,-0.05709394763805309
2024-05-14,345484089.67735195,0.005520458839709102,-0.05188867358627636
2024-05-15,348232426.1286143,0.007955030443888254,-0.04434641912045989
2024-05-16,348589021.91862404,0.001024016614346057,-0.043367813976079916
2024-05-17,350063779.5669729,0.0042306485735891615,-0.03932063938282837
2024-05-20,348930832.59143525,-0.0032364015978434196,-0.042429783600544946
2024-05-21,352645163.0960526,0.010644890498875634,-0.03223655350198806
2024-05-22,349781438.1638703,-0.008120698174448795,-0.04009546835526279
2024-05-23,351461362.2615348,0.004802782293088697,-0.035485255867623855
2024-05-24,342438902.8535529,-0.025671269666530234,-0.06024557396159047
2024-05-27,345663582.7038727,0.009416803474863563,-0.05139609121695354
2024-05-28,349947997.7154968,0.012394753818467833,-0.03963837929635139
2024-05-29,349461978.0144353,-0.001388834067445115,-0.04097216223225142
2024-05-30,350280299.87295246,0.0023416620691232033,-0.038726443121317455
2024-05-31,348234434.45899653,-0.005840652228223989,-0.04434090766323373
2024-06-03,350363954.5497407,0.0061151910323069495,-0.03849686975183331
2024-06-04,351513115.85896695,0.003279907348640026,-0.03534322856919203
2024-06-05,349106582.6925874,-0.006846211585871843,-0.04194747293415135
2024-06-06,346988195.7977146,-0.006068023348440186,-0.04776095803741898
2024-06-07,350447524.65654504,0.009969586575928231,-0.03826752846759407
2024-06-10,352745000.5692444,0.0065558343291223856,-0.03196256971529021
2024-06-11,349631811.4473134,-0.008825608065052741,-0.04050608866728389
2024-06-12,351007612.29131746,0.003934999044591675,-0.03673048104289811
2024-06-13,351237765.0974313,0.0006556917800484187,-0.03609887313734672
2024-06-14,342650334.8720764,-0.02444905155051538,-0.0596653414776116
2024-06-17,341997718.559392,-0.001904613088815634,-0.061456315176100396
2024-06-18,344322045.3665601,0.006796322551387076,-0.05507766956546978
2024-06-19,346956310.7287513,0.007650585832768276,-0.04784846017118094
2024-06-20,350913860.940591,0.011406479978782311,-0.03698776269535675
2024-06-21,349449056.64204574,-0.00417425602573513,-0.04100762232978239
2024-06-24,336565884.28297186,-0.036867097261248614,-0.07636288759014631
2024-06-25,338363169.66862,0.005340070011781235,-0.07143060074439833
2024-06-26,336206079.92174256,-0.006375072526333181,-0.0773502980103864
2024-06-27,335522645.92171896,-0.0020327829888819493,-0.07922584462928783
2024-06-28,327543191.8706342,-0.023782162390750965,-0.1011238451175207
2024-07-01,328953834.3280722,0.004306737225651561,-0.09725262172003779
2024-07-02,333622451.7817645,0.014192318089948792,-0.08444054377262122
2024-07-03,336966035.2030612,0.010022057578678441,-0.07526475418560696
2024-07-04,339887667.8698751,0.008670406989396504,-0.06724692324695647
2024-07-05,341105264.5225798,0.003582350193331724,-0.06390547508211952
2024-07-08,336776373.1939196,-0.012690778416214198,-0.07578524327448355
2024-07-09,338674134.49583864,0.005635078506015892,-0.07057722056391691
2024-07-10,333150589.649096,-0.016309320034035544,-0.08573547412066285
2024-07-11,333188697.0286952,0.00011438484812334176,-0.08563089611172559
2024-07-12,333334340.5458964,0.0004371202219643182,-0.08523120688607666
2024-07-15,332742846.2696353,-0.0017744774669552809,-0.08685444349693117
2024-07-16,334218765.01041806,0.0044356137399472135,-0.08280408251993443
2024-07-17,336570233.2424406,0.007035715759254946,-0.07635095274899562
2024-07-18,339597796.46800256,0.008995338644166852,-0.06804241678061074
2024-07-19,337838021.48718745,-0.005181938749655348,-0.07287176389413041
2024-07-22,339211893.0568553,0.004066657635573384,-0.06910145077361485
2024-07-23,337219328.9447198,-0.005874098617767378,-0.07456964065490723
2024-07-24,340401473.23089457,0.009436423161545469,-0.06583688817758582
2024-07-25,339750217.92303383,-0.001913197677082276,-0.06762412687314046
2024-07-26,338002220.9637438,-0.005144947279139095,-0.0724211515847194
2024-07-29,337659965.5147191,-0.0010125834322887177,-0.07336040255876619
2024-07-30,336014535.98226136,-0.004873037080216257,-0.07787595167709394
2024-07-31,338311704.8369664,0.006836516307218049,-0.07157183558345648
2024-08-01,331973038.679216,-0.018736171604837006,-0.08896702499472864
2024-08-02,334705339.55376667,0.008230490299517515,-0.0814687769314072
2024-08-05,328399737.35109043,-0.018839263846471478,-0.09877322899401852
2024-08-06,335673046.78057355,0.02214773217588557,-0.07881309984003992
2024-08-07,339355991.72048354,0.010971822060880279,-0.06870600108667102
2024-08-08,336968703.3410231,-0.007034761246905537,-0.07525743201970214
2024-08-09,341105270.6961655,0.012275820615174687,-0.06390545813996007
2024-08-12,342374037.8274113,0.003719576448221838,-0.06042358292874839
2024-08-13,344146966.6954888,0.0051783391034201,-0.055558137627577
2024-08-14,335457855.11332667,-0.02524825851465522,-0.07940364992081839
2024-08-15,333220298.37473994,-0.006670157530908964,-0.08554417259822633
2024-08-16,344234831.90116847,0.03305480962639786,-0.055317009311710574
2024-08-19,346459958.60673076,0.006463978945050914,-0.049210598350153734
2024-08-20,349616672.157223,0.009111337319287266,-0.0405476353921187
2024-08-21,353797389.1633544,0.011958002403991013,-0.02907450170962278
2024-08-22,353201774.0511009,-0.0016834921073385345,-0.03070904712280831
2024-08-23,351480317.8597621,-0.004873860546039552,-0.035433236055669615
2024-08-26,349375482.0053117,-0.00598848853690339,-0.04120953306462816
2024-08-27,347687926.5619184,-0.004830205696482425,-0.045840688239752514
2024-08-28,349690863.78194153,0.005760732734751605,-0.0403440314583271
2024-08-29,349621761.74735487,-0.00019760892188981614,-0.040533668039655746
2024-08-30,348704789.59633064,-0.0026227547920396575,-0.04305011295960548
2024-09-04,344673772.64681554,-0.011559970123098997,-0.05411242506309544
2024-09-05,343679725.7186166,-0.0028840225369208047,-0.0568403861466068
2024-09-06,344450142.9260695,0.00224167196898796,-0.05472613167795015
2024-09-09,343018251.5362065,-0.004157035261182475,-0.058655668480039225
2024-09-10,342148439.708433,-0.002535759610102556,-0.06104269141510654
2024-09-11,341863184.3198982,-0.0008337182211845509,-0.06182551723218821
2024-09-12,340556843.2274973,-0.0038212394674780217,-0.06541050659312131
2024-09-13,340155934.1465615,-0.0011772163411438562,-0.06651072061702124
2024-09-16,338559968.3628926,-0.004691865181400095,-0.0708905264641686
2024-09-17,341081874.68735373,0.007448920605279429,-0.06396966376218716
2024-09-18,342136060.61923635,0.0030907122603595384,-0.06107666332590855
2024-09-19,344160843.6844755,0.0059180638883093795,-0.05552005503324664
2024-09-20,344373275.32741034,0.0006172452410931873,-0.05493707928190794
2024-09-23,343289982.2511927,-0.0031456943782519667,-0.057909958398705164
2024-09-24,344695606.5322051,0.004094568305765154,-0.05405250637318759
2024-09-25,345561563.62434256,0.0025122371034820516,-0.05167606198175245
2024-09-26,345932238.9091306,0.00107267509991641,-0.05065881850678555
2024-09-27,344567854.8454258,-0.003944078956061637,-0.054403095082835695
2024-09-30,341400093.9896918,-0.009193431166569668,-0.06309637513951294
2024-10-01,340172732.48699355,-0.0035950824979424333,-0.06646462096350769
2024-10-02,339274088.59369653,-0.0026417281794665188,-0.06893076768083739
2024-10-03,338482542.1173881,-0.002333059030795409,-0.07110300716159534
2024-10-04,337839382.1895409,-0.001900127326579089,-0.07286802972126472
2024-10-07,336011685.1390033,-0.005409958539150528,-0.0778837752407936
2024-10-08,341842794.45064926,0.01735388847930612,-0.061881473111363605
2024-10-09,342075930.7463429,0.0006819985662365426,-0.06124167762106558
2024-10-10,342406374.3697232,0.0009659949551532022,-0.06033484181753945
2024-10-11,342527996.6352657,0.00035519860214746474,-0.06000107406686639
2024-10-14,339922000.17835164,-0.007608126875798161,-0.06715270515847971
2024-10-15,338130461.58193576,-0.0052704402641661485,-0.07206922110153091
2024-10-16,336598632.3714596,-0.0045302904781471965,-0.07627301707355438
2024-10-17,340187561.0006604,0.010662338714556,-0.06642392710181766
2024-10-18,338686277.6171605,-0.0044131048739227885,-0.07054389621930235
2024-10-21,339956291.28547865,0.0037498232206317284,-0.06705860013878762
2024-10-22,336290814.6648587,-0.010782199696201136,-0.07711776061694464
2024-10-23,339606749.7549356,0.009860320132090209,-0.06801784629240737
2024-10-24,338784278.1446561,-0.0024218352870577693,-0.07027495355916458
2024-10-25,341680940.15046215,0.008550166559291146,-0.06232564955775066
2024-10-28,340745375.91591716,-0.002738122396095634,-0.06489311669694109
2024-10-29,343480346.3552842,0.008026434495304616,-0.057387542552000625
2024-10-30,344950724.06589246,0.004280820507521371,-0.05335238781351204
2024-10-31,344098799.0012536,-0.0024697007578280035,-0.0556903241387251
2024-11-01,342743744.7195916,-0.003937980270768253,-0.05940899701176239
2024-11-04,342349890.7690127,-0.0011491207546359484,-0.06048984965491999
2024-11-05,344918310.7101311,0.007502324406615222,-0.053441339723723336
2024-11-06,345734752.65151477,0.0023670588543204265,-0.051200779665782736
2024-11-07,349522045.2742937,0.010954330143942384,-0.04080731976592655
2024-11-08,353396639.83207834,0.011085408231529313,-0.030174277332837063
2024-11-11,350386649.7688686,-0.008517313760085422,-0.03843458730539495
2024-11-12,356058451.41109383,0.01618726525672879,-0.02286947290841146
2024-11-13,354494085.782895,-0.0043935640960046625,-0.02716255850935123
2024-11-14,354195387.5444885,-0.000842604292669279,-0.027982275513620647
2024-11-15,358355177.5881482,0.01174433713690639,-0.016566571654203943
2024-11-18,357488440.84762394,-0.0024186527633217538,-0.018945155633215527
2024-11-19,353604124.59603685,-0.010865571603873888,-0.029604877292010112
2024-11-20,350604462.45107746,-0.008483108471617104,-0.037836844378270285
2024-11-21,356643548.7039013,0.01722478433561441,-0.021263791527011744
2024-11-22,357740793.8943485,0.0030765877987552915,-0.018252623649823718
2024-11-25,359800515.2049494,0.005757580197043935,-0.012600134397250162
2024-11-26,357136815.2162591,-0.007403268967452595,-0.019910121180733764
2024-11-27,359164700.39100957,0.005678174549219996,-0.014344999774874134
2024-11-28,362084799.60686165,0.008130251142924335,-0.006331377082764766
2024-11-29,366775255.8229978,0.012954026850143619,0.0
2024-12-02,366152200.81124127,-0.0016987378561252224,-0.0016987378561251765
2024-12-03,373022334.33655685,0.01876305402533214,0.0
2024-12-04,378089620.1484009,0.013584403252573415,0.0
2024-12-05,373044297.9334559,-0.013344249474409585,-0.013344249474409597
2024-12-06,372380148.9555619,-0.001780348826059472,-0.0151008408815827
2024-12-09,377627634.6016023,0.014091743775167377,-0.0012218942869081095
2024-12-10,375569031.17478836,-0.0054514109619805485,-0.006666644200978622
2024-12-11,373674904.21832323,-0.005043352351338058,-0.011676374316610172
2024-12-12,364577360.7098131,-0.024346145287816236,-0.03573824489887922
2024-12-13,367424566.0400131,0.007809605414490347,-0.028207741075255588
2024-12-16,366206476.57055354,-0.0033152096567404857,-0.03142943615638849
2024-12-17,367417047.0379591,0.0033057046908134854,-0.0282276279001068
2024-12-18,367575149.03507584,0.00043030664578938403,-0.027809467790197773
2024-12-19,366376681.54614735,-0.0032604693001542745,-0.030979265174368442
2024-12-20,367822431.9085307,0.00394607636130703,-0.027155435359056623
2024-12-23,366339204.34123456,-0.004032455442154744,-0.031078387718113665
2024-12-24,367702330.89058554,0.0037209409563527447,-0.027473087607478686
2024-12-25,365764009.7029391,-0.005271441121822044,-0.03259970596554329
2024-12-26,361982811.9372028,-0.010337807070759203,-0.042600503565467185
2024-12-27,357584319.12159175,-0.012151109584656521,-0.05423396976293815
2024-12-30,358340199.8024709,0.0021138529864396785,-0.05223475941544842
2024-12-31,358813812.87109286,0.0013216855627222533,-0.0509821117801178
2025-01-02,364035954.30370617,0.014553903014010822,-0.037170197476404265
2025-01-03,363509780.53367215,-0.0014453895660950058,-0.03856186162689712
2025-01-06,366627316.053951,0.008576208089097322,-0.030316368087415113
2025-01-07,370100393.9436084,0.00947304725419395,-0.02113050922068882
2025-01-08,365554500.4992422,-0.012282865727127184,-0.03315383174031239
2025-01-09,364848904.20590866,-0.001930208197053761,-0.03502004613957732
2025-01-10,363995447.0747044,-0.002339207056306751,-0.03727733405684219
2025-01-13,366531703.4879192,0.006967824552745781,-0.030569251427598587
2025-01-14,366833321.7690611,0.0008228982057259296,-0.02977150860402278
2025-01-15,368164553.04230094,0.0036289813226889024,-0.026250567530006097
2025-01-16,376261002.16438085,0.021991386881695947,-0.004836467034726621
2025-01-17,380047452.02931654,0.0100633598570002,0.0
2025-01-20,379610248.66865396,-0.0011503915059239867,-0.0011503915059239977
2025-01-21,382924786.9508536,0.008731424648897571,0.0
2025-01-22,389721556.73365045,0.017749620850919714,0.0
2025-01-23,391910093.64706403,0.005615642439069153,0.0
2025-01-24,399334709.3203417,0.018944691125929353,0.0
2025-02-03,397467747.53696835,-0.004675180343203527,-0.004675180343203578
2025-02-04,403552577.8567655,0.015308991377297123,0.0
2025-02-05,412806856.3152618,0.022932026621276917,0.0
2025-02-06,414952802.7578106,0.005198427326773725,0.0
2025-02-07,413583320.9174855,-0.0033003315828292463,-0.0033003315828292745
2025-02-10,405951782.2256092,-0.01845223998624178,-0.02169167305867048
2025-02-11,410650103.1237066,0.01157359347541006,-0.010369130189042952
2025-02-12,421381662.9803904,0.026133099139758437,0.0
2025-02-13,429335434.2432705,0.018875456531790815,0.0
2025-02-14,428915455.79602516,-0.000978205882273837,-0.0009782058822738193
2025-02-17,430282795.69788766,0.003187900746837982,0.0
2025-02-18,440014200.92789304,0.02261630101715256,0.0
2025-02-19,436380704.52051723,-0.008257679865135191,-0.008257679865135148
2025-02-20,433661308.0250576,-0.006231706551845852,-0.014437926979262383
2025-02-21,439733406.6480725,0.014001937711869864,-0.0006381482216447631
2025-02-24,443959562.1306931,0.00961072190269791,0.0
2025-02-25,450906634.85202134,0.015647985343501116,0.0
2025-02-26,450713313.8742784,-0.00042873837464457476,-0.0004287383746445217
2025-02-27,445981211.0677109,-0.010499141385221024,-0.010923378375052972
2025-02-28,448583037.27811825,0.005833936824778826,-0.0051531678496272715
2025-03-03,447628113.34395397,-0.002128756227517002,-0.007270954238993044
2025-03-04,450910545.15493846,0.007332943827999242,0.0
2025-03-05,453788157.2281667,0.006381780386704988,0.0
2025-03-06,466514202.16426027,0.028044021716712313,0.0
2025-03-07,468388315.9055909,0.004017270498167483,0.0
2025-03-10,461024306.3109784,-0.015722018130137946,-0.01572201813013796
2025-03-11,464905064.97534585,0.008417687768830388,-0.007436673401022942
2025-03-12,464196179.05134654,-0.0015247971627000926,-0.008950131145221252
2025-03-13,457434637.00708306,-0.014566130333260588,-0.023385892701720756
2025-03-14,458505890.3095391,0.002341871856195782,-0.021098787609475145
2025-03-17,463800666.1801565,0.011547890621520535,-0.009794543479515472
2025-03-18,458234562.0126507,-0.01200106979868746,-0.02167806827825902
2025-03-19,452294976.1839002,-0.012961889654640615,-0.034358969203951095
2025-03-20,455136328.7005303,0.006282078436075394,-0.02829273650739761
2025-03-21,454076966.0933084,-0.0023275720710902396,-0.03055445519517852
2025-03-24,458868838.7680505,0.010552996589916035,-0.020323899666743972
2025-03-25,465285107.42636484,0.013982794463752309,-0.006625290114733673
2025-03-26,467499407.13924295,0.004759016950114912,-0.0018978030325741413
2025-03-27,462257243.8669407,-0.011213197690197093,-0.01308972028219002
2025-03-28,462193321.8994328,-0.0001382822407998836,-0.013226192447137741
2025-03-31,463973073.4729402,0.00385066483910531,-0.00942645724224389
2025-04-01,466178678.8368011,0.004753735701409276,-0.004717532427164883
2025-04-02,466613550.168713,0.0009328426023192296,-0.0037890905400715935
2025-04-03,445505821.0387485,-0.045235996945079224,-0.04885368419705549
2025-04-04,446062992.85178936,0.0012506499056325277,-0.047664133146953835
2025-04-08,426591752.66136086,-0.043651323921637425,-0.0892348545531495
2025-04-09,408377781.5382455,-0.04269649145695994,-0.12812133080501775
2025-04-10,425186838.784431,0.041160557714159766,-0.09223431852187292
2025-04-11,439094394.5009907,0.03270928083362151,-0.06254195591528111
2025-04-14,451233254.3599165,0.027645217089872078,-0.03662572477391213
2025-04-15,454759323.098253,0.007814292728354658,-0.029097636180329012
2025-04-16,447141552.0030668,-0.016751214781671176,-0.045361430208704534
2025-04-17,460137948.285025,0.02906550783244829,-0.017614375381278413
2025-04-18,472080503.1380398,0.02595429239758596,0.0
2025-04-21,463118462.1446538,-0.01898413709910291,-0.01898413709910296
2025-04-22,461314498.6442958,-0.003895252830137708,-0.02280544191547762
2025-04-23,463839755.7001997,0.005474046584976408,-0.01745623338193747
2025-04-24,469832680.7832296,0.012920248877725264,-0.004761523383974509
2025-04-25,481646476.5264256,0.025144687090523265,0.0
2025-04-28,495406813.3382002,0.028569370860994245,0.0
2025-04-29,491086271.48618054,-0.008721199902170412,-0.008721199902170462
2025-05-05,494674583.1505673,0.007306886534472643,-0.0014780381858273683
2025-05-06,497699701.11473584,0.006115369714169798,0.0
2025-05-07,495038454.38809454,-0.005347093278699386,-0.005347093278699422
2025-05-08,501845604.23974526,0.013750749646438827,0.0
2025-05-09,502902147.61846995,0.0021053155986596123,0.0
2025-05-12,507144020.87460434,0.008434788509498505,0.0
2025-05-13,515675501.0209718,0.016822598305811263,0.0
2025-05-14,525075161.05382276,0.018227858438573972,0.0
2025-05-15,525561016.10535824,0.0009253057230137852,0.0
2025-05-16,541227628.3868715,0.029809311956982283,0.0
2025-05-19,553394152.5514705,0.02247949573613117,0.0
2025-05-20,551816713.2713245,-0.0028504805713488036,-0.0028504805713488457
2025-05-21,549524371.0975809,-0.004154173149548076,-0.006992812331044096
2025-05-22,534411399.0366946,-0.0275019141202068,-0.03430241072706375
2025-05-23,555655521.3580315,0.039752374967357736,0.0
2025-05-26,570640085.5576687,0.026967363093980685,0.0
2025-05-27,584231063.5820866,0.023817075540944237,0.0
2025-05-28,567018092.596317,-0.029462608304720906,-0.029462608304720916
2025-05-29,562294765.1155336,-0.008330117755424409,-0.037547299063585005
2025-05-30,549614303.6901014,-0.02255127063618808,-0.05925183039693227
2025-06-02,549805574.369761,0.0003480089189371835,-0.058924441643436576
2025-06-03,553386258.0271327,0.006512636146834773,-0.052795558945180954
2025-06-04,554760218.5957932,0.0024828237939243008,-0.05044381722121927
2025-06-05,552432580.6560698,-0.0041957549616935385,-0.05442792228652016
2025-06-06,551839962.7876629,-0.0010727424289550373,-0.05544227757391851
2025-06-09,533928012.5999599,-0.03245859559938235,-0.08610129470642036
2025-06-10,554052715.0694003,0.037691789894003236,-0.051654816722093155
2025-06-11,559587786.5551195,0.009990153166248602,-0.042180703086672766
2025-06-12,557730414.4795709,-0.003319179081771645,-0.045359876861104764
2025-06-13,541607749.0140496,-0.028907631800151316,-0.07295626204245498
2025-06-16,557472088.6051766,0.029291197587195873,-0.04580204074196792
2025-06-17,549701498.0246265,-0.013938976927064611,-0.05910258407991775
2025-06-18,545137374.5518985,-0.008302912560961481,-0.06691477305313687
2025-06-19,549803229.1599147,0.008559043693989195,-0.058928455825482784
2025-06-20,549403176.8545697,-0.0007276281479036203,-0.059613205970215355
2025-06-23,557808564.8849764,0.015299125277230914,-0.04522611059930015
2025-06-24,558299433.5563343,0.000879994862501063,-0.04438591448177731
2025-06-25,556520296.9134065,-0.00318670687447195,-0.04743117645744044
2025-06-26,557514799.8298005,0.0017870020588822083,-0.04572893400854294
2025-06-27,548600909.73609,-0.015988616080562876,-0.06098640771946984
2025-06-30,554104834.7628975,0.010032657491317806,-0.0515656059684273
2025-07-01,552106378.0838636,-0.0036066400320961265,-0.054986267421758384
2025-07-02,555336290.9059227,0.005850163936284792,-0.04945778216413532
2025-07-03,562527701.9076238,0.012949650724194045,-0.037148592444560036
2025-07-04,561200239.8708539,-0.002359816293967791,-0.0394207448847792
2025-07-07,558978604.1042862,-0.003958722054500477,-0.04322341116709949
2025-07-08,561427631.4934385,0.004381254257623399,-0.03903152966368095
2025-07-09,556193144.2916876,-0.009323529709121649,-0.047991147746390794
2025-07-10,561168248.5727572,0.008944921979226183,-0.03947550283944956
2025-07-11,557450182.046655,-0.006625582497866727,-0.04583953713660882
2025-07-14,574742090.1442461,0.03101964741334288,-0.016241816002834364
2025-07-15,598578049.7356094,0.041472444771499285,0.0
2025-07-16,621458049.281453,0.03822392009855631,0.0
2025-07-17,645896699.6653796,0.03932469844454227,0.0
2025-07-18,663062089.9524482,0.026576061305099555,0.0
2025-07-21,635064760.0705649,-0.042224295893452786,-0.04222429589345278
2025-07-22,653734600.7729675,0.02939832577126166,-0.014067293728329044
2025-07-23,643248255.3641514,-0.01604067674621655,-0.02988232156315529
2025-07-24,649812481.4572089,0.010204809788938203,-0.01998245518182107
2025-07-25,662353167.2303568,0.019298930277586186,-0.0010691649135637915
2025-07-28,682115734.2141224,0.029836902669920302,0.0
2025-07-29,644375060.404506,-0.05532884218408793,-0.055328842184087956
2025-07-30,654693669.873227,0.016013359459075796,-0.04020148336336038
2025-07-31,664530262.4907472,0.01502472541001495,-0.025780774201955237
2025-08-01,648445335.3472618,-0.0242049580754938,-0.04936170971873699
2025-08-04,649122114.5811427,0.0010436951227638057,-0.04836953317165782
2025-08-05,644199566.0116974,-0.007583393723416144,-0.05558612168081545
2025-08-06,652074487.2364601,0.012224350403582366,-0.0440412755062356
2025-08-07,650714593.6254897,-0.0020854881422116478,-0.046034916090611055
2025-08-08,671110710.6395106,0.03134418255533952,-0.016133660349135437
2025-08-11,676113302.437259,0.007454197524252427,-0.008799726315914635
2025-08-12,683252746.0305958,0.010559537236733094,0.0
2025-08-13,694744602.496027,0.016819334473507717,0.0
2025-08-14,703918562.0848081,0.01320479433135802,0.0
2025-08-15,706404393.4595621,0.0035314189860139802,0.0
2025-08-18,720346010.8358507,0.019736028690323735,0.0
2025-08-19,712016187.5928011,-0.01156364180233905,-0.011563641802339042
2025-08-20,705053425.4888723,-0.009778937930426347,-0.02122949959733067
2025-08-21,691887229.2164173,-0.01867404057121736,-0.0395070996317608
2025-08-22,680334340.815542,-0.016697646542716674,-0.05554507058889846
2025-08-25,673847474.613519,-0.009534821062019276,-0.06455027934197533
2025-08-26,692715408.1131294,0.028000303051416806,-0.038357403674187496
2025-08-27,698998390.9261377,0.00907007804275983,-0.02963523027627013
2025-08-28,696989259.155969,-0.0028743009944653284,-0.032424350698881166
2025-08-29,700504383.2897186,0.005043297421837322,-0.027544578921328333
2025-09-03,720473965.1982944,0.028507433193771522,0.0
2025-09-04,720745071.1044482,0.0003762882758423925,0.0
2025-09-05,708185184.3656499,-0.017426254083918832,-0.017426254083918846
2025-09-08,683578272.2056134,-0.03474643737722072,-0.05156719121489317
2025-09-09,696082350.9753565,0.01829209510916401,-0.03421836807194434
2025-09-10,702661814.793113,0.009452134231728951,-0.02508967044842214
2025-09-11,700216738.0345912,-0.003479734784281265,-0.028482099833717855
2025-09-12,703361443.6042302,0.004491045984512894,-0.024118968269293717
2025-09-15,715328006.0380933,0.017013389833458868,-0.007515923845381134
2025-09-16,706533393.9561357,-0.012294516652112234,-0.019718035846620352
2025-09-17,702559098.1214049,-0.005625064390059959,-0.02523218501539759
2025-09-18,700240228.2979903,-0.0033006046460932097,-0.028449508194397843
2025-09-19,699987402.8282645,-0.00036105533431057927,-0.028800291682016366
2025-09-22,690524459.5703101,-0.013518733651091155,-0.04192968186078461
2025-09-23,694559538.2181833,0.005843498506025486,-0.03633119938807072
2025-09-24,698764101.213449,0.0060535674249785265,-0.030497565328218235
2025-09-25,700783279.3576261,0.002889642070436426,-0.027696050305600073
2025-09-26,697640503.2084118,-0.0044846620086242605,-0.032056504889629855
2025-09-29,697732722.3671721,0.00013218722011723542,-0.031928555129780656
2025-09-30,685943606.7879384,-0.01689632032626658,-0.04828540036101958
2025-10-01,691303904.3780698,0.007814487280130821,-0.04084823872782606
2025-10-02,684316987.1773775,-0.010106867842700908,-0.05054225882009766
2025-10-03,679578224.8046095,-0.006924805991319957,-0.05711706947472539
2025-10-06,694799798.1201848,0.022398559518224274,-0.03599785003663736
2025-10-07,687334299.6441245,-0.01074481958149462,-0.04635587921416662
2025-10-08,695680072.4215007,0.012142232363054336,-0.03477651070792431
2025-10-09,700524739.2143834,0.006963929232613379,-0.028054762634838193
2025-10-10,712678711.0346861,0.017349810991590425,-0.011191696472376056
2025-10-13,731599938.0961537,0.02654944895715673,0.0
2025-10-14,734776048.9512265,0.004341321929766624,0.0
2025-10-15,734000672.6425102,-0.0010552552846857502,-0.0010552552846857521
2025-10-16,732096869.0646278,-0.0025937354676099094,-0.0036462536992364347
2025-10-17,732612990.3654764,0.0007049904495671888,-0.0029438338237038897
2025-10-20,708861211.5510414,-0.03242063562452807,-0.035269028484494425
2025-10-21,706291291.9693441,-0.0036254199550206016,-0.03876658339985317
2025-10-22,707731955.8615639,0.0020397588199095513,-0.036805899060351255
2025-10-23,710956302.8419831,0.0045558872306309395,-0.03241769535526129
2025-10-24,706145072.9955158,-0.0067672651993305405,-0.038965581412971684
2025-10-27,687514475.9729388,-0.026383526183288056,-0.06432105815880351
2025-10-28,698033381.897893,0.015299904645743358,-0.05000525956960311
2025-10-29,692187281.0126462,-0.008375102161091073,-0.05796156257320695
2025-10-30,684838436.2106469,-0.010616844607789128,-0.06796303827793171
2025-10-31,670951138.4672399,-0.02027821017209301,-0.0868630796758908
2025-11-03,670278283.0291177,-0.0010028382091418217,-0.08777880826976991
2025-11-04,675845564.3209342,0.008305925214609143,-0.08020196727207696
2025-11-05,677623449.5510106,0.002630608712898469,-0.07778233855307604
2025-11-06,676320771.0028154,-0.0019224224738066402,-0.07955523051118296
2025-11-07,663893166.6129224,-0.018375310832855082,-0.09646868925501562
2025-11-10,655540911.5315613,-0.01258072156996743,-0.10783576510524606
2025-11-11,654272115.5685494,-0.00193549470474319,-0.10956254425764611
2025-11-12,668180693.0645921,0.02125809302442372,-0.0906335419910439
2025-11-13,675509044.9289155,0.01096761989741442,-0.08065995633214362
2025-11-14,676014350.7722769,0.0007480371242320694,-0.07997225584968692
2025-11-17,679462616.3088322,0.005100876235269268,-0.07527930819376227
2025-11-18,681305011.0919052,0.002711546947324111,-0.07277188462476758
2025-11-19,679824249.9610345,-0.0021734188164821105,-0.07478713965789541
2025-11-20,692788745.4340017,0.019070363367753113,-0.05714299421865321
2025-11-21,688563687.1606684,-0.006098624293739786,-0.06289312485963405
2025-11-24,694770966.8220179,0.009014822850948772,-0.05444527238783747
2025-11-25,701469125.0595949,0.009640814825949477,-0.045329354351127615
2025-11-26,718378631.7050889,0.024105845918817023,-0.022316210863898234
2025-11-27,732023424.4835732,0.018993873392500697,-0.0037462087551468626
2025-11-28,729849284.6784778,-0.0029700413024750447,-0.0067051236628913324
2025-12-01,744642964.9304869,0.020269500241445394,0.0
2025-12-02,755499351.9117372,0.014579318535915719,0.0
2025-12-03,748996106.7556427,-0.008607876551632445,-0.00860787655163242
2025-12-04,750423217.6594079,0.0019053649156427345,-0.006718912781969344
2025-12-05,764315893.9346845,0.01851312159371658,0.0
2025-12-08,770316271.6376283,0.00785065147874129,0.0
2025-12-09,777150735.0090265,0.008872282233982556,0.0
2025-12-10,751019194.6050315,-0.03362480304891113,-0.033624803048911134
2025-12-11,740973574.6824348,-0.013375982923951478,-0.04655102118145915
2025-12-12,723502260.344754,-0.023578862910419773,-0.0690322639451012
2025-12-15,726448273.5642064,0.004071878390605974,-0.06524147653830792
2025-12-16,734448849.1177313,0.011013276298767126,-0.054946722646796675
2025-12-17,726828143.0155323,-0.010376088288998718,-0.06475267889042113
2025-12-18,728440083.186718,0.002217773467738831,-0.06267851219589049
2025-12-19,737241136.9513559,0.012082055844779768,-0.051353741635729144
2025-12-22,757318167.4095963,0.027232650827466096,-0.025519589322912872
2025-12-23,773123437.9940677,0.02087005338658811,-0.005182131127897671
2025-12-24,771175692.996309,-0.0025193195575757108,-0.0076883952411729295
2025-12-25,748033916.9386652,-0.03000843551970543,-0.03746611404803368
2025-12-26,743946529.1943915,-0.005464174353218274,-0.042725567021755895
2025-12-29,750748271.695292,0.009142784103403254,-0.03397341355332806
2025-12-30,755285981.7117219,0.006044249700612874,-0.028134507647413654
2025-12-31,760054877.7206867,0.006314026904295137,-0.021998122781343388
2026-01-05,755693588.2075851,-0.005738124497247569,-0.027610019311365863
2026-01-06,753660961.0590553,-0.0026897504229868043,-0.030225505673231345
2026-01-07,764483581.9188279,0.014360065624952179,-0.01629948029329409
2026-01-08,764585261.7625997,0.00013300461406457197,-0.016168643585315334
2026-01-09,761062181.3530599,-0.00460783196555222,-0.020701973158115505
2026-01-12,780433745.9706278,0.02545332706340502,0.0
2026-01-13,789002011.0047693,0.010978850002808583,0.0
2026-01-14,788449746.4799097,-0.0006999532538027061,-0.0006999532538026765
2026-01-15,791715503.2263011,0.004141997332070459,0.0
2026-01-16,790429098.9251921,-0.001624831515698203,-0.0016248315156982551
2026-01-19,796269458.2578201,0.007388846565200601,0.0
2026-01-20,799793304.9584409,0.004425445009947627,0.0
2026-01-21,794631678.4555511,-0.006453700563494917,-0.006453700563494924
2026-01-22,805247278.8058519,0.01335914567480283,0.0
2026-01-23,798889805.6978147,-0.007895056928928838,-0.00789505692892889
2026-01-26,789481170.4903381,-0.011777137648237176,-0.019579213404973372
2026-01-27,792317877.6811016,0.0035931283693588613,-0.016056435662749613
2026-01-28,791342451.9465168,-0.0012311040329414421,-0.017267772552991945
2026-01-29,792353549.0016029,0.001277698488939996,-0.016012137070950283
2026-01-30,799963502.8790138,0.009604240287684373,-0.006561681195214719
2026-02-02,797319104.9028518,-0.0033056482785088943,-0.009845638863576478
2026-02-03,798644176.4647951,0.0016619087060565844,-0.008200092710463958
2026-02-04,799373546.8850702,0.0009132608009535062,-0.0072943207327471615
2026-02-05,798322678.4942571,-0.0013146149192802858,-0.008599346429166155
2026-02-06,787301835.7775071,-0.013804997670286409,-0.022285630142031887
2026-02-09,785874385.8784088,-0.0018130910334898255,-0.024058315299335553
2026-02-10,781483427.7716178,-0.005587353635254365,-0.02951124661914406
2026-02-11,794573715.1931341,0.01675056303988807,-0.013255013576135677
2026-02-12,791289972.1379403,-0.004132710398550768,-0.017332944842247455
2026-02-13,791128120.6133139,-0.00020454135693022502,-0.017533940895119948
2026-02-23,805350863.7928798,0.017977800066745032,0.0
2026-02-24,810912078.8935366,0.006905332012019772,0.0
2026-02-25,812019083.4189872,0.0013651350797006987,0.0
2026-02-26,809360731.4915407,-0.0032737554839888205,-0.003273755483988783
2026-02-27,800474713.7272937,-0.01097905719724162,-0.014216869932521914
2026-03-02,807829289.7944438,0.009187768134366925,-0.005159723102691527
2026-03-03,807735413.7828634,-0.00011620773443898579,-0.0052753312373983174
2026-03-04,807970168.8114009,0.00029063357199863844,-0.004986230853760709
2026-03-05,798639409.424151,-0.011548395903002657,-0.01647704378880044
2026-03-06,793411662.315115,-0.006545816606777984,-0.02291500468871499
2026-03-09,766039091.5609412,-0.03449983413944619,-0.05662427496709588
2026-03-10,763261514.7561977,-0.0036258943379556784,-0.06004485566705753
2026-03-11,776560034.4234514,0.01742328076308363,-0.04366775328263994
2026-03-12,771691944.3209591,-0.0062687878421487314,-0.049662797243916534
2026-03-13,777872346.2454593,0.00800889781211672,-0.04205164369999015
2026-03-16,779417108.9759114,0.001985882051095062,-0.040149271253338004
2026-03-17,777980809.0379783,-0.001842787284744448,-0.04191807197152497
2026-03-18,779320960.2404759,0.001722601877743979,-0.0402676782432706
2026-03-19,780256663.6382549,0.001200664996217036,-0.03911536123879922
2026-03-20,774405630.4519746,-0.007498857054289671,-0.04632089779053217
2026-03-23,752370168.392548,-0.02845467697150636,-0.07345752857837873
2026-03-24,764228852.672326,0.015761768312949315,-0.05885358081172376
2026-03-25,772669926.1557109,0.011045216958072895,-0.04845841442247578
2026-03-26,773244180.2696856,0.0007432075386081027,-0.047751221542775446
2026-03-27,788205278.7393534,0.019348478593721567,-0.029326656436898357
2026-03-30,796347551.6762187,0.010330142611944934,-0.019299462368278064
2026-03-31,804012276.8262551,0.009624849268266076,-0.00986036751626529
2026-04-01,814195434.6794543,0.012665425823341995,0.0
2026-04-02,816591750.1211478,0.0029431698332192755,0.0
2026-04-03,808958540.6333988,-0.009347644629787816,-0.009347644629787766
2026-04-06,803255325.8037513,-0.007050070607057212,-0.016331813682195384
2026-04-07,807477774.3532764,0.005256670468135355,-0.011160994176734329
2026-04-08,829519439.3123528,0.027296930837173786,0.0
2026-04-09,825606786.2698073,-0.004716770767649414,-0.004716770767649425
2026-04-10,824069883.8747343,-0.0018615428320507995,-0.006569533128887306
2026-04-13,827848706.5200846,0.004585560908478425,-0.0020140972147115743
2026-04-14,825564977.4256032,-0.0027586309871537647,-0.004767172050877733
2026-04-15,837895539.8731251,0.014935907874838488,0.0
2026-04-16,850354450.6732823,0.014869288840042912,0.0
2026-04-17,843269763.2622504,-0.008331452143776542,-0.008331452143776508
2026-04-20,846622901.54879,0.003976353039824048,-0.0043882278990104995
2026-04-21,848619911.7595335,0.002358795405947876,-0.0020397834248711
2026-04-22,866744491.7269776,0.02135771234717372,0.0
2026-04-23,865195438.4779859,-0.0017872086454282028,-0.001787208645428251
2026-04-24,860576539.5406164,-0.005338561360765877,-0.007116228883175979
2026-04-28,880110839.0333631,0.022699084387280993,0.0
2026-04-29,864390543.4606881,-0.017861722496158312,-0.01786172249615836
2026-05-04,859187500.1282413,-0.0060193200536598004,-0.023773527125404037
2026-05-05,874523087.9363635,0.017848941943211682,-0.006348917487639105
2026-05-06,875644245.6476941,0.0012820218548789597,-0.005075035083734081
2026-05-07,889008815.6251705,0.015262556733403633,0.0
2026-05-08,892156778.3736287,0.003540980351521655,0.0
2026-05-11,882970017.1030598,-0.010297249870494869,-0.010297249870494851
2026-05-12,891964961.5710924,0.010187145988879839,-0.00021500346932978864
2026-05-13,904953117.9699172,0.014561285429808462,0.0
2026-05-14,911130302.2724562,0.006825971622039691,0.0
2026-05-15,933165195.2545578,0.02418412923721701,0.0
2026-05-18,948114136.9326377,0.016019609126122547,0.0
2026-05-19,925542676.9902563,-0.023806690632633246,-0.0238066906326333
2026-05-20,942303390.99888,0.018109066632267426,-0.006128740947325961
2026-05-21,932741747.7456878,-0.010147096300965715,-0.01621364832369543
2026-05-22,926696264.3466437,-0.00648141183093314,-0.02258997282256081
2026-05-25,933315550.0732812,0.007142885950127718,-0.015608444471921112
2026-05-26,922260171.2296766,-0.011845274454857769,-0.02726883261819557
2026-05-27,913700426.9417688,-0.009281268512869725,-0.03629701177350331
2026-05-28,923687594.7880851,0.010930462054991283,-0.025763292828411943
2026-05-29,918748192.0998762,-0.005347481893314967,-0.030973005979814783
