date,symbol,realized_forward_return,predicted_class,realized_class,score,class_0_prob,class_1_prob,class_2_prob,class_3_prob,class_4_prob,class_3_4_prob,target_weight
2021-01-04,VN:ANV,-0.0099800399201595,1,1.0,-0.3192463212868417,0.237313176869445,0.30812413877803707,0.13263974186657707,0.18034171374179633,0.14158122874414453,0.3219229424859409,0.16666666666666666
2021-01-04,VN:PVD,0.2341040462427746,1,4.0,-0.3192463212868417,0.237313176869445,0.30812413877803707,0.13263974186657707,0.18034171374179633,0.14158122874414453,0.3219229424859409,0.16666666666666666
2021-01-04,VN:BSI,0.2593984962406015,1,4.0,-0.3196191692465791,0.23685050794927753,0.3075234202288562,0.13532600893598767,0.1789948588909251,0.14130520399495353,0.32030006288587864,0.16666666666666666
2021-01-14,VN:EVF,-0.06542056074766356,1,0.0,-0.3753369804521945,0.2597342172225448,0.3042514965571686,0.12504168041112543,0.1735622610682586,0.13741034474090255,0.31097260580916114,0.16666666666666666
2021-01-14,VN:LPB,-0.038298593458735763,1,0.0,-0.37568247968668167,0.2599733115738635,0.30453159724477835,0.12423620095321086,0.17372203975047082,0.13753685047767644,0.31125889022814723,0.16666666666666666
2021-01-14,VN:BVH,-0.1357142857142858,1,0.0,-0.3763883206786465,0.25993275255065035,0.3044840946125374,0.12513726763222713,0.17293049137397867,0.13751539383060643,0.3104458852045851,0.16666666666666666
2021-01-26,VN:LPB,0.010925110132158578,1,1.0,-0.37568247968668167,0.2599733115738635,0.30453159724477835,0.12423620095321086,0.17372203975047082,0.13753685047767644,0.31125889022814723,0.16666666666666666
2021-01-26,VN:PTB,-0.0322283609576427,1,0.0,-0.3807598948478699,0.26075834035873413,0.3054511547088623,0.12553471326828003,0.17030364274978638,0.13795214891433716,0.30825579166412354,0.16666666666666666
2021-01-26,VN:VRE,-0.11621621621621614,1,0.0,-0.3827682251563139,0.26213372534912005,0.3070622774083101,0.12092228594190735,0.1712019196510887,0.13867979164957378,0.30988171130066244,0.16666666666666666
2021-02-05,VN:VIX,0.16527886881382559,1,4.0,-0.37952290681851975,0.26263089161951353,0.3076446789940303,0.1152836880959729,0.1754979271664289,0.13894281412405435,0.31444074129048327,0.16666666666666666
2021-02-05,VN:DGW,0.1109619140625,1,4.0,-0.37960126996040344,0.258341521024704,0.30889692902565,0.12345638871192932,0.1726316213607788,0.13667353987693787,0.3093051612377167,0.16666666666666666
2021-02-05,VN:HSG,0.06451863958284698,1,3.0,-0.37960126996040344,0.258341521024704,0.30889692902565,0.12345638871192932,0.1726316213607788,0.13667353987693787,0.3093051612377167,0.16666666666666666
2021-02-24,VN:DGW,0.22041533897373888,1,4.0,-0.37960126996040344,0.258341521024704,0.30889692902565,0.12345638871192932,0.1726316213607788,0.13667353987693787,0.3093051612377167,0.16666666666666666
2021-02-24,VN:HSG,0.1291855534434858,1,4.0,-0.37960126996040344,0.258341521024704,0.30889692902565,0.12345638871192932,0.1726316213607788,0.13667353987693787,0.3093051612377167,0.16666666666666666
2021-02-24,VN:LPB,0.0979522184300341,1,4.0,-0.37960126996040344,0.258341521024704,0.30889692902565,0.12345638871192932,0.1726316213607788,0.13667353987693787,0.3093051612377167,0.16666666666666666
2021-03-08,VN:DCM,0.04179104477611939,1,3.0,-0.37568247968668167,0.2599733115738635,0.30453159724477835,0.12423620095321086,0.17372203975047082,0.13753685047767644,0.31125889022814723,0.16666666666666666
2021-03-08,VN:LPB,0.03807895554864782,1,2.0,-0.37568247968668167,0.2599733115738635,0.30453159724477835,0.12423620095321086,0.17372203975047082,0.13753685047767644,0.31125889022814723,0.16666666666666666
2021-03-08,VN:PTB,0.04299694189602432,1,3.0,-0.3807598948478699,0.26075834035873413,0.3054511547088623,0.12553471326828003,0.17030364274978638,0.13795214891433716,0.30825579166412354,0.16666666666666666
2021-03-18,VN:LPB,0.06138643509507413,1,3.0,-0.37568247968668167,0.2599733115738635,0.30453159724477835,0.12423620095321086,0.17372203975047082,0.13753685047767644,0.31125889022814723,0.16666666666666666
2021-03-18,VN:VCI,0.0015283140283139929,1,1.0,-0.3773088781335121,0.2610987742327062,0.3058499716658143,0.12044487238261753,0.17447412144000918,0.13813226027885273,0.3126063817188619,0.16666666666666666
2021-03-18,VN:DCM,-0.011461318051575908,1,1.0,-0.3792195235367226,0.2606417478477564,0.3053145638410472,0.12455562223742256,0.17159759614771017,0.13789046992606363,0.30948806607377377,0.16666666666666666
2021-03-30,VN:LPB,0.04923120327267583,1,3.0,-0.37568247968668167,0.2599733115738635,0.30453159724477835,0.12423620095321086,0.17372203975047082,0.13753685047767644,0.31125889022814723,0.16666666666666666
2021-03-30,VN:SHB,0.07669010275824784,1,3.0,-0.37568247968668167,0.2599733115738635,0.30453159724477835,0.12423620095321086,0.17372203975047082,0.13753685047767644,0.31125889022814723,0.16666666666666666
2021-03-30,VN:DCM,0.037681159420289934,1,2.0,-0.3792195235367226,0.2606417478477564,0.3053145638410472,0.12455562223742256,0.17159759614771017,0.13789046992606363,0.30948806607377377,0.16666666666666666
2021-04-09,VN:EVF,-0.10399999999999998,1,0.0,-0.37568247968668167,0.2599733115738635,0.30453159724477835,0.12423620095321086,0.17372203975047082,0.13753685047767644,0.31125889022814723,0.16666666666666666
2021-04-09,VN:HSG,-0.026516324886933784,1,0.0,-0.37568247968668167,0.2599733115738635,0.30453159724477835,0.12423620095321086,0.17372203975047082,0.13753685047767644,0.31125889022814723,0.16666666666666666
2021-04-09,VN:LPB,0.03576230169400385,1,2.0,-0.37568247968668167,0.2599733115738635,0.30453159724477835,0.12423620095321086,0.17372203975047082,0.13753685047767644,0.31125889022814723,0.16666666666666666
2021-04-22,VN:LPB,0.10630841121495327,1,4.0,-0.38007183372974396,0.2608028054237366,0.305503249168396,0.12463259696960449,0.1710856705904007,0.13797567784786224,0.30906134843826294,0.16666666666666666
2021-04-22,VN:NKG,0.11952191235059773,1,4.0,-0.38086547596308273,0.26177301417798515,0.30663975387871817,0.12075588582256691,0.1723423859698537,0.13848896015087603,0.3108313461207297,0.16666666666666666
2021-04-22,VN:SHB,-0.027069187006790285,1,0.0,-0.38086547596308273,0.26177301417798515,0.30663975387871817,0.12075588582256691,0.1723423859698537,0.13848896015087603,0.3108313461207297,0.16666666666666666
2021-05-06,VN:VND,0.0703125,1,3.0,-0.37568247968668167,0.2599733115738635,0.30453159724477835,0.12423620095321086,0.17372203975047082,0.13753685047767644,0.31125889022814723,0.16666666666666666
2021-05-06,VN:HSG,0.10169128666238492,1,4.0,-0.38086547596308273,0.26177301417798515,0.30663975387871817,0.12075588582256691,0.1723423859698537,0.13848896015087603,0.3108313461207297,0.16666666666666666
2021-05-06,VN:NKG,0.10854092526690384,1,4.0,-0.3831061416531408,0.26331306484762823,0.30844376640184845,0.11558313353296867,0.17335631599114523,0.13930371922640947,0.3126600352175547,0.16666666666666666
2021-05-18,VN:VCI,0.034731461382256024,1,2.0,-0.3773088781335121,0.2610987742327062,0.3058499716658143,0.12044487238261753,0.17447412144000918,0.13813226027885273,0.3126063817188619,0.16666666666666666
2021-05-18,VN:DGW,-0.05293940079993953,1,0.0,-0.37952290681851975,0.26263089161951353,0.3076446789940303,0.1152836880959729,0.1754979271664289,0.13894281412405435,0.31444074129048327,0.16666666666666666
2021-05-18,VN:SJS,-0.01298701298701288,1,1.0,-0.38086547596308273,0.26177301417798515,0.30663975387871817,0.12075588582256691,0.1723423859698537,0.13848896015087603,0.3108313461207297,0.16666666666666666
2021-05-28,VN:SSI,0.11726614469888741,1,4.0,-0.37568247968668167,0.2599733115738635,0.30453159724477835,0.12423620095321086,0.17372203975047082,0.13753685047767644,0.31125889022814723,0.16666666666666666
2021-05-28,VN:SJS,-0.009398496240601517,1,1.0,-0.3792195235367226,0.2606417478477564,0.3053145638410472,0.12455562223742256,0.17159759614771017,0.13789046992606363,0.30948806607377377,0.16666666666666666
2021-05-28,VN:VCI,0.13426270555593156,1,4.0,-0.3792195235367226,0.2606417478477564,0.3053145638410472,0.12455562223742256,0.17159759614771017,0.13789046992606363,0.30948806607377377,0.16666666666666666
2021-06-09,VN:CTS,-0.013513513513513598,1,1.0,-0.3792195235367226,0.2606417478477564,0.3053145638410472,0.12455562223742256,0.17159759614771017,0.13789046992606363,0.30948806607377377,0.16666666666666666
2021-06-09,VN:SSI,0.06939248643237272,1,3.0,-0.3792195235367226,0.2606417478477564,0.3053145638410472,0.12455562223742256,0.17159759614771017,0.13789046992606363,0.30948806607377377,0.16666666666666666
2021-06-09,VN:HSG,0.0737233536559001,1,3.0,-0.38086547596308273,0.26177301417798515,0.30663975387871817,0.12075588582256691,0.1723423859698537,0.13848896015087603,0.3108313461207297,0.16666666666666666
2021-06-21,VN:HCM,0.23286560648581212,1,4.0,-0.3792195235367226,0.2606417478477564,0.3053145638410472,0.12455562223742256,0.17159759614771017,0.13789046992606363,0.30948806607377377,0.16666666666666666
2021-06-21,VN:NKG,0.10470409711684359,1,4.0,-0.3792195235367226,0.2606417478477564,0.3053145638410472,0.12455562223742256,0.17159759614771017,0.13789046992606363,0.30948806607377377,0.16666666666666666
2021-06-21,VN:HSG,0.00946359536082464,1,1.0,-0.38086547596308273,0.26177301417798515,0.30663975387871817,0.12075588582256691,0.1723423859698537,0.13848896015087603,0.3108313461207297,0.16666666666666666
2021-07-01,VN:ANV,-0.1994002998500749,1,0.0,-0.38052496314048767,0.2615389823913574,0.30636560916900635,0.12154194712638855,0.17218831181526184,0.13836514949798584,0.3105534613132477,0.16666666666666666
2021-07-01,VN:CTS,-0.18145161290322587,1,0.0,-0.38086547596308273,0.26177301417798515,0.30663975387871817,0.12075588582256691,0.1723423859698537,0.13848896015087603,0.3108313461207297,0.16666666666666666
2021-07-01,VN:NKG,-0.14148351648351642,1,0.0,-0.38086547596308273,0.26177301417798515,0.30663975387871817,0.12075588582256691,0.1723423859698537,0.13848896015087603,0.3108313461207297,0.16666666666666666
2021-07-13,VN:VCI,-0.10054529800057399,1,0.0,-0.38086547596308273,0.26177301417798515,0.30663975387871817,0.12075588582256691,0.1723423859698537,0.13848896015087603,0.3108313461207297,0.16666666666666666
2021-07-13,VN:SJS,0.04166666666666674,1,3.0,-0.38312601409389113,0.2590015588477602,0.30968613124682304,0.12377181180801566,0.17051776134634974,0.1370227367510513,0.307540498097401,0.16666666666666666
2021-07-13,VN:HDC,0.16200000000000014,1,4.0,-0.3835661737886531,0.2614631672312555,0.3062767707279084,0.12494816724172358,0.16898685819645864,0.13832503660265383,0.3073118947991125,0.16666666666666666
2021-07-23,VN:SJS,0.012799999999999923,1,1.0,-0.38312601409389113,0.2590015588477602,0.30968613124682304,0.12377181180801566,0.17051776134634974,0.1370227367510513,0.307540498097401,0.16666666666666666
2021-07-23,VN:HDG,0.06073752711496749,1,3.0,-0.3835661737886531,0.2614631672312555,0.3062767707279084,0.12494816724172358,0.16898685819645864,0.13832503660265383,0.3073118947991125,0.16666666666666666
2021-07-23,VN:VND,0.1942446043165469,1,4.0,-0.38702773759493425,0.26163920565218324,0.31283995276063714,0.11484838191532803,0.1722542928736337,0.13841816679821783,0.31067245967185153,0.16666666666666666
2021-08-04,VN:FTS,0.3150450336166435,1,4.0,-0.3831061416531408,0.26331306484762823,0.30844376640184845,0.11558313353296867,0.17335631599114523,0.13930371922640947,0.3126600352175547,0.16666666666666666
2021-08-04,VN:SSI,0.09333956730564874,1,4.0,-0.3831061416531408,0.26331306484762823,0.30844376640184845,0.11558313353296867,0.17335631599114523,0.13930371922640947,0.3126600352175547,0.16666666666666666
2021-08-04,VN:VND,0.06626506024096379,1,3.0,-0.3831061416531408,0.26331306484762823,0.30844376640184845,0.11558313353296867,0.17335631599114523,0.13930371922640947,0.3126600352175547,0.16666666666666666
2021-08-16,VN:NKG,0.09698587916663803,1,4.0,-0.37568247968668167,0.2599733115738635,0.30453159724477835,0.12423620095321086,0.17372203975047082,0.13753685047767644,0.31125889022814723,0.16666666666666666
2021-08-16,VN:BSI,0.0032729553478818563,1,1.0,-0.37952290681851975,0.26263089161951353,0.3076446789940303,0.1152836880959729,0.1754979271664289,0.13894281412405435,0.31444074129048327,0.16666666666666666
2021-08-16,VN:DIG,-0.039823008849557695,1,0.0,-0.38086547596308273,0.26177301417798515,0.30663975387871817,0.12075588582256691,0.1723423859698537,0.13848896015087603,0.3108313461207297,0.16666666666666666
2021-08-26,VN:DGW,0.11279426816786087,1,4.0,-0.3792195235367226,0.2606417478477564,0.3053145638410472,0.12455562223742256,0.17159759614771017,0.13789046992606363,0.30948806607377377,0.16666666666666666
2021-08-26,VN:NKG,0.1537396121883654,1,4.0,-0.3792195235367226,0.2606417478477564,0.3053145638410472,0.12455562223742256,0.17159759614771017,0.13789046992606363,0.30948806607377377,0.16666666666666666
2021-08-26,VN:SJS,-0.03230769230769237,1,0.0,-0.37960126996040344,0.258341521024704,0.30889692902565,0.12345638871192932,0.1726316213607788,0.13667353987693787,0.3093051612377167,0.16666666666666666
2021-09-09,VN:DCM,-0.0040322580645161255,1,1.0,-0.3792195235367226,0.2606417478477564,0.3053145638410472,0.12455562223742256,0.17159759614771017,0.13789046992606363,0.30948806607377377,0.16666666666666666
2021-09-09,VN:SSI,-0.042094958394517934,1,0.0,-0.3792195235367226,0.2606417478477564,0.3053145638410472,0.12455562223742256,0.17159759614771017,0.13789046992606363,0.30948806607377377,0.16666666666666666
2021-09-09,VN:VCI,0.0031360406494382875,1,1.0,-0.3792195235367226,0.2606417478477564,0.3053145638410472,0.12455562223742256,0.17159759614771017,0.13789046992606363,0.30948806607377377,0.16666666666666666
2021-09-21,VN:DGW,0.023025256968734586,1,2.0,-0.3831061416531408,0.26331306484762823,0.30844376640184845,0.11558313353296867,0.17335631599114523,0.13930371922640947,0.3126600352175547,0.16666666666666666
2021-09-21,VN:FRT,0.023681377825618855,1,2.0,-0.3831061416531408,0.26331306484762823,0.30844376640184845,0.11558313353296867,0.17335631599114523,0.13930371922640947,0.3126600352175547,0.16666666666666666
2021-09-21,VN:FTS,-0.15194902253864606,1,0.0,-0.3831061416531408,0.26331306484762823,0.30844376640184845,0.11558313353296867,0.17335631599114523,0.13930371922640947,0.3126600352175547,0.16666666666666666
2021-10-01,VN:DCM,0.10106382978723394,1,4.0,-0.38086547596308273,0.26177301417798515,0.30663975387871817,0.12075588582256691,0.1723423859698537,0.13848896015087603,0.3108313461207297,0.16666666666666666
2021-10-01,VN:NKG,0.0837053571428572,1,3.0,-0.38086547596308273,0.26177301417798515,0.30663975387871817,0.12075588582256691,0.1723423859698537,0.13848896015087603,0.3108313461207297,0.16666666666666666
2021-10-01,VN:DGW,-0.05002726853211392,1,0.0,-0.3831061416531408,0.26331306484762823,0.30844376640184845,0.11558313353296867,0.17335631599114523,0.13930371922640947,0.3126600352175547,0.16666666666666666
2021-10-13,VN:EVF,0.1225806451612903,1,4.0,-0.38086547596308273,0.26177301417798515,0.30663975387871817,0.12075588582256691,0.1723423859698537,0.13848896015087603,0.3108313461207297,0.16666666666666666
2021-10-13,VN:DCM,0.01449275362318847,1,1.0,-0.3831061416531408,0.26331306484762823,0.30844376640184845,0.11558313353296867,0.17335631599114523,0.13930371922640947,0.3126600352175547,0.16666666666666666
2021-10-13,VN:DGW,-0.017576011835103378,1,1.0,-0.3831061416531408,0.26331306484762823,0.30844376640184845,0.11558313353296867,0.17335631599114523,0.13930371922640947,0.3126600352175547,0.16666666666666666
2021-10-25,VN:DGW,-0.008046209516103797,1,1.0,-0.38086547596308273,0.26177301417798515,0.30663975387871817,0.12075588582256691,0.1723423859698537,0.13848896015087603,0.3108313461207297,0.16666666666666666
2021-10-25,VN:PVD,0.03125,1,2.0,-0.38086547596308273,0.26177301417798515,0.30663975387871817,0.12075588582256691,0.1723423859698537,0.13848896015087603,0.3108313461207297,0.16666666666666666
2021-10-25,VN:SZC,-0.02033898305084758,1,1.0,-0.38086547596308273,0.26177301417798515,0.30663975387871817,0.12075588582256691,0.1723423859698537,0.13848896015087603,0.3108313461207297,0.16666666666666666
2021-11-04,VN:VCI,-0.008344143322932318,1,1.0,-0.37568247968668167,0.2599733115738635,0.30453159724477835,0.12423620095321086,0.17372203975047082,0.13753685047767644,0.31125889022814723,0.16666666666666666
2021-11-04,VN:VND,0.0876369327073554,1,3.0,-0.37568247968668167,0.2599733115738635,0.30453159724477835,0.12423620095321086,0.17372203975047082,0.13753685047767644,0.31125889022814723,0.16666666666666666
2021-11-04,VN:DCM,0.19330289193302863,1,4.0,-0.38086547596308273,0.26177301417798515,0.30663975387871817,0.12075588582256691,0.1723423859698537,0.13848896015087603,0.3108313461207297,0.16666666666666666
2021-11-16,VN:DGW,0.07170196990040267,1,3.0,-0.3773088781335121,0.2610987742327062,0.3058499716658143,0.12044487238261753,0.17447412144000918,0.13813226027885273,0.3126063817188619,0.16666666666666666
2021-11-16,VN:FRT,0.0034482758620690834,1,1.0,-0.3792195235367226,0.2606417478477564,0.3053145638410472,0.12455562223742256,0.17159759614771017,0.13789046992606363,0.30948806607377377,0.16666666666666666
2021-11-16,VN:FTS,0.06169693881265248,1,3.0,-0.3792195235367226,0.2606417478477564,0.3053145638410472,0.12455562223742256,0.17159759614771017,0.13789046992606363,0.30948806607377377,0.16666666666666666
2021-11-26,VN:DPM,-0.0497017892644136,1,0.0,-0.3792195235367226,0.2606417478477564,0.3053145638410472,0.12455562223742256,0.17159759614771017,0.13789046992606363,0.30948806607377377,0.16666666666666666
2021-11-26,VN:FRT,0.10481099656357395,1,4.0,-0.3792195235367226,0.2606417478477564,0.3053145638410472,0.12455562223742256,0.17159759614771017,0.13789046992606363,0.30948806607377377,0.16666666666666666
2021-11-26,VN:FTS,-0.16216401535929792,1,0.0,-0.3792195235367226,0.2606417478477564,0.3053145638410472,0.12455562223742256,0.17159759614771017,0.13789046992606363,0.30948806607377377,0.16666666666666666
2021-12-08,VN:HDG,-0.03014503176315475,1,0.0,-0.3792195235367226,0.2606417478477564,0.3053145638410472,0.12455562223742256,0.17159759614771017,0.13789046992606363,0.30948806607377377,0.16666666666666666
2021-12-08,VN:VND,0.12252964426877466,1,4.0,-0.3792195235367226,0.2606417478477564,0.3053145638410472,0.12455562223742256,0.17159759614771017,0.13789046992606363,0.30948806607377377,0.16666666666666666
2021-12-08,VN:FRT,0.35614307931570743,1,4.0,-0.38086547596308273,0.26177301417798515,0.30663975387871817,0.12075588582256691,0.1723423859698537,0.13848896015087603,0.3108313461207297,0.16666666666666666
2021-12-20,VN:EVF,0.007936507936507908,1,1.0,-0.3792195235367226,0.2606417478477564,0.3053145638410472,0.12455562223742256,0.17159759614771017,0.13789046992606363,0.30948806607377377,0.16666666666666666
2021-12-20,VN:VND,-0.028169014084507005,1,0.0,-0.38086547596308273,0.26177301417798515,0.30663975387871817,0.12075588582256691,0.1723423859698537,0.13848896015087603,0.3108313461207297,0.16666666666666666
2021-12-20,VN:DIG,0.10344827586206917,1,4.0,-0.3831061416531408,0.26331306484762823,0.30844376640184845,0.11558313353296867,0.17335631599114523,0.13930371922640947,0.3126600352175547,0.16666666666666666
2021-12-30,VN:HDG,-0.06014218552918238,1,0.0,-0.3792195235367226,0.2606417478477564,0.3053145638410472,0.12455562223742256,0.17159759614771017,0.13789046992606363,0.30948806607377377,0.16666666666666666
2021-12-30,VN:TCH,-0.06394316163410307,1,0.0,-0.38086547596308273,0.26177301417798515,0.30663975387871817,0.12075588582256691,0.1723423859698537,0.13848896015087603,0.3108313461207297,0.16666666666666666
2021-12-30,VN:DIG,0.16145833333333326,1,4.0,-0.3831061416531408,0.26331306484762823,0.30844376640184845,0.11558313353296867,0.17335631599114523,0.13930371922640947,0.3126600352175547,0.16666666666666666
2022-01-12,VN:EVF,-0.1811023622047243,1,0.0,-0.3812342101703349,0.25945285735883883,0.3102257642217208,0.11968560873525169,0.1733742705993137,0.13726149908487495,0.31063576968418866,0.16666666666666666
2022-01-12,VN:POW,-0.14599560615138818,1,0.0,-0.38194997324086744,0.25942075059249436,0.31018733747163907,0.12055755316795741,0.17258985212005784,0.13724450664785126,0.3098343587679091,0.16666666666666666
2022-01-12,VN:DIG,-0.2565022421524664,1,0.0,-0.3831061416531408,0.26331306484762823,0.30844376640184845,0.11558313353296867,0.17335631599114523,0.13930371922640947,0.3126600352175547,0.16666666666666666
2022-01-24,VN:NKG,0.2602965403624382,1,4.0,-0.36090243277244466,0.2645485024288743,0.29931729139932123,0.12211455040828734,0.16052744804240918,0.15349220772110797,0.31401965576351715,0.16666666666666666
2022-01-24,VN:HSG,0.2113448704897638,1,4.0,-0.38944719441646936,0.2675557414624412,0.30271976960659197,0.12350267824901134,0.1640595632489058,0.14216224743304962,0.3062218106819554,0.16666666666666666
2022-01-24,VN:FTS,0.16758091058694458,1,4.0,-0.41942371043158866,0.27110605220022566,0.3067366641728581,0.12514148093127545,0.16450654724956093,0.1325092554460799,0.2970158026956408,0.16666666666666666
2022-02-10,VN:FRT,0.19587628865979356,1,4.0,-0.3831061416531408,0.26331306484762823,0.30844376640184845,0.11558313353296867,0.17335631599114523,0.13930371922640947,0.3126600352175547,0.16666666666666666
2022-02-10,VN:SZC,0.0,1,1.0,-0.38312601409389113,0.2590015588477602,0.30968613124682304,0.12377181180801566,0.17051776134634974,0.1370227367510513,0.307540498097401,0.16666666666666666
2022-02-10,VN:BCM,0.011139987723812084,1,1.0,-0.38489075005054474,0.26236608624458313,0.30733445286750793,0.12192630767822266,0.1695704311132431,0.13880272209644318,0.3083731532096863,0.16666666666666666
2022-02-22,VN:FRT,0.12068965517241392,1,4.0,-0.3831061416531408,0.26331306484762823,0.30844376640184845,0.11558313353296867,0.17335631599114523,0.13930371922640947,0.3126600352175547,0.16666666666666666
2022-02-22,VN:SZC,0.039743589743589824,1,3.0,-0.38312601409389113,0.2590015588477602,0.30968613124682304,0.12377181180801566,0.17051776134634974,0.1370227367510513,0.307540498097401,0.16666666666666666
2022-02-22,VN:DXG,0.13402061855670078,1,4.0,-0.3847784038956107,0.26011860952046384,0.3110217819591265,0.11999271333201333,0.17125319327234909,0.13761370191604722,0.3088668951883963,0.16666666666666666
2022-03-04,VN:DPM,0.046434494195688236,1,3.0,-0.3792195235367226,0.2606417478477564,0.3053145638410472,0.12455562223742256,0.17159759614771017,0.13789046992606363,0.30948806607377377,0.16666666666666666
2022-03-04,VN:DXG,-0.054545454545454564,1,0.0,-0.3792195235367226,0.2606417478477564,0.3053145638410472,0.12455562223742256,0.17159759614771017,0.13789046992606363,0.30948806607377377,0.16666666666666666
2022-03-04,VN:FRT,0.04923076923076919,1,3.0,-0.3831061416531408,0.26331306484762823,0.30844376640184845,0.11558313353296867,0.17335631599114523,0.13930371922640947,0.3126600352175547,0.16666666666666666
2022-03-16,VN:VHC,0.12733644859813098,1,4.0,-0.3792195235367226,0.2606417478477564,0.3053145638410472,0.12455562223742256,0.17159759614771017,0.13789046992606363,0.30948806607377377,0.16666666666666666
2022-03-16,VN:FRT,0.13269794721407635,1,4.0,-0.3831061416531408,0.26331306484762823,0.30844376640184845,0.11558313353296867,0.17335631599114523,0.13930371922640947,0.3126600352175547,0.16666666666666666
2022-03-16,VN:DPM,0.1711568938193344,1,4.0,-0.38312601409389113,0.2590015588477602,0.30968613124682304,0.12377181180801566,0.17051776134634974,0.1370227367510513,0.307540498097401,0.16666666666666666
2022-03-28,VN:DPM,-0.12449255751014876,1,0.0,-0.3792195235367226,0.2606417478477564,0.3053145638410472,0.12455562223742256,0.17159759614771017,0.13789046992606363,0.30948806607377377,0.16666666666666666
2022-03-28,VN:DXG,-0.09190371991247259,1,0.0,-0.3792195235367226,0.2606417478477564,0.3053145638410472,0.12455562223742256,0.17159759614771017,0.13789046992606363,0.30948806607377377,0.16666666666666666
2022-03-28,VN:DGC,-0.050654878847413265,1,0.0,-0.38086547596308273,0.26177301417798515,0.30663975387871817,0.12075588582256691,0.1723423859698537,0.13848896015087603,0.3108313461207297,0.16666666666666666
2022-04-07,VN:CII,-0.22698412698412684,1,0.0,-0.37457503936551567,0.2621335128267633,0.30296668861756754,0.12451932019769132,0.16810228181037726,0.14227819654760057,0.31038047835797783,0.16666666666666666
2022-04-07,VN:DGC,0.08968831557042511,1,4.0,-0.3792195235367226,0.2606417478477564,0.3053145638410472,0.12455562223742256,0.17159759614771017,0.13789046992606363,0.30948806607377377,0.16666666666666666
2022-04-07,VN:FRT,0.1059210526315788,1,4.0,-0.38086547596308273,0.26177301417798515,0.30663975387871817,0.12075588582256691,0.1723423859698537,0.13848896015087603,0.3108313461207297,0.16666666666666666
2022-04-20,VN:DIG,-0.1223021582733812,1,0.0,-0.3517173353454669,0.26042720481435055,0.30099460258338895,0.12279885170758625,0.16142700492272521,0.15435233597194897,0.3157793408946742,0.16666666666666666
2022-04-20,VN:CTD,-0.09688989570059936,1,0.0,-0.3530351493281487,0.26284441156056215,0.297389207054755,0.12222697494754958,0.16503593202653577,0.15250347441059742,0.3175394064371332,0.16666666666666666
2022-04-20,VN:VCG,0.01456310679611672,1,1.0,-0.3663301996811524,0.275443649488173,0.2810964051134081,0.12415979335069194,0.1729467996868521,0.14635335236087485,0.31930015204772694,0.16666666666666666
2022-05-04,VN:VCG,-0.23285486443381176,1,0.0,-0.3427861230735146,0.2670083264408014,0.2862586293739489,0.12416326629628938,0.16765039659588346,0.15491938129307684,0.3225697778889603,0.16666666666666666
2022-05-04,VN:CII,-0.16888888888888887,1,0.0,-0.348883474634834,0.26203789916578085,0.29647668754344153,0.12185193416696885,0.16759794700744826,0.15203553211636048,0.31963347912380874,0.16666666666666666
2022-05-04,VN:CTD,-0.25344899665551834,1,0.0,-0.3530351493281487,0.26284441156056215,0.297389207054755,0.12222697494754958,0.16503593202653577,0.15250347441059742,0.3175394064371332,0.16666666666666666
2022-05-16,VN:HSG,0.09595742854690581,1,4.0,-0.2182613131663007,0.2603706678692897,0.2680869062529965,0.10688230236050036,0.15875331820915164,0.20590680530806177,0.36466012351721344,0.16666666666666666
2022-05-16,VN:CTD,0.14482710345793093,1,4.0,-0.2206265760911511,0.25614788937458477,0.2696441391881992,0.1154619968275577,0.15617860737309897,0.20256736723655933,0.3587459746096583,0.16666666666666666
2022-05-16,VN:STB,0.1758530183727034,1,4.0,-0.2223407377746371,0.25650759384747174,0.270022827236824,0.11562413950454566,0.1549936016651868,0.2028518377459718,0.3578454394111586,0.16666666666666666
2022-05-26,VN:HSG,-0.0576395958963114,1,0.0,-0.3359712163214204,0.2732289094741805,0.2813262301485802,0.11216062140225438,0.174755645174449,0.15852859380053588,0.3332842389749849,0.16666666666666666
2022-05-26,VN:VCG,-0.0817843866171003,1,0.0,-0.34407633543014526,0.2684600055217743,0.2903851568698883,0.1136876791715622,0.1717054843902588,0.15576167404651642,0.3274671584367752,0.16666666666666666
2022-05-26,VN:STB,-0.0982142857142857,1,0.0,-0.344496928404948,0.26380324953354706,0.2917370563388703,0.12267285114540571,0.16872705896333737,0.15305978401883955,0.3217868429821769,0.16666666666666666
2022-06-07,VN:STB,0.0024752475247524774,1,1.0,-0.34407633543014526,0.2684600055217743,0.2903851568698883,0.1136876791715622,0.1717054843902588,0.15576167404651642,0.3274671584367752,0.16666666666666666
2022-06-07,VN:CTD,-0.03429381457350822,1,0.0,-0.348883474634834,0.26203789916578085,0.29647668754344153,0.12185193416696885,0.16759794700744826,0.15203553211636048,0.31963347912380874,0.16666666666666666
2022-06-07,VN:DBC,-0.1831275720164609,1,0.0,-0.348883474634834,0.26203789916578085,0.29647668754344153,0.12185193416696885,0.16759794700744826,0.15203553211636048,0.31963347912380874,0.16666666666666666
2022-06-17,VN:SSI,0.0600851474013977,1,3.0,-0.2182613131663007,0.2603706678692897,0.2680869062529965,0.10688230236050036,0.15875331820915164,0.20590680530806177,0.36466012351721344,0.16666666666666666
2022-06-17,VN:MSB,0.0747663551401867,1,3.0,-0.25916841819262815,0.261602344077843,0.27294856513253274,0.11792064545989517,0.1580720555638675,0.18945638976586154,0.34752844532972904,0.16666666666666666
2022-06-17,VN:HCM,0.21634448431531417,0,4.0,-0.2875446954762054,0.27767668415650804,0.2681004226848672,0.10688768805061376,0.15876131469434415,0.18857389041366684,0.34733520510801097,0.16666666666666666
2022-06-29,VN:SSI,0.04554065317875278,1,3.0,-0.2955697371895572,0.26850331229721475,0.2764605920979469,0.11022076174945775,0.17173318820794206,0.17308214564743854,0.3448153338553806,0.16666666666666666
2022-06-29,VN:DBC,0.26442307692307687,1,4.0,-0.344496928404948,0.26380324953354706,0.2917370563388703,0.12267285114540571,0.16872705896333737,0.15305978401883955,0.3217868429821769,0.16666666666666666
2022-06-29,VN:VTP,-0.027099501545838955,1,0.0,-0.34582420668267894,0.2693747837934675,0.288795705306594,0.11640085106490775,0.16913625345921138,0.15629240637581934,0.3254286598350307,0.16666666666666666
2022-07-11,VN:VTP,0.09834949252569802,1,4.0,-0.3459886312484741,0.2695028483867645,0.28893300890922546,0.11598077416419983,0.16921666264533997,0.15636670589447021,0.3255833685398102,0.16666666666666666
2022-07-11,VN:HDC,0.14566929133858264,1,4.0,-0.348883474634834,0.26203789916578085,0.29647668754344153,0.12185193416696885,0.16759794700744826,0.15203553211636048,0.31963347912380874,0.16666666666666666
2022-07-11,VN:NKG,0.034574468085106336,1,2.0,-0.348883474634834,0.26203789916578085,0.29647668754344153,0.12185193416696885,0.16759794700744826,0.15203553211636048,0.31963347912380874,0.16666666666666666
2022-07-21,VN:CTR,0.022761760242792084,1,2.0,-0.3462633983414352,0.26022701679983684,0.29810117786821194,0.12361368168551679,0.16382443416641848,0.15423368948001595,0.31805812364643443,0.16666666666666666
2022-07-21,VN:DIG,0.08791208791208804,1,4.0,-0.36090243277244466,0.2645485024288743,0.29931729139932123,0.12211455040828734,0.16052744804240918,0.15349220772110797,0.31401965576351715,0.16666666666666666
2022-07-21,VN:SSI,0.08915899669781502,1,4.0,-0.3713863547352903,0.26923719449694744,0.29122579531708054,0.12427881545243882,0.17220255989138125,0.14305563484215192,0.31525819473353317,0.16666666666666666
2022-08-02,VN:DXS,0.07714285714285718,1,3.0,-0.3754586847464838,0.26749297777196035,0.29581746238606077,0.12347369549070525,0.1710869955190495,0.1421288688322241,0.3132158643512736,0.16666666666666666
2022-08-02,VN:NKG,0.12403100775193798,1,4.0,-0.37935134126286224,0.26543683406941965,0.30032236055260214,0.12343251236004782,0.16977189860728156,0.14103639441064883,0.3108082930179304,0.16666666666666666
2022-08-02,VN:FRT,0.16049382716049365,1,4.0,-0.38670206934292767,0.2643013953633918,0.3054722615809499,0.12462563346234634,0.16382843622181795,0.14177227337149398,0.3056007095933119,0.16666666666666666
2022-08-12,VN:VGC,0.05580693815987936,1,3.0,-0.38702773759493425,0.26163920565218324,0.31283995276063714,0.11484838191532803,0.1722542928736337,0.13841816679821783,0.31067245967185153,0.16666666666666666
2022-08-12,VN:DBC,0.06168224299065428,1,3.0,-0.4912008679747646,0.2725442370216864,0.32154733182152606,0.1294646570791651,0.1774526102651105,0.09899116381251188,0.2764437740776224,0.16666666666666666
2022-08-12,VN:FTS,0.10433619440419117,1,4.0,-0.4912008679747646,0.2725442370216864,0.32154733182152606,0.1294646570791651,0.1774526102651105,0.09899116381251188,0.2764437740776224,0.16666666666666666
2022-08-24,VN:VGC,-0.12142857142857144,1,0.0,-0.38702773759493425,0.26163920565218324,0.31283995276063714,0.11484838191532803,0.1722542928736337,0.13841816679821783,0.31067245967185153,0.16666666666666666
2022-08-24,VN:BCM,-0.012366318085888284,1,1.0,-0.3938896358013153,0.25448232889175415,0.32173117995262146,0.12161216139793396,0.1675424575805664,0.13463187217712402,0.30217432975769043,0.16666666666666666
2022-08-24,VN:TLG,0.14582642625793785,1,4.0,-0.4420235189946258,0.26249721841884566,0.3232119107485705,0.12637186144569412,0.16965519018214337,0.11826381920474632,0.2879190093868897,0.16666666666666666
2022-09-07,VN:DGC,-0.0031809244718288276,1,1.0,-0.38670206934292767,0.2643013953633918,0.3054722615809499,0.12462563346234634,0.16382843622181795,0.14177227337149398,0.3056007095933119,0.16666666666666666
2022-09-07,VN:VSC,-0.0482758620689655,1,0.0,-0.4334350558626283,0.27147034012876703,0.307148816489792,0.12623818312762813,0.1736308796229279,0.12151178063088491,0.2951426602538128,0.16666666666666666
2022-09-07,VN:TLG,-0.04393598789200748,1,0.0,-0.44243478273827097,0.26274145236778523,0.3235126210044165,0.1255590347698115,0.16981304071425737,0.11837385114372934,0.28818689185798674,0.16666666666666666
2022-09-19,VN:BCM,-0.1294912533755571,1,0.0,-0.38086547596308273,0.26177301417798515,0.30663975387871817,0.12075588582256691,0.1723423859698537,0.13848896015087603,0.3108313461207297,0.16666666666666666
2022-09-19,VN:DGC,-0.22765933389449344,1,0.0,-0.38670206934292767,0.2643013953633918,0.3054722615809499,0.12462563346234634,0.16382843622181795,0.14177227337149398,0.3056007095933119,0.16666666666666666
2022-09-19,VN:ANV,-0.1534216335540839,1,0.0,-0.41554541885852814,0.2674954831600189,0.309163898229599,0.12613174319267273,0.16580830514431,0.13140057027339935,0.29720887541770935,0.16666666666666666
2022-09-29,VN:DGC,-0.038567896414861136,1,0.0,-0.348883474634834,0.26203789916578085,0.29647668754344153,0.12185193416696885,0.16759794700744826,0.15203553211636048,0.31963347912380874,0.16666666666666666
2022-09-29,VN:ANV,-0.18904823989569752,1,0.0,-0.4246131159249876,0.2716875455286367,0.3073945733128361,0.12540990487962678,0.16485940411267888,0.1306485721662215,0.29550797627890035,0.16666666666666666
2022-09-29,VN:BSI,-0.25103019930978576,1,0.0,-0.491669059048025,0.27280401370513396,0.3218538367195774,0.1286348662187199,0.1776217616313171,0.09908552172525162,0.2767072833565687,0.16666666666666666
2022-10-11,VN:NLG,0.044585987261146265,1,3.0,-0.2182613131663007,0.2603706678692897,0.2680869062529965,0.10688230236050036,0.15875331820915164,0.20590680530806177,0.36466012351721344,0.16666666666666666
2022-10-11,VN:STB,0.006309148264984188,1,1.0,-0.256746955014856,0.2642830233489566,0.27211522245063713,0.11106522050305544,0.16113875326100727,0.19139778043634353,0.35253653369735083,0.16666666666666666
2022-10-11,VN:KDH,-0.022540983606557208,1,0.0,-0.27033232232685195,0.2687208810370701,0.2742356812980043,0.11031006446353755,0.1521216253574835,0.19461174784390453,0.34673337320138803,0.16666666666666666
2022-10-21,VN:MSN,0.08288770053475947,1,3.0,-0.2194424916679223,0.2600811181980621,0.2677888036025048,0.10929937159939196,0.1571528648693755,0.2056778417306656,0.36283070660004113,0.16666666666666666
2022-10-21,VN:KDH,-0.03563941299790374,1,0.0,-0.25744130056613834,0.265993970662625,0.27145280220570556,0.10919066775482889,0.1607256757888641,0.19263688358797654,0.35336255937684063,0.16666666666666666
2022-10-21,VN:DXS,-0.1776595744680851,0,0.0,-0.2875446954762054,0.27767668415650804,0.2681004226848672,0.10688768805061376,0.15876131469434415,0.18857389041366684,0.34733520510801097,0.16666666666666666
2022-11-02,VN:KBC,-0.16480446927374304,0,0.0,-0.2667821586106235,0.2805124756579293,0.260786289108106,0.10397165036264844,0.15443008792929155,0.20029949694202476,0.35472958487131634,0.16666666666666666
2022-11-02,VN:KDH,-0.11739130434782596,0,0.0,-0.26684656044383537,0.28155277018406305,0.25943667469730003,0.10435723079315516,0.15361099402937275,0.20104233029610902,0.3546533243254818,0.16666666666666666
2022-11-02,VN:VTP,-0.3008566736206667,0,0.0,-0.26684656044383537,0.28155277018406305,0.25943667469730003,0.10435723079315516,0.15361099402937275,0.20104233029610902,0.3546533243254818,0.16666666666666666
2022-11-14,VN:CTR,0.07654320987654306,1,3.0,-0.2182613131663007,0.2603706678692897,0.2680869062529965,0.10688230236050036,0.15875331820915164,0.20590680530806177,0.36466012351721344,0.16666666666666666
2022-11-14,VN:ANV,0.09826589595375723,0,4.0,-0.2667821586106235,0.2805124756579293,0.260786289108106,0.10397165036264844,0.15443008792929155,0.20029949694202476,0.35472958487131634,0.16666666666666666
2022-11-14,VN:CTD,0.07207861090949708,0,3.0,-0.2667821586106235,0.2805124756579293,0.260786289108106,0.10397165036264844,0.15443008792929155,0.20029949694202476,0.35472958487131634,0.16666666666666666
2022-11-24,VN:SJS,0.1751552795031055,1,4.0,-0.23041109225725165,0.26399573093662265,0.26941355460702876,0.10837038364178575,0.14944673740610323,0.20877359340845958,0.35822033081456284,0.16666666666666666
2022-11-24,VN:CTD,0.15862930944693265,0,4.0,-0.2667821586106235,0.2805124756579293,0.260786289108106,0.10397165036264844,0.15443008792929155,0.20029949694202476,0.35472958487131634,0.16666666666666666
2022-11-24,VN:DIG,0.47736625514403297,0,4.0,-0.2667821586106235,0.2805124756579293,0.260786289108106,0.10397165036264844,0.15443008792929155,0.20029949694202476,0.35472958487131634,0.16666666666666666
2022-12-06,VN:PDR,-0.06451612903225812,0,0.0,-0.2809356960863403,0.28364658989712427,0.2637000142864886,0.10513330485969719,0.14498268391898314,0.20253740703770684,0.34752009095669,0.16666666666666666
2022-12-06,VN:DGW,0.020434508816120855,1,2.0,-0.3443642957319109,0.26868469323768296,0.2906281736680321,0.11294590273338266,0.1718491963103174,0.15589203405058485,0.32774123036090225,0.16666666666666666
2022-12-06,VN:MWG,0.07891770011273946,1,3.0,-0.3443642957319109,0.26868469323768296,0.2906281736680321,0.11294590273338266,0.1718491963103174,0.15589203405058485,0.32774123036090225,0.16666666666666666
2022-12-16,VN:PDR,-0.07241379310344831,0,0.0,-0.2809356960863403,0.28364658989712427,0.2637000142864886,0.10513330485969719,0.14498268391898314,0.20253740703770684,0.34752009095669,0.16666666666666666
2022-12-16,VN:DGW,-0.14363294146687644,1,0.0,-0.34407633543014526,0.2684600055217743,0.2903851568698883,0.1136876791715622,0.1717054843902588,0.15576167404651642,0.3274671584367752,0.16666666666666666
2022-12-16,VN:MWG,-0.10135841170323923,1,0.0,-0.344496928404948,0.26380324953354706,0.2917370563388703,0.12267285114540571,0.16872705896333737,0.15305978401883955,0.3217868429821769,0.16666666666666666
2022-12-28,VN:PDR,0.059479553903345694,0,3.0,-0.2809356960863403,0.28364658989712427,0.2637000142864886,0.10513330485969719,0.14498268391898314,0.20253740703770684,0.34752009095669,0.16666666666666666
2022-12-28,VN:DGW,0.0337969301722274,1,2.0,-0.34407633543014526,0.2684600055217743,0.2903851568698883,0.1136876791715622,0.1717054843902588,0.15576167404651642,0.3274671584367752,0.16666666666666666
2022-12-28,VN:ANV,0.1987041036717061,1,4.0,-0.37104464130170106,0.26898947758956965,0.29095784263249996,0.12508453615135753,0.17204413074320749,0.14292401288336534,0.3149681436265728,0.16666666666666666
2023-01-10,VN:PDR,-0.03859649122807007,0,0.0,-0.2809356960863403,0.28364658989712427,0.2637000142864886,0.10513330485969719,0.14498268391898314,0.20253740703770684,0.34752009095669,0.16666666666666666
2023-01-10,VN:DGW,0.09685626655513735,1,4.0,-0.34407633543014526,0.2684600055217743,0.2903851568698883,0.1136876791715622,0.1717054843902588,0.15576167404651642,0.3274671584367752,0.16666666666666666
2023-01-10,VN:VGC,0.09444444444444433,1,4.0,-0.37104464130170106,0.26898947758956965,0.29095784263249996,0.12508453615135753,0.17204413074320749,0.14292401288336534,0.3149681436265728,0.16666666666666666
2023-01-27,VN:PDR,-0.0985401459854015,0,0.0,-0.32052065728155316,0.2885692012097984,0.2682764430241122,0.10695785630651354,0.14749881075699586,0.18869768870258,0.33619649945957586,0.16666666666666666
2023-01-27,VN:EIB,-0.09276437847866403,1,0.0,-0.40259945102332384,0.264874197985953,0.30613429266614595,0.1258212067431571,0.1730573675947597,0.13011293500998422,0.3031703026047439,0.16666666666666666
2023-01-27,VN:DGW,-0.04359569127132912,1,0.0,-0.42947972460805955,0.27336553146489756,0.30231187198030757,0.1271194685566346,0.17484304569427736,0.12236008230388287,0.29720312799816023,0.16666666666666666
2023-02-08,VN:PDR,-0.05263157894736836,0,0.0,-0.2972714663365046,0.27977438927369147,0.2701257982812584,0.10769517398789007,0.15240616642218333,0.18999847203497672,0.34240463845716007,0.16666666666666666
2023-02-08,VN:EIB,-0.06097608472173399,1,0.0,-0.37453706841570933,0.2715213319027523,0.2936964652962719,0.11684943077601068,0.17366348336386295,0.1442692886611021,0.31793277202496506,0.16666666666666666
2023-02-08,VN:DGW,-0.02156217814545336,1,0.0,-0.37511548958890867,0.2672484556920596,0.29554707252304363,0.12427492624930928,0.1709305967529207,0.14199894878266675,0.31292954553558744,0.16666666666666666
2023-02-20,VN:PDR,-0.10256410256410242,0,0.0,-0.2972714663365046,0.27977438927369147,0.2701257982812584,0.10769517398789007,0.15240616642218333,0.18999847203497672,0.34240463845716007,0.16666666666666666
2023-02-20,VN:BID,-0.016949152542372947,1,1.0,-0.48354414465683804,0.2695049067549773,0.32224491478685224,0.1297455141674393,0.17929874494149345,0.09920591934923767,0.2785046642907311,0.16666666666666666
2023-02-20,VN:PVT,0.01690821256038655,1,1.0,-0.48724647993410763,0.2718214968456216,0.32069465279061604,0.12912134729980418,0.17963383958016454,0.09872866348379356,0.2783625030639581,0.16666666666666666
2023-03-02,VN:LPB,0.0173561578697099,1,1.0,-0.48724647993410763,0.2718214968456216,0.32069465279061604,0.12912134729980418,0.17963383958016454,0.09872866348379356,0.2783625030639581,0.16666666666666666
2023-03-02,VN:CTR,-0.014234875444839923,1,1.0,-0.4912008679747646,0.2725442370216864,0.32154733182152606,0.1294646570791651,0.1774526102651105,0.09899116381251188,0.2764437740776224,0.16666666666666666
2023-03-02,VN:SBT,-0.07569990696100815,1,0.0,-0.4912008679747646,0.2725442370216864,0.32154733182152606,0.1294646570791651,0.1774526102651105,0.09899116381251188,0.2764437740776224,0.16666666666666666
2023-03-14,VN:VHC,0.0,1,1.0,-0.39850583974999665,0.2721048810450768,0.2943276973269076,0.1265332512100562,0.1740367211688542,0.13299744924910517,0.3070341704179594,0.16666666666666666
2023-03-14,VN:PDR,0.04661016949152552,0,3.0,-0.40991767019278796,0.3058099953588845,0.26835771595365654,0.1095315930386903,0.16254135481889978,0.1537593408298689,0.31630069564876867,0.16666666666666666
2023-03-14,VN:VIC,0.005660377358490454,1,1.0,-0.42958093219442084,0.2787439164800067,0.2988403372725769,0.12331040673009142,0.17146344099648056,0.12764189852084445,0.299105339517325,0.16666666666666666
2023-03-24,VN:DIG,0.2156862745098036,0,4.0,-0.4475985084981504,0.3042650362114962,0.28049539056816897,0.11159727140381262,0.16585764914003354,0.1377846526764887,0.30364230181652224,0.16666666666666666
2023-03-24,VN:DGW,-0.01209609911267362,1,1.0,-0.45782792568206787,0.29066896438598633,0.29482752084732056,0.11816862225532532,0.17433226108551025,0.12200263142585754,0.2963348925113678,0.16666666666666666
2023-03-24,VN:LPB,0.003313452617627499,1,1.0,-0.4889868613709934,0.2639190158278117,0.3336616034186779,0.12705634061037224,0.17821330658296844,0.09714973356016973,0.27536304014313817,0.16666666666666666
2023-04-05,VN:BSI,0.03846153846153855,1,3.0,-0.4836401456323255,0.28014346748483576,0.3145252442767825,0.1222435301375126,0.17500348258760956,0.1080842755132595,0.28308775810086906,0.16666666666666666
2023-04-05,VN:HT1,-0.04854368932038844,1,0.0,-0.48709893914009356,0.27026827351458105,0.3188621842352532,0.13673426822130091,0.17597075593340797,0.09816451809545687,0.27413527402886484,0.16666666666666666
2023-04-05,VN:CTR,0.0031152647975076775,1,1.0,-0.489029869764153,0.2721474387601781,0.32107921477916196,0.12927616747390724,0.17865013543814018,0.09884704354861248,0.27749717898675264,0.16666666666666666
2023-04-17,VN:BSI,0.06296296296296289,1,3.0,-0.4712645779738512,0.2691480855516804,0.32181826713410416,0.1250780392449802,0.17906135587485664,0.10489425219437856,0.2839556080692352,0.16666666666666666
2023-04-17,VN:CTS,-0.024024024024023816,1,0.0,-0.4963087885471817,0.26541522936270323,0.331092963549285,0.13427901668188025,0.17281094708475314,0.09640184332137833,0.26921279040613144,0.16666666666666666
2023-04-17,VN:BID,-0.02444444444444449,1,0.0,-0.4965056626947421,0.2669130345259021,0.3329613606024194,0.12678969284265318,0.1763900570985692,0.09694585493045613,0.2733359120290253,0.16666666666666666
2023-04-27,VN:MSN,0.02904564315352709,1,2.0,-0.34344290663472093,0.2679657856236164,0.2898505839749997,0.11531930818202173,0.17138939585121285,0.15547492636814933,0.3268643222193622,0.16666666666666666
2023-04-27,VN:CTD,0.0893648449039881,1,4.0,-0.3780296891927719,0.2610662579536438,0.3058118522167206,0.12132225930690765,0.17368458211421967,0.1381150484085083,0.31179963052272797,0.16666666666666666
2023-04-27,VN:BMP,0.04581163873199268,1,3.0,-0.45259002470873166,0.2579560145311646,0.33583383000763645,0.12327216667752589,0.16672014320611206,0.11621784557756097,0.28293798878367304,0.16666666666666666
2023-05-12,VN:CTD,0.003085914669783696,1,1.0,-0.38058929784768897,0.2628339172266293,0.30788248089218556,0.11537279675812728,0.1748605927483605,0.13905021237469736,0.31391080512305786,0.16666666666666666
2023-05-12,VN:BSI,0.030303030303030054,1,2.0,-0.38451970196544677,0.2611660996253207,0.312274281863485,0.11464071444631688,0.1737510289810751,0.13816787508380227,0.3119189040648774,0.16666666666666666
2023-05-12,VN:BMP,-0.036011470189821204,1,0.0,-0.44243478273827097,0.26274145236778523,0.3235126210044165,0.1255590347698115,0.16981304071425737,0.11837385114372934,0.28818689185798674,0.16666666666666666
2023-05-24,VN:CTD,0.0,1,1.0,-0.3831061416531408,0.26331306484762823,0.30844376640184845,0.11558313353296867,0.17335631599114523,0.13930371922640947,0.3126600352175547,0.16666666666666666
2023-05-24,VN:BSI,0.065359477124183,1,3.0,-0.3841933275518813,0.26094443383647303,0.31200922465351894,0.11539218173599784,0.17360355477343664,0.13805060500057353,0.3116541597740102,0.16666666666666666
2023-05-24,VN:BMP,0.006734068180159092,1,1.0,-0.44243478273827097,0.26274145236778523,0.3235126210044165,0.1255590347698115,0.16981304071425737,0.11837385114372934,0.28818689185798674,0.16666666666666666
2023-06-05,VN:CTD,0.021604866338825968,1,2.0,-0.38058929784768897,0.2628339172266293,0.30788248089218556,0.11537279675812728,0.1748605927483605,0.13905021237469736,0.31391080512305786,0.16666666666666666
2023-06-05,VN:VIX,0.0682102628285357,1,3.0,-0.3841933275518813,0.26094443383647303,0.31200922465351894,0.11539218173599784,0.17360355477343664,0.13805060500057353,0.3116541597740102,0.16666666666666666
2023-06-05,VN:BSI,-0.009202453987730008,1,1.0,-0.38451970196544677,0.2611660996253207,0.312274281863485,0.11464071444631688,0.1737510289810751,0.13816787508380227,0.3119189040648774,0.16666666666666666
2023-06-15,VN:GEX,0.04735445347487133,1,3.0,-0.38194997324086744,0.25942075059249436,0.31018733747163907,0.12055755316795741,0.17258985212005784,0.13724450664785126,0.3098343587679091,0.16666666666666666
2023-06-15,VN:CTD,0.03928457361865201,1,3.0,-0.38451970196544677,0.2611660996253207,0.312274281863485,0.11464071444631688,0.1737510289810751,0.13816787508380227,0.3119189040648774,0.16666666666666666
2023-06-15,VN:VIX,0.04232571763327475,1,3.0,-0.38451970196544677,0.2611660996253207,0.312274281863485,0.11464071444631688,0.1737510289810751,0.13816787508380227,0.3119189040648774,0.16666666666666666
2023-06-27,VN:SSI,-0.005629533398289421,1,1.0,-0.3792195235367226,0.2606417478477564,0.3053145638410472,0.12455562223742256,0.17159759614771017,0.13789046992606363,0.30948806607377377,0.16666666666666666
2023-06-27,VN:GEX,-0.07284820650882884,1,0.0,-0.38194997324086744,0.25942075059249436,0.31018733747163907,0.12055755316795741,0.17258985212005784,0.13724450664785126,0.3098343587679091,0.16666666666666666
2023-06-27,VN:DBC,0.1372093023255816,1,4.0,-0.38228896611067753,0.2596509975298942,0.31046264438442456,0.11977700532147273,0.17274303219488168,0.13736632056932685,0.31010935276420853,0.16666666666666666
2023-07-07,VN:HPG,-0.0018133699274651693,1,1.0,-0.3763883206786465,0.25993275255065035,0.3044840946125374,0.12513726763222713,0.17293049137397867,0.13751539383060643,0.3104458852045851,0.16666666666666666
2023-07-07,VN:CTD,0.05000102042898824,1,3.0,-0.3783673289661507,0.26129942743034024,0.306085015742704,0.12053742825184124,0.17383971551299518,0.1382384130621193,0.31207812857511447,0.16666666666666666
2023-07-07,VN:DBC,0.026584867075664542,1,2.0,-0.3802641686836506,0.2626093963177412,0.3076194868627114,0.11612844640207956,0.17471123002039238,0.13893144039707542,0.3136426704174678,0.16666666666666666
2023-07-19,VN:HDC,0.012328767123287676,1,1.0,-0.3763883206786465,0.25993275255065035,0.3044840946125374,0.12513726763222713,0.17293049137397867,0.13751539383060643,0.3104458852045851,0.16666666666666666
2023-07-19,VN:HPG,0.029164825452938414,1,2.0,-0.3763883206786465,0.25993275255065035,0.3044840946125374,0.12513726763222713,0.17293049137397867,0.13751539383060643,0.3104458852045851,0.16666666666666666
2023-07-19,VN:CTD,-0.0746370191840463,1,0.0,-0.3780296891927719,0.2610662579536438,0.3058118522167206,0.12132225930690765,0.17368458211421967,0.1381150484085083,0.31179963052272797,0.16666666666666666
2023-07-31,VN:HPG,-0.030103525595152947,1,0.0,-0.3763883206786465,0.25993275255065035,0.3044840946125374,0.12513726763222713,0.17293049137397867,0.13751539383060643,0.3104458852045851,0.16666666666666666
2023-07-31,VN:KDH,-0.06933333333333336,1,0.0,-0.3763883206786465,0.25993275255065035,0.3044840946125374,0.12513726763222713,0.17293049137397867,0.13751539383060643,0.3104458852045851,0.16666666666666666
2023-07-31,VN:PAN,-0.004310344827586299,1,1.0,-0.3763883206786465,0.25993275255065035,0.3044840946125374,0.12513726763222713,0.17293049137397867,0.13751539383060643,0.3104458852045851,0.16666666666666666
2023-08-10,VN:LPB,0.06387482742751938,1,3.0,-0.3767351238186294,0.260172249825092,0.3047646008786902,0.12433125916370197,0.17308980355478676,0.13764208657772903,0.3107318901325158,0.16666666666666666
2023-08-10,VN:TCH,0.0672268907563025,1,3.0,-0.3780296891927719,0.2610662579536438,0.3058118522167206,0.12132225930690765,0.17368458211421967,0.1381150484085083,0.31179963052272797,0.16666666666666666
2023-08-10,VN:PAN,-0.09523809523809512,1,0.0,-0.38030202120092477,0.2583014628544232,0.3088490320913638,0.12435193174553019,0.1718452100180803,0.1366523632906025,0.3084975733086828,0.16666666666666666
2023-08-22,VN:TCH,0.06167479143014187,1,3.0,-0.3780296891927719,0.2610662579536438,0.3058118522167206,0.12132225930690765,0.17368458211421967,0.1381150484085083,0.31179963052272797,0.16666666666666666
2023-08-22,VN:LPB,0.04879314819621072,1,3.0,-0.3792195235367226,0.2606417478477564,0.3053145638410472,0.12455562223742256,0.17159759614771017,0.13789046992606363,0.30948806607377377,0.16666666666666666
2023-08-22,VN:VCG,0.1134615384615385,1,4.0,-0.38030202120092477,0.2583014628544232,0.3088490320913638,0.12435193174553019,0.1718452100180803,0.1366523632906025,0.3084975733086828,0.16666666666666666
2023-09-05,VN:FTS,0.1406386400183781,1,4.0,-0.3763883206786465,0.25993275255065035,0.3044840946125374,0.12513726763222713,0.17293049137397867,0.13751539383060643,0.3104458852045851,0.16666666666666666
2023-09-05,VN:GEX,-0.008085566944674438,1,1.0,-0.3763883206786465,0.25993275255065035,0.3044840946125374,0.12513726763222713,0.17293049137397867,0.13751539383060643,0.3104458852045851,0.16666666666666666
2023-09-05,VN:SIP,-0.06587845303867412,1,0.0,-0.3763883206786465,0.25993275255065035,0.3044840946125374,0.12513726763222713,0.17293049137397867,0.13751539383060643,0.3104458852045851,0.16666666666666666
2023-09-15,VN:HHV,-0.10169144727867963,1,0.0,-0.37568247968668167,0.2599733115738635,0.30453159724477835,0.12423620095321086,0.17372203975047082,0.13753685047767644,0.31125889022814723,0.16666666666666666
2023-09-15,VN:VTP,-0.0021122779876833198,1,1.0,-0.3763883206786465,0.25993275255065035,0.3044840946125374,0.12513726763222713,0.17293049137397867,0.13751539383060643,0.3104458852045851,0.16666666666666666
2023-09-15,VN:PVT,0.03653846153846163,1,2.0,-0.3771011857472448,0.2578733582636219,0.30833715430153275,0.12323267104650043,0.17413094769515802,0.13642586869318685,0.31055681638834487,0.16666666666666666
2023-09-27,VN:DGC,0.05894800483675944,1,3.0,-0.3763883206786465,0.25993275255065035,0.3044840946125374,0.12513726763222713,0.17293049137397867,0.13751539383060643,0.3104458852045851,0.16666666666666666
2023-09-27,VN:VTP,-0.00426331166895233,1,1.0,-0.3763883206786465,0.25993275255065035,0.3044840946125374,0.12513726763222713,0.17293049137397867,0.13751539383060643,0.3104458852045851,0.16666666666666666
2023-09-27,VN:PVT,0.042671614100185495,1,3.0,-0.39143804590638087,0.2540347334899321,0.32116533043605083,0.12139826539303955,0.16900658985242076,0.13439508082855672,0.30340167068097745,0.16666666666666666
2023-10-09,VN:DGC,-0.07422209534684554,1,0.0,-0.37886981666088104,0.2604013979434967,0.30503302812576294,0.12536288797855377,0.17143936455249786,0.13776332139968872,0.3092026859521866,0.16666666666666666
2023-10-09,VN:FRT,-0.02083333333333337,1,1.0,-0.37886981666088104,0.2604013979434967,0.30503302812576294,0.12536288797855377,0.17143936455249786,0.13776332139968872,0.3092026859521866,0.16666666666666666
2023-10-09,VN:FTS,-0.13061273146308505,1,0.0,-0.38312601409389113,0.2590015588477602,0.30968613124682304,0.12377181180801566,0.17051776134634974,0.1370227367510513,0.307540498097401,0.16666666666666666
2023-10-19,VN:FRT,-0.07446808510638292,1,0.0,-0.397818776867633,0.2550347859427982,0.3224296415938277,0.12277928543594266,0.1648321374430718,0.13492414958435966,0.29975628702743146,0.16666666666666666
2023-10-19,VN:VHM,-0.08235294117647063,1,0.0,-0.40207921859503953,0.2692263384278664,0.30191382315883303,0.1251946669042905,0.16904306159849372,0.1346221099105163,0.30366517150901,0.16666666666666666
2023-10-19,VN:HDC,0.042105263157894646,1,3.0,-0.4116522038734464,0.26904027451394763,0.30439938734176514,0.12510816193633548,0.1720766199196896,0.12937555628826217,0.3014521762079517,0.16666666666666666
2023-10-31,VN:MSN,0.06013745704467355,1,3.0,-0.33490185689107965,0.271785350678752,0.27736303416910046,0.1225107693859247,0.17064981289692083,0.15769103286930197,0.3283408457662228,0.16666666666666666
2023-10-31,VN:VHM,0.08461538461538454,1,3.0,-0.35265239284964517,0.26453175549510666,0.296649240777286,0.1192411232164251,0.16609540210451032,0.15348247840667192,0.31957788051118224,0.16666666666666666
2023-10-31,VN:HT1,0.14117809193689212,1,4.0,-0.37607683521566415,0.27123239838505087,0.2921169421979557,0.12226151766077814,0.1702733797600372,0.14411576199617804,0.31438914175621524,0.16666666666666666
2023-11-10,VN:VHM,-0.07801418439716301,1,0.0,-0.35132774448895643,0.26353809041128984,0.2955349363719304,0.1225495403815095,0.16547149296498675,0.15290593987028345,0.3183774328352702,0.16666666666666666
2023-11-10,VN:VIC,-0.06562847608453848,1,0.0,-0.3823534158222886,0.26722035210162925,0.29966426342225466,0.12334785049181954,0.1677835161653685,0.14198401781892803,0.3097675339842965,0.16666666666666666
2023-11-10,VN:MWG,0.010152284263959421,1,1.0,-0.3876140382174861,0.266707011065096,0.30175949042318734,0.12402315807411546,0.1674612065393092,0.140049133898292,0.30751034043760117,0.16666666666666666
2023-11-22,VN:VHM,0.05897435897435899,1,3.0,-0.35132774448895643,0.26353809041128984,0.2955349363719304,0.1225495403815095,0.16547149296498675,0.15290593987028345,0.3183774328352702,0.16666666666666666
2023-11-22,VN:VIC,0.02261904761904776,1,2.0,-0.3783290414387661,0.2738462706941833,0.2935895941673934,0.11511566575702775,0.17194384464579704,0.14550462473559844,0.3174484693813955,0.16666666666666666
2023-11-22,VN:CTD,-0.007568346805333803,1,1.0,-0.3847784038956107,0.26011860952046384,0.3110217819591265,0.11999271333201333,0.17125319327234909,0.13761370191604722,0.3088668951883963,0.16666666666666666
2023-12-04,VN:VIC,0.019790454016297865,1,2.0,-0.37729741632938385,0.27309954166412354,0.2927890121936798,0.11752861738204956,0.17147497832775116,0.14510785043239594,0.3165828287601471,0.16666666666666666
2023-12-04,VN:HAG,0.10245901639344268,1,4.0,-0.3792195235367226,0.2606417478477564,0.3053145638410472,0.12455562223742256,0.17159759614771017,0.13789046992606363,0.30948806607377377,0.16666666666666666
2023-12-04,VN:BSI,-0.07046632124352348,1,0.0,-0.38312601409389113,0.2590015588477602,0.30968613124682304,0.12377181180801566,0.17051776134634974,0.1370227367510513,0.307540498097401,0.16666666666666666
2023-12-14,VN:HAG,0.014869888475836479,1,1.0,-0.38086547596308273,0.26177301417798515,0.30663975387871817,0.12075588582256691,0.1723423859698537,0.13848896015087603,0.3108313461207297,0.16666666666666666
2023-12-14,VN:CII,0.005934718100890191,1,1.0,-0.4294385761022568,0.2683970332145691,0.3102059066295624,0.126556858420372,0.17211900651454926,0.12272119522094727,0.2948402017354965,0.16666666666666666
2023-12-14,VN:EVF,0.015822784810126445,1,1.0,-0.44243478273827097,0.26274145236778523,0.3235126210044165,0.1255590347698115,0.16981304071425737,0.11837385114372934,0.28818689185798674,0.16666666666666666
2023-12-26,VN:HAG,-0.05860805860805862,1,0.0,-0.3831061416531408,0.26331306484762823,0.30844376640184845,0.11558313353296867,0.17335631599114523,0.13930371922640947,0.3126600352175547,0.16666666666666666
2023-12-26,VN:CTD,0.005769324793428732,1,1.0,-0.38312601409389113,0.2590015588477602,0.30968613124682304,0.12377181180801566,0.17051776134634974,0.1370227367510513,0.307540498097401,0.16666666666666666
2023-12-26,VN:BMP,0.0018997777618465772,1,1.0,-0.44243478273827097,0.26274145236778523,0.3235126210044165,0.1255590347698115,0.16981304071425737,0.11837385114372934,0.28818689185798674,0.16666666666666666
2024-01-08,VN:HAG,0.04280155642023353,1,3.0,-0.3891337931965754,0.2609367351164167,0.31200000411272044,0.12037011146269655,0.1686466174673541,0.13804653184081217,0.30669314930816627,0.16666666666666666
2024-01-08,VN:BMP,0.02735739925822589,1,2.0,-0.44243478273827097,0.26274145236778523,0.3235126210044165,0.1255590347698115,0.16981304071425737,0.11837385114372934,0.28818689185798674,0.16666666666666666
2024-01-08,VN:EVF,-0.0527777777777777,1,0.0,-0.4443706638272205,0.26389107501344494,0.3249281395216009,0.12173295202453363,0.17055604115957082,0.1188917922808497,0.2894478334404205,0.16666666666666666
2024-01-18,VN:BSI,0.005736137667303964,1,1.0,-0.37960126996040344,0.258341521024704,0.30889692902565,0.12345638871192932,0.1726316213607788,0.13667353987693787,0.3093051612377167,0.16666666666666666
2024-01-18,VN:HAG,0.11567164179104461,1,4.0,-0.3914157897233963,0.2624669373035431,0.3138296604156494,0.11521172523498535,0.169635608792305,0.13885606825351715,0.30849167704582214,0.16666666666666666
2024-01-18,VN:BMP,-0.04683854341996829,1,0.0,-0.44243478273827097,0.26274145236778523,0.3235126210044165,0.1255590347698115,0.16981304071425737,0.11837385114372934,0.28818689185798674,0.16666666666666666
2024-01-30,VN:BSI,0.0019011406844107182,1,1.0,-0.3847784038956107,0.26011860952046384,0.3110217819591265,0.11999271333201333,0.17125319327234909,0.13761370191604722,0.3088668951883963,0.16666666666666666
2024-01-30,VN:HAG,-0.14715719063545152,1,0.0,-0.38750988868974395,0.2641514480676178,0.30942582392485835,0.1159511406134559,0.17072434341778583,0.1397472439762821,0.31047158739406794,0.16666666666666666
2024-01-30,VN:HCM,0.0,1,1.0,-0.3891337931965754,0.2609367351164167,0.31200000411272044,0.12037011146269655,0.1686466174673541,0.13804653184081217,0.30669314930816627,0.16666666666666666
2024-02-16,VN:GVR,0.08442776735459656,1,3.0,-0.3835661737886531,0.2614631672312555,0.3062767707279084,0.12494816724172358,0.16898685819645864,0.13832503660265383,0.3073118947991125,0.16666666666666666
2024-02-16,VN:HCM,0.057494133251708934,1,3.0,-0.38745746593858993,0.25981265693623806,0.31065595612907343,0.1241594273471747,0.16792011511206797,0.1374518444754458,0.3053719595875138,0.16666666666666666
2024-02-16,VN:SZC,0.028605482717520836,1,2.0,-0.38745746593858993,0.25981265693623806,0.31065595612907343,0.1241594273471747,0.16792011511206797,0.1374518444754458,0.3053719595875138,0.16666666666666666
2024-02-28,VN:FTS,0.14256396676707173,1,4.0,-0.3792195235367226,0.2606417478477564,0.3053145638410472,0.12455562223742256,0.17159759614771017,0.13789046992606363,0.30948806607377377,0.16666666666666666
2024-02-28,VN:BSI,0.06864564007421148,1,3.0,-0.38312601409389113,0.2590015588477602,0.30968613124682304,0.12377181180801566,0.17051776134634974,0.1370227367510513,0.307540498097401,0.16666666666666666
2024-02-28,VN:GVR,0.02249134948096887,1,2.0,-0.3852362363430577,0.26260158615262497,0.3076103352577264,0.121138119110004,0.1697226477393705,0.13892731174027406,0.3086499594796446,0.16666666666666666
2024-03-11,VN:CTS,0.009459459459459474,1,1.0,-0.3792195235367226,0.2606417478477564,0.3053145638410472,0.12455562223742256,0.17159759614771017,0.13789046992606363,0.30948806607377377,0.16666666666666666
2024-03-11,VN:FTS,-0.0032736543252795958,1,1.0,-0.3792195235367226,0.2606417478477564,0.3053145638410472,0.12455562223742256,0.17159759614771017,0.13789046992606363,0.30948806607377377,0.16666666666666666
2024-03-11,VN:GVR,0.12521150592216568,1,4.0,-0.3835661737886531,0.2614631672312555,0.3062767707279084,0.12494816724172358,0.16898685819645864,0.13832503660265383,0.3073118947991125,0.16666666666666666
2024-03-21,VN:CTS,0.05756358768406966,1,3.0,-0.3792195235367226,0.2606417478477564,0.3053145638410472,0.12455562223742256,0.17159759614771017,0.13789046992606363,0.30948806607377377,0.16666666666666666
2024-03-21,VN:FTS,0.04778375236157539,1,3.0,-0.3792195235367226,0.2606417478477564,0.3053145638410472,0.12455562223742256,0.17159759614771017,0.13789046992606363,0.30948806607377377,0.16666666666666666
2024-03-21,VN:BSI,0.07627118644067798,1,3.0,-0.38312601409389113,0.2590015588477602,0.30968613124682304,0.12377181180801566,0.17051776134634974,0.1370227367510513,0.307540498097401,0.16666666666666666
2024-04-02,VN:BSI,-0.011023622047243942,1,1.0,-0.3792195235367226,0.2606417478477564,0.3053145638410472,0.12455562223742256,0.17159759614771017,0.13789046992606363,0.30948806607377377,0.16666666666666666
2024-04-02,VN:CTS,0.025316455696202445,1,2.0,-0.3792195235367226,0.2606417478477564,0.3053145638410472,0.12455562223742256,0.17159759614771017,0.13789046992606363,0.30948806607377377,0.16666666666666666
2024-04-02,VN:DIG,0.0,1,1.0,-0.3792195235367226,0.2606417478477564,0.3053145638410472,0.12455562223742256,0.17159759614771017,0.13789046992606363,0.30948806607377377,0.16666666666666666
2024-04-12,VN:CTS,-0.12345679012345667,1,0.0,-0.3792195235367226,0.2606417478477564,0.3053145638410472,0.12455562223742256,0.17159759614771017,0.13789046992606363,0.30948806607377377,0.16666666666666666
2024-04-12,VN:BSI,-0.17515923566878988,1,0.0,-0.38312601409389113,0.2590015588477602,0.30968613124682304,0.12377181180801566,0.17051776134634974,0.1370227367510513,0.307540498097401,0.16666666666666666
2024-04-12,VN:FTS,-0.10731805272669903,1,0.0,-0.38312601409389113,0.2590015588477602,0.30968613124682304,0.12377181180801566,0.17051776134634974,0.1370227367510513,0.307540498097401,0.16666666666666666
2024-04-25,VN:FRT,0.07516339869281041,1,3.0,-0.4425175073930435,0.26355248886013394,0.3245112622120325,0.12157676459533545,0.17162023612573918,0.11873924820675885,0.29035948433249803,0.16666666666666666
2024-04-25,VN:LPB,-0.033648320776401563,1,0.0,-0.48750964533551994,0.25471762202259335,0.3581955188243913,0.12172460737414073,0.15060338602369108,0.11475886575518349,0.26536225177887457,0.16666666666666666
2024-04-25,VN:TCH,0.17721518987341756,1,4.0,-0.4922143704609153,0.2646572013546318,0.3345948482647154,0.12647453044708468,0.1768519593540725,0.09742146057949558,0.2742734199335681,0.16666666666666666
2024-05-10,VN:TCH,0.037634408602150504,1,2.0,-0.3792195235367226,0.2606417478477564,0.3053145638410472,0.12455562223742256,0.17159759614771017,0.13789046992606363,0.30948806607377377,0.16666666666666666
2024-05-10,VN:PVT,-0.025210084033613467,1,0.0,-0.43877399766011527,0.2620746331998887,0.32269157662124215,0.12524037716301262,0.17191998067080874,0.11807343234504779,0.2899934130158565,0.16666666666666666
2024-05-10,VN:FRT,-0.015197568389057614,1,1.0,-0.44243478273827097,0.26274145236778523,0.3235126210044165,0.1255590347698115,0.16981304071425737,0.11837385114372934,0.28818689185798674,0.16666666666666666
2024-05-22,VN:TCH,0.031088082901554293,1,2.0,-0.3792195235367226,0.2606417478477564,0.3053145638410472,0.12455562223742256,0.17159759614771017,0.13789046992606363,0.30948806607377377,0.16666666666666666
2024-05-22,VN:FTS,-0.017091734543997927,1,1.0,-0.37960126996040344,0.258341521024704,0.30889692902565,0.12345638871192932,0.1726316213607788,0.13667353987693787,0.3093051612377167,0.16666666666666666
2024-05-22,VN:CTS,-0.008064516129032251,1,1.0,-0.38312601409389113,0.2590015588477602,0.30968613124682304,0.12377181180801566,0.17051776134634974,0.1370227367510513,0.307540498097401,0.16666666666666666
2024-06-03,VN:TCH,-0.012562814070351647,1,1.0,-0.38086547596308273,0.26177301417798515,0.30663975387871817,0.12075588582256691,0.1723423859698537,0.13848896015087603,0.3108313461207297,0.16666666666666666
2024-06-03,VN:DBC,0.019662921348314377,1,2.0,-0.3938896358013153,0.25448232889175415,0.32173117995262146,0.12161216139793396,0.1675424575805664,0.13463187217712402,0.30217432975769043,0.16666666666666666
2024-06-03,VN:GVR,0.010000000000000009,1,1.0,-0.3938896358013153,0.25448232889175415,0.32173117995262146,0.12161216139793396,0.1675424575805664,0.13463187217712402,0.30217432975769043,0.16666666666666666
2024-06-13,VN:TCH,0.010178117048345925,1,1.0,-0.3847784038956107,0.26011860952046384,0.3110217819591265,0.11999271333201333,0.17125319327234909,0.13761370191604722,0.3088668951883963,0.16666666666666666
2024-06-13,VN:CTS,-0.1172566371681415,1,0.0,-0.3938896358013153,0.25448232889175415,0.32173117995262146,0.12161216139793396,0.1675424575805664,0.13463187217712402,0.30217432975769043,0.16666666666666666
2024-06-13,VN:DBC,-0.0440771349862259,1,0.0,-0.3938896358013153,0.25448232889175415,0.32173117995262146,0.12161216139793396,0.1675424575805664,0.13463187217712402,0.30217432975769043,0.16666666666666666
2024-06-25,VN:GEE,0.11839874031007747,1,4.0,-0.3835661737886531,0.2614631672312555,0.3062767707279084,0.12494816724172358,0.16898685819645864,0.13832503660265383,0.3073118947991125,0.16666666666666666
2024-06-25,VN:VND,0.012195121951219523,1,1.0,-0.4380062585772016,0.2723360400249964,0.3081283317227413,0.12664075384498766,0.1709955956190168,0.12189927878825782,0.29289487440727463,0.16666666666666666
2024-06-25,VN:LPB,0.13579726438073836,1,4.0,-0.44513872102316376,0.2651136298511514,0.326433459712072,0.116373505186245,0.1726368121098522,0.1194425931406794,0.2920794052505316,0.16666666666666666
2024-07-05,VN:GEE,-0.025884009313911216,1,0.0,-0.3835661737886531,0.2614631672312555,0.3062767707279084,0.12494816724172358,0.16898685819645864,0.13832503660265383,0.3073118947991125,0.16666666666666666
2024-07-05,VN:DXG,-0.09999999999999998,1,0.0,-0.4116522038734464,0.26904027451394763,0.30439938734176514,0.12510816193633548,0.1720766199196896,0.12937555628826217,0.3014521762079517,0.16666666666666666
2024-07-05,VN:MWG,-0.0320121951219513,1,0.0,-0.44243478273827097,0.26274145236778523,0.3235126210044165,0.1255590347698115,0.16981304071425737,0.11837385114372934,0.28818689185798674,0.16666666666666666
2024-07-17,VN:GEE,-0.1255767413419312,1,0.0,-0.38312601409389113,0.2590015588477602,0.30968613124682304,0.12377181180801566,0.17051776134634974,0.1370227367510513,0.307540498097401,0.16666666666666666
2024-07-17,VN:DXG,0.033333333333333215,1,2.0,-0.41323686212516886,0.2700759410096122,0.3055711916333916,0.12174024160786923,0.17273903997080683,0.12987358577832014,0.30261262574912695,0.16666666666666666
2024-07-17,VN:DXS,0.03302752293577971,1,2.0,-0.43115970171123963,0.27443483267400537,0.30349442136664373,0.12370506581883828,0.1755269752776103,0.12283870486290227,0.29836568014051257,0.16666666666666666
2024-07-29,VN:LPB,-0.048620705022505484,1,0.0,-0.4405921399593353,0.2624058127403259,0.3230993449687958,0.125398650765419,0.17087355256080627,0.11822263896465302,0.2890961915254593,0.16666666666666666
2024-07-29,VN:GEX,-0.07763259031514225,1,0.0,-0.4965056626947421,0.2669130345259021,0.3329613606024194,0.12678969284265318,0.1763900570985692,0.09694585493045613,0.2733359120290253,0.16666666666666666
2024-07-29,VN:DBC,-0.0357142857142857,1,0.0,-0.4969691336154938,0.26716217398643494,0.33327218890190125,0.12597458064556122,0.17655470967292786,0.09703634679317474,0.2735910564661026,0.16666666666666666
2024-08-08,VN:VGC,0.1450381679389312,1,4.0,-0.3599364203233593,0.26962690741935647,0.28781767821855314,0.12153783078378944,0.17490009442269522,0.14611748915560577,0.321017583578301,0.16666666666666666
2024-08-08,VN:PDR,0.18208092485549154,1,4.0,-0.37168015816569444,0.27036577664588224,0.2911836228607865,0.12187088371717097,0.172924415565464,0.14365530121069625,0.31657971677616026,0.16666666666666666
2024-08-08,VN:DXS,0.13818181818181818,1,4.0,-0.40752168606999045,0.27529302649636606,0.2977761968638926,0.1184725779067364,0.17607583367937554,0.13238236505362935,0.3084581987330049,0.16666666666666666
2024-08-20,VN:HAG,0.004716981132075526,1,1.0,-0.41653924931702757,0.27014777869426543,0.3056524487034216,0.12469914927182046,0.16959248988606004,0.12990813344443242,0.29950062333049243,0.16666666666666666
2024-08-20,VN:PDR,0.053789731051344436,1,3.0,-0.4334350558626283,0.27147034012876703,0.307148816489792,0.12623818312762813,0.1736308796229279,0.12151178063088491,0.2951426602538128,0.16666666666666666
2024-08-20,VN:EVF,-0.0239999999999998,1,0.0,-0.4380484954249675,0.27234404264598927,0.3081373755582655,0.12664447253031758,0.17097125310557884,0.12190285615984886,0.2928741092654277,0.16666666666666666
2024-08-30,VN:DXS,-0.02857142857142858,1,0.0,-0.40404625839063907,0.27294525910832373,0.2952367111330734,0.1259904373584753,0.17457421384117325,0.13125337855895428,0.3058275924001275,0.16666666666666666
2024-08-30,VN:EVF,-0.049180327868852514,1,0.0,-0.4116522038734464,0.26904027451394763,0.30439938734176514,0.12510816193633548,0.1720766199196896,0.12937555628826217,0.3014521762079517,0.16666666666666666
2024-08-30,VN:HAG,-0.018779342723004744,1,1.0,-0.41653924931702757,0.27014777869426543,0.3056524487034216,0.12469914927182046,0.16959248988606004,0.12990813344443242,0.29950062333049243,0.16666666666666666
2024-09-13,VN:CMG,0.007815861178832595,1,1.0,-0.4028151720342759,0.2669326325217987,0.30578276059355197,0.12679901530148066,0.16413832956346378,0.13634726201970485,0.3004855915831686,0.16666666666666666
2024-09-13,VN:DXS,0.03114186851211076,1,2.0,-0.40752168606999045,0.27529302649636606,0.2977761968638926,0.1184725779067364,0.17607583367937554,0.13238236505362935,0.3084581987330049,0.16666666666666666
2024-09-13,VN:LPB,0.04431069824240064,1,3.0,-0.4471305393110135,0.25698649500330545,0.3345716247771438,0.1228088569222561,0.16985197112184805,0.11578105217544657,0.2856330232972946,0.16666666666666666
2024-09-25,VN:LPB,-0.0015452077678012044,1,1.0,-0.4471305393110135,0.25698649500330545,0.3345716247771438,0.1228088569222561,0.16985197112184805,0.11578105217544657,0.2856330232972946,0.16666666666666666
2024-09-25,VN:BMP,-0.07935320967272008,1,0.0,-0.45259002470873166,0.2579560145311646,0.33583383000763645,0.12327216667752589,0.16672014320611206,0.11621784557756097,0.28293798878367304,0.16666666666666666
2024-09-25,VN:IMP,-0.04174950298210722,1,0.0,-0.4891496631931387,0.2555745041211882,0.35940046457202973,0.11877012695260819,0.15110999908708034,0.11514490526709353,0.26625490435417387,0.16666666666666666
2024-10-07,VN:LPB,0.011000501924042005,1,1.0,-0.48750964533551994,0.25471762202259335,0.3581955188243913,0.12172460737414073,0.15060338602369108,0.11475886575518349,0.26536225177887457,0.16666666666666666
2024-10-07,VN:IMP,-0.02489626556016611,1,0.0,-0.4909769482238363,0.2551566381391632,0.3588128712684875,0.12283794673411508,0.14823588839349067,0.11495665546474348,0.26319254385823415,0.16666666666666666
2024-10-07,VN:DXG,0.05921052631578938,1,3.0,-0.5052142405185306,0.26846627001016443,0.3348989561550086,0.1275275229110015,0.17159724619084402,0.09751000473298144,0.2691072509238255,0.16666666666666666
2024-10-17,VN:BMP,0.04538241535196974,1,3.0,-0.4420235189946258,0.26249721841884566,0.3232119107485705,0.12637186144569412,0.16965519018214337,0.11826381920474632,0.2879190093868897,0.16666666666666666
2024-10-17,VN:LPB,0.006247155682429284,1,1.0,-0.48750964533551994,0.25471762202259335,0.3581955188243913,0.12172460737414073,0.15060338602369108,0.11475886575518349,0.26536225177887457,0.16666666666666666
2024-10-17,VN:DXG,0.01552795031055898,1,1.0,-0.5013541094050781,0.267777782604098,0.33404011274605233,0.1272004757463613,0.1737216892578065,0.09725993964568186,0.27098162890348837,0.16666666666666666
2024-10-29,VN:BMP,-0.028700279765949688,1,0.0,-0.4420235189946258,0.26249721841884566,0.3232119107485705,0.12637186144569412,0.16965519018214337,0.11826381920474632,0.2879190093868897,0.16666666666666666
2024-10-29,VN:VTP,0.21182439682393706,1,4.0,-0.49612031137763984,0.2653499504126616,0.33547067142321657,0.12680558671346923,0.17469732203040536,0.09767646942024724,0.2723737914506526,0.16666666666666666
2024-10-29,VN:CTS,0.008010680907877044,1,1.0,-0.5058537832956479,0.2687478045467451,0.33525019634328634,0.12672224546430821,0.17166748515019203,0.09761226849546828,0.2692797536456603,0.16666666666666666
2024-11-08,VN:VTP,0.04047712410033277,1,3.0,-0.38086547596308273,0.26177301417798515,0.30663975387871817,0.12075588582256691,0.1723423859698537,0.13848896015087603,0.3108313461207297,0.16666666666666666
2024-11-08,VN:BMP,-0.053208791807881406,1,0.0,-0.4924072256380897,0.26791305334023735,0.32988039181527556,0.12897916667318593,0.17315550348494177,0.10007188468635941,0.2732273881713012,0.16666666666666666
2024-11-08,VN:LPB,-0.02020868561059097,1,1.0,-0.5048532823046029,0.25706974629572577,0.3627181486307885,0.12110608522244115,0.14620768078445198,0.11289833906659257,0.25910601985104453,0.16666666666666666
2024-11-20,VN:VTP,0.1883243979235809,1,4.0,-0.38086547596308273,0.26177301417798515,0.30663975387871817,0.12075588582256691,0.1723423859698537,0.13848896015087603,0.3108313461207297,0.16666666666666666
2024-11-20,VN:HAG,0.0,1,1.0,-0.5018235966291487,0.26802855330663095,0.3343529353387216,0.1263830940964357,0.17388438919358865,0.09735102806462306,0.2712354172582117,0.16666666666666666
2024-11-20,VN:GEE,-0.016923948449228177,1,1.0,-0.5043625309413293,0.26831435757407013,0.334709460516133,0.12745536673880567,0.17206598561903855,0.09745482955195264,0.2695208151709912,0.16666666666666666
2024-12-02,VN:VTP,0.011908172034210462,1,1.0,-0.3831061416531408,0.26331306484762823,0.30844376640184845,0.11558313353296867,0.17335631599114523,0.13930371922640947,0.3126600352175547,0.16666666666666666
2024-12-02,VN:LPB,-0.00451332028597673,1,1.0,-0.4697327543834931,0.2534653506656684,0.3576325124854965,0.11940805436062732,0.14415770554307542,0.12533637694513236,0.2694940824882078,0.16666666666666666
2024-12-02,VN:GEE,-0.08443006112909024,1,0.0,-0.5043625309413293,0.26831435757407013,0.334709460516133,0.12745536673880567,0.17206598561903855,0.09745482955195264,0.2695208151709912,0.16666666666666666
2024-12-12,VN:VTP,0.03823600776447744,1,2.0,-0.3831061416531408,0.26331306484762823,0.30844376640184845,0.11558313353296867,0.17335631599114523,0.13930371922640947,0.3126600352175547,0.16666666666666666
2024-12-12,VN:FPT,0.0013337701235491828,1,1.0,-0.4697327543834931,0.2534653506656684,0.3576325124854965,0.11940805436062732,0.14415770554307542,0.12533637694513236,0.2694940824882078,0.16666666666666666
2024-12-12,VN:ANV,0.0049261083743843415,1,1.0,-0.48750964533551994,0.25471762202259335,0.3581955188243913,0.12172460737414073,0.15060338602369108,0.11475886575518349,0.26536225177887457,0.16666666666666666
2024-12-24,VN:VTP,0.09205990612888759,1,4.0,-0.3831061416531408,0.26331306484762823,0.30844376640184845,0.11558313353296867,0.17335631599114523,0.13930371922640947,0.3126600352175547,0.16666666666666666
2024-12-24,VN:FPT,-0.007314280372958115,1,1.0,-0.4697327543834931,0.2534653506656684,0.3576325124854965,0.11940805436062732,0.14415770554307542,0.12533637694513236,0.2694940824882078,0.16666666666666666
2024-12-24,VN:ANV,-0.08578431372549011,1,0.0,-0.48750964533551994,0.25471762202259335,0.3581955188243913,0.12172460737414073,0.15060338602369108,0.11475886575518349,0.26536225177887457,0.16666666666666666
2025-01-06,VN:VTP,0.035025145343652975,1,2.0,-0.3831061416531408,0.26331306484762823,0.30844376640184845,0.11558313353296867,0.17335631599114523,0.13930371922640947,0.3126600352175547,0.16666666666666666
2025-01-06,VN:LPB,0.03794383412695446,1,2.0,-0.49848072606740756,0.2583785297338993,0.35818975363247646,0.12172264333689264,0.14695205956059562,0.11475701373613595,0.26170907329673154,0.16666666666666666
2025-01-06,VN:CMG,-0.059184085857338586,1,0.0,-0.5013541094050781,0.267777782604098,0.33404011274605233,0.1272004757463613,0.1737216892578065,0.09725993964568186,0.27098162890348837,0.16666666666666666
2025-01-16,VN:VTP,0.021305007064337245,1,2.0,-0.3831061416531408,0.26331306484762823,0.30844376640184845,0.11558313353296867,0.17335631599114523,0.13930371922640947,0.3126600352175547,0.16666666666666666
2025-01-16,VN:LPB,0.11606401040349668,1,4.0,-0.49848072606740756,0.2583785297338993,0.35818975363247646,0.12172264333689264,0.14695205956059562,0.11475701373613595,0.26170907329673154,0.16666666666666666
2025-01-16,VN:GEE,0.2740391383922287,1,4.0,-0.5048358030977532,0.2685661335927705,0.3350235546754565,0.12663658057627514,0.17222744354775132,0.09754628760774647,0.2697737311554978,0.16666666666666666
2025-02-04,VN:VTP,-0.042944267771132694,1,0.0,-0.3831061416531408,0.26331306484762823,0.30844376640184845,0.11558313353296867,0.17335631599114523,0.13930371922640947,0.3126600352175547,0.16666666666666666
2025-02-04,VN:GEE,0.2187966185977126,1,4.0,-0.3863978534936905,0.2555113434791565,0.31646808981895447,0.12210389971733093,0.17074041068553925,0.13517625629901886,0.3059166669845581,0.16666666666666666
2025-02-04,VN:CTD,0.19921829594327556,1,4.0,-0.48707034056686116,0.25448808263605893,0.35787272719944063,0.12251608164992989,0.15046766512444365,0.11465544339012684,0.2651231085145705,0.16666666666666666
2025-02-14,VN:GEE,0.2555419556643548,1,4.0,-0.38086547596308273,0.26177301417798515,0.30663975387871817,0.12075588582256691,0.1723423859698537,0.13848896015087603,0.3108313461207297,0.16666666666666666
2025-02-14,VN:VTP,-0.04231521796611959,1,0.0,-0.3847784038956107,0.26011860952046384,0.3110217819591265,0.11999271333201333,0.17125319327234909,0.13761370191604722,0.3088668951883963,0.16666666666666666
2025-02-14,VN:CTD,0.005428000242321485,1,1.0,-0.44018314600536657,0.2621622163701718,0.3227993942141352,0.12621058899791804,0.17071491988643764,0.11811288053133728,0.2888278004177749,0.16666666666666666
2025-02-26,VN:GEE,0.09694540727902945,1,4.0,-0.3831061416531408,0.26331306484762823,0.30844376640184845,0.11558313353296867,0.17335631599114523,0.13930371922640947,0.3126600352175547,0.16666666666666666
2025-02-26,VN:CTD,-0.014039020040249262,1,1.0,-0.44018314600536657,0.2621622163701718,0.3227993942141352,0.12621058899791804,0.17071491988643764,0.11811288053133728,0.2888278004177749,0.16666666666666666
2025-02-26,VN:SJS,0.03058103975535187,1,2.0,-0.4512852411238387,0.26498888935935166,0.32627989626378207,0.12314518082346093,0.166199633248164,0.11938640030524134,0.28558603355340534,0.16666666666666666
2025-03-10,VN:GEE,-0.005891840294921069,1,1.0,-0.3831061416531408,0.26331306484762823,0.30844376640184845,0.11558313353296867,0.17335631599114523,0.13930371922640947,0.3126600352175547,0.16666666666666666
2025-03-10,VN:CTD,-0.04819232931628736,1,0.0,-0.44018314600536657,0.2621622163701718,0.3227993942141352,0.12621058899791804,0.17071491988643764,0.11811288053133728,0.2888278004177749,0.16666666666666666
2025-03-10,VN:FTS,-0.009841066771637985,1,1.0,-0.4496376946460513,0.2572699563881742,0.33494062229814,0.1238553337411682,0.16802533471659822,0.11590875285591938,0.2839340875725176,0.16666666666666666
2025-03-20,VN:GEE,0.04887093569962242,1,3.0,-0.3831061416531408,0.26331306484762823,0.30844376640184845,0.11558313353296867,0.17335631599114523,0.13930371922640947,0.3126600352175547,0.16666666666666666
2025-03-20,VN:SJS,0.06000000000000005,1,3.0,-0.4512852411238387,0.26498888935935166,0.32627989626378207,0.12314518082346093,0.166199633248164,0.11938640030524134,0.28558603355340534,0.16666666666666666
2025-03-20,VN:LPB,-0.06046273808002056,1,0.0,-0.49848072606740756,0.2583785297338993,0.35818975363247646,0.12172264333689264,0.14695205956059562,0.11475701373613595,0.26170907329673154,0.16666666666666666
2025-04-01,VN:GEE,0.05934718100890213,1,3.0,-0.3831061416531408,0.26331306484762823,0.30844376640184845,0.11558313353296867,0.17335631599114523,0.13930371922640947,0.3126600352175547,0.16666666666666666
2025-04-01,VN:CMG,-0.12970520247709827,1,0.0,-0.4380062585772016,0.2723360400249964,0.3081283317227413,0.12664075384498766,0.1709955956190168,0.12189927878825782,0.29289487440727463,0.16666666666666666
2025-04-01,VN:SJS,-0.13113207547169803,1,0.0,-0.4512852411238387,0.26498888935935166,0.32627989626378207,0.12314518082346093,0.166199633248164,0.11938640030524134,0.28558603355340534,0.16666666666666666
2025-04-14,VN:CTR,-0.018390804597701038,1,1.0,-0.33490185689107965,0.271785350678752,0.27736303416910046,0.1225107693859247,0.17064981289692083,0.15769103286930197,0.3283408457662228,0.16666666666666666
2025-04-14,VN:CMG,-0.046202780692549794,1,0.0,-0.3501914266482634,0.2630202452613395,0.2975881971598551,0.11855979920506626,0.1682262557132076,0.15260550266053152,0.3208317583737391,0.16666666666666666
2025-04-14,VN:VTP,-0.03312448454560002,1,0.0,-0.3605761772308323,0.2643093427373567,0.2990466907762484,0.12290820296245511,0.16038232802775013,0.15335343549618966,0.3137357635239398,0.16666666666666666
2025-04-24,VN:CMG,0.05311651253137151,1,3.0,-0.3501914266482634,0.2630202452613395,0.2975881971598551,0.11855979920506626,0.1682262557132076,0.15260550266053152,0.3208317583737391,0.16666666666666666
2025-04-24,VN:CTR,0.09601873536299754,1,4.0,-0.354362751673542,0.26383284520604744,0.2985075503142938,0.11892608162540441,0.16565655665566195,0.15307696619859237,0.3187335228542543,0.16666666666666666
2025-04-24,VN:VTP,0.05832102663339622,1,3.0,-0.3605761772308323,0.2643093427373567,0.2990466907762484,0.12290820296245511,0.16038232802775013,0.15335343549618966,0.3137357635239398,0.16666666666666666
2025-05-09,VN:VTP,-0.006989137364818543,1,1.0,-0.3605761772308323,0.2643093427373567,0.2990466907762484,0.12290820296245511,0.16038232802775013,0.15335343549618966,0.3137357635239398,0.16666666666666666
2025-05-09,VN:GEE,0.22703557312252953,1,4.0,-0.3831061416531408,0.26331306484762823,0.30844376640184845,0.11558313353296867,0.17335631599114523,0.13930371922640947,0.3126600352175547,0.16666666666666666
2025-05-09,VN:CMG,0.01632279968660222,1,1.0,-0.3836427720838372,0.26611867150487495,0.3010938122705547,0.12283932979644344,0.17020798965978637,0.1397401967683405,0.3099481864281269,0.16666666666666666
2025-05-21,VN:GEE,-0.009093084469968926,1,1.0,-0.3831061416531408,0.26331306484762823,0.30844376640184845,0.11558313353296867,0.17335631599114523,0.13930371922640947,0.3126600352175547,0.16666666666666666
2025-05-21,VN:VTP,-0.04670010175897665,1,0.0,-0.3954620659351349,0.26821544766426086,0.30346617102622986,0.1247246116399765,0.16275253891944885,0.14084123075008392,0.3035937696695328,0.16666666666666666
2025-05-21,VN:CMG,0.01169214955672615,1,1.0,-0.4344441573156165,0.2787447654826869,0.30150983636110534,0.11995803922289727,0.17501950785575832,0.12476785107755217,0.2997873589333105,0.16666666666666666
2025-06-02,VN:GEE,0.0030464584920031346,1,1.0,-0.3831061416531408,0.26331306484762823,0.30844376640184845,0.11558313353296867,0.17335631599114523,0.13930371922640947,0.3126600352175547,0.16666666666666666
2025-06-02,VN:VTP,0.1367847203690289,1,4.0,-0.3954620659351349,0.26821544766426086,0.30346617102622986,0.1247246116399765,0.16275253891944885,0.14084123075008392,0.3035937696695328,0.16666666666666666
2025-06-02,VN:CTR,0.06312292358803995,1,3.0,-0.4222620490530438,0.276281629149342,0.29620051825345334,0.12753050219313058,0.17347297330905456,0.12651437709501948,0.29998735040407404,0.16666666666666666
2025-06-12,VN:SIP,0.03227049417204508,1,2.0,-0.38200425465414495,0.2669763326714113,0.2993906207246472,0.12414837906096232,0.1676303036726334,0.14185436387034575,0.30948466754297915,0.16666666666666666
2025-06-12,VN:GEE,0.00713002574217092,1,1.0,-0.3831061416531408,0.26331306484762823,0.30844376640184845,0.11558313353296867,0.17335631599114523,0.13930371922640947,0.3126600352175547,0.16666666666666666
2025-06-12,VN:DXS,-0.00990099009900991,1,1.0,-0.38708993552223137,0.255472171807043,0.3164195574930508,0.12298984275803673,0.16996289029883338,0.13515553764303606,0.30511842794186944,0.16666666666666666
2025-06-24,VN:GEE,-0.02524732448236544,1,0.0,-0.3831061416531408,0.26331306484762823,0.30844376640184845,0.11558313353296867,0.17335631599114523,0.13930371922640947,0.3126600352175547,0.16666666666666666
2025-06-24,VN:DXS,0.022222222222222143,1,2.0,-0.38465837217358306,0.2591166832911474,0.3098237858686415,0.12474440224087838,0.16923147692131216,0.13708365167802053,0.3063151285993327,0.16666666666666666
2025-06-24,VN:SIP,0.026782381485628948,1,2.0,-0.42962754832383027,0.2723139700749232,0.3053763372282831,0.12663046449584672,0.17098172734759476,0.12469750085335221,0.29567922820094694,0.16666666666666666
2025-07-04,VN:GEE,0.1740836461732913,1,4.0,-0.3831061416531408,0.26331306484762823,0.30844376640184845,0.11558313353296867,0.17335631599114523,0.13930371922640947,0.3126600352175547,0.16666666666666666
2025-07-04,VN:DXS,0.125,1,4.0,-0.38465837217358306,0.2591166832911474,0.3098237858686415,0.12474440224087838,0.16923147692131216,0.13708365167802053,0.3063151285993327,0.16666666666666666
2025-07-04,VN:DXG,0.11111111111111094,1,4.0,-0.4398634532063481,0.26227307905867125,0.3229359162510019,0.12533521932367725,0.1712929495713029,0.1181628357953467,0.2894557853666496,0.16666666666666666
2025-07-16,VN:GEE,0.1341645644873628,1,4.0,-0.3831061416531408,0.26331306484762823,0.30844376640184845,0.11558313353296867,0.17335631599114523,0.13930371922640947,0.3126600352175547,0.16666666666666666
2025-07-16,VN:DXS,0.14492753623188404,1,4.0,-0.38717718710882354,0.26392466026488437,0.30916020504504593,0.11671007511548753,0.17057778068317309,0.13962727889140902,0.3102050595745821,0.16666666666666666
2025-07-16,VN:CTS,0.39344262295081966,1,4.0,-0.43945533217622834,0.2620297294250211,0.3226362668682257,0.12614680450717197,0.17113400485712274,0.11805319434245842,0.28918719919958114,0.16666666666666666
2025-07-28,VN:GEE,-0.09338830096193362,1,0.0,-0.3831061416531408,0.26331306484762823,0.30844376640184845,0.11558313353296867,0.17335631599114523,0.13930371922640947,0.3126600352175547,0.16666666666666666
2025-07-28,VN:DXS,0.025316455696202667,1,2.0,-0.38750988868974395,0.2641514480676178,0.30942582392485835,0.1159511406134559,0.17072434341778583,0.1397472439762821,0.31047158739406794,0.16666666666666666
2025-07-28,VN:VGC,0.0017857142857142794,1,1.0,-0.4398634532063481,0.26227307905867125,0.3229359162510019,0.12533521932367725,0.1712929495713029,0.1181628357953467,0.2894557853666496,0.16666666666666666
2025-08-07,VN:DXS,0.06995884773662553,1,3.0,-0.3831061416531408,0.26331306484762823,0.30844376640184845,0.11558313353296867,0.17335631599114523,0.13930371922640947,0.3126600352175547,0.16666666666666666
2025-08-07,VN:GEE,0.06694272990077343,1,3.0,-0.38312601409389113,0.2590015588477602,0.30968613124682304,0.12377181180801566,0.17051776134634974,0.1370227367510513,0.307540498097401,0.16666666666666666
2025-08-07,VN:VSC,0.34874759152215806,1,4.0,-0.3852362363430577,0.26260158615262497,0.3076103352577264,0.121138119110004,0.1697226477393705,0.13892731174027406,0.3086499594796446,0.16666666666666666
2025-08-19,VN:VSC,-0.1428571428571429,1,0.0,-0.3831061416531408,0.26331306484762823,0.30844376640184845,0.11558313353296867,0.17335631599114523,0.13930371922640947,0.3126600352175547,0.16666666666666666
2025-08-19,VN:GEE,-0.04368839613936926,1,0.0,-0.38312601409389113,0.2590015588477602,0.30968613124682304,0.12377181180801566,0.17051776134634974,0.1370227367510513,0.307540498097401,0.16666666666666666
2025-08-19,VN:DXS,-0.0038461538461539435,1,1.0,-0.38750988868974395,0.2641514480676178,0.30942582392485835,0.1159511406134559,0.17072434341778583,0.1397472439762821,0.31047158739406794,0.16666666666666666
2025-08-29,VN:SJS,0.15326251896813337,1,4.0,-0.3827783379827811,0.26308774360073184,0.3081798186560016,0.11633997150495712,0.17320796460193474,0.13918450163637472,0.31239246623830946,0.16666666666666666
2025-08-29,VN:DXS,0.050193050193050315,1,3.0,-0.3831061416531408,0.26331306484762823,0.30844376640184845,0.11558313353296867,0.17335631599114523,0.13930371922640947,0.3126600352175547,0.16666666666666666
2025-08-29,VN:VSC,0.010000000000000009,1,1.0,-0.3831061416531408,0.26331306484762823,0.30844376640184845,0.11558313353296867,0.17335631599114523,0.13930371922640947,0.3126600352175547,0.16666666666666666
2025-09-12,VN:DXS,-0.044117647058823484,1,0.0,-0.38086547596308273,0.26177301417798515,0.30663975387871817,0.12075588582256691,0.1723423859698537,0.13848896015087603,0.3108313461207297,0.16666666666666666
2025-09-12,VN:SJS,-0.06578947368421051,1,0.0,-0.3831061416531408,0.26331306484762823,0.30844376640184845,0.11558313353296867,0.17335631599114523,0.13930371922640947,0.3126600352175547,0.16666666666666666
2025-09-12,VN:VIX,0.05999255171479856,1,3.0,-0.3831061416531408,0.26331306484762823,0.30844376640184845,0.11558313353296867,0.17335631599114523,0.13930371922640947,0.3126600352175547,0.16666666666666666
2025-09-24,VN:VIX,0.022900763358778775,1,2.0,-0.3831061416531408,0.26331306484762823,0.30844376640184845,0.11558313353296867,0.17335631599114523,0.13930371922640947,0.3126600352175547,0.16666666666666666
2025-09-24,VN:SJS,-0.04507042253521132,1,0.0,-0.38702773759493425,0.26163920565218324,0.31283995276063714,0.11484838191532803,0.1722542928736337,0.13841816679821783,0.31067245967185153,0.16666666666666666
2025-09-24,VN:CII,0.06557377049180335,1,3.0,-0.38717718710882354,0.26392466026488437,0.30916020504504593,0.11671007511548753,0.17057778068317309,0.13962727889140902,0.3102050595745821,0.16666666666666666
2025-10-06,VN:ANV,-0.03164556962025311,1,0.0,-0.3792195235367226,0.2606417478477564,0.3053145638410472,0.12455562223742256,0.17159759614771017,0.13789046992606363,0.30948806607377377,0.16666666666666666
2025-10-06,VN:CII,0.15384615384615374,1,4.0,-0.3827783379827811,0.26308774360073184,0.3081798186560016,0.11633997150495712,0.17320796460193474,0.13918450163637472,0.31239246623830946,0.16666666666666666
2025-10-06,VN:VIX,0.042153250483981664,1,3.0,-0.3831061416531408,0.26331306484762823,0.30844376640184845,0.11558313353296867,0.17335631599114523,0.13930371922640947,0.3126600352175547,0.16666666666666666
2025-10-16,VN:GEX,-0.22018714798882433,1,0.0,-0.3773088781335121,0.2610987742327062,0.3058499716658143,0.12044487238261753,0.17447412144000918,0.13813226027885273,0.3126063817188619,0.16666666666666666
2025-10-16,VN:GEE,0.014660818362074224,1,1.0,-0.38086547596308273,0.26177301417798515,0.30663975387871817,0.12075588582256691,0.1723423859698537,0.13848896015087603,0.3108313461207297,0.16666666666666666
2025-10-16,VN:CII,-0.16666666666666663,1,0.0,-0.3831061416531408,0.26331306484762823,0.30844376640184845,0.11558313353296867,0.17335631599114523,0.13930371922640947,0.3126600352175547,0.16666666666666666
2025-10-28,VN:GEE,-0.08444365488245398,1,0.0,-0.38086547596308273,0.26177301417798515,0.30663975387871817,0.12075588582256691,0.1723423859698537,0.13848896015087603,0.3108313461207297,0.16666666666666666
2025-10-28,VN:VIC,-0.09268514311676512,1,0.0,-0.3831061416531408,0.26331306484762823,0.30844376640184845,0.11558313353296867,0.17335631599114523,0.13930371922640947,0.3126600352175547,0.16666666666666666
2025-10-28,VN:LPB,-0.06630055718122418,1,0.0,-0.4425175073930435,0.26355248886013394,0.3245112622120325,0.12157676459533545,0.17162023612573918,0.11873924820675885,0.29035948433249803,0.16666666666666666
2025-11-07,VN:VIC,0.10415623435152743,1,4.0,-0.3831061416531408,0.26331306484762823,0.30844376640184845,0.11558313353296867,0.17335631599114523,0.13930371922640947,0.3126600352175547,0.16666666666666666
2025-11-07,VN:GEE,0.025483474548864793,1,2.0,-0.38312601409389113,0.2590015588477602,0.30968613124682304,0.12377181180801566,0.17051776134634974,0.1370227367510513,0.307540498097401,0.16666666666666666
2025-11-07,VN:GEX,-0.003398666930640837,1,1.0,-0.38670206934292767,0.2643013953633918,0.3054722615809499,0.12462563346234634,0.16382843622181795,0.14177227337149398,0.3056007095933119,0.16666666666666666
2025-11-19,VN:VIX,-0.02000189591430468,1,1.0,-0.3517173353454669,0.26042720481435055,0.30099460258338895,0.12279885170758625,0.16142700492272521,0.15435233597194897,0.3157793408946742,0.16666666666666666
2025-11-19,VN:VSC,-0.013392857142856984,1,1.0,-0.3517173353454669,0.26042720481435055,0.30099460258338895,0.12279885170758625,0.16142700492272521,0.15435233597194897,0.3157793408946742,0.16666666666666666
2025-11-19,VN:VGC,-0.04471101417666312,1,0.0,-0.35335283944975077,0.2630809208291632,0.2976568296900864,0.1214371156478358,0.16518443576716726,0.15264069806574734,0.3178251338329146,0.16666666666666666
2025-12-01,VN:VSC,-0.040723981900452566,1,0.0,-0.3517173353454669,0.26042720481435055,0.30099460258338895,0.12279885170758625,0.16142700492272521,0.15435233597194897,0.3157793408946742,0.16666666666666666
2025-12-01,VN:VIX,-0.04493132133875022,1,0.0,-0.36090243277244466,0.2645485024288743,0.29931729139932123,0.12211455040828734,0.16052744804240918,0.15349220772110797,0.31401965576351715,0.16666666666666666
2025-12-01,VN:DXS,-0.016145307769929396,1,1.0,-0.37457503936551567,0.2621335128267633,0.30296668861756754,0.12451932019769132,0.16810228181037726,0.14227819654760057,0.31038047835797783,0.16666666666666666
2025-12-11,VN:SJS,0.019130434782608674,1,2.0,-0.3513976037502289,0.2601904571056366,0.3007209599018097,0.12359632551670074,0.16128024458885193,0.15421201288700104,0.31549225747585297,0.16666666666666666
2025-12-11,VN:VIX,0.021370334734390095,1,2.0,-0.36090243277244466,0.2645485024288743,0.29931729139932123,0.12211455040828734,0.16052744804240918,0.15349220772110797,0.31401965576351715,0.16666666666666666
2025-12-11,VN:VIC,0.16369863013698627,1,4.0,-0.3831061416531408,0.26331306484762823,0.30844376640184845,0.11558313353296867,0.17335631599114523,0.13930371922640947,0.3126600352175547,0.16666666666666666
2025-12-23,VN:DGC,-0.08163265306122436,1,0.0,-0.3603070244078701,0.27690865557981076,0.28259151121260556,0.11446169337400446,0.17597448170280153,0.1500636581307777,0.3260381398335792,0.16666666666666666
2025-12-23,VN:VIX,-0.12132480539441715,1,0.0,-0.36090243277244466,0.2645485024288743,0.29931729139932123,0.12211455040828734,0.16052744804240918,0.15349220772110797,0.31401965576351715,0.16666666666666666
2025-12-23,VN:VIC,0.018834608593290003,1,2.0,-0.3831061416531408,0.26331306484762823,0.30844376640184845,0.11558313353296867,0.17335631599114523,0.13930371922640947,0.3126600352175547,0.16666666666666666
2026-01-06,VN:PAN,0.05616587490102942,1,3.0,-0.2638342172540527,0.25895347612455166,0.27889260026307555,0.11672664172813352,0.15788922851035234,0.18753805337388693,0.34542728188423927,0.16666666666666666
2026-01-06,VN:DGC,0.04761904761904767,1,3.0,-0.27220319211483,0.26711955666542053,0.27260151505470276,0.11225730180740356,0.16140581667423248,0.18661580979824066,0.34802162647247314,0.16666666666666666
2026-01-06,VN:CTS,0.088539307334349,1,4.0,-0.3501914266482634,0.2630202452613395,0.2975881971598551,0.11855979920506626,0.1682262557132076,0.15260550266053152,0.3208317583737391,0.16666666666666666
2026-01-16,VN:PAN,0.04432366583891678,1,3.0,-0.3012003429144595,0.2623312453751918,0.2825304546763714,0.11824921430461693,0.16778556877534412,0.1691035168684757,0.3368890856438198,0.16666666666666666
2026-01-16,VN:HDG,-0.013350394540413646,1,1.0,-0.348883474634834,0.26203789916578085,0.29647668754344153,0.12185193416696885,0.16759794700744826,0.15203553211636048,0.31963347912380874,0.16666666666666666
2026-01-16,VN:HDC,0.009390684872362165,1,1.0,-0.3501914266482634,0.2630202452613395,0.2975881971598551,0.11855979920506626,0.1682262557132076,0.15260550266053152,0.3208317583737391,0.16666666666666666
2026-01-28,VN:CTS,-0.02909166149389608,1,0.0,-0.348883474634834,0.26203789916578085,0.29647668754344153,0.12185193416696885,0.16759794700744826,0.15203553211636048,0.31963347912380874,0.16666666666666666
2026-01-28,VN:HDC,-0.02555739720900385,1,0.0,-0.348883474634834,0.26203789916578085,0.29647668754344153,0.12185193416696885,0.16759794700744826,0.15203553211636048,0.31963347912380874,0.16666666666666666
2026-01-28,VN:PAN,0.03732782987123673,1,2.0,-0.348883474634834,0.26203789916578085,0.29647668754344153,0.12185193416696885,0.16759794700744826,0.15203553211636048,0.31963347912380874,0.16666666666666666
2026-02-09,VN:CTS,0.05996931207910672,1,3.0,-0.348883474634834,0.26203789916578085,0.29647668754344153,0.12185193416696885,0.16759794700744826,0.15203553211636048,0.31963347912380874,0.16666666666666666
2026-02-09,VN:HDC,0.019094650205761177,1,2.0,-0.348883474634834,0.26203789916578085,0.29647668754344153,0.12185193416696885,0.16759794700744826,0.15203553211636048,0.31963347912380874,0.16666666666666666
2026-02-09,VN:BVH,0.0980392156862746,1,4.0,-0.3887870378025152,0.26070420380209663,0.31172196199167,0.1211540030745266,0.16849633047006546,0.13792350066164133,0.3064198311317068,0.16666666666666666
2026-02-26,VN:CTS,-0.12577908239173263,1,0.0,-0.348883474634834,0.26203789916578085,0.29647668754344153,0.12185193416696885,0.16759794700744826,0.15203553211636048,0.31963347912380874,0.16666666666666666
2026-02-26,VN:DXG,-0.15868198569260783,1,0.0,-0.37935134126286224,0.26543683406941965,0.30032236055260214,0.12343251236004782,0.16977189860728156,0.14103639441064883,0.3108082930179304,0.16666666666666666
2026-02-26,VN:DXS,-0.1826923076923077,1,0.0,-0.37935134126286224,0.26543683406941965,0.30032236055260214,0.12343251236004782,0.16977189860728156,0.14103639441064883,0.3108082930179304,0.16666666666666666
2026-03-10,VN:HDC,0.023393385318634108,1,2.0,-0.3090688070117949,0.2710292874791632,0.2790614006133065,0.11125767727365321,0.16525210070791616,0.17339953392596094,0.3386516346338771,0.16666666666666666
2026-03-10,VN:DXS,0.04873949579831938,1,3.0,-0.3344491049397937,0.26612153054502163,0.2866125638795071,0.11995773494338091,0.17020982123442394,0.1570983493976664,0.32730817063209033,0.16666666666666666
2026-03-10,VN:VJC,0.014837616587264346,1,1.0,-0.35307347949320533,0.26285185430750796,0.29739763224878785,0.12223044327533084,0.16501227896614823,0.15250779120222513,0.31752007016837336,0.16666666666666666
2026-03-20,VN:VJC,0.06103658889357222,1,3.0,-0.35307347949320533,0.26285185430750796,0.29739763224878785,0.12223044327533084,0.16501227896614823,0.15250779120222513,0.31752007016837336,0.16666666666666666
2026-03-20,VN:HDC,0.06851024697845509,1,3.0,-0.3635299083853506,0.2738728245636286,0.2819892189054878,0.12345173301884332,0.17516748737668608,0.14551873613535415,0.32068622351204024,0.16666666666666666
2026-03-20,VN:CTS,0.07048565444006027,1,3.0,-0.36752326512691924,0.2721545079935006,0.28649413372208077,0.12267718372734498,0.17406846453198443,0.14460571002508915,0.3186741745570736,0.16666666666666666
2026-04-01,VN:VJC,-0.0005997912414900108,1,1.0,-0.3582852631807327,0.26386430859565735,0.29854315519332886,0.1227012574672699,0.16179604828357697,0.15309523046016693,0.3148912787437439,0.16666666666666666
2026-04-01,VN:HDC,0.018749615786561646,1,2.0,-0.37104464130170106,0.26898947758956965,0.29095784263249996,0.12508453615135753,0.17204413074320749,0.14292401288336534,0.3149681436265728,0.16666666666666666
2026-04-01,VN:CTS,-0.0017746632690206487,1,1.0,-0.37935134126286224,0.26543683406941965,0.30032236055260214,0.12343251236004782,0.16977189860728156,0.14103639441064883,0.3108082930179304,0.16666666666666666
2026-04-13,VN:VRE,0.05444646098003636,1,3.0,-0.38269299838979537,0.26385742819096786,0.3049591527128093,0.12441629356766185,0.16355324035217225,0.1432138851763887,0.30676712552856095,0.16666666666666666
2026-04-13,VN:BMP,0.10895316260900434,1,4.0,-0.4143387315520833,0.2715803940358699,0.30455371283659766,0.12628935089276208,0.16177731511328644,0.13579922712148387,0.2975765422347703,0.16666666666666666
2026-04-13,VN:GVR,0.0,1,1.0,-0.4965056626947421,0.2669130345259021,0.3329613606024194,0.12678969284265318,0.1763900570985692,0.09694585493045613,0.2733359120290253,0.16666666666666666
2026-04-23,VN:FPT,-0.03229635693819077,1,0.0,-0.3518658604611893,0.26645139058270595,0.2920575163666719,0.12299289645994377,0.1639019561104622,0.15459624048021614,0.31849819659067835,0.16666666666666666
2026-04-23,VN:PLX,-0.043256997455470625,1,0.0,-0.35717358812529515,0.2636483472173033,0.29829882019689874,0.12260082469727268,0.1624820892708404,0.1529699186176849,0.31545200788852534,0.16666666666666666
2026-04-23,VN:VIC,0.053613053613053685,1,3.0,-0.3792195235367226,0.2606417478477564,0.3053145638410472,0.12455562223742256,0.17159759614771017,0.13789046992606363,0.30948806607377377,0.16666666666666666
2026-05-08,VN:FPT,0.08066494649126521,1,3.0,-0.3518658604611893,0.26645139058270595,0.2920575163666719,0.12299289645994377,0.1639019561104622,0.15459624048021614,0.31849819659067835,0.16666666666666666
2026-05-08,VN:PLX,0.16622340425531923,1,4.0,-0.35307347949320533,0.26285185430750796,0.29739763224878785,0.12223044327533084,0.16501227896614823,0.15250779120222513,0.31752007016837336,0.16666666666666666
2026-05-08,VN:GAS,0.20080321285140568,1,4.0,-0.3605761772308323,0.2643093427373567,0.2990466907762484,0.12290820296245511,0.16038232802775013,0.15335343549618966,0.3137357635239398,0.16666666666666666
2026-05-20,VN:VIC,,1,,-0.38086547596308273,0.26177301417798515,0.30663975387871817,0.12075588582256691,0.1723423859698537,0.13848896015087603,0.3108313461207297,0.16666666666666666
2026-05-20,VN:VHM,,1,,-0.3847784038956107,0.26011860952046384,0.3110217819591265,0.11999271333201333,0.17125319327234909,0.13761370191604722,0.3088668951883963,0.16666666666666666
2026-05-20,VN:LPB,,1,,-0.4405921399593353,0.2624058127403259,0.3230993449687958,0.125398650765419,0.17087355256080627,0.11822263896465302,0.2890961915254593,0.16666666666666666
