date,equity,portfolio_return,drawdown
2018-01-02,100000000.0,0.0,0.0
2018-01-03,100000000.0,0.0,0.0
2018-01-04,100000000.0,0.0,0.0
2018-01-05,100000000.0,0.0,0.0
2018-01-08,100000000.0,0.0,0.0
2018-01-09,100000000.0,0.0,0.0
2018-01-10,100000000.0,0.0,0.0
2018-01-11,100000000.0,0.0,0.0
2018-01-12,100000000.0,0.0,0.0
2018-01-15,100000000.0,0.0,0.0
2018-01-16,100000000.0,0.0,0.0
2018-01-17,100000000.0,0.0,0.0
2018-01-18,100000000.0,0.0,0.0
2018-01-19,100000000.0,0.0,0.0
2018-01-22,100000000.0,0.0,0.0
2018-01-23,100000000.0,0.0,0.0
2018-01-24,100000000.0,0.0,0.0
2018-01-25,100000000.0,0.0,0.0
2018-01-26,100000000.0,0.0,0.0
2018-01-29,100000000.0,0.0,0.0
2018-01-30,100000000.0,0.0,0.0
2018-01-31,100000000.0,0.0,0.0
2018-02-01,100000000.0,0.0,0.0
2018-02-02,100000000.0,0.0,0.0
2018-02-05,100000000.0,0.0,0.0
2018-02-06,100000000.0,0.0,0.0
2018-02-07,100000000.0,0.0,0.0
2018-02-08,100000000.0,0.0,0.0
2018-02-09,100000000.0,0.0,0.0
2018-02-12,100000000.0,0.0,0.0
2018-02-13,100000000.0,0.0,0.0
2018-02-21,100000000.0,0.0,0.0
2018-02-22,100000000.0,0.0,0.0
2018-02-23,100000000.0,0.0,0.0
2018-02-26,100000000.0,0.0,0.0
2018-02-27,100000000.0,0.0,0.0
2018-02-28,100000000.0,0.0,0.0
2018-03-01,100000000.0,0.0,0.0
2018-03-02,100000000.0,0.0,0.0
2018-03-05,100000000.0,0.0,0.0
2018-03-06,100000000.0,0.0,0.0
2018-03-07,100000000.0,0.0,0.0
2018-03-08,100000000.0,0.0,0.0
2018-03-09,100000000.0,0.0,0.0
2018-03-12,100000000.0,0.0,0.0
2018-03-13,100000000.0,0.0,0.0
2018-03-14,100000000.0,0.0,0.0
2018-03-15,100000000.0,0.0,0.0
2018-03-16,100000000.0,0.0,0.0
2018-03-19,100000000.0,0.0,0.0
2018-03-20,100000000.0,0.0,0.0
2018-03-21,100000000.0,0.0,0.0
2018-03-22,100000000.0,0.0,0.0
2018-03-23,100000000.0,0.0,0.0
2018-03-26,100000000.0,0.0,0.0
2018-03-27,100000000.0,0.0,0.0
2018-03-28,100000000.0,0.0,0.0
2018-03-29,100000000.0,0.0,0.0
2018-03-30,100000000.0,0.0,0.0
2018-04-02,100000000.0,0.0,0.0
2018-04-03,100000000.0,0.0,0.0
2018-04-04,100000000.0,0.0,0.0
2018-04-05,100000000.0,0.0,0.0
2018-04-06,100000000.0,0.0,0.0
2018-04-09,100000000.0,0.0,0.0
2018-04-10,100000000.0,0.0,0.0
2018-04-11,100000000.0,0.0,0.0
2018-04-12,100000000.0,0.0,0.0
2018-04-13,100000000.0,0.0,0.0
2018-04-16,100000000.0,0.0,0.0
2018-04-17,100000000.0,0.0,0.0
2018-04-18,100000000.0,0.0,0.0
2018-04-19,100000000.0,0.0,0.0
2018-04-20,100000000.0,0.0,0.0
2018-04-23,100000000.0,0.0,0.0
2018-04-24,100000000.0,0.0,0.0
2018-04-26,100000000.0,0.0,0.0
2018-04-27,100000000.0,0.0,0.0
2018-05-02,100000000.0,0.0,0.0
2018-05-03,100000000.0,0.0,0.0
2018-05-04,100000000.0,0.0,0.0
2018-05-07,100000000.0,0.0,0.0
2018-05-08,100000000.0,0.0,0.0
2018-05-09,100000000.0,0.0,0.0
2018-05-10,100000000.0,0.0,0.0
2018-05-11,100000000.0,0.0,0.0
2018-05-14,100000000.0,0.0,0.0
2018-05-15,100000000.0,0.0,0.0
2018-05-16,100000000.0,0.0,0.0
2018-05-17,100000000.0,0.0,0.0
2018-05-18,100000000.0,0.0,0.0
2018-05-21,100000000.0,0.0,0.0
2018-05-22,100000000.0,0.0,0.0
2018-05-23,100000000.0,0.0,0.0
2018-05-24,100000000.0,0.0,0.0
2018-05-25,100000000.0,0.0,0.0
2018-05-28,100000000.0,0.0,0.0
2018-05-29,100000000.0,0.0,0.0
2018-05-30,100000000.0,0.0,0.0
2018-05-31,100000000.0,0.0,0.0
2018-06-01,100000000.0,0.0,0.0
2018-06-04,100000000.0,0.0,0.0
2018-06-05,100000000.0,0.0,0.0
2018-06-06,100000000.0,0.0,0.0
2018-06-07,100000000.0,0.0,0.0
2018-06-08,100000000.0,0.0,0.0
2018-06-11,100000000.0,0.0,0.0
2018-06-12,100000000.0,0.0,0.0
2018-06-13,100000000.0,0.0,0.0
2018-06-14,100000000.0,0.0,0.0
2018-06-15,100000000.0,0.0,0.0
2018-06-18,100000000.0,0.0,0.0
2018-06-19,100000000.0,0.0,0.0
2018-06-20,100000000.0,0.0,0.0
2018-06-21,100000000.0,0.0,0.0
2018-06-22,100000000.0,0.0,0.0
2018-06-25,100000000.0,0.0,0.0
2018-06-26,100000000.0,0.0,0.0
2018-06-27,100000000.0,0.0,0.0
2018-06-28,100000000.0,0.0,0.0
2018-06-29,100000000.0,0.0,0.0
2018-07-02,100000000.0,0.0,0.0
2018-07-03,100000000.0,0.0,0.0
2018-07-04,100000000.0,0.0,0.0
2018-07-05,100000000.0,0.0,0.0
2018-07-06,100000000.0,0.0,0.0
2018-07-09,100000000.0,0.0,0.0
2018-07-10,100000000.0,0.0,0.0
2018-07-11,100000000.0,0.0,0.0
2018-07-12,100000000.0,0.0,0.0
2018-07-13,100000000.0,0.0,0.0
2018-07-16,100000000.0,0.0,0.0
2018-07-17,100000000.0,0.0,0.0
2018-07-18,100000000.0,0.0,0.0
2018-07-19,100000000.0,0.0,0.0
2018-07-20,100000000.0,0.0,0.0
2018-07-23,100000000.0,0.0,0.0
2018-07-24,100000000.0,0.0,0.0
2018-07-25,100000000.0,0.0,0.0
2018-07-26,100000000.0,0.0,0.0
2018-07-27,100000000.0,0.0,0.0
2018-07-30,100000000.0,0.0,0.0
2018-07-31,100000000.0,0.0,0.0
2018-08-01,100000000.0,0.0,0.0
2018-08-02,100000000.0,0.0,0.0
2018-08-03,100000000.0,0.0,0.0
2018-08-06,100000000.0,0.0,0.0
2018-08-07,100000000.0,0.0,0.0
2018-08-08,100000000.0,0.0,0.0
2018-08-09,100000000.0,0.0,0.0
2018-08-10,100000000.0,0.0,0.0
2018-08-13,100000000.0,0.0,0.0
2018-08-14,100000000.0,0.0,0.0
2018-08-15,100000000.0,0.0,0.0
2018-08-16,100000000.0,0.0,0.0
2018-08-17,100000000.0,0.0,0.0
2018-08-20,100000000.0,0.0,0.0
2018-08-21,100000000.0,0.0,0.0
2018-08-22,100000000.0,0.0,0.0
2018-08-23,100000000.0,0.0,0.0
2018-08-24,100000000.0,0.0,0.0
2018-08-27,100000000.0,0.0,0.0
2018-08-28,100000000.0,0.0,0.0
2018-08-29,100000000.0,0.0,0.0
2018-08-30,100000000.0,0.0,0.0
2018-08-31,100000000.0,0.0,0.0
2018-09-04,100000000.0,0.0,0.0
2018-09-05,100000000.0,0.0,0.0
2018-09-06,100000000.0,0.0,0.0
2018-09-07,100000000.0,0.0,0.0
2018-09-10,100000000.0,0.0,0.0
2018-09-11,100000000.0,0.0,0.0
2018-09-12,100000000.0,0.0,0.0
2018-09-13,100000000.0,0.0,0.0
2018-09-14,100000000.0,0.0,0.0
2018-09-17,100000000.0,0.0,0.0
2018-09-18,100000000.0,0.0,0.0
2018-09-19,100000000.0,0.0,0.0
2018-09-20,100000000.0,0.0,0.0
2018-09-21,100000000.0,0.0,0.0
2018-09-24,100000000.0,0.0,0.0
2018-09-25,100000000.0,0.0,0.0
2018-09-26,100000000.0,0.0,0.0
2018-09-27,100000000.0,0.0,0.0
2018-09-28,100000000.0,0.0,0.0
2018-10-01,100000000.0,0.0,0.0
2018-10-02,100000000.0,0.0,0.0
2018-10-03,100000000.0,0.0,0.0
2018-10-04,100000000.0,0.0,0.0
2018-10-05,100000000.0,0.0,0.0
2018-10-08,100000000.0,0.0,0.0
2018-10-09,100000000.0,0.0,0.0
2018-10-10,100000000.0,0.0,0.0
2018-10-11,100000000.0,0.0,0.0
2018-10-12,100000000.0,0.0,0.0
2018-10-15,100000000.0,0.0,0.0
2018-10-16,100000000.0,0.0,0.0
2018-10-17,100000000.0,0.0,0.0
2018-10-18,100000000.0,0.0,0.0
2018-10-19,100000000.0,0.0,0.0
2018-10-22,100000000.0,0.0,0.0
2018-10-23,100000000.0,0.0,0.0
2018-10-24,100000000.0,0.0,0.0
2018-10-25,100000000.0,0.0,0.0
2018-10-26,100000000.0,0.0,0.0
2018-10-29,100000000.0,0.0,0.0
2018-10-30,100000000.0,0.0,0.0
2018-10-31,100000000.0,0.0,0.0
2018-11-01,100000000.0,0.0,0.0
2018-11-02,100000000.0,0.0,0.0
2018-11-05,100000000.0,0.0,0.0
2018-11-06,100000000.0,0.0,0.0
2018-11-07,100000000.0,0.0,0.0
2018-11-08,100000000.0,0.0,0.0
2018-11-09,100000000.0,0.0,0.0
2018-11-12,100000000.0,0.0,0.0
2018-11-13,100000000.0,0.0,0.0
2018-11-14,100000000.0,0.0,0.0
2018-11-15,100000000.0,0.0,0.0
2018-11-16,100000000.0,0.0,0.0
2018-11-19,100000000.0,0.0,0.0
2018-11-20,100000000.0,0.0,0.0
2018-11-21,100000000.0,0.0,0.0
2018-11-22,100000000.0,0.0,0.0
2018-11-23,100000000.0,0.0,0.0
2018-11-26,100000000.0,0.0,0.0
2018-11-27,100000000.0,0.0,0.0
2018-11-28,100000000.0,0.0,0.0
2018-11-29,100000000.0,0.0,0.0
2018-11-30,100000000.0,0.0,0.0
2018-12-03,100000000.0,0.0,0.0
2018-12-04,100000000.0,0.0,0.0
2018-12-05,100000000.0,0.0,0.0
2018-12-06,100000000.0,0.0,0.0
2018-12-07,100000000.0,0.0,0.0
2018-12-10,100000000.0,0.0,0.0
2018-12-11,100000000.0,0.0,0.0
2018-12-12,100000000.0,0.0,0.0
2018-12-13,100000000.0,0.0,0.0
2018-12-14,100000000.0,0.0,0.0
2018-12-17,100000000.0,0.0,0.0
2018-12-18,100000000.0,0.0,0.0
2018-12-19,100000000.0,0.0,0.0
2018-12-20,100000000.0,0.0,0.0
2018-12-21,100000000.0,0.0,0.0
2018-12-24,100000000.0,0.0,0.0
2018-12-25,100000000.0,0.0,0.0
2018-12-26,100000000.0,0.0,0.0
2018-12-27,100000000.0,0.0,0.0
2018-12-28,100000000.0,0.0,0.0
2019-01-02,100000000.0,0.0,0.0
2019-01-03,100000000.0,0.0,0.0
2019-01-04,100000000.0,0.0,0.0
2019-01-07,100000000.0,0.0,0.0
2019-01-08,100000000.0,0.0,0.0
2019-01-09,100000000.0,0.0,0.0
2019-01-10,100000000.0,0.0,0.0
2019-01-11,100000000.0,0.0,0.0
2019-01-14,100000000.0,0.0,0.0
2019-01-15,100000000.0,0.0,0.0
2019-01-16,100000000.0,0.0,0.0
2019-01-17,100000000.0,0.0,0.0
2019-01-18,100000000.0,0.0,0.0
2019-01-21,100000000.0,0.0,0.0
2019-01-22,100000000.0,0.0,0.0
2019-01-23,100000000.0,0.0,0.0
2019-01-24,100000000.0,0.0,0.0
2019-01-25,100000000.0,0.0,0.0
2019-01-28,100000000.0,0.0,0.0
2019-01-29,100000000.0,0.0,0.0
2019-01-30,100000000.0,0.0,0.0
2019-01-31,100000000.0,0.0,0.0
2019-02-01,100000000.0,0.0,0.0
2019-02-11,100000000.0,0.0,0.0
2019-02-12,100000000.0,0.0,0.0
2019-02-13,100000000.0,0.0,0.0
2019-02-14,100000000.0,0.0,0.0
2019-02-15,100000000.0,0.0,0.0
2019-02-18,100000000.0,0.0,0.0
2019-02-19,100000000.0,0.0,0.0
2019-02-20,100000000.0,0.0,0.0
2019-02-21,100000000.0,0.0,0.0
2019-02-22,100000000.0,0.0,0.0
2019-02-25,100000000.0,0.0,0.0
2019-02-26,100000000.0,0.0,0.0
2019-02-27,100000000.0,0.0,0.0
2019-02-28,100000000.0,0.0,0.0
2019-03-01,100000000.0,0.0,0.0
2019-03-04,100000000.0,0.0,0.0
2019-03-05,100000000.0,0.0,0.0
2019-03-06,100000000.0,0.0,0.0
2019-03-07,100000000.0,0.0,0.0
2019-03-08,100000000.0,0.0,0.0
2019-03-11,100000000.0,0.0,0.0
2019-03-12,100000000.0,0.0,0.0
2019-03-13,100000000.0,0.0,0.0
2019-03-14,100000000.0,0.0,0.0
2019-03-15,100000000.0,0.0,0.0
2019-03-18,100000000.0,0.0,0.0
2019-03-19,100000000.0,0.0,0.0
2019-03-20,100000000.0,0.0,0.0
2019-03-21,100000000.0,0.0,0.0
2019-03-22,100000000.0,0.0,0.0
2019-03-25,100000000.0,0.0,0.0
2019-03-26,100000000.0,0.0,0.0
2019-03-27,100000000.0,0.0,0.0
2019-03-28,100000000.0,0.0,0.0
2019-03-29,100000000.0,0.0,0.0
2019-04-01,100000000.0,0.0,0.0
2019-04-02,100000000.0,0.0,0.0
2019-04-03,100000000.0,0.0,0.0
2019-04-04,100000000.0,0.0,0.0
2019-04-05,100000000.0,0.0,0.0
2019-04-08,100000000.0,0.0,0.0
2019-04-09,100000000.0,0.0,0.0
2019-04-10,100000000.0,0.0,0.0
2019-04-11,100000000.0,0.0,0.0
2019-04-12,100000000.0,0.0,0.0
2019-04-16,100000000.0,0.0,0.0
2019-04-17,100000000.0,0.0,0.0
2019-04-18,100000000.0,0.0,0.0
2019-04-19,100000000.0,0.0,0.0
2019-04-22,100000000.0,0.0,0.0
2019-04-23,100000000.0,0.0,0.0
2019-04-24,100000000.0,0.0,0.0
2019-04-25,100000000.0,0.0,0.0
2019-04-26,100000000.0,0.0,0.0
2019-05-02,100000000.0,0.0,0.0
2019-05-03,100000000.0,0.0,0.0
2019-05-06,100000000.0,0.0,0.0
2019-05-07,100000000.0,0.0,0.0
2019-05-08,100000000.0,0.0,0.0
2019-05-09,100000000.0,0.0,0.0
2019-05-10,100000000.0,0.0,0.0
2019-05-13,100000000.0,0.0,0.0
2019-05-14,100000000.0,0.0,0.0
2019-05-15,100000000.0,0.0,0.0
2019-05-16,100000000.0,0.0,0.0
2019-05-17,100000000.0,0.0,0.0
2019-05-20,100000000.0,0.0,0.0
2019-05-21,100000000.0,0.0,0.0
2019-05-22,100000000.0,0.0,0.0
2019-05-23,100000000.0,0.0,0.0
2019-05-24,100000000.0,0.0,0.0
2019-05-27,100000000.0,0.0,0.0
2019-05-28,100000000.0,0.0,0.0
2019-05-29,100000000.0,0.0,0.0
2019-05-30,100000000.0,0.0,0.0
2019-05-31,100000000.0,0.0,0.0
2019-06-03,100000000.0,0.0,0.0
2019-06-04,100000000.0,0.0,0.0
2019-06-05,100000000.0,0.0,0.0
2019-06-06,100000000.0,0.0,0.0
2019-06-07,100000000.0,0.0,0.0
2019-06-10,100000000.0,0.0,0.0
2019-06-11,100000000.0,0.0,0.0
2019-06-12,100000000.0,0.0,0.0
2019-06-13,100000000.0,0.0,0.0
2019-06-14,100000000.0,0.0,0.0
2019-06-17,100000000.0,0.0,0.0
2019-06-18,100000000.0,0.0,0.0
2019-06-19,100000000.0,0.0,0.0
2019-06-20,100000000.0,0.0,0.0
2019-06-21,100000000.0,0.0,0.0
2019-06-24,100000000.0,0.0,0.0
2019-06-25,100000000.0,0.0,0.0
2019-06-26,100000000.0,0.0,0.0
2019-06-27,100000000.0,0.0,0.0
2019-06-28,100000000.0,0.0,0.0
2019-07-01,100000000.0,0.0,0.0
2019-07-02,100000000.0,0.0,0.0
2019-07-03,100000000.0,0.0,0.0
2019-07-04,100000000.0,0.0,0.0
2019-07-05,100000000.0,0.0,0.0
2019-07-08,100000000.0,0.0,0.0
2019-07-09,100000000.0,0.0,0.0
2019-07-10,100000000.0,0.0,0.0
2019-07-11,100000000.0,0.0,0.0
2019-07-12,100000000.0,0.0,0.0
2019-07-15,100000000.0,0.0,0.0
2019-07-16,100000000.0,0.0,0.0
2019-07-17,100000000.0,0.0,0.0
2019-07-18,100000000.0,0.0,0.0
2019-07-19,100000000.0,0.0,0.0
2019-07-22,100000000.0,0.0,0.0
2019-07-23,100000000.0,0.0,0.0
2019-07-24,100000000.0,0.0,0.0
2019-07-25,100000000.0,0.0,0.0
2019-07-26,100000000.0,0.0,0.0
2019-07-29,100000000.0,0.0,0.0
2019-07-30,100000000.0,0.0,0.0
2019-07-31,100000000.0,0.0,0.0
2019-08-01,100000000.0,0.0,0.0
2019-08-02,100000000.0,0.0,0.0
2019-08-05,100000000.0,0.0,0.0
2019-08-06,100000000.0,0.0,0.0
2019-08-07,100000000.0,0.0,0.0
2019-08-08,100000000.0,0.0,0.0
2019-08-09,100000000.0,0.0,0.0
2019-08-12,100000000.0,0.0,0.0
2019-08-13,100000000.0,0.0,0.0
2019-08-14,100000000.0,0.0,0.0
2019-08-15,100000000.0,0.0,0.0
2019-08-16,100000000.0,0.0,0.0
2019-08-19,100000000.0,0.0,0.0
2019-08-20,100000000.0,0.0,0.0
2019-08-21,100000000.0,0.0,0.0
2019-08-22,100000000.0,0.0,0.0
2019-08-23,100000000.0,0.0,0.0
2019-08-26,100000000.0,0.0,0.0
2019-08-27,100000000.0,0.0,0.0
2019-08-28,100000000.0,0.0,0.0
2019-08-29,100000000.0,0.0,0.0
2019-08-30,100000000.0,0.0,0.0
2019-09-03,100000000.0,0.0,0.0
2019-09-04,100000000.0,0.0,0.0
2019-09-05,100000000.0,0.0,0.0
2019-09-06,100000000.0,0.0,0.0
2019-09-09,100000000.0,0.0,0.0
2019-09-10,100000000.0,0.0,0.0
2019-09-11,100000000.0,0.0,0.0
2019-09-12,100000000.0,0.0,0.0
2019-09-13,100000000.0,0.0,0.0
2019-09-16,100000000.0,0.0,0.0
2019-09-17,100000000.0,0.0,0.0
2019-09-18,100000000.0,0.0,0.0
2019-09-19,100000000.0,0.0,0.0
2019-09-20,100000000.0,0.0,0.0
2019-09-23,100000000.0,0.0,0.0
2019-09-24,100000000.0,0.0,0.0
2019-09-25,100000000.0,0.0,0.0
2019-09-26,100000000.0,0.0,0.0
2019-09-27,100000000.0,0.0,0.0
2019-09-30,100000000.0,0.0,0.0
2019-10-01,100000000.0,0.0,0.0
2019-10-02,100000000.0,0.0,0.0
2019-10-03,100000000.0,0.0,0.0
2019-10-04,100000000.0,0.0,0.0
2019-10-07,100000000.0,0.0,0.0
2019-10-08,100000000.0,0.0,0.0
2019-10-09,100000000.0,0.0,0.0
2019-10-10,100000000.0,0.0,0.0
2019-10-11,100000000.0,0.0,0.0
2019-10-14,100000000.0,0.0,0.0
2019-10-15,100000000.0,0.0,0.0
2019-10-16,100000000.0,0.0,0.0
2019-10-17,100000000.0,0.0,0.0
2019-10-18,100000000.0,0.0,0.0
2019-10-21,100000000.0,0.0,0.0
2019-10-22,100000000.0,0.0,0.0
2019-10-23,100000000.0,0.0,0.0
2019-10-24,100000000.0,0.0,0.0
2019-10-25,100000000.0,0.0,0.0
2019-10-28,100000000.0,0.0,0.0
2019-10-29,100000000.0,0.0,0.0
2019-10-30,100000000.0,0.0,0.0
2019-10-31,100000000.0,0.0,0.0
2019-11-01,100000000.0,0.0,0.0
2019-11-04,100000000.0,0.0,0.0
2019-11-05,100000000.0,0.0,0.0
2019-11-06,100000000.0,0.0,0.0
2019-11-07,100000000.0,0.0,0.0
2019-11-08,100000000.0,0.0,0.0
2019-11-11,100000000.0,0.0,0.0
2019-11-12,100000000.0,0.0,0.0
2019-11-13,100000000.0,0.0,0.0
2019-11-14,100000000.0,0.0,0.0
2019-11-15,100000000.0,0.0,0.0
2019-11-18,100000000.0,0.0,0.0
2019-11-19,100000000.0,0.0,0.0
2019-11-20,100000000.0,0.0,0.0
2019-11-21,100000000.0,0.0,0.0
2019-11-22,100000000.0,0.0,0.0
2019-11-25,100000000.0,0.0,0.0
2019-11-26,100000000.0,0.0,0.0
2019-11-27,100000000.0,0.0,0.0
2019-11-28,100000000.0,0.0,0.0
2019-11-29,100000000.0,0.0,0.0
2019-12-02,100000000.0,0.0,0.0
2019-12-03,100000000.0,0.0,0.0
2019-12-04,100000000.0,0.0,0.0
2019-12-05,100000000.0,0.0,0.0
2019-12-06,100000000.0,0.0,0.0
2019-12-09,100000000.0,0.0,0.0
2019-12-10,100000000.0,0.0,0.0
2019-12-11,100000000.0,0.0,0.0
2019-12-12,100000000.0,0.0,0.0
2019-12-13,100000000.0,0.0,0.0
2019-12-16,100000000.0,0.0,0.0
2019-12-17,100000000.0,0.0,0.0
2019-12-18,100000000.0,0.0,0.0
2019-12-19,100000000.0,0.0,0.0
2019-12-20,100000000.0,0.0,0.0
2019-12-23,100000000.0,0.0,0.0
2019-12-24,100000000.0,0.0,0.0
2019-12-25,100000000.0,0.0,0.0
2019-12-26,100000000.0,0.0,0.0
2019-12-27,100000000.0,0.0,0.0
2019-12-30,100000000.0,0.0,0.0
2019-12-31,100000000.0,0.0,0.0
2020-01-02,100000000.0,0.0,0.0
2020-01-03,100000000.0,0.0,0.0
2020-01-06,100000000.0,0.0,0.0
2020-01-07,100000000.0,0.0,0.0
2020-01-08,100000000.0,0.0,0.0
2020-01-09,100000000.0,0.0,0.0
2020-01-10,100000000.0,0.0,0.0
2020-01-13,100000000.0,0.0,0.0
2020-01-14,100000000.0,0.0,0.0
2020-01-15,100000000.0,0.0,0.0
2020-01-16,100000000.0,0.0,0.0
2020-01-17,100000000.0,0.0,0.0
2020-01-20,100000000.0,0.0,0.0
2020-01-21,100000000.0,0.0,0.0
2020-01-22,100000000.0,0.0,0.0
2020-01-30,100000000.0,0.0,0.0
2020-01-31,100000000.0,0.0,0.0
2020-02-03,100000000.0,0.0,0.0
2020-02-04,100000000.0,0.0,0.0
2020-02-05,100000000.0,0.0,0.0
2020-02-06,100000000.0,0.0,0.0
2020-02-07,100000000.0,0.0,0.0
2020-02-10,100000000.0,0.0,0.0
2020-02-11,100000000.0,0.0,0.0
2020-02-12,100000000.0,0.0,0.0
2020-02-13,100000000.0,0.0,0.0
2020-02-14,100000000.0,0.0,0.0
2020-02-17,100000000.0,0.0,0.0
2020-02-18,100000000.0,0.0,0.0
2020-02-19,100000000.0,0.0,0.0
2020-02-20,100000000.0,0.0,0.0
2020-02-21,100000000.0,0.0,0.0
2020-02-24,100000000.0,0.0,0.0
2020-02-25,100000000.0,0.0,0.0
2020-02-26,100000000.0,0.0,0.0
2020-02-27,100000000.0,0.0,0.0
2020-02-28,100000000.0,0.0,0.0
2020-03-02,100000000.0,0.0,0.0
2020-03-03,100000000.0,0.0,0.0
2020-03-04,100000000.0,0.0,0.0
2020-03-05,100000000.0,0.0,0.0
2020-03-06,100000000.0,0.0,0.0
2020-03-09,100000000.0,0.0,0.0
2020-03-10,100000000.0,0.0,0.0
2020-03-11,100000000.0,0.0,0.0
2020-03-12,100000000.0,0.0,0.0
2020-03-13,100000000.0,0.0,0.0
2020-03-16,100000000.0,0.0,0.0
2020-03-17,100000000.0,0.0,0.0
2020-03-18,100000000.0,0.0,0.0
2020-03-19,100000000.0,0.0,0.0
2020-03-20,100000000.0,0.0,0.0
2020-03-23,100000000.0,0.0,0.0
2020-03-24,100000000.0,0.0,0.0
2020-03-25,100000000.0,0.0,0.0
2020-03-26,100000000.0,0.0,0.0
2020-03-27,100000000.0,0.0,0.0
2020-03-30,100000000.0,0.0,0.0
2020-03-31,100000000.0,0.0,0.0
2020-04-01,100000000.0,0.0,0.0
2020-04-03,100000000.0,0.0,0.0
2020-04-06,100000000.0,0.0,0.0
2020-04-07,100000000.0,0.0,0.0
2020-04-08,100000000.0,0.0,0.0
2020-04-09,100000000.0,0.0,0.0
2020-04-10,100000000.0,0.0,0.0
2020-04-13,100000000.0,0.0,0.0
2020-04-14,100000000.0,0.0,0.0
2020-04-15,100000000.0,0.0,0.0
2020-04-16,100000000.0,0.0,0.0
2020-04-17,100000000.0,0.0,0.0
2020-04-20,100000000.0,0.0,0.0
2020-04-21,100000000.0,0.0,0.0
2020-04-22,100000000.0,0.0,0.0
2020-04-23,100000000.0,0.0,0.0
2020-04-24,100000000.0,0.0,0.0
2020-04-27,100000000.0,0.0,0.0
2020-04-28,100000000.0,0.0,0.0
2020-04-29,100000000.0,0.0,0.0
2020-05-04,100000000.0,0.0,0.0
2020-05-05,100000000.0,0.0,0.0
2020-05-06,100000000.0,0.0,0.0
2020-05-07,100000000.0,0.0,0.0
2020-05-08,100000000.0,0.0,0.0
2020-05-11,100000000.0,0.0,0.0
2020-05-12,100000000.0,0.0,0.0
2020-05-13,100000000.0,0.0,0.0
2020-05-14,100000000.0,0.0,0.0
2020-05-15,100000000.0,0.0,0.0
2020-05-18,100000000.0,0.0,0.0
2020-05-19,100000000.0,0.0,0.0
2020-05-20,100000000.0,0.0,0.0
2020-05-21,100000000.0,0.0,0.0
2020-05-22,100000000.0,0.0,0.0
2020-05-25,100000000.0,0.0,0.0
2020-05-26,100000000.0,0.0,0.0
2020-05-27,100000000.0,0.0,0.0
2020-05-28,100000000.0,0.0,0.0
2020-05-29,100000000.0,0.0,0.0
2020-06-01,100000000.0,0.0,0.0
2020-06-02,100000000.0,0.0,0.0
2020-06-03,100000000.0,0.0,0.0
2020-06-04,100000000.0,0.0,0.0
2020-06-05,100000000.0,0.0,0.0
2020-06-08,100000000.0,0.0,0.0
2020-06-09,100000000.0,0.0,0.0
2020-06-10,100000000.0,0.0,0.0
2020-06-11,100000000.0,0.0,0.0
2020-06-12,100000000.0,0.0,0.0
2020-06-15,100000000.0,0.0,0.0
2020-06-16,100000000.0,0.0,0.0
2020-06-17,100000000.0,0.0,0.0
2020-06-18,100000000.0,0.0,0.0
2020-06-19,100000000.0,0.0,0.0
2020-06-22,100000000.0,0.0,0.0
2020-06-23,100000000.0,0.0,0.0
2020-06-24,100000000.0,0.0,0.0
2020-06-25,100000000.0,0.0,0.0
2020-06-26,100000000.0,0.0,0.0
2020-06-29,100000000.0,0.0,0.0
2020-06-30,100000000.0,0.0,0.0
2020-07-01,100000000.0,0.0,0.0
2020-07-02,100000000.0,0.0,0.0
2020-07-03,100000000.0,0.0,0.0
2020-07-06,100000000.0,0.0,0.0
2020-07-07,100000000.0,0.0,0.0
2020-07-08,100000000.0,0.0,0.0
2020-07-09,100000000.0,0.0,0.0
2020-07-10,100000000.0,0.0,0.0
2020-07-13,100000000.0,0.0,0.0
2020-07-14,100000000.0,0.0,0.0
2020-07-15,100000000.0,0.0,0.0
2020-07-16,100000000.0,0.0,0.0
2020-07-17,100000000.0,0.0,0.0
2020-07-20,100000000.0,0.0,0.0
2020-07-21,100000000.0,0.0,0.0
2020-07-22,100000000.0,0.0,0.0
2020-07-23,100000000.0,0.0,0.0
2020-07-24,100000000.0,0.0,0.0
2020-07-27,100000000.0,0.0,0.0
2020-07-28,100000000.0,0.0,0.0
2020-07-29,100000000.0,0.0,0.0
2020-07-30,100000000.0,0.0,0.0
2020-07-31,100000000.0,0.0,0.0
2020-08-03,100000000.0,0.0,0.0
2020-08-04,100000000.0,0.0,0.0
2020-08-05,100000000.0,0.0,0.0
2020-08-06,100000000.0,0.0,0.0
2020-08-07,100000000.0,0.0,0.0
2020-08-10,100000000.0,0.0,0.0
2020-08-11,100000000.0,0.0,0.0
2020-08-12,100000000.0,0.0,0.0
2020-08-13,100000000.0,0.0,0.0
2020-08-14,100000000.0,0.0,0.0
2020-08-17,100000000.0,0.0,0.0
2020-08-18,100000000.0,0.0,0.0
2020-08-19,100000000.0,0.0,0.0
2020-08-20,100000000.0,0.0,0.0
2020-08-21,100000000.0,0.0,0.0
2020-08-24,100000000.0,0.0,0.0
2020-08-25,100000000.0,0.0,0.0
2020-08-26,100000000.0,0.0,0.0
2020-08-27,100000000.0,0.0,0.0
2020-08-28,100000000.0,0.0,0.0
2020-08-31,100000000.0,0.0,0.0
2020-09-01,100000000.0,0.0,0.0
2020-09-03,100000000.0,0.0,0.0
2020-09-04,100000000.0,0.0,0.0
2020-09-07,100000000.0,0.0,0.0
2020-09-08,100000000.0,0.0,0.0
2020-09-09,100000000.0,0.0,0.0
2020-09-10,100000000.0,0.0,0.0
2020-09-11,100000000.0,0.0,0.0
2020-09-14,100000000.0,0.0,0.0
2020-09-15,100000000.0,0.0,0.0
2020-09-16,100000000.0,0.0,0.0
2020-09-17,100000000.0,0.0,0.0
2020-09-18,100000000.0,0.0,0.0
2020-09-21,100000000.0,0.0,0.0
2020-09-22,100000000.0,0.0,0.0
2020-09-23,100000000.0,0.0,0.0
2020-09-24,100000000.0,0.0,0.0
2020-09-25,100000000.0,0.0,0.0
2020-09-28,100000000.0,0.0,0.0
2020-09-29,100000000.0,0.0,0.0
2020-09-30,100000000.0,0.0,0.0
2020-10-01,100000000.0,0.0,0.0
2020-10-02,100000000.0,0.0,0.0
2020-10-05,100000000.0,0.0,0.0
2020-10-06,100000000.0,0.0,0.0
2020-10-07,100000000.0,0.0,0.0
2020-10-08,100000000.0,0.0,0.0
2020-10-09,100000000.0,0.0,0.0
2020-10-12,100000000.0,0.0,0.0
2020-10-13,100000000.0,0.0,0.0
2020-10-14,100000000.0,0.0,0.0
2020-10-15,100000000.0,0.0,0.0
2020-10-16,100000000.0,0.0,0.0
2020-10-19,100000000.0,0.0,0.0
2020-10-20,100000000.0,0.0,0.0
2020-10-21,100000000.0,0.0,0.0
2020-10-22,100000000.0,0.0,0.0
2020-10-23,100000000.0,0.0,0.0
2020-10-26,100000000.0,0.0,0.0
2020-10-27,100000000.0,0.0,0.0
2020-10-28,100000000.0,0.0,0.0
2020-10-29,100000000.0,0.0,0.0
2020-10-30,100000000.0,0.0,0.0
2020-11-02,100000000.0,0.0,0.0
2020-11-03,100000000.0,0.0,0.0
2020-11-04,100000000.0,0.0,0.0
2020-11-05,100000000.0,0.0,0.0
2020-11-06,100000000.0,0.0,0.0
2020-11-09,100000000.0,0.0,0.0
2020-11-10,100000000.0,0.0,0.0
2020-11-11,100000000.0,0.0,0.0
2020-11-12,100000000.0,0.0,0.0
2020-11-13,100000000.0,0.0,0.0
2020-11-16,100000000.0,0.0,0.0
2020-11-17,100000000.0,0.0,0.0
2020-11-18,100000000.0,0.0,0.0
2020-11-19,100000000.0,0.0,0.0
2020-11-20,100000000.0,0.0,0.0
2020-11-23,100000000.0,0.0,0.0
2020-11-24,100000000.0,0.0,0.0
2020-11-25,100000000.0,0.0,0.0
2020-11-26,100000000.0,0.0,0.0
2020-11-27,100000000.0,0.0,0.0
2020-11-30,100000000.0,0.0,0.0
2020-12-01,100000000.0,0.0,0.0
2020-12-02,100000000.0,0.0,0.0
2020-12-03,100000000.0,0.0,0.0
2020-12-04,100000000.0,0.0,0.0
2020-12-07,100000000.0,0.0,0.0
2020-12-08,100000000.0,0.0,0.0
2020-12-09,100000000.0,0.0,0.0
2020-12-10,100000000.0,0.0,0.0
2020-12-11,100000000.0,0.0,0.0
2020-12-14,100000000.0,0.0,0.0
2020-12-15,100000000.0,0.0,0.0
2020-12-16,100000000.0,0.0,0.0
2020-12-17,100000000.0,0.0,0.0
2020-12-18,100000000.0,0.0,0.0
2020-12-21,100000000.0,0.0,0.0
2020-12-22,100000000.0,0.0,0.0
2020-12-23,100000000.0,0.0,0.0
2020-12-24,100000000.0,0.0,0.0
2020-12-25,100000000.0,0.0,0.0
2020-12-28,100000000.0,0.0,0.0
2020-12-29,100000000.0,0.0,0.0
2020-12-30,100000000.0,0.0,0.0
2020-12-31,100000000.0,0.0,0.0
2021-01-04,100000000.0,0.0,0.0
2021-01-05,99880000.0,-0.0012,-0.0011999999999999789
2021-01-06,100840976.79525279,0.009621313528762365,0.0
2021-01-07,101273998.30601615,0.004294102700359276,0.0
2021-01-08,101662830.5629376,0.0038394085690833914,0.0
2021-01-11,100739771.48576386,-0.009079612204996501,-0.009079612204996534
2021-01-12,100008248.66411081,-0.007261509638786793,-0.016275190152240215
2021-01-13,100700439.07373028,0.006921333178668756,-0.00946650298716134
2021-01-14,103715356.02996314,0.029939461872906192,0.0
2021-01-15,106488576.30727951,0.02673876254655289,0.0
2021-01-18,105930135.01507828,-0.0052441427199648,-0.005244142719964762
2021-01-19,100436376.91261253,-0.051862089118301966,-0.056834259641174834
2021-01-20,99788304.7222926,-0.006452564401878005,-0.06292009732248516
2021-01-21,101641823.19939837,0.01857450612337833,-0.045514300932106844
2021-01-22,100834637.23624685,-0.007941474658202436,-0.05309432492287114
2021-01-25,101035476.324745,0.001991766857132601,-0.05120830958242173
2021-01-26,98850801.8173868,-0.021622845626384564,-0.07172388583591749
2021-01-27,94747674.93936451,-0.041508281193330714,-0.11025503180769258
2021-01-28,89803323.0430249,-0.05218441401864307,-0.1566858515988444
2021-01-29,91377179.17131077,0.017525588975497414,-0.14190627445674409
2021-02-01,87630629.06712809,-0.04100093850740099,-0.1770889225313298
2021-02-02,89112844.24781041,0.01691435056967226,-0.16316991607935794
2021-02-03,92337841.66619076,0.03619004023047543,-0.13288500167619777
2021-02-04,93291938.36371256,0.010332672719067307,-0.1239253861887234
2021-02-05,95055687.71956815,0.018905699536216555,-0.10736258276870037
2021-02-08,92344454.3589305,-0.028522578981662723,-0.13282290400366759
2021-02-09,94584424.23875433,0.024256680007197523,-0.11178806667651375
2021-02-17,98343202.62868388,0.03973992991109686,-0.0764905867000385
2021-02-18,99149157.26370075,0.008195326300892704,-0.06892212571609935
2021-02-19,100807196.75412594,0.016722678600438343,-0.053352009672470335
2021-02-22,101719997.15065531,0.009054913001457075,-0.044780194477050395
2021-02-23,100810384.63810085,-0.008942317519015057,-0.05332207327848848
2021-02-24,99485126.5559911,-0.01314604727347577,-0.06576714605592549
2021-02-25,98764057.82008877,-0.007248005414120879,-0.07253847083936171
2021-02-26,101253783.53475419,0.0252088236309687,-0.04915825672624263
2021-03-01,105381192.17155504,0.040763006504188265,-0.010399088560720804
2021-03-02,105955540.93709898,0.005450201821677326,-0.005005563870460805
2021-03-03,106719903.15216339,0.007213990021703289,0.0
2021-03-04,104581053.18901178,-0.020041715743519636,-0.02004171574351965
2021-03-05,106661555.43183602,0.01989368226254235,-0.0005467370059750731
2021-03-08,108658541.43648127,0.018722640941810125,0.0
2021-03-09,109166581.29078166,0.004675562984594087,0.0
2021-03-10,109166229.11578847,-3.226032994924682e-06,-3.226032994962935e-06
2021-03-11,109262457.11518724,0.0008814813901531998,0.0
2021-03-12,109123173.53350942,-0.0012747615727787267,-0.0012747615727787265
2021-03-15,109935944.9932291,0.007448202186587827,0.0
2021-03-16,109769168.91524647,-0.0015170295574655401,-0.0015170295574655768
2021-03-17,113005715.90829535,0.029485027763559334,0.0
2021-03-18,112736181.30048998,-0.002385141367752582,-0.0023851413677525857
2021-03-19,112086890.94887939,-0.00575937861404007,-0.008130783049607793
2021-03-22,111536681.0788619,-0.004908779834641177,-0.012999650660375228
2021-03-23,110770556.26570773,-0.006868814866496592,-0.019779173333156486
2021-03-24,109625750.30506173,-0.010334930140640738,-0.02990968709915942
2021-03-25,108547922.38945633,-0.009831886327856948,-0.03944750478335568
2021-03-26,108396189.6544773,-0.0013978409870861964,-0.040790204431417454
2021-03-29,110662859.2790013,0.020910971425741186,-0.02073219580499175
2021-03-30,114120769.52657045,0.031247251969616426,0.0
2021-03-31,115215028.72294468,0.00958860688473932,0.0
2021-04-01,115405985.76149142,0.0016573969616926595,0.0
2021-04-02,115536709.83308169,0.0011327321605349042,0.0
2021-04-05,115892245.82033518,0.0030772555992561795,0.0
2021-04-06,115173472.7609609,-0.006202080685264902,-0.006202080685264955
2021-04-07,115761521.7487449,0.005105767618941875,-0.0011279794490559603
2021-04-08,115952478.78729165,0.0016495726357260967,0.0
2021-04-09,117395153.97487888,0.01244195210551504,0.0
2021-04-12,118673189.05889702,0.010886608524672364,0.0
2021-04-13,117366040.48233703,-0.011014691582201083,-0.01101469158220103
2021-04-14,116975737.87390363,-0.0033255156843442642,-0.014303577736930473
2021-04-15,116608347.76766792,-0.0031407376684535076,-0.017399391619992044
2021-04-16,116659331.63138205,0.00043722310357839633,-0.016969775932418107
2021-04-19,118039797.80946484,0.011833311221469748,-0.0053372733509152726
2021-04-20,119261735.31131801,0.010351911173429583,0.0
2021-04-22,115714696.43135297,-0.02974163398432809,-0.029741633984328053
2021-04-23,119458321.07892396,0.03235219693802563,0.0
2021-04-26,120056531.02066478,0.005007687504209935,0.0
2021-04-27,119800934.11589193,-0.002128971265452049,-0.0021289712654520843
2021-04-28,119815019.75029393,0.00011757533032560439,-0.002011646249626242
2021-04-29,121657959.29750866,0.015381540236404381,0.0
2021-05-04,120366420.87825392,-0.010616144037862252,-0.010616144037862263
2021-05-05,121944716.51428825,0.013112424748682284,0.0
2021-05-06,122963514.95381105,0.008354592709257973,0.0
2021-05-07,124600447.13488129,0.0133123405075491,0.0
2021-05-10,126646331.30015047,0.016419557171046827,0.0
2021-05-11,125403295.11060533,-0.009815019328109529,-0.009815019328109575
2021-05-12,126586512.7993246,0.00943529982745412,-0.0004723271508283444
2021-05-13,127315644.5315063,0.0057599480075541535,0.0
2021-05-14,127680638.50814217,0.0028668430967692246,0.0
2021-05-17,127212027.80234075,-0.003670178276650333,-0.003670178276650282
2021-05-18,128202531.54799818,0.0077862428794583174,0.0
2021-05-19,129172752.67520365,0.007567878071442231,0.0
2021-05-20,132318471.76984197,0.024352806838049048,0.0
2021-05-21,132704258.19696742,0.002915590105941523,0.0
2021-05-24,131590419.44349861,-0.00839339120388727,-0.008393391203887268
2021-05-25,134306816.61357722,0.020642818691257028,0.0
2021-05-26,138227059.5954638,0.029188711941299142,0.0
2021-05-27,139830307.84499252,0.011598656979471187,0.0
2021-05-28,146096378.87076747,0.04481196617775558,0.0
2021-05-31,154751167.1814611,0.05924026575873856,0.0
2021-06-01,156655946.4929732,0.01230865877269003,0.0
2021-06-02,162175999.69682953,0.03523679328766445,0.0
2021-06-03,171527685.84151357,0.057663810688178344,0.0
2021-06-04,170314037.41622373,-0.007075524976249106,-0.007075524976249081
2021-06-07,162682487.85951197,-0.044808693825167924,-0.05156717376910391
2021-06-08,153738696.7530113,-0.054976975236721806,-0.10370914177049395
2021-06-09,161845568.38389403,0.05273149702775759,-0.056446383043758486
2021-06-10,162883953.41320783,0.0064159002911391245,-0.05039263711802355
2021-06-11,166107102.51245487,0.019788008773770845,-0.031601798289677685
2021-06-14,170877450.60403782,0.02871850763410474,-0.003790847141006415
2021-06-15,173541812.5863611,0.015592238606703149,0.0
2021-06-16,174218454.39960212,0.0038990131724265693,0.0
2021-06-17,178803448.52777195,0.02631749973888131,0.0
2021-06-18,181459881.9117212,0.01485672343470853,0.0
2021-06-21,179443816.98697537,-0.011110251497499748,-0.011110251497499779
2021-06-22,177461307.87090015,-0.011048077049203176,-0.022035581632122492
2021-06-23,175735761.89167833,-0.00972350536533363,-0.031544823901227925
2021-06-24,171453826.39596182,-0.02436576055792134,-0.055141970833130216
2021-06-25,175341120.93848696,0.02267254469753087,-0.03371963493402341
2021-06-28,176226095.95443588,0.005047161847786907,-0.028842661541196857
2021-06-29,175862196.08710533,-0.002064960160183309,-0.030848062754383898
2021-06-30,174860530.09752437,-0.005695743666733409,-0.036368103763052995
2021-07-01,180111842.88055962,0.030031435796897397,-0.007428854339370683
2021-07-02,181388650.48864913,0.007088970873149168,-0.0003925463982541455
2021-07-05,179182500.9292129,-0.012162555669789755,-0.012550327700622144
2021-07-06,169880997.42467654,-0.05191078066384939,-0.06380961105594518
2021-07-07,173511589.10323387,0.021371381929677583,-0.04380192869492827
2021-07-08,172480551.69874877,-0.005942181786322481,-0.049483831458354
2021-07-09,167126799.11847788,-0.031039746380343496,-0.07898761226030249
2021-07-12,159055361.09970427,-0.048295294718423296,-0.12346817696550993
2021-07-13,163957420.0799218,0.030819828683075184,-0.09645361634432337
2021-07-14,162953347.5262899,-0.006123983611979634,-0.10198691959049422
2021-07-15,165965610.69803053,0.018485432901307174,-0.08538675904808812
2021-07-16,166100426.38239408,0.000812310958857839,-0.0846438086893464
2021-07-19,160536058.72494072,-0.033500020310863916,-0.11530825968992842
2021-07-20,165633660.8277662,0.03175362683818981,-0.08721608830129357
2021-07-21,165823303.39918494,0.001144951880378541,-0.08617099464521494
2021-07-22,169228262.97308013,0.02053366145829611,-0.06740673921848828
2021-07-23,168128725.7409895,-0.006497361686360454,-0.07346613494004806
2021-07-26,168873314.4240806,0.004428682129181061,-0.06936281096977603
2021-07-27,169008209.5228515,0.0007987946421903779,-0.06861942296935553
2021-07-28,165815283.69854107,-0.018892134490536144,-0.08621519009249157
2021-07-29,173267324.772967,0.044941822660775045,-0.045148035215518356
2021-07-30,173410641.92268196,0.0008271447019958084,-0.044358234471656544
2021-08-02,173080540.977625,-0.0019035795115972531,-0.04617737455694293
2021-08-03,180924353.73966843,0.045318859750140404,-0.0029512207679783797
2021-08-04,180089139.8939528,-0.004616370479993141,-0.0075539673195382795
2021-08-05,182581389.11684862,0.013838975655963573,0.0
2021-08-06,180281371.78640142,-0.012597216734807673,-0.012597216734807626
2021-08-09,185630162.86466944,0.0296691279041592,0.0
2021-08-10,185256143.783057,-0.0020148615712044077,-0.0020148615712044515
2021-08-11,181469611.2036513,-0.02043944401563216,-0.022413122936552732
2021-08-12,180843626.376038,-0.003449529777802813,-0.025785337979372325
2021-08-13,187020773.88674334,0.03415739683222699,0.0
2021-08-16,191853425.75878975,0.02584018754501029,0.0
2021-08-17,191022425.36443633,-0.004331433702925929,-0.00433143370292588
2021-08-18,191298766.01982105,0.001446639863657428,-0.0028910598639299012
2021-08-19,191281244.37756455,-9.159307517270063e-05,-0.0029823881380391937
2021-08-20,184560221.032144,-0.03513686544277234,-0.03801446181010715
2021-08-23,180254509.77233052,-0.023329573597896707,-0.06045717422342056
2021-08-24,179413528.25873792,-0.0046655227359071235,-0.06484063263843953
2021-08-25,181339962.6059234,0.010737397374000252,-0.05479945490305982
2021-08-26,182054641.81739557,0.003941101570784204,-0.05107432355007213
2021-08-27,183737501.2027391,0.009243704903890686,-0.04230273462124423
2021-08-30,186097048.3294622,0.012841946316226137,-0.030004037752053625
2021-08-31,185894861.5018908,-0.0010864590781334955,-0.031057898670990736
2021-09-01,186725263.4048866,0.004467051408988777,-0.026729584492020453
2021-09-06,186858688.34107,0.0007145521379936704,-0.026034132035773205
2021-09-07,185158654.26854175,-0.009097966423831465,-0.034895240800469685
2021-09-08,184795522.71156502,-0.0019611913815817316,-0.036787995936535256
2021-09-09,186666295.2662265,0.010123473378635079,-0.027036944855417078
2021-09-10,189473299.68351138,0.015037553583422658,-0.01240596077898981
2021-09-13,190272253.24106902,0.004216707889144183,-0.008241565202534717
2021-09-14,189528339.26995528,-0.0039097343855555525,-0.012119077257227162
2021-09-15,189445704.70695555,-0.00043600109259663033,-0.012549794418898363
2021-09-16,189165207.71297854,-0.0014806194440296102,-0.014011832393292845
2021-09-17,192551403.1864233,0.01790073087109472,0.0
2021-09-20,194669608.4023722,0.011000725940688773,0.0
2021-09-21,197961684.38950408,0.016911093694334196,0.0
2021-09-22,195979066.3080356,-0.010015160699317537,-0.010015160699317516
2021-09-23,194966215.44959188,-0.005168158403468257,-0.015131559165855513
2021-09-24,191629119.1787455,-0.01711627967517873,-0.031988842842429976
2021-09-27,187214188.34361595,-0.023038935074431215,-0.05429078904350826
2021-09-28,189238198.8899181,0.010811202741681299,-0.04406653502918212
2021-09-29,190732042.39932495,0.00789398503140399,-0.036520410565684336
2021-09-30,190732117.5826588,3.941830271315364e-07,-0.03652003077838328
2021-10-01,191368114.57918173,0.003334503934542158,-0.03330730303016116
2021-10-04,190349900.52792227,-0.005320709008909397,-0.0384507935717755
2021-10-05,194106229.26489276,0.019733809823659305,-0.019475764396030493
2021-10-06,197501762.5090959,0.017493169884668338,-0.0023232873665756104
2021-10-07,200164488.2665618,0.01348203541901692,0.0
2021-10-08,195499503.3161115,-0.023305757134291855,-0.023305757134291838
2021-10-11,197787076.4745313,0.011701171203084403,-0.011877290585453282
2021-10-12,201440215.99885046,0.018470061792887568,0.0
2021-10-13,209031188.7253024,0.037683501721896745,0.0
2021-10-14,213286627.5487962,0.02035791333075218,0.0
2021-10-15,215246062.4630191,0.009186862471134587,0.0
2021-10-18,211281732.40730307,-0.018417665858102002,-0.018417665858102006
2021-10-19,219343450.27148548,0.0381562465071105,0.0
2021-10-20,225879288.63112286,0.029797280709990888,0.0
2021-10-21,228958081.1750017,0.0136302560652506,0.0
2021-10-22,227379796.61395642,-0.006893334155080308,-0.006893334155080311
2021-10-25,222622127.5927782,-0.020923886343586398,-0.02767298515827743
2021-10-26,226277611.75569367,0.016420129492258302,-0.011707249665755426
2021-10-27,228193987.00758126,0.00846913327844671,-0.0033372666450520727
2021-10-28,234764188.8164235,0.028792177633602416,0.0
2021-10-29,237541087.1513869,0.011828457947369512,0.0
2021-11-01,239658082.32984814,0.008912122125264483,0.0
2021-11-02,238751161.261894,-0.003784229011337627,-0.003784229011337681
2021-11-03,227187700.69737652,-0.048433107103647254,-0.05203405414597406
2021-11-04,228548525.4691963,0.005989869907757224,-0.046355861453324376
2021-11-05,232603466.30560514,0.01774214394113594,-0.029436169878608642
2021-11-08,239042296.46005017,0.027681574383699815,-0.0025694350209748418
2021-11-09,243006446.26744965,0.01658346604807651,0.0
2021-11-10,247653327.47108886,0.01912246063845119,0.0
2021-11-11,247743782.06969717,0.000365246853462426,0.0
2021-11-12,252592638.97878218,0.01957206299418198,0.0
2021-11-15,259469061.58542266,0.02722336895659936,0.0
2021-11-16,257984259.85007647,-0.0057224615770129885,-0.0057224615770129494
2021-11-17,266511689.91935405,0.033054071105861914,0.0
2021-11-18,276210601.4434953,0.03639206793171472,0.0
2021-11-19,273764698.92571247,-0.008855208688588908,-0.008855208688588911
2021-11-22,270232512.1454197,-0.012902272623729429,-0.021643228995678165
2021-11-23,263261682.66062427,-0.025795672879820812,-0.04688060022026341
2021-11-24,264202985.833218,0.0035755418831961002,-0.0434726818866642
2021-11-25,267037216.55451393,0.01072747422727869,-0.03321155973391543
2021-11-26,262744766.68589824,-0.016074350699125904,-0.04875205617461342
2021-11-29,266461459.73190865,0.014145640626416645,-0.03529604461464164
2021-11-30,273080860.27998644,0.0248418685191385,-0.011330995795065801
2021-12-01,272893382.4333484,-0.0006865286950019314,-0.012009745436311392
2021-12-02,271426201.72961605,-0.005376387989513509,-0.017321564374704
2021-12-03,265091675.85457546,-0.023337930659143927,-0.04025524556556326
2021-12-06,260815367.5279317,-0.016131431939000872,-0.055737302750535456
2021-12-07,265142493.05327985,0.016590761374077195,-0.040071265666027145
2021-12-08,269480151.9430169,0.01635972732920406,-0.02436709331685538
2021-12-09,269891221.83432704,0.0015254180626893756,-0.022878845258446745
2021-12-10,271509293.4797964,0.005995273334464439,-0.01702073685488359
2021-12-13,277951525.72573614,0.023727483370358782,0.0
2021-12-14,279576301.21834457,0.00584553543415929,0.0
2021-12-15,279606283.24952143,0.00010724096086187799,0.0
2021-12-16,284929888.2902448,0.019039647388655365,0.0
2021-12-17,278967061.2479013,-0.020927348401826636,-0.02092734840182664
2021-12-20,281116178.8384909,0.007703839947899049,-0.013384729396549222
2021-12-21,285255329.2802101,0.014723985146714845,0.0
2021-12-22,286223048.69067353,0.0033924674182435654,0.0
2021-12-23,276830909.79949576,-0.03281405510192867,-0.032814055101928696
2021-12-24,277650187.74925387,0.0029594887014297014,-0.029951679225821204
2021-12-27,286595752.2290873,0.032218831013044985,0.0
2021-12-28,289903590.5123231,0.011541825925569555,0.0
2021-12-29,286979891.7267953,-0.010085072697309303,-0.010085072697309294
2021-12-30,282372341.0406707,-0.016055308469176677,-0.025978462213396614
2021-12-31,282439758.07574373,0.000238752261728537,-0.025745912368277724
2022-01-04,284432053.76555604,0.007053878332801912,-0.018873642568888682
2022-01-05,286472375.0057928,0.0071733168369219735,-0.011835712349980154
2022-01-06,285319125.06563514,-0.0040256933679358505,-0.01581375876920388
2022-01-07,287526362.64099646,0.007736030926260397,-0.008200063569842486
2022-01-10,278552389.9450355,-0.03121095614862204,-0.039155087893970264
2022-01-11,275706122.0245335,-0.010218070363939933,-0.04897306881470331
2022-01-12,279809563.77226764,0.014883390029942779,-0.034818564068893054
2022-01-13,274158290.28850394,-0.020196856060156587,-0.054312194602328834
2022-01-14,277589516.1736356,0.012515491986475726,-0.042476446452166416
2022-01-17,269281671.28422725,-0.029928525413804506,-0.0711337144588392
2022-01-18,266772156.63191733,-0.00931929247297759,-0.07979009104208556
2022-01-19,268033651.70951194,0.004728735912778086,-0.07543866139830202
2022-01-20,271458142.2850642,0.012776345633135875,-0.06362614617729201
2022-01-21,270369374.333318,-0.004010813389428143,-0.06738176696771447
2022-01-24,260212632.32310528,-0.037566170485312585,-0.10241666250751635
2022-01-25,265456391.7586375,0.02015182502370235,-0.08432872014617698
2022-01-26,265956260.47215843,0.0018830539743621723,-0.08260446170343894
2022-01-27,262815361.9047588,-0.011809831292647557,-0.09343874823934895
2022-01-28,262985749.04101345,0.0006483149805998963,-0.09285101099900117
2022-02-07,267243405.2475109,0.016189684125558705,-0.07816455541225509
2022-02-08,275277691.0664562,0.030063551283910007,-0.05045090824856535
2022-02-09,282439546.9486506,0.026016840865122702,-0.02574664063484655
2022-02-10,281883613.6074206,-0.001968326841039182,-0.027664289672057585
2022-02-11,282990508.0459578,0.003926778234362898,-0.02384614296824794
2022-02-14,280925528.74600184,-0.007296991387501274,-0.030969129255884797
2022-02-15,281529899.8051237,0.0021513568447112824,-0.02888439805937293
2022-02-16,276890827.2052747,-0.016478081379846948,-0.04488651997738968
2022-02-17,279101652.0591238,0.00798446404369367,-0.03726045073850204
2022-02-18,284430127.4432427,0.0190915221920297,-0.018880287268631446
2022-02-21,288369571.924785,0.013850306635777868,-0.005291478400895722
2022-02-22,293560274.38714504,0.018000173970206215,0.0
2022-02-23,298440721.8424568,0.016625026889283658,0.0
2022-02-24,308183218.2228386,0.032644661627392484,0.0
2022-02-25,310103564.1695523,0.006231182728857084,0.0
2022-02-28,306412998.0132118,-0.011901076229883912,-0.0119010762298839
2022-03-01,309483550.89120674,0.01002096157116207,-0.0019993748862769944
2022-03-02,311616405.7013381,0.0068916580670910586,0.0
2022-03-03,315486176.00991714,0.012418377972974645,0.0
2022-03-04,317342365.0254148,0.005883582726107581,0.0
2022-03-07,312755820.1601123,-0.014452986335231928,-0.014452986335231954
2022-03-08,300407376.5876183,-0.039482697927643244,-0.0533650413692488
2022-03-09,300822920.0148708,0.0013832663897030892,-0.052055593047656945
2022-03-10,306872642.81684786,0.02011057801605668,-0.03299188309675727
2022-03-11,305136869.69571227,-0.005656330604131309,-0.03846160070284044
2022-03-14,302187142.8631525,-0.009666897466377245,-0.04775669381883063
2022-03-15,311208760.08690137,0.029854404586082482,-0.019328036891709144
2022-03-16,314486005.61729985,0.010530698202336451,-0.009000876412722958
2022-03-17,314730546.5054517,0.0007775890938988488,-0.008230286302158163
2022-03-18,313887238.73616385,-0.0026794595524690106,-0.010887693135375298
2022-03-21,317807166.9749365,0.012488332608091481,0.0
2022-03-22,315850282.7393948,-0.006157457851465095,-0.006157457851465042
2022-03-23,320981649.45098424,0.016246199519230127,0.0
2022-03-24,325061083.33770585,0.012709243328081795,0.0
2022-03-25,331047025.6530237,0.018414823004509202,0.0
2022-03-28,331276688.1501206,0.0006937458406214757,0.0
2022-03-29,327845541.96157104,-0.010357342702589225,-0.010357342702589256
2022-03-30,330272025.2711208,0.007401300304501848,-0.0030327002017859206
2022-03-31,326644285.11536634,-0.010984097586758763,-0.01398348631357682
2022-04-01,333128008.42408574,0.019849492564761796,0.0
2022-04-04,330353401.7186795,-0.00832895053925955,-0.008328950539259528
2022-04-05,332213832.4273966,0.0056316378128335514,-0.0027442183592241154
2022-04-06,334159468.05324125,0.0058565762046343,0.0
2022-04-07,320155410.60538757,-0.041908306622101855,-0.041908306622101876
2022-04-08,319441484.8323474,-0.0022299350546354985,-0.0440447888747203
2022-04-12,319037570.17790246,-0.0012644401983572034,-0.04525353707149615
2022-04-13,325781501.18782055,0.02113835999364441,-0.025071762635454742
2022-04-14,336019851.3208829,0.03142704572154242,0.0
2022-04-15,339062563.70828533,0.009055156638637906,0.0
2022-04-18,334617039.7720905,-0.013111220205423718,-0.013111220205423768
2022-04-19,330790687.23254853,-0.011435019992251768,-0.024396313132503678
2022-04-20,329782637.80635977,-0.0030473936089987323,-0.02736936157277925
2022-04-21,320563926.54568434,-0.027953901157429732,-0.05455818230206155
2022-04-22,305266311.42157084,-0.047720950042497684,-0.0996755640525131
2022-04-25,290459660.3007022,-0.04850404570329653,-0.1433449416415047
2022-04-26,296796459.873736,0.021816453157294042,-0.12465576668886758
2022-04-27,303592750.55866796,0.022898826649830093,-0.1046114108313475
2022-04-28,303376001.2800857,-0.0007139474779401529,-0.1052506712563609
2022-04-29,307308627.55651057,0.012962878605530066,-0.09365214432547753
2022-05-04,315467028.6561612,0.026547907764647397,-0.06959050505034436
2022-05-05,312857003.6263186,-0.008273527160543217,-0.07728827327723764
2022-05-06,304353201.58731616,-0.027181114504182542,-0.10236860637564105
2022-05-09,288905581.66529185,-0.05075556899503332,-0.14792839850685013
2022-05-10,291105337.50339293,0.00761409947644968,-0.14144064057202343
2022-05-11,292584755.09386396,0.0050820696149337565,-0.13707738213885756
2022-05-12,277989578.21624446,-0.04988358628916682,-0.18012305700780762
2022-05-13,264347515.8537411,-0.04907400647908954,-0.22035770342026262
2022-05-16,260227579.83740956,-0.015585302562899977,-0.232508664503292
2022-05-17,271391796.00947356,0.042901740772593816,-0.1995819501826004
2022-05-18,278400950.63043326,0.02582670045307865,-0.17890979297272902
2022-05-19,281839753.7207626,0.012351980417244444,-0.16876770281473696
2022-05-20,285929583.83521664,0.01451118964042985,-0.15670553331503145
2022-05-23,283745808.7070411,-0.0076374577925244795,-0.1631461592110074
2022-05-24,279378931.0231483,-0.015390104628475605,-0.17602542737949167
2022-05-25,290581405.72283787,0.04009777923719442,-0.14298587686949282
2022-05-26,290226190.2157465,-0.0012224302728790389,-0.14403351687789245
2022-05-27,295451371.0637214,0.018003822618801683,-0.12862284814812253
2022-05-30,296923883.45787704,0.004983941651223672,-0.12427995526708335
2022-05-31,295281802.62846196,-0.005530309014862511,-0.12912295772496563
2022-06-01,294704113.313514,-0.0019563999874209646,-0.13082674155951768
2022-06-02,287227990.4913704,-0.025368233711045348,-0.1528761319150267
2022-06-03,285242374.4999119,-0.006913030962134355,-0.15873232544386107
2022-06-06,279319450.64156806,-0.020764530055283455,-0.17620085335672042
2022-06-07,273899220.32868445,-0.01940513022073437,-0.19218678307306314
2022-06-08,282859719.2699212,0.032714583599339785,-0.16575951005525524
2022-06-09,286605151.17676926,0.013241305324474158,-0.15471307701385795
2022-06-10,281399055.91608363,-0.018164695363324657,-0.17006745646450327
2022-06-13,271638317.8603055,-0.034686463406930934,-0.19885488126606843
2022-06-14,263734611.19048107,-0.029096435039363752,-0.22216534817041367
2022-06-15,255388703.86483026,-0.031645096894859275,-0.24678000109574005
2022-06-16,254107686.22096592,-0.0050159526419083075,-0.25055811693918206
2022-06-17,248190624.49125195,-0.02328564640334666,-0.26800935562799455
2022-06-20,240933482.0344037,-0.02924019580402816,-0.2894129053961487
2022-06-21,237559650.15913576,-0.014003167375409416,-0.29936337541669233
2022-06-22,248975672.19222537,0.04805539166875467,-0.2656940080048672
2022-06-23,255995481.15500778,0.028194758552002885,-0.24499042785727554
2022-06-24,256383527.27399546,0.0015158319093637193,-0.24384596025594651
2022-06-27,266198888.46272546,0.03828389948875455,-0.2148974350003694
2022-06-28,266766739.014417,0.002133181528182998,-0.21322266871098317
2022-06-29,268961615.67458606,0.008227699855979596,-0.20674930097564848
2022-06-30,257809493.5887276,-0.041463619475543695,-0.23964034610870322
2022-07-01,267589108.51672465,0.03793349419318923,-0.21079724759308238
2022-07-04,274517111.942153,0.025890453702809516,-0.19036443026976124
2022-07-05,269650017.01618946,-0.017729659515684868,-0.2047189932528659
2022-07-06,264589859.46031418,-0.018765648939571423,-0.21964295743379159
2022-07-07,267379948.96008536,0.010544960058039047,-0.21141412358892142
2022-07-08,278798043.1384281,0.0427036291343119,-0.17773864478210633
2022-07-11,276480323.5923206,-0.008313256147772468,-0.18457431404844726
2022-07-12,282309855.408826,0.021084798154031425,-0.16738122805054612
2022-07-13,282938395.7024074,0.0022264199479370204,-0.16552746900765103
2022-07-14,291034718.0564941,0.028615141942779483,-0.14164891908595456
2022-07-15,288259368.72603124,-0.00953614520286936,-0.14983427962859075
2022-07-18,289293313.68500626,0.0035868563909806648,-0.14678485728108392
2022-07-19,288559570.68832976,-0.002536328915902399,-0.14894889151904767
2022-07-20,295128063.7026147,0.022763039876364143,-0.1295763811998718
2022-07-21,295669764.89404124,0.0018354784178449388,-0.12797873743318167
2022-07-22,290544626.6401504,-0.017333995093233495,-0.14309434971971025
2022-07-25,286197362.3670786,-0.01496246660398942,-0.15591577189479888
2022-07-26,279372870.984888,-0.023845402786897275,-0.17604330030003468
2022-07-27,279489572.4766358,0.00041772664373739145,-0.1756991116332841
2022-07-28,286602305.3352607,0.025449009763036764,-0.15472147027755967
2022-07-29,288055252.7630611,0.005069559458360926,-0.15043628051225588
2022-08-01,302706753.9073745,0.05086350970438626,-0.10722448802159645
2022-08-02,306237334.38301235,0.011663368689547569,-0.09681171806839273
2022-08-03,313640087.2676119,0.024173254053148567,-0.07497871827143321
2022-08-04,315249278.25995505,0.005130692974747495,-0.0702327180797766
2022-08-05,317862587.7530854,0.008289660511055594,-0.06252526295837102
2022-08-08,316846116.8176627,-0.0031978313100887805,-0.06552314902489997
2022-08-09,316646266.5526557,-0.0006307486644124726,-0.06611256905057683
2022-08-10,322902813.24828136,0.019758788770008282,-0.0476600845674815
2022-08-11,320289503.7551511,-0.008093176602710122,-0.05536753968888697
2022-08-12,326120090.89366066,0.018204115558425635,-0.03817134122114352
2022-08-15,324464901.90196383,-0.00507539718623637,-0.04305300368955123
2022-08-16,327101126.939492,0.008124838841042615,-0.03527796356510904
2022-08-17,322917695.59993917,-0.012789412799322705,-0.04761619192567812
2022-08-18,320159954.67994857,-0.00854007370165043,-0.05574961983889126
2022-08-19,322956901.9855119,0.00873609352037587,-0.04750056021115334
2022-08-22,315558449.25215757,-0.022908483106783797,-0.06932087753677718
2022-08-23,321007260.043623,0.017267199798891603,-0.05325065518054761
2022-08-24,324795533.7408286,0.011801208784781999,-0.04207786849547768
2022-08-25,327048341.55650723,0.006936080030818065,-0.03543364392807047
2022-08-26,331412951.3920428,0.013345457783896057,-0.02256106434334615
2022-08-29,327893571.2536923,-0.010619319865346056,-0.03294080104992747
2022-08-30,326412475.6758088,-0.004517000965345591,-0.03730900838513129
2022-08-31,328516912.79703826,0.006447171226750493,-0.03110237472374
2022-09-05,331936364.9484491,0.010408755282329702,-0.021017356448609026
2022-09-06,331167512.80729604,-0.002316263664791422,-0.023284938374328656
2022-09-07,326145438.1173368,-0.015164756492529316,-0.038096584446467685
2022-09-08,322142200.00274104,-0.012274395550967456,-0.049903367450798375
2022-09-09,328097770.64270025,0.018487396683540814,-0.03233855411716491
2022-09-12,329197563.15666837,0.0033520267809615456,-0.029094927035661744
2022-09-13,330504560.64321333,0.003970252616733234,-0.02524018862912547
2022-09-14,331238767.2207509,0.0022214718493103877,-0.023074787148326004
2022-09-15,329510291.9879664,-0.005218215389723944,-0.028172593328637974
2022-09-16,321914224.44592,-0.023052595705641367,-0.05057573763029477
2022-09-19,312744006.877759,-0.028486524893222176,-0.07762153551451845
2022-09-20,319385500.1476693,0.021236196773888202,-0.058033724942707976
2022-09-21,315163067.7932098,-0.013220488571044282,-0.07048697931641201
2022-09-22,318687124.1830168,0.011181692114125664,-0.06009345090305718
2022-09-23,315408089.50798607,-0.010289197228902203,-0.06976433476345256
2022-09-26,306254996.7037914,-0.029019841623189994,-0.09675962644085989
2022-09-27,302821559.9019276,-0.011211039293457133,-0.10688588976026836
2022-09-28,297260818.6395619,-0.0183630956268986,-0.12328622957233293
2022-09-29,288500706.7982378,-0.02946944666779648,-0.1491224992728739
2022-09-30,293820130.60461277,0.018438165595535582,-0.13343387901295167
2022-10-03,281504783.84617686,-0.04191457791912969,-0.16975563221314127
2022-10-04,278309571.44414985,-0.011350472835207575,-0.1791792983562901
2022-10-05,287036504.72406286,0.031356928310546074,-0.1534408824590362
2022-10-06,274881060.7075976,-0.04234807704389605,-0.1892910331908736
2022-10-07,264276654.22552216,-0.03857816342376458,-0.22056669620154734
2022-10-10,275070584.4436586,0.04084329828440071,-0.18873206928171127
2022-10-11,267393318.1073094,-0.027910168409598472,-0.21137469385336516
2022-10-12,275832489.33675104,0.031560890485882905,-0.18648497693167532
2022-10-13,278432887.73270726,0.009427455055091473,-0.17881560061505697
2022-10-14,285402523.2994602,0.025031653492900915,-0.15825999727587714
2022-10-17,289389105.00885963,0.013968277726880918,-0.14650233914400113
2022-10-18,288205729.8545346,-0.004089218059155266,-0.1499924771922202
2022-10-19,287355550.80566686,-0.0029499033530557177,-0.15249991723387346
2022-10-20,285723535.66302514,-0.005679427935413102,-0.1573132328792003
2022-10-21,279099692.6195408,-0.02318270011643814,-0.17684898749345257
2022-10-24,275451056.743896,-0.0130728767251582,-0.18760993920613978
2022-10-25,271152592.740878,-0.015605182473540376,-0.20028743434451857
2022-10-26,266192117.4942347,-0.018294035828688028,-0.21491740467327203
2022-10-27,270110551.14229846,0.014720321867339351,-0.2033607361776164
2022-10-28,271636848.8456641,0.0056506408095163465,-0.19885921384299865
2022-10-31,270740375.9291469,-0.0033002625392203216,-0.20150318876819406
2022-11-01,274683329.6544863,0.014563596995120111,-0.18987420300752555
2022-11-02,272199258.8414141,-0.009043398506188282,-0.1972004934298719
2022-11-03,268966389.388766,-0.011876848843778829,-0.20673522182126547
2022-11-04,263780120.83622676,-0.019282217991345225,-0.22203112619896404
2022-11-07,256981075.49975917,-0.02577542733286152,-0.24208360637285076
2022-11-08,257209621.71521223,0.0008893503734023895,-0.24140955314517065
2022-11-09,259157989.56713042,0.007575019312751307,-0.23566321585977668
2022-11-10,249292284.98695108,-0.038068301875076066,-0.2647602192926515
2022-11-11,247795396.68182516,-0.006004551264810601,-0.2691750042478369
2022-11-14,241754199.8064546,-0.024379778463469982,-0.28699235573984105
2022-11-15,230558581.04375094,-0.04630992459145169,-0.3200116859786576
2022-11-16,239147969.09955782,0.0372546882311743,-0.2946789333389507
2022-11-17,244688968.70841888,0.02316975398003204,-0.2783368177474803
2022-11-18,248843548.33284697,0.01697902298725553,-0.26608368198695886
2022-11-21,252365645.13377038,0.014153860224707685,-0.25569593300517013
2022-11-22,252717662.9884604,0.0013948723270293892,-0.2546577238592236
2022-11-23,248297784.77508545,-0.017489391762762395,-0.26769330692399873
2022-11-24,247136334.1804028,-0.004677651859579559,-0.2711187826886482
2022-11-25,255187260.61081448,0.03257686271471009,-0.24737411933696551
2022-11-28,256056697.41710427,0.003407054114726237,-0.24480988223340305
2022-11-29,263130052.86534014,0.027624176674878015,-0.2239483769970967
2022-11-30,269673379.635759,0.02486727266294997,-0.20465008968735865
2022-12-01,278366804.44098437,0.03223686674957447,-0.179010500609324
2022-12-02,287366487.90972435,0.03233030420711669,-0.15246766034317494
2022-12-05,293223669.62330663,0.020382271280784486,-0.13519302627705154
2022-12-06,281387391.64772135,-0.040366038631161325,-0.17010185798684985
2022-12-07,281512514.88559735,0.0004446654028928352,-0.16973283099517156
2022-12-08,293164368.8086032,0.04139018092229763,-0.1353679226562179
2022-12-09,298373419.30897284,0.017768361556142642,-0.12000482729293482
2022-12-12,286055360.4950435,-0.04128403542935463,-0.15633457918063431
2022-12-13,293014937.04510766,0.024329474329794057,-0.13580864298187467
2022-12-14,291269370.34675884,-0.005957261824096367,-0.14095685716175277
2022-12-15,290578530.4454652,-0.0023718247492731013,-0.14299435694862994
2022-12-16,293238209.1409395,0.009153046136605149,-0.13515014475844978
2022-12-19,284541231.87803656,-0.02965840395895637,-0.16080021112904863
2022-12-20,276005916.4239446,-0.029996761445632857,-0.185973487001036
2022-12-21,269997376.6031387,-0.021769605154321404,-0.20369452277417255
2022-12-22,275534291.0830255,0.020507289920914232,-0.18736445548709046
2022-12-23,276832003.46546835,0.004709803550556247,-0.18353710171423543
2022-12-26,263520525.19990972,-0.048085041104068325,-0.22279675373825314
2022-12-27,271165859.709774,0.02901229232168713,-0.20024830596434318
2022-12-28,276310488.96734625,0.018972260236146527,-0.18507520870079963
2022-12-29,274335616.9380619,-0.007147293020489512,-0.19089971497387626
2022-12-30,278684836.0673528,0.015853643715073362,-0.17807252732530776
2023-01-03,290471215.1456553,0.04229286115680137,-0.14331086284251637
2023-01-04,290659555.7318605,0.0006483967305015117,-0.14275538840692736
2023-01-05,287115155.05042666,-0.012194337366646359,-0.15320891840643303
2023-01-06,283335553.5703597,-0.013164061226246087,-0.1643561280503698
2023-01-09,281041649.6673702,-0.008096067980469206,-0.1711215576451366
2023-01-10,284337343.8812162,0.011726711032854673,-0.16140153967027837
2023-01-11,287875579.1067253,0.012443793619269259,-0.15096619350049834
2023-01-12,287859758.51203334,-5.495636254045352e-05,-0.15101285331017744
2023-01-13,285789345.59993255,-0.0071924360765217655,-0.1571191390925326
2023-01-16,290322697.2392925,0.015862563490054125,-0.14374888792183638
2023-01-17,294644179.8098712,0.014885100654106975,-0.1310035039333619
2023-01-18,296283342.1367847,0.005563192620913805,-0.12616910903884404
2023-01-19,299073072.48511213,0.009415751584979514,-0.1179413344422725
2023-01-27,302308262.6985312,0.010817390501045953,-0.10839976141210306
2023-01-30,303120741.504353,0.0026875838542064563,-0.10600351100646754
2023-01-31,305144453.2446762,0.0066762562346599575,-0.10003496137306045
2023-02-01,298849624.64116955,-0.020629012051741922,-0.11860035100104194
2023-02-02,294161036.45747405,-0.01568878725989738,-0.13242844258513486
2023-02-03,291491444.27068293,-0.00907527461468221,-0.14030189271656224
2023-02-06,292772730.42704034,0.00439562183227439,-0.1365229849470222
2023-02-07,283290170.4900531,-0.03238880862693699,-0.16448997674133192
2023-02-08,280593428.5480151,-0.009519362911085147,-0.17244349986858032
2023-02-09,279367670.5799607,-0.004368448592674943,-0.17605863789693843
2023-02-10,272574428.7848574,-0.024316492244792324,-0.19609400163868118
2023-02-13,262872956.08621842,-0.03559201331499931,-0.2247066346363651
2023-02-14,262122943.56666273,-0.0028531368563820426,-0.2269186527115925
2023-02-15,261429355.24753332,-0.002646042004915205,-0.228964258429734
2023-02-16,266302145.96816337,0.01863903430437744,-0.21459289679270477
2023-02-17,267662929.18065703,0.005109922068207219,-0.21057952770349908
2023-02-20,272750169.88178897,0.019006145963897547,-0.19557568698014283
2023-02-21,277588422.8120258,0.0177387714637675,-0.18130618793158548
2023-02-22,269424238.90346825,-0.02941111097448781,-0.205384882492456
2023-02-23,271320967.4291313,0.007039932759511867,-0.1997908454955113
2023-02-24,265028369.3105318,-0.02319245054381266,-0.21834965673606288
2023-02-27,263394741.6912372,-0.006163972647699742,-0.2231677280720068
2023-02-28,263300136.05187482,-0.00035917816261228045,-0.2234467492600959
2023-03-01,269620576.0362658,0.024004696993949654,-0.20480582377641787
2023-03-02,270303815.04516405,0.002534075918621129,-0.2027907413638219
2023-03-03,269075362.0056387,-0.004544712176260155,-0.2064138279885731
2023-03-06,267872212.9842652,-0.004471420246006386,-0.20996228526505567
2023-03-07,269617104.09678984,0.006513893669990786,-0.2048160635959898
2023-03-08,271633197.1412842,0.007477615529060179,-0.1988699838446759
2023-03-09,271467443.85816276,-0.0006102099627949878,-0.19935884136202797
2023-03-10,271931033.4542099,0.0017077171002847062,-0.19799157276423018
2023-03-13,270002805.4588115,-0.0070908714276007555,-0.20367851140561133
2023-03-14,266199952.71669033,-0.01408449343946283,-0.21489429618742228
2023-03-15,269619506.14471436,0.01284580779645504,-0.20480897921634533
2023-03-16,270181082.8017299,0.002082848771016382,-0.20315271657598288
2023-03-17,275407416.34512615,0.01934381744717314,-0.1877386481921528
2023-03-20,266490861.82579806,-0.03237586931266342,-0.214036315566011
2023-03-21,267520056.0999032,0.003862024637745004,-0.2110009044523541
2023-03-22,269964043.46255314,0.009135716395548527,-0.20379283247908653
2023-03-23,271832617.6628624,0.006921566947742311,-0.19828183126481824
2023-03-24,274359832.43856716,0.009296951916341008,-0.19082829599963025
2023-03-27,277434666.81566775,0.011207305201241816,-0.1817596617526892
2023-03-28,275374586.7282283,-0.00742546023928664,-0.18783547285052504
2023-03-29,273344379.574828,-0.0073725290976247105,-0.1938231794589932
2023-03-30,267407970.874263,-0.021717690737957714,-0.2113314783276128
2023-03-31,269732322.50886583,0.008692155387154748,-0.20447624898827876
2023-04-03,279279302.4812994,0.035394274900516484,-0.1763192626550799
2023-04-04,287684575.5960825,0.030096298007425477,-0.15152952172097123
2023-04-05,292168669.55694103,0.015586841774771832,-0.1383045466254711
2023-04-06,290901655.6074885,-0.004336583903311337,-0.1420413612581316
2023-04-07,295837160.56736016,0.016966231936923353,-0.12748503600095007
2023-04-10,295883050.1681544,0.00015511777055407134,-0.1273496934249594
2023-04-11,302084626.2388235,0.02095955164428856,-0.10905933425689562
2023-04-12,300329683.80953234,-0.0058094397293283586,-0.1142352003569379
2023-04-13,297626857.39303106,-0.008999531389029808,-0.12220666847462336
2023-04-14,298302940.7170703,0.002271580360593665,-0.12021269038207016
2023-04-17,303001489.74826384,0.01575093098277553,-0.1063552211887564
2023-04-18,309048601.6859871,0.019957367017394107,-0.08852042435484242
2023-04-19,313271546.6094173,0.013664339202288264,-0.07606565825726919
2023-04-20,310338232.8682617,-0.009363486000893786,-0.08471690453192227
2023-04-21,306898846.70616156,-0.011082702025825328,-0.09486071434827004
2023-04-24,301475293.71466434,-0.017672119167948412,-0.11085644366789915
2023-04-25,297197162.2894101,-0.014190653477904313,-0.12347397176791941
2023-04-26,297531257.7894112,0.0011241544078934751,-0.12248862116964898
2023-04-27,300407346.7413283,0.009666510245968075,-0.11400614843523182
2023-04-28,302968702.10791135,0.008526274055436317,-0.10645192204535903
2023-05-04,295945127.4574692,-0.023182508957444944,-0.12716660836645022
2023-05-05,301941041.4909762,0.020260222173682087,-0.10948280993134607
2023-05-08,300731548.77781284,-0.004005724783854939,-0.1130499767100529
2023-05-09,299869252.2245151,-0.0028673298721140893,-0.11559315500690448
2023-05-10,302610613.6014646,0.009141855514072728,-0.10750803541432064
2023-05-11,307484419.0091506,0.016105864066303873,-0.09313368115243525
2023-05-12,310826545.99804187,0.010869256398945482,-0.0832767186133132
2023-05-15,307014101.6824964,-0.012265504232606495,-0.09452079190129059
2023-05-16,311384354.7003858,0.014234697995758345,-0.08163156883256695
2023-05-17,306646980.12361085,-0.01521391330445378,-0.09560354652589553
2023-05-18,305530662.3967416,-0.003640400197057974,-0.09889591155334121
2023-05-19,306354757.1697221,0.0026972571803949986,-0.09646540208049514
2023-05-22,308942631.4774238,0.008447312297709847,-0.08883296316008338
2023-05-23,310351614.61264783,0.004560662698074438,-0.08467743764345259
2023-05-24,314425144.909948,0.013125532800544194,-0.07266334132816354
2023-05-25,315356569.6388279,0.00296230992959132,-0.06991628273610595
2023-05-26,312464846.9288987,-0.009169692304939341,-0.07844486424125008
2023-05-29,317539870.02014875,0.016241900940635677,-0.06347705701492234
2023-05-30,325920999.1267897,0.026393942612967403,-0.03875852420204684
2023-05-31,322697455.2055585,-0.009890568358184212,-0.048265748727148394
2023-06-01,326431138.01788116,0.011570227010139631,-0.037253967386596254
2023-06-02,325937297.2309749,-0.0015128482837295715,-0.038710456069702914
2023-06-05,322186179.75754595,-0.011508708899830944,-0.0497736575992479
2023-06-06,328893244.7703819,0.020817357895001058,-0.029992455748233615
2023-06-07,329029922.62204933,0.00041556904509494055,-0.0295893506393341
2023-06-08,325465032.8632553,-0.010834545777433542,-0.04010330924274119
2023-06-09,332149843.36748886,0.02053925868909602,-0.02038774279647071
2023-06-12,334684886.7448859,0.007632228128412216,-0.012911118572104474
2023-06-13,332236419.1602138,-0.007315739914298675,-0.02013240410092698
2023-06-14,325992925.03366566,-0.01879232307622898,-0.03854639253499015
2023-06-15,326898180.3329437,0.0027769170118785067,-0.03587651565628858
2023-06-16,327558271.4956904,0.0020192561551564125,-0.03392970337619672
2023-06-19,327354552.30051565,-0.0006219326846625943,-0.034530534069348806
2023-06-20,331959963.5043026,0.014068572351971275,-0.02094775703428431
2023-06-21,342668257.1248783,0.032257786473810335,0.0
2023-06-22,343445047.9798826,0.002266888860736305,0.0
2023-06-23,349821599.42084146,0.018566438731509576,0.0
2023-06-26,341969393.8027973,-0.022446314438685642,-0.02244631443868561
2023-06-27,338030082.1998216,-0.01151948587904156,-0.03370723031551426
2023-06-28,337974986.84696233,-0.00016298949638065004,-0.033864725887401415
2023-06-29,327233612.7991892,-0.0317815651033279,-0.06457001700023246
2023-06-30,331071642.36441946,0.011728714334690008,-0.05359862594952425
2023-07-03,332914585.21464133,0.005566598326151098,-0.0483303896448678
2023-07-04,343469327.7481885,0.03170405564160598,-0.018158603365743153
2023-07-05,340767038.2619722,-0.007867629706363377,-0.025883367904840138
2023-07-06,337568273.81476927,-0.009386953807262897,-0.035027355733203924
2023-07-07,340773985.03451097,0.009496482544152661,-0.02586350986133945
2023-07-10,346295927.28178424,0.016204119122279967,-0.010078486133772935
2023-07-11,350273776.11413527,0.011486848440796752,0.0
2023-07-12,348024213.33990574,-0.006422298577945829,-0.006422298577945851
2023-07-13,354178868.61235476,0.01768456054647535,0.0
2023-07-14,362023506.08010566,0.022148801532077805,0.0
2023-07-17,360960338.61116016,-0.0029367360160040385,-0.0029367360160040823
2023-07-18,359664085.39013994,-0.0035911236841358178,-0.0065173135178787645
2023-07-19,362604698.4003271,0.008175998465338471,0.0
2023-07-20,364070762.8387171,0.0040431479372929555,0.0
2023-07-21,370194754.004215,0.01682088151695614,0.0
2023-07-24,366312076.54038525,-0.010488202282265588,-0.010488202282265546
2023-07-25,364970275.54310995,-0.0036629996202906016,-0.01411278362157875
2023-07-26,367504654.8957375,0.006944070579052449,-0.007266713208061382
2023-07-27,365186106.07518494,-0.006308896471557262,-0.013529764738300476
2023-07-28,377000466.3359505,0.03235161487313868,0.0
2023-07-31,378865562.38316727,0.004947198249762268,0.0
2023-08-01,367344104.2876891,-0.030410412661961348,-0.030410412661961317
2023-08-02,375958990.2215653,0.023451814887790835,-0.007671777142580161
2023-08-03,378845216.9522025,0.007676972238212051,-5.3700924509403336e-05
2023-08-04,381659270.1066571,0.007427975934587628,0.0
2023-08-07,384219297.97094077,0.006707626578985662,0.0
2023-08-08,375430755.6926471,-0.02287376590584048,-0.02287376590584045
2023-08-09,374273443.62460893,-0.003082624559895192,-0.02588587923317709
2023-08-10,370115113.74504197,-0.011110405908835238,-0.03670868251642456
2023-08-11,370809778.9914067,0.0018768897042211598,-0.03490069096047399
2023-08-14,384558999.9672993,0.03707890609921383,0.0
2023-08-15,382717114.8672885,-0.004789603416296162,-0.004789603416296195
2023-08-16,391988883.4814222,0.024226166674957316,0.0
2023-08-17,390629451.7588568,-0.003468036415960865,-0.003468036415960829
2023-08-18,370210245.88302946,-0.05227257131761916,-0.05555932455269463
2023-08-21,370532664.24403465,0.0008709060988740365,-0.05473680540842285
2023-08-22,383027921.6328655,0.03372241800685459,-0.022860244833910914
2023-08-23,381159209.1663704,-0.0048787891455241445,-0.02762750366507538
2023-08-24,395157606.79367006,0.036725854421608826,0.0
2023-08-25,398624032.00770116,0.008772259864001758,0.0
2023-08-28,404061640.0159373,0.013640943775640499,0.0
2023-08-29,404198505.7571603,0.0003387249064711495,0.0
2023-08-30,412209922.40393543,0.01982050040429474,0.0
2023-08-31,415750980.2249689,0.008590423540468541,0.0
2023-09-05,414780549.0538533,-0.0023341644813213006,-0.002334164481321288
2023-09-06,419482573.80496883,0.011336174663544965,0.0
2023-09-07,424839395.3553481,0.012770069330388533,0.0
2023-09-08,425274484.53589094,0.0010241262587686937,0.0
2023-09-11,422836556.6266656,-0.005732598587206321,-0.005732598587206317
2023-09-12,434530002.3777472,0.027654765340940142,0.0
2023-09-13,433283302.54965734,-0.002869076522375658,-0.0028690765223756687
2023-09-14,427089762.5173117,-0.014294435063386337,-0.017122499757720955
2023-09-15,425993972.9562741,-0.002565712543843013,-0.01964428088915371
2023-09-18,425038591.42414975,-0.0022427113827321802,-0.02184293581953023
2023-09-19,428226625.9234402,0.007500576567902981,-0.014506193864209371
2023-09-20,433108816.08304465,0.011400949553466776,-0.0032706286952012276
2023-09-21,418945653.76004803,-0.0327011637654611,-0.03586483909608451
2023-09-22,400831365.09523964,-0.043237800660377274,-0.0775519229929088
2023-09-25,383487012.51334995,-0.04327094656818729,-0.11746712444500984
2023-09-26,385148137.3318376,0.004331632530657911,-0.11364431633188077
2023-09-27,401251612.7410559,0.04181112109428121,-0.07658479150942854
2023-09-28,407574763.6518022,0.015758568214969057,-0.06203308995569001
2023-09-29,408105447.77525806,0.0013020534409467369,-0.06081180691297261
2023-10-02,410615984.5488198,0.006151686499770172,-0.05503421558481569
2023-10-03,398924239.6771718,-0.028473672023495898,-0.08194086140367918
2023-10-04,403728566.29908526,0.012043205561540505,-0.07088448647991286
2023-10-05,400825219.25722003,-0.007191334188907523,-0.07756606663773424
2023-10-06,405684249.24346614,0.012122565529311024,-0.06638380083409001
2023-10-09,408923134.076741,0.007983757908557763,-0.05893003512044159
2023-10-10,409654070.207169,0.0017874658328595424,-0.05724790471188901
2023-10-11,411711367.55612844,0.00502203566028048,-0.052513370070548016
2023-10-12,410829379.1702729,-0.00214224929248599,-0.054543122633154306
2023-10-13,416717730.9466018,0.014332840042309699,-0.04099204044295368
2023-10-16,417174673.1971785,0.0010965270173138553,-0.03994046230548032
2023-10-17,410117444.54883265,-0.01691672362145104,-0.056181524164796603
2023-10-18,409325769.6391479,-0.0019303614615947227,-0.05800343497728999
2023-10-19,404963407.5426798,-0.010657433320931269,-0.06804270055756578
2023-10-20,404898131.8061608,-0.0001611892217992549,-0.06819292202941307
2023-10-23,403685968.8786117,-0.0029937478894800865,-0.07098251750249007
2023-10-24,407650304.2774892,0.009820344784065498,-0.06185924551393995
2023-10-25,406400912.4175372,-0.0030648618358481757,-0.06473451730901814
2023-10-26,388827020.27533674,-0.04324274775285202,-0.10517796665897361
2023-10-27,389139373.7938968,0.0008033225631769821,-0.10445913592956291
2023-10-30,385414239.30131257,-0.009572751418768545,-0.11303192600665835
2023-10-31,379831993.58325636,-0.014483755784881794,-0.12587855497936495
2023-11-01,380240910.3954805,0.0010765728509768574,-0.124937499563199
2023-11-02,392712844.12430996,0.032800083809650174,-0.09623537621018996
2023-11-03,397701182.3574686,0.012702253842198325,-0.08475552854521284
2023-11-06,401361889.3018841,0.009204666988204048,-0.07633100797267678
2023-11-07,396789474.8011736,-0.01139224879737236,-0.08685367493627016
2023-11-08,408413670.34097606,0.029295624702815454,-0.060102482898447995
2023-11-09,425985087.9418843,0.04302357848658251,-0.01966472830208532
2023-11-10,426298364.9542255,0.000735417790924974,-0.01894377230220745
2023-11-13,420563596.10695577,-0.01345247675975838,-0.0321414084053282
2023-11-14,424077765.2796083,0.008355856772155895,-0.02405412063826262
2023-11-15,427200535.8280257,0.007363674316568908,-0.016867573032045335
2023-11-16,424767920.1359395,-0.005694317979660719,-0.022465841687316468
2023-11-17,412732836.1011407,-0.02833331676965432,-0.05016262664794713
2023-11-20,411675068.9761167,-0.0025628373429555625,-0.05259690533810857
2023-11-21,412696800.02381784,0.002481887111216822,-0.05024555780834028
2023-11-22,408164472.2615958,-0.010982221722970663,-0.06067597167486538
2023-11-23,399453957.07911277,-0.021340699091763136,-0.08072180311301491
2023-11-24,405759659.6927756,0.015785805852998422,-0.06621025597206254
2023-11-27,405825154.6191607,0.00016141310458189635,-0.06605953007045218
2023-11-28,407593262.60362893,0.004356822055861645,-0.061990517632201425
2023-11-29,409100429.21469176,0.003697722090486306,-0.05852201924816436
2023-11-30,405874822.7256534,-0.007884632375551927,-0.06594522701606953
2023-12-01,408890462.2560278,0.007429974370232854,-0.059005223992405265
2023-12-04,417699091.6144033,0.021542760644927793,-0.038733598764746247
2023-12-05,414944738.8830292,-0.006594107544568833,-0.045072292793472135
2023-12-06,421314088.03406805,0.015349873258266113,-0.030414273517045287
2023-12-07,419569176.62505555,-0.004141592836723277,-0.03442990281643621
2023-12-08,417322097.5369734,-0.005355682002565736,-0.03960118920813782
2023-12-11,426910959.05283874,0.022977123839016896,-0.017533986797728662
2023-12-12,428254767.98984575,0.003147749919534595,-0.014441429483725732
2023-12-13,431146223.1276515,0.006751717327930179,-0.007787216605480984
2023-12-14,429618636.0557028,-0.0035430835062572894,-0.011302709353023688
2023-12-15,425767637.76134235,-0.008963759881824941,-0.020165154462194024
2023-12-18,425239967.3352402,-0.0012393389710796646,-0.021379501971490855
2023-12-19,418820918.6042163,-0.015095120929598362,-0.03615189673341501
2023-12-20,420702623.9609981,0.004492863830806031,-0.031821458451857576
2023-12-21,428489868.56265914,0.018510092778463286,-0.013900383821684237
2023-12-22,428736870.623244,0.0005764478432439843,-0.013331948824714446
2023-12-25,432565138.07570285,0.008929177112511464,-0.004521815044513877
2023-12-26,432649500.1795732,0.00019502751480533808,-0.004327669408059065
2023-12-27,432987935.2491131,0.000782238438734901,-0.003548816238685304
2023-12-28,429917389.26749504,-0.0070915278040055655,-0.010615177513662921
2023-12-29,425969819.72858965,-0.009182158334258958,-0.019699865607245126
2024-01-02,427855075.6534531,0.004425796940413912,-0.015361256271762325
2024-01-03,434434333.8683628,0.015377305516035599,-0.0002201654865277014
2024-01-04,429861889.71238315,-0.01052505246365984,-0.010742900696891211
2024-01-05,428116978.30337065,-0.0040592372824211085,-0.014758529996282133
2024-01-08,426724689.58437324,-0.003252122175847977,-0.017962655629446322
2024-01-09,430930284.9743552,0.009855523930612509,-0.008284163081247131
2024-01-10,426007413.09735847,-0.011423824336898756,-0.01961335059432745
2024-01-11,435287027.4153875,0.021782753146383185,0.0
2024-01-12,430283973.9169358,-0.011493688493678392,-0.011493688493678378
2024-01-15,423224403.2290083,-0.016406771146187982,-0.027711885323124963
2024-01-16,428550217.0992033,0.012583900714517999,-0.015476708222125324
2024-01-17,428392921.56750625,-0.00036704107341666134,-0.015838068707943243
2024-01-18,428505954.5636535,0.00026385355699548645,-0.015578394081712243
2024-01-19,431348071.64837116,0.0066326198141441264,-0.009049099832826979
2024-01-22,436074371.42047614,0.010957043934481273,0.0
2024-01-23,441692901.6558678,0.012884339469640876,0.0
2024-01-24,437220467.20410645,-0.010125665218966847,-0.01012566521896685
2024-01-25,440408232.45884365,0.007290979022830288,-0.0029085122088402526
2024-01-26,440813033.9094521,0.0009191505080374745,-0.0019920350612772086
2024-01-29,441919402.13252485,0.0025098355492365674,0.0
2024-01-30,444418312.1579007,0.005654673710448355,0.0
2024-01-31,437515498.91689295,-0.015532243051576132,-0.015532243051576078
2024-02-01,440068961.3292408,0.005836278757367837,-0.009786614794384474
2024-02-02,437429807.1509591,-0.005997137744752741,-0.01572506086216041
2024-02-05,432799242.1690425,-0.010585846931822178,-0.026144444706702186
2024-02-06,433599931.16163963,0.0018500240171039173,-0.02434278854021954
2024-02-07,431237311.2257065,-0.005448847580772248,-0.0296589959765452
2024-02-15,432400568.70091987,0.0026974880070256913,-0.027041512755466623
2024-02-16,426932146.1145007,-0.01264665909864131,-0.03934618706077797
2024-02-19,430526118.6651223,0.008418135254817955,-0.03125927333039902
2024-02-20,435254129.7926133,0.010981937964996413,-0.020620622765947894
2024-02-21,436806722.1826071,0.0035670939888233907,-0.0171270844766388
2024-02-22,435926544.4089684,-0.0020150279950837545,-0.0191076009170279
2024-02-23,430675214.3082511,-0.012046364618234223,-0.030923788407635877
2024-02-26,445023669.22219175,0.033316184533598255,0.0
2024-02-27,450719539.974212,0.012799028784189008,0.0
2024-02-28,449606061.5053049,-0.0024704464088040772,-0.0024704464088041167
2024-02-29,445777158.04463416,-0.00851612953760307,-0.01096553730477412
2024-03-01,450849049.424229,0.011377638553402574,0.0
2024-03-04,453851148.6030511,0.006658767901709065,0.0
2024-03-05,460568049.234862,0.01479978766713591,0.0
2024-03-06,454556060.9894626,-0.013053420130612801,-0.013053420130612836
2024-03-07,454425638.18045545,-0.00028692348469244424,-0.013336598282514212
2024-03-08,451457764.05091673,-0.006531044642248271,-0.019780541006003682
2024-03-11,456847018.1774075,0.01193744920484512,-0.008079221004662074
2024-03-12,470212290.448852,0.0292554657022066,0.0
2024-03-13,481799132.21965826,0.024641724612824913,0.0
2024-03-14,479878594.5122915,-0.003986179257979999,-0.003986179257979949
2024-03-15,490435333.98326576,0.021998771338620042,0.0
2024-03-18,469553691.56853354,-0.042577769112053264,-0.04257776911205324
2024-03-19,469887616.7650981,0.0007111544484914719,-0.04189689403347263
2024-03-20,474954421.24565434,0.010783013426568335,-0.03156565537779876
2024-03-21,476948258.17234445,0.004197954240453014,-0.02750021231419164
2024-03-22,480404253.578006,0.007246059392070921,-0.02045342109384396
2024-03-25,468828143.956884,-0.02409660100822218,-0.044057164174714614
2024-03-26,480653092.3475889,0.02522235182150745,-0.019946037648279735
2024-03-27,477432568.5873724,-0.006700308000697355,-0.026512701053340137
2024-03-28,482565580.57949615,0.010751281604669911,-0.016046464963795026
2024-03-29,481631110.66589594,-0.0019364620089108596,-0.017951853602926282
2024-04-01,480382159.90043867,-0.002593168792046037,-0.02049847020844975
2024-04-02,492756364.6127,0.02575908463134003,0.0
2024-04-03,484235025.9855849,-0.01729320865051176,-0.01729320865051176
2024-04-04,481778011.0112043,-0.00507401332520245,-0.02227947600458602
2024-04-05,468503477.97946364,-0.02755321481750223,-0.04921881963371244
2024-04-08,468815015.04760766,0.0006649621246945776,-0.04858658615989653
2024-04-09,475569262.1624251,0.014407062269819908,-0.03487951386236021
2024-04-10,470396655.84941465,-0.010876662401372382,-0.045376803566727686
2024-04-11,480404206.9277843,0.02127470710925576,-0.025067474662908262
2024-04-12,488329335.4133665,0.01649679243290536,-0.008984215156334074
2024-04-15,462487286.3081944,-0.05291930513102808,-0.06142808186414128
2024-04-16,465235578.686033,0.0059424171414026545,-0.05585069600937154
2024-04-17,449762543.8003901,-0.033258494394051825,-0.08725168034329189
2024-04-19,429191661.37178993,-0.045737206693071776,-0.12899823889818463
2024-04-22,441538990.1109066,0.028768799234477015,-0.10394056410017061
2024-04-23,426888640.25706685,-0.033180195140093634,-0.13367199104044913
2024-04-24,443310917.23306453,0.03846969777904702,-0.1003446143582517
2024-04-25,441681343.9294077,-0.0036759151203129316,-0.10365167119340313
2024-04-26,441170977.7729556,-0.0011555076153130191,-0.10468740851331226
2024-05-02,446543406.8179489,0.012177657451796728,-0.09378459846190701
2024-05-03,446201075.2938086,-0.0007666254140437088,-0.09447932621932398
2024-05-06,460057753.55909926,0.031054784563588324,-0.0663585767771897
2024-05-07,466925463.36921805,0.014927929715321198,-0.05242124323200714
2024-05-08,467950266.55446106,0.002194789673384453,-0.05034150716193431
2024-05-09,467002058.8413047,-0.002026300188133322,-0.05226580034463446
2024-05-10,467673990.8387512,0.0014388202037345008,-0.050902181230400134
2024-05-13,459156447.6964009,-0.01821256539640895,-0.0681876873223306
2024-05-14,461520835.1415529,0.005149415753637423,-0.0633893983199949
2024-05-15,464761801.4076493,0.007022361764236099,-0.056812179842778976
2024-05-16,464718650.4489788,-9.284532106512044e-05,-0.05689975041876627
2024-05-17,468267409.0123389,0.007636359246463493,-0.049697898107534555
2024-05-20,464880036.54882073,-0.007233842027705339,-0.05657223339122097
2024-05-21,474490872.8286284,0.020673798666762874,-0.03706799768771729
2024-05-22,467521842.0630317,-0.01468738634328536,-0.0512109520279912
2024-05-23,471163378.0067462,0.007789017787159439,-0.043820817257075095
2024-05-24,454569913.3767489,-0.03521806957959213,-0.07749560224547303
2024-05-27,460328738.57504225,0.012668733738918608,-0.06580863965733941
2024-05-28,468332902.9987633,0.0173879311739218,-0.049564984580428906
2024-05-29,467243986.49721825,-0.0023250907518405704,-0.05177483224500634
2024-05-30,468690867.2082436,0.003096627785136773,-0.048838531843970245
2024-05-31,464957465.26969814,-0.007965595661770557,-0.056415099508357214
2024-06-03,468913687.2123349,0.008508782497646156,-0.048386340822010765
2024-06-04,471343248.03036916,0.005181253787830105,-0.04345578894584401
2024-06-05,471352346.0015012,1.9302220133752358e-05,-0.04343732551891455
2024-06-06,467346054.34129024,-0.008499568728566819,-0.05156769571384823
2024-06-07,472125986.30448306,0.010227821373029428,-0.04186729952119872
2024-06-10,475907097.35984474,0.008008690826272752,-0.03419391095252222
2024-06-11,471898394.2201074,-0.008423289255352902,-0.04232917500515021
2024-06-12,475729938.92275083,0.008119427295309482,-0.03455343636876551
2024-06-13,473018713.1068934,-0.0056990859604017065,-0.04005559932507441
2024-06-14,454017648.95362043,-0.040169793766656116,-0.07861636792764248
2024-06-17,451132059.8359368,-0.006355676093945023,-0.08447238385135691
2024-06-18,456815989.6151711,0.012599259253047466,-0.07293741406217569
2024-06-19,463203969.0328504,0.013983703641942664,-0.05997364560288809
2024-06-20,472632630.28952897,0.02035531188639254,-0.0408391159777064
2024-06-21,471550745.3056309,-0.0022890611323964113,-0.043034693877036734
2024-06-24,449474046.4834969,-0.04681722813909503,-0.0878371569349945
2024-06-25,451807356.3342482,0.005191200401905634,-0.08310193681747202
2024-06-26,452690701.23427415,0.001955136160670352,-0.08130927625849527
2024-06-27,451770336.25055075,-0.0020330989375615637,-0.08317706539288172
2024-06-28,437886030.5344801,-0.030733106186879983,-0.11135388199672924
2024-07-01,438800622.6942347,0.0020886534302962125,-0.10949780823404232
2024-07-02,446921375.6894448,0.01850670344392095,-0.09301754825486808
2024-07-03,454424911.15748733,0.016789385955118388,-0.07778986981799951
2024-07-04,460152147.13824475,0.012603261485311842,-0.06616701440291228
2024-07-05,462870180.66020274,0.005906814819537086,-0.060651035884614846
2024-07-08,453092440.99284947,-0.021124151167843757,-0.08049398540194574
2024-07-09,458643642.63521564,0.012251808108301189,-0.06922837415666161
2024-07-10,452831146.11671025,-0.012673230321276666,-0.08102425734748331
2024-07-11,455016182.87831557,0.004825279312925535,-0.07658994270738173
2024-07-12,454348615.55677265,-0.0014671287454438636,-0.07794470414626775
2024-07-15,451869275.1739772,-0.005456911934808459,-0.08297627869476532
2024-07-16,452240198.63832766,0.0008208645392135817,-0.08222352644032815
2024-07-17,453715630.37867343,0.0032624957816404345,-0.07922928456685097
2024-07-18,462026888.911229,0.018318210738340578,-0.062362412559853864
2024-07-19,459507599.8920804,-0.00545268918240953,-0.06747505888990935
2024-07-22,461685555.687535,0.00473976011706025,-0.06305511436587175
2024-07-23,458245814.877886,-0.007450397282900874,-0.07003572599602814
2024-07-24,463309383.5015397,0.011049896058522775,-0.05975971743014463
2024-07-25,461981188.7497562,-0.0028667555613603847,-0.062455156489216845
2024-07-26,458772811.76935935,-0.00694482169085626,-0.06896623825458092
2024-07-29,458342218.7273396,-0.0009385757633697757,-0.06984008397823416
2024-07-30,455491359.016422,-0.006219936969440692,-0.07562562002738982
2024-07-31,459228613.17418176,0.008204884865060734,-0.06804123466750267
2024-08-01,446552360.30492634,-0.027603360299432,-0.09376642825118942
2024-08-02,446237362.0397498,-0.000705400515544111,-0.09440568587990439
2024-08-05,427487157.328988,-0.04201845543603666,-0.13245736021088783
2024-08-06,436952987.90056664,0.022142958938749718,-0.11324739916042292
2024-08-07,444189350.51855725,0.016560963807020185,-0.09856192143213771
2024-08-08,439849035.95201844,-0.009771316132347217,-0.1073701578715599
2024-08-09,443464148.47177666,0.00821898475219708,-0.10003364680975024
2024-08-12,446146429.73750097,0.006048473760432991,-0.0945902239372064
2024-08-13,449061774.41420025,0.006534501863916251,-0.08867382206791607
2024-08-14,431830750.88577956,-0.0383711651941395,-0.12364246938709189
2024-08-15,427727471.62620836,-0.009502054337618313,-0.13196966626215667
2024-08-16,448412527.5152422,0.048360363224718365,-0.08999140403252115
2024-08-19,452398521.4549705,0.008889122616211408,-0.08190222604115982
2024-08-20,457276117.10634124,0.010781634819857066,-0.0720036311134119
2024-08-21,465659338.4295962,0.018332952475856933,-0.05499071778484632
2024-08-22,468497457.54240024,0.006094839893849042,-0.049231037511543674
2024-08-23,467183808.683217,-0.002803961554187011,-0.05189695712927567
2024-08-26,464302671.0985428,-0.0061670321854578455,-0.05774393910978992
2024-08-27,459532971.0720424,-0.01027282486920712,-0.06742357060526394
2024-08-28,459532086.039062,-1.9259401089714044e-06,-0.06742536669161403
2024-08-29,459063884.7827585,-0.0010188652120882585,-0.06837553454316792
2024-08-30,458873857.8979676,-0.0004139443138307934,-0.06876117519326941
2024-09-04,460510515.23031867,0.003566682442639837,-0.0654397420269267
2024-09-05,460531429.5054257,4.541541271118659e-05,-0.06539729858710741
2024-09-06,460951970.66210383,0.000913164943226064,-0.06454385216433278
2024-09-09,459629048.53605866,-0.0028699782412144673,-0.0672285909542314
2024-09-10,456786214.67733943,-0.006185061339734285,-0.07299783933512993
2024-09-11,456775193.0167252,-2.4128706734369103e-05,-0.0730202066984067
2024-09-12,454948927.9126072,-0.003998170504962426,-0.07672642996668133
2024-09-13,455634144.63134086,0.001506139869100415,-0.07533585083276739
2024-09-16,455010545.6236921,-0.0013686397628371939,-0.07660138295458774
2024-09-17,458194705.645018,0.0069979916992062114,-0.07013944709744546
2024-09-18,460719242.69839597,0.005509747324173246,-0.06501615040423636
2024-09-19,464403469.1845896,0.007996684628615544,-0.057539379426170045
2024-09-20,462954959.79995227,-0.0031190752885216,-0.0604789850582067
2024-09-23,459947488.2357124,-0.006496250878356331,-0.06658234927675655
2024-09-24,461650265.98998487,0.003702113388648025,-0.06312673129481361
2024-09-25,463039081.69396424,0.0030083719349779433,-0.060308268046609936
2024-09-26,463008890.3640653,-6.520255220898988e-05,-0.060369538345822926
2024-09-27,462363972.79053146,-0.0013928837803238129,-0.06167833437535919
2024-09-30,461756564.5431296,-0.0013137015060578968,-0.06291100896065704
2024-10-01,462109709.9306872,0.0007647869346632347,-0.06219433554369336
2024-10-02,457544091.02910393,-0.009879945829894076,-0.07145980470748958
2024-10-03,453825095.530818,-0.008128168566052769,-0.0790071359351826
2024-10-04,453952999.05497766,0.0002818344014450481,-0.07874756846260378
2024-10-07,455635982.0183993,0.003707394745546816,-0.07533212203859974
2024-10-08,452627500.2767066,-0.006602818610517978,-0.08143753631175144
2024-10-09,456991247.56283045,0.009640923902008085,-0.072581745500092
2024-10-10,461626077.3136698,0.010142053651043115,-0.06317581980599718
2024-10-11,460251750.8935815,-0.00297714208020023,-0.06596487849460186
2024-10-14,458604870.70165753,-0.0035782160279163484,-0.0693070579370092
2024-10-15,457333596.05981255,-0.0027720478413148114,-0.07188698329798193
2024-10-16,455777628.15655565,-0.0034022602246203564,-0.07504466529865961
2024-10-17,459516226.5134622,0.008202680706439494,-0.06745755202038661
2024-10-18,458407477.38579726,-0.002412861752625054,-0.06970764802581597
2024-10-21,454318872.81947076,-0.008919148940682561,-0.07800506407145158
2024-10-22,455336401.503783,0.00223967954048995,-0.07594009087701703
2024-10-23,460311000.0854989,0.010925106284687437,-0.06584463815642982
2024-10-24,455675421.53860486,-0.010070536107181999,-0.07525208345759327
2024-10-25,454541670.92252934,-0.002488066203455444,-0.07755291749545823
2024-10-28,450433951.1337868,-0.00903705875944353,-0.08588912598252896
2024-10-29,462115379.75754714,0.025933721457623325,-0.062182829194375344
2024-10-30,460637685.83364236,-0.003197673110728454,-0.06518166194423991
2024-10-31,459955170.7333591,-0.0014816744727433198,-0.06656675841238946
2024-11-01,457437664.9772809,-0.005473372007242003,-0.0716757857875242
2024-11-04,462074850.6151648,0.010137306113859714,-0.06226507905514411
2024-11-05,467176826.30345154,0.011041448547771884,-0.05191112717408253
2024-11-06,467781581.59715784,0.00129448906635939,-0.05068383649427233
2024-11-07,475641266.074569,0.01680203921363394,-0.03473338908891266
2024-11-08,482815635.8330742,0.015083572999699438,-0.020173719699062787
2024-11-11,478969631.699716,-0.007965782066527635,-0.027978802310996476
2024-11-12,489449332.6813101,0.021879677307316766,-0.0067112921696894645
2024-11-13,485016561.1150739,-0.009056650546344622,-0.015707160888138838
2024-11-14,482257329.2704725,-0.005688943565674954,-0.02130674730194415
2024-11-15,491623599.2571889,0.019421726572585372,-0.0022988345496083307
2024-11-18,494102415.79617494,0.005042102418865484,0.0
2024-11-19,483788388.4010178,-0.02087427032417477,-0.02087427032417477
2024-11-20,473733829.55745155,-0.020782968513977436,-0.04122340953525261
2024-11-21,487665937.47880745,0.02940914718792803,-0.013026607665935108
2024-11-22,489454117.619757,0.003666813700776992,-0.009407560108622204
2024-11-25,495925585.30880773,0.013221806612889164,0.0
2024-11-26,492968963.27810967,-0.005961825963984099,-0.005961825963984091
2024-11-27,494813788.3547013,0.0037422742890830803,-0.0022418624629220174
2024-11-28,499041550.9660763,0.008544148750245442,0.0
2024-11-29,503656258.9715806,0.00924714183933355,0.0
2024-12-02,503561625.7025672,-0.00018789257023557536,-0.00018789257023554828
2024-12-03,510630062.10331,0.01403688454393425,0.0
2024-12-04,520356183.14642245,0.019047294244780834,0.0
2024-12-05,508039163.82621753,-0.02367036218485568,-0.02367036218485563
2024-12-06,511674184.5309452,0.007155000959672203,-0.016684722689331855
2024-12-09,518143665.71726036,0.012643751398647934,-0.0042519287765232505
2024-12-10,511468682.2539386,-0.012882495541234962,-0.01707964886425306
2024-12-11,507738323.22674245,-0.007293426081841872,-0.024248505789599695
2024-12-12,491462209.1970324,-0.03205610702432949,-0.055527300117157674
2024-12-13,496449773.5121633,0.010148418783368392,-0.045942395629287924
2024-12-16,496820663.99417984,0.000747085610277706,-0.04522963292168658
2024-12-17,499047497.18853927,0.004482167018692098,-0.040950192671943664
2024-12-18,500409438.84953034,0.002729082238992842,-0.038332866876455096
2024-12-19,505278711.3374337,0.009730576823446996,-0.028975290959012412
2024-12-20,509674920.7618005,0.008700563324210524,-0.020526828988628232
2024-12-23,503939757.91426027,-0.01125258986447289,-0.03154843886527392
2024-12-24,514931710.07650566,0.021812036041251485,-0.010424538509597014
2024-12-25,514498556.97411484,-0.0008411855279343163,-0.011256955066601626
2024-12-26,507745707.8273173,-0.0131251080401714,-0.02423431435532053
2024-12-27,498904605.61438525,-0.017412460758681355,-0.04122479606627627
2024-12-30,500718105.5975942,0.0036349634034259642,-0.03773968328786492
2024-12-31,501933292.8735426,0.002426889026707174,-0.035404384284400514
2025-01-02,511790139.1944938,0.019637761552976928,-0.016461885587930603
2025-01-03,510704413.6364236,-0.002121427270519525,-0.018548390165439743
2025-01-06,517109794.63803077,0.01254224719931096,-0.006238781460732978
2025-01-07,523246900.9543173,0.011868091418733209,0.0
2025-01-08,519686088.5404033,-0.00680522408717495,-0.006805224087174988
2025-01-09,515615524.6498688,-0.007832735915573872,-0.0145846564796277
2025-01-10,512780167.38404703,-0.005498975748930597,-0.020003431556270268
2025-01-13,522119822.4867479,0.018213760392386525,-0.002154008873275215
2025-01-14,518715339.1121153,-0.0065205020533749365,-0.008660465707369003
2025-01-15,522412643.417399,0.007127809853497563,-0.0015943860066762738
2025-01-16,536237859.7317544,0.026464168676923302,0.0
2025-01-17,541181414.7186971,0.009218959268216522,0.0
2025-01-20,540248510.6704967,-0.0017238286881771188,-0.0017238286881771092
2025-01-21,546959205.5172532,0.012421496245177773,0.0
2025-01-22,560830570.2204638,0.025360876210306395,0.0
2025-01-23,565704234.813983,0.008690083694266812,0.0
2025-01-24,581170297.9504414,0.027339486227364033,0.0
2025-02-03,578121928.1153435,-0.005245226478105141,-0.005245226478105103
2025-02-04,590899980.0282669,0.022102693725144524,0.0
2025-02-05,610546393.4615309,0.03324828921524788,0.0
2025-02-06,614601667.6423109,0.006642041004923972,0.0
2025-02-07,611652568.3895819,-0.004798391231253983,-0.004798391231254029
2025-02-10,597455125.4655063,-0.023211613353404215,-0.02789862618267991
2025-02-11,604460390.2564139,0.011725173142417146,-0.01650056926269028
2025-02-12,626776696.8746922,0.03691938624598978,0.0
2025-02-13,635821164.4538116,0.014430127387023215,0.0
2025-02-14,630428438.986495,-0.008481512992649641,-0.008481512992649654
2025-02-17,639090819.256103,0.013740465584855359,0.0
2025-02-18,653777315.5318284,0.022980296122576658,0.0
2025-02-19,644363901.364995,-0.014398502277760843,-0.01439850227776085
2025-02-20,636912247.2998564,-0.011564356801107711,-0.025796349661126983
2025-02-21,643820342.3877871,0.01084622743119959,-0.015229915305246755
2025-02-24,656593296.3843346,0.01983931409991707,0.0
2025-02-25,670866180.3792553,0.021737785130486846,0.0
2025-02-26,673934365.0230334,0.004573467456719273,0.0
2025-02-27,661836531.1700335,-0.01795105648394477,-0.017951056483944794
2025-02-28,677676928.9070227,0.023934003324031804,0.0
2025-03-03,672907081.762897,-0.007038526679399651,-0.007038526679399637
2025-03-04,680879986.7640545,0.011848448645049072,0.0
2025-03-05,682474071.2227843,0.0023412120927592227,0.0
2025-03-06,703969114.261338,0.03149576510656469,0.0
2025-03-07,705012644.4050231,0.0014823521693562646,0.0
2025-03-10,700120501.1998069,-0.006939085765397535,-0.006939085765397479
2025-03-11,709086919.7428069,0.012806964697697178,0.0
2025-03-12,710059888.6592505,0.0013721433710785302,0.0
2025-03-13,697231025.5072117,-0.01806729736031496,-0.018067297360314982
2025-03-14,700357987.1023276,0.0044848285298852595,-0.0136634975610892
2025-03-17,705334472.0966606,0.0071056303861441175,-0.006654954938396074
2025-03-18,700502572.4157214,-0.006850508336245082,-0.013459873450358373
2025-03-19,684171655.6348706,-0.023313143197365726,-0.03645922469055751
2025-03-20,690886444.697439,0.009814480046440073,-0.027002572977351535
2025-03-21,688175644.2421937,-0.0039236555819710745,-0.030820279763132508
2025-03-24,691656317.1607288,0.005057826366941489,-0.025918337019813498
2025-03-25,703351901.2281404,0.016909531189453004,-0.009447072758575814
2025-03-26,697916880.7940661,-0.007727313204932066,-0.01710138547343254
2025-03-27,685789528.9925252,-0.017376498742576286,-0.0341807220128334
2025-03-28,686963956.6229384,0.0017125190466796634,-0.03252673810362994
2025-03-31,681722329.621442,-0.007630133940743946,-0.039908688675987736
2025-04-01,688333061.6374524,0.009697103540207228,-0.030598583822025405
2025-04-02,689135982.7245464,0.0011664717733941567,-0.029467804432965483
2025-04-03,652503478.5320299,-0.05315714911255605,-0.08105852907125877
2025-04-04,657460757.5158424,0.007597321925340861,-0.07407703488606687
2025-04-08,623324134.4392174,-0.05192191729527282,-0.1221527305025063
2025-04-09,591341780.1684135,-0.051309346941262456,-0.16719450061459307
2025-04-10,620739008.5993071,0.04971275397202823,-0.12579344571709428
2025-04-11,652286536.8043381,0.05082253212379515,-0.08136405502921906
2025-04-14,677434676.6846058,0.03855382329899483,-0.045947127130710363
2025-04-15,691139452.7550955,0.020230402343088493,-0.026646253655985275
2025-04-16,679414725.2714913,-0.01696434407971619,-0.043158561520245886
2025-04-17,688024726.9293243,0.012672674491110654,-0.031032821430785895
2025-04-18,700990491.2562395,0.018844910392656778,-0.01277272177722355
2025-04-21,691255538.7495178,-0.013887424477435925,-0.026482766045607065
2025-04-22,681469000.7552489,-0.01415762687699075,-0.04026545980225338
2025-04-23,690829064.7828785,0.013735128108917902,-0.02708338294208401
2025-04-24,694313136.9538782,0.005043320191073112,-0.02217665292304527
2025-04-25,691190877.2268043,-0.004496904294180614,-0.026573830931465592
2025-04-28,695898821.5841715,0.006811351990432064,-0.019943482657241995
2025-04-29,692425598.4000373,-0.004990988742052563,-0.02483493370187495
2025-05-05,698656616.9617951,0.008998827565236744,-0.016059591422615482
2025-05-06,709603929.4803166,0.015669088723624273,-0.0006421418618572927
2025-05-07,705801404.4214089,-0.0053586584021491435,-0.005997359245123013
2025-05-08,708556909.0045304,0.0039040792011180592,-0.002116694209495562
2025-05-09,714302793.155386,0.008109276866593651,0.0
2025-05-12,713581802.6681812,-0.0010093625478067385,-0.0010093625478067025
2025-05-13,721008225.2706443,0.010407247739074489,0.0
2025-05-14,733800651.2515148,0.01774241337686349,0.0
2025-05-15,734873885.1859515,0.0014625687952255866,0.0
2025-05-16,745550918.3352964,0.014529068680462389,0.0
2025-05-19,754471983.3464241,0.01196573539342841,0.0
2025-05-20,754432332.6479717,-5.255423571394224e-05,-5.255423571393081e-05
2025-05-21,752065876.5317389,-0.003136737403508251,-0.0031891267903852993
2025-05-22,736401385.2924095,-0.020828615854196732,-0.023951317547754813
2025-05-23,750435666.7275387,0.01905792372940261,-0.005349856201395942
2025-05-26,765947376.2524575,0.02067027223341004,0.0
2025-05-27,781990699.462032,0.020945725133323722,0.0
2025-05-28,770810827.6014827,-0.014296681364932305,-0.01429668136493234
2025-05-29,762262807.7977498,-0.011089646768885825,-0.025227782987513714
2025-05-30,747512448.9154562,-0.01935075243262725,-0.04409035883712553
2025-06-02,758834701.2406857,0.015146573601090722,-0.029611603101259876
2025-06-03,761317798.4801915,0.003272250511799122,-0.026436249172864024
2025-06-04,755013584.1261785,-0.008280660673634565,-0.0344980002376144
2025-06-05,754907982.6198282,-0.00013986702831644766,-0.03463304213315477
2025-06-06,752061953.5957897,-0.003770034347976704,-0.03827250872271459
2025-06-09,734632823.1968839,-0.02317512581985151,-0.060560664337475756
2025-06-10,751732016.644845,0.023275836456028393,-0.038694428000234926
2025-06-11,774948157.8855882,0.030883533927904525,-0.009005914752296507
2025-06-12,769488708.8395858,-0.007044921638239974,-0.015987390426825954
2025-06-13,758213321.3242013,-0.014653090273914596,-0.03040621602557192
2025-06-16,772938628.9729621,0.019421061638752797,-0.011575675382452966
2025-06-17,766944840.8762453,-0.007754545926474257,-0.01924045720254408
2025-06-18,763049794.7112956,-0.0050786522802598304,-0.024221393890958898
2025-06-19,766592585.0234569,0.004642934624603054,-0.019690917614708314
2025-06-20,763857651.9183456,-0.003567648785733656,-0.02318831612212391
2025-06-23,780607651.4309359,0.021928168776635913,-0.0017686246550598916
2025-06-24,783929528.9614942,0.004255502139223203,0.0
2025-06-25,781480571.9622025,-0.003123950443014819,-0.0031239504430148335
2025-06-26,782873325.1894794,0.0017821981470118552,-0.0013473197946938242
2025-06-27,769965359.5572243,-0.01648793644761233,-0.017813041719156653
2025-06-30,776295600.4726014,0.008221461961636046,-0.0097380290024357
2025-07-01,773256059.7482474,-0.003915442419747819,-0.013615342730342705
2025-07-02,791507455.1864898,0.02360330088351927,0.0
2025-07-03,782421665.15411,-0.011479095961565051,-0.011479095961565045
2025-07-04,780998298.0294695,-0.0018191816357233804,-0.01327739503672043
2025-07-07,786523351.5519167,0.007074347711624272,-0.006296976234290486
2025-07-08,786774754.84449,0.00031963868851100246,-0.005979350303004671
2025-07-09,785872904.3523252,-0.0011462626204155539,-0.007118759017673448
2025-07-10,790382479.8628547,0.005738301302353809,-0.0014213072994619935
2025-07-11,786013169.2772272,-0.005528096455763681,-0.006941546631380913
2025-07-14,806192026.5119586,0.025672416218276293,0.0
2025-07-15,835983334.5476211,0.03695311669672117,0.0
2025-07-16,860377349.183255,0.029180025040611908,0.0
2025-07-17,885296034.0504423,0.028962506847538892,0.0
2025-07-18,907698723.5569863,0.02530530878360123,0.0
2025-07-21,891056351.0965409,-0.018334687521900626,-0.018334687521900594
2025-07-22,924033175.0333675,0.037008685136742527,0.0
2025-07-23,930162713.0544131,0.006633460991077754,0.0
2025-07-24,948103339.5138859,0.019287621625425525,0.0
2025-07-25,977657391.1478438,0.03117176198230777,0.0
2025-07-28,1017501935.9820496,0.040755120551408335,0.0
2025-07-29,959183925.5857066,-0.05731488888034098,-0.057314888880340975
2025-07-30,978477616.8769705,0.02011469414427752,-0.03835306619580481
2025-07-31,1007150323.4132143,0.029303385219744866,-0.010173555649153898
2025-08-01,993416998.2392477,-0.013635824617942488,-0.023670655446523692
2025-08-04,998830537.8072413,0.005449413063787621,-0.018350233561754803
2025-08-05,974813222.6946396,-0.024045435340140475,-0.041954429547309546
2025-08-06,991325908.2083164,0.016939332714457325,-0.0257257768737994
2025-08-07,1002142845.665321,0.010911585551672563,-0.0150949003373686
2025-08-08,1016419271.2482071,0.01424589882035031,-0.0010640419399277068
2025-08-11,1028079103.8373268,0.011471479259539117,0.0
2025-08-12,1046297872.154836,0.017721173642677262,0.0
2025-08-13,1071112499.4140038,0.02371659918227914,0.0
2025-08-14,1092383282.5143483,0.0198585891883266,0.0
2025-08-15,1101185811.6587875,0.00805809580331398,0.0
2025-08-18,1130070888.146906,0.026230883273556667,0.0
2025-08-19,1110041544.465592,-0.0177239710281876,-0.01772397102818757
2025-08-20,1096357957.445049,-0.012327094502693193,-0.029832580465053327
2025-08-21,1075020231.2460146,-0.019462371804880092,-0.04871433949702353
2025-08-22,1076461890.1839118,0.0013410528434671728,-0.047438615157056496
2025-08-25,1061447365.3529713,-0.013948031944145536,-0.06072497178160541
2025-08-26,1083127960.480122,0.020425501852313854,-0.041539807952898355
2025-08-27,1108477612.385221,0.02340411551545773,-0.019107894901260192
2025-08-28,1103823134.8345907,-0.004198982007958493,-0.023226643202318376
2025-08-29,1111260897.816627,0.00673818363405738,-0.01664496495536094
2025-09-03,1145072197.6897414,0.03042606820733619,0.0
2025-09-04,1145704710.4617717,0.0005523780712748854,0.0
2025-09-05,1131878052.9806585,-0.012068255768574449,-0.012068255768574399
2025-09-08,1103918147.3486764,-0.024702224376869215,-0.036472367383610926
2025-09-09,1118799303.0052412,0.013480307115437289,-0.023483718981731738
2025-09-10,1111198533.6103072,-0.006793684420894149,-0.030117862426835007
2025-09-11,1122977848.0640564,0.01060054895454005,-0.01983657934735672
2025-09-12,1130059396.116376,0.006306044295110249,-0.01365562540027443
2025-09-15,1138351187.8257089,0.007337483089675613,-0.006418340231052255
2025-09-16,1114568607.023725,-0.020892129824548612,-0.02717637725823563
2025-09-17,1104574637.5417008,-0.008966670529785932,-0.03589936616695377
2025-09-18,1102102835.604204,-0.0022377862513646416,-0.038056817310277324
2025-09-19,1089535828.091935,-0.011402753995619139,-0.049025618780251135
2025-09-22,1058970917.5772142,-0.02805314862224211,-0.0757034444325535
2025-09-23,1075935617.1888537,0.016019986318842914,-0.06089622625780933
2025-09-24,1081377198.8839245,0.005057534677853879,-0.05614667635600479
2025-09-25,1086838617.364337,0.005050428736660199,-0.051379812407080894
2025-09-26,1074284012.3376732,-0.011551489638001284,-0.06233778867445938
2025-09-29,1079359867.0957503,0.00472487228682845,-0.05790745447776102
2025-09-30,1068471901.5988778,-0.010087428510908929,-0.06741074568137684
2025-10-01,1074826385.3798554,0.005947263350087784,-0.06186439178848191
2025-10-02,1049367834.5886731,-0.023686198196730117,-0.08408525773998998
2025-10-03,1022412084.2865506,-0.02568760868555541,-0.10761291722849642
2025-10-06,1062296716.0740694,0.0390103290057948,-0.0728006035290586
2025-10-07,1049010441.515841,-0.012507121934190351,-0.08439719943802837
2025-10-08,1071113998.7988904,0.0210708648915918,-0.065104656533024
2025-10-09,1085697370.9957218,0.013615144805487322,-0.05237592105374533
2025-10-10,1090132380.3003583,0.004084940631816225,-0.04850493294997038
2025-10-13,1091854853.1245887,0.0015800583996558738,-0.04700151517704687
2025-10-14,1096175122.9563868,0.003956816988480338,-0.04323067458230334
2025-10-15,1116149985.9534106,0.018222328329392815,-0.025796109799050337
2025-10-16,1121578253.6292615,0.004863385516431347,-0.021058180709396024
2025-10-17,1110946263.3989148,-0.009479490348482712,-0.030338050237087355
2025-10-20,1057406001.4671193,-0.048193385851076416,-0.07706934272711852
2025-10-21,1053266820.9232448,-0.003914466664773524,-0.08068212401891073
2025-10-22,1060340625.6536912,0.006716061485963993,-0.07450792863867595
2025-10-23,1059576908.2022152,-0.0007202567109084898,-0.07517452051396656
2025-10-24,1055902631.7984129,-0.0034676825961000063,-0.07838152173361013
2025-10-27,1013648781.410529,-0.04001680563663068,-0.11526174924952359
2025-10-28,1047394065.0113693,0.03329090333821794,-0.08580801366416546
2025-10-29,1034232514.5077968,-0.012565996832748633,-0.09729574726898571
2025-10-30,1009029112.9203523,-0.02436918317100001,-0.11929391255302846
2025-10-31,983871762.0496927,-0.024932234906333554,-0.14125188360869434
2025-11-03,986936632.9592322,0.003115112180020736,-0.1385767868917539
2025-11-04,1000695315.8563508,0.01394079664047378,-0.12656786105642825
2025-11-05,1005238179.2520545,0.004539706865536881,-0.12260273517868558
2025-11-06,1007010899.1893198,0.0017634824998234598,-0.12105546045678028
2025-11-07,973829824.9675932,-0.032950064640252276,-0.15001673984992614
2025-11-10,952666812.2932004,-0.021731736009520015,-0.1684883516720187
2025-11-11,955075766.5871474,0.0025286430290862093,-0.16638575553887014
2025-11-12,991033268.5597998,0.037648847589487486,-0.13500113990072737
2025-11-13,1005347745.6816064,0.014443992523690817,-0.12250710283245236
2025-11-14,1006525126.9714276,0.0011711184462077906,-0.1214794547141631
2025-11-17,1018251023.1765388,0.011649879263713732,-0.11124479643089114
2025-11-18,1020817081.9652234,0.002520065023533708,-0.10900507552789307
2025-11-19,1020356315.5265404,-0.00045137022765723083,-0.10940724410979352
2025-11-20,1032768612.6815144,0.012164669308259041,-0.09857347774605807
2025-11-21,1032780481.8041705,1.1492528442832484e-05,-0.09856311807611196
2025-11-24,1043837759.7667108,0.010706319646188745,-0.08891204667737107
2025-11-25,1028997871.8522143,-0.014216661330409254,-0.10186467555197465
2025-11-26,1062326812.0647328,0.032389707621577266,-0.07277433498849262
2025-11-27,1061208551.4648463,-0.0010526521473303411,-0.07375038107582677
2025-11-28,1067717305.0041308,0.0061333406428926585,-0.06806937664261536
2025-12-01,1078949155.932311,0.01051949881821646,-0.05826593355154763
2025-12-02,1087916729.3395667,0.008311395729770828,-0.050438809053088174
2025-12-03,1091595748.4202538,0.003381710181918464,-0.047227668305308446
2025-12-04,1097072453.3995337,0.005017154919489038,-0.04244746191419335
2025-12-05,1099175730.8533878,0.0019171727877558046,-0.04061166824532869
2025-12-08,1086486383.3318803,-0.011544421119683596,-0.051687251164415415
2025-12-09,1082124241.1088438,-0.004014907402391309,-0.05549463903949747
2025-12-10,1065007565.6399127,-0.0158176619825019,-0.07043450557983155
2025-12-11,1048440055.3001287,-0.015556237227131238,-0.08489504692918726
2025-12-12,1008446993.718917,-0.03814530108711193,-0.11980200089038084
2025-12-15,1008464772.5141251,1.762987575830085e-05,-0.11978648310901385
2025-12-16,1027115532.9348779,0.01849421113070316,-0.10350762848753314
2025-12-17,1011647109.6907078,-0.01506006164659065,-0.11700885886820922
2025-12-18,1008447519.1809434,-0.0031627535719868246,-0.11980154225385653
2025-12-19,1030945260.2949699,0.022309283017820414,-0.10016494574814871
2025-12-22,1063251351.0948702,0.03133637841320208,-0.0719673739786485
2025-12-23,1081434338.7048204,0.017101306846425798,-0.056096803277563057
2025-12-24,1083941032.3537974,0.002317934209467754,-0.05390889776745411
2025-12-25,1059060968.0899045,-0.02295333742451412,-0.07562484607132824
2025-12-26,1033448590.2135907,-0.0241840447793177,-0.09797997618682797
2025-12-29,1044044163.0924104,0.010252636637328845,-0.08873189264307679
2025-12-30,1065614981.2332287,0.02066082920949098,-0.06990433791291928
2025-12-31,1086192844.3180528,0.019310786210052593,-0.05194345942745837
2026-01-05,1076029594.1943765,-0.009356764019244778,-0.06081420075449717
2026-01-06,1067553035.1386857,-0.007877626323128377,-0.0682127555289419
2026-01-07,1091654683.7404387,0.02257653513075531,-0.047176228069751414
2026-01-08,1082345458.7829258,-0.00852762791766329,-0.055301554667877006
2026-01-09,1065710127.448732,-0.015369705854265696,-0.06982129189361386
2026-01-12,1064130721.8992351,-0.0014820217138012226,-0.07119983693674303
2026-01-13,1074860268.469747,0.010082921533702268,-0.06183481777208644
2026-01-14,1051846428.4089395,-0.021411006375342018,-0.08192187846989218
2026-01-15,1049599592.6114458,-0.0021360873002082064,-0.08388297348589158
2026-01-16,1058593518.6277605,0.008568911496942846,-0.07603284776484975
2026-01-19,1060725062.2430719,0.0020135619364781993,-0.0741723826765529
2026-01-20,1066039514.8684121,0.005010207465167239,-0.06953379423678097
2026-01-21,1059159553.3504375,-0.006453758441424989,-0.07553879836668609
2026-01-22,1068527764.1884887,0.008844947683676888,-0.06736198740265031
2026-01-23,1061731852.1772988,-0.006360070593346918,-0.07329363100080821
2026-01-26,1051529462.517669,-0.009609196181415987,-0.0821985343030891
2026-01-27,1063980655.3607873,0.01184103088591214,-0.07133081880063663
2026-01-28,1063843197.3637637,-0.00012919219567668883,-0.07145079561121304
2026-01-29,1064771177.2947762,0.0008722901394792712,-0.07064083129620335
2026-01-30,1072946769.6572542,0.00767826227532702,-0.06350496785091575
2026-02-02,1064932673.1439583,-0.007469239611817779,-0.07049987364131427
2026-02-03,1071930005.4334333,0.00657068044387916,-0.06439242533846601
2026-02-04,1080992207.1471305,0.008454098371873551,-0.056482706864807386
2026-02-05,1070117399.6337683,-0.010060023968222772,-0.06597451344818006
2026-02-06,1035556526.8191352,-0.03229633760413678,-0.09614011589272575
2026-02-09,1046144844.806428,0.010224760998625878,-0.08689836460148315
2026-02-10,1035427702.0431852,-0.010244415786635888,-0.09625255740996275
2026-02-11,1063304579.9575249,0.026923055911417932,-0.07192091448331028
2026-02-12,1070265540.1087248,0.006546534532446011,-0.0658452127011343
2026-02-13,1065593521.52492,-0.004365289181720483,-0.06992306848818253
2026-02-23,1073562682.5730765,0.007478612517043285,-0.062967383506365
2026-02-24,1074577065.770837,0.0009448756129724487,-0.062082004238480426
2026-02-25,1064142956.4258957,-0.009709968393431674,-0.07118915833295558
2026-02-26,1068640294.1891677,0.004226253377062342,-0.06726376837670811
2026-02-27,1056184413.1239634,-0.011655822013201644,-0.07813557587777353
2026-03-02,1059220733.3688543,0.0028748012252047487,-0.07548539890183437
2026-03-03,1082265858.9656146,0.021756679104519783,-0.055371031398298465
2026-03-04,1061754237.2913082,-0.01895247965588655,-0.07327409270808327
2026-03-05,1041775036.1266584,-0.018817161696118696,-0.09071244395357758
2026-03-06,1035278568.8272347,-0.006235959851349191,-0.09638272464641451
2026-03-09,982774294.5692854,-0.05071511749482681,-0.14220978093632686
2026-03-10,976672760.009686,-0.006208480007378991,-0.1475353543619089
2026-03-11,1002176059.6187737,0.026112430543096934,-0.12527543051223855
2026-03-12,1002612552.435024,0.0004355450442673371,-0.12489444856089926
2026-03-13,1011199412.3060713,0.008564484705674722,-0.11739962044974805
2026-03-16,1020433717.7051741,0.009132032007459033,-0.10933968553389961
2026-03-17,1008102396.4016774,-0.012084392243749348,-0.12010277412984915
2026-03-18,1006236983.2602081,-0.0018504203026673178,-0.12173095382085986
2026-03-19,1012357483.6462432,0.006082563539062798,-0.11638882654308325
2026-03-20,999679990.0579227,-0.01252274398432807,-0.12745406304997586
2026-03-23,957141975.6518974,-0.04255163135110925,-0.1645823160959815
2026-03-24,986701587.0568714,0.030883204536966736,-0.1387819408901747
2026-03-25,1013150962.2081964,0.02680585041949517,-0.1156962584191088
2026-03-26,997506986.2639582,-0.015440913079864838,-0.12935071562905853
2026-03-27,1028038694.9841127,0.030608014921787514,-0.10270186934138914
2026-03-30,1035865853.4977226,0.007613680838862633,-0.09587012775724646
2026-03-31,1045337271.690809,0.009143479496987985,-0.08760323480778043
2026-04-01,1041222684.5686376,-0.003936133565309646,-0.09119455034013346
2026-04-02,1062965732.0438532,0.02088222605736194,-0.07221666949817374
2026-04-03,1055392590.957273,-0.007124539256800542,-0.07882669825813915
2026-04-06,1033726652.4909976,-0.020528795305094754,-0.09773727641011609
2026-04-07,1041299793.5775777,0.007326057684912124,-0.09112724765015068
2026-04-08,1086125636.2561038,0.0430479703875851,-0.05200212032091134
2026-04-09,1088039105.8560557,0.0017617387308412585,-0.05033199573952529
2026-04-10,1082445230.0841775,-0.005141245146218389,-0.05521447175694838
2026-04-13,1089247260.5195203,0.006283948828352102,-0.04927748784370145
2026-04-14,1083017306.0029953,-0.005719504415878569,-0.054715149450254574
2026-04-15,1091770711.1712992,0.00808242409404283,-0.04707495639843762
2026-04-16,1107601919.894514,0.014500488574409963,-0.03325707769142405
2026-04-17,1098202037.7481024,-0.008486697230812749,-0.04146153217308812
2026-04-20,1120471339.111765,0.02027796397949359,-0.022024323649534994
2026-04-21,1107300099.7469096,-0.01175508815361272,-0.03352051393712374
2026-04-22,1109946597.5700355,0.002390045682946057,-0.03121058381380326
2026-04-23,1097471629.9960556,-0.011239250249778534,-0.04209905050165674
2026-04-24,1087048359.9889314,-0.009497530252478278,-0.05119674374839489
2026-04-28,1104834162.6529326,0.016361556043543755,-0.03567284609693744
2026-04-29,1092012075.1543534,-0.011605440827237646,-0.0468642878196579
2026-05-04,1084026957.2624016,-0.007312298163757137,-0.05383390033764557
2026-05-05,1095290842.8633857,0.010390779976016352,-0.04400249657528854
2026-05-06,1094206907.5822785,-0.0009896323777102785,-0.04494858265768786
2026-05-07,1096932405.2421966,0.002490843039860016,-0.04256969948209233
2026-05-08,1093600715.6640408,-0.0030372788352625406,-0.04547768227009441
2026-05-11,1077188829.1340165,-0.015007201709866197,-0.059802391228836016
2026-05-12,1085366534.7644956,0.007591710394038707,-0.05266468326987772
2026-05-13,1103112157.6924675,0.016349889516192158,-0.037175855506553224
2026-05-14,1122142685.3303623,0.017251670653058215,-0.02056553046893983
2026-05-15,1133482993.2606514,0.010105941141478286,-0.010667423367923923
2026-05-18,1158357611.0872073,0.021945294260657597,0.0
2026-05-19,1133994065.353193,-0.0210328360610047,-0.0210328360610047
2026-05-20,1160991183.5689518,0.023807107145089244,0.0
2026-05-21,1138031724.7869077,-0.01977573913306173,-0.019775739133061743
2026-05-22,1127339434.4314642,-0.009395423802834294,-0.028985361485726613
2026-05-25,1139029162.7908595,0.010369306707780152,-0.018916612881227812
2026-05-26,1119450827.4355693,-0.01718861640672936,-0.035780078885427224
2026-05-27,1104365333.9503732,-0.013475798235599025,-0.048773711997112335
2026-05-28,1121883735.111132,0.015862867678121048,-0.03368453525857229
2026-05-29,1113266351.077788,-0.007681173871809603,-0.041106972358269656
