date,equity,portfolio_return,drawdown
2018-01-02,100000000.0,0.0,0.0
2018-01-03,100000000.0,0.0,0.0
2018-01-04,100000000.0,0.0,0.0
2018-01-05,100000000.0,0.0,0.0
2018-01-08,100000000.0,0.0,0.0
2018-01-09,100000000.0,0.0,0.0
2018-01-10,100000000.0,0.0,0.0
2018-01-11,100000000.0,0.0,0.0
2018-01-12,100000000.0,0.0,0.0
2018-01-15,100000000.0,0.0,0.0
2018-01-16,100000000.0,0.0,0.0
2018-01-17,100000000.0,0.0,0.0
2018-01-18,100000000.0,0.0,0.0
2018-01-19,100000000.0,0.0,0.0
2018-01-22,100000000.0,0.0,0.0
2018-01-23,100000000.0,0.0,0.0
2018-01-24,100000000.0,0.0,0.0
2018-01-25,100000000.0,0.0,0.0
2018-01-26,100000000.0,0.0,0.0
2018-01-29,100000000.0,0.0,0.0
2018-01-30,100000000.0,0.0,0.0
2018-01-31,100000000.0,0.0,0.0
2018-02-01,100000000.0,0.0,0.0
2018-02-02,100000000.0,0.0,0.0
2018-02-05,100000000.0,0.0,0.0
2018-02-06,100000000.0,0.0,0.0
2018-02-07,100000000.0,0.0,0.0
2018-02-08,100000000.0,0.0,0.0
2018-02-09,100000000.0,0.0,0.0
2018-02-12,100000000.0,0.0,0.0
2018-02-13,100000000.0,0.0,0.0
2018-02-21,100000000.0,0.0,0.0
2018-02-22,100000000.0,0.0,0.0
2018-02-23,100000000.0,0.0,0.0
2018-02-26,100000000.0,0.0,0.0
2018-02-27,100000000.0,0.0,0.0
2018-02-28,100000000.0,0.0,0.0
2018-03-01,100000000.0,0.0,0.0
2018-03-02,100000000.0,0.0,0.0
2018-03-05,100000000.0,0.0,0.0
2018-03-06,100000000.0,0.0,0.0
2018-03-07,100000000.0,0.0,0.0
2018-03-08,100000000.0,0.0,0.0
2018-03-09,100000000.0,0.0,0.0
2018-03-12,100000000.0,0.0,0.0
2018-03-13,100000000.0,0.0,0.0
2018-03-14,100000000.0,0.0,0.0
2018-03-15,100000000.0,0.0,0.0
2018-03-16,100000000.0,0.0,0.0
2018-03-19,100000000.0,0.0,0.0
2018-03-20,100000000.0,0.0,0.0
2018-03-21,100000000.0,0.0,0.0
2018-03-22,100000000.0,0.0,0.0
2018-03-23,100000000.0,0.0,0.0
2018-03-26,100000000.0,0.0,0.0
2018-03-27,100000000.0,0.0,0.0
2018-03-28,100000000.0,0.0,0.0
2018-03-29,100000000.0,0.0,0.0
2018-03-30,100000000.0,0.0,0.0
2018-04-02,100000000.0,0.0,0.0
2018-04-03,100000000.0,0.0,0.0
2018-04-04,100000000.0,0.0,0.0
2018-04-05,100000000.0,0.0,0.0
2018-04-06,100000000.0,0.0,0.0
2018-04-09,100000000.0,0.0,0.0
2018-04-10,100000000.0,0.0,0.0
2018-04-11,100000000.0,0.0,0.0
2018-04-12,100000000.0,0.0,0.0
2018-04-13,100000000.0,0.0,0.0
2018-04-16,100000000.0,0.0,0.0
2018-04-17,100000000.0,0.0,0.0
2018-04-18,100000000.0,0.0,0.0
2018-04-19,100000000.0,0.0,0.0
2018-04-20,100000000.0,0.0,0.0
2018-04-23,100000000.0,0.0,0.0
2018-04-24,100000000.0,0.0,0.0
2018-04-26,100000000.0,0.0,0.0
2018-04-27,100000000.0,0.0,0.0
2018-05-02,100000000.0,0.0,0.0
2018-05-03,100000000.0,0.0,0.0
2018-05-04,100000000.0,0.0,0.0
2018-05-07,100000000.0,0.0,0.0
2018-05-08,100000000.0,0.0,0.0
2018-05-09,100000000.0,0.0,0.0
2018-05-10,100000000.0,0.0,0.0
2018-05-11,100000000.0,0.0,0.0
2018-05-14,100000000.0,0.0,0.0
2018-05-15,100000000.0,0.0,0.0
2018-05-16,100000000.0,0.0,0.0
2018-05-17,100000000.0,0.0,0.0
2018-05-18,100000000.0,0.0,0.0
2018-05-21,100000000.0,0.0,0.0
2018-05-22,100000000.0,0.0,0.0
2018-05-23,100000000.0,0.0,0.0
2018-05-24,100000000.0,0.0,0.0
2018-05-25,100000000.0,0.0,0.0
2018-05-28,100000000.0,0.0,0.0
2018-05-29,100000000.0,0.0,0.0
2018-05-30,100000000.0,0.0,0.0
2018-05-31,100000000.0,0.0,0.0
2018-06-01,100000000.0,0.0,0.0
2018-06-04,100000000.0,0.0,0.0
2018-06-05,100000000.0,0.0,0.0
2018-06-06,100000000.0,0.0,0.0
2018-06-07,100000000.0,0.0,0.0
2018-06-08,100000000.0,0.0,0.0
2018-06-11,100000000.0,0.0,0.0
2018-06-12,100000000.0,0.0,0.0
2018-06-13,100000000.0,0.0,0.0
2018-06-14,100000000.0,0.0,0.0
2018-06-15,100000000.0,0.0,0.0
2018-06-18,100000000.0,0.0,0.0
2018-06-19,100000000.0,0.0,0.0
2018-06-20,100000000.0,0.0,0.0
2018-06-21,100000000.0,0.0,0.0
2018-06-22,100000000.0,0.0,0.0
2018-06-25,100000000.0,0.0,0.0
2018-06-26,100000000.0,0.0,0.0
2018-06-27,100000000.0,0.0,0.0
2018-06-28,100000000.0,0.0,0.0
2018-06-29,100000000.0,0.0,0.0
2018-07-02,100000000.0,0.0,0.0
2018-07-03,100000000.0,0.0,0.0
2018-07-04,100000000.0,0.0,0.0
2018-07-05,100000000.0,0.0,0.0
2018-07-06,100000000.0,0.0,0.0
2018-07-09,100000000.0,0.0,0.0
2018-07-10,100000000.0,0.0,0.0
2018-07-11,100000000.0,0.0,0.0
2018-07-12,100000000.0,0.0,0.0
2018-07-13,100000000.0,0.0,0.0
2018-07-16,100000000.0,0.0,0.0
2018-07-17,100000000.0,0.0,0.0
2018-07-18,100000000.0,0.0,0.0
2018-07-19,100000000.0,0.0,0.0
2018-07-20,100000000.0,0.0,0.0
2018-07-23,100000000.0,0.0,0.0
2018-07-24,100000000.0,0.0,0.0
2018-07-25,100000000.0,0.0,0.0
2018-07-26,100000000.0,0.0,0.0
2018-07-27,100000000.0,0.0,0.0
2018-07-30,100000000.0,0.0,0.0
2018-07-31,100000000.0,0.0,0.0
2018-08-01,100000000.0,0.0,0.0
2018-08-02,100000000.0,0.0,0.0
2018-08-03,100000000.0,0.0,0.0
2018-08-06,100000000.0,0.0,0.0
2018-08-07,100000000.0,0.0,0.0
2018-08-08,100000000.0,0.0,0.0
2018-08-09,100000000.0,0.0,0.0
2018-08-10,100000000.0,0.0,0.0
2018-08-13,100000000.0,0.0,0.0
2018-08-14,100000000.0,0.0,0.0
2018-08-15,100000000.0,0.0,0.0
2018-08-16,100000000.0,0.0,0.0
2018-08-17,100000000.0,0.0,0.0
2018-08-20,100000000.0,0.0,0.0
2018-08-21,100000000.0,0.0,0.0
2018-08-22,100000000.0,0.0,0.0
2018-08-23,100000000.0,0.0,0.0
2018-08-24,100000000.0,0.0,0.0
2018-08-27,100000000.0,0.0,0.0
2018-08-28,100000000.0,0.0,0.0
2018-08-29,100000000.0,0.0,0.0
2018-08-30,100000000.0,0.0,0.0
2018-08-31,100000000.0,0.0,0.0
2018-09-04,100000000.0,0.0,0.0
2018-09-05,100000000.0,0.0,0.0
2018-09-06,100000000.0,0.0,0.0
2018-09-07,100000000.0,0.0,0.0
2018-09-10,100000000.0,0.0,0.0
2018-09-11,100000000.0,0.0,0.0
2018-09-12,100000000.0,0.0,0.0
2018-09-13,100000000.0,0.0,0.0
2018-09-14,100000000.0,0.0,0.0
2018-09-17,100000000.0,0.0,0.0
2018-09-18,100000000.0,0.0,0.0
2018-09-19,100000000.0,0.0,0.0
2018-09-20,100000000.0,0.0,0.0
2018-09-21,100000000.0,0.0,0.0
2018-09-24,100000000.0,0.0,0.0
2018-09-25,100000000.0,0.0,0.0
2018-09-26,100000000.0,0.0,0.0
2018-09-27,100000000.0,0.0,0.0
2018-09-28,100000000.0,0.0,0.0
2018-10-01,100000000.0,0.0,0.0
2018-10-02,100000000.0,0.0,0.0
2018-10-03,100000000.0,0.0,0.0
2018-10-04,100000000.0,0.0,0.0
2018-10-05,100000000.0,0.0,0.0
2018-10-08,100000000.0,0.0,0.0
2018-10-09,100000000.0,0.0,0.0
2018-10-10,100000000.0,0.0,0.0
2018-10-11,100000000.0,0.0,0.0
2018-10-12,100000000.0,0.0,0.0
2018-10-15,100000000.0,0.0,0.0
2018-10-16,100000000.0,0.0,0.0
2018-10-17,100000000.0,0.0,0.0
2018-10-18,100000000.0,0.0,0.0
2018-10-19,100000000.0,0.0,0.0
2018-10-22,100000000.0,0.0,0.0
2018-10-23,100000000.0,0.0,0.0
2018-10-24,100000000.0,0.0,0.0
2018-10-25,100000000.0,0.0,0.0
2018-10-26,100000000.0,0.0,0.0
2018-10-29,100000000.0,0.0,0.0
2018-10-30,100000000.0,0.0,0.0
2018-10-31,100000000.0,0.0,0.0
2018-11-01,100000000.0,0.0,0.0
2018-11-02,100000000.0,0.0,0.0
2018-11-05,100000000.0,0.0,0.0
2018-11-06,100000000.0,0.0,0.0
2018-11-07,100000000.0,0.0,0.0
2018-11-08,100000000.0,0.0,0.0
2018-11-09,100000000.0,0.0,0.0
2018-11-12,100000000.0,0.0,0.0
2018-11-13,100000000.0,0.0,0.0
2018-11-14,100000000.0,0.0,0.0
2018-11-15,100000000.0,0.0,0.0
2018-11-16,100000000.0,0.0,0.0
2018-11-19,100000000.0,0.0,0.0
2018-11-20,100000000.0,0.0,0.0
2018-11-21,100000000.0,0.0,0.0
2018-11-22,100000000.0,0.0,0.0
2018-11-23,100000000.0,0.0,0.0
2018-11-26,100000000.0,0.0,0.0
2018-11-27,100000000.0,0.0,0.0
2018-11-28,100000000.0,0.0,0.0
2018-11-29,100000000.0,0.0,0.0
2018-11-30,100000000.0,0.0,0.0
2018-12-03,100000000.0,0.0,0.0
2018-12-04,100000000.0,0.0,0.0
2018-12-05,100000000.0,0.0,0.0
2018-12-06,100000000.0,0.0,0.0
2018-12-07,100000000.0,0.0,0.0
2018-12-10,100000000.0,0.0,0.0
2018-12-11,100000000.0,0.0,0.0
2018-12-12,100000000.0,0.0,0.0
2018-12-13,100000000.0,0.0,0.0
2018-12-14,100000000.0,0.0,0.0
2018-12-17,100000000.0,0.0,0.0
2018-12-18,100000000.0,0.0,0.0
2018-12-19,100000000.0,0.0,0.0
2018-12-20,100000000.0,0.0,0.0
2018-12-21,100000000.0,0.0,0.0
2018-12-24,100000000.0,0.0,0.0
2018-12-25,100000000.0,0.0,0.0
2018-12-26,100000000.0,0.0,0.0
2018-12-27,100000000.0,0.0,0.0
2018-12-28,100000000.0,0.0,0.0
2019-01-02,100000000.0,0.0,0.0
2019-01-03,100000000.0,0.0,0.0
2019-01-04,100000000.0,0.0,0.0
2019-01-07,100000000.0,0.0,0.0
2019-01-08,100000000.0,0.0,0.0
2019-01-09,100000000.0,0.0,0.0
2019-01-10,100000000.0,0.0,0.0
2019-01-11,100000000.0,0.0,0.0
2019-01-14,100000000.0,0.0,0.0
2019-01-15,100000000.0,0.0,0.0
2019-01-16,100000000.0,0.0,0.0
2019-01-17,100000000.0,0.0,0.0
2019-01-18,100000000.0,0.0,0.0
2019-01-21,100000000.0,0.0,0.0
2019-01-22,100000000.0,0.0,0.0
2019-01-23,100000000.0,0.0,0.0
2019-01-24,100000000.0,0.0,0.0
2019-01-25,100000000.0,0.0,0.0
2019-01-28,100000000.0,0.0,0.0
2019-01-29,100000000.0,0.0,0.0
2019-01-30,100000000.0,0.0,0.0
2019-01-31,100000000.0,0.0,0.0
2019-02-01,100000000.0,0.0,0.0
2019-02-11,100000000.0,0.0,0.0
2019-02-12,100000000.0,0.0,0.0
2019-02-13,100000000.0,0.0,0.0
2019-02-14,100000000.0,0.0,0.0
2019-02-15,100000000.0,0.0,0.0
2019-02-18,100000000.0,0.0,0.0
2019-02-19,100000000.0,0.0,0.0
2019-02-20,100000000.0,0.0,0.0
2019-02-21,100000000.0,0.0,0.0
2019-02-22,100000000.0,0.0,0.0
2019-02-25,100000000.0,0.0,0.0
2019-02-26,100000000.0,0.0,0.0
2019-02-27,100000000.0,0.0,0.0
2019-02-28,100000000.0,0.0,0.0
2019-03-01,100000000.0,0.0,0.0
2019-03-04,100000000.0,0.0,0.0
2019-03-05,100000000.0,0.0,0.0
2019-03-06,100000000.0,0.0,0.0
2019-03-07,100000000.0,0.0,0.0
2019-03-08,100000000.0,0.0,0.0
2019-03-11,100000000.0,0.0,0.0
2019-03-12,100000000.0,0.0,0.0
2019-03-13,100000000.0,0.0,0.0
2019-03-14,100000000.0,0.0,0.0
2019-03-15,100000000.0,0.0,0.0
2019-03-18,100000000.0,0.0,0.0
2019-03-19,100000000.0,0.0,0.0
2019-03-20,100000000.0,0.0,0.0
2019-03-21,100000000.0,0.0,0.0
2019-03-22,100000000.0,0.0,0.0
2019-03-25,100000000.0,0.0,0.0
2019-03-26,100000000.0,0.0,0.0
2019-03-27,100000000.0,0.0,0.0
2019-03-28,100000000.0,0.0,0.0
2019-03-29,100000000.0,0.0,0.0
2019-04-01,100000000.0,0.0,0.0
2019-04-02,100000000.0,0.0,0.0
2019-04-03,100000000.0,0.0,0.0
2019-04-04,100000000.0,0.0,0.0
2019-04-05,100000000.0,0.0,0.0
2019-04-08,100000000.0,0.0,0.0
2019-04-09,100000000.0,0.0,0.0
2019-04-10,100000000.0,0.0,0.0
2019-04-11,100000000.0,0.0,0.0
2019-04-12,100000000.0,0.0,0.0
2019-04-16,100000000.0,0.0,0.0
2019-04-17,100000000.0,0.0,0.0
2019-04-18,100000000.0,0.0,0.0
2019-04-19,100000000.0,0.0,0.0
2019-04-22,100000000.0,0.0,0.0
2019-04-23,100000000.0,0.0,0.0
2019-04-24,100000000.0,0.0,0.0
2019-04-25,100000000.0,0.0,0.0
2019-04-26,100000000.0,0.0,0.0
2019-05-02,100000000.0,0.0,0.0
2019-05-03,100000000.0,0.0,0.0
2019-05-06,100000000.0,0.0,0.0
2019-05-07,100000000.0,0.0,0.0
2019-05-08,100000000.0,0.0,0.0
2019-05-09,100000000.0,0.0,0.0
2019-05-10,100000000.0,0.0,0.0
2019-05-13,100000000.0,0.0,0.0
2019-05-14,100000000.0,0.0,0.0
2019-05-15,100000000.0,0.0,0.0
2019-05-16,100000000.0,0.0,0.0
2019-05-17,100000000.0,0.0,0.0
2019-05-20,100000000.0,0.0,0.0
2019-05-21,100000000.0,0.0,0.0
2019-05-22,100000000.0,0.0,0.0
2019-05-23,100000000.0,0.0,0.0
2019-05-24,100000000.0,0.0,0.0
2019-05-27,100000000.0,0.0,0.0
2019-05-28,100000000.0,0.0,0.0
2019-05-29,100000000.0,0.0,0.0
2019-05-30,100000000.0,0.0,0.0
2019-05-31,100000000.0,0.0,0.0
2019-06-03,100000000.0,0.0,0.0
2019-06-04,100000000.0,0.0,0.0
2019-06-05,100000000.0,0.0,0.0
2019-06-06,100000000.0,0.0,0.0
2019-06-07,100000000.0,0.0,0.0
2019-06-10,100000000.0,0.0,0.0
2019-06-11,100000000.0,0.0,0.0
2019-06-12,100000000.0,0.0,0.0
2019-06-13,100000000.0,0.0,0.0
2019-06-14,100000000.0,0.0,0.0
2019-06-17,100000000.0,0.0,0.0
2019-06-18,100000000.0,0.0,0.0
2019-06-19,100000000.0,0.0,0.0
2019-06-20,100000000.0,0.0,0.0
2019-06-21,100000000.0,0.0,0.0
2019-06-24,100000000.0,0.0,0.0
2019-06-25,100000000.0,0.0,0.0
2019-06-26,100000000.0,0.0,0.0
2019-06-27,100000000.0,0.0,0.0
2019-06-28,100000000.0,0.0,0.0
2019-07-01,100000000.0,0.0,0.0
2019-07-02,100000000.0,0.0,0.0
2019-07-03,100000000.0,0.0,0.0
2019-07-04,100000000.0,0.0,0.0
2019-07-05,100000000.0,0.0,0.0
2019-07-08,100000000.0,0.0,0.0
2019-07-09,100000000.0,0.0,0.0
2019-07-10,100000000.0,0.0,0.0
2019-07-11,100000000.0,0.0,0.0
2019-07-12,100000000.0,0.0,0.0
2019-07-15,100000000.0,0.0,0.0
2019-07-16,100000000.0,0.0,0.0
2019-07-17,100000000.0,0.0,0.0
2019-07-18,100000000.0,0.0,0.0
2019-07-19,100000000.0,0.0,0.0
2019-07-22,100000000.0,0.0,0.0
2019-07-23,100000000.0,0.0,0.0
2019-07-24,100000000.0,0.0,0.0
2019-07-25,100000000.0,0.0,0.0
2019-07-26,100000000.0,0.0,0.0
2019-07-29,100000000.0,0.0,0.0
2019-07-30,100000000.0,0.0,0.0
2019-07-31,100000000.0,0.0,0.0
2019-08-01,100000000.0,0.0,0.0
2019-08-02,100000000.0,0.0,0.0
2019-08-05,100000000.0,0.0,0.0
2019-08-06,100000000.0,0.0,0.0
2019-08-07,100000000.0,0.0,0.0
2019-08-08,100000000.0,0.0,0.0
2019-08-09,100000000.0,0.0,0.0
2019-08-12,100000000.0,0.0,0.0
2019-08-13,100000000.0,0.0,0.0
2019-08-14,100000000.0,0.0,0.0
2019-08-15,100000000.0,0.0,0.0
2019-08-16,100000000.0,0.0,0.0
2019-08-19,100000000.0,0.0,0.0
2019-08-20,100000000.0,0.0,0.0
2019-08-21,100000000.0,0.0,0.0
2019-08-22,100000000.0,0.0,0.0
2019-08-23,100000000.0,0.0,0.0
2019-08-26,100000000.0,0.0,0.0
2019-08-27,100000000.0,0.0,0.0
2019-08-28,100000000.0,0.0,0.0
2019-08-29,100000000.0,0.0,0.0
2019-08-30,100000000.0,0.0,0.0
2019-09-03,100000000.0,0.0,0.0
2019-09-04,100000000.0,0.0,0.0
2019-09-05,100000000.0,0.0,0.0
2019-09-06,100000000.0,0.0,0.0
2019-09-09,100000000.0,0.0,0.0
2019-09-10,100000000.0,0.0,0.0
2019-09-11,100000000.0,0.0,0.0
2019-09-12,100000000.0,0.0,0.0
2019-09-13,100000000.0,0.0,0.0
2019-09-16,100000000.0,0.0,0.0
2019-09-17,100000000.0,0.0,0.0
2019-09-18,100000000.0,0.0,0.0
2019-09-19,100000000.0,0.0,0.0
2019-09-20,100000000.0,0.0,0.0
2019-09-23,100000000.0,0.0,0.0
2019-09-24,100000000.0,0.0,0.0
2019-09-25,100000000.0,0.0,0.0
2019-09-26,100000000.0,0.0,0.0
2019-09-27,100000000.0,0.0,0.0
2019-09-30,100000000.0,0.0,0.0
2019-10-01,100000000.0,0.0,0.0
2019-10-02,100000000.0,0.0,0.0
2019-10-03,100000000.0,0.0,0.0
2019-10-04,100000000.0,0.0,0.0
2019-10-07,100000000.0,0.0,0.0
2019-10-08,100000000.0,0.0,0.0
2019-10-09,100000000.0,0.0,0.0
2019-10-10,100000000.0,0.0,0.0
2019-10-11,100000000.0,0.0,0.0
2019-10-14,100000000.0,0.0,0.0
2019-10-15,100000000.0,0.0,0.0
2019-10-16,100000000.0,0.0,0.0
2019-10-17,100000000.0,0.0,0.0
2019-10-18,100000000.0,0.0,0.0
2019-10-21,100000000.0,0.0,0.0
2019-10-22,100000000.0,0.0,0.0
2019-10-23,100000000.0,0.0,0.0
2019-10-24,100000000.0,0.0,0.0
2019-10-25,100000000.0,0.0,0.0
2019-10-28,100000000.0,0.0,0.0
2019-10-29,100000000.0,0.0,0.0
2019-10-30,100000000.0,0.0,0.0
2019-10-31,100000000.0,0.0,0.0
2019-11-01,100000000.0,0.0,0.0
2019-11-04,100000000.0,0.0,0.0
2019-11-05,100000000.0,0.0,0.0
2019-11-06,100000000.0,0.0,0.0
2019-11-07,100000000.0,0.0,0.0
2019-11-08,100000000.0,0.0,0.0
2019-11-11,100000000.0,0.0,0.0
2019-11-12,100000000.0,0.0,0.0
2019-11-13,100000000.0,0.0,0.0
2019-11-14,100000000.0,0.0,0.0
2019-11-15,100000000.0,0.0,0.0
2019-11-18,100000000.0,0.0,0.0
2019-11-19,100000000.0,0.0,0.0
2019-11-20,100000000.0,0.0,0.0
2019-11-21,100000000.0,0.0,0.0
2019-11-22,100000000.0,0.0,0.0
2019-11-25,100000000.0,0.0,0.0
2019-11-26,100000000.0,0.0,0.0
2019-11-27,100000000.0,0.0,0.0
2019-11-28,100000000.0,0.0,0.0
2019-11-29,100000000.0,0.0,0.0
2019-12-02,100000000.0,0.0,0.0
2019-12-03,100000000.0,0.0,0.0
2019-12-04,100000000.0,0.0,0.0
2019-12-05,100000000.0,0.0,0.0
2019-12-06,100000000.0,0.0,0.0
2019-12-09,100000000.0,0.0,0.0
2019-12-10,100000000.0,0.0,0.0
2019-12-11,100000000.0,0.0,0.0
2019-12-12,100000000.0,0.0,0.0
2019-12-13,100000000.0,0.0,0.0
2019-12-16,100000000.0,0.0,0.0
2019-12-17,100000000.0,0.0,0.0
2019-12-18,100000000.0,0.0,0.0
2019-12-19,100000000.0,0.0,0.0
2019-12-20,100000000.0,0.0,0.0
2019-12-23,100000000.0,0.0,0.0
2019-12-24,100000000.0,0.0,0.0
2019-12-25,100000000.0,0.0,0.0
2019-12-26,100000000.0,0.0,0.0
2019-12-27,100000000.0,0.0,0.0
2019-12-30,100000000.0,0.0,0.0
2019-12-31,100000000.0,0.0,0.0
2020-01-02,100000000.0,0.0,0.0
2020-01-03,100000000.0,0.0,0.0
2020-01-06,100000000.0,0.0,0.0
2020-01-07,100000000.0,0.0,0.0
2020-01-08,100000000.0,0.0,0.0
2020-01-09,100000000.0,0.0,0.0
2020-01-10,100000000.0,0.0,0.0
2020-01-13,100000000.0,0.0,0.0
2020-01-14,100000000.0,0.0,0.0
2020-01-15,100000000.0,0.0,0.0
2020-01-16,100000000.0,0.0,0.0
2020-01-17,100000000.0,0.0,0.0
2020-01-20,100000000.0,0.0,0.0
2020-01-21,100000000.0,0.0,0.0
2020-01-22,100000000.0,0.0,0.0
2020-01-30,100000000.0,0.0,0.0
2020-01-31,100000000.0,0.0,0.0
2020-02-03,100000000.0,0.0,0.0
2020-02-04,100000000.0,0.0,0.0
2020-02-05,100000000.0,0.0,0.0
2020-02-06,100000000.0,0.0,0.0
2020-02-07,100000000.0,0.0,0.0
2020-02-10,100000000.0,0.0,0.0
2020-02-11,100000000.0,0.0,0.0
2020-02-12,100000000.0,0.0,0.0
2020-02-13,100000000.0,0.0,0.0
2020-02-14,100000000.0,0.0,0.0
2020-02-17,100000000.0,0.0,0.0
2020-02-18,100000000.0,0.0,0.0
2020-02-19,100000000.0,0.0,0.0
2020-02-20,100000000.0,0.0,0.0
2020-02-21,100000000.0,0.0,0.0
2020-02-24,100000000.0,0.0,0.0
2020-02-25,100000000.0,0.0,0.0
2020-02-26,100000000.0,0.0,0.0
2020-02-27,100000000.0,0.0,0.0
2020-02-28,100000000.0,0.0,0.0
2020-03-02,100000000.0,0.0,0.0
2020-03-03,100000000.0,0.0,0.0
2020-03-04,100000000.0,0.0,0.0
2020-03-05,100000000.0,0.0,0.0
2020-03-06,100000000.0,0.0,0.0
2020-03-09,100000000.0,0.0,0.0
2020-03-10,100000000.0,0.0,0.0
2020-03-11,100000000.0,0.0,0.0
2020-03-12,100000000.0,0.0,0.0
2020-03-13,100000000.0,0.0,0.0
2020-03-16,100000000.0,0.0,0.0
2020-03-17,100000000.0,0.0,0.0
2020-03-18,100000000.0,0.0,0.0
2020-03-19,100000000.0,0.0,0.0
2020-03-20,100000000.0,0.0,0.0
2020-03-23,100000000.0,0.0,0.0
2020-03-24,100000000.0,0.0,0.0
2020-03-25,100000000.0,0.0,0.0
2020-03-26,100000000.0,0.0,0.0
2020-03-27,100000000.0,0.0,0.0
2020-03-30,100000000.0,0.0,0.0
2020-03-31,100000000.0,0.0,0.0
2020-04-01,100000000.0,0.0,0.0
2020-04-03,100000000.0,0.0,0.0
2020-04-06,100000000.0,0.0,0.0
2020-04-07,100000000.0,0.0,0.0
2020-04-08,100000000.0,0.0,0.0
2020-04-09,100000000.0,0.0,0.0
2020-04-10,100000000.0,0.0,0.0
2020-04-13,100000000.0,0.0,0.0
2020-04-14,100000000.0,0.0,0.0
2020-04-15,100000000.0,0.0,0.0
2020-04-16,100000000.0,0.0,0.0
2020-04-17,100000000.0,0.0,0.0
2020-04-20,100000000.0,0.0,0.0
2020-04-21,100000000.0,0.0,0.0
2020-04-22,100000000.0,0.0,0.0
2020-04-23,100000000.0,0.0,0.0
2020-04-24,100000000.0,0.0,0.0
2020-04-27,100000000.0,0.0,0.0
2020-04-28,100000000.0,0.0,0.0
2020-04-29,100000000.0,0.0,0.0
2020-05-04,100000000.0,0.0,0.0
2020-05-05,100000000.0,0.0,0.0
2020-05-06,100000000.0,0.0,0.0
2020-05-07,100000000.0,0.0,0.0
2020-05-08,100000000.0,0.0,0.0
2020-05-11,100000000.0,0.0,0.0
2020-05-12,100000000.0,0.0,0.0
2020-05-13,100000000.0,0.0,0.0
2020-05-14,100000000.0,0.0,0.0
2020-05-15,100000000.0,0.0,0.0
2020-05-18,100000000.0,0.0,0.0
2020-05-19,100000000.0,0.0,0.0
2020-05-20,100000000.0,0.0,0.0
2020-05-21,100000000.0,0.0,0.0
2020-05-22,100000000.0,0.0,0.0
2020-05-25,100000000.0,0.0,0.0
2020-05-26,100000000.0,0.0,0.0
2020-05-27,100000000.0,0.0,0.0
2020-05-28,100000000.0,0.0,0.0
2020-05-29,100000000.0,0.0,0.0
2020-06-01,100000000.0,0.0,0.0
2020-06-02,100000000.0,0.0,0.0
2020-06-03,100000000.0,0.0,0.0
2020-06-04,100000000.0,0.0,0.0
2020-06-05,100000000.0,0.0,0.0
2020-06-08,100000000.0,0.0,0.0
2020-06-09,100000000.0,0.0,0.0
2020-06-10,100000000.0,0.0,0.0
2020-06-11,100000000.0,0.0,0.0
2020-06-12,100000000.0,0.0,0.0
2020-06-15,100000000.0,0.0,0.0
2020-06-16,100000000.0,0.0,0.0
2020-06-17,100000000.0,0.0,0.0
2020-06-18,100000000.0,0.0,0.0
2020-06-19,100000000.0,0.0,0.0
2020-06-22,100000000.0,0.0,0.0
2020-06-23,100000000.0,0.0,0.0
2020-06-24,100000000.0,0.0,0.0
2020-06-25,100000000.0,0.0,0.0
2020-06-26,100000000.0,0.0,0.0
2020-06-29,100000000.0,0.0,0.0
2020-06-30,100000000.0,0.0,0.0
2020-07-01,100000000.0,0.0,0.0
2020-07-02,100000000.0,0.0,0.0
2020-07-03,100000000.0,0.0,0.0
2020-07-06,100000000.0,0.0,0.0
2020-07-07,100000000.0,0.0,0.0
2020-07-08,100000000.0,0.0,0.0
2020-07-09,100000000.0,0.0,0.0
2020-07-10,100000000.0,0.0,0.0
2020-07-13,100000000.0,0.0,0.0
2020-07-14,100000000.0,0.0,0.0
2020-07-15,100000000.0,0.0,0.0
2020-07-16,100000000.0,0.0,0.0
2020-07-17,100000000.0,0.0,0.0
2020-07-20,100000000.0,0.0,0.0
2020-07-21,100000000.0,0.0,0.0
2020-07-22,100000000.0,0.0,0.0
2020-07-23,100000000.0,0.0,0.0
2020-07-24,100000000.0,0.0,0.0
2020-07-27,100000000.0,0.0,0.0
2020-07-28,100000000.0,0.0,0.0
2020-07-29,100000000.0,0.0,0.0
2020-07-30,100000000.0,0.0,0.0
2020-07-31,100000000.0,0.0,0.0
2020-08-03,100000000.0,0.0,0.0
2020-08-04,100000000.0,0.0,0.0
2020-08-05,100000000.0,0.0,0.0
2020-08-06,100000000.0,0.0,0.0
2020-08-07,100000000.0,0.0,0.0
2020-08-10,100000000.0,0.0,0.0
2020-08-11,100000000.0,0.0,0.0
2020-08-12,100000000.0,0.0,0.0
2020-08-13,100000000.0,0.0,0.0
2020-08-14,100000000.0,0.0,0.0
2020-08-17,100000000.0,0.0,0.0
2020-08-18,100000000.0,0.0,0.0
2020-08-19,100000000.0,0.0,0.0
2020-08-20,100000000.0,0.0,0.0
2020-08-21,100000000.0,0.0,0.0
2020-08-24,100000000.0,0.0,0.0
2020-08-25,100000000.0,0.0,0.0
2020-08-26,100000000.0,0.0,0.0
2020-08-27,100000000.0,0.0,0.0
2020-08-28,100000000.0,0.0,0.0
2020-08-31,100000000.0,0.0,0.0
2020-09-01,100000000.0,0.0,0.0
2020-09-03,100000000.0,0.0,0.0
2020-09-04,100000000.0,0.0,0.0
2020-09-07,100000000.0,0.0,0.0
2020-09-08,100000000.0,0.0,0.0
2020-09-09,100000000.0,0.0,0.0
2020-09-10,100000000.0,0.0,0.0
2020-09-11,100000000.0,0.0,0.0
2020-09-14,100000000.0,0.0,0.0
2020-09-15,100000000.0,0.0,0.0
2020-09-16,100000000.0,0.0,0.0
2020-09-17,100000000.0,0.0,0.0
2020-09-18,100000000.0,0.0,0.0
2020-09-21,100000000.0,0.0,0.0
2020-09-22,100000000.0,0.0,0.0
2020-09-23,100000000.0,0.0,0.0
2020-09-24,100000000.0,0.0,0.0
2020-09-25,100000000.0,0.0,0.0
2020-09-28,100000000.0,0.0,0.0
2020-09-29,100000000.0,0.0,0.0
2020-09-30,100000000.0,0.0,0.0
2020-10-01,100000000.0,0.0,0.0
2020-10-02,100000000.0,0.0,0.0
2020-10-05,100000000.0,0.0,0.0
2020-10-06,100000000.0,0.0,0.0
2020-10-07,100000000.0,0.0,0.0
2020-10-08,100000000.0,0.0,0.0
2020-10-09,100000000.0,0.0,0.0
2020-10-12,100000000.0,0.0,0.0
2020-10-13,100000000.0,0.0,0.0
2020-10-14,100000000.0,0.0,0.0
2020-10-15,100000000.0,0.0,0.0
2020-10-16,100000000.0,0.0,0.0
2020-10-19,100000000.0,0.0,0.0
2020-10-20,100000000.0,0.0,0.0
2020-10-21,100000000.0,0.0,0.0
2020-10-22,100000000.0,0.0,0.0
2020-10-23,100000000.0,0.0,0.0
2020-10-26,100000000.0,0.0,0.0
2020-10-27,100000000.0,0.0,0.0
2020-10-28,100000000.0,0.0,0.0
2020-10-29,100000000.0,0.0,0.0
2020-10-30,100000000.0,0.0,0.0
2020-11-02,100000000.0,0.0,0.0
2020-11-03,100000000.0,0.0,0.0
2020-11-04,100000000.0,0.0,0.0
2020-11-05,100000000.0,0.0,0.0
2020-11-06,100000000.0,0.0,0.0
2020-11-09,100000000.0,0.0,0.0
2020-11-10,100000000.0,0.0,0.0
2020-11-11,100000000.0,0.0,0.0
2020-11-12,100000000.0,0.0,0.0
2020-11-13,100000000.0,0.0,0.0
2020-11-16,100000000.0,0.0,0.0
2020-11-17,100000000.0,0.0,0.0
2020-11-18,100000000.0,0.0,0.0
2020-11-19,100000000.0,0.0,0.0
2020-11-20,100000000.0,0.0,0.0
2020-11-23,100000000.0,0.0,0.0
2020-11-24,100000000.0,0.0,0.0
2020-11-25,100000000.0,0.0,0.0
2020-11-26,100000000.0,0.0,0.0
2020-11-27,100000000.0,0.0,0.0
2020-11-30,100000000.0,0.0,0.0
2020-12-01,100000000.0,0.0,0.0
2020-12-02,100000000.0,0.0,0.0
2020-12-03,100000000.0,0.0,0.0
2020-12-04,100000000.0,0.0,0.0
2020-12-07,100000000.0,0.0,0.0
2020-12-08,100000000.0,0.0,0.0
2020-12-09,100000000.0,0.0,0.0
2020-12-10,100000000.0,0.0,0.0
2020-12-11,100000000.0,0.0,0.0
2020-12-14,100000000.0,0.0,0.0
2020-12-15,100000000.0,0.0,0.0
2020-12-16,100000000.0,0.0,0.0
2020-12-17,100000000.0,0.0,0.0
2020-12-18,100000000.0,0.0,0.0
2020-12-21,100000000.0,0.0,0.0
2020-12-22,100000000.0,0.0,0.0
2020-12-23,100000000.0,0.0,0.0
2020-12-24,100000000.0,0.0,0.0
2020-12-25,100000000.0,0.0,0.0
2020-12-28,100000000.0,0.0,0.0
2020-12-29,100000000.0,0.0,0.0
2020-12-30,100000000.0,0.0,0.0
2020-12-31,100000000.0,0.0,0.0
2021-01-04,100000000.0,0.0,0.0
2021-01-05,99840255.59105432,-0.0015974440894567967,-0.0015974440894568342
2021-01-06,102405928.90697503,0.025697783932261836,0.0
2021-01-07,107655285.5491881,0.05126028051541393,0.0
2021-01-08,111415384.7788707,0.034927214307230565,0.0
2021-01-11,111668396.1910294,0.00227088397765584,0.0
2021-01-12,112027688.54956585,0.0032174936758455467,0.0
2021-01-13,111564242.18818378,-0.004136891222003734,-0.00413689122200378
2021-01-14,115761470.01081553,0.03762162266608657,0.0
2021-01-15,120241557.27670288,0.03870102258954364,0.0
2021-01-18,122647698.15748489,0.02001089253397589,0.0
2021-01-19,120210824.09589419,-0.019868893572398325,-0.019868893572398294
2021-01-20,120069889.00841308,-0.001172399312134197,-0.02101799860737541
2021-01-21,120643873.75194046,0.004780422038094535,-0.016338051473020143
2021-01-22,120362003.5769782,-0.002336381999319868,-0.018636261542974486
2021-01-25,120643873.75194046,0.0023418534635972614,-0.016338051473020143
2021-01-26,119219156.28672488,-0.01180928149028921,-0.027954392314461618
2021-01-27,116957670.24686137,-0.01896914984387731,-0.046393271101731415
2021-01-28,108892137.64689162,-0.06896112570424759,-0.11215506460570124
2021-01-29,111205736.41430777,0.021246701712464656,-0.09329128809645615
2021-02-01,103595867.95822783,-0.06843053876041646,-0.1553378537507789
2021-02-02,108099503.35093366,0.043473118006229695,-0.11861775659149121
2021-02-03,113523504.95418745,0.05017600853951518,-0.07439351361964885
2021-02-04,114926915.57164389,0.012362291122202263,-0.06295089677041621
2021-02-05,118785446.7097342,0.03357378138008895,-0.03149061503617778
2021-02-08,113105177.28534284,-0.04781957370814748,-0.0778043209574879
2021-02-09,118155513.03444201,0.044651676168263536,-0.03662673813310968
2021-02-17,125196088.57187766,0.059587363776951674,0.0
2021-02-18,123924659.62055743,-0.010155500589703147,-0.01015550058970316
2021-02-19,125010274.06734672,0.008760277818097842,-0.0014841877781529567
2021-02-22,126871950.54669826,0.014892187808088441,0.0
2021-02-23,126412189.00099993,-0.0036238234197329814,-0.0036238234197329966
2021-02-24,124472769.07910854,-0.015342032577855687,-0.01891025918062672
2021-02-25,124384401.38468054,-0.0007099359569307475,-0.019606770064610313
2021-02-26,126571293.23155907,0.01758172104004571,-0.0023697697863368505
2021-03-01,130993604.59449217,0.034939291920187535,0.0
2021-03-02,129961092.72403291,-0.007882154809431606,-0.007882154809431552
2021-03-03,128814086.75637598,-0.008825764262328463,-0.016638353031532827
2021-03-04,124928856.32317083,-0.030161533812316906,-0.04629804859630793
2021-03-05,126773526.53210345,0.014765765598307877,-0.03221590913123218
2021-03-08,126982818.846023,0.0016509149792132993,-0.03061817987897264
2021-03-09,130256796.55065149,0.025782840028133743,-0.005624763484611051
2021-03-10,130086939.78889155,-0.0013040145793381808,-0.00692144329035993
2021-03-11,130034784.05558592,-0.0004009298196288785,-0.007319598096978908
2021-03-12,130251628.54240328,0.001667588317943186,-0.005664215855314292
2021-03-15,131610159.45626794,0.010430049351915697,0.0
2021-03-16,131659965.95606071,0.0003784396280540903,0.0
2021-03-17,131775881.81142929,0.0008804183908665855,0.0
2021-03-18,131609642.65544312,-0.0012615294521349698,-0.0012615294521349796
2021-03-19,130942145.52120173,-0.005071795050678081,-0.00632692628398146
2021-03-22,130129409.41575062,-0.00620683357689073,-0.01249448968237421
2021-03-23,127986314.0797613,-0.016468954601510162,-0.02875767310053634
2021-03-24,125327751.19654447,-0.020772243519412606,-0.04893255523125295
2021-03-25,123839142.72668558,-0.01187772425218405,-0.06022907208544537
2021-03-26,124315927.34212649,0.0038500316212069898,-0.05661092429628334
2021-03-29,127367436.50928867,0.024546405536309154,-0.03345411346553606
2021-03-30,131562484.09110333,0.03293657858544342,-0.0016193989172565981
2021-03-31,134273925.0737116,0.02060953015094088,0.0
2021-04-01,134462871.3997549,0.001407170647164615,0.0
2021-04-02,134084978.7476683,-0.002810386600797403,-0.0028103866007973544
2021-04-05,134557344.56277657,0.00352288391675256,0.0
2021-04-06,133896032.42162499,-0.004914723483139546,-0.004914723483139594
2021-04-07,134935237.21486318,0.007761281454299128,0.0
2021-04-08,135124183.5409065,0.00140027416072527,0.0
2021-04-09,135691022.51903644,0.004194948404319886,0.0
2021-04-12,135848649.9357057,0.0011616642998407325,0.0
2021-04-13,135158763.9028323,-0.00507834294415072,-0.005078342944150771
2021-04-14,136626157.40181696,0.010856813547359729,0.0
2021-04-15,135317642.1895004,-0.009577340365858602,-0.009577340365858555
2021-04-16,135437589.67569777,0.0008864142491442938,-0.008699415607683503
2021-04-19,136357556.58431205,0.00679255228047928,-0.0019659545625290153
2021-04-20,134852108.26662752,-0.011040446568530938,-0.012984696114756167
2021-04-22,133051880.45497662,-0.013349645287647408,-0.02616100031510371
2021-04-23,136267861.91601664,0.02417088319265262,-0.002622451605270415
2021-04-26,134350247.55339584,-0.014072389011303687,-0.01665793645742142
2021-04-27,135221890.4454962,0.006487839866122616,-0.010278170615534599
2021-04-28,135657711.8915464,0.003223009563128857,-0.007088287694591133
2021-04-29,136529354.78364676,0.006425310289747567,-0.0007085218527043136
2021-05-04,139144283.45994788,0.019152867751004218,0.0
2021-05-05,139318612.03836793,0.0012528619508125375,0.0
2021-05-06,140190254.93046832,0.006256471259276872,0.0
2021-05-07,143425963.25489214,0.02308083629656476,0.0
2021-05-10,150344299.9892809,0.04823629263060076,0.0
2021-05-11,147409112.6802312,-0.01952310336513566,-0.01952310336513563
2021-05-12,148561689.05809316,0.00781889502558899,-0.01185685743533238
2021-05-13,147474401.7948168,-0.007318759433673365,-0.019088839381797174
2021-05-14,144513801.9303289,-0.020075347507474625,-0.03878097180516793
2021-05-17,144903774.87992498,0.0026985169885993714,-0.03618710592781915
2021-05-18,147709486.78412428,0.01936258669951328,-0.017525195204237676
2021-05-19,147988793.49926403,0.0018909192714747578,-0.015667414662110968
2021-05-20,151479469.36380133,0.023587433764399587,0.0
2021-05-21,151413773.70480177,-0.00043369348516652113,-0.00043369348516653083
2021-05-24,149600940.27019814,-0.01197271153242607,-0.012401212530601224
2021-05-25,152691383.81737489,0.020657915261729092,0.0
2021-05-26,155754355.64803842,0.02005988651152033,0.0
2021-05-27,157049001.07885122,0.008312097760773669,0.0
2021-05-28,164299430.175033,0.0461666680231954,0.0
2021-05-31,171422183.93284112,0.04335227304330904,0.0
2021-06-01,172138724.55345732,0.004179976034472411,0.0
2021-06-02,174374991.33790404,0.012991073276787574,0.0
2021-06-03,181027335.60120556,0.03814964641581316,0.0
2021-06-04,181949206.5881688,0.005092440784711539,0.0
2021-06-07,173719768.83662853,-0.045229313751101514,-0.04522931375110151
2021-06-08,167340022.33688685,-0.03672435522143358,-0.08029265158791798
2021-06-09,174445143.2760384,0.04245918483772886,-0.04124262728507189
2021-06-10,170826736.3979109,-0.02074237671611082,-0.06112953388927356
2021-06-11,174934313.5629419,0.024045282674388487,-0.038554128137006316
2021-06-14,177135272.87187523,0.012581632866106657,-0.026457569156592253
2021-06-15,176522300.77583474,-0.0034604745068694464,-0.029826487919881628
2021-06-16,177434348.1734383,0.00516675453240199,-0.024813839529125303
2021-06-17,184118611.5803023,0.03767175564186852,0.0
2021-06-18,184802252.6578314,0.003713047104045407,0.0
2021-06-21,180328541.4546196,-0.024208098867144576,-0.02420809886714459
2021-06-22,179057517.80547005,-0.007048377582920757,-0.03108584862868502
2021-06-23,177569884.77286118,-0.008308129425903506,-0.03913571280086736
2021-06-24,174657012.0335886,-0.016404092073374944,-0.05489781903809976
2021-06-25,181771870.24324852,0.04073617272401101,-0.016397973352596296
2021-06-28,182811763.16777956,0.005720868268227916,-0.010770915729784392
2021-06-29,182567159.27665916,-0.0013380095836388456,-0.012094513724952294
2021-06-30,180133215.76468405,-0.013331770739154423,-0.025265043179924063
2021-07-01,187779070.6006707,0.04244555788075621,0.0
2021-07-02,196489536.44212568,0.04638677683083533,0.0
2021-07-05,193901000.42776254,-0.013173912775378608,-0.013173912775378605
2021-07-06,186721365.9755818,-0.03702732031470618,-0.04971343840195286
2021-07-07,187918507.78641877,0.006411380961049339,-0.043620789233382085
2021-07-08,185808880.19536904,-0.011226289607660441,-0.054357379228193836
2021-07-09,178762455.84160355,-0.037922968731938504,-0.09021895476731145
2021-07-12,171035401.43904167,-0.04322526431058098,-0.12954448091225101
2021-07-13,173508697.4352268,0.014460725530361184,-0.11695706256433502
2021-07-14,169670963.25940704,-0.022118396556186665,-0.13648855643067703
2021-07-15,173750145.7757113,0.024041724275871895,-0.11572825239532325
2021-07-16,174641242.75257543,0.005128611391292983,-0.11119316623755937
2021-07-19,167159578.15993944,-0.0428401932711605,-0.14926982277667045
2021-07-20,172067569.0842281,0.02936111097141356,-0.12429143963648603
2021-07-21,173605892.08487293,0.008940226265949132,-0.11646240696380761
2021-07-22,176254318.6317864,0.015255395511684042,-0.10298369153259912
2021-07-23,174655008.16770157,-0.009073879587744796,-0.11112310950387572
2021-07-26,173743872.79543722,-0.005216772091582364,-0.11576017765906843
2021-07-27,171593045.95474315,-0.012379296064307333,-0.12670644421167732
2021-07-28,167414838.15088394,-0.024349517083350723,-0.14797072056712512
2021-07-29,174447991.91684777,0.04201033697876372,-0.11217668342237685
2021-07-30,175532623.60186833,0.006217507425007022,-0.10665663535946113
2021-08-02,175360951.06316745,-0.0009780093020785418,-0.10753033348002972
2021-08-03,184579107.9750591,0.05256675933840671,-0.0606160953032463
2021-08-04,183272243.399734,-0.00708024103953135,-0.06726715977715547
2021-08-05,184499096.99420738,0.0066941593102972435,-0.06102329755075775
2021-08-06,183493882.16125903,-0.00544834554382625,-0.06613916708330381
2021-08-09,190017385.44539154,0.035551611897335585,-0.032938909185326826
2021-08-10,190069085.5056858,0.0002720806844757288,-0.032675790541808136
2021-08-11,186836233.59643802,-0.01700882550492977,-0.04912883922717659
2021-08-12,184284066.27417615,-0.01365991635099267,-0.06211765974390471
2021-08-13,191672511.26801366,0.04009269571274298,-0.02451542846166177
2021-08-16,193759714.12734035,0.010889421991284794,-0.013892965316193218
2021-08-17,194761798.61150366,0.005171789650271349,-0.00879302716015573
2021-08-18,194751374.2465002,-5.35236636639424e-05,-0.008846080188791405
2021-08-19,194039878.8476445,-0.0036533523915221987,-0.01246711473210027
2021-08-20,189483962.81284237,-0.023479276846896692,-0.035653672740719955
2021-08-23,185642148.26814675,-0.02027514354072415,-0.055205932948871994
2021-08-24,187366416.20940593,0.009288127493378252,-0.046430565199113705
2021-08-25,188337491.29179558,0.005182759546963594,-0.04148844410720676
2021-08-26,189752663.81575435,0.007514024500656713,-0.0342861647920657
2021-08-27,190887161.89878243,0.00597882559440457,-0.028512330197253966
2021-08-30,191480619.69120926,0.003108945549420995,-0.02549202792990335
2021-08-31,192171034.61387932,0.003605664760138453,-0.02197827887653614
2021-09-01,191772724.24098817,-0.002072686831766635,-0.024005411619090533
2021-09-06,193355483.8806346,0.008253309462598502,-0.01595022624736142
2021-09-07,190287538.3111096,-0.015866866084951376,-0.0315640122284212
2021-09-08,190386345.17992663,0.0005192503392181553,-0.031061151513259833
2021-09-09,190682149.20685315,0.001553704004596363,-0.029555707344156912
2021-09-10,189876216.2972698,-0.004226577647334356,-0.033657365499479286
2021-09-13,193134952.6475788,0.017162425151800706,-0.017072582363870215
2021-09-14,198389671.28594083,0.02720749696690334,0.0
2021-09-15,203252564.99708545,0.0245118290666236,0.0
2021-09-16,198104306.3241289,-0.0253293663134356,-0.02532936631343563
2021-09-17,203615627.3899374,0.027820299154886326,0.0
2021-09-20,202482231.59209454,-0.005566349756015202,-0.005566349756015221
2021-09-21,205594661.32700765,0.015371372146782624,0.0
2021-09-22,206215909.61334032,0.0030217140966736643,0.0
2021-09-23,202735096.69308507,-0.016879458654678246,-0.016879458654678214
2021-09-24,201171502.89030677,-0.007712496890192546,-0.0244617727724884
2021-09-27,195009236.00225767,-0.030631907598807417,-0.05434436960802602
2021-09-28,200267424.45978737,0.026963791896855688,-0.02884590798404696
2021-09-29,200159925.47484112,-0.000536777187983641,-0.029367201346658045
2021-09-30,202874765.14617783,0.013563352728555793,-0.016202166328617484
2021-10-01,205144218.2158474,0.011186472935825016,-0.005196938487929237
2021-10-04,209082852.30246535,0.019199342398594037,0.0
2021-10-05,212060017.64361832,0.014239165519160374,0.0
2021-10-06,217028862.41974714,0.02343131360329942,0.0
2021-10-07,220634300.1673086,0.016612710896435134,0.0
2021-10-08,217872769.56524396,-0.012516324977442539,-0.012516324977442594
2021-10-11,218715403.17234913,0.0038675489772613896,-0.008697183500046779
2021-10-12,223778209.27613428,0.023147917477927396,0.0
2021-10-13,226064673.5821732,0.010217546710356866,0.0
2021-10-14,227401767.83198315,0.005914653663585012,0.0
2021-10-15,228573240.8723875,0.005151556434996134,0.0
2021-10-18,226620785.80504692,-0.008541923192271832,-0.008541923192271872
2021-10-19,230994285.15588987,0.019298756445956838,0.0
2021-10-20,233181034.83131135,0.009466683013156436,0.0
2021-10-21,235211588.1013456,0.008708054973266603,0.0
2021-10-22,234508704.27710298,-0.002988304402501505,-0.0029883044025015293
2021-10-25,232165758.19629425,-0.009990870437117034,-0.012949319077506516
2021-10-26,234617802.61911178,0.010561610988061146,-0.0025244737601022305
2021-10-27,237324717.0299088,0.011537549071634373,0.0
2021-10-28,245049866.2164682,0.03255096764988798,0.0
2021-10-29,246759752.78483057,0.006977708638501901,0.0
2021-11-01,248253593.53769463,0.006053826590459673,0.0
2021-11-02,247967800.4647473,-0.0011512142437685548,-0.0011512142437685169
2021-11-03,236862777.74820384,-0.04478413203541009,-0.04588379014848465
2021-11-04,237688608.30554974,0.0034865358128316525,-0.042557229813234176
2021-11-05,242251100.43403345,0.019195249452673008,-0.024178877002840937
2021-11-08,252052240.1149855,0.04045859714730566,0.0
2021-11-09,256703949.32945612,0.018455337720261995,0.0
2021-11-10,262732016.46904805,0.023482564858616405,0.0
2021-11-11,262857684.94580922,0.00047831428559818115,0.0
2021-11-12,270022036.5744042,0.027255629334451335,0.0
2021-11-15,277436243.4757911,0.027457784540277485,0.0
2021-11-16,275801249.9476237,-0.005893222556951307,-0.00589322255695135
2021-11-17,288505136.84799814,0.04606174519798933,0.0
2021-11-18,297245495.5885632,0.03029533143172424,0.0
2021-11-19,293407376.3501667,-0.012912287302442812,-0.01291228730244276
2021-11-22,289396001.1038865,-0.013671691885117512,-0.026407446374029253
2021-11-23,282334809.9644681,-0.024399753667928393,-0.05016286485543231
2021-11-24,283077844.3246048,0.0026317490224822037,-0.047663131903498246
2021-11-25,287670415.13234496,0.016223702772280052,-0.03221270161641654
2021-11-26,282922455.74565685,-0.016504858118634752,-0.04818589366525439
2021-11-29,289105743.48677266,0.02185506175117642,-0.027383937595667707
2021-11-30,288138754.17800957,-0.0033447599383556663,-0.030637104836598983
2021-12-01,285427266.2930691,-0.009410354718426082,-0.03975915353096704
2021-12-02,282516949.0226343,-0.010196353376578118,-0.04955010852818986
2021-12-03,269571490.95328456,-0.04582188117964072,-0.09310151052241356
2021-12-06,257568090.60830986,-0.04452770692674927,-0.13348362067418307
2021-12-07,258987677.21508795,0.005511500292700797,-0.12870781539589882
2021-12-08,257254575.9346308,-0.0066918291213438974,-0.13453835381003187
2021-12-09,263524234.8836801,0.024371418569605674,-0.11344582577479623
2021-12-10,266434115.0544126,0.011042172922034752,-0.10365634127824974
2021-12-13,274023221.31191176,0.028483988456017618,-0.07812489885059481
2021-12-14,278947467.11499184,0.017970177051071786,-0.061558640063965386
2021-12-15,279788773.7515375,0.003016003856377883,-0.05872829730341378
2021-12-16,287124187.0284288,0.026217682641568034,-0.03405033452262629
2021-12-17,279357278.8528968,-0.027050692788772146,-0.060179942172871925
2021-12-20,283761128.7983199,0.01576422122776344,-0.04536441086699561
2021-12-21,291232383.7853949,0.02632938140158423,-0.02022944634118673
2021-12-22,298868189.7821156,0.026218945494562138,0.0
2021-12-23,295391985.5795195,-0.011631228486144115,-0.011631228486144063
2021-12-24,284638416.7699613,-0.0364044027411954,-0.04761220330115501
2021-12-27,292933152.06178707,0.029141306314001175,-0.01985837878783736
2021-12-28,282735738.67486525,-0.03481140087814618,-0.05397848168121
2021-12-29,289381961.74090964,0.023506837505559493,-0.03174050757332758
2021-12-30,288960247.568942,-0.0014572925327847354,-0.0331515449014389
2021-12-31,279734235.99816954,-0.03192830726161137,-0.06402137945123998
2022-01-04,279734235.99816954,0.0,-0.06402137945123998
2022-01-05,279734235.99816954,0.0,-0.06402137945123998
2022-01-06,279734235.99816954,0.0,-0.06402137945123998
2022-01-07,279734235.99816954,0.0,-0.06402137945123998
2022-01-10,279734235.99816954,0.0,-0.06402137945123998
2022-01-11,279734235.99816954,0.0,-0.06402137945123998
2022-01-12,279734235.99816954,0.0,-0.06402137945123998
2022-01-13,279287376.1962555,-0.001597444089456967,-0.06551655296649372
2022-01-14,281126238.69451934,0.0065841232185577395,-0.05936379880552256
2022-01-17,272415365.5805384,-0.030985628216107067,-0.08851000242234586
2022-01-18,263116461.08241698,-0.03413502200327327,-0.11962373354542266
2022-01-19,268450076.1163794,0.020270928743951637,-0.10177768898025574
2022-01-20,271095923.3933115,0.009856012392356646,-0.09292479875175386
2022-01-21,268518565.1006701,-0.009507182034980723,-0.10154852780943768
2022-01-24,253521065.69603604,-0.055852746714222,-0.15172951032071713
2022-01-25,261171704.9896397,0.030177528926833008,-0.12613080308064173
2022-01-26,262683513.0500751,0.005788559907342894,-0.12107235888309242
2022-01-27,256269261.8167352,-0.02441817211465861,-0.1425341653002159
2022-01-28,259423686.1452011,0.012309023353419926,-0.1319795983161366
2022-02-07,260796839.48012143,0.0052930916036393995,-0.12738508681619598
2022-02-08,267089774.1823817,0.024129643268701952,-0.10632920025012149
2022-02-09,268229403.9234429,0.0042668415312786066,-0.1025160485664578
2022-02-10,269364151.9518468,0.004230513179411732,-0.09871923088160761
2022-02-11,271396049.69443923,0.007543311639166034,-0.0919205891657604
2022-02-14,269336546.32811344,-0.007588553218237921,-0.09881159810126217
2022-02-15,273568009.674545,0.015710691341815398,-0.08465330527820714
2022-02-16,271000460.5913734,-0.009385414201851072,-0.09324421314646658
2022-02-17,275479996.89489496,0.016529626162798367,-0.07825587896882358
2022-02-18,275365020.42528737,-0.00041736776137491784,-0.07864058524917883
2022-02-21,273531188.1081148,-0.006659641498184212,-0.08477650864239605
2022-02-22,272638512.22740805,-0.003263525036691217,-0.08776336342060964
2022-02-23,279890376.8907251,0.02659882715787503,-0.06349893879715318
2022-02-24,284846330.8791362,0.017706768069221737,-0.046916531709854326
2022-02-25,287163004.22126377,0.008133063659192979,-0.039165043189726134
2022-02-28,284904246.8585689,-0.007865767280225451,-0.046722747354701166
2022-03-01,287274763.37882334,0.008320397278708156,-0.03879110189593682
2022-03-02,287251814.4165778,-7.988506186762254e-05,-0.03886788812822961
2022-03-03,292038469.7013099,0.016663620713602903,-0.02285194716033423
2022-03-04,292059628.11872965,7.245078856005494e-05,-0.022781152013366057
2022-03-07,286615159.89174724,-0.018641632402439066,-0.040998106554267943
2022-03-08,277084500.4362188,-0.03325246110194628,-0.07288727971276499
2022-03-09,277023642.2700988,-0.0002196375691320976,-0.07309090849696032
2022-03-10,278320208.62396586,0.004680345486912985,-0.06875265371376538
2022-03-11,275994953.6211879,-0.008354603549178673,-0.07653285609821159
2022-03-14,271312141.6911469,-0.01696702011612983,-0.09220134170537819
2022-03-15,277051702.5540071,0.02115482494474551,-0.0729970200040807
2022-03-16,280567614.6577295,0.012690454782666491,-0.061232930603045355
2022-03-17,282004126.3446373,0.005120019602619497,-0.056426424805439246
2022-03-18,284058120.6768583,0.0072835612685711,-0.049553848859105076
2022-03-21,288331851.8016519,0.015045270012383639,-0.035254129882959506
2022-03-22,289037454.5916516,0.0024471898806557066,-0.03289321355220465
2022-03-23,288184235.7222222,-0.0029519318547654183,-0.035748046882079776
2022-03-24,287059165.96501243,-0.0039039947982936196,-0.0395124814912966
2022-03-25,287688651.9801756,0.0021928789942903502,-0.03740624858768071
2022-03-28,284950523.56141627,-0.009517679616184611,-0.04656790751416451
2022-03-29,284331894.76694816,-0.0021710042386876675,-0.048637812628252064
2022-03-30,287223074.80757785,0.010168328259478004,-0.038964049613401164
2022-03-31,286378874.17247546,-0.002939181107464833,-0.041788708322371915
2022-04-01,292391417.0334954,0.020995064242758477,-0.02167100069546357
2022-04-04,289014088.19640124,-0.011550711273810379,-0.032971396497226024
2022-04-05,290651671.7208231,0.005666102765582283,-0.02749211305252186
2022-04-06,291125227.2965512,0.0016292890143187555,-0.025907616635979958
2022-04-07,278190470.97060525,-0.04443021460579278,-0.06918675027471155
2022-04-08,279533622.986721,0.004828174061568226,-0.06469262188622382
2022-04-12,271523004.08662325,-0.028657085378520873,-0.09149580527599088
2022-04-13,279333221.5619856,0.028764477991966707,-0.06536315636124268
2022-04-14,285818955.35260016,0.023218626679445374,-0.04366217240793924
2022-04-15,287193458.1639427,0.004808998093380069,-0.039063145618421724
2022-04-18,280766309.581355,-0.022379160805671344,-0.06056810600672302
2022-04-19,279968989.1933973,-0.002839800790723647,-0.06323590544211621
2022-04-20,273194682.0565373,-0.024196633907123368,-0.08590244329547125
2022-04-21,266464791.74569324,-0.02463404580273379,-0.10842036437549762
2022-04-22,251139663.5823137,-0.057512769559459984,-0.15969757850307686
2022-04-25,233615101.94922578,-0.0697801429814532,-0.2183340016227936
2022-04-26,235912624.57873684,0.009834649431227289,-0.2106465905564434
2022-04-27,241816460.82009494,0.025025520579496037,-0.19089261056391837
2022-04-28,243995676.8543214,0.009011859766849067,-0.18360104823399903
2022-04-29,254087585.13371658,0.04136101266015712,-0.14983396085426648
2022-05-04,260498280.95446253,0.025230259941162576,-0.12838405069347103
2022-05-05,256917088.19057012,-0.013747471771295249,-0.1403665663519733
2022-05-06,253351399.9847601,-0.01387875065423883,-0.15229720443162142
2022-05-09,242055125.69547015,-0.04458737662380969,-0.19009404824268505
2022-05-10,244892390.35676855,0.011721564057552578,-0.18060068374856852
2022-05-11,245098464.37645888,0.0008414880486491161,-0.17991116901687176
2022-05-12,234449196.70458925,-0.04344893673227139,-0.21554315674910007
2022-05-13,224461315.26371765,-0.04260147435461905,-0.24896217483915872
2022-05-16,219644676.6702199,-0.021458657977828945,-0.26507843865769776
2022-05-17,228160044.7785312,0.038768834453003775,-0.2365863863100749
2022-05-18,229089344.7696607,0.004073018095835158,-0.23347698884690893
2022-05-19,230038875.20402104,0.004144804007864427,-0.23029990119816135
2022-05-20,229331545.59242344,-0.0030748264221439454,-0.23266659539908396
2022-05-23,227537074.1954841,-0.007824790925747907,-0.2386708188604285
2022-05-24,227613036.63023293,0.00033384640730488936,-0.23841665184852867
2022-05-25,230974092.11986512,0.014766533320726997,-0.2271707059615392
2022-05-26,230588363.02140644,-0.0016700102375919355,-0.22846133879449437
2022-05-27,233906481.17830437,0.014389790158620876,-0.21735905936048383
2022-05-30,235801093.0690586,0.008099869149457132,-0.21101977015029572
2022-05-31,235774708.5539974,-0.00011189309904289751,-0.21110805159329715
2022-06-01,236374640.37195212,0.002544513029553049,-0.20910070575166684
2022-06-02,231574000.09273493,-0.02030945566606908,-0.2251634399045287
2022-06-03,231030429.20006406,-0.002347288091293471,-0.2269822045347396
2022-06-06,234187538.29739994,0.013665338839854432,-0.21641865443046948
2022-06-07,236194872.03872192,0.008571479746171734,-0.20970220279744223
2022-06-08,239036010.5305107,0.012028789902445455,-0.2001958766345272
2022-06-09,240778587.59525487,0.007290019026324701,-0.19436528935786002
2022-06-10,235990544.14780742,-0.019885669632285063,-0.2103858750579911
2022-06-13,231337177.20935795,-0.019718446581211066,-0.22595583900042993
2022-06-14,234889088.84394944,0.015353829753775562,-0.21407129673053849
2022-06-15,238527329.34172717,0.015489184770923209,-0.20189790182882572
2022-06-16,242640915.80608088,0.017245765823589814,-0.18813401994044987
2022-06-17,243432800.93767303,0.0032636092266690535,-0.18548440663710886
2022-06-20,240977201.1930379,-0.010087382370726001,-0.19370073687427913
2022-06-21,235521478.26271835,-0.022639996245740982,-0.21195534916438918
2022-06-22,246667190.1143302,0.04732354744809766,-0.17466228073935053
2022-06-23,253889514.51412866,0.02927963137882629,-0.15049669655635756
2022-06-24,255049528.1080548,0.004568970074034224,-0.14661534138513033
2022-06-27,257072648.7214117,0.007932265659789023,-0.13984606756300877
2022-06-28,265321685.46245563,0.03208834849631694,-0.1122451484184932
2022-06-29,266954667.79638734,0.0061547262187989895,-0.1067812603575985
2022-06-30,261115768.68347555,-0.021872249551243124,-0.126317963534904
2022-07-01,261607946.71702915,0.00188490352779199,-0.12467115718220234
2022-07-04,260931080.89979595,-0.0025873289620110184,-0.12693592084850847
2022-07-05,261735318.86551088,0.003082185391412911,-0.12424497549798041
2022-07-06,258344296.78170174,-0.012955920884149257,-0.1355911883093247
2022-07-07,258220565.1440987,-0.00047894085197319633,-0.13600518900204905
2022-07-08,260268675.8481931,0.007931632799856479,-0.12915229942023188
2022-07-11,257636489.2157153,-0.010113343927769069,-0.1379594817249019
2022-07-12,259734735.81113455,0.008144213584832801,-0.13093883962528952
2022-07-13,262910025.2646477,0.012225124389300202,-0.12031445883779912
2022-07-14,262871821.9246945,-0.00014530955947658628,-0.12044228555626335
2022-07-15,267023759.92523128,0.0157945342720156,-0.10655008109126607
2022-07-18,265700284.24122432,-0.0049563967055873326,-0.1109783733259525
2022-07-19,264217947.3169617,-0.00557898132663203,-0.11593820838013913
2022-07-20,267161708.95534968,0.011141414382636832,-0.10608850961984584
2022-07-21,269258377.7584552,0.00784793903027453,-0.09907314674488055
2022-07-22,267924608.25966287,-0.004953493034815952,-0.1035358816373585
2022-07-25,263729647.60392505,-0.015657242845241795,-0.1175720380406079
2022-07-26,262973967.73722118,-0.002865358042106682,-0.12010051009798806
2022-07-27,262015581.11218494,-0.0036444163400763496,-0.12330723017661183
2022-07-28,265962207.36558533,0.015062563213409024,-0.11010198991240838
2022-07-29,267235368.87735766,0.004787001598397313,-0.10584204671570852
2022-08-01,272593043.6462638,0.020048524233201012,-0.08791549932097897
2022-08-02,273847256.5954356,0.004601045325277623,-0.08371895719287159
2022-08-03,280032293.62391746,0.022585718423388183,-0.06302409156334132
2022-08-04,279987126.35712934,-0.0001612930644662881,-0.0631752192789441
2022-08-05,279353259.5674453,-0.00226391405180375,-0.06529611006409652
2022-08-08,278598487.7524755,-0.002701854333607841,-0.06782154381975991
2022-08-09,281012905.5349498,0.008666298952129994,-0.059743006641766905
2022-08-10,286036590.7135632,0.01787706215502841,-0.042933973929801694
2022-08-11,283556261.915987,-0.008671368902099621,-0.05123304650552285
2022-08-12,286768299.2065989,0.011327689499460027,-0.04048570904898885
2022-08-15,285633564.3604517,-0.003956974495739758,-0.044282482626579744
2022-08-16,286298670.47361755,0.002328529263201481,-0.042057066420021494
2022-08-17,285187566.3186548,-0.00388092670191134,-0.0457747727298593
2022-08-18,282263843.7617645,-0.010251928562774099,-0.05555742159262966
2022-08-19,287567172.82359743,0.018788552551239984,-0.03781271257659424
2022-08-22,289375170.0315714,0.00628721696646174,-0.031763232338192005
2022-08-23,294721558.10399723,0.018475628271225,-0.013874449740339911
2022-08-24,298528065.9447453,0.012915607074134985,-0.001138039607421093
2022-08-25,300755619.972806,0.007461790974363441,0.0
2022-08-26,302227041.75074506,0.0048924165675511755,0.0
2022-08-29,297640240.36674094,-0.015176674322170606,-0.015176674322170625
2022-08-30,299242143.784422,0.005382012243059723,-0.009876343126121734
2022-08-31,301655775.15955216,0.00806581367385534,-0.0018901901957008027
2022-09-05,299037607.9730772,-0.00867932061002371,-0.010553105239002103
2022-09-06,295295258.4220711,-0.012514645152401728,-0.022935682024081694
2022-09-07,287561745.54352283,-0.02618908586569517,-0.048524103343859926
2022-09-08,283015021.81109643,-0.015811295497016143,-0.06356816990417857
2022-09-09,285883496.722823,0.01013541575768798,-0.054077043977424744
2022-09-12,287804367.5651212,0.006719068656700114,-0.04772132269196039
2022-09-13,288546405.694334,0.0025782726491977107,-0.04526608862384285
2022-09-14,287824956.0945717,-0.002500289677933173,-0.0476531999676294
2022-09-15,286433283.479645,-0.004835135332981442,-0.05225792562971776
2022-09-16,283537649.5272131,-0.01010927891219629,-0.06183891459635049
2022-09-19,276427557.4165729,-0.025076359779718647,-0.08536457950526366
2022-09-20,282776486.7955988,0.022967787431765054,-0.06435742758977758
2022-09-21,277385295.9039965,-0.019065202176796362,-0.08219564239799626
2022-09-22,281894771.25556374,0.01625708146090031,-0.06727482219129122
2022-09-23,277883090.39594847,-0.014231129019340007,-0.08054855453627385
2022-09-26,266628680.3026532,-0.04050052155839766,-0.11778681762517729
2022-09-27,262625588.1703249,-0.015013734185626043,-0.13103213184040818
2022-09-28,255876451.76649946,-0.025698700765777262,-0.15336347705931686
2022-09-29,245008918.33192915,-0.042471799806288936,-0.18932165397034617
2022-09-30,251426202.86371177,0.02619204466299763,-0.16808833052381245
2022-10-03,236581562.22116607,-0.05904174057225211,-0.21720584349205463
2022-10-04,232557918.33188176,-0.017007428015556204,-0.2305191587598615
2022-10-05,243009740.0580392,0.04494287617092318,-0.19593647659610813
2022-10-06,228349982.58458138,-0.06032580204380513,-0.2444422535396158
2022-10-07,215534728.97192073,-0.056121106152980965,-0.2868449900334261
2022-10-10,228396762.57830286,0.05967499375962638,-0.24428746926402456
2022-10-11,218988666.3784154,-0.04119189822868882,-0.27541670292024567
2022-10-12,228902950.678443,0.04527304752336173,-0.24261260887691982
2022-10-13,232207099.4975838,0.014434714840274712,-0.23167993786243857
2022-10-14,235821501.36620727,0.015565423608682879,-0.21972071062821785
2022-10-17,231943016.7096473,-0.01644669648055999,-0.23255372727058266
2022-10-18,235208304.59816813,0.014077974559623905,-0.2217496381672197
2022-10-19,233578083.81544095,-0.006930966087750451,-0.2271436650328622
2022-10-20,231020094.17221755,-0.01095132557575295,-0.23560746638037056
2022-10-21,220083571.0055797,-0.047340138120128356,-0.27179391449991863
2022-10-24,208920841.42307472,-0.05072041284818112,-0.30872882779504063
2022-10-25,206879323.0964824,-0.00977173130591674,-0.31548374394935363
2022-10-26,208493652.80624354,0.0078032433865237805,-0.3101422970013584
2022-10-27,219886297.29984844,0.05464264422568424,-0.2724466479700559
2022-10-28,223882304.0353331,0.018173059370022938,-0.2592247777087565
2022-10-31,223249641.33180213,-0.0028258718627047915,-0.2613181135660182
2022-11-01,228784178.56529695,0.024790800112727517,-0.2430055985725409
2022-11-02,230024812.65715235,0.005422726779602547,-0.23890062475991103
2022-11-03,230299239.094829,0.0011930297193010469,-0.23799261058590815
2022-11-04,220403102.16388956,-0.042970775630155514,-0.2707366591449416
2022-11-07,212889524.5494383,-0.03409016270952592,-0.295597365092783
2022-11-08,212663929.7883063,-0.0010596799518879714,-0.29634380644305125
2022-11-09,214201763.06334978,0.007231284010289403,-0.2912554686618418
2022-11-10,203352593.46588483,-0.05064930111829344,-0.32715288384553187
2022-11-11,205132746.35345757,0.008754021068688167,-0.3212627660147096
2022-11-14,200256311.0429495,-0.023772095860821973,-0.3373977726053171
2022-11-15,189488526.5761607,-0.053770013093267274,-0.37302590304795724
2022-11-16,190375929.98103726,0.004683151116908853,-0.37008968860554337
2022-11-17,189598791.12086058,-0.004082127715694367,-0.37266106294608836
2022-11-18,185664020.59754884,-0.02075314141008155,-0.3856803166188184
2022-11-21,181868862.99877113,-0.02044099651921367,-0.39823762312849764
2022-11-22,178835438.4287798,-0.016679185870380774,-0.4082745296621395
2022-11-23,175424471.63758776,-0.019073215136553894,-0.41956063685967204
2022-11-24,172738207.59985512,-0.015312937885212659,-0.42844886877357236
2022-11-25,172758193.7810605,0.00011570214536241862,-0.42838273908150515
2022-11-28,180573376.36721614,0.04523769562015664,-0.40252409142084655
2022-11-29,181493724.81292424,0.005096811413862388,-0.3994788693904926
2022-11-30,182664290.3925462,0.006449620122285431,-0.3956057362226558
2022-12-01,188541917.62496915,0.03217721000526105,-0.3761580150711171
2022-12-02,194893209.7996876,0.03368636669619467,-0.3551430452063208
2022-12-05,197148282.81051272,0.01157081364272724,-0.3476815255561866
2022-12-06,186222454.6518695,-0.05541934224780683,-0.3838325863459555
2022-12-07,181461925.93976593,-0.02556366642789167,-0.3995840845723443
2022-12-08,184922146.563219,0.019068576537657044,-0.38813500773458454
2022-12-09,191577644.62898636,0.03599081121141996,-0.3661134903110831
2022-12-12,189021223.8725835,-0.01334404523739538,-0.3745721005717466
2022-12-13,195917838.09195942,0.03648592511508029,-0.3517527850683254
2022-12-14,197019251.31714624,0.005621811857018585,-0.3481084611891433
2022-12-15,194507139.0068519,-0.012750593119707512,-0.3564204649587005
2022-12-16,196066652.91266114,0.008017772066218539,-0.3512603909402565
2022-12-19,192496234.45614302,-0.018210228019287778,-0.363074087146378
2022-12-20,184171743.4310656,-0.0432449551472864,-0.39061791967987736
2022-12-21,185826405.9777661,0.008984345350022915,-0.3851430206201659
2022-12-22,188115121.63121033,0.012316417795423933,-0.3775701851776916
2022-12-23,191073653.29967758,0.015727240015650082,-0.3677810820870845
2022-12-26,182907095.83602887,-0.04274036384723527,-0.3948023486697879
2022-12-27,186391858.45527506,0.01905209091707507,-0.3832720679938444
2022-12-28,187648861.51417387,0.006743873199807308,-0.3791129330216154
2022-12-29,184792458.11925808,-0.015222066213815178,-0.388564117066462
2022-12-30,184027448.49463013,-0.0041398314217685195,-0.39109535854702693
2023-01-03,190888412.63273674,0.03728228693181504,-0.3683940009902633
2023-01-04,187094620.758575,-0.019874395841202187,-0.38094678863026077
2023-01-05,188530518.7951666,0.0076747157709279494,-0.37619573118591776
2023-01-06,188660733.4537937,0.0006906821211719445,-0.3757648807303372
2023-01-09,190667426.4829246,0.010636516631704816,-0.36912519350213113
2023-01-10,188864489.150045,-0.009455927350239169,-0.3750906998394712
2023-01-11,187638120.827228,-0.006493376962159885,-0.379148471492573
2023-01-12,190393696.5420161,0.014685585757519588,-0.37003090312799014
2023-01-13,192738007.1824519,0.01231296352250019,-0.36227411661790265
2023-01-16,191152919.9457518,-0.008224051186747116,-0.3675188069259505
2023-01-17,194988218.23024493,0.020064031904830887,-0.35482868408890733
2023-01-18,200074072.74894524,0.0260828811343609,-0.33800075734469914
2023-01-19,202010967.83691037,0.009680889989156987,-0.3315920155036479
2023-01-27,202695984.09394234,0.003390985471566137,-0.3293254537391419
2023-01-30,200843665.93491656,-0.00913840581156904,-0.3354543499103636
2023-01-31,203238298.8758879,0.01192287010807364,-0.32753105844345953
2023-02-01,198280296.7086175,-0.024395019022955457,-0.343935951065078
2023-02-02,194614838.1716624,-0.01848624698369141,-0.35606411311080965
2023-02-03,194671972.6893918,0.0002935773976237382,-0.3558750680889001
2023-02-06,196400757.58926976,0.008880502293138635,-0.3501549151539959
2023-02-07,189220426.9779587,-0.036559587139308174,-0.3739129831604745
2023-02-08,187099009.04122117,-0.01121135794173348,-0.3809322688089345
2023-02-09,185713334.76410386,-0.007406101636871972,-0.3855171473462433
2023-02-10,181923559.44640273,-0.02040658697187774,-0.39805664512164973
2023-02-13,176693086.30599666,-0.028750938890611602,-0.4153630817333669
2023-02-14,176074825.5537554,-0.003499065895371545,-0.4174087648352488
2023-02-15,176427181.2667297,0.0020011703085103224,-0.4162429005534387
2023-02-16,179274834.56902444,0.016140672213027847,-0.4068206685592439
2023-02-17,179223746.87703347,-0.00028496856300989513,-0.40698970602093176
2023-02-20,182621473.9712764,0.01895801841802879,-0.3957474059455959
2023-02-21,185310097.25389504,0.014722382993368687,-0.38685136783119045
2023-02-22,178006762.4182007,-0.03941142411515751,-0.41101642861922405
2023-02-23,182361366.82573226,0.024463140323293206,-0.3966080408644218
2023-02-24,180143286.0221172,-0.012163106924586173,-0.40394716178082335
2023-02-27,177055779.60984161,-0.017139170048760585,-0.4141630127331082
2023-02-28,173898405.3144,-0.017832653090450856,-0.4246100404945935
2023-03-01,179232440.78820324,0.030673285727718845,-0.4069609398618236
2023-03-02,179870136.20148554,0.0035579240592715122,-0.4048509519216702
2023-03-03,179851844.50338,-0.0001016939136858939,-0.4049114749575957
2023-03-06,180583137.98780873,0.004066088320906768,-0.4024917924560152
2023-03-07,182896311.67769143,0.01280946668475137,-0.39483803097761505
2023-03-08,186070994.51529223,0.01735782864334287,-0.38433373321785647
2023-03-09,186837804.4182305,0.004121060915140411,-0.3817965350290502
2023-03-10,184283549.18394193,-0.013670976504149845,-0.39024798007345207
2023-03-13,182651410.0970334,-0.008856672742282632,-0.39564835416788735
2023-03-14,180488604.2728075,-0.011841166860288205,-0.4028045828484752
2023-03-15,184640818.06714588,0.023005406967756964,-0.38906585923762493
2023-03-16,185013322.90741813,0.0020174566175112153,-0.38783332611248034
2023-03-17,187261194.53908983,0.012149782493212916,-0.38039563417515343
2023-03-20,181745493.5592957,-0.029454586110966734,-0.3986458243230723
2023-03-21,183021661.34893924,0.007021730028355105,-0.3944232776500448
2023-03-22,184912995.5836068,0.010333936544601971,-0.3881652862283924
2023-03-23,186505772.40000084,0.008613655364605625,-0.38289515286386167
2023-03-24,189370894.6419055,0.015362110271631643,-0.3734151201529978
2023-03-27,192443366.55751076,0.01622462586668995,-0.3632490149037554
2023-03-28,190637184.4752657,-0.009385525282344731,-0.3692252573729341
2023-03-29,190371123.45789626,-0.0013956407198406212,-0.3701055922887915
2023-03-30,187250217.8078847,-0.01639379751153178,-0.3804319536624552
2023-03-31,189947509.56286523,0.014404745620899124,-0.3715072335601255
2023-04-03,196698030.08716533,0.035538873554253884,-0.3491713086038555
2023-04-04,201747217.56682527,0.025669740959898955,-0.3324647046864465
2023-04-05,205228828.11032084,0.017257291503127384,-0.3209448535065943
2023-04-06,205420038.22627953,0.0009316922857246233,-0.32031218306502474
2023-04-07,208853261.99881852,0.016713188266264157,-0.3089524326183044
2023-04-10,208721899.11470273,-0.0006289721446463617,-0.3093870822888132
2023-04-11,213608934.06953433,0.023414097780635558,-0.2932170039049534
2023-04-12,210143217.78227898,-0.016224584904895322,-0.30468426463443377
2023-04-13,208393504.08300626,-0.008326291553627635,-0.3104736661689125
2023-04-14,206098928.0584867,-0.011010784787253246,-0.31806589223587034
2023-04-17,207518508.2871816,0.0068878583797972875,-0.31336882667723753
2023-04-18,211935932.66054165,0.02128689344300251,-0.29875258205607214
2023-04-19,214843811.34232095,0.013720555288927112,-0.28913107808695515
2023-04-20,213698563.62002456,-0.00533060605814523,-0.29292044026865194
2023-04-21,214086005.85420352,0.001813031531966063,-0.29163848273125037
2023-04-24,212752616.591526,-0.006228287819922162,-0.2960503621413568
2023-04-25,209136629.52551955,-0.016996204906607373,-0.3080148344303344
2023-04-26,211716547.6134688,0.01233604124634913,-0.29947847688600526
2023-04-27,211419227.32884848,-0.001404331819934703,-0.3004622415514634
2023-04-28,212714316.90846416,0.006125694412841918,-0.2961770870129632
2023-05-04,212133091.2212603,-0.0027324239179160143,-0.2981002295743863
2023-05-05,214527567.37268522,0.011287612590943739,-0.29017745688814967
2023-05-08,213806606.01471737,-0.0033606932982900646,-0.2925629527517609
2023-05-09,212120444.48576334,-0.007886386489096424,-0.29814207472306564
2023-05-10,211754840.21649465,-0.0017235692210386133,-0.299351775440615
2023-05-11,216320939.72187495,0.021563141133926374,-0.28424359888920603
2023-05-12,220661786.8748586,0.020066698852939005,-0.26988073073605234
2023-05-15,217165973.3495081,-0.01584240558757472,-0.28144757632703543
2023-05-16,219849723.42002618,0.012358059732492412,-0.2725676625543577
2023-05-17,216522901.144274,-0.015132255906441343,-0.28357535483920604
2023-05-18,218707479.35678044,0.01008936330042433,-0.27634708631680116
2023-05-19,213433164.72652316,-0.02411584023449522,-0.2937985843684121
2023-05-22,216193291.7313666,0.01293204366050636,-0.28466595682835305
2023-05-23,217893985.93332553,0.007866544740306472,-0.27903874957347896
2023-05-24,219848013.97648412,0.008967792455531625,-0.2725733187111734
2023-05-25,222392758.64806128,0.011575017784101303,-0.2641533419386254
2023-05-26,219707781.17671102,-0.012073133530391859,-0.273037316899293
2023-05-29,224494712.44946015,0.021787718428137946,-0.2571984586521311
2023-05-30,232252771.5011114,0.034557869835788624,-0.23152881967240835
2023-05-31,229225257.56524277,-0.013035426515261772,-0.24154616927266515
2023-06-01,232791437.13032424,0.01555753324463584,-0.22974649858660323
2023-06-02,232301182.5420314,-0.00210598205130018,-0.23136863863553092
2023-06-05,228704063.15916976,-0.015484722649704116,-0.24327068208612423
2023-06-06,235058546.98418605,0.027784743905462664,-0.22224515178213178
2023-06-07,235107808.92884594,0.00020957308420358321,-0.22208215529983644
2023-06-08,231855890.24463427,-0.013831606440583377,-0.23284200877083594
2023-06-09,237927889.63527185,0.02618867859786063,-0.21275115470475503
2023-06-12,240365031.6762584,0.010243196141160753,-0.20468721037049353
2023-06-13,238091395.10650894,-0.009459098746159337,-0.2122101525816824
2023-06-14,232362085.1256847,-0.024063490317494485,-0.23116712594725364
2023-06-15,233193891.3503514,0.0035797846460912963,-0.22841486982930936
2023-06-16,233747840.27554402,0.002375486433134603,-0.22658197982058048
2023-06-19,233522279.80009323,-0.0009649735166959887,-0.227328307727389
2023-06-20,237737490.26086658,0.018050570867935087,-0.21338114258837493
2023-06-21,247530716.46368223,0.04119344488776111,-0.18097760203791557
2023-06-22,248212027.73312372,0.0027524312100532687,-0.17872329922803198
2023-06-23,254050582.3092763,0.023522448245055137,-0.15940486053925373
2023-06-26,246934375.05790976,-0.028010985791417795,-0.18295075904702363
2023-06-27,243387174.30652034,-0.014364953241352254,-0.19468763318919546
2023-06-28,243319743.26344877,-0.00027705257380015335,-0.1949107470531335
2023-06-29,233255207.53312963,-0.04136341587136232,-0.22821198863633918
2023-06-30,236891111.20723847,0.01558766345481234,-0.21618161685674353
2023-07-03,238585081.66701886,0.007150840110241477,-0.2105766569234181
2023-07-04,248446090.72034758,0.04133120555748425,-0.17794883845884346
2023-07-05,245850812.89272577,-0.010446040105107059,-0.18653601786075225
2023-07-06,242929136.21707588,-0.011883941489852718,-0.19620317622859762
2023-07-07,245932692.33136898,0.01236391879979843,-0.18626509756795218
2023-07-10,251134646.51888794,0.021151942583175792,-0.16905302363378327
2023-07-11,255950320.7757814,0.019175666614089693,-0.15311906144099885
2023-07-12,254892244.01253644,-0.0041339145816967245,-0.15661999490186895
2023-07-13,257497468.70856518,0.01022088650096629,-0.14799990359257653
2023-07-14,257012799.03204566,-0.0018822308388128691,-0.14960356444870615
2023-07-17,254577944.4066587,-0.0094736707065058,-0.15765994024910535
2023-07-18,253349422.26499373,-0.004825721036157635,-0.1617248383950436
2023-07-19,253890371.1978321,0.0021351891312882828,-0.15993496238095573
2023-07-20,252516222.7111771,-0.005412369441865349,-0.16448170471974455
2023-07-21,257777267.85849375,0.020834483784172988,-0.14707411234534817
2023-07-24,253302046.02200115,-0.017360808707730043,-0.16188159552279147
2023-07-25,252377018.10443953,-0.003651877006478167,-0.16494230085280792
2023-07-26,254169400.12044066,0.007102001717364794,-0.1590117196393659
2023-07-27,251569482.1586853,-0.010229075413969457,-0.16761425218143933
2023-07-28,262231712.62875748,0.04238284540152071,-0.132335375717216
2023-07-31,263210826.11193287,0.003733772217556051,-0.1290957136489127
2023-08-01,252465793.5239206,-0.04082291274540072,-0.1646485633402187
2023-08-02,259076220.24743843,0.026183454919771185,-0.14277617665627118
2023-08-03,261508375.56455106,0.009387798366016466,-0.1347287322481745
2023-08-04,262748321.48648328,0.004741515139832111,-0.13062603543206752
2023-08-07,264437494.57570928,0.006428863483007653,-0.12503694889817918
2023-08-08,258178044.12579662,-0.023670812869997778,-0.14574803554897264
2023-08-09,257915423.17411166,-0.001017208696325046,-0.14661698807606505
2023-08-10,255141026.55305374,-0.010757001605076592,-0.15579683050507587
2023-08-11,256370260.61904016,0.004817861253414763,-0.1517295767647564
2023-08-14,267183857.55955082,0.0421796073943982,-0.11594986334841373
2023-08-15,265855015.07807404,-0.004973513346256732,-0.12034669850181057
2023-08-16,273162921.4819205,0.02748831501899755,-0.09616651144272703
2023-08-17,272199491.2480865,-0.0035269436591442156,-0.09935428123411638
2023-08-18,255781855.09256497,-0.06031472020848956,-0.15367647576845456
2023-08-21,256845178.06636968,0.004157147790721535,-0.15015818379945978
2023-08-22,266776102.8889633,0.03866502340965671,-0.11729903008156073
2023-08-23,265365697.8795417,-0.0052868491373406525,-0.1219657369429038
2023-08-24,274248223.8870935,0.03347277390608285,-0.09257549457379954
2023-08-25,276718253.1689938,0.009006546138716962,-0.08440273389827602
2023-08-28,280704963.8577903,0.01440711136016679,-0.07121162212448418
2023-08-29,281004267.8630809,0.001066258327523769,-0.0702212937820671
2023-08-30,285635374.7536949,0.016480557131148186,-0.0548980226949175
2023-08-31,288696135.6249845,0.01071562257976248,-0.044770666606728904
2023-09-05,288051739.42316705,-0.0022320915395089382,-0.04690282592008688
2023-09-06,290826834.48471105,0.009634015983035614,-0.03772067251161482
2023-09-07,291939165.5809951,0.0038247196076485433,-0.034040223899735156
2023-09-08,290805613.25349146,-0.0038828374577549816,-0.03779088870106195
2023-09-11,291774998.2961673,0.003333446806031397,-0.0345834158122682
2023-09-12,297371219.81883466,0.019179921361825808,-0.016066801646144935
2023-09-13,301449767.1718761,0.013715339889065776,-0.0025718234025863262
2023-09-14,298650059.144256,-0.00928747782387167,-0.011835415473639532
2023-09-15,296705820.67006844,-0.006510089031150781,-0.018268454896336217
2023-09-18,294508465.0451114,-0.007405839292247809,-0.025539000947504054
2023-09-19,297890371.03015774,0.01148322166063479,-0.014349049295740657
2023-09-20,302318807.7651334,0.014865994894904849,0.0
2023-09-21,291192359.4064198,-0.036803692237889235,-0.03680369223788926
2023-09-22,279129959.0752069,-0.04142416496023969,-0.07670329497972073
2023-09-25,267904810.19696116,-0.040214776355200495,-0.11383346548160478
2023-09-26,268338384.44465637,0.0016183891859815722,-0.11239930314516144
2023-09-27,278726281.8699348,0.038711932498128626,-0.07803856488322503
2023-09-28,283918161.9872355,0.01862716383424307,-0.060865038182450926
2023-09-29,283239250.83503735,-0.0023912212851978755,-0.06311071769282262
2023-10-02,284689572.7020285,0.005120483346553726,-0.058313391725204
2023-10-03,272357643.5667054,-0.04331710859052211,-0.09910453279408382
2023-10-04,280812272.6487406,0.031042378584702688,-0.07113859463583516
2023-10-05,276134227.46852744,-0.016658976960258344,-0.08661247538706995
2023-10-06,282197563.0274387,0.02195792826733997,-0.06655637764133604
2023-10-09,287524693.99792004,0.018877310325898764,-0.04893547271034049
2023-10-10,286456164.39876205,-0.0037163054911927627,-0.05246991903558562
2023-10-11,298481595.18177116,0.04198000349634327,-0.012692602923809138
2023-10-12,299068478.8962345,0.0019662308294283574,-0.010751328681555261
2023-10-13,307694687.11354333,0.028843588763166807,0.0
2023-10-16,304585716.9309795,-0.010104074957318295,-0.010104074957318243
2023-10-17,286494347.847731,-0.059396642973078354,-0.06890056979758363
2023-10-18,280469472.76206356,-0.021029647289480192,-0.08848126240617638
2023-10-19,270844871.56597435,-0.03431603839557343,-0.11976097440373068
2023-10-20,279606590.6417397,0.03234958456147518,-0.09128560761089366
2023-10-23,280357747.9334712,0.002686479206400165,-0.08884436529118378
2023-10-24,283572377.41257393,0.011466169573688975,-0.07839690027559021
2023-10-25,282099137.93225616,-0.005195285569631954,-0.08318489156051656
2023-10-26,272284036.1711568,-0.03479309377916765,-0.11508372560660929
2023-10-27,271631434.7216415,-0.002396767209316376,-0.11720466391606577
2023-10-30,269377962.84644705,-0.008296064398819343,-0.1245283908751954
2023-10-31,265803101.59682122,-0.013270800669257427,-0.13614660009148472
2023-11-01,266620322.05328262,0.0030745331847217734,-0.13349065414673134
2023-11-02,276871377.6449375,0.03844814045947435,-0.10017498110791756
2023-11-03,280152195.25944227,0.011849609166578809,-0.08951240631573698
2023-11-06,282453504.53180814,0.008214496660412319,-0.08203320901807076
2023-11-07,277251154.4574093,-0.018418429904143604,-0.09894071601210308
2023-11-08,284137344.76978034,0.024837372907779383,-0.07656077056367905
2023-11-09,291919416.6868082,0.027388416412961282,-0.05126923241581294
2023-11-10,288022188.4546714,-0.013350356329048393,-0.06393512622339348
2023-11-13,286145502.3915719,-0.0065157690564345335,-0.0700343087627624
2023-11-14,286638664.07644045,0.0017234647434496936,-0.06843154568129717
2023-11-15,293362677.7604697,0.023458153161905852,-0.04657867019908912
2023-11-16,292370875.2157363,-0.0033808068303192653,-0.04980200354305209
2023-11-17,278518446.75715274,-0.04737964562428485,-0.09482204788808779
2023-11-20,278872101.34858966,0.0012697708017353798,-0.09367267935412149
2023-11-21,280462850.578635,0.005704225063578105,-0.08850278433588765
2023-11-22,279379638.1967114,-0.003862231235576242,-0.09202319735336639
2023-11-23,275279469.26876616,-0.014675976225075946,-0.10534864332192884
2023-11-24,275550713.58226156,0.000985341602902362,-0.1044671061201009
2023-11-27,278146877.56788796,0.009421728406634496,-0.09602963841475709
2023-11-28,281573915.7577524,0.012320965886190872,-0.08489185042753766
2023-11-29,282898352.70448583,0.004703691899759895,-0.08058746363698943
2023-11-30,281590264.2661144,-0.004623881425487982,-0.08483871818623911
2023-12-01,281619303.98709697,0.00010312757459223747,-0.08474433982288487
2023-12-04,284625748.60161686,0.010675562974396249,-0.07497347038499147
2023-12-05,281761357.8057298,-0.010063709309364927,-0.08428266848248755
2023-12-06,287424911.3233856,0.0201005331666549,-0.06587626188903917
2023-12-07,285843129.02911067,-0.005503288796339723,-0.07101701459138021
2023-12-08,283685825.04970616,-0.007547160523787878,-0.07802819830612673
2023-12-11,290208320.5829948,0.02299196842896826,-0.056830251749182215
2023-12-12,290998794.99876106,0.002723817201995683,-0.054261229764494656
2023-12-13,294451410.39877844,0.011864706862556185,-0.04304031648709605
2023-12-14,293464398.98228776,-0.0033520349423830395,-0.04624807878468307
2023-12-15,290237848.82724553,-0.010994690211935968,-0.05673428569748429
2023-12-18,289822136.9089407,-0.0014323146343063592,-0.05808533898411916
2023-12-19,283940510.55927634,-0.020293916856710916,-0.07720047680089248
2023-12-20,285624888.8414068,0.005932152051191172,-0.07172628971650874
2023-12-21,292658197.95903975,0.02462428658147564,-0.04886821184843837
2023-12-22,292925542.7740772,0.0009135053003874737,-0.04799934791859484
2023-12-25,296375259.9626013,0.011776771516251037,-0.03678785375571014
2023-12-26,296454226.4709515,0.0002664409585339817,-0.036531214588193306
2023-12-27,296802542.38240695,0.0011749399413254198,-0.03539919662999269
2023-12-28,294029594.6915773,-0.009342735640238915,-0.04441120693424072
2023-12-29,290409411.18517995,-0.012312309957080212,-0.05617671234597854
2024-01-02,292057461.6078079,0.005674920850196016,-0.050820589891970136
2024-01-03,297806957.2101875,0.019686179461836126,-0.03213487368310375
2024-01-04,293444084.2463889,-0.01465000349444266,-0.046314101165795485
2024-01-05,291863135.4148564,-0.005387564160963292,-0.05145214513517071
2024-01-08,290185650.99193096,-0.0057475036048695366,-0.05690392735039751
2024-01-09,293994782.27970254,0.013126532186381266,-0.044524346397912806
2024-01-10,289853448.82432413,-0.014086418212138222,-0.05798357604606785
2024-01-11,298346737.7915554,0.02930201107380623,-0.03038060035966239
2024-01-12,293888186.1713351,-0.014944194306342105,-0.04487078107108644
2024-01-15,287563813.58455336,-0.021519655720678297,-0.06542483303119695
2024-01-16,292207212.4582423,0.01614736852946771,-0.05033390339166288
2024-01-17,292133823.63149905,-0.00025115337203982505,-0.050572415234138024
2024-01-18,292220819.1159767,0.00029779326267736903,-0.050289682095994714
2024-01-19,294850482.3114129,0.008998890645065635,-0.041743342800686034
2024-01-22,298850337.50068235,0.013565706787770988,-0.028743913961690515
2024-01-23,303963958.26091516,0.01711097535642278,-0.01212477500871334
2024-01-24,300359549.02357304,-0.011858015200105347,-0.0238390144424675
2024-01-25,303337870.2477578,0.009915853296047546,-0.014159545316353883
2024-01-26,303452206.3434861,0.0003769265460817394,-0.013787955878782343
2024-01-29,304261343.6998073,0.0026664408411166086,-0.011158279806336435
2024-01-30,306561556.73418045,0.0075599910471788965,-0.0036826452545952737
2024-01-31,300386708.02279013,-0.02014227999482834,-0.023750748377583952
2024-02-01,302639962.45001847,0.007501178870595628,-0.01642772811887916
2024-02-02,300252737.38635606,-0.007888003435952924,-0.02418614957898546
2024-02-05,295995077.66423935,-0.014180252806948042,-0.03802343667047681
2024-02-06,296768330.57131493,0.002612384344961033,-0.035510384156215324
2024-02-07,294797944.53359205,-0.006639475424920355,-0.04191408925820106
2024-02-15,295874126.7235178,0.003650575622663814,-0.03841652418802932
2024-02-16,290781426.52119786,-0.017212387776910414,-0.05496767185357432
2024-02-19,293630485.2791546,0.009797939270199734,-0.04570830249402014
2024-02-20,297503010.33207,0.01318842983634272,-0.03312269339805818
2024-02-21,298931951.1317898,0.004803113750428409,-0.028478671711741232
2024-02-22,298185285.39433706,-0.0024977782890914985,-0.030905316592928944
2024-02-23,293528059.8944884,-0.015618562444118213,-0.04604118241998523
2024-02-26,306242894.6536885,0.04331727182665457,-0.004718289007437759
2024-02-27,311393992.7240166,0.01682030231641188,0.0
2024-02-28,310385802.218119,-0.003237668450435151,-0.0032376684504351605
2024-02-29,307124657.0288701,-0.010506747299469574,-0.013710398385656575
2024-03-01,309985127.2155728,0.009313710642365587,-0.004524382426646545
2024-03-04,312517195.08579123,0.00816835276247812,0.0
2024-03-05,312479845.6056034,-0.00011951176055314412,-0.00011951176055313706
2024-03-06,307887349.749771,-0.014696934603676229,-0.014814689907700185
2024-03-07,308182730.3032199,0.0009593786613479893,-0.01386952414372411
2024-03-08,308524376.87130034,0.0011085844029750803,-0.012776315278891448
2024-03-11,310725811.1483052,0.007135365766975221,-0.005732113194585331
2024-03-12,321302484.0648162,0.034038604251846,0.0
2024-03-13,329608547.9315991,0.025851228293358994,0.0
2024-03-14,329756860.33117026,0.0004499652709308934,0.0
2024-03-15,334840692.9540797,0.015416912381455245,0.0
2024-03-18,321982207.86201453,-0.03840179931125808,-0.03840179931125809
2024-03-19,323087223.682789,0.003431915782278411,-0.03510167527010388
2024-03-20,326686771.9827511,0.011141103813798976,-0.0243516428645274
2024-03-21,328203477.3793681,0.004642689960820135,-0.019822010031563808
2024-03-22,330089770.4438743,0.0057473280891714015,-0.014188605537430732
2024-03-25,321944742.11354756,-0.024675191598255385,-0.038513690575537884
2024-03-26,334811816.65303063,0.039966717440426305,-8.623892393211374e-05
2024-03-27,333217866.7723061,-0.004760733646316844,-0.004846562009702238
2024-03-28,334345850.9002173,0.0033851249899573433,-0.0014778432379193296
2024-03-29,336937712.3321286,0.007752037074582417,0.0
2024-04-01,338109867.08757436,0.0034788470169535486,0.0
2024-04-02,349786606.0251957,0.03453533917304148,0.0
2024-04-03,342770132.2178001,-0.020059298116435677,-0.020059298116435698
2024-04-04,341726879.3768848,-0.0030435931922223837,-0.023041838965470074
2024-04-05,330156013.2828288,-0.03385998232025142,-0.0561216250257246
2024-04-08,330044429.1541457,-0.0003379739401793098,-0.05644063131916477
2024-04-09,335975299.4132052,0.017969914760444277,-0.03948494989255147
2024-04-10,331343508.17820865,-0.01378610642831831,-0.05272671259933426
2024-04-11,341471225.8556138,0.03056561371336155,-0.023772723215659486
2024-04-12,348749158.2683749,0.02131345736240295,-0.002965944775901619
2024-04-15,324731655.27245593,-0.06886755831948607,-0.07162924572056095
2024-04-16,329853983.5218732,0.015774034241039778,-0.056985093654177144
2024-04-17,321805690.71241546,-0.024399562265477456,-0.07999424457883542
2024-04-19,308845689.48670834,-0.04027275340288788,-0.11704540949614961
2024-04-22,315284320.74705917,0.020847405288549187,-0.09863809729653084
2024-04-23,304776415.5948996,-0.03332834670389357,-0.12867899929551319
2024-04-24,317292628.34680796,0.04106686774787904,-0.09289657499363246
2024-04-25,317706321.8718354,0.0013038233103079772,-0.09171387240324891
2024-04-26,318697026.6672761,0.0031183036887768635,-0.08888156042109918
2024-05-02,323880342.2442062,0.016264085144231846,-0.07406305254330825
2024-05-03,323511776.20625865,-0.0011379697680745202,-0.0751167407966572
2024-05-06,337846932.44203687,0.04431108012166663,-0.0341341645949097
2024-05-07,344870916.209218,0.020790432271828415,-0.014053396360247161
2024-05-08,346203159.96004456,0.0038630214616831413,-0.010244663470313164
2024-05-09,344844542.1887579,-0.003924336714440923,-0.014128796675770494
2024-05-10,345981888.39752185,0.0032981418280397393,-0.010877253623026939
2024-05-13,337784904.97802925,-0.02369194369525649,-0.03431149403788769
2024-05-14,338699718.9659874,0.0027082737401117316,-0.03169614521606279
2024-05-15,344079197.27377075,0.01588273626032615,-0.01631683047067234
2024-05-16,343633326.2617689,-0.0012958383288923724,-0.01759152482523474
2024-05-17,350845127.3131569,0.020986908137932775,0.0
2024-05-20,347557455.5935929,-0.00937072076429186,-0.009370720764291907
2024-05-21,355040107.0251256,0.021529250232175657,0.0
2024-05-22,346092220.12375927,-0.025202467902402714,-0.02520246790240277
2024-05-23,348622828.03608155,0.007311946831446721,-0.018074800176279604
2024-05-24,348622828.03608155,0.0,-0.018074800176279604
2024-05-27,348622828.03608155,0.0,-0.018074800176279604
2024-05-28,348622828.03608155,0.0,-0.018074800176279604
2024-05-29,348622828.03608155,0.0,-0.018074800176279604
2024-05-30,348622828.03608155,0.0,-0.018074800176279604
2024-05-31,348622828.03608155,0.0,-0.018074800176279604
2024-06-03,348622828.03608155,0.0,-0.018074800176279604
2024-06-04,348250963.6861764,-0.0010666666666666082,-0.019122187056091478
2024-06-05,346382868.42768294,-0.005364221361285025,-0.024383832773095748
2024-06-06,343771507.97551334,-0.007538942280902069,-0.03173894674613431
2024-06-07,347919887.8760756,0.01206725922398948,-0.020054689620026767
2024-06-10,350730721.5038309,0.008078967962752578,-0.01213774285221736
2024-06-11,346420114.4563192,-0.012290360619192617,-0.02427892623465322
2024-06-12,348369323.2882874,0.005626719554167135,-0.01878881738948479
2024-06-13,347045020.04788446,-0.003801434718484185,-0.02251882764522528
2024-06-14,335134256.2504159,-0.034320514945943105,-0.05606648483040533
2024-06-17,333129858.62798727,-0.005980879558104463,-0.06171203749549292
2024-06-18,336818899.3083661,0.011073881805648887,-0.05132154749905482
2024-06-19,340856930.0943386,0.011988729831563157,-0.039948097834995644
2024-06-20,347525168.0550332,0.01956315794679325,-0.02116645083582236
2024-06-21,346493733.7027037,-0.002967941453282478,-0.024071571502250255
2024-06-24,330651338.32220423,-0.04572202565167447,-0.06869299614422275
2024-06-25,332495858.6623936,0.0055784451064038905,-0.06349775114600387
2024-06-26,329297666.1568187,-0.009618743879821645,-0.07250572642060737
2024-06-27,328516161.5315767,-0.002373246778098407,-0.0747068992170844
2024-06-28,315504510.99881303,-0.039607337648479714,-0.11135529548360212
2024-07-01,316379973.39687,0.0027748015243442194,-0.10888948280290967
2024-07-02,323859545.7213779,0.02364110548528761,-0.08782264506680404
2024-07-03,331178806.32542825,0.02260010767243905,-0.06720733862895312
2024-07-04,336557810.3312738,0.016241993458240633,-0.05205692632506975
2024-07-05,339111033.37947863,0.007586283752237698,-0.04486556118720331
2024-07-08,329612294.7632859,-0.028010703519526288,-0.07161954877407772
2024-07-09,334685481.18156165,0.015391374954381266,-0.057330497148941895
2024-07-10,329047886.55562603,-0.016844455295858225,-0.07320925144848545
2024-07-11,329612294.7632859,0.0017152768053546716,-0.07161954877407772
2024-07-12,329897742.59244716,0.0008660108669984029,-0.07081556121460719
2024-07-15,329047886.55562603,-0.002576119588278092,-0.07320925144848545
2024-07-16,331584479.7647639,0.007708887711421426,-0.06606472563591759
2024-07-17,335814297.59688133,0.012756380621669023,-0.05415109180012645
2024-07-18,340141570.16706663,0.012885909269354142,-0.041962968586545246
2024-07-19,337990102.4464445,-0.00632521252714095,-0.04802275641910647
2024-07-22,336229810.6750264,-0.005208116328486329,-0.052980764645747525
2024-07-23,335447458.77661836,-0.0023268368049738928,-0.05518432385758809
2024-07-24,338185690.42104656,0.008162922606164802,-0.04747186661614633
2024-07-25,337794514.4718425,-0.0011566898313083778,-0.0485736462220665
2024-07-26,336229810.6750264,-0.004632117248151877,-0.052980764645747525
2024-07-29,336816574.5988325,0.0017451276037305083,-0.0513280952368671
2024-07-30,336061297.8687725,-0.002242397753019009,-0.05345539498446017
2024-07-31,339699326.5292267,0.010825491312227258,-0.04320858458622889
2024-08-01,334273874.17319405,-0.015971336803830487,-0.05848982253281598
2024-08-02,332491191.65452695,-0.005332999843545828,-0.06351089616194527
2024-08-05,319861319.0035757,-0.03798558568755789,-0.09908398326125001
2024-08-06,326256255.4759259,0.019992840935789274,-0.08107211264208725
2024-08-07,331595109.21828204,0.016363988897524967,-0.06603478689573627
2024-08-08,329999558.91752446,-0.004811742563148813,-0.07052878706413046
2024-08-09,331225913.37446505,0.0037162305942569137,-0.06707465770613708
2024-08-12,334199944.79162943,0.008978860943775603,-0.05869805078675627
2024-08-13,332848112.3292819,-0.004044981106117065,-0.06250559938647493
2024-08-14,317405537.0274268,-0.04639526177206625,-0.10600089751278585
2024-08-15,312690930.54184115,-0.014853573537938137,-0.11927997892443032
2024-08-16,321247284.83172584,0.02736361516804454,-0.09518029519692639
2024-08-19,320945321.80876195,-0.0009399706619218721,-0.09603079917377011
2024-08-20,320046008.8911327,-0.0028020751714371624,-0.09856378882714911
2024-08-21,323865484.0581651,0.011934144032183819,-0.08780591924718628
2024-08-22,322152588.3702499,-0.005288910897363538,-0.09263043246139036
2024-08-23,319674277.8606032,-0.007692970968150012,-0.09961080020184765
2024-08-26,315765641.01452905,-0.012226935717920225,-0.11061980106888936
2024-08-27,313128544.49835527,-0.008351435918426735,-0.11804740280738013
2024-08-28,316502540.6253571,0.010775115160475395,-0.10854426200654932
2024-08-29,316661326.63188416,0.0005016895163411047,-0.10809702800851584
2024-08-30,314520259.2002271,-0.006761379592608247,-0.11412752256192571
2024-09-04,310500607.3894119,-0.012780263570418211,-0.12544920631336365
2024-09-05,310036702.48878795,-0.0014940547283444584,-0.12675583306184857
2024-09-06,310928779.13315386,0.0028773259333648325,-0.12424322497415785
2024-09-09,311274479.37010765,0.0011118309405696743,-0.12326953149527065
2024-09-10,311073803.19964933,-0.0006446920122215074,-0.12383475262518684
2024-09-11,310609898.2990254,-0.001491301729211123,-0.12514137937367154
2024-09-12,307576149.09500337,-0.009767071882240685,-0.1336861864081269
2024-09-13,308022841.8277235,0.0014522996468824482,-0.13242803916255796
2024-09-16,306781459.9759265,-0.004030161673825757,-0.13592449442841092
2024-09-17,308817102.7880746,0.006635481858349045,-0.13019093708694685
2024-09-18,308327450.6029092,-0.0015855734049206095,-0.13157008320446073
2024-09-19,312195990.84513456,0.012546856384862047,-0.12067401775810938
2024-09-20,311049587.63638216,-0.0036720625580392843,-0.123902957773811
2024-09-23,310081088.9933647,-0.003113647088803244,-0.12663081477884763
2024-09-24,310413708.665236,0.0010726860930187912,-0.1256939637997898
2024-09-25,312148819.0024245,0.005589670458335662,-0.12080688117769689
2024-09-26,311918395.38598156,-0.0007381851297061261,-0.12145588846415145
2024-09-27,308410573.0241463,-0.011245961808358585,-0.13133596198944197
2024-09-30,304810872.6244425,-0.01167178013518353,-0.14147481765244185
2024-10-01,303349708.0859977,-0.004793675914064647,-0.14559030914067939
2024-10-02,300051011.3180833,-0.010874237488896,-0.1548813630318978
2024-10-03,299513010.8006411,-0.0017930301753651943,-0.15639668624974512
2024-10-04,300199813.32485354,0.0022930640721633383,-0.15446224979982648
2024-10-07,300104022.7876621,-0.00031908926301627417,-0.15473205181739025
2024-10-08,304791332.2380457,0.01561894907920011,-0.1415298547764462
2024-10-09,307453487.18390334,0.008734352536569082,-0.13403167388594395
2024-10-10,312038448.91264784,0.01491270035913436,-0.12111774771810391
2024-10-11,312248929.07550764,0.0006745327814352756,-0.12052491282791811
2024-10-14,312153635.94750106,-0.0003051832020328045,-0.12079331385112935
2024-10-15,312953329.46876234,0.0025618587425192438,-0.11854091051573756
2024-10-16,313238777.2979236,0.0009121098971716756,-0.11773692295626703
2024-10-17,314522208.2068492,0.0040972925510589404,-0.11412203302262136
2024-10-18,313499061.3702887,-0.003253019373079065,-0.1170038112113827
2024-10-21,316395072.1038614,0.009237701449294118,-0.10884695603848882
2024-10-22,311244520.30017823,-0.016278862276313887,-0.12335391370825621
2024-10-23,316912512.5484372,0.01821073747030946,-0.10738954197642303
2024-10-24,315512256.49730164,-0.004418430941320197,-0.11133347964270035
2024-10-25,319820771.9135207,0.013655619797628697,-0.09919818751381948
2024-10-28,317515811.73869926,-0.007207037119667437,-0.105690299613871
2024-10-29,322509647.96663284,0.0157278347827392,-0.09162474440159696
2024-10-30,324326331.8710494,0.00563295986917116,-0.08650790304066314
2024-10-31,321356338.1353255,-0.009157424001282659,-0.09487313749434056
2024-11-01,319299948.9222995,-0.00639909337079895,-0.10066512879993261
2024-11-04,320188280.32667047,0.0027821219745548277,-0.09816306949228348
2024-11-05,324778962.079978,0.01433744467044172,-0.08523303239936808
2024-11-06,325837729.3229502,0.0032599625178661353,-0.08225092637240794
2024-11-07,332637456.53950655,0.020868446483117066,-0.06309892894448021
2024-11-08,341152926.78377044,0.0255998537652735,-0.03911439853293086
2024-11-11,337396582.2998261,-0.011010735037091454,-0.04969445529164096
2024-11-12,347625693.59150773,0.03031776795709089,-0.02088331229883611
2024-11-13,345004407.26363075,-0.007540542532386108,-0.028266383326615685
2024-11-14,344451156.0609258,-0.0016036061889557432,-0.029824661368329508
2024-11-15,352132666.6422732,0.022300725215126632,-0.008189047731012256
2024-11-18,350550575.0272057,-0.004492885111038868,-0.012645140391426835
2024-11-19,343448095.5138701,-0.020260926723011004,-0.03264986485156496
2024-11-20,338029690.66621673,-0.01577648826250244,-0.04791125290446441
2024-11-21,348689143.98590565,0.03153407411840181,-0.017888015786257427
2024-11-22,350686455.49996746,0.005728057636754364,-0.01226242173493397
2024-11-25,360664004.92237437,0.02845148213147296,0.0
2024-11-26,356411289.2640287,-0.011791350398997955,-0.011791350398997924
2024-11-27,358637256.54535633,0.006245501611141765,-0.0056194916857706945
2024-11-28,364071534.8764467,0.015152576125071728,0.0
2024-11-29,367817715.68421865,0.010289683342157593,0.0
2024-12-02,370635686.5251925,0.0076613244028549115,0.0
2024-12-03,377688249.75223994,0.019028289728836117,0.0
2024-12-04,388444786.6901971,0.02847993535677469,0.0
2024-12-05,375755629.25805724,-0.03266656643859162,-0.03266656643859167
2024-12-06,377688249.75223994,0.0051432908616664864,-0.02769128922957076
2024-12-09,384094313.3851497,0.01696124684077965,-0.011199721180753297
2024-12-10,379501223.9217612,-0.01195823344247951,-0.023024025742862664
2024-12-11,377688249.75223994,-0.004777255131843893,-0.02769128922957076
2024-12-12,370438014.82866395,-0.0191963475917826,-0.04635606520803792
2024-12-13,374829426.83485657,0.011854647283496951,-0.03505095272703307
2024-12-16,369827657.8987337,-0.013344120226522631,-0.047927348826312
2024-12-17,375214793.54059213,0.014566611033005989,-0.034058876841502106
2024-12-18,374126344.3370757,-0.0029008696412143762,-0.036860946120873095
2024-12-19,372388330.7717482,-0.004645525747210229,-0.04133523339381229
2024-12-20,376588882.868408,0.011280031487438114,-0.030521464640597018
2024-12-23,375329000.4735248,-0.003345511384422513,-0.033764866117595105
2024-12-24,376137318.4592257,0.0021536251786595504,-0.03168395780476052
2024-12-25,371597910.03773344,-0.012068487221866453,-0.043370067586722016
2024-12-26,366319758.2901269,-0.014203932812944381,-0.05695797487357179
2024-12-27,357670255.07185656,-0.02361189376910408,-0.07922498299065772
2024-12-30,360527044.8827636,0.007987216634307855,-0.0718705534583457
2024-12-31,360815188.23393,0.0007992281168811237,-0.07112876630856424
2025-01-02,369004432.7716829,0.022696507255796375,-0.050046633613386016
2025-01-03,368225398.7998533,-0.00211117781425572,-0.05205215408507902
2025-01-06,375824003.05285466,0.020635741797733805,-0.03249054709906074
2025-01-07,382774147.6046473,0.018493083186108195,-0.014598314303217674
2025-01-08,375102496.50754297,-0.020042239386104166,-0.03434797077942309
2025-01-09,374563877.3460026,-0.0014359252912345198,-0.03573457495071286
2025-01-10,370242150.0089636,-0.011538024882860787,-0.04686029341861386
2025-01-13,377099310.3399154,0.01852074468232695,-0.029207436266432074
2025-01-14,375047447.9081756,-0.005441172591618555,-0.03448968615636627
2025-01-15,375577299.5259296,0.001412758894132532,-0.03312565287310698
2025-01-16,387968387.81325674,0.03299211188473786,-0.0012264262342136512
2025-01-17,390522606.3374469,0.006583573828235783,0.0
2025-01-20,387974760.96082765,-0.006524194336697912,-0.0065241943366979305
2025-01-21,392823577.2656549,0.012497762207054596,0.0
2025-01-22,401097060.5395167,0.021061575100586833,0.0
2025-01-23,405507194.0361897,0.010995177802452369,0.0
2025-01-24,408955931.6002771,0.008504750630341878,0.0
2025-02-03,391634560.25950813,-0.0423551047981847,-0.04235510479818472
2025-02-04,394524440.711794,0.00737902306265047,-0.035288621030660994
2025-02-05,402105873.8337166,0.019216637398292144,-0.01675011226700085
2025-02-06,401950067.95976233,-0.0003874747525291489,-0.017131096773924437
2025-02-07,400394624.1772016,-0.0038697437979197348,-0.020934547616351717
2025-02-10,386862774.0850079,-0.033796283154403604,-0.05402332087180384
2025-02-11,393057951.46083105,0.016013888621038096,-0.03887455569414533
2025-02-12,408961378.2353758,0.04046076848321839,0.0
2025-02-13,412745878.51483893,0.009253930764300585,0.0
2025-02-14,408786398.65062594,-0.0095930209611303,-0.00959302096113035
2025-02-17,411954048.5405347,0.0077489121466979135,-0.0019184442910815669
2025-02-18,423381780.7321635,0.027740308007931543,0.0
2025-02-19,417309114.7893294,-0.014343238701326456,-0.014343238701326477
2025-02-20,413094863.7920721,-0.010098631560886891,-0.02429702317917881
2025-02-21,416916591.7957488,0.009251453694181703,-0.015270352269845744
2025-02-24,421522402.1222744,0.011047318377729752,-0.004391730335381094
2025-02-25,429582148.41516036,0.019120564535376708,0.0
2025-02-26,432133332.07813597,0.005938756236467427,0.0
2025-02-27,424852570.60712403,-0.0168484144372725,-0.016848414437272474
2025-02-28,437572254.58669984,0.02993905382612866,0.0
2025-03-03,435465959.9653258,-0.0048135927250769804,-0.004813592725076976
2025-03-04,441063210.3191224,0.01285347390698985,0.0
2025-03-05,442633568.33030266,0.003560392194225587,0.0
2025-03-06,453591846.5405471,0.02475699764837337,0.0
2025-03-07,452986170.2513726,-0.0013352891895960371,-0.0013352891895960228
2025-03-10,449965100.55367345,-0.006669231636856966,-0.007995615473545437
2025-03-11,455353193.4518318,0.011974468445504831,0.0
2025-03-12,455730788.16065556,0.0008292347879705453,0.0
2025-03-13,448449668.9878839,-0.015976798939036946,-0.015976798939036918
2025-03-14,451184386.4878152,0.006098159256318152,-0.009976068747055256
2025-03-17,455399355.2063654,0.009342009264462957,-0.0007272560092501656
2025-03-18,449856527.238425,-0.012171356644606234,-0.012889760961595886
2025-03-19,443059232.98917234,-0.015109915801333022,-0.027804913560099842
2025-03-20,446449187.46056294,0.007651244391228949,-0.020366411357796266
2025-03-21,444410173.11582935,-0.004567181220177967,-0.02484057548649843
2025-03-24,451169128.61357325,0.015208822629679713,-0.01000954876341209
2025-03-25,457550101.2706857,0.014143194319879381,0.0
2025-03-26,456465024.13326585,-0.0023714936012611447,-0.0023714936012610988
2025-03-27,449735039.1494879,-0.014743703521549786,-0.017080232524250727
2025-03-28,451766424.55710053,0.00451684932411372,-0.012640532036869878
2025-03-31,453109735.74663657,0.002973463977215617,-0.00970465422631872
2025-04-01,454855849.9544927,0.0038536232398071577,-0.005888429067572365
2025-04-02,456616453.3462217,0.0038706842880115574,-0.002040537029433742
2025-04-03,433369728.80743754,-0.05091083417696671,-0.05284748576406295
2025-04-04,434681408.455454,0.0030266988227949845,-0.049980740364217735
2025-04-08,413082737.3743428,-0.049688509011363936,-0.09718578090759966
2025-04-09,392844410.6305907,-0.04899339747865522,-0.14141771679297532
2025-04-10,411470451.02163684,0.047413275808475416,-0.10070951819501006
2025-04-11,431452477.0795984,0.0485624812385637,-0.05703774104433634
2025-04-14,446122199.0556258,0.03400078283319477,-0.024976286057686092
2025-04-15,452824196.44620734,0.015022783902636267,-0.010328715503184815
2025-04-16,453344558.8027777,0.001149148743936829,-0.009191435989694963
2025-04-17,467282904.47113144,0.030745589414733557,0.0
2025-04-18,482324270.35368,0.032188992446818304,0.0
2025-04-21,468562424.59683585,-0.02853235178638811,-0.028532351786388133
2025-04-22,458744395.58065605,-0.020953513343771654,-0.04888801211627447
2025-04-23,464058959.9213423,0.011585022927548462,-0.03786935792997537
2025-04-24,472967618.59302294,0.019197256040893253,-0.019399089649368095
2025-04-25,485511422.5435023,0.026521485736791982,0.0
2025-04-28,496951210.8441486,0.023562346361936087,0.0
2025-04-29,493377451.7930347,-0.007191368031971027,-0.007191368031971068
2025-05-05,493550990.9670339,0.0003517371403345918,-0.0068421603628631145
2025-05-06,493466670.4395929,-0.0001708446117711409,-0.007011836028403384
2025-05-07,491587132.07712895,-0.0038088456121861476,-0.010793974639699333
2025-05-08,504645409.23208666,0.026563504825242043,0.0
2025-05-09,507239881.5769188,0.005141178929538074,0.0
2025-05-12,514915535.03671664,0.01513219630115758,0.0
2025-05-13,523787386.62713605,0.01722972213255674,0.0
2025-05-14,532392918.3916581,0.016429436798652847,0.0
2025-05-15,533433207.6938683,0.001953987865490083,0.0
2025-05-16,554646428.1567283,0.03976734135950912,0.0
2025-05-19,572107676.2137731,0.031481764184571256,0.0
2025-05-20,568230382.8770436,-0.00677720907782531,-0.006777209077825308
2025-05-21,568443119.1498094,0.000374383840034454,-0.006405362515350177
2025-05-22,551639789.5998795,-0.029560265546114302,-0.03577628384459153
2025-05-23,571269288.5813974,0.03558390701975244,-0.0014654367826772985
2025-05-26,590547034.9578741,0.03374546253720036,0.0
2025-05-27,607991451.405011,0.029539419240977773,0.0
2025-05-28,590349357.9183664,-0.029017009113985744,-0.029017009113985748
2025-05-29,580353492.0795667,-0.01693211943864254,-0.04545780908855812
2025-05-30,561337503.7499037,-0.03276621677854217,-0.07673454544022695
2025-06-02,571187542.2751039,0.01754744420139225,-0.060533596393266276
2025-06-03,572046200.916721,0.0015032867106956258,-0.05912130903357926
2025-06-04,572873550.4533073,0.0014462984550206478,-0.05776051763647272
2025-06-05,571489553.5293598,-0.0024158855350405253,-0.06003686037245881
2025-06-06,573705913.5284792,0.003878216120367872,-0.05639148017180373
2025-06-09,551144162.243059,-0.03932633559005523,-0.09350014548820262
2025-06-10,572171711.5190251,0.03815253923835036,-0.05891487421938235
2025-06-11,584214907.0956129,0.02104821915193085,-0.03910670825132956
2025-06-12,583707577.5783675,-0.0008683953645886377,-0.03994114353174838
2025-06-13,577137462.9433289,-0.011255832350671383,-0.050747405066932316
2025-06-16,597720209.226671,0.03566350757819929,-0.01689372795391153
2025-06-17,589883310.5602489,-0.013111316206894678,-0.02978354515168924
2025-06-18,584310407.7005619,-0.00944746657503166,-0.038949632679414314
2025-06-19,590127173.5334127,0.009954924225535441,-0.02938244909581489
2025-06-20,590033281.7950267,-0.00015910424497800026,-0.029536878468413907
2025-06-23,603373875.4607022,0.02260990028408253,-0.007594804061205274
2025-06-24,601473775.94095,-0.003149124609184208,-0.010720011686018438
2025-06-25,596198724.1986688,-0.008770210694604047,-0.019396205619487517
2025-06-26,600265933.3901739,0.006821901870004296,-0.012706622760869757
2025-06-27,588477113.5481994,-0.019639328481284548,-0.03209640170386585
2025-06-30,596843067.2234987,0.014216277035579346,-0.018336416006753842
2025-07-01,597197271.0546732,0.0005934622526860227,-0.01775383572481737
2025-07-02,611332193.7625151,0.023668766407587662,0.0
2025-07-03,599206665.1767999,-0.019834598454707905,-0.01983459845470792
2025-07-04,597439193.0532315,-0.002949687021667076,-0.022725779618733122
2025-07-07,601450372.6304564,0.006713954531047273,-0.016164404938728616
2025-07-08,606101993.3747492,0.007734005922963802,-0.008555414619302204
2025-07-09,605129819.6476007,-0.0016039771156922161,-0.010145669045729777
2025-07-10,611076882.6155512,0.009827747327695525,-0.00041763078988610314
2025-07-11,609960837.8614979,-0.0018263573468471318,-0.0022432253936718327
2025-07-14,629978018.9656203,0.03281715785935038,0.0
2025-07-15,655223581.279109,0.040073719325858646,0.0
2025-07-16,695676211.8890603,0.06173866717522708,0.0
2025-07-17,731788251.2094505,0.0519092628197398,0.0
2025-07-18,752114483.7391403,0.02777611214186065,0.0
2025-07-21,720812647.7500622,-0.041618445949160345,-0.04161844594916031
2025-07-22,740374908.8527875,0.02713917571200606,-0.01560876055462912
2025-07-23,725778790.5541093,-0.019714496161539127,-0.035015537866127655
2025-07-24,732470504.7848079,0.009220046545573027,-0.02611833620949866
2025-07-25,745522846.2179409,0.01781961368801826,-0.008764141182907359
2025-07-28,765474229.6024858,0.02676159890439146,0.0
2025-07-29,729707833.2993828,-0.046724494332979205,-0.046724494332979205
2025-07-30,738378372.1937616,0.011882206136084403,-0.035397478270163596
2025-07-31,754610003.8882202,0.021982810312053912,-0.01419280400844769
2025-08-01,738229253.8857448,-0.021707570689590075,-0.03559228340174092
2025-08-04,737287083.2965101,-0.00127625745562845,-0.036823115940315065
2025-08-05,733720594.941683,-0.004837312948547526,-0.041482303953318644
2025-08-06,741332315.7562009,0.010374140874596609,-0.03153850634373656
2025-08-07,743138676.6901227,0.0024366412950435376,-0.029178713075634133
2025-08-08,780233202.1941926,0.04991602061311871,0.0
2025-08-11,791875307.5723974,0.01492131499334361,0.0
2025-08-12,811225775.8398038,0.024436256671177166,0.0
2025-08-13,833866618.7804815,0.027909422524499055,0.0
2025-08-14,854532530.302401,0.024783233980685188,0.0
2025-08-15,865104631.0301044,0.0123717943469773,0.0
2025-08-18,890027281.3138422,0.02880882772996103,0.0
2025-08-19,869274268.922345,-0.023317276702869056,-0.023317276702869094
2025-08-20,856833619.8729947,-0.01431153491380031,-0.03729510559704152
2025-08-21,843493393.8546158,-0.015569214032890338,-0.052283664148512266
2025-08-22,848991449.7661897,0.0065181967655356995,-0.0461062625935198
2025-08-25,837965528.0920563,-0.012987082116280363,-0.0584945588914233
2025-08-26,849008431.4011068,0.013178231011714626,-0.04608718268970813
2025-08-27,868963395.4250222,0.02350384670619114,-0.023666562060576157
2025-08-28,865418171.18215,-0.004079831511358679,-0.027649837986274628
2025-08-29,870786892.2572284,0.006203614915717294,-0.021617752017906167
2025-09-03,888548202.8502948,0.020396851113624485,-0.001661834973602061
2025-09-04,894255956.141129,0.006423684469255347,0.0
2025-09-05,879191446.5779253,-0.016845858794398965,-0.016845858794398927
2025-09-08,856129569.1731024,-0.026230779990622784,-0.04263475876923273
2025-09-09,880620546.5350652,0.028606624795844332,-0.015247770520761206
2025-09-10,878023025.6318892,-0.0029496483058410222,-0.018152443266117868
2025-09-11,880188530.96056,0.0024663423002059485,-0.01573087110459115
2025-09-12,885506589.6356122,0.006041954067782076,-0.009783962237469246
2025-09-15,911092381.8859836,0.02889396030457542,0.0
2025-09-16,901059784.8852252,-0.011011613311913209,-0.011011613311913249
2025-09-17,883803181.4150513,-0.019151452278354582,-0.02995217720341703
2025-09-18,891768209.2873285,0.009012219054840228,-0.021209893730703366
2025-09-19,866178047.8198496,-0.02869597861974658,-0.049297233693426534
2025-09-22,859097839.5548388,-0.008174079547307343,-0.05706835373106167
2025-09-23,863986513.9178281,0.005690474516293145,-0.05170262522736191
2025-09-24,863991946.53001,6.287843727174908e-06,-0.05169666248166249
2025-09-25,871407370.1960964,0.008582746281222272,-0.04355761553810622
2025-09-26,855475651.3021681,-0.018282745176166123,-0.06104400792890774
2025-09-29,864272859.1029153,0.01028341109107714,-0.05138833746601057
2025-09-30,860731213.3075695,-0.004097832944820096,-0.05527558958858292
2025-10-01,870493237.4843388,0.011341547774544273,-0.04456095255412362
2025-10-02,853313999.1130877,-0.01973506241231447,-0.06341660178663033
2025-10-03,839683402.5186422,-0.015973717305250767,-0.07837732022248178
2025-10-06,873901473.4580867,0.04075115792071983,-0.040820128855551086
2025-10-07,864056358.8059881,-0.011265703229839946,-0.05162596462790059
2025-10-08,884621033.627094,0.023800154482427078,-0.029054516078921844
2025-10-09,890903979.0152366,0.007102414649108511,-0.022158458650435087
2025-10-10,908267052.0750932,0.019489275464959602,-0.003101035489992743
2025-10-13,933486993.0430362,0.027767098795804336,0.0
2025-10-14,942674814.7091941,0.009842474222599328,0.0
2025-10-15,938751096.000512,-0.004162324745986228,-0.004162324745986212
2025-10-16,937384830.5780517,-0.0014554075391029662,-0.005611674406273637
2025-10-17,924883078.2691672,-0.013336840858812616,-0.018873673256578405
2025-10-20,868762583.4846462,-0.06067847504524061,-0.07840692259010762
2025-10-21,868339411.5475078,-0.00048709733266950374,-0.07885582811992065
2025-10-22,866106983.8101783,-0.0025709160584465127,-0.0812240124635516
2025-10-23,862315869.3765655,-0.004377189544107993,-0.08524566910957365
2025-10-24,842623325.5470712,-0.022836810186192553,-0.10613574013111593
2025-10-27,817807832.1858242,-0.029450280580751383,-0.13246029338536025
2025-10-28,849837024.2584103,0.03916469225658924,-0.0984833677554261
2025-10-29,831239937.3369592,-0.021883121575786122,-0.11821136582142744
2025-10-30,810039499.3654158,-0.02550459502639299,-0.14070102783502814
2025-10-31,783198023.7739515,-0.03313600832118911,-0.1691747657270758
2025-11-03,790249647.4752907,0.00900362805738435,-0.16169432433699327
2025-11-04,803720202.7790626,0.017045949146333745,-0.1474046084205587
2025-11-05,811635580.1053228,0.009848423989954242,-0.13900788751240323
2025-11-06,813719014.3807185,0.0025669577904966568,-0.13679775710169706
2025-11-07,790846940.8987044,-0.02810807302987859,-0.16106070878463752
2025-11-10,784483881.2332766,-0.008045880101903076,-0.16781071373453194
2025-11-11,801987634.2276182,0.02231244441482239,-0.14924253654212294
2025-11-12,829581062.8719065,0.034406301876291526,-0.11997111843088315
2025-11-13,824412091.1733701,-0.006230821712156807,-0.12545442149348907
2025-11-14,829260534.5218457,0.005881091993174042,-0.12031113849406871
2025-11-17,841310917.7690574,0.014531480452232041,-0.10752795699904893
2025-11-18,847036203.1848983,0.006805195671325489,-0.10145451011523987
2025-11-19,836582220.4980497,-0.012341836922130396,-0.11254421201851339
2025-11-20,852990169.511417,0.01961307401871272,-0.0951384759604974
2025-11-21,853339103.1320735,0.0004090710926438408,-0.0947683232681672
2025-11-24,867725238.1990222,0.016858638042187634,-0.07950735008582266
2025-11-25,870694976.1530198,0.003422440449192594,-0.07635701880757184
2025-11-26,876803718.6429029,0.007015938597547952,-0.06987679636546973
2025-11-27,880555840.6249888,0.004279318052954193,-0.0658965033486848
2025-11-28,897789090.1566948,0.019570876413101068,-0.04761527925867637
2025-12-01,910110727.7953116,0.01372442344611946,-0.0345443480676082
2025-12-02,917587105.8466179,0.008214800488526757,-0.02661332250646309
2025-12-03,906739278.4986013,-0.011822122694289387,-0.03812081923677835
2025-12-04,905233036.4870445,-0.00166116329938958,-0.03971865763030913
2025-12-05,941058234.6109385,0.03957566359146772,-0.0017148862715232749
2025-12-08,967813004.3126965,0.02843051441212788,0.0
2025-12-09,983795573.1594856,0.01651410838206222,0.0
2025-12-10,931654114.3436539,-0.05300029827170088,-0.05300029827170083
2025-12-11,903610966.2104182,-0.030100385649015206,-0.08150535450322505
2025-12-12,874340963.9774395,-0.0323922609701516,-0.11125747275984343
2025-12-15,869635687.2526538,-0.005381512383202367,-0.1160402516756649
2025-12-16,882406895.787761,0.014685699681269792,-0.10305868428144294
2025-12-17,874838873.7654784,-0.008576567180525392,-0.11075136173269196
2025-12-18,873124824.6283677,-0.0019592740886480112,-0.11249364354801461
2025-12-19,895099174.7955974,0.025167478403311714,-0.09015734648920737
2025-12-22,934176238.3513031,0.04365668593609105,-0.050436631513626984
2025-12-23,964709340.3344967,0.032684520039902215,-0.01940060856717707
2025-12-24,968733610.6222022,0.00417148473581698,-0.015310053173863691
2025-12-25,930643017.2057726,-0.03931998745451243,-0.0540280495296519
2025-12-26,919417678.0484632,-0.01206191735152449,-0.06543828501308568
2025-12-29,936896743.484549,0.019011017357406613,-0.047671316027901756
2025-12-30,947474179.0365577,0.011289862650892081,-0.03691965598735192
2025-12-31,971579779.3422945,0.02544196014950892,-0.012417004254206776
2026-01-05,980920534.829694,0.009613987122830769,-0.002922394050380084
2026-01-06,983603015.9221663,0.0027346568832286124,-0.00019572891215680066
2026-01-07,1012164948.8841863,0.029038069729017645,0.0
2026-01-08,994997939.6473544,-0.01696068339034746,-0.01696068339034751
2026-01-09,996347794.3665446,0.0013566407179382233,-0.015627052226100613
2026-01-12,956081464.3799242,-0.04041392996932446,-0.05540943160113254
2026-01-13,975524630.2889664,0.020336306720110185,-0.03619994807724991
2026-01-14,936074159.3171263,-0.0404402613188293,-0.07517627403610716
2026-01-15,898304822.07603,-0.040348659200943326,-0.11249167137597094
2026-01-16,925286504.7705073,0.030036221593602516,-0.0858342745512517
2026-01-19,932424676.2386326,0.0077145526616057775,-0.07878189492084231
2026-01-20,927221780.463072,-0.005579963624031178,-0.08392225843698298
2026-01-21,940601230.7749072,0.014429611764677637,-0.07070361227996591
2026-01-22,958505299.0748878,0.01903470643476661,-0.053014728348826035
2026-01-23,972620953.5066638,0.014726735935002061,-0.03906872631888303
2026-01-26,938012189.9162247,-0.035582991982294324,-0.0732615361258141
2026-01-27,905157006.831745,-0.03502639244743081,-0.10572184125760042
2026-01-28,873499142.3503059,-0.03497499797548806,-0.13699921804913906
2026-01-29,870744823.3198373,-0.0031532017570819752,-0.1397204336311496
2026-01-30,875605911.6289468,0.00558267839086986,-0.13491776948587542
2026-02-02,872116292.728374,-0.003985376131233298,-0.13836544755892044
2026-02-03,873074414.2915508,0.0010986167454564045,-0.1374188414111448
2026-02-04,875948778.9810809,0.003292233333698725,-0.1345790229678181
2026-02-05,867184723.926039,-0.010005214077969733,-0.14323774511059084
2026-02-06,848034533.0385822,-0.022083173698860117,-0.16215777480394078
2026-02-09,861426459.432984,0.015791722946018886,-0.14892680251116863
2026-02-10,854781573.936604,-0.007713816337559249,-0.15549182484641677
2026-02-11,897202677.6042937,0.04962800434773515,-0.11358056945819683
2026-02-12,890960161.6448776,-0.0069577544909750905,-0.11974805823193668
2026-02-13,892044933.8343252,0.0012175316429917033,-0.11867632363902914
2026-02-23,917741005.237929,0.028805803865902778,-0.09328908667539859
2026-02-24,928263800.4963237,0.011465974821149711,-0.08289276217315711
2026-02-25,930122153.470799,0.0020019664382922627,-0.08105674426271281
2026-02-26,921066275.4756106,-0.009736224388802995,-0.09000378200114822
2026-02-27,893027731.1128223,-0.030441397225525458,-0.11770533834697716
2026-03-02,909716799.2361264,0.018688185754889716,-0.10121685181945783
2026-03-03,910381262.7599752,0.0007304070062317313,-0.10056037431094378
2026-03-04,911021732.0441737,0.000703517647383066,-0.0999276026615159
2026-03-05,889836800.0813462,-0.02325403579044407,-0.1208579184032158
2026-03-06,878709258.8504457,-0.012505148393371865,-0.13185172059244143
2026-03-09,818771083.0933982,-0.068211612832509,-0.1910695149085987
2026-03-10,812839888.597302,-0.007244020482120123,-0.19692942391121215
2026-03-11,843462133.7823738,0.037673157548795855,-0.16667521957541698
2026-03-12,837455791.0586295,-0.0071210579386768325,-0.17260937361855566
2026-03-13,826629907.1531104,-0.012927110924666372,-0.1833051440238177
2026-03-16,802682155.0341469,-0.02897034321131551,-0.2069650743003636
2026-03-17,786848815.1431865,-0.019725541164281754,-0.22260811737196495
2026-03-18,804214642.7927523,0.02207009442646956,-0.20545100511599323
2026-03-19,798418570.7236286,-0.007207120786803785,-0.21117741569315585
2026-03-20,779275792.1942844,-0.023975868336823098,-0.2300901221156093
2026-03-23,763401560.7629516,-0.020370492180482307,-0.2457735652627293
2026-03-24,774650021.9009273,0.014734658292725864,-0.23466029647153475
2026-03-25,792342634.1665413,0.022839491080369197,-0.217180327139344
2026-03-26,774299027.7278432,-0.022772479557001363,-0.23500707213638172
2026-03-27,778162045.0141408,0.004989050932471897,-0.23119048345628934
2026-03-30,762398843.2584215,-0.020256965572553534,-0.24676423136476677
2026-03-31,772279123.1926,0.012959463437734344,-0.23700269996114476
2026-04-01,778510822.8769463,0.008069232350324954,-0.23084589746446071
2026-04-02,790584162.0252707,0.01550824830373966,-0.2189176646584995
2026-04-03,778885827.9816947,-0.01479707614380728,-0.23047539944913054
2026-04-06,760958546.6799569,-0.023016571437937512,-0.24818721739095995
2026-04-07,762012883.1613007,0.0013855373409547601,-0.24714555270724803
2026-04-08,808133822.9879794,0.060525144450761216,-0.20157892853445614
2026-04-09,804942200.696665,-0.003949373483111642,-0.2047321915424598
2026-04-10,813324370.3145534,0.01041338075036157,-0.19645076505448578
2026-04-13,816703889.5059762,0.004155192337487429,-0.19311186343064635
2026-04-14,844757181.2157079,0.0343494038294603,-0.16539573698242482
2026-04-15,853560335.7486725,0.010420928911543293,-0.15669838528824775
2026-04-16,870195972.5430398,0.019489702247909527,-0.14026268791233432
2026-04-17,860533479.413748,-0.011103812743529869,-0.1498090500343815
2026-04-20,883669902.0470821,0.026886138874104112,-0.12695069808409942
2026-04-21,869929577.0775776,-0.0155491603116436,-0.14052588163955826
2026-04-22,872522003.3682587,0.0029800415562258086,-0.13796461305034358
2026-04-23,859696114.7018204,-0.014699788219581456,-0.15063635067628844
2026-04-24,849314552.954442,-0.012075850489308216,-0.16089313911657488
2026-04-28,870931127.5188031,0.025451788726762375,-0.13953636857419316
2026-04-29,859629574.2578568,-0.012976402959833672,-0.15070209138785617
2026-05-04,850292086.2827945,-0.010862222816291185,-0.1599273545086114
2026-05-05,862537831.3177328,0.014401809957414543,-0.14782878791782195
2026-05-06,858836243.2243576,-0.004291508104311372,-0.15148588758073345
2026-05-07,863741242.7670751,0.005711216289967519,-0.14663983995961716
2026-05-08,862341872.7836657,-0.0016201263921662389,-0.14802239127692185
2026-05-11,850841760.6332364,-0.013335908313609472,-0.15938428655210102
2026-05-12,850317262.1361842,-0.0006164465842177707,-0.15990248123729578
2026-05-13,835776847.0884206,-0.017099988081195554,-0.17426813879518
2026-05-14,867325079.3823369,0.037747195802109355,-0.14309907655024146
2026-05-15,862979517.722295,-0.005010303245395012,-0.14739241002798376
2026-05-18,859321807.4291403,-0.004238467099206125,-0.15100615924661365
2026-05-19,863263919.2390838,0.004587468601241688,-0.14711142665950983
2026-05-20,882362407.0616214,0.02212357935609292,-0.1282424786253067
2026-05-21,866580693.9972082,-0.01788574959462325,-0.14383451535984382
2026-05-22,853165402.5083829,-0.015480718162489481,-0.1570885719280093
2026-05-25,864876696.9240574,0.013726874509025086,-0.14551803253264195
2026-05-26,848364821.5573733,-0.019091594704087566,-0.16183145593748005
2026-05-27,834113121.9806291,-0.01679902232459598,-0.17591186802096048
2026-05-28,852236725.2998074,0.021727992093138696,-0.15800608760527046
2026-05-29,849686544.4770683,-0.002992338568655322,-0.16052561846390223
