date,equity,portfolio_return,drawdown
2018-01-02,100000000.0,0.0,0.0
2018-01-03,100000000.0,0.0,0.0
2018-01-04,100000000.0,0.0,0.0
2018-01-05,100000000.0,0.0,0.0
2018-01-08,100000000.0,0.0,0.0
2018-01-09,100000000.0,0.0,0.0
2018-01-10,100000000.0,0.0,0.0
2018-01-11,100000000.0,0.0,0.0
2018-01-12,100000000.0,0.0,0.0
2018-01-15,100000000.0,0.0,0.0
2018-01-16,100000000.0,0.0,0.0
2018-01-17,100000000.0,0.0,0.0
2018-01-18,100000000.0,0.0,0.0
2018-01-19,100000000.0,0.0,0.0
2018-01-22,100000000.0,0.0,0.0
2018-01-23,100000000.0,0.0,0.0
2018-01-24,100000000.0,0.0,0.0
2018-01-25,100000000.0,0.0,0.0
2018-01-26,100000000.0,0.0,0.0
2018-01-29,100000000.0,0.0,0.0
2018-01-30,100000000.0,0.0,0.0
2018-01-31,100000000.0,0.0,0.0
2018-02-01,100000000.0,0.0,0.0
2018-02-02,100000000.0,0.0,0.0
2018-02-05,100000000.0,0.0,0.0
2018-02-06,100000000.0,0.0,0.0
2018-02-07,100000000.0,0.0,0.0
2018-02-08,100000000.0,0.0,0.0
2018-02-09,100000000.0,0.0,0.0
2018-02-12,100000000.0,0.0,0.0
2018-02-13,100000000.0,0.0,0.0
2018-02-21,100000000.0,0.0,0.0
2018-02-22,100000000.0,0.0,0.0
2018-02-23,100000000.0,0.0,0.0
2018-02-26,100000000.0,0.0,0.0
2018-02-27,100000000.0,0.0,0.0
2018-02-28,100000000.0,0.0,0.0
2018-03-01,100000000.0,0.0,0.0
2018-03-02,100000000.0,0.0,0.0
2018-03-05,100000000.0,0.0,0.0
2018-03-06,100000000.0,0.0,0.0
2018-03-07,100000000.0,0.0,0.0
2018-03-08,100000000.0,0.0,0.0
2018-03-09,100000000.0,0.0,0.0
2018-03-12,100000000.0,0.0,0.0
2018-03-13,100000000.0,0.0,0.0
2018-03-14,100000000.0,0.0,0.0
2018-03-15,100000000.0,0.0,0.0
2018-03-16,100000000.0,0.0,0.0
2018-03-19,100000000.0,0.0,0.0
2018-03-20,100000000.0,0.0,0.0
2018-03-21,100000000.0,0.0,0.0
2018-03-22,100000000.0,0.0,0.0
2018-03-23,100000000.0,0.0,0.0
2018-03-26,100000000.0,0.0,0.0
2018-03-27,100000000.0,0.0,0.0
2018-03-28,100000000.0,0.0,0.0
2018-03-29,100000000.0,0.0,0.0
2018-03-30,100000000.0,0.0,0.0
2018-04-02,100000000.0,0.0,0.0
2018-04-03,100000000.0,0.0,0.0
2018-04-04,100000000.0,0.0,0.0
2018-04-05,100000000.0,0.0,0.0
2018-04-06,100000000.0,0.0,0.0
2018-04-09,100000000.0,0.0,0.0
2018-04-10,100000000.0,0.0,0.0
2018-04-11,100000000.0,0.0,0.0
2018-04-12,100000000.0,0.0,0.0
2018-04-13,100000000.0,0.0,0.0
2018-04-16,100000000.0,0.0,0.0
2018-04-17,100000000.0,0.0,0.0
2018-04-18,100000000.0,0.0,0.0
2018-04-19,100000000.0,0.0,0.0
2018-04-20,100000000.0,0.0,0.0
2018-04-23,100000000.0,0.0,0.0
2018-04-24,100000000.0,0.0,0.0
2018-04-26,100000000.0,0.0,0.0
2018-04-27,100000000.0,0.0,0.0
2018-05-02,100000000.0,0.0,0.0
2018-05-03,100000000.0,0.0,0.0
2018-05-04,100000000.0,0.0,0.0
2018-05-07,100000000.0,0.0,0.0
2018-05-08,100000000.0,0.0,0.0
2018-05-09,100000000.0,0.0,0.0
2018-05-10,100000000.0,0.0,0.0
2018-05-11,100000000.0,0.0,0.0
2018-05-14,100000000.0,0.0,0.0
2018-05-15,100000000.0,0.0,0.0
2018-05-16,100000000.0,0.0,0.0
2018-05-17,100000000.0,0.0,0.0
2018-05-18,100000000.0,0.0,0.0
2018-05-21,100000000.0,0.0,0.0
2018-05-22,100000000.0,0.0,0.0
2018-05-23,100000000.0,0.0,0.0
2018-05-24,100000000.0,0.0,0.0
2018-05-25,100000000.0,0.0,0.0
2018-05-28,100000000.0,0.0,0.0
2018-05-29,100000000.0,0.0,0.0
2018-05-30,100000000.0,0.0,0.0
2018-05-31,100000000.0,0.0,0.0
2018-06-01,100000000.0,0.0,0.0
2018-06-04,100000000.0,0.0,0.0
2018-06-05,100000000.0,0.0,0.0
2018-06-06,100000000.0,0.0,0.0
2018-06-07,100000000.0,0.0,0.0
2018-06-08,100000000.0,0.0,0.0
2018-06-11,100000000.0,0.0,0.0
2018-06-12,100000000.0,0.0,0.0
2018-06-13,100000000.0,0.0,0.0
2018-06-14,100000000.0,0.0,0.0
2018-06-15,100000000.0,0.0,0.0
2018-06-18,100000000.0,0.0,0.0
2018-06-19,100000000.0,0.0,0.0
2018-06-20,100000000.0,0.0,0.0
2018-06-21,100000000.0,0.0,0.0
2018-06-22,100000000.0,0.0,0.0
2018-06-25,100000000.0,0.0,0.0
2018-06-26,100000000.0,0.0,0.0
2018-06-27,100000000.0,0.0,0.0
2018-06-28,100000000.0,0.0,0.0
2018-06-29,100000000.0,0.0,0.0
2018-07-02,100000000.0,0.0,0.0
2018-07-03,100000000.0,0.0,0.0
2018-07-04,100000000.0,0.0,0.0
2018-07-05,100000000.0,0.0,0.0
2018-07-06,100000000.0,0.0,0.0
2018-07-09,100000000.0,0.0,0.0
2018-07-10,100000000.0,0.0,0.0
2018-07-11,100000000.0,0.0,0.0
2018-07-12,100000000.0,0.0,0.0
2018-07-13,100000000.0,0.0,0.0
2018-07-16,100000000.0,0.0,0.0
2018-07-17,100000000.0,0.0,0.0
2018-07-18,100000000.0,0.0,0.0
2018-07-19,100000000.0,0.0,0.0
2018-07-20,100000000.0,0.0,0.0
2018-07-23,100000000.0,0.0,0.0
2018-07-24,100000000.0,0.0,0.0
2018-07-25,100000000.0,0.0,0.0
2018-07-26,100000000.0,0.0,0.0
2018-07-27,100000000.0,0.0,0.0
2018-07-30,100000000.0,0.0,0.0
2018-07-31,100000000.0,0.0,0.0
2018-08-01,100000000.0,0.0,0.0
2018-08-02,100000000.0,0.0,0.0
2018-08-03,100000000.0,0.0,0.0
2018-08-06,100000000.0,0.0,0.0
2018-08-07,100000000.0,0.0,0.0
2018-08-08,100000000.0,0.0,0.0
2018-08-09,100000000.0,0.0,0.0
2018-08-10,100000000.0,0.0,0.0
2018-08-13,100000000.0,0.0,0.0
2018-08-14,100000000.0,0.0,0.0
2018-08-15,100000000.0,0.0,0.0
2018-08-16,100000000.0,0.0,0.0
2018-08-17,100000000.0,0.0,0.0
2018-08-20,100000000.0,0.0,0.0
2018-08-21,100000000.0,0.0,0.0
2018-08-22,100000000.0,0.0,0.0
2018-08-23,100000000.0,0.0,0.0
2018-08-24,100000000.0,0.0,0.0
2018-08-27,100000000.0,0.0,0.0
2018-08-28,100000000.0,0.0,0.0
2018-08-29,100000000.0,0.0,0.0
2018-08-30,100000000.0,0.0,0.0
2018-08-31,100000000.0,0.0,0.0
2018-09-04,100000000.0,0.0,0.0
2018-09-05,100000000.0,0.0,0.0
2018-09-06,100000000.0,0.0,0.0
2018-09-07,100000000.0,0.0,0.0
2018-09-10,100000000.0,0.0,0.0
2018-09-11,100000000.0,0.0,0.0
2018-09-12,100000000.0,0.0,0.0
2018-09-13,100000000.0,0.0,0.0
2018-09-14,100000000.0,0.0,0.0
2018-09-17,100000000.0,0.0,0.0
2018-09-18,100000000.0,0.0,0.0
2018-09-19,100000000.0,0.0,0.0
2018-09-20,100000000.0,0.0,0.0
2018-09-21,100000000.0,0.0,0.0
2018-09-24,100000000.0,0.0,0.0
2018-09-25,100000000.0,0.0,0.0
2018-09-26,100000000.0,0.0,0.0
2018-09-27,100000000.0,0.0,0.0
2018-09-28,100000000.0,0.0,0.0
2018-10-01,100000000.0,0.0,0.0
2018-10-02,100000000.0,0.0,0.0
2018-10-03,100000000.0,0.0,0.0
2018-10-04,100000000.0,0.0,0.0
2018-10-05,100000000.0,0.0,0.0
2018-10-08,100000000.0,0.0,0.0
2018-10-09,100000000.0,0.0,0.0
2018-10-10,100000000.0,0.0,0.0
2018-10-11,100000000.0,0.0,0.0
2018-10-12,100000000.0,0.0,0.0
2018-10-15,100000000.0,0.0,0.0
2018-10-16,100000000.0,0.0,0.0
2018-10-17,100000000.0,0.0,0.0
2018-10-18,100000000.0,0.0,0.0
2018-10-19,100000000.0,0.0,0.0
2018-10-22,100000000.0,0.0,0.0
2018-10-23,100000000.0,0.0,0.0
2018-10-24,100000000.0,0.0,0.0
2018-10-25,100000000.0,0.0,0.0
2018-10-26,100000000.0,0.0,0.0
2018-10-29,100000000.0,0.0,0.0
2018-10-30,100000000.0,0.0,0.0
2018-10-31,100000000.0,0.0,0.0
2018-11-01,100000000.0,0.0,0.0
2018-11-02,100000000.0,0.0,0.0
2018-11-05,100000000.0,0.0,0.0
2018-11-06,100000000.0,0.0,0.0
2018-11-07,100000000.0,0.0,0.0
2018-11-08,100000000.0,0.0,0.0
2018-11-09,100000000.0,0.0,0.0
2018-11-12,100000000.0,0.0,0.0
2018-11-13,100000000.0,0.0,0.0
2018-11-14,100000000.0,0.0,0.0
2018-11-15,100000000.0,0.0,0.0
2018-11-16,100000000.0,0.0,0.0
2018-11-19,100000000.0,0.0,0.0
2018-11-20,100000000.0,0.0,0.0
2018-11-21,100000000.0,0.0,0.0
2018-11-22,100000000.0,0.0,0.0
2018-11-23,100000000.0,0.0,0.0
2018-11-26,100000000.0,0.0,0.0
2018-11-27,100000000.0,0.0,0.0
2018-11-28,100000000.0,0.0,0.0
2018-11-29,100000000.0,0.0,0.0
2018-11-30,100000000.0,0.0,0.0
2018-12-03,100000000.0,0.0,0.0
2018-12-04,100000000.0,0.0,0.0
2018-12-05,100000000.0,0.0,0.0
2018-12-06,100000000.0,0.0,0.0
2018-12-07,100000000.0,0.0,0.0
2018-12-10,100000000.0,0.0,0.0
2018-12-11,100000000.0,0.0,0.0
2018-12-12,100000000.0,0.0,0.0
2018-12-13,100000000.0,0.0,0.0
2018-12-14,100000000.0,0.0,0.0
2018-12-17,100000000.0,0.0,0.0
2018-12-18,100000000.0,0.0,0.0
2018-12-19,100000000.0,0.0,0.0
2018-12-20,100000000.0,0.0,0.0
2018-12-21,100000000.0,0.0,0.0
2018-12-24,100000000.0,0.0,0.0
2018-12-25,100000000.0,0.0,0.0
2018-12-26,100000000.0,0.0,0.0
2018-12-27,100000000.0,0.0,0.0
2018-12-28,100000000.0,0.0,0.0
2019-01-02,100000000.0,0.0,0.0
2019-01-03,100000000.0,0.0,0.0
2019-01-04,100000000.0,0.0,0.0
2019-01-07,100000000.0,0.0,0.0
2019-01-08,100000000.0,0.0,0.0
2019-01-09,100000000.0,0.0,0.0
2019-01-10,100000000.0,0.0,0.0
2019-01-11,100000000.0,0.0,0.0
2019-01-14,100000000.0,0.0,0.0
2019-01-15,100000000.0,0.0,0.0
2019-01-16,100000000.0,0.0,0.0
2019-01-17,100000000.0,0.0,0.0
2019-01-18,100000000.0,0.0,0.0
2019-01-21,100000000.0,0.0,0.0
2019-01-22,100000000.0,0.0,0.0
2019-01-23,100000000.0,0.0,0.0
2019-01-24,100000000.0,0.0,0.0
2019-01-25,100000000.0,0.0,0.0
2019-01-28,100000000.0,0.0,0.0
2019-01-29,100000000.0,0.0,0.0
2019-01-30,100000000.0,0.0,0.0
2019-01-31,100000000.0,0.0,0.0
2019-02-01,100000000.0,0.0,0.0
2019-02-11,100000000.0,0.0,0.0
2019-02-12,100000000.0,0.0,0.0
2019-02-13,100000000.0,0.0,0.0
2019-02-14,100000000.0,0.0,0.0
2019-02-15,100000000.0,0.0,0.0
2019-02-18,100000000.0,0.0,0.0
2019-02-19,100000000.0,0.0,0.0
2019-02-20,100000000.0,0.0,0.0
2019-02-21,100000000.0,0.0,0.0
2019-02-22,100000000.0,0.0,0.0
2019-02-25,100000000.0,0.0,0.0
2019-02-26,100000000.0,0.0,0.0
2019-02-27,100000000.0,0.0,0.0
2019-02-28,100000000.0,0.0,0.0
2019-03-01,100000000.0,0.0,0.0
2019-03-04,100000000.0,0.0,0.0
2019-03-05,100000000.0,0.0,0.0
2019-03-06,100000000.0,0.0,0.0
2019-03-07,100000000.0,0.0,0.0
2019-03-08,100000000.0,0.0,0.0
2019-03-11,100000000.0,0.0,0.0
2019-03-12,100000000.0,0.0,0.0
2019-03-13,100000000.0,0.0,0.0
2019-03-14,100000000.0,0.0,0.0
2019-03-15,100000000.0,0.0,0.0
2019-03-18,100000000.0,0.0,0.0
2019-03-19,100000000.0,0.0,0.0
2019-03-20,100000000.0,0.0,0.0
2019-03-21,100000000.0,0.0,0.0
2019-03-22,100000000.0,0.0,0.0
2019-03-25,100000000.0,0.0,0.0
2019-03-26,100000000.0,0.0,0.0
2019-03-27,100000000.0,0.0,0.0
2019-03-28,100000000.0,0.0,0.0
2019-03-29,100000000.0,0.0,0.0
2019-04-01,100000000.0,0.0,0.0
2019-04-02,100000000.0,0.0,0.0
2019-04-03,100000000.0,0.0,0.0
2019-04-04,100000000.0,0.0,0.0
2019-04-05,100000000.0,0.0,0.0
2019-04-08,100000000.0,0.0,0.0
2019-04-09,100000000.0,0.0,0.0
2019-04-10,100000000.0,0.0,0.0
2019-04-11,100000000.0,0.0,0.0
2019-04-12,100000000.0,0.0,0.0
2019-04-16,100000000.0,0.0,0.0
2019-04-17,100000000.0,0.0,0.0
2019-04-18,100000000.0,0.0,0.0
2019-04-19,100000000.0,0.0,0.0
2019-04-22,100000000.0,0.0,0.0
2019-04-23,100000000.0,0.0,0.0
2019-04-24,100000000.0,0.0,0.0
2019-04-25,100000000.0,0.0,0.0
2019-04-26,100000000.0,0.0,0.0
2019-05-02,100000000.0,0.0,0.0
2019-05-03,100000000.0,0.0,0.0
2019-05-06,100000000.0,0.0,0.0
2019-05-07,100000000.0,0.0,0.0
2019-05-08,100000000.0,0.0,0.0
2019-05-09,100000000.0,0.0,0.0
2019-05-10,100000000.0,0.0,0.0
2019-05-13,100000000.0,0.0,0.0
2019-05-14,100000000.0,0.0,0.0
2019-05-15,100000000.0,0.0,0.0
2019-05-16,100000000.0,0.0,0.0
2019-05-17,100000000.0,0.0,0.0
2019-05-20,100000000.0,0.0,0.0
2019-05-21,100000000.0,0.0,0.0
2019-05-22,100000000.0,0.0,0.0
2019-05-23,100000000.0,0.0,0.0
2019-05-24,100000000.0,0.0,0.0
2019-05-27,100000000.0,0.0,0.0
2019-05-28,100000000.0,0.0,0.0
2019-05-29,100000000.0,0.0,0.0
2019-05-30,100000000.0,0.0,0.0
2019-05-31,100000000.0,0.0,0.0
2019-06-03,100000000.0,0.0,0.0
2019-06-04,100000000.0,0.0,0.0
2019-06-05,100000000.0,0.0,0.0
2019-06-06,100000000.0,0.0,0.0
2019-06-07,100000000.0,0.0,0.0
2019-06-10,100000000.0,0.0,0.0
2019-06-11,100000000.0,0.0,0.0
2019-06-12,100000000.0,0.0,0.0
2019-06-13,100000000.0,0.0,0.0
2019-06-14,100000000.0,0.0,0.0
2019-06-17,100000000.0,0.0,0.0
2019-06-18,100000000.0,0.0,0.0
2019-06-19,100000000.0,0.0,0.0
2019-06-20,100000000.0,0.0,0.0
2019-06-21,100000000.0,0.0,0.0
2019-06-24,100000000.0,0.0,0.0
2019-06-25,100000000.0,0.0,0.0
2019-06-26,100000000.0,0.0,0.0
2019-06-27,100000000.0,0.0,0.0
2019-06-28,100000000.0,0.0,0.0
2019-07-01,100000000.0,0.0,0.0
2019-07-02,100000000.0,0.0,0.0
2019-07-03,100000000.0,0.0,0.0
2019-07-04,100000000.0,0.0,0.0
2019-07-05,100000000.0,0.0,0.0
2019-07-08,100000000.0,0.0,0.0
2019-07-09,100000000.0,0.0,0.0
2019-07-10,100000000.0,0.0,0.0
2019-07-11,100000000.0,0.0,0.0
2019-07-12,100000000.0,0.0,0.0
2019-07-15,100000000.0,0.0,0.0
2019-07-16,100000000.0,0.0,0.0
2019-07-17,100000000.0,0.0,0.0
2019-07-18,100000000.0,0.0,0.0
2019-07-19,100000000.0,0.0,0.0
2019-07-22,100000000.0,0.0,0.0
2019-07-23,100000000.0,0.0,0.0
2019-07-24,100000000.0,0.0,0.0
2019-07-25,100000000.0,0.0,0.0
2019-07-26,100000000.0,0.0,0.0
2019-07-29,100000000.0,0.0,0.0
2019-07-30,100000000.0,0.0,0.0
2019-07-31,100000000.0,0.0,0.0
2019-08-01,100000000.0,0.0,0.0
2019-08-02,100000000.0,0.0,0.0
2019-08-05,100000000.0,0.0,0.0
2019-08-06,100000000.0,0.0,0.0
2019-08-07,100000000.0,0.0,0.0
2019-08-08,100000000.0,0.0,0.0
2019-08-09,100000000.0,0.0,0.0
2019-08-12,100000000.0,0.0,0.0
2019-08-13,100000000.0,0.0,0.0
2019-08-14,100000000.0,0.0,0.0
2019-08-15,100000000.0,0.0,0.0
2019-08-16,100000000.0,0.0,0.0
2019-08-19,100000000.0,0.0,0.0
2019-08-20,100000000.0,0.0,0.0
2019-08-21,100000000.0,0.0,0.0
2019-08-22,100000000.0,0.0,0.0
2019-08-23,100000000.0,0.0,0.0
2019-08-26,100000000.0,0.0,0.0
2019-08-27,100000000.0,0.0,0.0
2019-08-28,100000000.0,0.0,0.0
2019-08-29,100000000.0,0.0,0.0
2019-08-30,100000000.0,0.0,0.0
2019-09-03,100000000.0,0.0,0.0
2019-09-04,100000000.0,0.0,0.0
2019-09-05,100000000.0,0.0,0.0
2019-09-06,100000000.0,0.0,0.0
2019-09-09,100000000.0,0.0,0.0
2019-09-10,100000000.0,0.0,0.0
2019-09-11,100000000.0,0.0,0.0
2019-09-12,100000000.0,0.0,0.0
2019-09-13,100000000.0,0.0,0.0
2019-09-16,100000000.0,0.0,0.0
2019-09-17,100000000.0,0.0,0.0
2019-09-18,100000000.0,0.0,0.0
2019-09-19,100000000.0,0.0,0.0
2019-09-20,100000000.0,0.0,0.0
2019-09-23,100000000.0,0.0,0.0
2019-09-24,100000000.0,0.0,0.0
2019-09-25,100000000.0,0.0,0.0
2019-09-26,100000000.0,0.0,0.0
2019-09-27,100000000.0,0.0,0.0
2019-09-30,100000000.0,0.0,0.0
2019-10-01,100000000.0,0.0,0.0
2019-10-02,100000000.0,0.0,0.0
2019-10-03,100000000.0,0.0,0.0
2019-10-04,100000000.0,0.0,0.0
2019-10-07,100000000.0,0.0,0.0
2019-10-08,100000000.0,0.0,0.0
2019-10-09,100000000.0,0.0,0.0
2019-10-10,100000000.0,0.0,0.0
2019-10-11,100000000.0,0.0,0.0
2019-10-14,100000000.0,0.0,0.0
2019-10-15,100000000.0,0.0,0.0
2019-10-16,100000000.0,0.0,0.0
2019-10-17,100000000.0,0.0,0.0
2019-10-18,100000000.0,0.0,0.0
2019-10-21,100000000.0,0.0,0.0
2019-10-22,100000000.0,0.0,0.0
2019-10-23,100000000.0,0.0,0.0
2019-10-24,100000000.0,0.0,0.0
2019-10-25,100000000.0,0.0,0.0
2019-10-28,100000000.0,0.0,0.0
2019-10-29,100000000.0,0.0,0.0
2019-10-30,100000000.0,0.0,0.0
2019-10-31,100000000.0,0.0,0.0
2019-11-01,100000000.0,0.0,0.0
2019-11-04,100000000.0,0.0,0.0
2019-11-05,100000000.0,0.0,0.0
2019-11-06,100000000.0,0.0,0.0
2019-11-07,100000000.0,0.0,0.0
2019-11-08,100000000.0,0.0,0.0
2019-11-11,100000000.0,0.0,0.0
2019-11-12,100000000.0,0.0,0.0
2019-11-13,100000000.0,0.0,0.0
2019-11-14,100000000.0,0.0,0.0
2019-11-15,100000000.0,0.0,0.0
2019-11-18,100000000.0,0.0,0.0
2019-11-19,100000000.0,0.0,0.0
2019-11-20,100000000.0,0.0,0.0
2019-11-21,100000000.0,0.0,0.0
2019-11-22,100000000.0,0.0,0.0
2019-11-25,100000000.0,0.0,0.0
2019-11-26,100000000.0,0.0,0.0
2019-11-27,100000000.0,0.0,0.0
2019-11-28,100000000.0,0.0,0.0
2019-11-29,100000000.0,0.0,0.0
2019-12-02,100000000.0,0.0,0.0
2019-12-03,100000000.0,0.0,0.0
2019-12-04,100000000.0,0.0,0.0
2019-12-05,100000000.0,0.0,0.0
2019-12-06,100000000.0,0.0,0.0
2019-12-09,100000000.0,0.0,0.0
2019-12-10,100000000.0,0.0,0.0
2019-12-11,100000000.0,0.0,0.0
2019-12-12,100000000.0,0.0,0.0
2019-12-13,100000000.0,0.0,0.0
2019-12-16,100000000.0,0.0,0.0
2019-12-17,100000000.0,0.0,0.0
2019-12-18,100000000.0,0.0,0.0
2019-12-19,100000000.0,0.0,0.0
2019-12-20,100000000.0,0.0,0.0
2019-12-23,100000000.0,0.0,0.0
2019-12-24,100000000.0,0.0,0.0
2019-12-25,100000000.0,0.0,0.0
2019-12-26,100000000.0,0.0,0.0
2019-12-27,100000000.0,0.0,0.0
2019-12-30,100000000.0,0.0,0.0
2019-12-31,100000000.0,0.0,0.0
2020-01-02,100000000.0,0.0,0.0
2020-01-03,100000000.0,0.0,0.0
2020-01-06,100000000.0,0.0,0.0
2020-01-07,100000000.0,0.0,0.0
2020-01-08,100000000.0,0.0,0.0
2020-01-09,100000000.0,0.0,0.0
2020-01-10,100000000.0,0.0,0.0
2020-01-13,100000000.0,0.0,0.0
2020-01-14,100000000.0,0.0,0.0
2020-01-15,100000000.0,0.0,0.0
2020-01-16,100000000.0,0.0,0.0
2020-01-17,100000000.0,0.0,0.0
2020-01-20,100000000.0,0.0,0.0
2020-01-21,100000000.0,0.0,0.0
2020-01-22,100000000.0,0.0,0.0
2020-01-30,100000000.0,0.0,0.0
2020-01-31,100000000.0,0.0,0.0
2020-02-03,100000000.0,0.0,0.0
2020-02-04,100000000.0,0.0,0.0
2020-02-05,100000000.0,0.0,0.0
2020-02-06,100000000.0,0.0,0.0
2020-02-07,100000000.0,0.0,0.0
2020-02-10,100000000.0,0.0,0.0
2020-02-11,100000000.0,0.0,0.0
2020-02-12,100000000.0,0.0,0.0
2020-02-13,100000000.0,0.0,0.0
2020-02-14,100000000.0,0.0,0.0
2020-02-17,100000000.0,0.0,0.0
2020-02-18,100000000.0,0.0,0.0
2020-02-19,100000000.0,0.0,0.0
2020-02-20,100000000.0,0.0,0.0
2020-02-21,100000000.0,0.0,0.0
2020-02-24,100000000.0,0.0,0.0
2020-02-25,100000000.0,0.0,0.0
2020-02-26,100000000.0,0.0,0.0
2020-02-27,100000000.0,0.0,0.0
2020-02-28,100000000.0,0.0,0.0
2020-03-02,100000000.0,0.0,0.0
2020-03-03,100000000.0,0.0,0.0
2020-03-04,100000000.0,0.0,0.0
2020-03-05,100000000.0,0.0,0.0
2020-03-06,100000000.0,0.0,0.0
2020-03-09,100000000.0,0.0,0.0
2020-03-10,100000000.0,0.0,0.0
2020-03-11,100000000.0,0.0,0.0
2020-03-12,100000000.0,0.0,0.0
2020-03-13,100000000.0,0.0,0.0
2020-03-16,100000000.0,0.0,0.0
2020-03-17,100000000.0,0.0,0.0
2020-03-18,100000000.0,0.0,0.0
2020-03-19,100000000.0,0.0,0.0
2020-03-20,100000000.0,0.0,0.0
2020-03-23,100000000.0,0.0,0.0
2020-03-24,100000000.0,0.0,0.0
2020-03-25,100000000.0,0.0,0.0
2020-03-26,100000000.0,0.0,0.0
2020-03-27,100000000.0,0.0,0.0
2020-03-30,100000000.0,0.0,0.0
2020-03-31,100000000.0,0.0,0.0
2020-04-01,100000000.0,0.0,0.0
2020-04-03,100000000.0,0.0,0.0
2020-04-06,100000000.0,0.0,0.0
2020-04-07,100000000.0,0.0,0.0
2020-04-08,100000000.0,0.0,0.0
2020-04-09,100000000.0,0.0,0.0
2020-04-10,100000000.0,0.0,0.0
2020-04-13,100000000.0,0.0,0.0
2020-04-14,100000000.0,0.0,0.0
2020-04-15,100000000.0,0.0,0.0
2020-04-16,100000000.0,0.0,0.0
2020-04-17,100000000.0,0.0,0.0
2020-04-20,100000000.0,0.0,0.0
2020-04-21,100000000.0,0.0,0.0
2020-04-22,100000000.0,0.0,0.0
2020-04-23,100000000.0,0.0,0.0
2020-04-24,100000000.0,0.0,0.0
2020-04-27,100000000.0,0.0,0.0
2020-04-28,100000000.0,0.0,0.0
2020-04-29,100000000.0,0.0,0.0
2020-05-04,100000000.0,0.0,0.0
2020-05-05,100000000.0,0.0,0.0
2020-05-06,100000000.0,0.0,0.0
2020-05-07,100000000.0,0.0,0.0
2020-05-08,100000000.0,0.0,0.0
2020-05-11,100000000.0,0.0,0.0
2020-05-12,100000000.0,0.0,0.0
2020-05-13,100000000.0,0.0,0.0
2020-05-14,100000000.0,0.0,0.0
2020-05-15,100000000.0,0.0,0.0
2020-05-18,100000000.0,0.0,0.0
2020-05-19,100000000.0,0.0,0.0
2020-05-20,100000000.0,0.0,0.0
2020-05-21,100000000.0,0.0,0.0
2020-05-22,100000000.0,0.0,0.0
2020-05-25,100000000.0,0.0,0.0
2020-05-26,100000000.0,0.0,0.0
2020-05-27,100000000.0,0.0,0.0
2020-05-28,100000000.0,0.0,0.0
2020-05-29,100000000.0,0.0,0.0
2020-06-01,100000000.0,0.0,0.0
2020-06-02,100000000.0,0.0,0.0
2020-06-03,100000000.0,0.0,0.0
2020-06-04,100000000.0,0.0,0.0
2020-06-05,100000000.0,0.0,0.0
2020-06-08,100000000.0,0.0,0.0
2020-06-09,100000000.0,0.0,0.0
2020-06-10,100000000.0,0.0,0.0
2020-06-11,100000000.0,0.0,0.0
2020-06-12,100000000.0,0.0,0.0
2020-06-15,100000000.0,0.0,0.0
2020-06-16,100000000.0,0.0,0.0
2020-06-17,100000000.0,0.0,0.0
2020-06-18,100000000.0,0.0,0.0
2020-06-19,100000000.0,0.0,0.0
2020-06-22,100000000.0,0.0,0.0
2020-06-23,100000000.0,0.0,0.0
2020-06-24,100000000.0,0.0,0.0
2020-06-25,100000000.0,0.0,0.0
2020-06-26,100000000.0,0.0,0.0
2020-06-29,100000000.0,0.0,0.0
2020-06-30,100000000.0,0.0,0.0
2020-07-01,100000000.0,0.0,0.0
2020-07-02,100000000.0,0.0,0.0
2020-07-03,100000000.0,0.0,0.0
2020-07-06,100000000.0,0.0,0.0
2020-07-07,100000000.0,0.0,0.0
2020-07-08,100000000.0,0.0,0.0
2020-07-09,100000000.0,0.0,0.0
2020-07-10,100000000.0,0.0,0.0
2020-07-13,100000000.0,0.0,0.0
2020-07-14,100000000.0,0.0,0.0
2020-07-15,100000000.0,0.0,0.0
2020-07-16,100000000.0,0.0,0.0
2020-07-17,100000000.0,0.0,0.0
2020-07-20,100000000.0,0.0,0.0
2020-07-21,100000000.0,0.0,0.0
2020-07-22,100000000.0,0.0,0.0
2020-07-23,100000000.0,0.0,0.0
2020-07-24,100000000.0,0.0,0.0
2020-07-27,100000000.0,0.0,0.0
2020-07-28,100000000.0,0.0,0.0
2020-07-29,100000000.0,0.0,0.0
2020-07-30,100000000.0,0.0,0.0
2020-07-31,100000000.0,0.0,0.0
2020-08-03,100000000.0,0.0,0.0
2020-08-04,100000000.0,0.0,0.0
2020-08-05,100000000.0,0.0,0.0
2020-08-06,100000000.0,0.0,0.0
2020-08-07,100000000.0,0.0,0.0
2020-08-10,100000000.0,0.0,0.0
2020-08-11,100000000.0,0.0,0.0
2020-08-12,100000000.0,0.0,0.0
2020-08-13,100000000.0,0.0,0.0
2020-08-14,100000000.0,0.0,0.0
2020-08-17,100000000.0,0.0,0.0
2020-08-18,100000000.0,0.0,0.0
2020-08-19,100000000.0,0.0,0.0
2020-08-20,100000000.0,0.0,0.0
2020-08-21,100000000.0,0.0,0.0
2020-08-24,100000000.0,0.0,0.0
2020-08-25,100000000.0,0.0,0.0
2020-08-26,100000000.0,0.0,0.0
2020-08-27,100000000.0,0.0,0.0
2020-08-28,100000000.0,0.0,0.0
2020-08-31,100000000.0,0.0,0.0
2020-09-01,100000000.0,0.0,0.0
2020-09-03,100000000.0,0.0,0.0
2020-09-04,100000000.0,0.0,0.0
2020-09-07,100000000.0,0.0,0.0
2020-09-08,100000000.0,0.0,0.0
2020-09-09,100000000.0,0.0,0.0
2020-09-10,100000000.0,0.0,0.0
2020-09-11,100000000.0,0.0,0.0
2020-09-14,100000000.0,0.0,0.0
2020-09-15,100000000.0,0.0,0.0
2020-09-16,100000000.0,0.0,0.0
2020-09-17,100000000.0,0.0,0.0
2020-09-18,100000000.0,0.0,0.0
2020-09-21,100000000.0,0.0,0.0
2020-09-22,100000000.0,0.0,0.0
2020-09-23,100000000.0,0.0,0.0
2020-09-24,100000000.0,0.0,0.0
2020-09-25,100000000.0,0.0,0.0
2020-09-28,100000000.0,0.0,0.0
2020-09-29,100000000.0,0.0,0.0
2020-09-30,100000000.0,0.0,0.0
2020-10-01,100000000.0,0.0,0.0
2020-10-02,100000000.0,0.0,0.0
2020-10-05,100000000.0,0.0,0.0
2020-10-06,100000000.0,0.0,0.0
2020-10-07,100000000.0,0.0,0.0
2020-10-08,100000000.0,0.0,0.0
2020-10-09,100000000.0,0.0,0.0
2020-10-12,100000000.0,0.0,0.0
2020-10-13,100000000.0,0.0,0.0
2020-10-14,100000000.0,0.0,0.0
2020-10-15,100000000.0,0.0,0.0
2020-10-16,100000000.0,0.0,0.0
2020-10-19,100000000.0,0.0,0.0
2020-10-20,100000000.0,0.0,0.0
2020-10-21,100000000.0,0.0,0.0
2020-10-22,100000000.0,0.0,0.0
2020-10-23,100000000.0,0.0,0.0
2020-10-26,100000000.0,0.0,0.0
2020-10-27,100000000.0,0.0,0.0
2020-10-28,100000000.0,0.0,0.0
2020-10-29,100000000.0,0.0,0.0
2020-10-30,100000000.0,0.0,0.0
2020-11-02,100000000.0,0.0,0.0
2020-11-03,100000000.0,0.0,0.0
2020-11-04,100000000.0,0.0,0.0
2020-11-05,100000000.0,0.0,0.0
2020-11-06,100000000.0,0.0,0.0
2020-11-09,100000000.0,0.0,0.0
2020-11-10,100000000.0,0.0,0.0
2020-11-11,100000000.0,0.0,0.0
2020-11-12,100000000.0,0.0,0.0
2020-11-13,100000000.0,0.0,0.0
2020-11-16,100000000.0,0.0,0.0
2020-11-17,100000000.0,0.0,0.0
2020-11-18,100000000.0,0.0,0.0
2020-11-19,100000000.0,0.0,0.0
2020-11-20,100000000.0,0.0,0.0
2020-11-23,100000000.0,0.0,0.0
2020-11-24,100000000.0,0.0,0.0
2020-11-25,100000000.0,0.0,0.0
2020-11-26,100000000.0,0.0,0.0
2020-11-27,100000000.0,0.0,0.0
2020-11-30,100000000.0,0.0,0.0
2020-12-01,100000000.0,0.0,0.0
2020-12-02,100000000.0,0.0,0.0
2020-12-03,100000000.0,0.0,0.0
2020-12-04,100000000.0,0.0,0.0
2020-12-07,100000000.0,0.0,0.0
2020-12-08,100000000.0,0.0,0.0
2020-12-09,100000000.0,0.0,0.0
2020-12-10,100000000.0,0.0,0.0
2020-12-11,100000000.0,0.0,0.0
2020-12-14,100000000.0,0.0,0.0
2020-12-15,100000000.0,0.0,0.0
2020-12-16,100000000.0,0.0,0.0
2020-12-17,100000000.0,0.0,0.0
2020-12-18,100000000.0,0.0,0.0
2020-12-21,100000000.0,0.0,0.0
2020-12-22,100000000.0,0.0,0.0
2020-12-23,100000000.0,0.0,0.0
2020-12-24,100000000.0,0.0,0.0
2020-12-25,100000000.0,0.0,0.0
2020-12-28,100000000.0,0.0,0.0
2020-12-29,100000000.0,0.0,0.0
2020-12-30,100000000.0,0.0,0.0
2020-12-31,100000000.0,0.0,0.0
2021-01-04,100000000.0,0.0,0.0
2021-01-05,99920000.0,-0.0008,-0.0008000000000000229
2021-01-06,100136949.01163888,0.0021712270980672518,0.0
2021-01-07,101824520.07749575,0.016852631146778083,0.0
2021-01-08,102805776.76903102,0.009636742611587637,0.0
2021-01-11,104321278.3799186,0.014741405186718197,0.0
2021-01-12,104656951.90079981,0.003217689872038814,0.0
2021-01-13,104612810.41652372,-0.00042177307359310504,-0.00042177307359314575
2021-01-14,106118841.70390643,0.014396241544284403,0.0
2021-01-15,106715988.06507893,0.005627147371610589,0.0
2021-01-18,106406486.98640952,-0.0029002315799266177,-0.002900231579926582
2021-01-19,102779403.37029828,-0.0340870535137063,-0.03688842474456577
2021-01-20,102377914.28090626,-0.003906318544636013,-0.04065064535153973
2021-01-21,103589342.01638146,0.011832901109425432,-0.02929875930859338
2021-01-22,103095897.79408231,-0.00476346516634029,-0.03392266085555018
2021-01-25,103218150.39800763,0.001185814436278519,-0.0327770724002312
2021-01-26,101776610.57611638,-0.013965952851632124,-0.046285262204107114
2021-01-27,99024693.64062934,-0.027038795258650824,-0.07207255973452809
2021-01-28,95605086.97078961,-0.0345328679556417,-0.10411655550163224
2021-01-29,96586873.02972423,0.010269182216575787,-0.09491656516526492
2021-02-01,93360379.11602776,-0.03340509753021539,-0.1251509655789016
2021-02-02,95265839.26030539,0.020409730148048533,-0.10729553286608617
2021-02-03,97565886.04964717,0.024143458003420357,-0.08574256005437275
2021-02-04,98159984.44845274,0.006089202105982638,-0.0801754617256456
2021-02-05,99793153.1696553,0.01663782579407586,-0.06487158129672066
2021-02-08,97334355.70518765,-0.024638939510083606,-0.08791215383931084
2021-02-09,99684787.32809313,0.024148016451915614,-0.06588704152463021
2021-02-17,102940592.66838336,0.03266100502952755,-0.03537797348971938
2021-02-18,103345847.85085669,0.003936786956131443,-0.03158046207815657
2021-02-19,102686663.52015446,-0.006378430719863372,-0.03775745900855321
2021-02-22,103016954.13886043,0.003216489925599213,-0.03466241556947125
2021-02-23,102273106.88981515,-0.007220629412539444,-0.041632760524640045
2021-02-24,101220960.85763033,-0.010287611906797388,-0.05149207074855133
2021-02-25,100975669.34414905,-0.0024233272575458213,-0.053790615867504665
2021-02-26,102691403.61813658,0.01699156128532213,-0.03771304112827045
2021-03-01,105533008.32220966,0.02767130065375023,-0.011085309374147867
2021-03-02,105951459.684422,0.00396512303463144,-0.007164140955061904
2021-03-03,106480735.38345022,0.004995454527994983,-0.0022044745674401067
2021-03-04,105022232.67757171,-0.013697338778007715,-0.015871617910470093
2021-03-05,106444815.82717715,0.013545542818280243,-0.0025410647721915147
2021-03-08,107804270.31864023,0.012771448575478567,0.0
2021-03-09,108065803.76517302,0.0024260026598182413,0.0
2021-03-10,107626908.45082062,-0.00406137093382577,-0.0040613709338257475
2021-03-11,107771215.48178002,0.0013408081030715257,-0.002726008349811848
2021-03-12,107429148.98720288,-0.0031740060928882254,-0.005891362075588602
2021-03-15,107794743.92758852,0.0034031260959647915,-0.002508285027643997
2021-03-16,107468866.67100835,-0.0030231275172292547,-0.005523829679385139
2021-03-17,109174047.3838582,0.015866741370502035,0.0
2021-03-18,108885494.6435807,-0.0026430525128645415,-0.0026430525128645632
2021-03-19,107951750.69835359,-0.008575466808352923,-0.011195853912120635
2021-03-22,107616144.42181638,-0.003108854412884739,-0.01426990204516465
2021-03-23,106732189.22619326,-0.008213964553109522,-0.02236665412869887
2021-03-24,105635867.28063491,-0.01027170859612898,-0.0324086189713475
2021-03-25,105020400.80167899,-0.005826302133922569,-0.03804609869939979
2021-03-26,105217214.76060137,0.0018740545400702724,-0.03624334462332912
2021-03-29,106477218.72619578,0.011975264394341484,-0.024702103863387226
2021-03-30,108206682.88735427,0.016242574532358632,-0.008860755094135753
2021-03-31,109264477.36715317,0.009775685304946343,0.0
2021-04-01,110314943.58085304,0.009613977378668778,0.0
2021-04-02,110369507.18436424,0.0004946166107695835,0.0
2021-04-05,108703157.14419422,-0.015097920455389114,-0.015097920455389158
2021-04-06,108575647.38665171,-0.001173008778147674,-0.016253219240310868
2021-04-07,109146226.25847852,0.0052551275130316155,-0.01108350446688433
2021-04-08,109415986.07070939,0.002471545022473144,-0.008639352824707847
2021-04-09,110406235.93068284,0.009050321580372202,0.0
2021-04-12,111246382.04248631,0.007609589301920837,0.0
2021-04-13,110492280.67255685,-0.006778659728830214,-0.006778659728830183
2021-04-14,111144055.26683372,0.005898824698970646,-0.0009198211552938762
2021-04-15,110713703.89216834,-0.0038720143298010454,-0.004788273924400843
2021-04-16,111183291.51281714,0.0042414588631788964,-0.0005671243280979121
2021-04-19,112034111.7260389,0.0076524107322697545,0.0
2021-04-20,111889827.78252053,-0.0012878572543261928,-0.00128785725432623
2021-04-22,110050593.79591727,-0.01643790166679107,-0.01770458925020979
2021-04-23,112702619.16747981,0.024098237729462638,0.0
2021-04-26,112601458.66540769,-0.0008975878539415116,-0.0008975878539415616
2021-04-27,112877801.99675459,0.0024541718608463705,0.0
2021-04-28,113094382.10699394,0.0019187130366481071,0.0
2021-04-29,114560627.41542816,0.012964793485913948,0.0
2021-05-04,114885229.85778272,0.0028334555220046295,0.0
2021-05-05,114816761.0188568,-0.0005959759928294173,-0.0005959759928294561
2021-05-06,115038990.34461373,0.0019355129319528505,0.0
2021-05-07,117200787.58521447,0.018791865559014385,0.0
2021-05-10,120269513.49378353,0.02618349220851315,0.0
2021-05-11,118904776.20194066,-0.0113473252879951,-0.011347325287995091
2021-05-12,119958659.14837761,0.008863251587531738,-0.002584647899336434
2021-05-13,120248787.04411864,0.002418565677548709,-0.00017233336248556608
2021-05-14,119492001.15098159,-0.006293501263005604,-0.006464750045256706
2021-05-17,119069876.18821041,-0.0035326629289420823,-0.009974575191369017
2021-05-18,120440106.7136208,0.011507784918197941,0.0
2021-05-19,121089701.8855821,0.005393512092328988,0.0
2021-05-20,122669840.17830935,0.013049320199172038,0.0
2021-05-21,122685323.10381949,0.00012621623609872432,0.0
2021-05-24,121822480.63069393,-0.007032972252071281,-0.0070329722520713345
2021-05-25,123202105.54711746,0.011324879523721703,0.0
2021-05-26,124559693.45939183,0.011019194081510069,0.0
2021-05-27,125184019.76021479,0.005012265874164963,0.0
2021-05-28,128295746.15717438,0.02485721742215964,0.0
2021-05-31,131382595.37018599,0.024060417476585126,0.0
2021-06-01,131210093.49949989,-0.0013129735350413388,-0.0013129735350413396
2021-06-02,133720185.16152462,0.019130324467258333,0.0
2021-06-03,138051695.0778908,0.03239234159849561,0.0
2021-06-04,138308197.38206887,0.0018580163324567417,0.0
2021-06-07,133529956.09107442,-0.03454778083611934,-0.03454778083611931
2021-06-08,129345475.67882821,-0.03133739076040868,-0.06480253428856164
2021-06-09,133658508.91700275,0.0333450645686598,-0.033618314409966654
2021-06-10,132195154.76725167,-0.010948454846670284,-0.04419870065929832
2021-06-11,134080415.38181047,0.014261192990605971,-0.030567833868728522
2021-06-14,135236795.0667607,0.008624523437351267,-0.022206943431007264
2021-06-15,135277526.55022806,0.00030118640010111787,-0.02191244546025528
2021-06-16,135925785.58503628,0.004792067472992436,-0.017225383904406755
2021-06-17,138848346.963911,0.02150115495964039,0.0
2021-06-18,139126314.564081,0.002001951094471904,0.0
2021-06-21,137191380.84679246,-0.013907747958042338,-0.013907747958042393
2021-06-22,136480886.69951472,-0.005178854115268233,-0.019014575875563988
2021-06-23,135533511.67612892,-0.006941448332407131,-0.025824035511968213
2021-06-24,133938975.79504484,-0.011764882805474632,-0.037285101566080114
2021-06-25,137449617.3888712,0.026210754360242255,-0.012051617844283102
2021-06-28,138618981.73495054,0.008507585312303887,-0.003646562698940703
2021-06-29,138166070.33511662,-0.0032673115482836023,-0.006901959790806544
2021-06-30,137060144.98773855,-0.008004319328874989,-0.014851033629520893
2021-07-01,140743521.27091765,0.026874160125167097,0.0
2021-07-02,144285468.34968838,0.02516596889708921,0.0
2021-07-05,142429579.34807393,-0.01286261896531772,-0.012862618965317707
2021-07-06,137295304.3798777,-0.03604781388596914,-0.048446763556738937
2021-07-07,138699458.71477836,0.010227256796893581,-0.03871498425171849
2021-07-08,137635731.10386837,-0.007669298934305493,-0.0460873663985607
2021-07-09,133437761.97855523,-0.0305005763521181,-0.07518225151297142
2021-07-12,128369763.03859437,-0.037980245357947064,-0.11030705651189299
2021-07-13,130633005.95164844,0.01763065428712862,-0.09462118780355622
2021-07-14,128376564.58156419,-0.017273133643724303,-0.11025991702482185
2021-07-15,130285344.35053554,0.014868599850704125,-0.0970307277599316
2021-07-16,130614093.8254027,0.0025233035726770427,-0.09475226216927068
2021-07-19,127197666.71331546,-0.02615664980728749,-0.11843051023654827
2021-07-20,129436842.50797948,0.017603906207735658,-0.10291144362315108
2021-07-21,130100579.96502182,0.005127886652530314,-0.09831127518876848
2021-07-22,131269254.1048755,0.008982851115405404,-0.09021153962134942
2021-07-23,130580372.17614686,-0.005247854369449442,-0.09498597696842226
2021-07-26,130215056.60644305,-0.0027976300236839855,-0.09751787137111045
2021-07-27,129410410.47721086,-0.006179363202706385,-0.10309463622785986
2021-07-28,127848689.8059943,-0.012067967835490183,-0.11391846130934069
2021-07-29,130480305.09918457,0.020583826843932857,-0.09567951234732663
2021-07-30,130890295.79989162,0.0031421654049275396,-0.09283798779605712
2021-08-02,130826643.30063632,-0.00048630418982789305,-0.09327914448344465
2021-08-03,134289823.23474467,0.026471518696310557,-0.06927686640430342
2021-08-04,133799813.3047728,-0.0036488984657855592,-0.07267298061855187
2021-08-05,134259844.66117972,0.003438206265348483,-0.06948463905048763
2021-08-06,133897097.57393184,-0.0027018285933766172,-0.0719987320592772
2021-08-09,136307250.7459229,0.018000040446435175,-0.055294671702001086
2021-08-10,136334635.75940472,0.00020090650594128213,-0.0551048742553486
2021-08-11,135142891.0622167,-0.008741320138861412,-0.06336450504713231
2021-08-12,134197239.60729983,-0.006997419157486489,-0.0699185362030974
2021-08-13,136935349.46757805,0.02040362281885026,-0.050941504824981276
2021-08-16,137693826.7120861,0.005538944088996108,-0.04568472288302006
2021-08-17,138071812.11686826,0.0027451151137843164,-0.04306501759249093
2021-08-18,137779098.7652462,-0.002120008038818839,-0.04509372744782181
2021-08-19,137330951.5253712,-0.003252650393936678,-0.048199703711411246
2021-08-20,135485325.60360804,-0.013439256782708462,-0.06099119229909156
2021-08-23,135066902.68031412,-0.0030883265138108473,-0.06389115809661627
2021-08-24,134323695.32318133,-0.005502512772443358,-0.06904210895558671
2021-08-25,134810055.3743727,0.0036208060686625902,-0.0656712909740238
2021-08-26,135401896.98294982,0.004390188898992478,-0.06156941144764805
2021-08-27,136488152.77974814,0.00802245626540301,-0.0540408930928703
2021-08-30,138790235.62517452,0.01686653968525215,-0.038085836275595586
2021-08-31,138896007.74015373,0.0007621005505377353,-0.03735276096185114
2021-09-01,139941740.2467196,0.007528888148622834,-0.03010509757255231
2021-09-06,141424503.64992464,0.010595576420522574,-0.019828502014006988
2021-09-07,139819106.40604547,-0.011351620139697233,-0.030955036530902036
2021-09-08,140267403.95805442,0.0032062681813104,-0.02784801849827201
2021-09-09,141257669.54891145,0.007059841152782425,-0.020984779932507136
2021-09-10,142452126.3862834,0.008455872457660477,-0.012706352097507922
2021-09-13,144320229.1023321,0.01311389842635979,0.0
2021-09-14,145967879.4960139,0.011416628174235622,0.0
2021-09-15,148018136.68703702,0.014045947629725618,0.0
2021-09-16,145779314.09742254,-0.01512532612370434,-0.015125326123704319
2021-09-17,148984892.3686247,0.021989253352227314,0.0
2021-09-20,149165632.40461427,0.001213143380621358,0.0
2021-09-21,150600019.2580561,0.00961606792609598,0.0
2021-09-22,149783406.22852236,-0.005422396581068568,-0.005422396581068578
2021-09-23,148458708.5741802,-0.008844088191726008,-0.014218528619221127
2021-09-24,147844414.57959682,-0.004137810442264657,-0.01829750548529152
2021-09-27,145430535.93305337,-0.016327154822909144,-0.03432591410326924
2021-09-28,147485386.1316331,0.014129427395671884,-0.02068149221870963
2021-09-29,147448136.62399805,-0.00025256405812173945,-0.02092883287522851
2021-09-30,148469689.5958265,0.006928218933234026,-0.014145613478171226
2021-10-01,149348292.36126983,0.005917724808579532,-0.00831159851740404
2021-10-04,150946689.62013376,0.010702480983160106,0.0
2021-10-05,152386612.18573126,0.009539278862101278,0.0
2021-10-06,154682587.63151982,0.015066779245608468,0.0
2021-10-07,155932141.11855555,0.008078178068835842,0.0
2021-10-08,154107419.89871278,-0.011702021191740209,-0.011702021191740242
2021-10-11,155558720.0510388,0.009417457986642602,-0.00239476649802961
2021-10-12,157042816.40996534,0.009540425367601397,0.0
2021-10-13,159652126.91344875,0.01661528087137539,0.0
2021-10-14,161069714.02325478,0.008879224706943861,0.0
2021-10-15,162081422.7883054,0.006281185579708376,0.0
2021-10-18,160039123.32379523,-0.012600453706391884,-0.012600453706391845
2021-10-19,164301303.45792654,0.02663211373326484,0.0
2021-10-20,167840077.0486282,0.021538317202747334,0.0
2021-10-21,169464826.92553326,0.00968034515638548,0.0
2021-10-22,168645090.13765123,-0.00483720901117871,-0.004837209011178678
2021-10-25,166178523.58910906,-0.014625783333086747,-0.01939224437333109
2021-10-26,168112952.45425615,0.011640667057135064,-0.007977315976436583
2021-10-27,169058669.19627088,0.005625484105825024,-0.002396708134844161
2021-10-28,172386465.35004258,0.019684268009398855,0.0
2021-10-29,173877370.1315809,0.008648618547348963,0.0
2021-11-01,175003791.81900063,0.006478253533322525,0.0
2021-11-02,174501898.64421752,-0.002867898858455584,-0.0028678988584556198
2021-11-03,168509728.30587965,-0.03433871141170206,-0.037108130318899146
2021-11-04,169241236.4351755,0.0043410439067827515,-0.03292817443512941
2021-11-05,171307327.9412169,0.012207967452617572,-0.021122193064289974
2021-11-08,174417918.66180938,0.018157954817086867,-0.0033477740745022633
2021-11-09,176412294.5524097,0.011434466744597228,0.0
2021-11-10,178717160.41657376,0.013065222409877503,0.0
2021-11-11,178761548.43879604,0.0002483702299142174,0.0
2021-11-12,181116446.04547247,0.013173401255710726,0.0
2021-11-15,184613560.1405862,0.01930865016109974,0.0
2021-11-16,183860394.8628676,-0.004079685572094791,-0.0040796855720948155
2021-11-17,187995733.91234177,0.022491733755703753,0.0
2021-11-18,193028834.78445876,0.026772420668140298,0.0
2021-11-19,191989261.83238706,-0.005385583730184725,-0.005385583730184718
2021-11-22,190324329.77714974,-0.008672006128607669,-0.014010886043678061
2021-11-23,186741300.2734091,-0.0188259142062184,-0.03257303251128507
2021-11-24,187276325.18242943,0.0028650593534317323,-0.029801296829319424
2021-11-25,188557749.02896702,0.006842423062762101,-0.023162786847282568
2021-11-26,186405592.8349223,-0.011413777503856849,-0.03431218945569525
2021-11-29,188221496.93196332,0.009741682475424143,-0.0249047654349851
2021-11-30,186791478.2447538,-0.00759753115621234,-0.03231308185986692
2021-12-01,186290877.33531475,-0.002679998649526812,-0.03490648149364728
2021-12-02,185325202.1076323,-0.005183695742353888,-0.039909232656502036
2021-12-03,181848899.21705747,-0.018757852958152403,-0.05791847409681106
2021-12-06,178606600.6228166,-0.017829630029109055,-0.07471543916092338
2021-12-07,182050824.96664602,0.019283858109493807,-0.056872382978797376
2021-12-08,185623667.13157335,0.019625520321492215,-0.03836301276518728
2021-12-09,186533889.38824356,0.004903589454598077,-0.03364753977543111
2021-12-10,187211364.77855808,0.0036319158547348544,-0.03013782895387951
2021-12-13,190245836.7854131,0.016208802336569253,-0.014417524729676945
2021-12-14,190757193.8804412,0.00268787534943477,-0.011768401889562963
2021-12-15,190703319.04008663,-0.0002824262574774944,-0.012047504441338286
2021-12-16,193121115.2526176,0.012678312179887859,0.0
2021-12-17,190375102.12236953,-0.014219124235359084,-0.014219124235359093
2021-12-20,191229453.63609397,0.004487727146038694,-0.009795208639144293
2021-12-21,193111551.1060444,0.009842089877702801,-4.9524085238839e-05
2021-12-22,195803955.63068625,0.013942224114617291,0.0
2021-12-23,194452754.25739563,-0.006900786906670995,-0.006900786906670953
2021-12-24,190582233.42753765,-0.019904685046191715,-0.026668113962914575
2021-12-27,193602879.96943706,0.015849570485004887,-0.01124122162986696
2021-12-28,189961597.15417463,-0.018807999219005753,-0.02983779596123759
2021-12-29,192295917.0122429,0.012288377719701584,-0.017916076348631016
2021-12-30,192180140.17632276,-0.0006020764128485571,-0.018507365914499307
2021-12-31,188866127.87383243,-0.017244301619562568,-0.035432520934048584
2022-01-04,188498771.44481054,-0.0019450625326914031,-0.037308664997832364
2022-01-05,193276510.54259512,0.02534626120459053,-0.012908038961471524
2022-01-06,191789283.67695516,-0.00769481434378542,-0.020503528341906052
2022-01-07,194979769.73063582,0.016635371864961074,-0.004209240295456329
2022-01-10,195425561.52062416,0.0022863489407347207,-0.0019325151468124746
2022-01-11,195927850.9967641,0.0025702342735084015,0.0
2022-01-12,192254330.80386963,-0.01874935173435414,-0.018749351734354103
2022-01-13,187663594.61980024,-0.023878453946260824,-0.04218010014870399
2022-01-14,186152309.3525769,-0.008053161670941764,-0.04989357865385169
2022-01-17,182300696.09433454,-0.020690655257718675,-0.06955190307606962
2022-01-18,178118820.9760685,-0.022939435821474126,-0.09089585748066886
2022-01-19,177724164.68703377,-0.0022156911149089015,-0.09291015145177584
2022-01-20,180150519.6041899,0.013652363601926946,-0.08052623101977863
2022-01-21,180879294.04927707,0.004045364102686801,-0.0768066248413839
2022-01-24,175486138.25068992,-0.02981632489740856,-0.10433285845824836
2022-01-25,176887216.71115628,0.007983983660662991,-0.09718186663478634
2022-01-26,177504025.40594548,0.0034870167910234233,-0.09403372464450144
2022-01-27,174699140.80701196,-0.015801808395718604,-0.1083496301406518
2022-01-28,175815774.51157156,0.006391752697817365,-0.10265042148359349
2022-02-07,177805319.06995314,0.011316075385776279,-0.09249594600570732
2022-02-08,182159221.9793862,0.024486910359077223,-0.07027397558504989
2022-02-09,184876984.76089132,0.014919710086446568,-0.056402732840954206
2022-02-10,185199747.9202026,0.0017458266085891483,-0.054755375624156
2022-02-11,186455269.2402398,0.006779282013807898,-0.04834729574347618
2022-02-14,186035064.51720917,-0.0022536489568938415,-0.05049198686774914
2022-02-15,186058484.70362014,0.00012589124782332124,-0.05037245211915764
2022-02-16,184034539.01707494,-0.01087800800790792,-0.06070250818953549
2022-02-17,185235598.99364835,0.006526274812262126,-0.054572394627511844
2022-02-18,188840963.91785792,0.019463671906463247,-0.036170901905228536
2022-02-21,190096878.5804736,0.006650647383699994,-0.029760814435650595
2022-02-22,191980224.09033045,0.00990729318608761,-0.020148370363633705
2022-02-23,194770302.08463645,0.014533153128278525,-0.005908036587135124
2022-02-24,199144910.12220818,0.02246034426578424,0.0
2022-02-25,199124141.35312942,-0.0001042897308598863,-0.00010428973085985227
2022-02-28,197015260.37948614,-0.0105907850214071,-0.010693970242147466
2022-03-01,198579807.22136652,0.007941246981917989,-0.0028376467191396637
2022-03-02,199993818.35519007,0.00712061892701546,0.0
2022-03-03,200479440.22712332,0.002428184410534053,0.0
2022-03-04,200993401.34381738,0.002563659974867228,0.0
2022-03-07,197698227.0312206,-0.01639444026801708,-0.016394440268017063
2022-03-08,191773483.35325307,-0.02996862322408122,-0.04587174468873634
2022-03-09,191340009.2313679,-0.0022603444141790284,-0.04802840316103962
2022-03-10,194416320.53581485,0.016077721103938576,-0.032722869328191684
2022-03-11,193901677.35452855,-0.0026471192329323968,-0.035283367224368756
2022-03-14,191193009.341118,-0.013969286137004518,-0.04875976990873909
2022-03-15,193814719.09139568,0.013712372430940355,-0.03571600960243426
2022-03-16,197777234.5669196,0.020444863496953226,-0.01600135504645872
2022-03-17,201100103.03245258,0.016801066476681205,0.0
2022-03-18,202272762.03138667,0.0058312202791107074,0.0
2022-03-21,204101482.0526275,0.009040861472772433,0.0
2022-03-22,204847912.9370434,0.0036571556311552297,0.0
2022-03-23,206761090.86662313,0.009339504133330947,0.0
2022-03-24,207150858.83824402,0.001885112764627064,0.0
2022-03-25,210030484.10706604,0.013901102244864941,0.0
2022-03-28,211023573.08897614,0.004728308779233534,0.0
2022-03-29,210723290.44034803,-0.001422981538188173,-0.001422981538188206
2022-03-30,209391865.57311967,-0.006318356478043235,-0.007732347111611415
2022-03-31,208409732.73640525,-0.004690405876208481,-0.012386485141490766
2022-04-01,211703232.45544264,0.01580300341924517,0.0
2022-04-04,208139742.56400546,-0.016832477473801368,-0.016832477473801344
2022-04-05,209226285.08936605,0.005220254968973354,-0.01170009232900071
2022-04-06,207923550.84071273,-0.006226436836542265,-0.01785367927967474
2022-04-07,204268757.61117843,-0.017577581831190365,-0.03511743660233879
2022-04-08,204232778.89043787,-0.00017613423198588942,-0.035287385451599484
2022-04-12,201269870.2956025,-0.014507507614264233,-0.049282961052737106
2022-04-13,206518238.03168464,0.02607627126888851,-0.02449180564519382
2022-04-14,211437008.32312453,0.023817607288927376,-0.0012575345649205039
2022-04-15,212047086.92392117,0.00288539175632063,0.0
2022-04-18,209209955.837476,-0.01337972205891749,-0.013379722058917465
2022-04-19,210499849.05285412,0.006165544131084204,-0.0072966711946491625
2022-04-20,206239738.87933826,-0.020238067593322553,-0.0273870682631282
2022-04-21,204280439.70050058,-0.009500105020904754,-0.03662699325931851
2022-04-22,198102140.7522544,-0.030244202319636194,-0.06576344138445989
2022-04-25,191102376.87572226,-0.03533411526978908,-0.09877386363583252
2022-04-26,191991150.48306024,0.0046507721247023995,-0.09458246624277677
2022-04-27,194486526.7661741,0.012997350538477236,-0.08281443717285064
2022-04-28,195410587.6563127,0.004751284860208181,-0.07845662729418845
2022-04-29,199542841.5886914,0.021146520165255835,-0.05896919178010718
2022-05-04,202003210.15021068,0.012330026684649059,-0.04736625680367901
2022-05-05,200521973.3730631,-0.007332738801755356,-0.05435167121627604
2022-05-06,198174448.2551729,-0.0117070716909548,-0.06542244399577879
2022-05-09,191357625.70484984,-0.03439809021971192,-0.09757012708452983
2022-05-10,192642456.26561236,0.006714289833132902,-0.09151095136369802
2022-05-11,194482488.82146966,0.009551542227640064,-0.08283347985229983
2022-05-12,188104314.07443804,-0.03279562486927367,-0.11291252898972093
2022-05-13,182718525.4873566,-0.02863192486351019,-0.1383115508070486
2022-05-16,181425825.9887936,-0.007074813542387311,-0.14440783591671758
2022-05-17,186882903.4895804,0.030078835088913177,-0.11867262030989023
2022-05-18,186644145.5305649,-0.0012775805306813445,-0.11979858701133872
2022-05-19,186074251.1229936,-0.0030533741412102832,-0.12248617124481498
2022-05-20,185755181.8397597,-0.001714741729757003,-0.12399088082542031
2022-05-23,183315119.80875337,-0.013135902895625474,-0.13549805155058003
2022-05-24,184963852.45434338,0.008993980678244522,-0.12772273772992127
2022-05-25,188462692.34985128,0.018916344188773634,-0.11122244080877919
2022-05-26,188953903.0224356,0.002606408018794881,-0.10890592385157827
2022-05-27,190590282.6888976,0.008660205691902047,-0.1011888658612975
2022-05-30,190887904.85496798,0.0015615810096477134,-0.09978529946296666
2022-05-31,190157374.8117475,-0.003827010641536085,-0.1032304307015891
2022-06-01,190330709.66996247,0.0009115337145696974,-0.10241299500497336
2022-06-02,187794706.82754153,-0.013324191596923161,-0.11437261623443562
2022-06-03,186377163.09832186,-0.007548368924590911,-0.12105765845681826
2022-06-06,185480195.86539435,-0.004812645594644623,-0.12528769644479276
2022-06-07,184292345.48588154,-0.006404189805659127,-0.13088952006210564
2022-06-08,187215127.12170106,0.01585948471225809,-0.11710587569226727
2022-06-09,188922791.7699807,0.009121403139445846,-0.10905264245500845
2022-06-10,185468681.00514463,-0.018283187181785662,-0.1253419997621208
2022-06-13,179803810.76466513,-0.030543540881289622,-0.15205715214953353
2022-06-14,180063413.96742594,0.001443813685910113,-0.15083288066093747
2022-06-15,180586507.75042126,0.0029050531225068453,-0.14836600506937137
2022-06-16,184141521.99798536,0.01968593496739689,-0.13160079362914257
2022-06-17,183365005.8688476,-0.004216952921385379,-0.13526279219937687
2022-06-20,180157503.7703644,-0.017492444009613157,-0.15038915938985853
2022-06-21,177052896.3126305,-0.017232740200991848,-0.1650302822780394
2022-06-22,180503473.0924424,0.019488959806221107,-0.14875759100994435
2022-06-23,183060789.13363805,0.014167683299290126,-0.13669745814844836
2022-06-24,183137306.75134194,0.0004179902100609074,-0.13633660613763376
2022-06-27,184673202.08644938,0.00838657814921804,-0.12909342559038817
2022-06-28,187447634.21300393,0.015023468999339595,-0.11600938766842428
2022-06-29,188463822.91965747,0.005421187154054989,-0.11121710911654714
2022-06-30,185377181.5595745,-0.016377898486113148,-0.12577350507963048
2022-07-01,186123872.80063453,0.004027956595186744,-0.12225215870372907
2022-07-04,185430612.4193853,-0.0037247257475229996,-0.125521528688038
2022-07-05,185228880.6003617,-0.0010879100079082718,-0.1264728825686786
2022-07-06,182307550.90549096,-0.01577145899387914,-0.1402496796812881
2022-07-07,183376078.75531766,0.0058611277729281935,-0.1352105732010842
2022-07-08,184365940.34973228,0.00539798648293387,-0.1305424515646395
2022-07-11,184371128.910509,2.814272943727073e-05,-0.1305179826560967
2022-07-12,185824665.69523525,0.007883754866152538,-0.12366319957082961
2022-07-13,187770632.29888758,0.010472057605333419,-0.1144861501150618
2022-07-14,187736769.740452,-0.00018034001388293609,-0.11464584369504349
2022-07-15,188986969.80307645,0.0066593244592035375,-0.10874998310690442
2022-07-18,188341119.77370143,-0.003417431530057281,-0.11179576901579902
2022-07-19,187540496.0097282,-0.00425092388181197,-0.11557145759321619
2022-07-20,188925912.75999516,0.007387293836500807,-0.10903792407306911
2022-07-21,189657709.825953,0.0038734605288767007,-0.10558681763924016
2022-07-22,189250621.8448242,-0.0021464351831644093,-0.1075066175621453
2022-07-25,187714438.7816649,-0.008117188985613364,-0.11475115501580269
2022-07-26,187402062.77785912,-0.0016641021640808264,-0.11622429953449087
2022-07-27,186990463.35620633,-0.002196344135980465,-0.11816537511173042
2022-07-28,188412168.90490088,0.007603091212123913,-0.11146070602469582
2022-07-29,188880140.3517369,0.002483764448740189,-0.10925378371501115
2022-08-01,191009885.45266122,0.011275643362813333,-0.0992100470534063
2022-08-02,191470632.86836523,0.0024121652898336557,-0.09703719279547762
2022-08-03,193773855.03396684,0.012029114497078311,-0.08617534980101116
2022-08-04,194316460.3971712,0.0028001990418637544,-0.08361645889109248
2022-08-05,194959813.78500566,0.0033108537821216165,-0.0805824469781381
2022-08-08,194846391.8334694,-0.0005817709267066979,-0.08111733737998994
2022-08-09,195413823.22023863,0.002912198585920982,-0.07844136858928064
2022-08-10,197783624.89839906,0.012127093360686028,-0.06726554102881688
2022-08-11,196198077.9423288,-0.008016573449317332,-0.07474287532786861
2022-08-12,199294733.61220157,0.015783312978137346,-0.06013925254391694
2022-08-15,198610735.14681607,-0.0034320950332609275,-0.06336494394721781
2022-08-16,198738365.90334687,0.000642617612972657,-0.06276304576327074
2022-08-17,198134524.26898754,-0.003038374757760655,-0.06561072286706404
2022-08-18,196888654.1424089,-0.006288001201079097,-0.07148616376395134
2022-08-19,198965122.90026724,0.010546411457292166,-0.06169367480321719
2022-08-22,200474898.73742682,0.007588143163746143,-0.05457367207617547
2022-08-23,202595271.31557256,0.010576748468260422,-0.04457413561045409
2022-08-24,203697454.45484108,0.005440320162022448,-0.039376313017097875
2022-08-25,204269570.78606826,0.0028086572449240858,-0.036678250339007734
2022-08-26,206070829.5732705,0.008818047545068272,-0.028183633349298742
2022-08-29,204562593.352589,-0.007319018532631376,-0.035296375347129705
2022-08-30,204030788.21606803,-0.0025997183933054156,-0.03780433310422815
2022-08-31,204945300.1570439,0.004482225202244522,-0.03349155543657745
2022-09-05,206311332.25869626,0.006665349732858482,-0.02704943863380116
2022-09-06,205936941.70128343,-0.0018146873141383245,-0.02881503967479615
2022-09-07,203850781.54625523,-0.010130091948506356,-0.038653232621897016
2022-09-08,202211977.1288451,-0.008039235390609864,-0.046381725576851385
2022-09-09,204694560.15421653,0.012277131456904672,-0.034674028662051826
2022-09-12,205155863.25736114,0.0022536168171595323,-0.032498553819003795
2022-09-13,205700916.7586938,0.002656777596694466,-0.029928117652020636
2022-09-14,206004765.6702398,0.0014771393163134745,-0.02849518633495418
2022-09-15,205283102.66509485,-0.0035031374288697235,-0.03189850121003135
2022-09-16,202118242.81986707,-0.01541704993806055,-0.04682377036198748
2022-09-19,198290107.08895555,-0.018940080209994974,-0.06487700460559209
2022-09-20,201003606.72077665,0.013684493249094794,-0.05208032028804399
2022-09-21,198943383.20073026,-0.010249684339785676,-0.061796197784562246
2022-09-22,200540391.51715344,0.008027451281512717,-0.054264812470147916
2022-09-23,198596582.38962206,-0.00969285595198967,-0.06343168741160266
2022-09-26,194188061.33996505,-0.022198373187550836,-0.08422198033007466
2022-09-27,192484321.89079514,-0.008773657028210232,-0.09225670258863217
2022-09-28,189345729.90311235,-0.01630570197537154,-0.10705809426636292
2022-09-29,183187164.9797943,-0.03252550203518916,-0.13610147803860806
2022-09-30,187502280.7671234,0.02355577579796635,-0.11575167814309106
2022-10-03,182025194.98988706,-0.029210768822800864,-0.14158125145480283
2022-10-04,180519473.76977265,-0.008272048384280344,-0.14868213287674203
2022-10-05,184375272.65381348,0.021359462242607492,-0.13049844103746566
2022-10-06,178989095.29688066,-0.029213122125362267,-0.1558992962676311
2022-10-07,174276697.99229994,-0.02632784582079981,-0.1781226494527255
2022-10-10,178999951.07436532,0.027102034503052503,-0.15584810114091585
2022-10-11,175525201.00026542,-0.019412016892989638,-0.1722347920618177
2022-10-12,179151523.632729,0.020659840363652916,-0.15513329500722894
2022-10-13,180135655.04453945,0.005493290773390151,-0.15049219653194756
2022-10-14,181552288.63097805,0.007864259777379035,-0.14381144648256416
2022-10-17,181061386.08169335,-0.0027039182650156605,-0.14612651035071733
2022-10-18,181537384.41421837,0.002628933439790682,-0.14388173378042757
2022-10-19,181341957.41592526,-0.0010765110388898803,-0.14480335454460813
2022-10-20,180809785.79959,-0.0029346303741206777,-0.14731304059620765
2022-10-21,177678917.491669,-0.017315812272413477,-0.1620780079123788
2022-10-24,175259918.04113215,-0.013614442752614525,-0.17348584890481245
2022-10-25,173680134.07247972,-0.009013949032440287,-0.18093600533737508
2022-10-26,174502753.46964264,0.004736404664563542,-0.17705658681247904
2022-10-27,179421657.77385277,0.02818811856207096,-0.1538593603116738
2022-10-28,181071497.95577347,0.009195323476501394,-0.14607882342312584
2022-10-31,180700122.1987675,-0.0020509895880834205,-0.147830206865329
2022-11-01,183700360.01633802,0.01660340779554255,-0.13368128427887083
2022-11-02,183056889.80260098,-0.0035028250008862886,-0.1367158471350346
2022-11-03,183272248.95364457,0.0011764602319848543,-0.13570022766028622
2022-11-04,178754867.26475698,-0.024648476322403762,-0.15700390013426058
2022-11-07,175816328.57718235,-0.016438929650079422,-0.17086185371524476
2022-11-08,176535122.11975056,0.004088320740087918,-0.16747207103539075
2022-11-09,177890357.3714177,0.007676859060078899,-0.16108087146115013
2022-11-10,171520847.33004516,-0.035805819581741706,-0.19111905842128418
2022-11-11,172580148.44220096,0.006175932130963991,-0.1861234646240637
2022-11-14,169916766.41496104,-0.015432725323746696,-0.1986837976419632
2022-11-15,163415363.73252308,-0.038262278759240285,-0.2293439815508822
2022-11-16,168561588.8558932,0.03149168478303796,-0.20507472514173142
2022-11-17,170454891.88818407,0.011232114298053396,-0.19614603359611182
2022-11-18,169528126.96319658,-0.005437009843023099,-0.20051659552380297
2022-11-21,169151139.48254722,-0.0022237459199392533,-0.2022944434825661
2022-11-22,169798011.1667309,0.003824223036052502,-0.19924383951734503
2022-11-23,170295027.59989864,0.0029271039734363384,-0.19689994297824265
2022-11-24,171417791.59805757,0.0065930521518034035,-0.19160506241918185
2022-11-25,174317226.49610904,0.016914433857893228,-0.1779315197164154
2022-11-28,179552069.8471954,0.030030556682837058,-0.15324434562208544
2022-11-29,180613047.7144166,0.005909026101030931,-0.14824084435917084
2022-11-30,181811716.82226545,0.006636669515395009,-0.1425880003364708
2022-12-01,186192690.74620113,0.02409621338221239,-0.12192761783610895
2022-12-02,190454413.8499443,0.02288877767791815,-0.10182961429563964
2022-12-05,191755531.10047615,0.006831646608920178,-0.09569363162590994
2022-12-06,184667011.4101777,-0.036966441852382306,-0.1291226204091498
2022-12-07,181644244.9273617,-0.016368741009740596,-0.14337778668691392
2022-12-08,184537115.8243273,0.01592602561189006,-0.12973519937797584
2022-12-09,187648590.1086917,0.01686096734776333,-0.11506169299078006
2022-12-12,185559150.38572466,-0.011134854366647585,-0.12491535216279537
2022-12-13,189818718.23676652,0.022955310164911966,-0.10482751265113965
2022-12-14,190964320.7749025,0.006035245358189762,-0.09942492705208827
2022-12-15,190519457.2991862,-0.0023295633127230703,-0.10152287370238056
2022-12-16,191164023.72484162,0.0033832052368447402,-0.09848314118350532
2022-12-19,188002990.23890987,-0.01653571328087179,-0.11339036547876702
2022-12-20,182682564.18108916,-0.028299688483995028,-0.13848114194262662
2022-12-21,184980609.0310941,0.012579442708757584,-0.12764371482517956
2022-12-22,187158916.1193294,0.011775867209244234,-0.11737096305181127
2022-12-23,191217682.775833,0.021686205181460957,-0.09823008865743765
2022-12-26,188992104.17011374,-0.011638979059945743,-0.10872576977244286
2022-12-27,190436511.70375276,0.007642687190460019,-0.10191403962989554
2022-12-28,190246503.85934222,-0.0009977490278026047,-0.10281010402373802
2022-12-29,188953032.8091544,-0.0067989215252236505,-0.10891002771970415
2022-12-30,189453272.06377915,0.0026474264381350465,-0.10655093256833226
2023-01-03,195096937.32397887,0.029789220311274407,-0.07993578146170766
2023-01-04,193057774.21810699,-0.010452050830944836,-0.08955233944160346
2023-01-05,194412137.73531017,0.00701532752404516,-0.08316525090928562
2023-01-06,193350735.64430562,-0.005459546422197347,-0.08817075278343
2023-01-09,192577745.69658107,-0.003997864011992014,-0.09181612211595891
2023-01-10,192418031.8071492,-0.0008293475907829132,-0.09256932222706993
2023-01-11,193719405.93707478,0.006763264948213793,-0.08643212813115442
2023-01-12,192624040.82436007,-0.005654390211533643,-0.09159779736342122
2023-01-13,192610308.70206174,-7.12897634145854e-05,-0.09166255714153249
2023-01-16,192501364.0729361,-0.0005656220056953189,-0.09217633278781023
2023-01-17,193882233.21057895,0.007173295338934161,-0.08566424550722296
2023-01-18,197643688.13458988,0.019400720023301718,-0.06792547352701417
2023-01-19,198164230.47670925,0.0026337412898553634,-0.06547063036141987
2023-01-27,198102327.39237118,-0.00031238273521489335,-0.06576256120204627
2023-01-30,198781967.2708115,0.0034307516089611225,-0.06255742460573843
2023-01-31,200187736.66971326,0.007071916120975926,-0.05592790934431857
2023-02-01,197423748.18770537,-0.013806982025917772,-0.0689626957311722
2023-02-02,195090687.2650601,-0.011817529269209584,-0.0799652563250951
2023-02-03,195073911.51069802,-8.598951901422199e-05,-0.08004436967018003
2023-02-06,196354066.44941756,0.006562409749236694,-0.07400724387283841
2023-02-07,191157065.4583856,-0.02646749866201913,-0.0985159559066735
2023-02-08,189261866.31542802,-0.009914355707506654,-0.10745358938445637
2023-02-09,188378304.38968587,-0.004668462500890621,-0.11162040883271951
2023-02-10,185325573.8958642,-0.016205318885908947,-0.1260168833993187
2023-02-13,180809992.5984679,-0.02436566741691916,-0.1473120653464134
2023-02-14,180346562.20963305,-0.0025630795188626154,-0.14949757232770533
2023-02-15,180092611.33697712,-0.001408127050188726,-0.1506951878023618
2023-02-16,182301687.34451872,0.01226633336671499,-0.14027733184599034
2023-02-17,182904210.39652708,0.0033050876313047836,-0.1374358730891222
2023-02-20,185335832.31775707,0.013294510366701538,-0.1259685053619607
2023-02-21,187509819.99118736,0.011729991153049164,-0.11571612366237005
2023-02-22,183092600.5192474,-0.02355727007869536,-0.13654743776349132
2023-02-23,185203950.5237756,0.01153159657211948,-0.12659045115661705
2023-02-24,183714053.27105737,-0.00804462997956933,-0.13361670779768464
2023-02-27,181795747.00871456,-0.010441804686070926,-0.14266331291813628
2023-02-28,180096511.6118453,-0.009346948016268982,-0.1506767943647307
2023-03-01,183122634.76249206,0.01680278603712673,-0.13640579826407473
2023-03-02,183559190.9730994,0.00238395549066645,-0.13434702812513866
2023-03-03,183540250.02764392,-0.00010318712647991207,-0.13443635236783524
2023-03-06,184522829.73629326,0.00535348354653187,-0.12980257162176034
2023-03-07,187079578.69575387,0.013856003417650475,-0.11774511308012081
2023-03-08,190000805.19148856,0.015614887076934572,-0.10396880264779318
2023-03-09,190288260.50620458,0.001512916297519398,-0.10261318244623319
2023-03-10,190593257.16197747,0.0016028138307720241,-0.1011748384435055
2023-03-13,190347135.03552783,-0.0012913475015565495,-0.10233553407021767
2023-03-14,189172969.06645843,-0.00616855078407267,-0.10787282291536304
2023-03-15,191681514.00033662,0.013260588689057924,-0.09604269136171328
2023-03-16,191826356.0271056,0.0007556389958852686,-0.09535962596869074
2023-03-17,192991954.93112695,0.006076323025479617,-0.08986273883418572
2023-03-20,189745357.34153983,-0.016822450400824925,-0.10517347776809027
2023-03-21,190213836.03936836,0.0024689863530377404,-0.10296416329636349
2023-03-22,191484445.4344606,0.006679899956537716,-0.09697205364975414
2023-03-23,192406984.24110484,0.0048178263490336005,-0.09262142181591415
2023-03-24,194230850.84491763,0.009479212051509004,-0.08402018786231047
2023-03-27,195993019.9638031,0.009072550067200601,-0.07570991515614633
2023-03-28,195021875.66208202,-0.004954994325310419,-0.08028976728148829
2023-03-29,193988560.57198828,-0.005298457347852483,-0.08516281272193083
2023-03-30,191108094.4534185,-0.014848639064471347,-0.09874689991857899
2023-03-31,192191190.93097016,0.005667454749362631,-0.0936390887561448
2023-04-03,196805890.21101326,0.024010982281183584,-0.07187647297591115
2023-04-04,200891291.14190653,0.02075852977018598,-0.05260999310977166
2023-04-05,203022107.18002984,0.010606811405369154,-0.04256120597935564
2023-04-06,202253552.3638258,-0.0037855720585272287,-0.046185659525750156
2023-04-07,204617085.064175,0.011685988565963715,-0.035039396048915816
2023-04-10,203664168.70562154,-0.00465707132058206,-0.03953328640306797
2023-04-11,206400150.66018808,0.013433791382917027,-0.02663057694237092
2023-04-12,206042289.52429068,-0.0017338220672453452,-0.02831822632765002
2023-04-13,204639600.70530257,-0.006807771463938956,-0.03493321377848624
2023-04-14,203113512.75304437,-0.007457441995578795,-0.042130143358592886
2023-04-17,205229226.5950126,0.010416411066360856,-0.03215257718373987
2023-04-18,207184521.54537976,0.00952737084677329,-0.022931535863475516
2023-04-19,210498714.54453832,0.01599633493099846,-0.007302021460631414
2023-04-20,208836138.27691287,-0.007898272781488531,-0.015142620884767588
2023-04-21,207941910.2863475,-0.004281959999564969,-0.019359740787415425
2023-04-24,205337953.0102707,-0.012522522624183843,-0.031639830619590525
2023-04-25,201547614.73694408,-0.018459024343819422,-0.04951481455976858
2023-04-26,203654060.9076388,0.010451357479194186,-0.03958095410805451
2023-04-27,203662270.49361008,4.031142779430775e-05,-0.03954223824503378
2023-04-28,205545449.3949346,0.009246577172886794,-0.030661291429668447
2023-05-04,204319665.30011237,-0.005963567174221449,-0.03644200793280061
2023-05-05,206457325.10993838,0.010462330224974389,-0.026360946028880394
2023-05-08,206595250.54617494,0.0006680578476114381,-0.02571049881813392
2023-05-09,205532922.84204507,-0.00514207224668236,-0.030720365822395235
2023-05-10,205320710.87896717,-0.0010324962061722376,-0.031721143367403615
2023-05-11,207597320.29657072,0.011088065143830386,-0.020984804327667805
2023-05-12,210048658.45620075,0.01180813970107168,-0.009424456127696823
2023-05-15,208049401.4062745,-0.009518066264361004,-0.018852819794128894
2023-05-16,209298892.45019716,0.006005742076049923,-0.012960302891168785
2023-05-17,207502293.03662506,-0.008583893553089895,-0.021432946583825108
2023-05-18,208717824.1396618,0.005857916484914145,-0.015700582510024597
2023-05-19,206098246.2827065,-0.012550810491404994,-0.028054337965741638
2023-05-22,207570931.3492617,0.0071455487521961195,-0.02110925285319032
2023-05-23,208318207.3482781,0.0036000994655606537,-0.017585148797544803
2023-05-24,209607775.87327713,0.0061903783707347735,-0.011503629151572436
2023-05-25,210861454.60231107,0.005981069756648176,-0.005591363403334437
2023-05-26,209398653.10852203,-0.0069372636006325575,-0.012489838242151108
2023-05-29,211964568.19933116,0.0122537325465954,-0.000389152832925288
2023-05-30,216091727.32690275,0.01947098594181273,0.0
2023-05-31,214570225.94940484,-0.007040997803660434,-0.007040997803660409
2023-06-01,216430683.97128332,0.008670625263344658,0.0
2023-06-02,216216402.61083028,-0.0009900692291924325,-0.0009900692291924251
2023-06-05,214271862.02661446,-0.008993492448932354,-0.009974657497988093
2023-06-06,217525691.4692164,0.015185519049616484,0.0
2023-06-07,217472690.56478745,-0.00024365353844402985,-0.00024365353844402193
2023-06-08,215717699.26876995,-0.00806993876545923,-0.008311626034767983
2023-06-09,218779228.75385585,0.014192296206865445,0.0
2023-06-12,219935750.5305364,0.005286250359634179,0.0
2023-06-13,218875670.41625237,-0.004819953607937216,-0.0048199536079371885
2023-06-14,216018506.2311269,-0.01305382265507987,-0.017810857443413375
2023-06-15,216423378.03126004,0.0018742459023392665,-0.015969993467654597
2023-06-16,216661560.6432829,0.001100540127362969,-0.014887028958936455
2023-06-19,216668221.22678292,3.074187908668216e-05,-0.014856744735094018
2023-06-20,218873912.20630467,0.010180039172487101,-0.004827947805985833
2023-06-21,223834012.30403367,0.022661906335615458,0.0
2023-06-22,224121825.51311418,0.0012858332213139293,0.0
2023-06-23,226984505.19624576,0.01277287330931574,0.0
2023-06-26,223450943.51217404,-0.01556741364797866,-0.015567413647978645
2023-06-27,221659785.9909762,-0.00801588703562686,-0.023458514054366497
2023-06-28,221568761.03221852,-0.00041065165858007356,-0.023859532435242303
2023-06-29,216860813.9781412,-0.021248243805419575,-0.044600803078394535
2023-06-30,218540540.88786077,0.0077456451394159985,-0.037200619932556744
2023-07-03,219350356.10833818,0.003705560612174658,-0.033632908472352674
2023-07-04,223978293.57201016,0.02109838135565288,-0.013244127045749177
2023-07-05,222797833.70937133,-0.005270420824325582,-0.018444745747092872
2023-07-06,221391093.75690812,-0.0063139750016520885,-0.024642261085185968
2023-07-07,222796167.5719803,0.006346568830880695,-0.018452086060430917
2023-07-10,225091326.8432886,0.010301610195187895,-0.008340562063125723
2023-07-11,227128305.62793565,0.00904956585051017,0.0
2023-07-12,226555522.0955478,-0.002521850065337709,-0.002521850065337672
2023-07-13,228205639.50942975,0.007283501186018476,0.0
2023-07-14,228451694.07546803,0.0010782142219062621,0.0
2023-07-17,226960807.02515197,-0.006526049440559445,-0.006526049440559456
2023-07-18,227147747.91355193,0.0008236703545878813,-0.0057077543994282776
2023-07-19,227764576.00490975,0.002715536900645742,-0.0030077171164740735
2023-07-20,228405669.44625807,0.0028147197101207463,-0.00020146328700354488
2023-07-21,230791931.81035876,0.010447474311324667,0.0
2023-07-24,228773588.16920584,-0.008745295493307742,-0.008745295493307714
2023-07-25,228350929.82199973,-0.0018474962542157994,-0.010576634846857669
2023-07-26,229168364.81208193,0.003579731384143684,-0.00703476497441391
2023-07-27,227994093.4056074,-0.0051240554403633905,-0.012122773889038485
2023-07-28,232827188.89469534,0.021198336399398457,0.0
2023-07-31,233278853.59163368,0.0019399138867008262,0.0
2023-08-01,228344232.4709853,-0.02115331520484358,-0.021153315204843537
2023-08-02,231889116.3195864,0.015524297724714968,-0.005957407843233398
2023-08-03,232710011.78721413,0.0035400344813785356,-0.0024384627910395418
2023-08-04,233744496.23911434,0.004445380084661455,0.0
2023-08-07,234165861.4053542,0.001802674172096067,0.0
2023-08-08,230945130.91083127,-0.013754056527256399,-0.013754056527256364
2023-08-09,233194686.8529873,0.009740651094413324,-0.004147378898607945
2023-08-10,230433258.98218748,-0.011841727219714462,-0.01593999398872825
2023-08-11,232428149.24601936,0.008657128196872348,-0.007420860363273718
2023-08-14,237792013.94365305,0.023077517568477333,0.0
2023-08-15,236950767.80590886,-0.0035377392360347692,-0.0035377392360347315
2023-08-16,240301350.6506459,0.014140417757504726,0.0
2023-08-17,239757209.119695,-0.002264413119100549,-0.002264413119100528
2023-08-18,231822077.74173498,-0.033096528805515654,-0.035285997710592265
2023-08-21,232217557.94625252,0.0017059643687523766,-0.03364022999665006
2023-08-22,237152464.2861362,0.021251219690398625,-0.013103906224345763
2023-08-23,236489451.2586609,-0.002795724807123823,-0.015862996115768024
2023-08-24,242602557.47087386,0.025849382201520377,0.0
2023-08-25,243985392.88283136,0.005700003439261029,0.0
2023-08-28,246123094.82916725,0.008761598065677917,0.0
2023-08-29,246129843.51895362,2.7419977759741722e-05,0.0
2023-08-30,249726775.29472667,0.01461396035664428,0.0
2023-08-31,250988789.60371307,0.005053580287884512,0.0
2023-09-05,250629721.48113233,-0.00143061418459235,-0.0014306141845923381
2023-09-06,252878103.02131212,0.00897092941289108,0.0
2023-09-07,251860528.20462847,-0.004023973624153178,-0.004023973624153188
2023-09-08,251574737.2507165,-0.0011347191080285685,-0.00515412665242021
2023-09-11,250112052.3744407,-0.005814116680635197,-0.010938276639311462
2023-09-12,257025172.29508448,0.02764009113121107,0.0
2023-09-13,255335322.4096434,-0.0065746474181952435,-0.006574647418195245
2023-09-14,252361796.26382273,-0.011645573036111882,-0.01814365491761183
2023-09-15,252339258.40560183,-8.930772626671137e-05,-0.018231342275311646
2023-09-18,249826220.60859242,-0.009958964819378338,-0.028008741798360215
2023-09-19,252030841.92761636,0.008824619424067419,-0.01943128886121026
2023-09-20,254525054.33874848,0.009896457084599465,-0.009727132692924245
2023-09-21,247008607.62400067,-0.02953126455183522,-0.038971142715873874
2023-09-22,238559262.12634575,-0.03420668445091843,-0.07184475358521869
2023-09-25,230373699.29079616,-0.03431249226120743,-0.10369207329502494
2023-09-26,231299267.66471386,0.004017682473160151,-0.10009099264734789
2023-09-27,238897910.3588946,0.032851996337470234,-0.07052718523374202
2023-09-28,240506980.16364405,0.006735386686020674,-0.0642668264121472
2023-09-29,240217711.82460123,-0.0012027440486175938,-0.06539227391777414
2023-10-02,240832739.5475797,0.002560292987169676,-0.0629994043109312
2023-10-03,235604573.1640733,-0.02170870286709305,-0.08334047182903437
2023-10-04,239186122.0888772,0.015201525491229528,-0.06940584864476496
2023-10-05,237207251.7775733,-0.008273349197779131,-0.07710497902033775
2023-10-06,239776263.47867686,0.010830240989059233,-0.0671098035355252
2023-10-09,242035724.68293855,0.009423206331942123,-0.05831898672919433
2023-10-10,241592401.52114215,-0.00183164349964095,-0.06004381063588715
2023-10-11,246673098.7916538,0.021030037528175474,-0.04027649669871902
2023-10-12,246918423.73555762,0.0009945346497268895,-0.039322018420528626
2023-10-13,250578070.32684946,0.014821277958631467,-0.02508354302680227
2023-10-16,249272607.19454148,-0.005209805992220924,-0.03016266862625605
2023-10-17,241615771.97113958,-0.03071671335882578,-0.059952883938751866
2023-10-18,239064798.7355541,-0.010557974815858413,-0.06987787771584686
2023-10-19,234993058.70477214,-0.017031951388568854,-0.08571967248802304
2023-10-20,238624295.9044218,0.015452529617956413,-0.07159172864802932
2023-10-23,238148232.84612948,-0.0019950317987863686,-0.07344393267163274
2023-10-24,239706554.12247843,0.006543492923400356,-0.06738101960193599
2023-10-25,239219992.16161883,-0.0020298233506414144,-0.06927407138559938
2023-10-26,232275450.56266183,-0.029029938243059626,-0.09629298761448968
2023-10-27,232362396.9332621,0.0003743244083249654,-0.09595470802177941
2023-10-30,230899393.17462075,-0.0062962156439690985,-0.10164677213198925
2023-10-31,228704282.10429043,-0.009506785791638005,-0.11018722383455704
2023-11-01,228854796.97955656,0.0006581200574001457,-0.10960162019923159
2023-11-02,233243441.06726503,0.019176544016687173,-0.0925268564765952
2023-11-03,234647619.42310542,0.006020226547058334,-0.08706366256721321
2023-11-06,235631929.55557865,0.0041948438892890245,-0.08323403715082334
2023-11-07,233406061.03910565,-0.009446379022873376,-0.09189415591116612
2023-11-08,236354194.32846612,0.012630920020823808,-0.08042394362403738
2023-11-09,239681546.03123486,0.014077819571691866,-0.06747831781992863
2023-11-10,238013246.2322815,-0.00696048497090362,-0.07396912097378472
2023-11-13,237213603.64065558,-0.003359655835480446,-0.07708026602034024
2023-11-14,237427107.76775986,0.0009000500975808721,-0.07624959202371251
2023-11-15,240308769.49364233,0.012137037564814115,-0.06503799862159199
2023-11-16,239885033.40699792,-0.001763298474447149,-0.06668661569228862
2023-11-17,233955555.6691838,-0.0247179978408822,-0.08975625391047304
2023-11-20,234107251.92124176,0.0006483977335954785,-0.0891660539284892
2023-11-21,234788742.96897167,0.0029110206631239952,-0.08651459749080026
2023-11-22,234324673.15691483,-0.0019765420019228447,-0.08832013975700304
2023-11-23,232509286.85724157,-0.007747311775647249,-0.0953832078738841
2023-11-24,232403728.6090099,-0.0004539958367189476,-0.09579390013133537
2023-11-27,233624060.59027562,0.0052509139529287804,-0.09104599170521166
2023-11-28,236084754.44194114,0.010532707313828577,-0.08147224517411134
2023-11-29,236871670.31827527,0.0033331922605263024,-0.0784106155706471
2023-11-30,237416734.29672176,0.0023010939962305427,-0.07628995177114695
2023-12-01,237874126.07963753,0.0019265355673881268,-0.07451039150928018
2023-12-04,240489518.17250705,0.010994857389382134,-0.06433476524856963
2023-12-05,237450469.99541155,-0.012636925717966402,-0.07615869731700708
2023-12-06,240385429.31058747,0.012360301140834277,-0.0647397406095046
2023-12-07,239719962.0045388,-0.0027683346197695346,-0.06732885396406996
2023-12-08,238060578.36843997,-0.006922175450984818,-0.07378496727500183
2023-12-11,240959131.99912465,0.012175697675566678,-0.0625076530539771
2023-12-12,241480890.30131018,0.002165339399493815,-0.06047766393841092
2023-12-13,242162739.6086831,0.0028236160075529927,-0.0578248136308539
2023-12-14,240766175.6406692,-0.00576704727684637,-0.06325838247371629
2023-12-15,239695351.24512914,-0.004447569899262791,-0.06742460629521296
2023-12-18,239206304.35404432,-0.002040285256031881,-0.06932732612112691
2023-12-19,237053889.1118498,-0.008998154325434325,-0.0777016624671536
2023-12-20,237866807.55514115,0.0034292558807494386,-0.07453886546936372
2023-12-21,240935881.7018044,0.012902490171739453,-0.06259811227675527
2023-12-22,240833632.64227277,-0.00042438286406081346,-0.06299592957464328
2023-12-25,242384998.2594112,0.006441648536036362,-0.056960078676127734
2023-12-26,242411284.64785272,0.00010844890826700417,-0.05685780702620791
2023-12-27,242346405.91609198,-0.00026763907404306136,-0.05711022872942639
2023-12-28,241088455.38770017,-0.0051907125407395175,-0.06200449848969558
2023-12-29,239782701.18538105,-0.005416079339922356,-0.06708475654636559
2024-01-02,240718279.99502647,0.0039017777555274877,-0.06344472860166572
2024-01-03,244297538.51550972,0.01486907650119969,-0.04951901662364211
2024-01-04,243477193.62516844,-0.003357974441028601,-0.052710707472503615
2024-01-05,242811726.31911978,-0.002733181273122213,-0.05529982082706897
2024-01-08,244103065.38237888,0.005318273062158163,-0.05027564731235756
2024-01-09,245708284.63441628,0.00657598973418415,-0.04403026971877888
2024-01-10,242340501.431867,-0.013706429181092229,-0.05713320112614628
2024-01-11,245559169.83190912,0.013281595032710748,-0.044610426133715464
2024-01-12,243264590.99929285,-0.009344301148220045,-0.05353787402579169
2024-01-15,240188303.56494346,-0.012645849614662294,-0.0655066917368351
2024-01-16,243104039.64511022,0.012139375801779557,-0.054162526283580203
2024-01-17,242740545.39870685,-0.001495220922424839,-0.055576762263494506
2024-01-18,242877043.6510529,0.000562321601946792,-0.05504569267553472
2024-01-19,243856832.08180898,0.004034092378709026,-0.05123365970612881
2024-01-22,245244021.4945526,0.005688540283662237,-0.04583656415958437
2024-01-23,247285625.49040967,0.008324785996474977,-0.03789335775055158
2024-01-24,244065318.9867509,-0.013022619075703868,-0.050422506062770656
2024-01-25,245487259.94155353,0.005826067221290963,-0.0448902037512674
2024-01-26,246449056.09615487,0.003917906594543128,-0.041148172782031756
2024-01-29,246967333.32171738,0.002102979146166018,-0.039131727385129156
2024-01-30,247310446.44752836,0.001389305707747255,-0.03779678760959204
2024-01-31,244323838.67157924,-0.012076351075540946,-0.04941669140843197
2024-02-01,245288273.20556006,0.003947361580534154,-0.04566439537700051
2024-02-02,244278006.81068522,-0.004118690150459018,-0.04959500803199357
2024-02-05,242504478.28395665,-0.007260287366365529,-0.056495221388109695
2024-02-06,242797686.9707379,0.0012090856583602118,-0.0553544432916957
2024-02-07,241901474.01444,-0.003691192315213103,-0.05884131171121765
2024-02-15,242357348.3060297,0.0018845453234505479,-0.05706765550657811
2024-02-16,240269808.87975377,-0.008613476921029681,-0.06518958149396459
2024-02-19,241636895.260736,0.005689796763714066,-0.0598707002000628
2024-02-20,243405033.09444535,0.007317333852520605,-0.05299146024889023
2024-02-21,243985318.26249006,0.0023840310969229445,-0.05073376244107197
2024-02-22,243658210.12642318,-0.0013406877856271932,-0.05200643209107547
2024-02-23,241695053.64599997,-0.008057009363257735,-0.05964442514402579
2024-02-26,247048282.59790742,0.02214869055511617,-0.03881678050476245
2024-02-27,249178371.61440894,0.008622156746454382,-0.03052930812421284
2024-02-28,248760597.9828652,-0.0016766047102603652,-0.03215472725267121
2024-02-29,247329055.98939806,-0.005754697508669591,-0.03772438403252787
2024-03-01,249266561.21401757,0.007833714550313734,-0.03018619153831137
2024-03-04,250389258.47413167,0.004504002681491513,-0.02581814754445244
2024-03-05,253060077.65223545,0.01066666834823389,-0.015426872813441017
2024-03-06,250795520.96537024,-0.00894869197810509,-0.024237514458553155
2024-03-07,250734523.96913913,-0.0002432140573975057,-0.024474833611717983
2024-03-08,249547191.59418964,-0.004735416392421588,-0.02909435147585293
2024-03-11,251627754.66581863,0.008337353180926084,-0.020999568178751038
2024-03-12,256650852.98912734,0.019962417619549856,-0.0014563527090155626
2024-03-13,261024383.7619254,0.017040780195588676,0.0
2024-03-14,260256296.96757442,-0.002942586371745012,-0.0029425863717450484
2024-03-15,264308532.4265856,0.015570172580746697,0.0
2024-03-18,256368983.77652842,-0.03003894190310518,-0.030038941903105187
2024-03-19,256470998.85074162,0.0003979228403937163,-0.029652972243795928
2024-03-20,258384476.08385068,0.007460793780518798,-0.022413413174167562
2024-03-21,259134210.9537083,0.0029016250558888297,-0.01957682343953293
2024-03-22,260457452.12657213,0.005106393200626932,-0.014570397197007479
2024-03-25,256180889.18078804,-0.016419430163610176,-0.030750589741385337
2024-03-26,260567045.4409941,0.01712132499122814,-0.014155755590791408
2024-03-27,259374588.57333532,-0.004576391713850967,-0.01866736502205335
2024-03-28,261259920.42548805,0.007268760839382221,-0.011534292794517897
2024-03-29,260910682.71553442,-0.0013367443019383426,-0.012855618696286264
2024-04-01,260449217.12747645,-0.0017686726478773256,-0.014601553963003888
2024-04-02,265070697.37689722,0.017744266235051827,0.0
2024-04-03,261924657.2896773,-0.011868683028160786,-0.011868683028160798
2024-04-04,261177761.32625827,-0.002851567970528967,-0.014686406642314243
2024-04-05,256238604.72202942,-0.018911091737473597,-0.03331976239648127
2024-04-08,256285594.93657863,0.00018338460202040662,-0.03314248812582732
2024-04-09,258791243.59617585,0.009776783046340451,-0.023689731995509056
2024-04-10,256838352.87345445,-0.007546200928531941,-0.031057165446459756
2024-04-11,260786453.87722597,0.015371929307289877,-0.016162644690897676
2024-04-12,263747243.1541942,0.011353309318597246,-0.004992834876882735
2024-04-15,253846926.15945232,-0.037537139256291215,-0.04234255739511672
2024-04-16,254864216.1885079,0.004007493982482149,-0.038504750956598444
2024-04-17,249103940.6744706,-0.022601350633612596,-0.060235842212781
2024-04-19,241320433.50476706,-0.031246021835820904,-0.08959973360752227
2024-04-22,245960496.78167737,0.019227809305334458,-0.07209473089380203
2024-04-23,240382169.099981,-0.02267977075460155,-0.09313940967911749
2024-04-24,246701904.86674708,0.026290368334839068,-0.06929771073123192
2024-04-25,246165444.10433543,-0.0021745302805886986,-0.0713215510414601
2024-04-26,246031074.45062435,-0.0005458509995177428,-0.07182847110105461
2024-05-02,248098762.76231283,0.008404175433146126,-0.06402795474013645
2024-05-03,247959664.05549228,-0.0005606586073700373,-0.06455271552356912
2024-05-06,253370279.5781682,0.02182054707682238,-0.04414074401476553
2024-05-07,256088734.28394437,0.0107291775116721,-0.0338851603811251
2024-05-08,256540892.24820358,0.001765630048207691,-0.03217935899027469
2024-05-09,256152872.46527106,-0.0015125065619445589,-0.033643194060587245
2024-05-10,256497691.43802732,0.001346145250832652,-0.03234233743566217
2024-05-13,253236386.80909276,-0.012714752365412729,-0.04464586498966183
2024-05-14,253582192.48712182,0.0013655449850094126,-0.0433412859416904
2024-05-15,255927611.29192272,0.00924914632923213,-0.03449300950823009
2024-05-16,255717912.3019591,-0.0008193683710212442,-0.03528411539823895
2024-05-17,258759953.02875414,0.011896079939847617,-0.023807778115775613
2024-05-20,257403555.69279566,-0.005241913673588255,-0.028924893471721003
2024-05-21,260109324.4888379,0.010511777076115829,-0.018717168427730302
2024-05-22,256579568.14764193,-0.013570279912619755,-0.032033451125614176
2024-05-23,257479663.44375116,0.0035080552306148293,-0.028637771010775137
2024-05-24,250913624.91681668,-0.025501192750971912,-0.05340866644324305
2024-05-27,253248649.61181712,0.009306089678368608,-0.044599602604397326
2024-05-28,256378275.15145314,0.012357916002447188,-0.03279284474467781
2024-05-29,256007624.71366882,-0.0014457170271753945,-0.03419115259783634
2024-05-30,256603475.796539,0.002327473970889007,-0.031943257644653555
2024-05-31,255111979.3001992,-0.005812456326672699,-0.037570045181335
2024-06-03,256664760.90927345,0.006086666777991724,-0.03171205474919614
2024-06-04,257502991.37335756,0.003265857226035087,-0.028549764566316194
2024-06-05,255752786.72807637,-0.006796832285119154,-0.03515254888989838
2024-06-06,254210032.36482757,-0.006032209396369532,-0.04097271075054798
2024-06-07,256722386.27543816,0.009882984897326951,-0.03149465853477118
2024-06-10,258412681.68302807,0.006584137176788275,-0.025117886510112042
2024-06-11,256146628.54573265,-0.008769125116216206,-0.03366674973686612
2024-06-12,257145397.13316563,0.0038992064549257166,-0.02989881688983076
2024-06-13,257313996.92391518,0.0006556593764820086,-0.029262760952988298
2024-06-14,251181236.18995002,-0.023833762668489994,-0.052399081921900015
2024-06-17,249530739.91064376,-0.006570937799104201,-0.05862570861296523
2024-06-18,252053031.02102718,0.010108137824168062,-0.04911016753149655
2024-06-19,254677218.24807742,0.010411250427817017,-0.03921021535640201
2024-06-20,258471192.45606402,0.01489718724778491,-0.024897150028807324
2024-06-21,258562096.5703315,0.0003516992102822078,-0.02455420712652856
2024-06-24,249446733.78278008,-0.035254056601726085,-0.05894262832040553
2024-06-25,250109512.03207594,0.0026569930952594165,-0.0564422453816098
2024-06-26,250182329.8388872,0.0002911436922956148,-0.05616753449303602
2024-06-27,249830364.6474534,-0.0014068347339337524,-0.057495350788525634
2024-06-28,244600047.1174693,-0.020935475707145598,-0.07722713397596426
2024-07-01,244936854.6407609,0.0013769724383161537,-0.07595650117262309
2024-07-02,248044687.4144857,0.01268830196371603,-0.06423195823189265
2024-07-03,250794906.09523284,0.011087593567974719,-0.053856542510868355
2024-07-04,252930080.39446223,0.008513627060745032,-0.04580142996784198
2024-07-05,253957086.40641588,0.004060434450311184,-0.04192696922164574
2024-07-08,250346966.12177312,-0.014215473707496241,-0.055546431200536706
2024-07-09,252029464.09087992,0.006720664504831255,-0.04919907562424486
2024-07-10,248918783.4766327,-0.012342527590843566,-0.060934362266752196
2024-07-11,249921942.5607357,0.004030065831480974,-0.057149865926605536
2024-07-12,249595193.23504895,-0.0013074055136529142,-0.058382553390441516
2024-07-15,248741678.38062537,-0.0034195965209146075,-0.061602505134900065
2024-07-16,248949226.55322057,0.0008343924264980314,-0.060819513372139866
2024-07-17,249767604.39495444,0.0032873283161573485,-0.05773211876446571
2024-07-18,252957421.65925264,0.012771140885245396,-0.04569828290156497
2024-07-19,250416903.2237932,-0.010043265063326156,-0.05528258799677188
2024-07-22,250777659.67800325,0.0014406234146568022,-0.05392160597280604
2024-07-23,249471448.24665785,-0.0052086435172198735,-0.05884939106663756
2024-07-24,252810321.28998142,0.013383788272325095,-0.04625323058430364
2024-07-25,252664866.6781144,-0.0005753507654466748,-0.046801969518129205
2024-07-26,251502875.54058284,-0.004598942278001444,-0.05118567223982007
2024-07-29,251285927.94083554,-0.0008626048480797318,-0.05200412407887345
2024-07-30,250145427.21753895,-0.004538657347995666,-0.056306752526992465
2024-07-31,251467748.1873374,0.0052862088446193715,-0.05131819293559303
2024-08-01,246582538.47580224,-0.01942678433615985,-0.06974802980507167
2024-08-02,246535107.3686725,-0.0001923538764055962,-0.06992696737757265
2024-08-05,239521186.88037455,-0.028449986548200665,-0.09638753264452493
2024-08-06,243062218.3690765,0.014783792343474222,-0.08302871356816721
2024-08-07,245740918.06383902,0.011020633781491582,-0.07292310883225872
2024-08-08,244058399.5101421,-0.00684671713182028,-0.07927054206553164
2024-08-09,245458351.72478592,0.005736136176643491,-0.07398911251297235
2024-08-12,245756360.9662147,0.001214092897368178,-0.07286484927158876
2024-08-13,247337915.0696655,0.006435455412965806,-0.06689831234728272
2024-08-14,240502130.80806172,-0.02763742978782043,-0.09268684472468147
2024-08-15,237780402.88760853,-0.011316855743890804,-0.10295477681746668
2024-08-16,246355775.64824677,0.03606425364116971,-0.07060351036101209
2024-08-19,247846364.66823012,0.006050554390539856,-0.06498014635007454
2024-08-20,252092260.91459742,0.01713116208926812,-0.04896216968051392
2024-08-21,253576049.49703294,0.005885895017372981,-0.04336446085370327
2024-08-22,253888409.31988436,0.0012318191070133946,-0.04218605891813476
2024-08-23,253172890.0360605,-0.00281824320275423,-0.044885411547092025
2024-08-26,251857400.10317665,-0.00519601420474557,-0.049848200515853036
2024-08-27,250718907.5315342,-0.004520385627645089,-0.054143253054322216
2024-08-28,252203847.9655928,0.005922730154971811,-0.04854119877690355
2024-08-29,251211235.1021878,-0.003935756220263569,-0.05228590867214189
2024-08-30,250531626.73819,-0.0027053263112271457,-0.054849784538931856
2024-09-04,249764016.40731466,-0.0030639258638491323,-0.057745654729305596
2024-09-05,249736911.45367017,-0.0001085222524620263,-0.05784791029324654
2024-09-06,249926586.69510618,0.0007595002289887458,-0.057132345565372056
2024-09-09,249075373.42139876,-0.003405853234597419,-0.060343614416025426
2024-09-10,248377484.00194323,-0.002801920598849419,-0.06297645699863363
2024-09-11,248179777.28124228,-0.000795992927842858,-0.06372232111208498
2024-09-12,246935706.71180987,-0.005012779780290487,-0.06841567492955158
2024-09-13,247652465.05427834,0.0029026111776737666,-0.06571164785465644
2024-09-16,246192233.59849343,-0.005896292837080689,-0.07122048557317895
2024-09-17,247677346.06136042,0.0060323286448142445,-0.06561778230358539
2024-09-18,248911647.17718935,0.004983504286755162,-0.06096128451622751
2024-09-19,250249288.3465393,0.005373959734386114,-0.05591492827018807
2024-09-20,249545517.36623755,-0.0028122796470340904,-0.05856995950248245
2024-09-23,248656623.54773542,-0.0035620508349888383,-0.06192338116432028
2024-09-24,249261016.18226817,0.002430631550889383,-0.05964326253742658
2024-09-25,252141700.6426581,0.011556899287787092,-0.0487756544279796
2024-09-26,251997614.3704133,-0.0005714495931357817,-0.049319231193237556
2024-09-27,250037084.12685066,-0.007779955570058849,-0.05671548533586357
2024-09-30,248364852.45374507,-0.006687934627558001,-0.06302411050512513
2024-10-01,248694580.06251025,0.0013275936812620966,-0.06178018723473677
2024-10-02,246750866.83287686,-0.007815663811993135,-0.06911299787306124
2024-10-03,246005998.04073095,-0.0030187079044808537,-0.07192307382456031
2024-10-04,246060206.9462602,0.00022035603180815667,-0.07171856647589558
2024-10-07,245926339.65533018,-0.0005440428283443225,-0.07222359133248957
2024-10-08,247189304.8060549,0.005135542424999191,-0.0674589562248642
2024-10-09,248724407.1487273,0.0062102296208844925,-0.06166766221212128
2024-10-10,251726148.1802124,0.01206854231112988,-0.05034335869162687
2024-10-11,251860272.27011418,0.0005328174719686046,-0.049837365040766746
2024-10-14,250289850.02654755,-0.006235291613924691,-0.05576190615039267
2024-10-15,248543854.24536046,-0.006975895271030345,-0.06234881220400479
2024-10-16,246735520.23093638,-0.007275714058247898,-0.06917089413278499
2024-10-17,250104546.86208165,0.013654404635343828,-0.05646097687491869
2024-10-18,247925387.72424442,-0.008712992887086187,-0.0646820256720958
2024-10-21,249448561.81181994,0.006143679360782845,-0.05893573193744828
2024-10-22,248596854.288086,-0.0034143613318422675,-0.06214886538509945
2024-10-23,251778901.08703715,0.01280002841574029,-0.05014434421229441
2024-10-24,250283556.38359928,-0.005939118397061162,-0.05578564941213582
2024-10-25,251603433.40735412,0.005273526726349989,-0.050806309798907545
2024-10-28,250370804.69858927,-0.0048990933552531665,-0.0554564982994199
2024-10-29,253414481.08675647,0.012156674544507515,-0.04397399035611649
2024-10-30,253682197.240308,0.0010564358927060142,-0.042964010165168154
2024-10-31,252521964.0616877,-0.004573569573434487,-0.047341080848958494
2024-11-01,251738836.2138082,-0.0031012266627555283,-0.05029549208954154
2024-11-04,252075123.16062433,0.0013358564450123202,-0.04902682320179219
2024-11-05,253847197.99479407,0.007029947310748966,-0.042341531874965144
2024-11-06,254236043.9588603,0.0015318111333819477,-0.04087457997151378
2024-11-07,256938244.86307102,0.010628708904265274,-0.030680315079349763
2024-11-08,260291083.26648873,0.013049199449480632,-0.01803146918051257
2024-11-11,258698568.85258433,-0.006118205794525684,-0.0240393547358142
2024-11-12,262823720.24400806,0.015945783580172762,-0.008476897503665759
2024-11-13,261705346.61860386,-0.0042552233275059805,-0.012696049739169268
2024-11-14,261486689.71952543,-0.0008355079554300748,-0.013520950044039637
2024-11-15,264529533.91353366,0.01163670776999025,-0.002041581618484556
2024-11-18,263897312.6532419,-0.0023899836473397647,-0.004426685919141415
2024-11-19,261062796.95841947,-0.01074097976339362,-0.015120118738658705
2024-11-20,258880291.27894822,-0.008360079279388364,-0.023353792626678027
2024-11-21,263141927.043343,0.016461800716234515,-0.007276437390632218
2024-11-22,263785594.10396832,0.0024460832519452294,-0.0048481529103220344
2024-11-25,267764343.8020919,0.015083271365286885,0.0
2024-11-26,266359617.32090616,-0.005246129717046964,-0.005246129717046966
2024-11-27,267189308.2606746,0.00311492766100814,-0.0021475433706077407
2024-11-28,269263757.60914534,0.007763968408671795,0.0
2024-11-29,270800106.14177233,0.005705738292700724,0.0
2024-12-02,271919730.62765825,0.004134505343582693,0.0
2024-12-03,274383893.1675173,0.009062095399150174,0.0
2024-12-04,277148909.29506326,0.010077180900184439,0.0
2024-12-05,272671223.6337341,-0.016156244932438238,-0.01615624493243828
2024-12-06,274141865.5236901,0.005393462024916273,-0.010849921001030327
2024-12-09,275731882.776028,0.0057999796904441465,-0.005112870632035027
2024-12-10,273191645.389055,-0.00921270823452924,-0.014278475481190434
2024-12-11,272574395.6496489,-0.0022594019613120936,-0.01650561662699579
2024-12-12,265677907.0059466,-0.025301307656815424,-0.041389310599466156
2024-12-13,266459900.59975037,0.002943389620222581,-0.038567745846450174
2024-12-16,266777927.22851688,0.001193525284857833,-0.03742025214144007
2024-12-17,268329171.86747983,0.005814741328409032,-0.031823099899677354
2024-12-18,268801861.78717136,0.0017616046604317067,-0.0301175549603383
2024-12-19,271846873.7312051,0.011328090972988439,-0.01913063838982454
2024-12-20,274187005.7947532,0.008608272853863855,-0.010687047291088936
2024-12-23,271966979.78397965,-0.008096758649588863,-0.018697275498085086
2024-12-24,275137080.2485689,0.011656196157001168,-0.007259018451891142
2024-12-25,275473404.9932104,0.0012223897423700024,-0.00604550205921639
2024-12-26,272821581.8785582,-0.009626421522315435,-0.015613727030395763
2024-12-27,269417914.6641448,-0.012475798985464748,-0.027894732296015357
2024-12-30,270867816.0284613,0.0053816071070251735,-0.022663243678562983
2024-12-31,270894176.83890957,9.73198323625095e-05,-0.022568129429276107
2025-01-02,274997233.4853069,0.015146344946489136,-0.007763609155919782
2025-01-03,275203960.7005807,0.0007517428908420016,-0.007017702503067991
2025-01-06,278905522.3817512,0.013450248578354319,0.0
2025-01-07,280516935.7493217,0.005777631628838463,0.0
2025-01-08,279039132.67759216,-0.005268142074138974,-0.005268142074138948
2025-01-09,277615821.17720807,-0.005100759476731234,-0.010342030025260796
2025-01-10,276556424.49070656,-0.003816052997301143,-0.014118617287885882
2025-01-13,279948415.92189693,0.012265097212754704,-0.002026686288676749
2025-01-14,278732118.8763313,-0.004344718442360971,-0.0063625993497423705
2025-01-15,280046401.9405565,0.0047152192919981415,-0.0016773811089454416
2025-01-16,285215623.58837473,0.018458446928789472,0.0
2025-01-17,287042272.16924405,0.006404447827533984,0.0
2025-01-20,286233446.01943403,-0.0028177945488569753,-0.002817794548857
2025-01-21,288744758.98385894,0.00877365311199307,0.0
2025-01-22,290897913.912523,0.007456948954645413,0.0
2025-01-23,290813070.11130077,-0.00029166177261662614,-0.00029166177261663595
2025-01-24,295156027.46031165,0.014933845123772244,0.0
2025-02-03,292703181.0514808,-0.008310338196161842,-0.008310338196161893
2025-02-04,297899697.31443936,0.01775353531960611,0.0
2025-02-05,304200392.25726485,0.02115039054965867,0.0
2025-02-06,304009793.0009203,-0.0006265582201595763,-0.0006265582201595565
2025-02-07,302713109.8649951,-0.004265267651826099,-0.004889153433477289
2025-02-10,296407366.33689356,-0.020830757977128304,-0.025618066638719683
2025-02-11,298930495.61212844,0.008512370344963409,-0.017323766764507087
2025-02-12,307212301.26685184,0.027704786819305664,0.0
2025-02-13,309736752.3774108,0.008217285245899672,0.0
2025-02-14,307823836.8671691,-0.006175939715125832,-0.006175939715125867
2025-02-17,310601553.51949817,0.00902372175137209,0.0
2025-02-18,317825700.3168138,0.023258566209528497,0.0
2025-02-19,314999654.7871639,-0.008891809337107934,-0.008891809337107981
2025-02-20,312962134.61788434,-0.0064683250864394385,-0.015302619310148313
2025-02-21,317324831.90767866,0.0139400164020514,-0.001575921672274716
2025-02-24,320660691.53873074,0.010512444333453864,0.0
2025-02-25,325907208.5259509,0.016361584458775086,0.0
2025-02-26,325858660.4990875,-0.00014896272801996169,-0.00014896272802000787
2025-02-27,322437733.653263,-0.010498192193465176,-0.010645591082136696
2025-02-28,327657298.3732182,0.016187822252739573,0.0
2025-03-03,324856430.99118555,-0.008548161130359756,-0.008548161130359722
2025-03-04,328690713.49212766,0.011803006298022611,0.0
2025-03-05,329253297.56212306,0.001711591009123163,0.0
2025-03-06,338584081.89892477,0.028339228204817563,0.0
2025-03-07,338143894.73420393,-0.0013000822786826682,-0.0013000822786827237
2025-03-10,335371313.3700866,-0.008199412756798984,-0.009488835124260908
2025-03-11,338538349.0566219,0.009443370855754838,-0.00013507085757358261
2025-03-12,338270655.7450867,-0.0007907326076385126,-0.0009256966602806393
2025-03-13,334135974.3943166,-0.012222997415081491,-0.01313737928747638
2025-03-14,335461354.017908,0.003966587632456696,-0.00922290222122435
2025-03-17,339131826.7777387,0.01094156663910315,0.0
2025-03-18,335218341.1607504,-0.011539717914924965,-0.011539717914924918
2025-03-19,330478960.8654188,-0.014138189094667937,-0.025514756295612617
2025-03-20,332590152.62320983,0.006388278855218214,-0.01928947281853366
2025-03-21,331913552.9181609,-0.0020343347501795583,-0.02128456632384579
2025-03-24,335500113.0533328,0.010805705593035002,-0.01070885548818179
2025-03-25,340378364.8217617,0.01454023882147977,0.0
2025-03-26,342076995.10518885,0.004990417896615147,0.0
2025-03-27,338110844.27146256,-0.011594322010770392,-0.011594322010770375
2025-03-28,338051801.96154565,-0.00017462412376667103,-0.011766921486215276
2025-03-31,339365954.7296523,0.003887430152660828,-0.007925234418943994
2025-04-01,341041198.77820003,0.004936393958204463,-0.0030279625400425614
2025-04-02,341196631.64619696,0.0004557597983873455,-0.0025735827652519916
2025-04-03,325563173.1081269,-0.04581949845941375,-0.04827516095311801
2025-04-04,324964792.71293414,-0.0018379855113219662,-0.050024417418051415
2025-04-08,310585444.85348535,-0.04424894075264071,-0.09205983068817547
2025-04-09,297122773.79089785,-0.04334611066187709,-0.13141550574152916
2025-04-10,309515049.45746785,0.04170759281915951,-0.09518893732596134
2025-04-11,322822373.1146089,0.04299410862401268,-0.05628739221314538
2025-04-14,332650749.92261887,0.030445153826190036,-0.027555916701359595
2025-04-15,336445587.0341872,0.011407871806845726,-0.016462399259763116
2025-04-16,337070558.58358514,0.0018575709519841027,-0.014635408382443926
2025-04-17,345567356.4350287,0.025207772186180224,0.0
2025-04-18,353145734.8754792,0.021930249774258948,0.0
2025-04-21,346549190.1307105,-0.01867938387276491,-0.01867938387276491
2025-04-22,343007577.2908517,-0.010219654065626166,-0.02870814109705233
2025-04-23,343458421.3547831,0.0013143851441774837,-0.027431489507049767
2025-04-24,347793109.58860695,0.012620707382062477,-0.015156986927109983
2025-04-25,356169594.1430442,0.02408467656057214,0.0
2025-04-28,364233776.2223988,0.02264141075477634,0.0
2025-04-29,362503067.2768172,-0.004751643198858239,-0.004751643198858235
2025-05-05,364156459.82131386,0.00456104428830689,-0.00021227136562351756
2025-05-06,363792128.72888595,-0.001000479553779387,-0.0012125385462418148
2025-05-07,362042908.2507489,-0.004808296661747381,-0.0060150049629450475
2025-05-08,369055153.82854456,0.019368548362612984,0.0
2025-05-09,369838127.22785753,0.0021215620245117247,0.0
2025-05-12,373987148.9111972,0.011218480134643988,0.0
2025-05-13,379875397.4969885,0.01574452117655371,0.0
2025-05-14,387392570.15620285,0.01978852199627898,0.0
2025-05-15,389947630.37819964,0.006595532332916306,0.0
2025-05-16,401329350.76751184,0.029187817805876613,0.0
2025-05-19,410325475.1794511,0.022415814828232374,0.0
2025-05-20,408256121.5864964,-0.005043200381476893,-0.0050432003814768755
2025-05-21,408389807.54467565,0.0003274561019678714,-0.004717395706247407
2025-05-22,397639901.7426597,-0.026322659389191486,-0.03091588069505924
2025-05-23,409787470.3822739,0.030549169201524843,-0.0013111659639020168
2025-05-26,420597966.09367836,0.026380737559691062,0.0
2025-05-27,430231293.6949916,0.02290388536773769,0.0
2025-05-28,418734098.3661324,-0.026723289303567113,-0.026723289303567155
2025-05-29,413403209.5435426,-0.012730964216648382,-0.0391140402803406
2025-05-30,402458159.899974,-0.026475482993113586,-0.06455396016522008
2025-06-02,406690563.3364855,0.010516381224730115,-0.054716452995153486
2025-06-03,407270758.43532205,0.001426625427638709,-0.053367887450667895
2025-06-04,407327020.56110406,0.0001381442802281319,-0.05323711563883893
2025-06-05,407075362.25429356,-0.0006178286588103879,-0.05382205288189523
2025-06-06,407625023.16043544,0.0013502681741729009,-0.052544458912797354
2025-06-09,395063716.6180359,-0.030815837666216025,-0.0817410950628975
2025-06-10,409140633.9853188,0.03563201776105655,-0.04902167745293029
2025-06-11,418179661.749151,0.022092715836571148,-0.028011983606158752
2025-06-12,416997663.9352251,-0.0028265310870974275,-0.030759337950782117
2025-06-13,409188639.7954222,-0.018726781503063665,-0.04891009605286267
2025-06-16,421287374.5395918,0.02956762130595432,-0.020788629945037163
2025-06-17,416232761.9669228,-0.011998015791935266,-0.03253722342659926
2025-06-18,413270783.69009936,-0.0071161584273821375,-0.03942184181729058
2025-06-19,415659454.5505084,0.005779917077806839,-0.033869779716242054
2025-06-20,416348640.8753087,0.0016580552114364737,-0.03226788246957435
2025-06-23,423822199.455804,0.017950241328477248,-0.014896857418584819
2025-06-24,424125690.3535297,0.0007160807010944438,-0.014191444069594827
2025-06-25,420457948.55288863,-0.00864777089448134,-0.02271649060710046
2025-06-26,422076682.6572922,0.003849931033471562,-0.01895401649578876
2025-06-27,414986412.9771323,-0.016798534416829786,-0.03543415121417681
2025-06-30,419605784.70612854,0.01113138065378243,-0.0246972015857031
2025-07-01,419188081.8604182,-0.0009954649362207337,-0.025668081323722558
2025-07-02,424628945.39732337,0.012979528217400215,-0.013021712692150023
2025-07-03,421467182.77789044,-0.007445942283737816,-0.02037069605474673
2025-07-04,420287816.4983669,-0.002798239881336306,-0.023111933841972077
2025-07-07,421926270.9835071,0.0038984106148757967,-0.019303623035316075
2025-07-08,424230837.2779889,0.00546201185602851,-0.01394704779717082
2025-07-09,422079315.84352726,-0.0050715818969374205,-0.018947896098984396
2025-07-10,425609633.57552564,0.008364109776246745,-0.010742268605738459
2025-07-11,423630379.0650218,-0.00465039875595909,-0.015342711529137243
2025-07-14,436992424.3295347,0.03154175414427018,0.0
2025-07-15,451769230.2778531,0.03381478745538897,0.0
2025-07-16,472892768.7521447,0.0467573642881786,0.0
2025-07-17,493589218.62805694,0.043765629849924374,0.0
2025-07-18,506511003.8665962,0.02617922910564313,0.0
2025-07-21,485333749.5827719,-0.04181005767330169,-0.041810057673301704
2025-07-22,499460642.3726776,0.02910758380609267,-0.013919463624872175
2025-07-23,491533202.5457452,-0.015872001023490637,-0.02957053490746242
2025-07-24,496516706.3567359,0.010138692127368334,-0.019731649329562506
2025-07-25,505998127.92615664,0.019095876227392377,-0.0010125662355296994
2025-07-28,520971155.7120445,0.029591073483325105,0.0
2025-07-29,492403302.91779625,-0.054835766780989476,-0.05483576678098945
2025-07-30,497481243.9083314,0.010312564843584877,-0.04508869933808124
2025-07-31,506380108.84657335,0.017887840088865164,-0.028007398692790564
2025-08-01,496850871.6815734,-0.018818348111472122,-0.046298693825964965
2025-08-04,495813809.4077553,-0.0020872707142651813,-0.04828932663249852
2025-08-05,492846032.14225054,-0.005985668832116149,-0.0539859515472666
2025-08-06,497951337.9468269,0.010358825011505396,-0.04418635756091904
2025-08-07,498835258.46224415,0.0017751142492394834,-0.042489679144607884
2025-08-08,519762260.9418435,0.04195173080609994,-0.002320463920020055
2025-08-11,523636683.4152244,0.007454220447556455,0.0
2025-08-12,529221452.1469994,0.010665350439832596,0.0
2025-08-13,538038613.8138235,0.01666062785447129,0.0
2025-08-14,545129842.1707962,0.013179775902527434,0.0
2025-08-15,547152010.2898707,0.0037095164539552245,0.0
2025-08-18,557797231.7238345,0.019455692812540594,0.0
2025-08-19,551318229.5476086,-0.011615335838442554,-0.011615335838442542
2025-08-20,546250310.7095509,-0.009192365799723878,-0.020700929222252862
2025-08-21,537853143.254694,-0.01537238018949479,-0.03575508685746731
2025-08-22,536727317.8353489,-0.0020931836756264144,-0.03777342856896304
2025-08-25,531786074.5288263,-0.009206245224206058,-0.046631922346804244
2025-08-26,540254368.4606754,0.015924249124710816,-0.03145025157070813
2025-08-27,550379878.1677852,0.01874211537790987,-0.013297580436400724
2025-08-28,548707757.4332013,-0.0030381211249043936,-0.016295301901271153
2025-08-29,551627939.7436693,0.005321926418770298,-0.011060097880191133
2025-09-03,564479629.8628447,0.02329775051848781,0.0
2025-09-04,565185374.2566409,0.0012502566194774554,0.0
2025-09-05,559961379.792106,-0.009242975318329369,-0.009242975318329405
2025-09-08,548881098.8147564,-0.019787580674694667,-0.02884765987323834
2025-09-09,559087850.1609213,0.018595559891213618,-0.01078853836891891
2025-09-10,558263372.9896787,-0.0014746826835984484,-0.01224731138180335
2025-09-11,560277863.6018338,0.0036084950394772255,-0.00868301070469435
2025-09-12,562408244.3641294,0.0038023646849085165,-0.004913661993047991
2025-09-15,570531589.4989905,0.014443858560511566,0.0
2025-09-16,566294778.2346534,-0.0074260765614358295,-0.00742607656143579
2025-09-17,559054550.8447025,-0.012785262496188455,-0.020116394719469577
2025-09-18,561341443.0907576,0.004090642393662212,-0.01610804130285448
2025-09-19,553046253.494283,-0.014777440181150998,-0.030647445867217016
2025-09-22,549300829.4339778,-0.00677235228815059,-0.03721224285522273
2025-09-23,551750693.6646427,0.004459968198462927,-0.03291824007648758
2025-09-24,553099648.6506052,0.0024448632352466293,-0.030553857436173004
2025-09-25,555813172.7481327,0.004906031135886051,-0.02579772447619022
2025-09-26,548428135.8305252,-0.01328690516832008,-0.038741857725836715
2025-09-29,552839247.9445591,0.008043190758902013,-0.031010275118977915
2025-09-30,550013068.5148153,-0.0051121179262352,-0.03596386486187986
2025-10-01,553891458.1912911,0.007051450044538885,-0.02916601221382309
2025-10-02,545012857.1422668,-0.01602949624465601,-0.044727991975226034
2025-10-03,538433089.6525972,-0.01207268306324014,-0.056260688167294126
2025-10-06,553769769.2114367,0.028483909799702226,-0.029379302734618196
2025-10-07,548760563.1834577,-0.009045647318581658,-0.038159195242196686
2025-10-08,555682116.8678622,0.012613066879754126,-0.02602743284411002
2025-10-09,557760770.6937344,0.003740724710718869,-0.02238406959458772
2025-10-10,563290259.7226567,0.009913728823281754,-0.012692250367228097
2025-10-13,571397999.1877879,0.014393537479457064,0.0
2025-10-14,574023195.1012229,0.00459433865215937,0.0
2025-10-15,572693419.7308185,-0.002316588217606557,-0.0023165882176066077
2025-10-16,572118880.4932182,-0.0010032230471067323,-0.003317487210022785
2025-10-17,568392295.9884703,-0.006513654122959926,-0.009809532368739271
2025-10-20,550470545.5128682,-0.03153060061173962,-0.04103083253317219
2025-10-21,550305519.6165943,-0.0002997906020931571,-0.04131832247727585
2025-10-22,549584266.4993179,-0.001310641255749965,-0.042574810234968674
2025-10-23,548329811.0220213,-0.002282553474987712,-0.04476018442890761
2025-10-24,542030934.3406017,-0.011487386887973967,-0.0557333937611697
2025-10-27,534063233.32775456,-0.014699716396334637,-0.06961384507540991
2025-10-28,544305377.0303452,0.01917777346096589,-0.051771110165046985
2025-10-29,538233911.9533215,-0.01115451974799297,-0.062348148042328466
2025-10-30,529066142.13936025,-0.017033058695038683,-0.07831922707223515
2025-10-31,519839410.1964509,-0.01743965679905286,-0.09439302343038114
2025-11-03,520985509.850034,0.0022047186710026285,-0.09239641482054783
2025-11-04,525996223.2128007,0.00961775954999021,-0.08366730177158288
2025-11-05,527716764.321854,0.0032710141881707763,-0.08066996451459285
2025-11-06,528378016.14155257,0.001253043042034714,-0.07951800441029433
2025-11-07,516276668.2696928,-0.0229028224153403,-0.10059964009180344
2025-11-10,508532863.93299246,-0.014999330422298125,-0.11409004327200034
2025-11-11,513183196.07398844,0.009144604942599614,-0.10598874670300729
2025-11-12,527414709.72689605,0.02773183876982553,-0.08119617076816543
2025-11-13,531258970.5392592,0.007288876744362646,-0.07449912290464611
2025-11-14,533365158.0185736,0.003964521252556888,-0.0708299550081416
2025-11-17,535759247.99748987,0.004488650866903678,-0.0666592350801879
2025-11-18,537498324.6819644,0.0032460040418801615,-0.0636296071848067
2025-11-19,533023231.249689,-0.008325781173221906,-0.07142562217246984
2025-11-20,538970729.2423121,0.011158046486414866,-0.06106454609857648
2025-11-21,538247649.041495,-0.00134159456457611,-0.06232421680001843
2025-11-24,542083328.5765338,0.007126235556939936,-0.055642118292897225
2025-11-25,538360929.813208,-0.006866838670542633,-0.062126871513835336
2025-11-26,545190871.0134554,0.012686546927945073,-0.05022850005683688
2025-11-27,546478460.030712,0.0023617215285779056,-0.04798540425819142
2025-11-28,550687776.8535304,0.007702621659748191,-0.04065239601263415
2025-12-01,553312330.4022031,0.004765955699377623,-0.036080187831726285
2025-12-02,557508221.6060872,0.007583223747849842,-0.028770568221068826
2025-12-03,554187705.7862434,-0.00595599435337101,-0.03455520523257194
2025-12-04,554017801.1715794,-0.00030658315384862023,-0.03485119434261841
2025-12-05,565278500.8177054,0.020325519545243986,-0.01523404342916046
2025-12-08,573640532.4066467,0.014792764233639193,-0.0006666328082938211
2025-12-09,578291928.2740144,0.008108555104802649,0.0
2025-12-10,561453403.1768848,-0.029117690000250045,-0.029117690000249996
2025-12-11,551828413.5356693,-0.017142989225382092,-0.04576151497968983
2025-12-12,541269295.7842145,-0.01913478445917737,-0.06402066271320539
2025-12-15,539734324.2482858,-0.0028358740240471106,-0.06667498220286183
2025-12-16,545258501.659941,0.010234993706114538,-0.05712240651994893
2025-12-17,541818383.3746765,-0.006309151117849009,-0.06307116374284838
2025-12-18,541170086.8412435,-0.0011965200025054385,-0.0641922178363542
2025-12-19,548807203.6325972,0.014112230104828597,-0.050985883080571504
2025-12-22,561819784.223465,0.023710659234675645,-0.028484132745398294
2025-12-23,570801045.1871204,0.015986017608954756,-0.012953462984087283
2025-12-24,572624108.4914153,0.0031938681956988823,-0.009800966441837478
2025-12-25,559921017.7245677,-0.022183995711102782,-0.031767537555429826
2025-12-26,550766364.8189498,-0.01634990046064162,-0.04759804193916051
2025-12-29,556695506.1980914,0.010765256845505845,-0.03734519024047289
2025-12-30,566222623.5415702,0.017113695435667344,-0.02087060901656801
2025-12-31,579008018.9073331,0.022580156345208782,0.0
2026-01-05,577383007.7100005,-0.0028065435093614726,-0.002806543509361492
2026-01-06,574822479.0831406,-0.004434714206459585,-0.007228811497449028
2026-01-07,586268651.3264267,0.019912534147139,0.0
2026-01-08,580342880.480891,-0.010107603113570477,-0.010107603113570507
2026-01-09,581215376.5127156,0.0015034147245876614,-0.008619384308334088
2026-01-12,569313435.7173816,-0.020477677082023305,-0.028920556421845434
2026-01-13,576072402.7062902,0.011872136796476262,-0.017391768427439502
2026-01-14,561924774.8174071,-0.02455876695779899,-0.04152341499744505
2026-01-15,548178438.0172222,-0.024462948451866577,-0.06497057828868369
2026-01-16,557115721.845649,0.01630360336819022,-0.049726229459514104
2026-01-19,558830972.1028111,0.0030788042589781923,-0.046800522527578714
2026-01-20,559278052.4168674,0.0008000278015621967,-0.046037936445166294
2026-01-21,561629132.2321028,0.004203776288154714,-0.04202769334259526
2026-01-22,575765675.2813832,0.02517060144849865,-0.017914954213022805
2026-01-23,567881595.0474911,-0.01369320988097987,-0.031362850865955694
2026-01-26,561710791.7305784,-0.010866355540888054,-0.04188840651855841
2026-01-27,563081150.9789013,0.0024396170920998254,-0.039550981098962046
2026-01-28,561899326.6700152,-0.0020988525487515997,-0.04156682197022843
2026-01-29,567657811.6437306,0.01024825035445752,-0.03174455881376104
2026-01-30,567198141.6367474,-0.0008097660202230688,-0.032528619168929684
2026-02-02,570987435.4343016,0.0066807232241974535,-0.026065210646265213
2026-02-03,573754892.5152713,0.00484679155656853,-0.021344751732577216
2026-02-04,571989948.8675826,-0.003076128274830824,-0.024355220813084166
2026-02-05,564136165.478175,-0.013730631814346254,-0.03775144005768882
2026-02-06,553518261.2529734,-0.018821527274716775,-0.05586242757370008
2026-02-09,557019967.0325309,0.00632626965482732,-0.04988955869927725
2026-02-10,547946336.2777995,-0.016289596947610858,-0.06536647484378266
2026-02-11,561543940.8426349,0.024815577118744846,-0.042173004522504165
2026-02-12,559432991.2225616,-0.0037591886699119125,-0.04577365691163893
2026-02-13,558477261.3408394,-0.0017083902750061263,-0.04740384791632579
2026-02-23,568496537.2975874,0.017940347173120146,-0.030313942232166324
2026-02-24,571127000.8162184,0.0046270528421073365,-0.02582715360261978
2026-02-25,570776691.2304412,-0.0006133654778648591,-0.026424677596073254
2026-02-26,568465227.6410404,-0.004049681118578745,-0.030367347196726735
2026-02-27,558290003.5187082,-0.017899466189966153,-0.047723254082266076
2026-03-02,563426618.7154938,0.009200621835267092,-0.0389617158605583
2026-03-03,563357608.365481,-0.00012248329723950528,-0.03907942699837308
2026-03-04,563510028.3272631,0.0002705563207432793,-0.038819443863615244
2026-03-05,556973886.5714012,-0.011598980368217972,-0.04996815826455403
2026-03-06,553331968.8314922,-0.006538758508640023,-0.05618018705318062
2026-03-09,534203139.65221035,-0.03457025846469245,-0.08880828193084978
2026-03-10,532265882.6405548,-0.003626442579346891,-0.09211266637520399
2026-03-11,541866660.0571656,0.018037559290822236,-0.07573659476556027
2026-03-12,540609179.2491176,-0.002320646204576138,-0.07788148312894616
2026-03-13,537891983.7483027,-0.005026173444907058,-0.0825162107315005
2026-03-16,531403545.6178006,-0.012062715798973977,-0.09358355693161213
2026-03-17,524803025.2128259,-0.012420919016076658,-0.10484208216580493
2026-03-18,530216650.75521797,0.010315537987222276,-0.09560804665982348
2026-03-19,529387400.039151,-0.0015639846747283533,-0.0970225018147951
2026-03-20,521727735.9127235,-0.014468920351827525,-0.11008761131552935
2026-03-23,512630517.08571076,-0.017436716894297016,-0.12560476169774804
2026-03-24,521772148.539441,0.017832788234497098,-0.11001185657985135
2026-03-25,530305114.2769255,0.016353816050492975,-0.09545715419523848
2026-03-26,523410781.3596759,-0.013000690982680958,-0.10721683621414102
2026-03-27,531219727.6532836,0.014919345515432902,-0.09389709572325844
2026-03-30,532719990.8079504,0.002824185692979333,-0.09133809286463312
2026-03-31,539024372.7426207,0.011834325806149645,-0.08058469180795591
2026-04-01,539456721.5783851,0.0008020951512165681,-0.0798472332473007
2026-04-02,546742810.8098185,0.013506346181237998,-0.06741933143991485
2026-04-03,542644924.5344393,-0.007495089454051565,-0.07440910697389191
2026-04-06,536431287.34696424,-0.011450650151765555,-0.08500772447359417
2026-04-07,536787621.2535386,0.000664267567868187,-0.08439992478011205
2026-04-08,552867835.7652093,0.029956381024806848,-0.05697186006048327
2026-04-09,551719647.953514,-0.002076785331717049,-0.058930327068906
2026-04-10,554658540.4776034,0.005326786049745825,-0.05391745026329786
2026-04-13,555842667.8993957,0.002134876388584307,-0.05189768096621328
2026-04-14,565695029.3725739,0.01772509028573058,-0.03509248176122892
2026-04-15,568715556.250679,0.005339496939641318,-0.029940361020556083
2026-04-16,574633794.241019,0.01040632338133432,-0.019845606718155606
2026-04-17,571203525.5340085,-0.005969486551937368,-0.025696625187673905
2026-04-20,579218547.7078016,0.014031814958249723,-0.012025380519109063
2026-04-21,574505112.2322521,-0.008137576902884759,-0.020065099963233135
2026-04-22,575378125.1523883,0.0015195912125900892,-0.018575999500226925
2026-04-23,570973221.304283,-0.007655667908714251,-0.026089455725694988
2026-04-24,567259175.8076322,-0.006504763022277583,-0.032424513021096724
2026-04-28,573429137.2072592,0.010876794352145157,-0.02190039342905048
2026-04-29,568961308.3613524,-0.007791422786198411,-0.029521180990859097
2026-05-04,566189228.2148843,-0.004872176905055184,-0.03424952547968063
2026-05-05,570103510.2715669,0.00691338136019255,-0.027572924150534805
2026-05-06,569738528.0003351,-0.0006402035150738021,-0.02819547538264655
2026-05-07,570676415.1377815,0.0016461711668652535,-0.026595718794392265
2026-05-08,569507963.0304258,-0.002047486239769709,-0.028588750665893614
2026-05-11,563774109.7241278,-0.010068082763562145,-0.03836899952164474
2026-05-12,567775503.2367107,0.007097512006255315,-0.031543811950162315
2026-05-13,574222181.5644715,0.011354273460215027,-0.020547695556807022
2026-05-14,584412504.8274138,0.01774630724849173,-0.0031660340269148435
2026-05-15,589779687.3063009,0.009183893969674886,0.0
2026-05-18,595515590.2736307,0.009725501048582113,0.0
2026-05-19,586762813.3209088,-0.01469781328260471,-0.014697813282604666
2026-05-20,595527223.5113409,0.014936887599996377,0.0
2026-05-21,586762918.743794,-0.014716883496728995,-0.01471688349672895
2026-05-22,583125111.2107799,-0.006199791119729028,-0.020825433012844896
2026-05-25,587153433.1167494,0.006908160579134104,-0.014061137869093576
2026-05-26,580339511.0533082,-0.011605011022879056,-0.025502969232007566
2026-05-27,575130901.3758371,-0.008975107808905869,-0.034249185142608995
2026-05-28,581135227.798336,0.01043993012396882,-0.02416681411833188
2026-05-29,578073281.5310397,-0.005268904930951566,-0.029308386403209874
