date,equity,portfolio_return,drawdown
2018-01-02,100000000.0,0.0,0.0
2018-01-03,100000000.0,0.0,0.0
2018-01-04,100000000.0,0.0,0.0
2018-01-05,100000000.0,0.0,0.0
2018-01-08,100000000.0,0.0,0.0
2018-01-09,100000000.0,0.0,0.0
2018-01-10,100000000.0,0.0,0.0
2018-01-11,100000000.0,0.0,0.0
2018-01-12,100000000.0,0.0,0.0
2018-01-15,100000000.0,0.0,0.0
2018-01-16,100000000.0,0.0,0.0
2018-01-17,100000000.0,0.0,0.0
2018-01-18,100000000.0,0.0,0.0
2018-01-19,100000000.0,0.0,0.0
2018-01-22,100000000.0,0.0,0.0
2018-01-23,100000000.0,0.0,0.0
2018-01-24,100000000.0,0.0,0.0
2018-01-25,100000000.0,0.0,0.0
2018-01-26,100000000.0,0.0,0.0
2018-01-29,100000000.0,0.0,0.0
2018-01-30,100000000.0,0.0,0.0
2018-01-31,100000000.0,0.0,0.0
2018-02-01,100000000.0,0.0,0.0
2018-02-02,100000000.0,0.0,0.0
2018-02-05,100000000.0,0.0,0.0
2018-02-06,100000000.0,0.0,0.0
2018-02-07,100000000.0,0.0,0.0
2018-02-08,100000000.0,0.0,0.0
2018-02-09,100000000.0,0.0,0.0
2018-02-12,100000000.0,0.0,0.0
2018-02-13,100000000.0,0.0,0.0
2018-02-21,100000000.0,0.0,0.0
2018-02-22,100000000.0,0.0,0.0
2018-02-23,100000000.0,0.0,0.0
2018-02-26,100000000.0,0.0,0.0
2018-02-27,100000000.0,0.0,0.0
2018-02-28,100000000.0,0.0,0.0
2018-03-01,100000000.0,0.0,0.0
2018-03-02,100000000.0,0.0,0.0
2018-03-05,100000000.0,0.0,0.0
2018-03-06,100000000.0,0.0,0.0
2018-03-07,100000000.0,0.0,0.0
2018-03-08,100000000.0,0.0,0.0
2018-03-09,100000000.0,0.0,0.0
2018-03-12,100000000.0,0.0,0.0
2018-03-13,100000000.0,0.0,0.0
2018-03-14,100000000.0,0.0,0.0
2018-03-15,100000000.0,0.0,0.0
2018-03-16,100000000.0,0.0,0.0
2018-03-19,100000000.0,0.0,0.0
2018-03-20,100000000.0,0.0,0.0
2018-03-21,100000000.0,0.0,0.0
2018-03-22,100000000.0,0.0,0.0
2018-03-23,100000000.0,0.0,0.0
2018-03-26,100000000.0,0.0,0.0
2018-03-27,100000000.0,0.0,0.0
2018-03-28,100000000.0,0.0,0.0
2018-03-29,100000000.0,0.0,0.0
2018-03-30,100000000.0,0.0,0.0
2018-04-02,100000000.0,0.0,0.0
2018-04-03,100000000.0,0.0,0.0
2018-04-04,100000000.0,0.0,0.0
2018-04-05,100000000.0,0.0,0.0
2018-04-06,100000000.0,0.0,0.0
2018-04-09,100000000.0,0.0,0.0
2018-04-10,100000000.0,0.0,0.0
2018-04-11,100000000.0,0.0,0.0
2018-04-12,100000000.0,0.0,0.0
2018-04-13,100000000.0,0.0,0.0
2018-04-16,100000000.0,0.0,0.0
2018-04-17,100000000.0,0.0,0.0
2018-04-18,100000000.0,0.0,0.0
2018-04-19,100000000.0,0.0,0.0
2018-04-20,100000000.0,0.0,0.0
2018-04-23,100000000.0,0.0,0.0
2018-04-24,100000000.0,0.0,0.0
2018-04-26,100000000.0,0.0,0.0
2018-04-27,100000000.0,0.0,0.0
2018-05-02,100000000.0,0.0,0.0
2018-05-03,100000000.0,0.0,0.0
2018-05-04,100000000.0,0.0,0.0
2018-05-07,100000000.0,0.0,0.0
2018-05-08,100000000.0,0.0,0.0
2018-05-09,100000000.0,0.0,0.0
2018-05-10,100000000.0,0.0,0.0
2018-05-11,100000000.0,0.0,0.0
2018-05-14,100000000.0,0.0,0.0
2018-05-15,100000000.0,0.0,0.0
2018-05-16,100000000.0,0.0,0.0
2018-05-17,100000000.0,0.0,0.0
2018-05-18,100000000.0,0.0,0.0
2018-05-21,100000000.0,0.0,0.0
2018-05-22,100000000.0,0.0,0.0
2018-05-23,100000000.0,0.0,0.0
2018-05-24,100000000.0,0.0,0.0
2018-05-25,100000000.0,0.0,0.0
2018-05-28,100000000.0,0.0,0.0
2018-05-29,100000000.0,0.0,0.0
2018-05-30,100000000.0,0.0,0.0
2018-05-31,100000000.0,0.0,0.0
2018-06-01,100000000.0,0.0,0.0
2018-06-04,100000000.0,0.0,0.0
2018-06-05,100000000.0,0.0,0.0
2018-06-06,100000000.0,0.0,0.0
2018-06-07,100000000.0,0.0,0.0
2018-06-08,100000000.0,0.0,0.0
2018-06-11,100000000.0,0.0,0.0
2018-06-12,100000000.0,0.0,0.0
2018-06-13,100000000.0,0.0,0.0
2018-06-14,100000000.0,0.0,0.0
2018-06-15,100000000.0,0.0,0.0
2018-06-18,100000000.0,0.0,0.0
2018-06-19,100000000.0,0.0,0.0
2018-06-20,100000000.0,0.0,0.0
2018-06-21,100000000.0,0.0,0.0
2018-06-22,100000000.0,0.0,0.0
2018-06-25,100000000.0,0.0,0.0
2018-06-26,100000000.0,0.0,0.0
2018-06-27,100000000.0,0.0,0.0
2018-06-28,100000000.0,0.0,0.0
2018-06-29,100000000.0,0.0,0.0
2018-07-02,100000000.0,0.0,0.0
2018-07-03,100000000.0,0.0,0.0
2018-07-04,100000000.0,0.0,0.0
2018-07-05,100000000.0,0.0,0.0
2018-07-06,100000000.0,0.0,0.0
2018-07-09,100000000.0,0.0,0.0
2018-07-10,100000000.0,0.0,0.0
2018-07-11,100000000.0,0.0,0.0
2018-07-12,100000000.0,0.0,0.0
2018-07-13,100000000.0,0.0,0.0
2018-07-16,100000000.0,0.0,0.0
2018-07-17,100000000.0,0.0,0.0
2018-07-18,100000000.0,0.0,0.0
2018-07-19,100000000.0,0.0,0.0
2018-07-20,100000000.0,0.0,0.0
2018-07-23,100000000.0,0.0,0.0
2018-07-24,100000000.0,0.0,0.0
2018-07-25,100000000.0,0.0,0.0
2018-07-26,100000000.0,0.0,0.0
2018-07-27,100000000.0,0.0,0.0
2018-07-30,100000000.0,0.0,0.0
2018-07-31,100000000.0,0.0,0.0
2018-08-01,100000000.0,0.0,0.0
2018-08-02,100000000.0,0.0,0.0
2018-08-03,100000000.0,0.0,0.0
2018-08-06,100000000.0,0.0,0.0
2018-08-07,100000000.0,0.0,0.0
2018-08-08,100000000.0,0.0,0.0
2018-08-09,100000000.0,0.0,0.0
2018-08-10,100000000.0,0.0,0.0
2018-08-13,100000000.0,0.0,0.0
2018-08-14,100000000.0,0.0,0.0
2018-08-15,100000000.0,0.0,0.0
2018-08-16,100000000.0,0.0,0.0
2018-08-17,100000000.0,0.0,0.0
2018-08-20,100000000.0,0.0,0.0
2018-08-21,100000000.0,0.0,0.0
2018-08-22,100000000.0,0.0,0.0
2018-08-23,100000000.0,0.0,0.0
2018-08-24,100000000.0,0.0,0.0
2018-08-27,100000000.0,0.0,0.0
2018-08-28,100000000.0,0.0,0.0
2018-08-29,100000000.0,0.0,0.0
2018-08-30,100000000.0,0.0,0.0
2018-08-31,100000000.0,0.0,0.0
2018-09-04,100000000.0,0.0,0.0
2018-09-05,100000000.0,0.0,0.0
2018-09-06,100000000.0,0.0,0.0
2018-09-07,100000000.0,0.0,0.0
2018-09-10,100000000.0,0.0,0.0
2018-09-11,100000000.0,0.0,0.0
2018-09-12,100000000.0,0.0,0.0
2018-09-13,100000000.0,0.0,0.0
2018-09-14,100000000.0,0.0,0.0
2018-09-17,100000000.0,0.0,0.0
2018-09-18,100000000.0,0.0,0.0
2018-09-19,100000000.0,0.0,0.0
2018-09-20,100000000.0,0.0,0.0
2018-09-21,100000000.0,0.0,0.0
2018-09-24,100000000.0,0.0,0.0
2018-09-25,100000000.0,0.0,0.0
2018-09-26,100000000.0,0.0,0.0
2018-09-27,100000000.0,0.0,0.0
2018-09-28,100000000.0,0.0,0.0
2018-10-01,100000000.0,0.0,0.0
2018-10-02,100000000.0,0.0,0.0
2018-10-03,100000000.0,0.0,0.0
2018-10-04,100000000.0,0.0,0.0
2018-10-05,100000000.0,0.0,0.0
2018-10-08,100000000.0,0.0,0.0
2018-10-09,100000000.0,0.0,0.0
2018-10-10,100000000.0,0.0,0.0
2018-10-11,100000000.0,0.0,0.0
2018-10-12,100000000.0,0.0,0.0
2018-10-15,100000000.0,0.0,0.0
2018-10-16,100000000.0,0.0,0.0
2018-10-17,100000000.0,0.0,0.0
2018-10-18,100000000.0,0.0,0.0
2018-10-19,100000000.0,0.0,0.0
2018-10-22,100000000.0,0.0,0.0
2018-10-23,100000000.0,0.0,0.0
2018-10-24,100000000.0,0.0,0.0
2018-10-25,100000000.0,0.0,0.0
2018-10-26,100000000.0,0.0,0.0
2018-10-29,100000000.0,0.0,0.0
2018-10-30,100000000.0,0.0,0.0
2018-10-31,100000000.0,0.0,0.0
2018-11-01,100000000.0,0.0,0.0
2018-11-02,100000000.0,0.0,0.0
2018-11-05,100000000.0,0.0,0.0
2018-11-06,100000000.0,0.0,0.0
2018-11-07,100000000.0,0.0,0.0
2018-11-08,100000000.0,0.0,0.0
2018-11-09,100000000.0,0.0,0.0
2018-11-12,100000000.0,0.0,0.0
2018-11-13,100000000.0,0.0,0.0
2018-11-14,100000000.0,0.0,0.0
2018-11-15,100000000.0,0.0,0.0
2018-11-16,100000000.0,0.0,0.0
2018-11-19,100000000.0,0.0,0.0
2018-11-20,100000000.0,0.0,0.0
2018-11-21,100000000.0,0.0,0.0
2018-11-22,100000000.0,0.0,0.0
2018-11-23,100000000.0,0.0,0.0
2018-11-26,100000000.0,0.0,0.0
2018-11-27,100000000.0,0.0,0.0
2018-11-28,100000000.0,0.0,0.0
2018-11-29,100000000.0,0.0,0.0
2018-11-30,100000000.0,0.0,0.0
2018-12-03,100000000.0,0.0,0.0
2018-12-04,100000000.0,0.0,0.0
2018-12-05,100000000.0,0.0,0.0
2018-12-06,100000000.0,0.0,0.0
2018-12-07,100000000.0,0.0,0.0
2018-12-10,100000000.0,0.0,0.0
2018-12-11,100000000.0,0.0,0.0
2018-12-12,100000000.0,0.0,0.0
2018-12-13,100000000.0,0.0,0.0
2018-12-14,100000000.0,0.0,0.0
2018-12-17,100000000.0,0.0,0.0
2018-12-18,100000000.0,0.0,0.0
2018-12-19,100000000.0,0.0,0.0
2018-12-20,100000000.0,0.0,0.0
2018-12-21,100000000.0,0.0,0.0
2018-12-24,100000000.0,0.0,0.0
2018-12-25,100000000.0,0.0,0.0
2018-12-26,100000000.0,0.0,0.0
2018-12-27,100000000.0,0.0,0.0
2018-12-28,100000000.0,0.0,0.0
2019-01-02,100000000.0,0.0,0.0
2019-01-03,100000000.0,0.0,0.0
2019-01-04,100000000.0,0.0,0.0
2019-01-07,100000000.0,0.0,0.0
2019-01-08,100000000.0,0.0,0.0
2019-01-09,100000000.0,0.0,0.0
2019-01-10,100000000.0,0.0,0.0
2019-01-11,100000000.0,0.0,0.0
2019-01-14,100000000.0,0.0,0.0
2019-01-15,100000000.0,0.0,0.0
2019-01-16,100000000.0,0.0,0.0
2019-01-17,100000000.0,0.0,0.0
2019-01-18,100000000.0,0.0,0.0
2019-01-21,100000000.0,0.0,0.0
2019-01-22,100000000.0,0.0,0.0
2019-01-23,100000000.0,0.0,0.0
2019-01-24,100000000.0,0.0,0.0
2019-01-25,100000000.0,0.0,0.0
2019-01-28,100000000.0,0.0,0.0
2019-01-29,100000000.0,0.0,0.0
2019-01-30,100000000.0,0.0,0.0
2019-01-31,100000000.0,0.0,0.0
2019-02-01,100000000.0,0.0,0.0
2019-02-11,100000000.0,0.0,0.0
2019-02-12,100000000.0,0.0,0.0
2019-02-13,100000000.0,0.0,0.0
2019-02-14,100000000.0,0.0,0.0
2019-02-15,100000000.0,0.0,0.0
2019-02-18,100000000.0,0.0,0.0
2019-02-19,100000000.0,0.0,0.0
2019-02-20,100000000.0,0.0,0.0
2019-02-21,100000000.0,0.0,0.0
2019-02-22,100000000.0,0.0,0.0
2019-02-25,100000000.0,0.0,0.0
2019-02-26,100000000.0,0.0,0.0
2019-02-27,100000000.0,0.0,0.0
2019-02-28,100000000.0,0.0,0.0
2019-03-01,100000000.0,0.0,0.0
2019-03-04,100000000.0,0.0,0.0
2019-03-05,100000000.0,0.0,0.0
2019-03-06,100000000.0,0.0,0.0
2019-03-07,100000000.0,0.0,0.0
2019-03-08,100000000.0,0.0,0.0
2019-03-11,100000000.0,0.0,0.0
2019-03-12,100000000.0,0.0,0.0
2019-03-13,100000000.0,0.0,0.0
2019-03-14,100000000.0,0.0,0.0
2019-03-15,100000000.0,0.0,0.0
2019-03-18,100000000.0,0.0,0.0
2019-03-19,100000000.0,0.0,0.0
2019-03-20,100000000.0,0.0,0.0
2019-03-21,100000000.0,0.0,0.0
2019-03-22,100000000.0,0.0,0.0
2019-03-25,100000000.0,0.0,0.0
2019-03-26,100000000.0,0.0,0.0
2019-03-27,100000000.0,0.0,0.0
2019-03-28,100000000.0,0.0,0.0
2019-03-29,100000000.0,0.0,0.0
2019-04-01,100000000.0,0.0,0.0
2019-04-02,100000000.0,0.0,0.0
2019-04-03,100000000.0,0.0,0.0
2019-04-04,100000000.0,0.0,0.0
2019-04-05,100000000.0,0.0,0.0
2019-04-08,100000000.0,0.0,0.0
2019-04-09,100000000.0,0.0,0.0
2019-04-10,100000000.0,0.0,0.0
2019-04-11,100000000.0,0.0,0.0
2019-04-12,100000000.0,0.0,0.0
2019-04-16,100000000.0,0.0,0.0
2019-04-17,100000000.0,0.0,0.0
2019-04-18,100000000.0,0.0,0.0
2019-04-19,100000000.0,0.0,0.0
2019-04-22,100000000.0,0.0,0.0
2019-04-23,100000000.0,0.0,0.0
2019-04-24,100000000.0,0.0,0.0
2019-04-25,100000000.0,0.0,0.0
2019-04-26,100000000.0,0.0,0.0
2019-05-02,100000000.0,0.0,0.0
2019-05-03,100000000.0,0.0,0.0
2019-05-06,100000000.0,0.0,0.0
2019-05-07,100000000.0,0.0,0.0
2019-05-08,100000000.0,0.0,0.0
2019-05-09,100000000.0,0.0,0.0
2019-05-10,100000000.0,0.0,0.0
2019-05-13,100000000.0,0.0,0.0
2019-05-14,100000000.0,0.0,0.0
2019-05-15,100000000.0,0.0,0.0
2019-05-16,100000000.0,0.0,0.0
2019-05-17,100000000.0,0.0,0.0
2019-05-20,100000000.0,0.0,0.0
2019-05-21,100000000.0,0.0,0.0
2019-05-22,100000000.0,0.0,0.0
2019-05-23,100000000.0,0.0,0.0
2019-05-24,100000000.0,0.0,0.0
2019-05-27,100000000.0,0.0,0.0
2019-05-28,100000000.0,0.0,0.0
2019-05-29,100000000.0,0.0,0.0
2019-05-30,100000000.0,0.0,0.0
2019-05-31,100000000.0,0.0,0.0
2019-06-03,100000000.0,0.0,0.0
2019-06-04,100000000.0,0.0,0.0
2019-06-05,100000000.0,0.0,0.0
2019-06-06,100000000.0,0.0,0.0
2019-06-07,100000000.0,0.0,0.0
2019-06-10,100000000.0,0.0,0.0
2019-06-11,100000000.0,0.0,0.0
2019-06-12,100000000.0,0.0,0.0
2019-06-13,100000000.0,0.0,0.0
2019-06-14,100000000.0,0.0,0.0
2019-06-17,100000000.0,0.0,0.0
2019-06-18,100000000.0,0.0,0.0
2019-06-19,100000000.0,0.0,0.0
2019-06-20,100000000.0,0.0,0.0
2019-06-21,100000000.0,0.0,0.0
2019-06-24,100000000.0,0.0,0.0
2019-06-25,100000000.0,0.0,0.0
2019-06-26,100000000.0,0.0,0.0
2019-06-27,100000000.0,0.0,0.0
2019-06-28,100000000.0,0.0,0.0
2019-07-01,100000000.0,0.0,0.0
2019-07-02,100000000.0,0.0,0.0
2019-07-03,100000000.0,0.0,0.0
2019-07-04,100000000.0,0.0,0.0
2019-07-05,100000000.0,0.0,0.0
2019-07-08,100000000.0,0.0,0.0
2019-07-09,100000000.0,0.0,0.0
2019-07-10,100000000.0,0.0,0.0
2019-07-11,100000000.0,0.0,0.0
2019-07-12,100000000.0,0.0,0.0
2019-07-15,100000000.0,0.0,0.0
2019-07-16,100000000.0,0.0,0.0
2019-07-17,100000000.0,0.0,0.0
2019-07-18,100000000.0,0.0,0.0
2019-07-19,100000000.0,0.0,0.0
2019-07-22,100000000.0,0.0,0.0
2019-07-23,100000000.0,0.0,0.0
2019-07-24,100000000.0,0.0,0.0
2019-07-25,100000000.0,0.0,0.0
2019-07-26,100000000.0,0.0,0.0
2019-07-29,100000000.0,0.0,0.0
2019-07-30,100000000.0,0.0,0.0
2019-07-31,100000000.0,0.0,0.0
2019-08-01,100000000.0,0.0,0.0
2019-08-02,100000000.0,0.0,0.0
2019-08-05,100000000.0,0.0,0.0
2019-08-06,100000000.0,0.0,0.0
2019-08-07,100000000.0,0.0,0.0
2019-08-08,100000000.0,0.0,0.0
2019-08-09,100000000.0,0.0,0.0
2019-08-12,100000000.0,0.0,0.0
2019-08-13,100000000.0,0.0,0.0
2019-08-14,100000000.0,0.0,0.0
2019-08-15,100000000.0,0.0,0.0
2019-08-16,100000000.0,0.0,0.0
2019-08-19,100000000.0,0.0,0.0
2019-08-20,100000000.0,0.0,0.0
2019-08-21,100000000.0,0.0,0.0
2019-08-22,100000000.0,0.0,0.0
2019-08-23,100000000.0,0.0,0.0
2019-08-26,100000000.0,0.0,0.0
2019-08-27,100000000.0,0.0,0.0
2019-08-28,100000000.0,0.0,0.0
2019-08-29,100000000.0,0.0,0.0
2019-08-30,100000000.0,0.0,0.0
2019-09-03,100000000.0,0.0,0.0
2019-09-04,100000000.0,0.0,0.0
2019-09-05,100000000.0,0.0,0.0
2019-09-06,100000000.0,0.0,0.0
2019-09-09,100000000.0,0.0,0.0
2019-09-10,100000000.0,0.0,0.0
2019-09-11,100000000.0,0.0,0.0
2019-09-12,100000000.0,0.0,0.0
2019-09-13,100000000.0,0.0,0.0
2019-09-16,100000000.0,0.0,0.0
2019-09-17,100000000.0,0.0,0.0
2019-09-18,100000000.0,0.0,0.0
2019-09-19,100000000.0,0.0,0.0
2019-09-20,100000000.0,0.0,0.0
2019-09-23,100000000.0,0.0,0.0
2019-09-24,100000000.0,0.0,0.0
2019-09-25,100000000.0,0.0,0.0
2019-09-26,100000000.0,0.0,0.0
2019-09-27,100000000.0,0.0,0.0
2019-09-30,100000000.0,0.0,0.0
2019-10-01,100000000.0,0.0,0.0
2019-10-02,100000000.0,0.0,0.0
2019-10-03,100000000.0,0.0,0.0
2019-10-04,100000000.0,0.0,0.0
2019-10-07,100000000.0,0.0,0.0
2019-10-08,100000000.0,0.0,0.0
2019-10-09,100000000.0,0.0,0.0
2019-10-10,100000000.0,0.0,0.0
2019-10-11,100000000.0,0.0,0.0
2019-10-14,100000000.0,0.0,0.0
2019-10-15,100000000.0,0.0,0.0
2019-10-16,100000000.0,0.0,0.0
2019-10-17,100000000.0,0.0,0.0
2019-10-18,100000000.0,0.0,0.0
2019-10-21,100000000.0,0.0,0.0
2019-10-22,100000000.0,0.0,0.0
2019-10-23,100000000.0,0.0,0.0
2019-10-24,100000000.0,0.0,0.0
2019-10-25,100000000.0,0.0,0.0
2019-10-28,100000000.0,0.0,0.0
2019-10-29,100000000.0,0.0,0.0
2019-10-30,100000000.0,0.0,0.0
2019-10-31,100000000.0,0.0,0.0
2019-11-01,100000000.0,0.0,0.0
2019-11-04,100000000.0,0.0,0.0
2019-11-05,100000000.0,0.0,0.0
2019-11-06,100000000.0,0.0,0.0
2019-11-07,100000000.0,0.0,0.0
2019-11-08,100000000.0,0.0,0.0
2019-11-11,100000000.0,0.0,0.0
2019-11-12,100000000.0,0.0,0.0
2019-11-13,100000000.0,0.0,0.0
2019-11-14,100000000.0,0.0,0.0
2019-11-15,100000000.0,0.0,0.0
2019-11-18,100000000.0,0.0,0.0
2019-11-19,100000000.0,0.0,0.0
2019-11-20,100000000.0,0.0,0.0
2019-11-21,100000000.0,0.0,0.0
2019-11-22,100000000.0,0.0,0.0
2019-11-25,100000000.0,0.0,0.0
2019-11-26,100000000.0,0.0,0.0
2019-11-27,100000000.0,0.0,0.0
2019-11-28,100000000.0,0.0,0.0
2019-11-29,100000000.0,0.0,0.0
2019-12-02,100000000.0,0.0,0.0
2019-12-03,100000000.0,0.0,0.0
2019-12-04,100000000.0,0.0,0.0
2019-12-05,100000000.0,0.0,0.0
2019-12-06,100000000.0,0.0,0.0
2019-12-09,100000000.0,0.0,0.0
2019-12-10,100000000.0,0.0,0.0
2019-12-11,100000000.0,0.0,0.0
2019-12-12,100000000.0,0.0,0.0
2019-12-13,100000000.0,0.0,0.0
2019-12-16,100000000.0,0.0,0.0
2019-12-17,100000000.0,0.0,0.0
2019-12-18,100000000.0,0.0,0.0
2019-12-19,100000000.0,0.0,0.0
2019-12-20,100000000.0,0.0,0.0
2019-12-23,100000000.0,0.0,0.0
2019-12-24,100000000.0,0.0,0.0
2019-12-25,100000000.0,0.0,0.0
2019-12-26,100000000.0,0.0,0.0
2019-12-27,100000000.0,0.0,0.0
2019-12-30,100000000.0,0.0,0.0
2019-12-31,100000000.0,0.0,0.0
2020-01-02,100000000.0,0.0,0.0
2020-01-03,100000000.0,0.0,0.0
2020-01-06,100000000.0,0.0,0.0
2020-01-07,100000000.0,0.0,0.0
2020-01-08,100000000.0,0.0,0.0
2020-01-09,100000000.0,0.0,0.0
2020-01-10,100000000.0,0.0,0.0
2020-01-13,100000000.0,0.0,0.0
2020-01-14,100000000.0,0.0,0.0
2020-01-15,100000000.0,0.0,0.0
2020-01-16,100000000.0,0.0,0.0
2020-01-17,100000000.0,0.0,0.0
2020-01-20,100000000.0,0.0,0.0
2020-01-21,100000000.0,0.0,0.0
2020-01-22,100000000.0,0.0,0.0
2020-01-30,100000000.0,0.0,0.0
2020-01-31,100000000.0,0.0,0.0
2020-02-03,100000000.0,0.0,0.0
2020-02-04,100000000.0,0.0,0.0
2020-02-05,100000000.0,0.0,0.0
2020-02-06,100000000.0,0.0,0.0
2020-02-07,100000000.0,0.0,0.0
2020-02-10,100000000.0,0.0,0.0
2020-02-11,100000000.0,0.0,0.0
2020-02-12,100000000.0,0.0,0.0
2020-02-13,100000000.0,0.0,0.0
2020-02-14,100000000.0,0.0,0.0
2020-02-17,100000000.0,0.0,0.0
2020-02-18,100000000.0,0.0,0.0
2020-02-19,100000000.0,0.0,0.0
2020-02-20,100000000.0,0.0,0.0
2020-02-21,100000000.0,0.0,0.0
2020-02-24,100000000.0,0.0,0.0
2020-02-25,100000000.0,0.0,0.0
2020-02-26,100000000.0,0.0,0.0
2020-02-27,100000000.0,0.0,0.0
2020-02-28,100000000.0,0.0,0.0
2020-03-02,100000000.0,0.0,0.0
2020-03-03,100000000.0,0.0,0.0
2020-03-04,100000000.0,0.0,0.0
2020-03-05,100000000.0,0.0,0.0
2020-03-06,100000000.0,0.0,0.0
2020-03-09,100000000.0,0.0,0.0
2020-03-10,100000000.0,0.0,0.0
2020-03-11,100000000.0,0.0,0.0
2020-03-12,100000000.0,0.0,0.0
2020-03-13,100000000.0,0.0,0.0
2020-03-16,100000000.0,0.0,0.0
2020-03-17,100000000.0,0.0,0.0
2020-03-18,100000000.0,0.0,0.0
2020-03-19,100000000.0,0.0,0.0
2020-03-20,100000000.0,0.0,0.0
2020-03-23,100000000.0,0.0,0.0
2020-03-24,100000000.0,0.0,0.0
2020-03-25,100000000.0,0.0,0.0
2020-03-26,100000000.0,0.0,0.0
2020-03-27,100000000.0,0.0,0.0
2020-03-30,100000000.0,0.0,0.0
2020-03-31,100000000.0,0.0,0.0
2020-04-01,100000000.0,0.0,0.0
2020-04-03,100000000.0,0.0,0.0
2020-04-06,100000000.0,0.0,0.0
2020-04-07,100000000.0,0.0,0.0
2020-04-08,100000000.0,0.0,0.0
2020-04-09,100000000.0,0.0,0.0
2020-04-10,100000000.0,0.0,0.0
2020-04-13,100000000.0,0.0,0.0
2020-04-14,100000000.0,0.0,0.0
2020-04-15,100000000.0,0.0,0.0
2020-04-16,100000000.0,0.0,0.0
2020-04-17,100000000.0,0.0,0.0
2020-04-20,100000000.0,0.0,0.0
2020-04-21,100000000.0,0.0,0.0
2020-04-22,100000000.0,0.0,0.0
2020-04-23,100000000.0,0.0,0.0
2020-04-24,100000000.0,0.0,0.0
2020-04-27,100000000.0,0.0,0.0
2020-04-28,100000000.0,0.0,0.0
2020-04-29,100000000.0,0.0,0.0
2020-05-04,100000000.0,0.0,0.0
2020-05-05,100000000.0,0.0,0.0
2020-05-06,100000000.0,0.0,0.0
2020-05-07,100000000.0,0.0,0.0
2020-05-08,100000000.0,0.0,0.0
2020-05-11,100000000.0,0.0,0.0
2020-05-12,100000000.0,0.0,0.0
2020-05-13,100000000.0,0.0,0.0
2020-05-14,100000000.0,0.0,0.0
2020-05-15,100000000.0,0.0,0.0
2020-05-18,100000000.0,0.0,0.0
2020-05-19,100000000.0,0.0,0.0
2020-05-20,100000000.0,0.0,0.0
2020-05-21,100000000.0,0.0,0.0
2020-05-22,100000000.0,0.0,0.0
2020-05-25,100000000.0,0.0,0.0
2020-05-26,100000000.0,0.0,0.0
2020-05-27,100000000.0,0.0,0.0
2020-05-28,100000000.0,0.0,0.0
2020-05-29,100000000.0,0.0,0.0
2020-06-01,100000000.0,0.0,0.0
2020-06-02,100000000.0,0.0,0.0
2020-06-03,100000000.0,0.0,0.0
2020-06-04,100000000.0,0.0,0.0
2020-06-05,100000000.0,0.0,0.0
2020-06-08,100000000.0,0.0,0.0
2020-06-09,100000000.0,0.0,0.0
2020-06-10,100000000.0,0.0,0.0
2020-06-11,100000000.0,0.0,0.0
2020-06-12,100000000.0,0.0,0.0
2020-06-15,100000000.0,0.0,0.0
2020-06-16,100000000.0,0.0,0.0
2020-06-17,100000000.0,0.0,0.0
2020-06-18,100000000.0,0.0,0.0
2020-06-19,100000000.0,0.0,0.0
2020-06-22,100000000.0,0.0,0.0
2020-06-23,100000000.0,0.0,0.0
2020-06-24,100000000.0,0.0,0.0
2020-06-25,100000000.0,0.0,0.0
2020-06-26,100000000.0,0.0,0.0
2020-06-29,100000000.0,0.0,0.0
2020-06-30,100000000.0,0.0,0.0
2020-07-01,100000000.0,0.0,0.0
2020-07-02,100000000.0,0.0,0.0
2020-07-03,100000000.0,0.0,0.0
2020-07-06,100000000.0,0.0,0.0
2020-07-07,100000000.0,0.0,0.0
2020-07-08,100000000.0,0.0,0.0
2020-07-09,100000000.0,0.0,0.0
2020-07-10,100000000.0,0.0,0.0
2020-07-13,100000000.0,0.0,0.0
2020-07-14,100000000.0,0.0,0.0
2020-07-15,100000000.0,0.0,0.0
2020-07-16,100000000.0,0.0,0.0
2020-07-17,100000000.0,0.0,0.0
2020-07-20,100000000.0,0.0,0.0
2020-07-21,100000000.0,0.0,0.0
2020-07-22,100000000.0,0.0,0.0
2020-07-23,100000000.0,0.0,0.0
2020-07-24,100000000.0,0.0,0.0
2020-07-27,100000000.0,0.0,0.0
2020-07-28,100000000.0,0.0,0.0
2020-07-29,100000000.0,0.0,0.0
2020-07-30,100000000.0,0.0,0.0
2020-07-31,100000000.0,0.0,0.0
2020-08-03,100000000.0,0.0,0.0
2020-08-04,100000000.0,0.0,0.0
2020-08-05,100000000.0,0.0,0.0
2020-08-06,100000000.0,0.0,0.0
2020-08-07,100000000.0,0.0,0.0
2020-08-10,100000000.0,0.0,0.0
2020-08-11,100000000.0,0.0,0.0
2020-08-12,100000000.0,0.0,0.0
2020-08-13,100000000.0,0.0,0.0
2020-08-14,100000000.0,0.0,0.0
2020-08-17,100000000.0,0.0,0.0
2020-08-18,100000000.0,0.0,0.0
2020-08-19,100000000.0,0.0,0.0
2020-08-20,100000000.0,0.0,0.0
2020-08-21,100000000.0,0.0,0.0
2020-08-24,100000000.0,0.0,0.0
2020-08-25,100000000.0,0.0,0.0
2020-08-26,100000000.0,0.0,0.0
2020-08-27,100000000.0,0.0,0.0
2020-08-28,100000000.0,0.0,0.0
2020-08-31,100000000.0,0.0,0.0
2020-09-01,100000000.0,0.0,0.0
2020-09-03,100000000.0,0.0,0.0
2020-09-04,100000000.0,0.0,0.0
2020-09-07,100000000.0,0.0,0.0
2020-09-08,100000000.0,0.0,0.0
2020-09-09,100000000.0,0.0,0.0
2020-09-10,100000000.0,0.0,0.0
2020-09-11,100000000.0,0.0,0.0
2020-09-14,100000000.0,0.0,0.0
2020-09-15,100000000.0,0.0,0.0
2020-09-16,100000000.0,0.0,0.0
2020-09-17,100000000.0,0.0,0.0
2020-09-18,100000000.0,0.0,0.0
2020-09-21,100000000.0,0.0,0.0
2020-09-22,100000000.0,0.0,0.0
2020-09-23,100000000.0,0.0,0.0
2020-09-24,100000000.0,0.0,0.0
2020-09-25,100000000.0,0.0,0.0
2020-09-28,100000000.0,0.0,0.0
2020-09-29,100000000.0,0.0,0.0
2020-09-30,100000000.0,0.0,0.0
2020-10-01,100000000.0,0.0,0.0
2020-10-02,100000000.0,0.0,0.0
2020-10-05,100000000.0,0.0,0.0
2020-10-06,100000000.0,0.0,0.0
2020-10-07,100000000.0,0.0,0.0
2020-10-08,100000000.0,0.0,0.0
2020-10-09,100000000.0,0.0,0.0
2020-10-12,100000000.0,0.0,0.0
2020-10-13,100000000.0,0.0,0.0
2020-10-14,100000000.0,0.0,0.0
2020-10-15,100000000.0,0.0,0.0
2020-10-16,100000000.0,0.0,0.0
2020-10-19,100000000.0,0.0,0.0
2020-10-20,100000000.0,0.0,0.0
2020-10-21,100000000.0,0.0,0.0
2020-10-22,100000000.0,0.0,0.0
2020-10-23,100000000.0,0.0,0.0
2020-10-26,100000000.0,0.0,0.0
2020-10-27,100000000.0,0.0,0.0
2020-10-28,100000000.0,0.0,0.0
2020-10-29,100000000.0,0.0,0.0
2020-10-30,100000000.0,0.0,0.0
2020-11-02,100000000.0,0.0,0.0
2020-11-03,100000000.0,0.0,0.0
2020-11-04,100000000.0,0.0,0.0
2020-11-05,100000000.0,0.0,0.0
2020-11-06,100000000.0,0.0,0.0
2020-11-09,100000000.0,0.0,0.0
2020-11-10,100000000.0,0.0,0.0
2020-11-11,100000000.0,0.0,0.0
2020-11-12,100000000.0,0.0,0.0
2020-11-13,100000000.0,0.0,0.0
2020-11-16,100000000.0,0.0,0.0
2020-11-17,100000000.0,0.0,0.0
2020-11-18,100000000.0,0.0,0.0
2020-11-19,100000000.0,0.0,0.0
2020-11-20,100000000.0,0.0,0.0
2020-11-23,100000000.0,0.0,0.0
2020-11-24,100000000.0,0.0,0.0
2020-11-25,100000000.0,0.0,0.0
2020-11-26,100000000.0,0.0,0.0
2020-11-27,100000000.0,0.0,0.0
2020-11-30,100000000.0,0.0,0.0
2020-12-01,100000000.0,0.0,0.0
2020-12-02,100000000.0,0.0,0.0
2020-12-03,100000000.0,0.0,0.0
2020-12-04,100000000.0,0.0,0.0
2020-12-07,100000000.0,0.0,0.0
2020-12-08,100000000.0,0.0,0.0
2020-12-09,100000000.0,0.0,0.0
2020-12-10,100000000.0,0.0,0.0
2020-12-11,100000000.0,0.0,0.0
2020-12-14,100000000.0,0.0,0.0
2020-12-15,100000000.0,0.0,0.0
2020-12-16,100000000.0,0.0,0.0
2020-12-17,100000000.0,0.0,0.0
2020-12-18,100000000.0,0.0,0.0
2020-12-21,100000000.0,0.0,0.0
2020-12-22,100000000.0,0.0,0.0
2020-12-23,100000000.0,0.0,0.0
2020-12-24,100000000.0,0.0,0.0
2020-12-25,100000000.0,0.0,0.0
2020-12-28,100000000.0,0.0,0.0
2020-12-29,100000000.0,0.0,0.0
2020-12-30,100000000.0,0.0,0.0
2020-12-31,100000000.0,0.0,0.0
2021-01-04,100000000.0,0.0,0.0
2021-01-05,99840255.59105432,-0.0015974440894567967,-0.0015974440894568342
2021-01-06,100803955.26192711,0.00965241590346189,0.0
2021-01-07,103241535.29373732,0.024181392738771477,0.0
2021-01-08,103761511.0560646,0.005036497770474609,0.0
2021-01-11,101613573.21588235,-0.020700718583615094,-0.020700718583615108
2021-01-12,103139448.46456407,0.01501645105462375,-0.0059951188563976965
2021-01-13,101392441.42184511,-0.016938301190539972,-0.02283187291807498
2021-01-14,105007314.29781552,0.03565229148522683,0.0
2021-01-15,107652406.70502037,0.025189601551973775,0.0
2021-01-18,105845597.33053154,-0.016783734147622825,-0.016783734147622797
2021-01-19,100667184.27100244,-0.04892421782417741,-0.06488682090645881
2021-01-20,100015151.10853243,-0.006477117316748408,-0.07094365867188523
2021-01-21,102677855.01020622,0.02662300533630484,-0.04620938673897901
2021-01-22,101549906.52977523,-0.010985314022374853,-0.056687076137244885
2021-01-25,101763798.39759532,0.002106273409098307,-0.054700201209253896
2021-01-26,96601751.40686077,-0.05072576959604258,-0.1026512610018987
2021-01-27,91353513.06415981,-0.054328604463875406,-0.15140296570908396
2021-01-28,84010380.53417477,-0.08038150130939987,-0.21961446933209205
2021-01-29,88943834.5249573,0.05872433810457076,-0.173786845577235
2021-02-01,83509944.62629217,-0.06109349712306817,-0.2242630965500032
2021-02-02,86217669.10115328,0.03242397641356618,-0.19911062148940772
2021-02-03,91979623.95604238,0.06683032509414037,-0.14558692395910078
2021-02-04,92431954.17672272,0.004917722004348621,-0.14138515797425122
2021-02-05,93803910.28688055,0.014842876820874725,-0.1286408436374883
2021-02-08,89931290.05547905,-0.041284208937110045,-0.16461421710802215
2021-02-09,92585707.8195255,0.029516064568949497,-0.13995691640020003
2021-02-17,98046237.48685957,0.05897810575664793,-0.08923320446037752
2021-02-18,100195494.24086347,0.021920848867779823,-0.06926842318156123
2021-02-19,100464230.01147577,0.0026821143270801787,-0.06677209468471057
2021-02-22,100529407.57310234,0.0006487638597252312,-0.06616665014685497
2021-02-23,99260860.06607759,-0.012618670871031402,-0.0779503858370445
2021-02-24,97471725.27012369,-0.0180245747897296,-0.09456993806736602
2021-02-25,96694909.33839105,-0.00796965406716509,-0.10178590244298102
2021-02-26,98245763.88836922,0.016038636993296468,-0.08737977259000262
2021-03-01,100126612.66034378,0.019144324371192834,-0.06990827492875384
2021-03-02,100555896.44180854,0.004287409411531785,-0.06592059091309554
2021-03-03,101543527.56718948,0.009821712702372337,-0.05674633131584228
2021-03-04,100943505.57501084,-0.005909012682089709,-0.062320029206524574
2021-03-05,103512046.35178286,0.025445329663762735,-0.03846045323057723
2021-03-08,104602515.60538399,0.01053470868400383,-0.028330914217212233
2021-03-09,104375354.5823547,-0.0021716592733416573,-0.030441048397971793
2021-03-10,103280086.15517929,-0.01049355407277883,-0.04061516768335449
2021-03-11,103829731.54181635,0.0053218912483401154,-0.03550942594045825
2021-03-12,105239389.37790093,0.013576629883867602,-0.022414894389972906
2021-03-15,106937213.01045321,0.01613296734795389,-0.006643545801320205
2021-03-16,105483667.32525213,-0.013592515124356132,-0.020145758428892546
2021-03-17,106705647.51921421,0.011584544081067873,-0.008794593774390735
2021-03-18,105903973.94661656,-0.007512944171519107,-0.016241464653871662
2021-03-19,105256429.36672604,-0.006114450249212837,-0.022256607275484064
2021-03-22,105611435.28928597,0.003372771855323427,-0.01895890187877436
2021-03-23,104166226.481496,-0.013684207622321552,-0.03238367195149561
2021-03-24,103632468.07333955,-0.005124102371619183,-0.03734183707286631
2021-03-25,102522210.7283595,-0.010713412173049178,-0.04765519075405511
2021-03-26,102161870.94806197,-0.003514748440728426,-0.05100244318738811
2021-03-29,104158336.42209966,0.019542178070061717,-0.03245696394410247
2021-03-30,105311252.72969517,0.011068881735239464,-0.021747344504245203
2021-03-31,105623255.67031881,0.00296267428728121,-0.018849100515343387
2021-04-01,107739212.69790412,0.020033060088488805,0.0
2021-04-02,108034916.8462041,0.0027446288207907945,0.0
2021-04-05,106162229.50455838,-0.017334093423810655,-0.017334093423810648
2021-04-06,106106125.96183431,-0.0005284698991901255,-0.017853402776396576
2021-04-07,106275498.06241922,0.0015962518568044919,-0.016285649446924122
2021-04-08,107454061.11130902,0.011089696782202712,-0.005376555578989084
2021-04-09,108379326.41814542,0.008610798859225404,0.0
2021-04-12,109983090.85088453,0.014797696993903797,0.0
2021-04-13,109051809.39109153,-0.008467496708704397,-0.008467496708704392
2021-04-14,108984897.17697793,-0.0006135818789913556,-0.009075883085154834
2021-04-15,108923455.28848773,-0.0005637651645477635,-0.009634531582981665
2021-04-16,108774525.40199697,-0.0013672894060908736,-0.010988647796106532
2021-04-19,110510728.37086216,0.015961485122079067,0.0
2021-04-20,111898445.8872388,0.012557310379130007,0.0
2021-04-22,109466782.50015396,-0.021730984445800558,-0.021730984445800572
2021-04-23,111685936.02728482,0.020272392011957928,-0.0018991314693336259
2021-04-26,111102061.35039291,-0.00522782632854747,-0.007117029468384328
2021-04-27,111362121.23808673,0.002340729636632459,-0.004792958873553355
2021-04-28,112119029.79428571,0.006796822364587966,0.0
2021-04-29,111907583.9223602,-0.0018859052946986392,-0.0018859052946986754
2021-05-04,110660614.4833585,-0.011142850156311328,-0.013007741090902192
2021-05-05,110638746.54181829,-0.0001976126885098764,-0.013202783284723574
2021-05-06,111039962.85806704,0.003626363537091379,-0.00962429783952412
2021-05-07,110054937.52243365,-0.00887090836739973,-0.018409829942688805
2021-05-10,112474602.62083231,0.02198597494006509,0.0
2021-05-11,110494974.74249756,-0.017600665681019114,-0.017600665681019145
2021-05-12,112039571.66871014,0.013978888450014826,-0.003867814973205208
2021-05-13,114005860.32501462,0.01754994799621868,0.0
2021-05-14,116016611.68480857,0.017637263155258667,0.0
2021-05-17,116645495.24702923,0.005420633761734054,0.0
2021-05-18,117267008.86194275,0.005328226465988211,0.0
2021-05-19,118891769.35329041,0.013855222428845862,0.0
2021-05-20,120875399.2471005,0.016684333193121875,0.0
2021-05-21,121240852.06192772,0.0030233845522209097,0.0
2021-05-24,119649933.81770536,-0.013121965221835825,-0.01312196522183584
2021-05-25,123147370.91462785,0.02923058112385641,0.0
2021-05-26,125671545.64123124,0.02049718729564497,0.0
2021-05-27,126317485.90486746,0.005139908643124794,0.0
2021-05-28,130800836.69093753,0.03549271705301823,0.0
2021-05-31,137870024.4344383,0.05404543214202956,0.0
2021-06-01,137445127.9578141,-0.0030818626337898634,-0.0030818626337898447
2021-06-02,143316779.3122216,0.04271996717271542,0.0
2021-06-03,151503360.30715373,0.05712227859305529,0.0
2021-06-04,152172278.1246972,0.004415201195454222,0.0
2021-06-07,145929818.87647983,-0.0410223157933011,-0.04102231579330107
2021-06-08,137003414.342085,-0.0611691606494109,-0.09968217581774075
2021-06-09,144007794.36051223,0.0511255872860068,-0.05365289831236286
2021-06-10,145296915.36239052,0.00895174464412029,-0.04518144071335184
2021-06-11,149829918.7924422,0.031198208294689184,-0.015392812417091895
2021-06-14,156927762.28666967,0.04737267130245219,0.0
2021-06-15,160399166.40903276,0.022121032453274018,0.0
2021-06-16,158273269.57239318,-0.013253789805979096,-0.013253789805979133
2021-06-17,163667287.0512116,0.03408040721842312,0.0
2021-06-18,166042162.55258334,0.014510385943091005,0.0
2021-06-21,162427849.79165718,-0.02176743969942907,-0.02176743969942907
2021-06-22,160987610.211215,-0.008866949739774033,-0.030441378645424733
2021-06-23,160137898.23219645,-0.005278120334252562,-0.035558825720046205
2021-06-24,156018587.79693094,-0.0257235200457833,-0.060367647599615326
2021-06-25,163266023.67534617,0.046452387377382685,-0.016719481573591266
2021-06-28,164723666.52712706,0.00892802322839324,-0.00794073026505382
2021-06-29,164254557.7274307,-0.0028478530716720186,-0.010765969303649148
2021-06-30,162054038.21410316,-0.013397007326756508,-0.02401874486076505
2021-07-01,170066126.26871592,0.04944084172729664,0.0
2021-07-02,175246670.55056846,0.03046194086685396,0.0
2021-07-05,174198395.42267412,-0.005981712089599191,-0.005981712089599189
2021-07-06,166037632.87761718,-0.04684751845879927,-0.05254900218086578
2021-07-07,167882980.6928871,0.011114033507271717,-0.0420190000446059
2021-07-08,165664753.44559807,-0.013212937000129247,-0.054676742644337306
2021-07-09,161197357.80962598,-0.026966482266483505,-0.08016878549991324
2021-07-12,153433513.6910255,-0.04816359414382948,-0.12447116279592119
2021-07-13,155799803.780036,0.015422250537621064,-0.11096853771564774
2021-07-14,153617919.7292296,-0.01400440820764363,-0.12341889722291621
2021-07-15,154068562.11169577,0.002933527437817669,-0.12084742250644709
2021-07-16,154407546.5738357,0.0022002182501981112,-0.1189130949607371
2021-07-19,152666260.55771324,-0.011277207978236996,-0.12884929523576605
2021-07-20,153660112.30544484,0.006509963263008497,-0.12317813615120687
2021-07-21,153803053.694828,0.0009302439471020874,-0.1223624779196748
2021-07-22,154945301.38552195,0.007426690584182826,-0.11584453559811525
2021-07-23,155303376.7851889,0.002310979400246747,-0.11380127053326694
2021-07-26,155757274.26315296,0.002922650410826941,-0.11121122145251672
2021-07-27,154372040.3874716,-0.008893542097693675,-0.11911570187048648
2021-07-28,151258212.31998193,-0.020170932894803945,-0.13688395993614333
2021-07-29,155263876.1245082,0.026482289742076386,-0.11402667088213869
2021-07-30,155374786.47540522,0.0007143345488043442,-0.11339378952383061
2021-08-02,155445801.7940433,0.00045705818974256523,-0.11298855889425585
2021-08-03,158670789.04831573,0.020746698959070973,-0.09458599955238323
2021-08-04,157764835.34881663,-0.00570964387920977,-0.09975559105818987
2021-08-05,158433363.16277328,0.004237495716193911,-0.0959408092317714
2021-08-06,158238927.471546,-0.001227239562083431,-0.0970503064371473
2021-08-09,163478837.64121774,0.03311391358244619,-0.06715010831521073
2021-08-10,165008560.29192668,0.00935731298791212,-0.05842113990797626
2021-08-11,164344369.0712745,-0.004025192508056138,-0.06221117608136273
2021-08-12,163761901.21274328,-0.0035441911507086464,-0.06553487893232857
2021-08-13,168968666.71256787,0.031794730405947526,-0.03582381233422083
2021-08-16,172731511.63136682,0.022269483401913318,-0.014352106726477687
2021-08-17,172943311.61947957,0.0012261803657734349,-0.013143524632179826
2021-08-18,174166148.895932,0.007070740492948252,-0.006165718591068403
2021-08-19,175855683.6889514,0.009700707076143409,0.0
2021-08-20,172740649.2791176,-0.017713583914316777,-0.017713583914316766
2021-08-23,174581648.09288275,0.010657588827227444,-0.007244779181104666
2021-08-24,168795475.97192964,-0.03314307193316615,-0.040147736876731566
2021-08-25,172382806.82099953,0.02125252959781019,-0.019748448245179295
2021-08-26,172395280.85070676,7.236237730005219e-05,-0.019677514912542216
2021-08-27,174051145.70657393,0.009605047468214318,-0.01026147090911933
2021-08-30,178250593.5950777,0.02412766587347518,0.0
2021-08-31,177929654.3141542,-0.0018004948788700602,-0.0018004948788700181
2021-09-01,180681170.24482268,0.01546406607304689,0.0
2021-09-06,184658216.28327024,0.022011402920728642,0.0
2021-09-07,181794603.78384787,-0.015507636524710709,-0.015507636524710655
2021-09-08,181215387.02231258,-0.0031861053600027115,-0.018644332920861095
2021-09-09,183095737.74755538,0.01037633037757037,-0.008461462301346923
2021-09-10,184501273.7624727,0.007676508651748122,-0.0008499081381615481
2021-09-13,187266980.7673004,0.014990178378867371,0.0
2021-09-14,189171716.04065105,0.010171228614602896,0.0
2021-09-15,192335752.33072245,0.016725736575712403,0.0
2021-09-16,188641007.64255488,-0.01920986942570322,-0.01920986942570324
2021-09-17,195711159.501459,0.03747940040853128,0.0
2021-09-20,196385775.96915257,0.0034470005155149983,0.0
2021-09-21,200736437.9407001,0.02215365114951567,0.0
2021-09-22,199830899.02709568,-0.00451108390132909,-0.004511083901329038
2021-09-23,197657515.1251623,-0.010876115318075391,-0.015338136150684134
2021-09-24,194109779.79295683,-0.01794890181614875,-0.0330117352670215
2021-09-27,186508656.41439518,-0.03915888929794896,-0.07087792167811602
2021-09-28,191498957.12971273,0.026756402685298546,-0.046017957206734184
2021-09-29,191819480.85798493,0.0016737622652174097,-0.04442121806181176
2021-09-30,194081847.74632943,0.011794249876108557,-0.033150883131325304
2021-10-01,195571608.7024297,0.0076759417400407565,-0.025729405638831526
2021-10-04,196594807.72238427,0.0052318382343083435,-0.020632179492690472
2021-10-05,197768432.64669514,0.005969765620504911,-0.01478558314799705
2021-10-06,200723955.05708426,0.014944358767655503,-6.218543949421118e-05
2021-10-07,202572008.43963367,0.009206939859389647,0.0
2021-10-08,200690534.83360016,-0.009287924923715125,-0.009287924923715107
2021-10-11,201368701.12929624,0.0033791643251056764,-0.005940146023165949
2021-10-12,205834276.06865323,0.022176112346723113,0.0
2021-10-13,206787390.72032434,0.004630495318249197,0.0
2021-10-14,206443486.47499195,-0.0016630813132968705,-0.0016630813132968436
2021-10-15,207331816.32965842,0.004303017110564453,0.0
2021-10-18,206224399.9294821,-0.005341275737514015,-0.005341275737513973
2021-10-19,209946627.1895267,0.01804940279286743,0.0
2021-10-20,214998217.4908829,0.024061307242606647,0.0
2021-10-21,218354342.27200603,0.015610012121451423,0.0
2021-10-22,216847409.38806275,-0.006901318601056668,-0.006901318601056694
2021-10-25,216163406.80624044,-0.003154303681803448,-0.010033853428187522
2021-10-26,218124623.5858305,0.009072843588868954,-0.0010520454220661613
2021-10-27,222073088.6045094,0.018101876595904867,0.0
2021-10-28,229474669.3097808,0.03332948063082461,0.0
2021-10-29,231407478.57095963,0.008422756494180249,0.0
2021-11-01,233957167.94897118,0.011018180543502653,0.0
2021-11-02,236528135.28304848,0.010989051357631653,0.0
2021-11-03,225801717.74809584,-0.045349436007333974,-0.04534943600733399
2021-11-04,230910607.58782437,0.022625557903983736,-0.023749934393647143
2021-11-05,234585931.168743,0.01591665112015597,-0.008211302693361455
2021-11-08,237363822.8770634,0.01184168076269748,0.0
2021-11-09,239179242.36061263,0.007648256846998491,0.0
2021-11-10,240049275.33721483,0.0036375772747471134,0.0
2021-11-11,241543160.5918265,0.00622324417565144,0.0
2021-11-12,243253780.69950438,0.007082047380213679,0.0
2021-11-15,249002914.3410488,0.023634303339549884,0.0
2021-11-16,245290700.75919878,-0.014908313790920372,-0.014908313790920391
2021-11-17,251585334.90394822,0.02566193551270767,0.0
2021-11-18,263742815.12262958,0.04832348524337844,0.0
2021-11-19,257035498.85724002,-0.025431275776255497,-0.02543127577625548
2021-11-22,247331947.38260642,-0.037751795054670835,-0.06222299451984237
2021-11-23,250855344.6186855,0.014245621212162418,-0.04886377851829604
2021-11-24,248666601.23193404,-0.008725121603761276,-0.05716255771246592
2021-11-25,257840252.35287315,0.03689136810287901,-0.02237999456785955
2021-11-26,251850842.6619549,-0.023229149197082286,-0.045089275532095185
2021-11-29,258065361.62143636,0.024675394744749155,-0.02152647645985517
2021-11-30,256157285.5133829,-0.007393770694621383,-0.028761085323669278
2021-12-01,251477654.38779405,-0.018268584929021576,-0.046504245922804555
2021-12-02,250760279.6713626,-0.002852638013416504,-0.049224224156516394
2021-12-03,238252000.6653425,-0.0498814207035221,-0.09665027062608278
2021-12-06,228137045.12540457,-0.0424548608687059,-0.13500185770243556
2021-12-07,231613470.49555272,0.015238320318548867,-0.12182073893515555
2021-12-08,231465714.3362659,-0.0006379428578600913,-0.12238096712267277
2021-12-09,235980775.3799675,0.019506392368514175,-0.10526178591729163
2021-12-10,238184257.92993724,0.009337551105261717,-0.09690712211746377
2021-12-13,242516757.92795175,0.018189699166806104,-0.08048013434909529
2021-12-14,242469475.57442075,-0.00019496530439785074,-0.08065940881960176
2021-12-15,241683456.57047373,-0.0032417235286417243,-0.08363965684486663
2021-12-16,246418440.89856148,0.019591677458101267,-0.06568662056637631
2021-12-17,242344078.72222775,-0.016534323330172122,-0.08113486007363768
2021-12-20,241543432.48123246,-0.0033037582152480823,-0.08417056832837444
2021-12-21,243883560.75094426,0.00968822975509225,-0.07529780237786421
2021-12-22,248631857.44477892,0.0194695234037675,-0.057294291299744726
2021-12-23,243797477.123596,-0.019443929554589044,-0.07562419469042148
2021-12-24,247855119.01801908,0.01664349419155801,-0.060239351343934766
2021-12-27,256686590.08652818,0.03563158632147135,-0.026754188669824264
2021-12-28,257737607.39432183,0.004094554793218269,-0.022769180368062636
2021-12-29,260558260.3300889,0.01094389353685459,-0.012074470317077535
2021-12-30,260161634.63825762,-0.0015222149983993001,-0.013578305375662514
2021-12-31,253671423.15086782,-0.02494684312855788,-0.03818641265006206
2022-01-04,253272386.87087518,-0.0015730438810812298,-0.03969938762838365
2022-01-05,260305172.37433457,0.027767675704200988,-0.013034071645502965
2022-01-06,257091593.7213878,-0.012345427575005886,-0.02521858803300192
2022-01-07,261799436.6740687,0.018311928774236052,-0.007368460246612973
2022-01-10,260938528.13728642,-0.0032884277663823482,-0.010632657363724873
2022-01-11,259731678.94041777,-0.004625032590946876,-0.015208513567836146
2022-01-12,255334412.45819122,-0.016930035258561123,-0.03188106815546354
2022-01-13,246956162.10742882,-0.032812852251688805,-0.06364781162814104
2022-01-14,249588930.59033626,0.010660873818415429,-0.05366547909831154
2022-01-17,246418767.3910651,-0.012701537651421456,-0.06568538264638424
2022-01-18,234501068.42094874,-0.04836360110187156,-0.11087220210372228
2022-01-19,229317747.84685284,-0.022103611761765694,-0.13052513775501529
2022-01-20,233904945.69493133,0.02000367564721591,-0.1131324446272588
2022-01-21,236557918.23464903,0.011342096815592015,-0.10307350695161377
2022-01-24,224357689.87727803,-0.051573958920577,-0.14933155705886847
2022-01-25,225134147.03270903,0.003460800277698164,-0.14638756347530868
2022-01-26,225280976.58447772,0.0006521869458894565,-0.1458308485873584
2022-01-27,224402487.91033626,-0.003899524440369441,-0.14916170206950163
2022-01-28,224474658.36798528,0.0003216116644743228,-0.14888806254830567
2022-02-07,226744294.82922325,0.010110880567717856,-0.1402825713989727
2022-02-08,229967079.05872235,0.014213297988054794,-0.1280631514007421
2022-02-09,233406374.6611685,0.014955599803778483,-0.1150228128389238
2022-02-10,233334204.20351946,-0.0003092051695408525,-0.11529645236011965
2022-02-11,234359522.42942962,0.004394204567693173,-0.11140888399002613
2022-02-14,233187374.6517508,-0.005001494138271147,-0.11585316724806993
2022-02-15,232674715.5387957,-0.0021984857187088893,-0.11779695143311675
2022-02-16,233406374.6611685,0.0031445579322123677,-0.1150228128389238
2022-02-17,233627863.30705684,0.0009489400030735627,-0.11418302258421908
2022-02-18,234578522.4388473,0.0040691170921723875,-0.1105785295808801
2022-02-21,233846863.31647456,-0.0031190371342009115,-0.11335266817507283
2022-02-22,232455715.52937803,-0.005948969198760784,-0.11862730584226278
2022-02-23,233318093.19492185,0.003709857869400661,-0.11535753841696683
2022-02-24,239800371.63938296,0.027783007977206432,-0.09077950984982996
2022-02-25,239920553.39112204,0.0005011741679859307,-0.0903238320271631
2022-02-28,237798334.0423434,-0.008845508726878275,-0.09837038050960012
2022-03-01,239519947.55199176,0.007239804755494186,-0.09184275810271902
2022-03-02,241068626.26375818,0.006465760900478886,-0.08597083051657284
2022-03-03,241691350.19191116,0.0025831811372735132,-0.08360972760704555
2022-03-04,242848545.77177504,0.004787906472221796,-0.07922213669077416
2022-03-07,240458440.90173057,-0.009841956691355484,-0.08828439254382248
2022-03-08,236812927.76564527,-0.01516067858717895,-0.10210661983138014
2022-03-09,236412321.926515,-0.0016916552779023112,-0.10362554590693596
2022-03-10,239737350.3912961,0.01406453114493164,-0.0910184594798229
2022-03-11,239937653.31086123,0.0008355098579266412,-0.09025899644204494
2022-03-14,238375290.53825325,-0.006511536438942319,-0.09618280813671254
2022-03-15,239456926.30390492,0.00453753307739796,-0.09208170773271196
2022-03-16,243022318.27216417,0.01488949191527772,-0.07856326566026539
2022-03-17,246788013.15998855,0.015495263622689711,-0.06428536055004097
2022-03-18,246387407.3208583,-0.0016232791617417275,-0.06580428662559668
2022-03-21,247308800.7508579,0.003739612507061711,-0.0623107566518184
2022-03-22,245666316.81042385,-0.006641429401005015,-0.0685383535615971
2022-03-23,248069951.84520537,0.009784145689929304,-0.05942479710826243
2022-03-24,248470557.6843356,0.0016148906231908296,-0.057905871032706724
2022-03-25,250673889.799552,0.008867578258570109,-0.049551777617149795
2022-03-28,250273283.96042174,-0.0015981155414733926,-0.05107070369270561
2022-03-29,250713633.23577687,0.0017594737575935885,-0.049401087498041174
2022-03-30,251590233.4387316,0.0034964201652742367,-0.04607739429128155
2022-03-31,249321632.3817189,-0.009017047386957359,-0.05467895963044689
2022-04-01,251514597.49259457,0.008795727390065258,-0.04636417346326338
2022-04-04,248784256.62323523,-0.010855596043246494,-0.05671645876851372
2022-04-05,248532274.78015506,-0.00101285284889136,-0.057671866190562415
2022-04-06,250035174.45542914,0.006047100629499724,-0.05197351313940801
2022-04-07,246281590.95714986,-0.015012221806209834,-0.06620549703832113
2022-04-08,243786163.78828606,-0.010132414522602213,-0.07566709002125616
2022-04-12,242704528.0226344,-0.004436821798430735,-0.07976819042525674
2022-04-13,246710586.4139369,0.01650590709592746,-0.0645789296696988
2022-04-14,250836826.5569785,0.016725022638949417,-0.04893399109147423
2022-04-15,250516341.8856743,-0.001277661959382973,-0.050149131951918835
2022-04-18,249314524.36828354,-0.004797361754305112,-0.05470591017858617
2022-04-19,252639552.83306465,0.013336681740488673,-0.04209882375147311
2022-04-20,251958522.9065432,-0.002695658375280022,-0.04468099807991799
2022-04-21,250822335.81793398,-0.004509421136075856,-0.04898893377887137
2022-04-22,238812917.87407008,-0.04788017743595711,-0.09452351237309775
2022-04-25,222217728.7858935,-0.0694903325829614,-0.15744537464434294
2022-04-26,223523583.27645117,0.005876464032335871,-0.15249413269316214
2022-04-27,228001778.17297637,0.02003455219750405,-0.13551473215691234
2022-04-28,229316774.35305327,0.005767482124982635,-0.13052882882731653
2022-04-29,239693641.1082456,0.04525123286103896,-0.09118418639462122
2022-05-04,238963990.99839416,-0.003044094563701587,-0.09395070767222335
2022-05-05,231762294.73164845,-0.030137160986711643,-0.12125646105700172
2022-05-06,223220674.67469856,-0.036855089249267246,-0.15364263261196287
2022-05-09,214295710.79342848,-0.03998269378173195,-0.18748228006215162
2022-05-10,215440293.4898169,0.005341136750477242,-0.18314251180777752
2022-05-11,216437491.65598935,0.004628652096686727,-0.17936156268236236
2022-05-12,208026883.29419264,-0.03885929511308844,-0.2112509938992322
2022-05-13,200330647.34422278,-0.03699635272180569,-0.24043183033790982
2022-05-16,202833965.35081413,0.012495931300466301,-0.23094031867179143
2022-05-17,210113422.71982464,0.03588874948246576,-0.20333972843153836
2022-05-18,216090046.52533698,0.02844475011709203,-0.18067892607855884
2022-05-19,219071811.79643568,0.013798716410332604,-0.16937334693050776
2022-05-20,220661238.50620633,0.007255277147420341,-0.16334692035645437
2022-05-23,215182533.13191774,-0.024828580730251338,-0.1841198288875976
2022-05-24,215213194.5907182,0.00014249046311611105,-0.18400357374416854
2022-05-25,224919152.01727793,0.04509926747297267,-0.14720273265946693
2022-05-26,229097003.21854043,0.018574901976073466,-0.1313621070131532
2022-05-27,231265898.2549289,0.009467147129460713,-0.12313858427802205
2022-05-30,231174011.7395412,-0.00039731977814729875,-0.12348697866118252
2022-05-31,229195683.54041928,-0.008557744809787972,-0.13098795342025638
2022-06-01,228496399.75644606,-0.0030510338291335946,-0.13363933857229582
2022-06-02,228363029.99455264,-0.0005836843032782136,-0.13414501969134895
2022-06-03,225806773.61387593,-0.011193827568051156,-0.14383725103986233
2022-06-06,223437119.8400342,-0.010494166033716017,-0.15282196507933266
2022-06-07,223170401.34608853,-0.001193707178720396,-0.1538332475812717
2022-06-08,231355423.211886,0.03667610855394878,-0.12279914391482016
2022-06-09,235306513.09942997,0.01707800851474048,-0.1078183002254598
2022-06-10,228713850.25762737,-0.028017341105287783,-0.1328148592359386
2022-06-13,213611006.8931259,-0.06603379440068612,-0.1900783845284827
2022-06-14,204577882.06478074,-0.04228773114142294,-0.22432813204916913
2022-06-15,194986134.50250924,-0.04688555510235571,-0.260695938155325
2022-06-16,195110042.937884,0.0006354730591019129,-0.2602261303415381
2022-06-17,185900704.1938363,-0.04720074172183757,-0.2951440056958514
2022-06-20,172935585.46231782,-0.06974217116466602,-0.34430219309705223
2022-06-21,173882246.22317135,0.005474065724083165,-0.34071286020692826
2022-06-22,180826928.12488827,0.03993899350025464,-0.31438159541593136
2022-06-23,184157664.99573675,0.018419473832725294,-0.3017528651534602
2022-06-24,185597171.63192445,0.007816707690233947,-0.29629487140482147
2022-06-27,191556943.62953603,0.032111329850602346,-0.2736979639029411
2022-06-28,191807515.15190646,0.0013080785150499364,-0.27274790381408553
2022-06-29,193885433.03994727,0.010833349706841022,-0.2648693275310704
2022-06-30,187584241.94353056,-0.03249955913458668,-0.2887607502926228
2022-07-01,193780930.77849507,0.03303416518765971,-0.2652655554298422
2022-07-04,197321005.46197772,0.018268436781992733,-0.25184310567765966
2022-07-05,195978691.961478,-0.006802689340433039,-0.2569325846076378
2022-07-06,194017458.01734036,-0.010007383580879993,-0.26436874525992227
2022-07-07,195875959.1340149,0.009579040647509352,-0.2573221035691887
2022-07-08,202425823.54513907,0.03343883772200379,-0.2324878179107197
2022-07-11,199374190.9670074,-0.015075312648789545,-0.2440583040174703
2022-07-12,203302039.9389785,0.01970088983393582,-0.22916557994403985
2022-07-13,205485182.75318298,0.010738420602467928,-0.22088803572661952
2022-07-14,207602422.22094396,0.01030361138157629,-0.21286036882401005
2022-07-15,210378857.60622454,0.013373810168388674,-0.20233331282064693
2022-07-18,210882148.94128066,0.0023923094781613413,-0.20042504724449417
2022-07-19,209837214.9468322,-0.004955061391845979,-0.20438699022278006
2022-07-20,214073257.79491094,0.020187281122426452,-0.18832572672974746
2022-07-21,213770789.93249947,-0.0014129175476053303,-0.18947255555339082
2022-07-22,212729167.4224528,-0.004872613842029423,-0.19342194279854608
2022-07-25,210128229.34551197,-0.012226523087808196,-0.20328358803703916
2022-07-26,207036033.59207928,-0.014715756007957508,-0.21500787236302144
2022-07-27,206350239.08536804,-0.003312440326510783,-0.21760811194259966
2022-07-28,209274095.80481762,0.0141693885716312,-0.20652209726542214
2022-07-29,209762288.2679385,0.002332789737991257,-0.20467108015660018
2022-08-01,217753384.7642461,0.038095963589509646,-0.17437225858456196
2022-08-02,219200682.68683982,0.006646500233099252,-0.16888472360879103
2022-08-03,224307617.03457224,0.02329798559536617,-0.14952141187133983
2022-08-04,224886589.4154917,0.002581153456015808,-0.14732619612432407
2022-08-05,228090179.81887323,0.014245359902109136,-0.13517955090901468
2022-08-08,228909295.26249164,0.0035911911870510063,-0.13207381533385765
2022-08-09,229735657.89029223,0.003610000314111268,-0.12894060153458753
2022-08-10,229419741.8140937,-0.0013751286112902012,-0.13013842023555056
2022-08-11,227020901.1135409,-0.010456121524610031,-0.13923379862315688
2022-08-12,232187117.60139716,0.02275656762225813,-0.1196457143545705
2022-08-15,231647454.19740057,-0.0023242607495694216,-0.12169188726641134
2022-08-16,232837476.9774943,0.005137215015882024,-0.1171798296411054
2022-08-17,230929296.17117792,-0.008195333633944236,-0.12441483547597199
2022-08-18,231656789.21103853,0.003150284749152602,-0.12165649288558766
2022-08-19,229445078.8278877,-0.009547358360112449,-0.13004235311128698
2022-08-22,228641439.07932746,-0.003502536435584567,-0.1330894114669301
2022-08-23,232187772.89799142,0.015510459665334547,-0.1196432297500365
2022-08-24,231265870.6388703,-0.00397050304421562,-0.12313868898630975
2022-08-25,233662243.90830755,0.01036198407839985,-0.1140526660426211
2022-08-26,230350424.92102504,-0.0141735306992178,-0.12660966777835614
2022-08-29,227139040.62489706,-0.01394129964044559,-0.13878586410292648
2022-08-30,225876554.66254675,-0.005558207690219177,-0.14357267113599503
2022-08-31,226541843.06805378,0.0029453628177610125,-0.1410501819254446
2022-09-05,230862592.28270411,0.019072632040661768,-0.12466774810391523
2022-09-06,229957965.2279653,-0.003918465290518151,-0.12809770715064117
2022-09-07,225130302.40631115,-0.02099367515653703,-0.14640214065496038
2022-09-08,222756876.59444147,-0.01054245379898333,-0.15540115665001653
2022-09-09,225952958.2517913,0.014347847331190215,-0.1432829813895311
2022-09-12,225238910.59187204,-0.003160160705325048,-0.1459903448473272
2022-09-13,223536611.81915325,-0.0075577473192601045,-0.15244473402917957
2022-09-14,225737268.1365304,0.009844724313695586,-0.14410078609507582
2022-09-15,224935851.56373793,-0.003550218266607877,-0.14713941511865647
2022-09-16,220379234.6176752,-0.020257406342232546,-0.1644161585398719
2022-09-19,213979724.36198813,-0.029038626378702356,-0.18868036552011347
2022-09-20,216812639.35859483,0.013239174903386096,-0.177939162976683
2022-09-21,216053812.06112903,-0.0034999218666894568,-0.18081631167592993
2022-09-22,218024975.84051389,0.009123485304795925,-0.17334250133357676
2022-09-23,216132947.86625183,-0.008678033179309166,-0.1805162625349287
2022-09-26,210565367.7954051,-0.025759978410566476,-0.20162614591983918
2022-09-27,210399756.6799755,-0.0007865069035972503,-0.20225407246772487
2022-09-28,209394214.51468349,-0.004779198327788397,-0.20606665847058703
2022-09-29,207660168.72808766,-0.008281249749974462,-0.2126414187566239
2022-09-30,207814162.14665765,0.0007415645451565755,-0.21205754154844902
2022-10-03,199625727.94456804,-0.03940267649473718,-0.2431045833352834
2022-10-04,194589362.08837718,-0.02522904190781138,-0.2622003295221479
2022-10-05,198320738.39498743,0.01917564386133075,-0.24805254580005742
2022-10-06,191083445.14481527,-0.03649287164188519,-0.2754932677276183
2022-10-07,186839648.00597334,-0.022209130338976805,-0.2915839321761218
2022-10-10,191623666.1876061,0.025604941096227126,-0.27344498048787047
2022-10-11,187941701.20908925,-0.019214562855258587,-0.2874054175780899
2022-10-12,194156117.2611199,0.03306565819108437,-0.2638430086869086
2022-10-13,197932891.3693264,0.01945225399788532,-0.24952309590956723
2022-10-14,200828903.8051649,0.014631284451025225,-0.2385426548518954
2022-10-17,200445015.3698156,-0.0019115198463750345,-0.23999819567931402
2022-10-18,202188710.9712078,0.00869912179245335,-0.2333868474210441
2022-10-19,199690559.2462954,-0.012355545039644415,-0.24285877075571716
2022-10-20,196997842.01055983,-0.013484449369558867,-0.25306840332706726
2022-10-21,183820625.70767477,-0.06689015558951507,-0.30303077404324463
2022-10-24,171060220.5211925,-0.06941770074689456,-0.3514127752005054
2022-10-25,166797150.74835074,-0.024921456080512907,-0.3675765132377278
2022-10-26,168150740.21031773,0.008115183358312704,-0.3624442806825485
2022-10-27,173679030.198811,0.032876988716068985,-0.34148336849268335
2022-10-28,174780212.5131166,0.006340329705002822,-0.33730815593269914
2022-10-31,173731574.07499856,-0.005999754909551585,-0.34128414457766176
2022-11-01,174660483.62857467,0.005346809055992947,-0.3377621166765634
2022-11-02,174048031.51112813,-0.0035065293804462127,-0.34008427327128155
2022-11-03,173964642.16309988,-0.00047911686966083794,-0.3404004500285118
2022-11-04,167671856.65625477,-0.0361727844727513,-0.3642600023879542
2022-11-07,158673275.62467456,-0.053667808128517736,-0.39837877459942184
2022-11-08,159221317.2765609,0.0034539001588564954,-0.39630083495343926
2022-11-09,157689674.89496562,-0.00961958114524881,-0.4021081680589237
2022-11-10,150781165.80782932,-0.04381078908139,-0.42830228100157997
2022-11-11,150513026.7433291,-0.0017783326124560946,-0.4293189496997417
2022-11-14,148208274.4257878,-0.015312643479501686,-0.43805758516349713
2022-11-15,144909804.8149031,-0.022255637370208612,-0.4505639717710377
2022-11-16,147278995.51318306,0.016349416116502077,-0.4415810135161241
2022-11-17,147079696.65646,-0.0013532062466112538,-0.44233666957686046
2022-11-18,149131178.54175162,0.013948097065248683,-0.4345583273143887
2022-11-21,151406909.87552488,0.015259929922273957,-0.42592972701407283
2022-11-22,149486021.04185617,-0.01268692977914889,-0.4332129162557421
2022-11-23,149846622.1434449,0.0024122730612232803,-0.4318456710421765
2022-11-24,150976213.41355452,0.007538316539616693,-0.427562743867139
2022-11-25,152144945.70649326,0.00774116840337851,-0.4231314106670466
2022-11-28,156781828.37139297,0.030476744681646125,-0.4055503339550848
2022-11-29,161090538.94004267,0.027482206410063104,-0.38921354553244536
2022-11-30,163879661.7530567,0.017314007584592738,-0.3786383842272276
2022-12-01,162505916.84988368,-0.008382644243207355,-0.38384703759863525
2022-12-02,165440956.9980489,0.018061127896509124,-0.3727186201408912
2022-12-05,166708403.38632458,0.007661019443272625,-0.3679130052933878
2022-12-06,165378737.0585152,-0.007976000614246592,-0.372954531551425
2022-12-07,164135005.86321986,-0.007520502438322952,-0.37767022852583176
2022-12-08,167360268.4217748,0.019650059057131818,-0.3654414117633531
2022-12-09,168637530.3594341,0.007631811000926384,-0.36059858054891636
2022-12-12,167238611.84121135,-0.008295416300518003,-0.36590268150640515
2022-12-13,167586220.92207184,0.002078521682484074,-0.36458469648111125
2022-12-14,169106602.30034578,0.009072233802449169,-0.3588200602859337
2022-12-15,169059343.08401668,-0.0002794640521791213,-0.35899924703006214
2022-12-16,168912422.02578464,-0.0008690502136816212,-0.3595563088714008
2022-12-19,164097171.82420835,-0.028507377632896888,-0.37781367902701013
2022-12-20,157502695.83575985,-0.040186408547692315,-0.4028171127144162
2022-12-21,153684085.5850951,-0.024244729465752755,-0.41729565025823234
2022-12-22,155202469.68083742,0.009879904545494292,-0.41153858690453937
2022-12-23,155910788.79500708,0.004563839194223287,-0.40885294364316627
2022-12-26,150668506.65199384,-0.03362360092928424,-0.42872943635662963
2022-12-27,152220272.59608978,0.010299205710454982,-0.42284580330533894
2022-12-28,155169655.4599409,0.019375756024804895,-0.41166300440149095
2022-12-29,154777021.76038957,-0.0025303510431052513,-0.41315170353200104
2022-12-30,154245329.477606,-0.003435214586353013,-0.4151676533600043
2023-01-03,161360363.8701078,0.04612803782518934,-0.3881904847528004
2023-01-04,163750257.31677842,0.014810907643927,-0.37912903052679836
2023-01-05,163241633.31572548,-0.0031060958888693632,-0.38105751529259735
2023-01-06,159955456.27147615,-0.020130753273544712,-0.3935172937427568
2023-01-09,157911106.22419024,-0.012780745933519433,-0.40126859512450397
2023-01-10,160078009.54658,0.013722298413344951,-0.3930526241173611
2023-01-11,162096789.82355353,0.012611228004969131,-0.38539827237308744
2023-01-12,161488048.42833525,-0.0037554191904781912,-0.3877063594955187
2023-01-13,160761484.90403265,-0.004499178306839434,-0.3904611777602921
2023-01-16,162152035.92871383,0.008649777187062417,-0.38518880276105427
2023-01-17,165306072.7185697,0.01945110816396078,-0.3732300436631453
2023-01-18,168204305.13104564,0.01753252233757998,-0.3622411854031453
2023-01-19,169398288.99237728,0.007098414397903938,-0.3577141090512209
2023-01-27,170215918.0085677,0.004826666320267272,-0.3546140093733955
2023-01-30,172292646.3504634,0.012200553075131133,-0.3467399433408096
2023-01-31,172604715.91993374,0.0018112761982630413,-0.3455567089489068
2023-02-01,172708739.1097572,0.0006026671361153989,-0.3451622974849391
2023-02-02,172396669.54028684,-0.0018069124415994614,-0.346345531876842
2023-02-03,172292646.3504634,-0.0006033944280990869,-0.3467399433408096
2023-02-06,172396669.54028684,0.000603758732754347,-0.346345531876842
2023-02-07,170420228.93364125,-0.011464494133882997,-0.3538393496922263
2023-02-08,169484020.2252302,-0.005493530399936333,-0.35738905286793476
2023-02-09,168859881.08628947,-0.003682583987040741,-0.3597555216517403
2023-02-10,168859881.08628947,0.0,-0.3597555216517403
2023-02-13,167195510.04911423,-0.00985652143344057,-0.36606610507522197
2023-02-14,165843208.58140934,-0.008088144635628368,-0.3711934541068008
2023-02-15,166467347.72035006,0.0037634289898241056,-0.3688269853229952
2023-02-16,166675394.09999695,0.0012497728983848306,-0.36803816239505993
2023-02-17,166571370.9101735,-0.0006241064578556804,-0.3684325738590276
2023-02-20,168131718.7575253,0.009367443149598823,-0.3625164018995135
2023-02-21,168131718.7575253,0.0,-0.3625164018995135
2023-02-22,166675394.09999695,-0.008661807946117593,-0.36803816239505993
2023-02-23,166467347.72035006,-0.0012482129157113608,-0.3688269853229952
2023-02-24,165739185.3915859,-0.004374205144347086,-0.3715878655707684
2023-02-27,165011023.06282172,-0.004393422877298257,-0.3743487458185416
2023-02-28,164802976.68317482,-0.0012608029196188397,-0.37513756874647675
2023-03-01,165427115.8221155,0.0037871836510609096,-0.3727710999626712
2023-03-02,165635162.20176244,0.0012576316682607238,-0.37198227703473596
2023-03-03,165635162.20176244,0.0,-0.37198227703473596
2023-03-06,167091486.85929078,0.008792364122265126,-0.36646051653918954
2023-03-07,167299533.23893768,0.0012451046044140777,-0.3656716936112544
2023-03-08,168443788.32699564,0.006839559357429507,-0.3613331675076108
2023-03-09,168755857.89646602,0.0018526629718429455,-0.360149933115708
2023-03-10,168235741.94734874,-0.0030820615983379444,-0.36212199043554594
2023-03-13,168339765.1371722,0.0006183180138736742,-0.36172757897157837
2023-03-14,168339765.1371722,0.0,-0.36172757897157837
2023-03-15,169221805.5339527,0.005239643741107677,-0.3583832588756152
2023-03-16,169838105.6370892,0.0036419662418317907,-0.356046512364246
2023-03-17,171134687.56441706,0.007634222735022806,-0.3511304280086399
2023-03-20,168141532.16694963,-0.017490056750422246,-0.36247919364639103
2023-03-21,168733892.01779974,0.003522983543779918,-0.3602332183367899
2023-03-22,169934289.79110837,0.007114147365142296,-0.355681823172715
2023-03-23,170862659.4637152,0.005463109733462409,-0.35216184226944314
2023-03-24,172311145.08543932,0.008477484935974163,-0.3466698040463331
2023-03-27,174229965.47033963,0.011135788018522351,-0.3393944574780934
2023-03-28,173221512.86019573,-0.005788054927414744,-0.3432180786435648
2023-03-29,173941836.15315565,0.004158393960808377,-0.34048692066822805
2023-03-30,173221512.86019573,-0.004141173330639585,-0.3432180786435648
2023-03-31,174950288.76329955,0.009980145505940105,-0.33666329950275664
2023-04-03,177543452.6179553,0.014822289651457422,-0.32683113079154447
2023-04-04,178984099.20387515,0.008114332377099225,-0.321368814840871
2023-04-05,180712875.10697898,0.009658823944660213,-0.31481403570006294
2023-04-06,181865392.37571487,0.0063776156959132815,-0.31044418293952414
2023-04-07,185034814.86473855,0.017427298550985394,-0.2984270878480426
2023-04-10,186187332.13347444,0.006228650914036809,-0.2940572350875038
2023-04-11,186475461.4506584,0.0015475237433308113,-0.29296477189736914
2023-04-12,185611073.4991065,-0.004635397841772506,-0.29624216146777316
2023-04-13,186187332.13347444,0.003104656546101582,-0.2940572350875038
2023-04-14,182729780.32726678,-0.018570284919969735,-0.3071667933691201
2023-04-17,183017909.64445075,0.0015768054701753341,-0.30607433017898544
2023-04-18,186187332.13347444,0.017317553758432323,-0.2940572350875038
2023-04-19,185034814.86473855,-0.006190094973323245,-0.2984270878480426
2023-04-20,185467008.8405145,0.0023357440927638034,-0.29678839306284055
2023-04-21,185322944.18192253,-0.0007767670352405844,-0.29733462465790783
2023-04-24,184746685.54755458,-0.0031094834852302892,-0.2995195510381773
2023-04-25,182729780.32726678,-0.010917138861301193,-0.3071667933691201
2023-04-26,184746685.54755458,0.011037638291227338,-0.2995195510381773
2023-04-27,186475461.4506584,0.009357547595401024,-0.29296477189736914
2023-04-28,189786026.40092242,0.017753354379766398,-0.28041252493388413
2023-05-04,188486894.98329678,-0.006845242730785799,-0.285338275866745
2023-05-05,189734061.14421737,0.006616726117914515,-0.28060955497119866
2023-05-08,190305678.96797267,0.0030127317167411806,-0.27844222456073986
2023-05-09,190045852.68444753,-0.001365310194284146,-0.27942737474731205
2023-05-10,190045852.68444753,0.0,-0.27942737474731205
2023-05-11,190149783.1978576,0.0005468707258907039,-0.2790333146726831
2023-05-12,190461574.73808774,0.0016397154652852003,-0.2778511344487965
2023-05-15,190305678.96797267,-0.0008185155999547771,-0.27844222456073986
2023-05-16,189889956.91433245,-0.0021844963108546022,-0.2800184648592553
2023-05-17,189786026.40092242,-0.0005473196955693625,-0.28041252493388413
2023-05-18,189837991.65762743,0.0002738097092313817,-0.2802154948965697
2023-05-19,189422269.60398725,-0.0021898780639754184,-0.28179173519508516
2023-05-22,189214408.57716715,-0.0010973420773315347,-0.2825798553443428
2023-05-23,188382964.46988675,-0.0043941902391715386,-0.2857323359413738
2023-05-24,189110478.0637571,0.0038618863224579724,-0.28297391541897177
2023-05-25,189214408.57716715,0.0005495756473896822,-0.2825798553443428
2023-05-26,189214408.57716715,0.0,-0.2825798553443428
2023-05-29,189006547.55034703,-0.0010985475597930028,-0.2833679754936007
2023-05-30,189630130.63080734,0.0032992670811798287,-0.2810036150458275
2023-05-31,189214408.57716715,-0.0021922784752469527,-0.2825798553443428
2023-06-01,189110478.0637571,-0.0005492737798965014,-0.28297391541897177
2023-06-02,189370304.34728223,0.0013739391184741268,-0.2819887652323996
2023-06-05,190305678.96797267,0.0049393943993197124,-0.27844222456073986
2023-06-06,189802214.37957466,-0.0026455573534552254,-0.28035114703949593
2023-06-07,189934471.93716863,0.0006968177796360011,-0.2798496829236584
2023-06-08,188379826.13026994,-0.008185169290453861,-0.28574423518350234
2023-06-09,191396330.33791283,0.016012883489747387,-0.2743069408396154
2023-06-12,192499541.17541623,0.005764012484229294,-0.27012403698689635
2023-06-13,191385514.73232597,-0.0057871641474464474,-0.27434794899212867
2023-06-14,188585640.47342825,-0.01462949932660086,-0.2849638751836949
2023-06-15,188995060.92045957,0.0021710054169739746,-0.28341152788338664
2023-06-16,189275191.34749353,0.0014822103057595588,-0.2823493930650268
2023-06-19,188418036.3423126,-0.004528617824019312,-0.2855993583950108
2023-06-20,189425812.97856957,0.005348620842359607,-0.28177830023352735
2023-06-21,192966109.61214602,0.018689620901756295,-0.2683550089414769
2023-06-22,193692254.95971644,0.00376307191470016,-0.26560177622409353
2023-06-23,196464868.28561735,0.014314528613844434,-0.25508921183589683
2023-06-26,193231444.6360161,-0.016458024672892424,-0.26734897196660534
2023-06-27,191779153.94087523,-0.00751580933360252,-0.2728554374013723
2023-06-28,192302992.74574935,0.0027314689532712175,-0.2708692646040941
2023-06-29,188984805.30719003,-0.017254996353314258,-0.28345041278443983
2023-06-30,190228555.07456663,0.006581215698028833,-0.2787346453926407
2023-07-03,191219175.64256805,0.005207528215798682,-0.27497863570744485
2023-07-04,194889361.82621038,0.019193609486648645,-0.2610628587717363
2023-07-05,194096752.44197813,-0.0040669710075763406,-0.26406809470153303
2023-07-06,192479128.16446763,-0.008334113050109145,-0.2702014343974727
2023-07-07,193728278.8500186,0.00648979812753306,-0.265465189032949
2023-07-10,194856604.47225517,0.005824269068689304,-0.2611870606535581
2023-07-11,196921783.8772164,0.010598457314569909,-0.25335678325244293
2023-07-12,195895735.77899846,-0.005210434711772113,-0.2572471189862936
2023-07-13,198370087.85609698,0.01263096446310593,-0.24786543374133985
2023-07-14,201039622.7131365,0.013457345741440937,-0.2377436988391084
2023-07-17,201011155.87409312,-0.00014159815194240676,-0.2378516329226592
2023-07-18,200812549.6124149,-0.000988036016282695,-0.23860466295908267
2023-07-19,201779414.50375536,0.004814763286490784,-0.23493872464379284
2023-07-20,202830171.05747804,0.005207451693260433,-0.23095470500999116
2023-07-21,207440333.6861022,0.022729175864658432,-0.21347493925227512
2023-07-24,207649130.4204471,0.0010065387508528113,-0.21268327130011566
2023-07-25,205770715.67669386,-0.009046099735403889,-0.21980541695128675
2023-07-26,209621464.41565245,0.018713784059578617,-0.20520502399966012
2023-07-27,209462314.42193747,-0.0007592256554386732,-0.20580845273625337
2023-07-28,212284172.14846763,0.013471911328382729,-0.1951091746337651
2023-07-31,212370698.23078138,0.00040759554251285145,-0.1947811047211363
2023-08-01,209473181.21636304,-0.013643676074698532,-0.20576725049754774
2023-08-02,214032529.00151905,0.02176578289727075,-0.18848015290197495
2023-08-03,216247510.12441435,0.010348806012003811,-0.1800818914294665
2023-08-04,220855036.8174863,0.021306727140678147,-0.16261212001245318
2023-08-07,224898658.18782523,0.018308938879580905,-0.14728043649925937
2023-08-08,220920709.81540263,-0.017687737243413885,-0.16236311608077902
2023-08-09,220763451.08428594,-0.000711833359797209,-0.1629593739581493
2023-08-10,217237394.70404884,-0.015972102098054622,-0.17632867229750937
2023-08-11,220542656.44353235,0.015214975966667228,-0.16379653284208306
2023-08-14,228059901.91157237,0.03408522228426469,-0.13529435178913263
2023-08-15,226910241.86180457,-0.005041044217468618,-0.1396533711968585
2023-08-16,231034220.38956565,0.0181744926713035,-0.12401700769689505
2023-08-17,230323588.65393406,-0.003075872199509367,-0.12671141943016329
2023-08-18,216208008.93412286,-0.061285862218047285,-0.18023166305556038
2023-08-21,216684996.89711833,0.002206153071511817,-0.17842312862108223
2023-08-22,222876602.48698157,0.028574223774260683,-0.154947207250544
2023-08-23,222228293.18594533,-0.002908826201593355,-0.15740531895582333
2023-08-24,230050647.18076622,0.035199631346111655,-0.12774629680887373
2023-08-25,232114562.34101388,0.00897156858952845,-0.11992081288322443
2023-08-28,234287298.42011058,0.009360619416478505,-0.11168272655626044
2023-08-29,236079432.30975264,0.007649300246864036,-0.10488772101721366
2023-08-30,242260921.74237418,0.02618393890625336,-0.08145015579009118
2023-08-31,243155331.28186655,0.0036919265932765844,-0.07805893719300261
2023-09-05,241416611.64114377,-0.0071506539937109224,-0.08465141873572957
2023-09-06,245275613.3327521,0.015984822524742384,-0.07001973411594542
2023-09-07,243907207.31311214,-0.005579054521753562,-0.07520814472346748
2023-09-08,244632952.02180922,0.0029754951347764685,-0.07245643105741117
2023-09-11,242525886.77063668,-0.008613170195422798,-0.08044552168038366
2023-09-12,247966635.50152063,0.022433682454811185,-0.059816528513861766
2023-09-13,245282946.45474553,-0.010822782836679836,-0.06999193005239202
2023-09-14,241994953.13616383,-0.013404899794728828,-0.08245859503832886
2023-09-15,242467920.8070205,0.001954452622780645,-0.08066530383289172
2023-09-18,238566538.232189,-0.01609030407753026,-0.09545767864324439
2023-09-19,239470013.61401522,0.0037871001881533734,-0.09203208624784154
2023-09-20,245289094.1128828,0.02429982949032999,-0.06996862076097343
2023-09-21,239781871.566697,-0.02245196659110882,-0.09084965421633084
2023-09-22,232400274.7863751,-0.030784632433184814,-0.11883751343778404
2023-09-25,220653472.2431836,-0.05054556219431876,-0.16337636670561506
2023-09-26,216591491.11181593,-0.018408870207539483,-0.17877766258349148
2023-09-27,224225093.5089062,0.035244239549324624,-0.14983430580032775
2023-09-28,224659937.53587902,0.0019393191911214805,-0.14818556315393328
2023-09-29,224356727.94860974,-0.0013496379932930974,-0.14933520428113622
2023-10-02,224558397.58107257,0.0008988793619285756,-0.1485705592523454
2023-10-03,223049401.0304766,-0.006719840214620227,-0.15429202904819306
2023-10-04,223652999.650715,0.002706120785125624,-0.15200344112985398
2023-10-05,223753129.32837135,0.00044770102709432814,-0.15162379219947542
2023-10-06,224256598.27095336,0.0022501090558744315,-0.149714853211515
2023-10-09,225061866.52365458,0.0035908341556500126,-0.146661620264385
2023-10-10,226370603.7189378,0.0058150108478980484,-0.1416994483292947
2023-10-11,226874072.66151983,0.002224091530926512,-0.1397905093413343
2023-10-12,226470733.39659417,-0.0017778111892380606,-0.14131979939891604
2023-10-13,228483198.88977218,0.008886205572769496,-0.13368939061510787
2023-10-16,228886538.1546978,0.0017652906948322842,-0.13216010055752625
2023-10-17,226874072.66151983,-0.008792415270040096,-0.1397905093413343
2023-10-18,226269063.76413137,-0.0026667167838569593,-0.14208444442770685
2023-10-19,224760067.2135354,-0.006669036082497718,-0.1478059142235545
2023-10-20,224760067.2135354,0.0,-0.1478059142235545
2023-10-23,225767005.09869942,0.004480056878641933,-0.1439880362476338
2023-10-24,226772532.70671338,0.004453828882455022,-0.14017550543974644
2023-10-25,225967264.45401216,-0.003550995542051305,-0.14322873838687644
2023-10-26,223954798.96083418,-0.008906004584516038,-0.1508591471706845
2023-10-27,224961736.84599823,0.0044961656987763336,-0.14704126919476368
2023-10-30,223451330.01825213,-0.006714061017319006,-0.152768086158645
2023-10-31,218217791.51426932,-0.0234213799647347,-0.17261142673097274
2023-11-01,218773047.19140682,0.002544502321668789,-0.17050613458536745
2023-11-02,228699188.913452,0.04537186755624745,-0.13287044878505505
2023-11-03,229347120.255732,0.0028331160480206206,-0.13041377013779498
2023-11-06,232018466.1948747,0.01164761055715039,-0.12028516838649939
2023-11-07,228572814.72619483,-0.014850763929220344,-0.13334960567582532
2023-11-08,237155869.46341327,0.03755063675223144,-0.10080633152738006
2023-11-09,238930342.18517143,0.007482305733242289,-0.09407828958647224
2023-11-10,236518390.19103184,-0.010094791528278626,-0.10322338039403844
2023-11-13,235563457.0178706,-0.004037458450439965,-0.10684407873502344
2023-11-14,236001020.0708736,0.0018575166901621265,-0.1051850267043567
2023-11-15,240822793.63766152,0.02043115561678462,-0.0869029227367244
2023-11-16,242127522.90447643,0.00541779807096663,-0.0819559471529222
2023-11-17,235006166.741745,-0.029411593020513157,-0.1089570852101629
2023-11-20,234223223.13142097,-0.0033315875118478245,-0.11192567265759723
2023-11-21,235883358.26657054,0.007087833191579292,-0.10563114996367029
2023-11-22,237290530.3126831,0.005965541852775936,-0.10029575515695943
2023-11-23,233460689.1212634,-0.016139882136775634,-0.11481687562668286
2023-11-24,233282451.55513117,-0.000763458579699762,-0.11549267627759108
2023-11-27,234226407.2280983,0.004046406691435394,-0.11191359992425709
2023-11-28,236624171.80350864,0.010236952373501185,-0.10282230174312768
2023-11-29,237429289.7555683,0.00340251778135423,-0.09976963867177413
2023-11-30,239004347.09815034,0.006633795452126218,-0.09379769459492904
2023-12-01,239132865.7264412,0.0005377250658879604,-0.09331040690054726
2023-12-04,241342073.6431027,0.009238411917786115,-0.08493403495792462
2023-12-05,237796412.41369352,-0.014691434344152198,-0.09837766650390856
2023-12-06,241326321.5257346,0.014844248810197004,-0.08499376025266214
2023-12-07,240526501.6495222,-0.003314267051997172,-0.08802633528542858
2023-12-08,238357863.53178048,-0.00901621277850574,-0.09624888389488884
2023-12-11,240588234.7332071,0.009357237761653488,-0.08779226982413357
2023-12-12,240988144.6713133,0.001662217350526916,-0.08627598230775047
2023-12-13,242203307.75655317,0.005042418526011988,-0.08166860339327697
2023-12-14,240634534.54597077,-0.006477092427487542,-0.0876167207281624
2023-12-15,239544519.18034554,-0.004529754499626886,-0.09174959299282837
2023-12-18,240544294.02561107,0.004173649427198284,-0.08795887420187032
2023-12-19,236945104.58265513,-0.01496268891987407,-0.1016054618493194
2023-12-20,237345014.52076137,0.0016877746379720439,-0.10008917433293607
2023-12-21,240744248.99466416,0.014321912262477497,-0.08720073044367871
2023-12-22,241344113.9018235,0.002491710226368165,-0.08492629916910388
2023-12-25,242343888.74708903,0.004142528396910631,-0.08113558037814583
2023-12-26,241943978.8089828,-0.0016501754600611626,-0.08265186789452905
2023-12-27,242743798.68519524,0.003305806080191455,-0.07961929286176261
2023-12-28,242143933.7780359,-0.002471185300751058,-0.08189372413633744
2023-12-29,240144384.08750483,-0.00825769061951387,-0.08947516171825365
2024-01-02,241744023.8399297,0.006661158279853766,-0.08341001165272066
2024-01-03,242143933.7780359,0.001654270214228785,-0.08189372413633744
2024-01-04,240544294.02561107,-0.006606152495610998,-0.08795887420187032
2024-01-05,239744474.14939862,-0.0033250419821943063,-0.09099144923463687
2024-01-08,238744699.30413312,-0.0041701684629548135,-0.0947821680255948
2024-01-09,240744248.99466416,0.008375263184309907,-0.08720073044367871
2024-01-10,240344339.05655795,-0.0016611401509120686,-0.08871701796006193
2024-01-11,243743573.53046077,0.01414318509537648,-0.07582857407080446
2024-01-12,242543843.71614212,-0.004922098240135656,-0.08037743661995422
2024-01-15,240544294.02561107,-0.008244075214999853,-0.08795887420187032
2024-01-16,241344113.9018235,0.0033250419821941823,-0.08492629916910388
2024-01-17,241344113.9018235,0.0,-0.08492629916910388
2024-01-18,240944203.96371728,-0.0016570113587642276,-0.0864425866854871
2024-01-19,241978787.46079406,0.004293871693350934,-0.08251988836820501
2024-01-22,243019249.67624655,0.004299807542514735,-0.07857490046410331
2024-01-23,243019249.67624655,0.0,-0.07857490046410331
2024-01-24,242735487.25385043,-0.0011676540964312722,-0.07965080625613108
2024-01-25,242357137.35732225,-0.0015586921418396056,-0.08108534731216799
2024-01-26,242546312.30558634,0.000780562727910009,-0.08036807678414948
2024-01-29,243019249.67624655,0.0019498848123667097,-0.07857490046410331
2024-01-30,243303012.0986427,0.0011676540964313947,-0.07749899467207555
2024-01-31,243147298.17089957,-0.0006400000000000228,-0.07808939531548542
2024-02-01,244216552.57378912,0.004397558232944085,-0.0740352397458166
2024-02-02,243201463.3039336,-0.004156512976526534,-0.07788402428761942
2024-02-05,241438391.70156503,-0.007249428430310136,-0.08456883805799187
2024-02-06,241816223.02058554,0.0015649181406391078,-0.08313626322616252
2024-02-07,240829265.20182958,-0.0040814375744837265,-0.08687838533211278
2024-02-15,241209843.29678547,0.0015802817595151643,-0.08543539590023408
2024-02-16,239098547.48678598,-0.008752942173266743,-0.09344052699363592
2024-02-19,240756708.9264273,0.006935054424506559,-0.08715348770928488
2024-02-20,240756708.9264273,0.0,-0.08715348770928488
2024-02-21,240847592.5418416,0.0003774915175554451,-0.08680889589406504
2024-02-22,240297241.75961068,-0.002285058266195055,-0.0888955907751181
2024-02-23,240112949.9839095,-0.0007669325471723783,-0.08959434640042485
2024-02-26,243510987.38245448,0.014151828957050035,-0.07671044130915239
2024-02-27,243510987.38245448,0.0,-0.07671044130915239
2024-02-28,243877046.3889842,0.0015032545778100443,-0.07532250205340618
2024-02-29,242629679.05739036,-0.005114738553969072,-0.08005198570214123
2024-03-01,244416239.63535637,0.007363322512343681,-0.07327811177827592
2024-03-04,245520181.5828106,0.004516647294390956,-0.06909243586918645
2024-03-05,248672967.70327416,0.012841250361327865,-0.057138418774928756
2024-03-06,246974490.34009442,-0.00683016485011121,-0.06357831880553255
2024-03-07,247058578.3744535,0.00034047254938477517,-0.06325949292843702
2024-03-08,245269526.06553692,-0.00724140938836387,-0.07004281443080584
2024-03-11,247565756.01604927,0.009362067874256782,-0.061336492139354215
2024-03-12,251560095.35259673,0.016134458177198458,-0.046191665029314266
2024-03-13,253855494.72612554,0.00912465615944168,-0.03748849193069714
2024-03-14,253598142.02481997,-0.0010137763674692788,-0.038464263350994954
2024-03-15,258785599.94140908,0.020455425560970426,-0.01879564066575845
2024-03-18,252321093.1149098,-0.024980164383037132,-0.043306286855280374
2024-03-19,251894113.46357304,-0.0016922075204481937,-0.044925211151429445
2024-03-20,252829879.3423091,0.0037149176130762264,-0.04137718699653081
2024-03-21,253679843.46455547,0.0033618025071143155,-0.03815448642039876
2024-03-22,254362613.99603248,0.002691465439872057,-0.03556571246210327
2024-03-25,252069811.48978135,-0.009013913130672927,-0.04425903935021236
2024-03-26,255466555.94348675,0.013475411568049277,-0.03138003655301358
2024-03-27,254617369.8300604,-0.0033240598178894735,-0.034599787252313274
2024-03-28,254022939.55066195,-0.0023346022299860483,-0.03685361274182308
2024-03-29,254192776.77334723,0.0006685901005070662,-0.03620966260196312
2024-04-01,253853102.3279767,-0.0013362867729062114,-0.03749756288168293
2024-04-02,257759358.4497379,0.015387860482848632,-0.022686709664904492
2024-04-03,256060986.2228852,-0.006588983760152752,-0.029126211063503882
2024-04-04,254107858.1620046,-0.0076275893867741515,-0.03653163767189316
2024-04-05,251390462.59904027,-0.010693866701406238,-0.04683483990965209
2024-04-08,251730137.0444108,0.0013511827054166928,-0.04554693962993228
2024-04-09,252749160.38052243,0.004048078422695399,-0.041683238790772625
2024-04-10,251645218.43306816,-0.004367737347939165,-0.04586891469986221
2024-04-11,252069811.48978135,0.0016872685257324914,-0.04425903935021236
2024-04-12,252239648.7124666,0.0006737705784023752,-0.04361508921035251
2024-04-15,248503229.81339067,-0.014812972180020555,-0.05778199228727099
2024-04-16,249437334.53815967,0.0037589238798644447,-0.05424026651804126
2024-04-17,246550101.75251007,-0.01157498251412681,-0.06518741889566015
2024-04-19,245615997.02774107,-0.0037887014368652005,-0.06872914466488989
2024-04-22,246635020.36385268,0.004148847585023184,-0.06486544382573034
2024-04-23,244766810.91431472,-0.007574793907133924,-0.07194889536418958
2024-04-24,247993718.14533484,0.013183597968066688,-0.05971384270685087
2024-04-25,247823880.9226496,-0.0006848448579883618,-0.06035779284671072
2024-04-26,248842904.2587612,0.00411188515133318,-0.05649409200755118
2024-05-02,248842904.2587612,0.0,-0.05649409200755118
2024-05-03,247823880.9226496,-0.004095046789246464,-0.06035779284671072
2024-05-06,250880950.93098444,0.012335655453999662,-0.048766690329231976
2024-05-07,251305543.98769763,0.0016924085114377464,-0.04715681497958202
2024-05-08,251730137.0444108,0.0016895491041532666,-0.04554693962993228
2024-05-09,251815055.65575343,0.00033733986855795974,-0.045224964560002245
2024-05-10,251645218.43306816,-0.0006744522174935216,-0.04586891469986221
2024-05-13,252071975.36686376,0.0016958674456558716,-0.04425083485341341
2024-05-14,252487755.00759858,0.0016494480996140045,-0.04267437620925474
2024-05-15,253457907.50264654,0.0038423744352226513,-0.038995972706217574
2024-05-16,253319314.28906825,-0.0005468095864274293,-0.03952145892093717
2024-05-17,254289466.7841162,0.0038297612551599376,-0.035843055417900005
2024-05-20,254289466.7841162,0.0,-0.035843055417900005
2024-05-21,256645551.41494694,0.009265364628063722,-0.026909789767667003
2024-05-22,255121026.06558588,-0.005940197836884362,-0.03269013812958255
2024-05-23,255788775.69243342,0.0026173837458456756,-0.03015831701992666
2024-05-24,248616394.4920997,-0.028040249932459734,-0.05735292020560523
2024-05-27,250991461.91961104,0.009553140823087622,-0.04834767990585709
2024-05-28,254584979.67226744,0.014317290816081036,-0.03472259688327106
2024-05-29,253926033.79747522,-0.002588314030311187,-0.03722103792890041
2024-05-30,254581741.55517575,0.002582278578901083,-0.03473487443892764
2024-05-31,252913086.19052804,-0.006554497406036744,-0.04106170220055538
2024-06-03,254654769.90227804,0.0068864910787492075,-0.03445798216768858
2024-06-04,255763125.37814593,0.004352384509794263,-0.030255572045719714
2024-06-05,254792972.88309798,-0.00379316796982984,-0.03393397554875688
2024-06-06,254100006.8152066,-0.0027197220553226566,-0.03656140662235474
2024-06-07,255763125.37814593,0.0065451338777367425,-0.030255572045719714
2024-06-10,255208752.5238328,-0.0021675245541885467,-0.032357516904598094
2024-06-11,254100006.8152066,-0.004344465844770233,-0.03656140662235474
2024-06-12,254792972.88309798,0.0027271391157236233,-0.03393397554875688
2024-06-13,254792972.88309798,0.0,-0.03393397554875688
2024-06-14,252991261.10658035,-0.007071277343838977,-0.0407652963401115
2024-06-17,252159701.82511067,-0.003286909112324449,-0.04391821362842907
2024-06-18,253545633.96089345,0.005496247519930894,-0.03866335148123323
2024-06-19,255347345.73741108,0.007106065083319571,-0.0318320306898785
2024-06-20,259089362.5040246,0.01465461391739569,-0.01764390289244966
2024-06-21,258534989.6497115,-0.002139697473316736,-0.01974584775132804
2024-06-24,254654379.6695197,-0.015009999170517025,-0.03445946176347647
2024-06-25,255347345.73741108,0.0027212022380714317,-0.0318320306898785
2024-06-26,254209310.37525272,-0.004456812969298172,-0.0361469742519589
2024-06-27,254863792.0007317,0.0025745777151626177,-0.03366545973117596
2024-06-28,251081008.29383478,-0.014842373948850572,-0.048008158337536466
2024-07-01,251339198.29287696,0.0010283135343316324,-0.047029212242181706
2024-07-02,253296638.75073156,0.007788042896411488,-0.0396074348680967
2024-07-03,256818230.24929515,0.01390303288639047,-0.026255065451222914
2024-07-04,257862999.08262858,0.00406812566350632,-0.022293748693275828
2024-07-05,258775670.70714974,0.003539366360307914,-0.018833288077138022
2024-07-08,254470502.5835861,-0.016636680379569776,-0.03515664506247207
2024-07-09,256818230.24929515,0.009225932443536904,-0.026255065451222914
2024-07-10,254209310.37525272,-0.010158624142491465,-0.0361469742519589
2024-07-11,254470502.5835861,0.001027469088161297,-0.03515664506247207
2024-07-12,254602599.79239836,0.0005191061732936081,-0.03465578892066268
2024-07-15,254209310.37525272,-0.0015447187792517665,-0.0361469742519589
2024-07-16,255383174.20810723,0.004617705901965993,-0.031696184446334486
2024-07-17,257340614.66596186,0.007664719744847188,-0.02427440707224937
2024-07-18,259427150.12333754,0.008108068988970435,-0.016363156650487154
2024-07-19,259427150.12333754,0.0,-0.016363156650487154
2024-07-22,259427150.12333754,0.0,-0.016363156650487154
2024-07-23,259427150.12333754,0.0,-0.016363156650487154
2024-07-24,259427150.12333754,0.0,-0.016363156650487154
2024-07-25,259427150.12333754,0.0,-0.016363156650487154
2024-07-26,259427150.12333754,0.0,-0.016363156650487154
2024-07-29,259427150.12333754,0.0,-0.016363156650487154
2024-07-30,259427150.12333754,0.0,-0.016363156650487154
2024-07-31,259427150.12333754,0.0,-0.016363156650487154
2024-08-01,259427150.12333754,0.0,-0.016363156650487154
2024-08-02,259427150.12333754,0.0,-0.016363156650487154
2024-08-05,259427150.12333754,0.0,-0.016363156650487154
2024-08-06,259427150.12333754,0.0,-0.016363156650487154
2024-08-07,259427150.12333754,0.0,-0.016363156650487154
2024-08-08,259427150.12333754,0.0,-0.016363156650487154
2024-08-09,259344133.4352981,-0.00031999999999993763,-0.016677920440358873
2024-08-12,258757857.38982162,-0.0022606104009780205,-0.01890082856092279
2024-08-13,260663254.53762013,0.007363630101976019,-0.011676377169090202
2024-08-14,253409610.9003141,-0.02782764164505264,-0.03917909277456899
2024-08-15,251224235.79043263,-0.00862388408283828,-0.04746510090284861
2024-08-16,255198227.875552,0.015818506015615505,-0.0323974218713966
2024-08-19,254332819.10168737,-0.0033911237592396037,-0.03567868196359003
2024-08-20,257101846.77324218,0.010887417838307729,-0.025179712843739988
2024-08-21,260083113.3350842,0.011595663738936234,-0.01387602458798265
2024-08-22,261321714.03044328,0.004762326471243447,-0.009179780275950233
2024-08-23,261190462.0553258,-0.0005022620320873308,-0.009677431652941992
2024-08-26,260046387.06127977,-0.004380232666396878,-0.014015274917085874
2024-08-27,258171623.9859845,-0.007209340981359155,-0.0211235750026203
2024-08-28,258025900.20831022,-0.0005644453694190596,-0.021676097267943506
2024-08-29,257424307.1265821,-0.0023315220729486874,-0.023957081041656614
2024-08-30,257585347.94050804,0.0006255851116917403,-0.023346483123184103
2024-09-04,260010972.52937692,0.009416780140107616,-0.014149551681692296
2024-09-05,258398713.4043166,-0.006200734951207343,-0.020262549013243092
2024-09-06,257864014.16068944,-0.0020692798218020403,-0.02228989995123365
2024-09-09,258157152.1834277,0.0011367930639425224,-0.021178445890951747
2024-09-10,255613902.1883034,-0.00985155736966463,-0.030821362585921275
2024-09-11,256346747.245149,0.002866999997150819,-0.02804272743521652
2024-09-12,256151603.64122176,-0.0007612486057433978,-0.02878262855379854
2024-09-13,256658204.51343006,0.001977738436952621,-0.026861814627653358
2024-09-16,254898531.14330584,-0.006856096314786396,-0.033533743754162626
2024-09-17,258105575.3815784,0.012581650525359535,-0.021374003073524883
2024-09-18,257520144.5697967,-0.0022681835172145537,-0.023593706429271166
2024-09-19,259815828.92544967,0.008914581651420088,-0.014889452800274539
2024-09-20,259361650.0887855,-0.0017480799323989224,-0.01661150477902884
2024-09-23,259490745.08830658,0.0004977412793174491,-0.016122031731351516
2024-09-24,260387633.1683693,0.0034563393764101284,-0.012721415568042183
2024-09-25,262275556.3043198,0.007250433182937515,-0.005563218158673111
2024-09-26,261315621.82914212,-0.0036600226445191795,-0.009202879298755184
2024-09-27,261444716.8286632,0.0004940194490380824,-0.00871340625107786
2024-09-30,260370159.15652126,-0.0041100760618779176,-0.012787669550505809
2024-10-01,260094495.14563107,-0.0010587388807657896,-0.013832869628324085
2024-10-02,256036980.4442575,-0.015600156009075508,-0.029217230713144526
2024-10-03,254278152.3078281,-0.006869430085363464,-0.03588595507483605
2024-10-04,255125620.56163794,0.0033328394363346557,-0.03267271776478542
2024-10-07,255468178.41062906,0.001342702658545281,-0.031373884851244815
2024-10-08,255468178.41062906,0.0,-0.031373884851244815
2024-10-09,255890411.4328884,0.001652781277442096,-0.029772957743285478
2024-10-10,254864428.35330456,-0.004009462776814149,-0.03366304695427225
2024-10-11,256705933.87229335,0.007225431696713714,-0.02668084530402992
2024-10-14,255550855.79318845,-0.004499615812073636,-0.031060407562694015
2024-10-15,254508710.44365817,-0.00407803505997125,-0.03501177719164761
2024-10-16,253468255.5615175,-0.0040880914461707465,-0.03895673729096594
2024-10-17,257425618.86848366,0.015612855732956633,-0.023952107477159812
2024-10-18,257247104.0427097,-0.0006934617718260432,-0.024628959378095838
2024-10-21,256496784.97401607,-0.002916725035587049,-0.02747384851126433
2024-10-22,256331430.20889735,-0.0006446660340614761,-0.0281008030883656
2024-10-23,258842734.38961676,0.009797098150128596,-0.018579011264191148
2024-10-24,257650551.3112194,-0.004605820137114062,-0.02309925981709693
2024-10-25,258529965.3794341,0.003413204682618587,-0.01976489763625111
2024-10-28,256558053.11902264,-0.007627403103997536,-0.027241545898667674
2024-10-29,257586659.68240964,0.004009254634115166,-0.02334150955868719
2024-10-30,257750702.7056268,0.0006368459586354268,-0.022719528546082723
2024-10-31,257293521.65967143,-0.001773733460884099,-0.024452963618969092
2024-11-01,256853814.62556407,-0.0017089704834813864,-0.026120144709392057
2024-11-04,257000383.63693318,0.0005706320211080933,-0.025564417679251106
2024-11-05,257325467.47407627,0.0012649157660493701,-0.02433183874817413
2024-11-06,257765174.50818363,0.0017087583223827415,-0.022664657657751164
2024-11-07,258937726.5991366,0.004548915861850593,-0.018218841416623333
2024-11-08,257650551.3112194,-0.004970983969091079,-0.02309925981709693
2024-11-11,255353820.25478488,-0.008914132124872737,-0.03180748208797335
2024-11-12,259705245.22074246,0.01704076704870071,-0.015308738931939514
2024-11-13,259162972.3482709,-0.0020880320380539624,-0.017364805832641328
2024-11-14,259452006.5133875,0.0011152602646036774,-0.016268911845985334
2024-11-15,263374937.6238677,0.01512006464393163,-0.0013948342008515136
2024-11-18,263550192.77199006,0.0006654207484717338,-0.0007303416039976529
2024-11-19,261360559.31061968,-0.008308221816649308,-0.009032495580599043
2024-11-20,258125672.09699628,-0.012377105490422646,-0.021297804920378804
2024-11-21,262585640.68427303,0.017278283678815284,-0.004387510756713953
2024-11-22,263966088.75024393,0.0052571346337658914,0.0
2024-11-25,265894530.00328097,0.0073056401379711445,0.0
2024-11-26,263519454.706426,-0.008932396228029459,-0.008932396228029438
2024-11-27,264448696.255301,0.003526273040866095,-0.005437621255172553
2024-11-28,266280350.8383678,0.006926313530767028,0.0
2024-11-29,267792896.11315095,0.005680273704090466,0.0
2024-12-02,267743523.53360897,-0.00018436851857757926,-0.0001843685185776156
2024-12-03,271341447.01773345,0.013437947766728506,0.0
2024-12-04,275566495.08947337,0.015570964621058371,0.0
2024-12-05,270636516.87436306,-0.01789033972910819,-0.01789033972910814
2024-12-06,271407495.62213963,0.0028487609753508523,-0.015092544055413382
2024-12-09,273963061.46279204,0.009415973699600138,-0.005818681353699118
2024-12-10,271542310.93625534,-0.008836047143039663,-0.014603314353987096
2024-12-11,270623918.9971396,-0.0033821319997948884,-0.017936056017002322
2024-12-12,264990571.49592784,-0.020816147819037664,-0.03837884424269955
2024-12-13,266954323.28780693,0.007410647785667593,-0.031252608554135586
2024-12-16,266086557.8700601,-0.0032506138393244626,-0.034401632231578994
2024-12-17,268164645.5008201,0.007809818156146096,-0.02686048456743617
2024-12-18,268123720.7478938,-0.00015261054584529444,-0.02700899592006989
2024-12-19,270214722.57803714,0.007798645432454741,-0.019420984070282477
2024-12-20,272449262.24618185,0.008269496372461256,-0.011312089455139951
2024-12-23,270833893.66467404,-0.005929062050636697,-0.01717408142547483
2024-12-24,274348785.6040862,0.012978035695059825,-0.004418931572184648
2024-12-25,274094292.9549043,-0.0009276244785320891,-0.005342456941621498
2024-12-26,272934597.26326,-0.004231009989818034,-0.009550862942749316
2024-12-27,270147808.256931,-0.010210464463913283,-0.01966380865998596
2024-12-30,271097065.19420433,0.0035138428232980826,-0.016219061369626475
2024-12-31,273277902.24935067,0.008044487879586826,-0.008305047532645826
2025-01-02,275359245.9545888,0.007616216635544118,-0.000752083938278858
2025-01-03,274312190.8846164,-0.003802505582634666,-0.004551729717539588
2025-01-06,277184528.7260294,0.010471054283625365,0.0
2025-01-07,277595210.1406914,0.001481617377959515,0.0
2025-01-08,273849746.53263426,-0.01349253687107518,-0.013492536871075211
2025-01-09,273855108.86090267,1.9581278917743147e-05,-0.013473219793285196
2025-01-10,273713467.05504215,-0.0005172144001610083,-0.013983465650152627
2025-01-13,274852611.3684845,0.004161813175284044,-0.009879849046447453
2025-01-14,274852611.3684845,0.0,-0.009879849046447453
2025-01-15,275515688.5852558,0.002412482870254931,-0.0074912011427777925
2025-01-16,280797230.22350603,0.019169658415353386,0.0
2025-01-17,282837090.37456,0.0072645308838349245,0.0
2025-01-20,282885483.70954514,0.00017109967763085773,0.0
2025-01-21,284956081.9261632,0.007319563342260658,0.0
2025-01-22,287624909.64671814,0.009365751039651383,0.0
2025-01-23,286419053.8064726,-0.004192459692474705,-0.004192459692474726
2025-01-24,290714183.0073507,0.014995961839117774,0.0
2025-02-03,290050935.21444845,-0.0022814428454818836,-0.002281442845481929
2025-02-04,294124238.0820216,0.014043405392096238,0.0
2025-02-05,299525930.5488922,0.018365342829597918,0.0
2025-02-06,299513487.8636919,-4.154126214539194e-05,-4.1541262145394775e-05
2025-02-07,298631607.35499,-0.002944376612192045,-0.0029857955612166975
2025-02-10,293183048.17358357,-0.018245085406949624,-0.021176404873144317
2025-02-11,295151645.1566395,0.00671456619105212,-0.01460402905430136
2025-02-12,302139651.9705741,0.023675988017027548,0.0
2025-02-13,304195964.5201061,0.006805834772498726,0.0
2025-02-14,302638048.95171213,-0.00512142089344178,-0.005121420893441808
2025-02-17,305190801.65294844,0.008435002505727943,0.0
2025-02-18,309013174.67162615,0.012524535464290864,0.0
2025-02-19,306581461.7552722,-0.007869285569904936,-0.00786928556990496
2025-02-20,305654355.0203897,-0.003024014333986684,-0.010869503071530007
2025-02-21,307392032.72739017,0.0056851069793675164,-0.005246190379936677
2025-02-24,311794494.87627375,0.014321978711751105,0.0
2025-02-25,315733403.65771604,0.012633028633187772,0.0
2025-02-26,315849939.4204806,0.0003690954501947743,0.0
2025-02-27,313418226.5041267,-0.00769895007995117,-0.007698950079951139
2025-02-28,315849939.4204806,0.007758683799207394,0.0
2025-03-03,315386386.0530394,-0.0014676379811620723,-0.0014676379811621176
2025-03-04,315733403.65771604,0.0011002935447515004,-0.00036895926900726295
2025-03-05,315733403.65771604,0.0,-0.00036895926900726295
2025-03-06,320715954.9368055,0.01578088102610452,0.0
2025-03-07,322803239.9320997,0.0065082044194074975,0.0
2025-03-10,322803239.9320997,0.0,0.0
2025-03-11,325234952.8484536,0.00753311186363985,0.0
2025-03-12,326395131.10886526,0.0035672004200368837,0.0
2025-03-13,322919775.6948642,-0.010647693800438106,-0.010647693800438063
2025-03-14,324657453.40186477,0.005381143670316844,-0.00532384690021892
2025-03-17,326162059.5833361,0.004634442134950553,-0.0007140778256627955
2025-03-18,324424381.8763356,-0.0053276512578450536,-0.006037924725881827
2025-03-19,320715954.9368055,-0.01143078987492289,-0.017399696351982463
2025-03-20,322339686.5646584,0.00506283395901791,-0.012424954166531998
2025-03-21,321412579.82977587,-0.002876179302533895,-0.015265397073057185
2025-03-24,323497275.1414531,0.0064860414386434355,-0.008878367632406903
2025-03-25,326975220.23907113,0.01075108003953749,0.0
2025-03-26,327552719.68565995,0.0017661871935328,0.0
2025-03-27,324657453.40186477,-0.008839084855023206,-0.00883908485502316
2025-03-28,325004471.0065415,0.0010688730569422076,-0.007779659657730531
2025-03-31,325121006.769306,0.00035856664495599486,-0.007423882539236981
2025-04-01,326162059.5833361,0.003202047214281678,-0.004245606947359204
2025-04-02,326975220.23907113,0.0024931184723747707,-0.0017630732760912649
2025-04-03,321179508.3042467,-0.017725232910881798,-0.019457055302515402
2025-04-04,326278595.3461007,0.01587612817759128,-0.003889829828865321
2025-04-08,320602008.8576579,-0.01739797390760901,-0.02122012857860678
2025-04-09,315272439.9738918,-0.016623629099380838,-0.037491002131055606
2025-04-10,320138455.4902166,0.015434319335771248,-0.02263533089439318
2025-04-11,325351488.61121815,0.016283682986534716,-0.006720234460438124
2025-04-14,331030664.783278,0.017455510027944637,0.0
2025-04-15,336838554.14431655,0.017544868131298123,0.0
2025-04-16,331821750.9970777,-0.014893791359433962,-0.014893791359433917
2025-04-17,340217927.29074395,0.025303272821739126,0.0
2025-04-18,349672439.35707587,0.02778957635072614,0.0
2025-04-21,342227144.04800195,-0.02129219941601115,-0.021292199416011126
2025-04-22,337294483.28129137,-0.014413411830414911,-0.035398718007467744
2025-04-23,341437402.22385854,0.01228279485114533,-0.023550718347601696
2025-04-24,345308875.5007617,0.011338749802122957,-0.012479004248482473
2025-04-25,350229595.1156002,0.01425019732754505,0.0
2025-04-28,357312221.4538104,0.02022280937129943,0.0
2025-04-29,355835564.05458647,-0.004132680917590194,-0.004132680917590226
2025-05-05,359800261.92473817,0.011141938217124074,0.0
2025-05-06,363098716.66727996,0.009167460648574375,0.0
2025-05-07,361600580.70350343,-0.004125974273683052,-0.004125974273682997
2025-05-08,366427909.2856778,0.013349891675457673,0.0
2025-05-09,369922928.3125671,0.009538080856620848,0.0
2025-05-12,372142317.79607636,0.005999599683191211,0.0
2025-05-13,376127840.88262445,0.010709674487307422,0.0
2025-05-14,378686448.2962109,0.006802494087069944,0.0
2025-05-15,379256178.6919488,0.001504491112109298,0.0
2025-05-16,387934208.4924834,0.022881709746865705,0.0
2025-05-19,397179379.0051389,0.023831800110081375,0.0
2025-05-20,395900075.2983457,-0.0032209721209535322,-0.0032209721209535136
2025-05-21,395900075.2983457,0.0,-0.0032209721209535136
2025-05-22,390352972.99075234,-0.01401136967052384,-0.017187211560392268
2025-05-23,399740576.10234237,0.024049011436150698,0.0
2025-05-26,405287678.4099356,0.013876755674092606,0.0
2025-05-27,411689376.3111357,0.015795441712701173,0.0
2025-05-28,403153779.1095356,-0.02073310047026651,-0.020733100470266552
2025-05-29,400025441.30021125,-0.0077596638588729805,-0.028331882438737965
2025-05-30,394193473.794749,-0.014578991492407234,-0.04249782365810695
2025-06-02,394620771.59155244,0.0010839798860442392,-0.041459910558108826
2025-06-03,395330344.9026078,0.0017981144484451965,-0.03973634577386931
2025-06-04,393908608.5968801,-0.0035963247548780356,-0.0431897657247724
2025-06-05,392486872.29115236,-0.003609304987753398,-0.04664318567567549
2025-06-06,393766175.99794567,0.003259481519280733,-0.04353573675810507
2025-06-09,384803280.9995421,-0.02276197282737233,-0.06530675032836974
2025-06-10,393766175.99794567,0.023292148068805616,-0.04353573675810507
2025-06-11,396894513.80726993,0.007944658530905879,-0.03593695478963366
2025-06-12,395045479.70473886,-0.00465875450077135,-0.04042828784053487
2025-06-13,388786214.4024732,-0.015844416969266133,-0.055632142159901976
2025-06-16,397464244.2030078,0.02232082691993567,-0.03455307065630275
2025-06-17,393766175.99794567,-0.00930415316345622,-0.04353573675810507
2025-06-18,391774709.29648006,-0.005057485438962631,-0.048373040842339066
2025-06-19,393196445.6022078,0.0036289639734039206,-0.044919620891435974
2025-06-20,395330344.9026078,0.005427056435191837,-0.03973634577386931
2025-06-23,397179379.0051389,0.004677187386125386,-0.035245012722968205
2025-06-24,396042507.8972801,-0.002862361864572198,-0.038006490607205845
2025-06-25,392486872.29115236,-0.008977914075450582,-0.04664318567567549
2025-06-26,393908608.5968801,0.0036223792592814568,-0.0431897657247724
2025-06-27,390777681.10393876,-0.007948360164287403,-0.0507948380756682
2025-06-30,393766175.99794567,0.007647557776494483,-0.04353573675810507
2025-07-01,394620771.59155244,0.002170312347018929,-0.041459910558108826
2025-07-02,393196445.6022078,-0.0036093538198716216,-0.044919620891435974
2025-07-03,393338878.2011422,0.00036224284458183885,-0.044573649858103415
2025-07-04,392486872.29115236,-0.002166086184732907,-0.04664318567567549
2025-07-07,391430838.3881318,-0.002690622228600756,-0.04920830871208459
2025-07-08,394112504.8474874,0.006850933029186954,-0.042694498510363665
2025-07-09,393190682.0020839,-0.0023389840060015783,-0.044933620767205196
2025-07-10,393693494.4632131,0.001278800551856729,-0.04371228135438254
2025-07-11,391430838.3881318,-0.0057472528931836655,-0.04920830871208459
2025-07-14,396877973.38369787,0.013915957715536057,-0.03597713173983885
2025-07-15,397715994.1522465,0.00211153257361153,-0.03394156605180121
2025-07-16,399811046.073618,0.005267708495951333,-0.02885265183170682
2025-07-17,403452993.2474365,0.009109170968597825,-0.020006304601541403
2025-07-18,412535102.90223575,0.022510948751913687,0.0
2025-07-21,402751091.27812356,-0.023716797807702788,-0.02371679780770275
2025-07-22,409080032.1292086,0.01571427362493366,-0.008375216433026633
2025-07-23,405311695.992743,-0.009211733256331059,-0.017509799429612616
2025-07-24,406710779.12661815,0.003451869629491723,-0.014118371344990388
2025-07-25,411354987.9367862,0.01141894694834774,-0.0028606413300281686
2025-07-28,417113843.3508533,0.01399972185326248,0.0
2025-07-29,404682407.9438628,-0.02980345918784068,-0.029803459187840664
2025-07-30,403888172.26228464,-0.0019626147961646382,-0.0317075812740264
2025-07-31,408572657.731738,0.01159847153536161,-0.020476869217526672
2025-08-01,405661268.3163979,-0.007125756851922372,-0.027456712878316414
2025-08-04,406577417.6493857,0.0022584096746284124,-0.0252603117096859
2025-08-05,403663270.9120424,-0.007167507615625475,-0.032246765848759074
2025-08-06,407680948.9953335,0.009953043471637921,-0.02261467583943355
2025-08-07,411635916.0390772,0.009701132842950187,-0.013132930971001988
2025-08-08,419980052.38797665,0.020270671299020715,0.0
2025-08-11,423734617.416703,0.008939865137351524,0.0
2025-08-12,428923943.8683895,0.012246642682448785,0.0
2025-08-13,437802353.12933195,0.02069926239339695,0.0
2025-08-14,444729878.914436,0.01582340920643148,0.0
2025-08-15,446299810.08104444,0.0035300780114899824,0.0
2025-08-18,457228069.9355508,0.024486364564040235,0.0
2025-08-19,451060836.50083756,-0.013488308877411124,-0.013488308877411148
2025-08-20,446113585.23208225,-0.010968035503002776,-0.024308404129770977
2025-08-21,433928782.3706975,-0.027313229779913187,-0.05095769288210472
2025-08-22,424085304.57172763,-0.022684546863178022,-0.0724862875730592
2025-08-25,411951637.0299818,-0.028611384103486695,-0.09902373866055736
2025-08-26,426735444.6289861,0.0358872408071736,-0.06669018660832182
2025-08-27,439231001.0616891,0.02928174022096264,-0.03936125110691158
2025-08-28,435204234.88363737,-0.009167764042880387,-0.048168160487211176
2025-08-29,434410594.7399305,-0.0018236039084478521,-0.04990392474993188
2025-09-03,454940976.1382911,0.04726031465842028,-0.0050020852778834834
2025-09-04,452967001.3463801,-0.004338968999158618,-0.009319350384090153
2025-09-05,448479369.9612334,-0.009907192735470553,-0.019134214519136217
2025-09-08,435276391.85637,-0.029439432422509584,-0.04801034652635183
2025-09-09,444751653.5721848,0.021768379570058147,-0.02728707440276934
2025-09-10,445480999.13774514,0.0016398939941028583,-0.02569192831809619
2025-09-11,445561987.69899225,0.0001818002595034772,-0.025514798857828147
2025-09-12,446887199.77417994,0.0029742485036289832,-0.02261643770652244
2025-09-15,452701013.5211701,0.013009577696402957,-0.009901090313678362
2025-09-16,448378736.8376353,-0.00954775128492765,-0.019354308450841406
2025-09-17,440931438.3013648,-0.01660939273970808,-0.03564223788028398
2025-09-18,443065779.3257236,0.004840528116074237,-0.030974237018789097
2025-09-19,435037177.629576,-0.018120563741947822,-0.048533530124479696
2025-09-22,431074065.21350974,-0.00910982467673323,-0.05720122285083595
2025-09-23,433683702.36795026,0.006053802269797828,-0.05149370547376775
2025-09-24,435348141.44380146,0.003837910133037561,-0.047853423554755636
2025-09-25,438026760.1824289,0.006152819970113995,-0.04199503708472763
2025-09-26,434985418.0019305,-0.006943279399714681,-0.04864673320856172
2025-09-29,435230455.04964834,0.0005633224415738502,-0.048110814563513515
2025-09-30,435230455.04964834,0.0,-0.048110814563513515
2025-10-01,437418491.7463292,0.005027306042798054,-0.04332537630949451
2025-10-02,435472609.30856955,-0.004448560073423022,-0.0475812008437011
2025-10-03,433771763.9185278,-0.003905745972731374,-0.05130110673285948
2025-10-06,439730488.3612674,0.013737003969347322,-0.038268826270333345
2025-10-07,438494665.40937066,-0.0028104099774892517,-0.04097168515664562
2025-10-08,439030232.04664874,0.0012213754910292574,-0.0398003514776929
2025-10-09,439712553.20227766,0.0015541552854984716,-0.03830805211880817
2025-10-10,444709246.63479614,0.011363545107205277,-0.027379822289824163
2025-10-13,450873920.66149354,0.013862257358817518,-0.013897111074026802
2025-10-14,457936487.9769434,0.015664173490203392,0.0
2025-10-15,457983331.4394934,0.00010229248767004253,0.0
2025-10-16,459613911.63571024,0.0035603483451935327,0.0
2025-10-17,451967920.0689368,-0.016635683501315824,-0.016635683501315834
2025-10-20,423045499.0751667,-0.06399219880331043,-0.0795633283387811
2025-10-21,425249121.1941707,0.005208948266371868,-0.07476882133362628
2025-10-22,426799890.65637404,0.003646731727154435,-0.07139475143943119
2025-10-23,425820766.54091924,-0.0022941058254466783,-0.07352507014969434
2025-10-24,415653473.73715997,-0.02387693039574257,-0.09564644756313057
2025-10-27,403245695.2506467,-0.029851256564643467,-0.12264253748207032
2025-10-28,413956613.19371974,0.026561766360370977,-0.09933837354814112
2025-10-29,408965829.9756583,-0.012056295415978545,-0.11019701618648037
2025-10-30,403126725.7902345,-0.014277731187887594,-0.1229013839995502
2025-10-31,396344729.848534,-0.01682348380253386,-0.13765723835905863
2025-11-03,397394939.64625955,0.0026497382673081175,-0.13537225574400247
2025-11-04,400621440.11344016,0.008119128215504388,-0.1283522322297056
2025-11-05,402556605.32068205,0.0048304084940983955,-0.12414181744840613
2025-11-06,403190189.25090885,0.001573900221366586,-0.12276330406100244
2025-11-07,394917667.6144328,-0.020517665997393544,-0.14076215358893585
2025-11-10,389108015.89955354,-0.0147110453426241,-0.15340244050758767
2025-11-11,388839279.21880484,-0.000690648020003973,-0.15398714143579129
2025-11-12,399030801.0016737,0.026210113863352685,-0.1318130480829629
2025-11-13,404648545.2075634,0.014078472618624091,-0.11959030185255215
2025-11-14,404997946.8089807,0.0008634693131988858,-0.11883009509515918
2025-11-17,406431415.95336175,0.0035394479297376517,-0.11571124009949663
2025-11-18,407793736.2847891,0.0033519070572626767,-0.11274718636452807
2025-11-19,407142787.15310323,-0.0015962705499509011,-0.11416348190129544
2025-11-20,411606237.26550746,0.010962861809770384,-0.10445217856733113
2025-11-21,412434770.0973425,0.00201292584227917,-0.10264950721457256
2025-11-24,417211018.1867442,0.011580614525478625,-0.0922576370633762
2025-11-25,418916821.0758163,0.004088585427311368,-0.08854625486652035
2025-11-26,419891565.5838575,0.0023268211229569894,-0.08642546503974557
2025-11-27,421353682.34591925,0.003482129392212743,-0.0832442802995833
2025-11-28,427397098.2957745,0.01434285780109499,-0.07009538337357979
2025-12-01,432027134.70897007,0.010833102123663448,-0.060021631696399624
2025-12-02,434373689.1298497,0.005431497774926408,-0.054916141280479724
2025-12-03,430280559.43234944,-0.009423060834323801,-0.06382172397473118
2025-12-04,428760558.60750085,-0.0035325807581310753,-0.06712884933879837
2025-12-05,440943141.60469866,0.028413488024093367,-0.04062272607146411
2025-12-08,448995267.34442544,0.01826114294560326,-0.023103400533492024
2025-12-09,454747057.178141,0.01281035737355188,-0.010589005977318378
2025-12-10,438022846.35865146,-0.03677695227599473,-0.04697652688583509
2025-12-11,430189181.1585401,-0.017884147517038766,-0.06402053926620943
2025-12-12,423840692.7914897,-0.01475743381075584,-0.07783319420621526
2025-12-15,422768473.83264446,-0.002529768795401485,-0.08016606301566753
2025-12-16,422768473.83264446,0.0,-0.08016606301566753
2025-12-17,422768473.83264446,0.0,-0.08016606301566753
2025-12-18,422573524.93103623,-0.0004611245011741354,-0.08059022098102242
2025-12-19,428227043.07767504,0.013378779817219882,-0.06828963998572879
2025-12-22,438266911.5104991,0.02344519944529278,-0.046445504769948576
2025-12-23,449086575.54975617,0.024687385141549417,-0.02290473769274859
2025-12-24,448989101.09895205,-0.00021705046668293193,-0.02311681667542609
2025-12-25,437487115.9040662,-0.025617515362251396,-0.04814213663136835
2025-12-26,434562882.37994266,-0.0066841591850782325,-0.054504506111692774
2025-12-29,439144181.56773615,0.010542315907661939,-0.044536793925851414
2025-12-30,442360838.44427204,0.007324830913283401,-0.0375381874974946
2025-12-31,448794152.1973438,0.01454313581576739,-0.023540974640780976
2026-01-05,452205757.97548795,0.007601716202050622,-0.016118210247069276
2026-01-06,452205757.97548795,0.0,-0.016118210247069276
2026-01-07,457503911.1422063,0.011716244371672846,-0.004590810765485065
2026-01-08,452959510.65054345,-0.009933030911839178,-0.014478241012080284
2026-01-09,447400565.99512386,-0.012272497926880474,-0.026573054756155123
2026-01-12,447767356.77583414,0.0008198263672162577,-0.02577501367988544
2026-01-13,452443621.82705796,0.010443514875437635,-0.015600680543228274
2026-01-14,441186792.23150486,-0.024880071355842675,-0.0400926058539558
2026-01-15,440207127.22484696,-0.00222052206436823,-0.04222410140240729
2026-01-16,444461563.14569056,0.009664622987057045,-0.03296755843637178
2026-01-19,445135700.80430996,0.0015167513110654013,-0.03150081071278732
2026-01-20,443221880.817711,-0.0042994079853422495,-0.035664783861006244
2026-01-21,442541448.9054673,-0.0015351947674342662,-0.037145226238875506
2026-01-22,451698371.3819959,0.020691671930790564,-0.01722215114321468
2026-01-23,445011634.09155875,-0.014803545272874735,-0.03177074752194453
2026-01-26,437814626.3890686,-0.01617262819922008,-0.047429559233880925
2026-01-27,440232850.50699556,0.005523397283164256,-0.042168134249330746
2026-01-28,443330643.3038409,0.007036714305344851,-0.035428145057487925
2026-01-29,442500991.2439844,-0.0018714069789393386,-0.037233251558515756
2026-01-30,446348460.81977034,0.008694827021674473,-0.028862161218597082
2026-02-02,440722964.1365967,-0.0126033742176276,-0.0411017748176572
2026-02-03,442396123.50175214,0.0037963970596206174,-0.03746141641509948
2026-02-04,445660872.87238926,0.007379697057006849,-0.030358173262562516
2026-02-05,441891704.926076,-0.008457480061060976,-0.03855889967856507
2026-02-06,428074023.68889177,-0.03126938361401417,-0.06862257026679597
2026-02-09,431498209.8906546,0.007999051594523816,-0.06117243415238505
2026-02-10,426418502.06822455,-0.011772257001291654,-0.07222455353744028
2026-02-11,431310078.1254004,0.01147130350453989,-0.061581759807008196
2026-02-12,431116186.1572823,-0.0004495419373478178,-0.062003618160747176
2026-02-13,431754884.2709843,0.0014814988028980791,-0.060613977643929506
2026-02-23,435191565.8546083,0.007959797813119875,-0.053136654837504294
2026-02-24,435842162.99480635,0.0014949672540653229,-0.05172112514241167
2026-02-25,434245722.69702125,-0.0036628863229189856,-0.05519456286344049
2026-02-26,434803636.3475671,0.0012847879009164102,-0.05398068826908742
2026-02-27,432503362.8398693,-0.005290373206214406,-0.058985483488430024
2026-03-02,424052872.2728628,-0.01953855459416451,-0.0773715469931926
2026-03-03,416705288.8274354,-0.017327045578173828,-0.09335797225016162
2026-03-04,414262191.66506135,-0.00586288973976941,-0.09867351449229989
2026-03-05,419097786.8340416,0.011672789036200313,-0.08815252057422862
2026-03-06,415126689.280043,-0.009475348424044776,-0.09679259315137478
2026-03-09,404233381.907609,-0.02624092272006494,-0.12049358891467987
2026-03-10,401488335.8351371,-0.00679074563193611,-0.12646609323401725
2026-03-11,405568958.333439,0.010163738604793457,-0.11758772294322384
2026-03-12,405992632.4557484,0.0010446413947712994,-0.11666591855135588
2026-03-13,408106220.1565599,0.0052059755075527835,-0.11206730295834766
2026-03-16,412868669.09254456,0.011669630847963247,-0.1017054561660351
2026-03-17,407144948.57202715,-0.013863295883162392,-0.11415877921743578
2026-03-18,405892226.9153026,-0.003076844404230539,-0.1168843748206374
2026-03-19,407326921.8892967,0.0035346697444726214,-0.11376285273944486
2026-03-20,401802053.2907555,-0.013563720691270067,-0.12578352587111497
2026-03-23,381896899.68100995,-0.049539701071018724,-0.16909194867082
2026-03-24,393415916.8647155,0.030162636023825146,-0.14402957154931206
2026-03-25,404740087.61938196,0.028784221149243706,-0.11939112943957453
2026-03-26,399702038.2294622,-0.012447616492729392,-0.1303526109404063
2026-03-27,412031128.2716963,0.030845702205692032,-0.1035277265535165
2026-03-30,413630711.8927224,0.0038821912017562945,-0.10004744978092406
2026-03-31,419068190.7217816,0.013145732830567537,-0.0882169139955562
2026-04-01,419870657.8736581,0.001914884426074861,-0.08647095476420785
2026-04-02,426510702.7512027,0.015814500854076388,-0.07202394889810282
2026-04-03,424510371.53527784,-0.004689990668514867,-0.07637614791837599
2026-04-06,420724931.3269356,-0.008917191338934519,-0.08461227853259157
2026-04-07,422725262.5428604,0.004754486998466911,-0.0802600795123185
2026-04-08,431462609.59840405,0.020669091321831697,-0.06124989110342438
2026-04-09,430279866.1694988,-0.0027412420047385343,-0.06382323233388454
2026-04-10,428291025.9065361,-0.0046222015467933635,-0.0681504300374629
2026-04-13,429229848.5692975,0.002192020392615616,-0.06610779677725498
2026-04-14,428602903.9112867,-0.0014606268881358167,-0.06747186483990253
2026-04-15,427680358.0385714,-0.0021524489551901058,-0.06947908405011327
2026-04-16,426182547.95640594,-0.0035021717832325514,-0.0727379281456606
2026-04-17,424716162.5298921,-0.003440744895691615,-0.07592840038636184
2026-04-20,426194038.90936804,0.003479680101347535,-0.07271292682896591
2026-04-21,423650997.0640853,-0.005966863947206737,-0.07824592263458097
2026-04-22,422584702.67383784,-0.002516916985058262,-0.0805659011279487
2026-04-23,423908468.5072602,0.0031325455584322952,-0.07768573192525585
2026-04-24,422668355.3975259,-0.0029254265999950355,-0.08038389461863671
2026-04-28,428013813.0685144,0.012646931341621299,-0.06875357287322947
2026-04-29,423426293.4255019,-0.010718157926081174,-0.07873481914727298
2026-05-04,422628463.92236924,-0.001884222863625762,-0.08047068806449797
2026-05-05,425620324.5591166,0.007079174481009216,-0.07396117962490423
2026-05-06,425620324.5591166,0.0,-0.07396117962490423
2026-05-07,427415440.941165,0.004217647227979206,-0.07005547456114813
2026-05-08,428213270.44429755,0.001866637062469639,-0.06831960564392325
2026-05-11,427016526.1895986,-0.0027947388306234335,-0.07092340901976069
2026-05-12,426617611.4380323,-0.0009341904284734161,-0.07179134347837313
2026-05-13,426218696.68646604,-0.0009350639562713753,-0.07265927793698557
2026-05-14,429729146.5002495,0.008236264249021942,-0.0650214547011958
2026-05-15,429011099.94743013,-0.001670928208307961,-0.06658373672669826
2026-05-18,427814355.69273126,-0.002789541470711407,-0.0691875401025357
2026-05-19,427854247.16788787,9.324482599937918e-05,-0.06910074665667443
2026-05-20,428492510.77039397,0.0014917781154002421,-0.0677120515228945
2026-05-21,425301192.7578635,-0.007447780141577554,-0.07465552719179436
2026-05-22,424423580.3044176,-0.0020635080935349315,-0.07656498300074188
2026-05-25,425341084.2330202,0.0021617647349953953,-0.07456873374593298
2026-05-26,423027378.6739356,-0.005439647484927759,-0.07960275360588542
2026-05-27,422149766.22048974,-0.0020745996540387163,-0.08151220941483284
2026-05-28,422149766.22048974,0.0,-0.08151220941483284
2026-05-29,422349223.5962728,0.00047248012848338,-0.08107824218552673
