date,equity,portfolio_return,drawdown
2018-01-02,100000000.0,0.0,0.0
2018-01-03,100000000.0,0.0,0.0
2018-01-04,100000000.0,0.0,0.0
2018-01-05,100000000.0,0.0,0.0
2018-01-08,100000000.0,0.0,0.0
2018-01-09,100000000.0,0.0,0.0
2018-01-10,100000000.0,0.0,0.0
2018-01-11,100000000.0,0.0,0.0
2018-01-12,100000000.0,0.0,0.0
2018-01-15,100000000.0,0.0,0.0
2018-01-16,100000000.0,0.0,0.0
2018-01-17,100000000.0,0.0,0.0
2018-01-18,100000000.0,0.0,0.0
2018-01-19,100000000.0,0.0,0.0
2018-01-22,100000000.0,0.0,0.0
2018-01-23,100000000.0,0.0,0.0
2018-01-24,100000000.0,0.0,0.0
2018-01-25,100000000.0,0.0,0.0
2018-01-26,100000000.0,0.0,0.0
2018-01-29,100000000.0,0.0,0.0
2018-01-30,100000000.0,0.0,0.0
2018-01-31,100000000.0,0.0,0.0
2018-02-01,100000000.0,0.0,0.0
2018-02-02,100000000.0,0.0,0.0
2018-02-05,100000000.0,0.0,0.0
2018-02-06,100000000.0,0.0,0.0
2018-02-07,100000000.0,0.0,0.0
2018-02-08,100000000.0,0.0,0.0
2018-02-09,100000000.0,0.0,0.0
2018-02-12,100000000.0,0.0,0.0
2018-02-13,100000000.0,0.0,0.0
2018-02-21,100000000.0,0.0,0.0
2018-02-22,100000000.0,0.0,0.0
2018-02-23,100000000.0,0.0,0.0
2018-02-26,100000000.0,0.0,0.0
2018-02-27,100000000.0,0.0,0.0
2018-02-28,100000000.0,0.0,0.0
2018-03-01,100000000.0,0.0,0.0
2018-03-02,100000000.0,0.0,0.0
2018-03-05,100000000.0,0.0,0.0
2018-03-06,100000000.0,0.0,0.0
2018-03-07,100000000.0,0.0,0.0
2018-03-08,100000000.0,0.0,0.0
2018-03-09,100000000.0,0.0,0.0
2018-03-12,100000000.0,0.0,0.0
2018-03-13,100000000.0,0.0,0.0
2018-03-14,100000000.0,0.0,0.0
2018-03-15,100000000.0,0.0,0.0
2018-03-16,100000000.0,0.0,0.0
2018-03-19,100000000.0,0.0,0.0
2018-03-20,100000000.0,0.0,0.0
2018-03-21,100000000.0,0.0,0.0
2018-03-22,100000000.0,0.0,0.0
2018-03-23,100000000.0,0.0,0.0
2018-03-26,100000000.0,0.0,0.0
2018-03-27,100000000.0,0.0,0.0
2018-03-28,100000000.0,0.0,0.0
2018-03-29,100000000.0,0.0,0.0
2018-03-30,100000000.0,0.0,0.0
2018-04-02,100000000.0,0.0,0.0
2018-04-03,100000000.0,0.0,0.0
2018-04-04,100000000.0,0.0,0.0
2018-04-05,100000000.0,0.0,0.0
2018-04-06,100000000.0,0.0,0.0
2018-04-09,100000000.0,0.0,0.0
2018-04-10,100000000.0,0.0,0.0
2018-04-11,100000000.0,0.0,0.0
2018-04-12,100000000.0,0.0,0.0
2018-04-13,100000000.0,0.0,0.0
2018-04-16,100000000.0,0.0,0.0
2018-04-17,100000000.0,0.0,0.0
2018-04-18,100000000.0,0.0,0.0
2018-04-19,100000000.0,0.0,0.0
2018-04-20,100000000.0,0.0,0.0
2018-04-23,100000000.0,0.0,0.0
2018-04-24,100000000.0,0.0,0.0
2018-04-26,100000000.0,0.0,0.0
2018-04-27,100000000.0,0.0,0.0
2018-05-02,100000000.0,0.0,0.0
2018-05-03,100000000.0,0.0,0.0
2018-05-04,100000000.0,0.0,0.0
2018-05-07,100000000.0,0.0,0.0
2018-05-08,100000000.0,0.0,0.0
2018-05-09,100000000.0,0.0,0.0
2018-05-10,100000000.0,0.0,0.0
2018-05-11,100000000.0,0.0,0.0
2018-05-14,100000000.0,0.0,0.0
2018-05-15,100000000.0,0.0,0.0
2018-05-16,100000000.0,0.0,0.0
2018-05-17,100000000.0,0.0,0.0
2018-05-18,100000000.0,0.0,0.0
2018-05-21,100000000.0,0.0,0.0
2018-05-22,100000000.0,0.0,0.0
2018-05-23,100000000.0,0.0,0.0
2018-05-24,100000000.0,0.0,0.0
2018-05-25,100000000.0,0.0,0.0
2018-05-28,100000000.0,0.0,0.0
2018-05-29,100000000.0,0.0,0.0
2018-05-30,100000000.0,0.0,0.0
2018-05-31,100000000.0,0.0,0.0
2018-06-01,100000000.0,0.0,0.0
2018-06-04,100000000.0,0.0,0.0
2018-06-05,100000000.0,0.0,0.0
2018-06-06,100000000.0,0.0,0.0
2018-06-07,100000000.0,0.0,0.0
2018-06-08,100000000.0,0.0,0.0
2018-06-11,100000000.0,0.0,0.0
2018-06-12,100000000.0,0.0,0.0
2018-06-13,100000000.0,0.0,0.0
2018-06-14,100000000.0,0.0,0.0
2018-06-15,100000000.0,0.0,0.0
2018-06-18,100000000.0,0.0,0.0
2018-06-19,100000000.0,0.0,0.0
2018-06-20,100000000.0,0.0,0.0
2018-06-21,100000000.0,0.0,0.0
2018-06-22,100000000.0,0.0,0.0
2018-06-25,100000000.0,0.0,0.0
2018-06-26,100000000.0,0.0,0.0
2018-06-27,100000000.0,0.0,0.0
2018-06-28,100000000.0,0.0,0.0
2018-06-29,100000000.0,0.0,0.0
2018-07-02,100000000.0,0.0,0.0
2018-07-03,100000000.0,0.0,0.0
2018-07-04,100000000.0,0.0,0.0
2018-07-05,100000000.0,0.0,0.0
2018-07-06,100000000.0,0.0,0.0
2018-07-09,100000000.0,0.0,0.0
2018-07-10,100000000.0,0.0,0.0
2018-07-11,100000000.0,0.0,0.0
2018-07-12,100000000.0,0.0,0.0
2018-07-13,100000000.0,0.0,0.0
2018-07-16,100000000.0,0.0,0.0
2018-07-17,100000000.0,0.0,0.0
2018-07-18,100000000.0,0.0,0.0
2018-07-19,100000000.0,0.0,0.0
2018-07-20,100000000.0,0.0,0.0
2018-07-23,100000000.0,0.0,0.0
2018-07-24,100000000.0,0.0,0.0
2018-07-25,100000000.0,0.0,0.0
2018-07-26,100000000.0,0.0,0.0
2018-07-27,100000000.0,0.0,0.0
2018-07-30,100000000.0,0.0,0.0
2018-07-31,100000000.0,0.0,0.0
2018-08-01,100000000.0,0.0,0.0
2018-08-02,100000000.0,0.0,0.0
2018-08-03,100000000.0,0.0,0.0
2018-08-06,100000000.0,0.0,0.0
2018-08-07,100000000.0,0.0,0.0
2018-08-08,100000000.0,0.0,0.0
2018-08-09,100000000.0,0.0,0.0
2018-08-10,100000000.0,0.0,0.0
2018-08-13,100000000.0,0.0,0.0
2018-08-14,100000000.0,0.0,0.0
2018-08-15,100000000.0,0.0,0.0
2018-08-16,100000000.0,0.0,0.0
2018-08-17,100000000.0,0.0,0.0
2018-08-20,100000000.0,0.0,0.0
2018-08-21,100000000.0,0.0,0.0
2018-08-22,100000000.0,0.0,0.0
2018-08-23,100000000.0,0.0,0.0
2018-08-24,100000000.0,0.0,0.0
2018-08-27,100000000.0,0.0,0.0
2018-08-28,100000000.0,0.0,0.0
2018-08-29,100000000.0,0.0,0.0
2018-08-30,100000000.0,0.0,0.0
2018-08-31,100000000.0,0.0,0.0
2018-09-04,100000000.0,0.0,0.0
2018-09-05,100000000.0,0.0,0.0
2018-09-06,100000000.0,0.0,0.0
2018-09-07,100000000.0,0.0,0.0
2018-09-10,100000000.0,0.0,0.0
2018-09-11,100000000.0,0.0,0.0
2018-09-12,100000000.0,0.0,0.0
2018-09-13,100000000.0,0.0,0.0
2018-09-14,100000000.0,0.0,0.0
2018-09-17,100000000.0,0.0,0.0
2018-09-18,100000000.0,0.0,0.0
2018-09-19,100000000.0,0.0,0.0
2018-09-20,100000000.0,0.0,0.0
2018-09-21,100000000.0,0.0,0.0
2018-09-24,100000000.0,0.0,0.0
2018-09-25,100000000.0,0.0,0.0
2018-09-26,100000000.0,0.0,0.0
2018-09-27,100000000.0,0.0,0.0
2018-09-28,100000000.0,0.0,0.0
2018-10-01,100000000.0,0.0,0.0
2018-10-02,100000000.0,0.0,0.0
2018-10-03,100000000.0,0.0,0.0
2018-10-04,100000000.0,0.0,0.0
2018-10-05,100000000.0,0.0,0.0
2018-10-08,100000000.0,0.0,0.0
2018-10-09,100000000.0,0.0,0.0
2018-10-10,100000000.0,0.0,0.0
2018-10-11,100000000.0,0.0,0.0
2018-10-12,100000000.0,0.0,0.0
2018-10-15,100000000.0,0.0,0.0
2018-10-16,100000000.0,0.0,0.0
2018-10-17,100000000.0,0.0,0.0
2018-10-18,100000000.0,0.0,0.0
2018-10-19,100000000.0,0.0,0.0
2018-10-22,100000000.0,0.0,0.0
2018-10-23,100000000.0,0.0,0.0
2018-10-24,100000000.0,0.0,0.0
2018-10-25,100000000.0,0.0,0.0
2018-10-26,100000000.0,0.0,0.0
2018-10-29,100000000.0,0.0,0.0
2018-10-30,100000000.0,0.0,0.0
2018-10-31,100000000.0,0.0,0.0
2018-11-01,100000000.0,0.0,0.0
2018-11-02,100000000.0,0.0,0.0
2018-11-05,100000000.0,0.0,0.0
2018-11-06,100000000.0,0.0,0.0
2018-11-07,100000000.0,0.0,0.0
2018-11-08,100000000.0,0.0,0.0
2018-11-09,100000000.0,0.0,0.0
2018-11-12,100000000.0,0.0,0.0
2018-11-13,100000000.0,0.0,0.0
2018-11-14,100000000.0,0.0,0.0
2018-11-15,100000000.0,0.0,0.0
2018-11-16,100000000.0,0.0,0.0
2018-11-19,100000000.0,0.0,0.0
2018-11-20,100000000.0,0.0,0.0
2018-11-21,100000000.0,0.0,0.0
2018-11-22,100000000.0,0.0,0.0
2018-11-23,100000000.0,0.0,0.0
2018-11-26,100000000.0,0.0,0.0
2018-11-27,100000000.0,0.0,0.0
2018-11-28,100000000.0,0.0,0.0
2018-11-29,100000000.0,0.0,0.0
2018-11-30,100000000.0,0.0,0.0
2018-12-03,100000000.0,0.0,0.0
2018-12-04,100000000.0,0.0,0.0
2018-12-05,100000000.0,0.0,0.0
2018-12-06,100000000.0,0.0,0.0
2018-12-07,100000000.0,0.0,0.0
2018-12-10,100000000.0,0.0,0.0
2018-12-11,100000000.0,0.0,0.0
2018-12-12,100000000.0,0.0,0.0
2018-12-13,100000000.0,0.0,0.0
2018-12-14,100000000.0,0.0,0.0
2018-12-17,100000000.0,0.0,0.0
2018-12-18,100000000.0,0.0,0.0
2018-12-19,100000000.0,0.0,0.0
2018-12-20,100000000.0,0.0,0.0
2018-12-21,100000000.0,0.0,0.0
2018-12-24,100000000.0,0.0,0.0
2018-12-25,100000000.0,0.0,0.0
2018-12-26,100000000.0,0.0,0.0
2018-12-27,100000000.0,0.0,0.0
2018-12-28,100000000.0,0.0,0.0
2019-01-02,100000000.0,0.0,0.0
2019-01-03,100000000.0,0.0,0.0
2019-01-04,100000000.0,0.0,0.0
2019-01-07,100000000.0,0.0,0.0
2019-01-08,100000000.0,0.0,0.0
2019-01-09,100000000.0,0.0,0.0
2019-01-10,100000000.0,0.0,0.0
2019-01-11,100000000.0,0.0,0.0
2019-01-14,100000000.0,0.0,0.0
2019-01-15,100000000.0,0.0,0.0
2019-01-16,100000000.0,0.0,0.0
2019-01-17,100000000.0,0.0,0.0
2019-01-18,100000000.0,0.0,0.0
2019-01-21,100000000.0,0.0,0.0
2019-01-22,100000000.0,0.0,0.0
2019-01-23,100000000.0,0.0,0.0
2019-01-24,100000000.0,0.0,0.0
2019-01-25,100000000.0,0.0,0.0
2019-01-28,100000000.0,0.0,0.0
2019-01-29,100000000.0,0.0,0.0
2019-01-30,100000000.0,0.0,0.0
2019-01-31,100000000.0,0.0,0.0
2019-02-01,100000000.0,0.0,0.0
2019-02-11,100000000.0,0.0,0.0
2019-02-12,100000000.0,0.0,0.0
2019-02-13,100000000.0,0.0,0.0
2019-02-14,100000000.0,0.0,0.0
2019-02-15,100000000.0,0.0,0.0
2019-02-18,100000000.0,0.0,0.0
2019-02-19,100000000.0,0.0,0.0
2019-02-20,100000000.0,0.0,0.0
2019-02-21,100000000.0,0.0,0.0
2019-02-22,100000000.0,0.0,0.0
2019-02-25,100000000.0,0.0,0.0
2019-02-26,100000000.0,0.0,0.0
2019-02-27,100000000.0,0.0,0.0
2019-02-28,100000000.0,0.0,0.0
2019-03-01,100000000.0,0.0,0.0
2019-03-04,100000000.0,0.0,0.0
2019-03-05,100000000.0,0.0,0.0
2019-03-06,100000000.0,0.0,0.0
2019-03-07,100000000.0,0.0,0.0
2019-03-08,100000000.0,0.0,0.0
2019-03-11,100000000.0,0.0,0.0
2019-03-12,100000000.0,0.0,0.0
2019-03-13,100000000.0,0.0,0.0
2019-03-14,100000000.0,0.0,0.0
2019-03-15,100000000.0,0.0,0.0
2019-03-18,100000000.0,0.0,0.0
2019-03-19,100000000.0,0.0,0.0
2019-03-20,100000000.0,0.0,0.0
2019-03-21,100000000.0,0.0,0.0
2019-03-22,100000000.0,0.0,0.0
2019-03-25,100000000.0,0.0,0.0
2019-03-26,100000000.0,0.0,0.0
2019-03-27,100000000.0,0.0,0.0
2019-03-28,100000000.0,0.0,0.0
2019-03-29,100000000.0,0.0,0.0
2019-04-01,100000000.0,0.0,0.0
2019-04-02,100000000.0,0.0,0.0
2019-04-03,100000000.0,0.0,0.0
2019-04-04,100000000.0,0.0,0.0
2019-04-05,100000000.0,0.0,0.0
2019-04-08,100000000.0,0.0,0.0
2019-04-09,100000000.0,0.0,0.0
2019-04-10,100000000.0,0.0,0.0
2019-04-11,100000000.0,0.0,0.0
2019-04-12,100000000.0,0.0,0.0
2019-04-16,100000000.0,0.0,0.0
2019-04-17,100000000.0,0.0,0.0
2019-04-18,100000000.0,0.0,0.0
2019-04-19,100000000.0,0.0,0.0
2019-04-22,100000000.0,0.0,0.0
2019-04-23,100000000.0,0.0,0.0
2019-04-24,100000000.0,0.0,0.0
2019-04-25,100000000.0,0.0,0.0
2019-04-26,100000000.0,0.0,0.0
2019-05-02,100000000.0,0.0,0.0
2019-05-03,100000000.0,0.0,0.0
2019-05-06,100000000.0,0.0,0.0
2019-05-07,100000000.0,0.0,0.0
2019-05-08,100000000.0,0.0,0.0
2019-05-09,100000000.0,0.0,0.0
2019-05-10,100000000.0,0.0,0.0
2019-05-13,100000000.0,0.0,0.0
2019-05-14,100000000.0,0.0,0.0
2019-05-15,100000000.0,0.0,0.0
2019-05-16,100000000.0,0.0,0.0
2019-05-17,100000000.0,0.0,0.0
2019-05-20,100000000.0,0.0,0.0
2019-05-21,100000000.0,0.0,0.0
2019-05-22,100000000.0,0.0,0.0
2019-05-23,100000000.0,0.0,0.0
2019-05-24,100000000.0,0.0,0.0
2019-05-27,100000000.0,0.0,0.0
2019-05-28,100000000.0,0.0,0.0
2019-05-29,100000000.0,0.0,0.0
2019-05-30,100000000.0,0.0,0.0
2019-05-31,100000000.0,0.0,0.0
2019-06-03,100000000.0,0.0,0.0
2019-06-04,100000000.0,0.0,0.0
2019-06-05,100000000.0,0.0,0.0
2019-06-06,100000000.0,0.0,0.0
2019-06-07,100000000.0,0.0,0.0
2019-06-10,100000000.0,0.0,0.0
2019-06-11,100000000.0,0.0,0.0
2019-06-12,100000000.0,0.0,0.0
2019-06-13,100000000.0,0.0,0.0
2019-06-14,100000000.0,0.0,0.0
2019-06-17,100000000.0,0.0,0.0
2019-06-18,100000000.0,0.0,0.0
2019-06-19,100000000.0,0.0,0.0
2019-06-20,100000000.0,0.0,0.0
2019-06-21,100000000.0,0.0,0.0
2019-06-24,100000000.0,0.0,0.0
2019-06-25,100000000.0,0.0,0.0
2019-06-26,100000000.0,0.0,0.0
2019-06-27,100000000.0,0.0,0.0
2019-06-28,100000000.0,0.0,0.0
2019-07-01,100000000.0,0.0,0.0
2019-07-02,100000000.0,0.0,0.0
2019-07-03,100000000.0,0.0,0.0
2019-07-04,100000000.0,0.0,0.0
2019-07-05,100000000.0,0.0,0.0
2019-07-08,100000000.0,0.0,0.0
2019-07-09,100000000.0,0.0,0.0
2019-07-10,100000000.0,0.0,0.0
2019-07-11,100000000.0,0.0,0.0
2019-07-12,100000000.0,0.0,0.0
2019-07-15,100000000.0,0.0,0.0
2019-07-16,100000000.0,0.0,0.0
2019-07-17,100000000.0,0.0,0.0
2019-07-18,100000000.0,0.0,0.0
2019-07-19,100000000.0,0.0,0.0
2019-07-22,100000000.0,0.0,0.0
2019-07-23,100000000.0,0.0,0.0
2019-07-24,100000000.0,0.0,0.0
2019-07-25,100000000.0,0.0,0.0
2019-07-26,100000000.0,0.0,0.0
2019-07-29,100000000.0,0.0,0.0
2019-07-30,100000000.0,0.0,0.0
2019-07-31,100000000.0,0.0,0.0
2019-08-01,100000000.0,0.0,0.0
2019-08-02,100000000.0,0.0,0.0
2019-08-05,100000000.0,0.0,0.0
2019-08-06,100000000.0,0.0,0.0
2019-08-07,100000000.0,0.0,0.0
2019-08-08,100000000.0,0.0,0.0
2019-08-09,100000000.0,0.0,0.0
2019-08-12,100000000.0,0.0,0.0
2019-08-13,100000000.0,0.0,0.0
2019-08-14,100000000.0,0.0,0.0
2019-08-15,100000000.0,0.0,0.0
2019-08-16,100000000.0,0.0,0.0
2019-08-19,100000000.0,0.0,0.0
2019-08-20,100000000.0,0.0,0.0
2019-08-21,100000000.0,0.0,0.0
2019-08-22,100000000.0,0.0,0.0
2019-08-23,100000000.0,0.0,0.0
2019-08-26,100000000.0,0.0,0.0
2019-08-27,100000000.0,0.0,0.0
2019-08-28,100000000.0,0.0,0.0
2019-08-29,100000000.0,0.0,0.0
2019-08-30,100000000.0,0.0,0.0
2019-09-03,100000000.0,0.0,0.0
2019-09-04,100000000.0,0.0,0.0
2019-09-05,100000000.0,0.0,0.0
2019-09-06,100000000.0,0.0,0.0
2019-09-09,100000000.0,0.0,0.0
2019-09-10,100000000.0,0.0,0.0
2019-09-11,100000000.0,0.0,0.0
2019-09-12,100000000.0,0.0,0.0
2019-09-13,100000000.0,0.0,0.0
2019-09-16,100000000.0,0.0,0.0
2019-09-17,100000000.0,0.0,0.0
2019-09-18,100000000.0,0.0,0.0
2019-09-19,100000000.0,0.0,0.0
2019-09-20,100000000.0,0.0,0.0
2019-09-23,100000000.0,0.0,0.0
2019-09-24,100000000.0,0.0,0.0
2019-09-25,100000000.0,0.0,0.0
2019-09-26,100000000.0,0.0,0.0
2019-09-27,100000000.0,0.0,0.0
2019-09-30,100000000.0,0.0,0.0
2019-10-01,100000000.0,0.0,0.0
2019-10-02,100000000.0,0.0,0.0
2019-10-03,100000000.0,0.0,0.0
2019-10-04,100000000.0,0.0,0.0
2019-10-07,100000000.0,0.0,0.0
2019-10-08,100000000.0,0.0,0.0
2019-10-09,100000000.0,0.0,0.0
2019-10-10,100000000.0,0.0,0.0
2019-10-11,100000000.0,0.0,0.0
2019-10-14,100000000.0,0.0,0.0
2019-10-15,100000000.0,0.0,0.0
2019-10-16,100000000.0,0.0,0.0
2019-10-17,100000000.0,0.0,0.0
2019-10-18,100000000.0,0.0,0.0
2019-10-21,100000000.0,0.0,0.0
2019-10-22,100000000.0,0.0,0.0
2019-10-23,100000000.0,0.0,0.0
2019-10-24,100000000.0,0.0,0.0
2019-10-25,100000000.0,0.0,0.0
2019-10-28,100000000.0,0.0,0.0
2019-10-29,100000000.0,0.0,0.0
2019-10-30,100000000.0,0.0,0.0
2019-10-31,100000000.0,0.0,0.0
2019-11-01,100000000.0,0.0,0.0
2019-11-04,100000000.0,0.0,0.0
2019-11-05,100000000.0,0.0,0.0
2019-11-06,100000000.0,0.0,0.0
2019-11-07,100000000.0,0.0,0.0
2019-11-08,100000000.0,0.0,0.0
2019-11-11,100000000.0,0.0,0.0
2019-11-12,100000000.0,0.0,0.0
2019-11-13,100000000.0,0.0,0.0
2019-11-14,100000000.0,0.0,0.0
2019-11-15,100000000.0,0.0,0.0
2019-11-18,100000000.0,0.0,0.0
2019-11-19,100000000.0,0.0,0.0
2019-11-20,100000000.0,0.0,0.0
2019-11-21,100000000.0,0.0,0.0
2019-11-22,100000000.0,0.0,0.0
2019-11-25,100000000.0,0.0,0.0
2019-11-26,100000000.0,0.0,0.0
2019-11-27,100000000.0,0.0,0.0
2019-11-28,100000000.0,0.0,0.0
2019-11-29,100000000.0,0.0,0.0
2019-12-02,100000000.0,0.0,0.0
2019-12-03,100000000.0,0.0,0.0
2019-12-04,100000000.0,0.0,0.0
2019-12-05,100000000.0,0.0,0.0
2019-12-06,100000000.0,0.0,0.0
2019-12-09,100000000.0,0.0,0.0
2019-12-10,100000000.0,0.0,0.0
2019-12-11,100000000.0,0.0,0.0
2019-12-12,100000000.0,0.0,0.0
2019-12-13,100000000.0,0.0,0.0
2019-12-16,100000000.0,0.0,0.0
2019-12-17,100000000.0,0.0,0.0
2019-12-18,100000000.0,0.0,0.0
2019-12-19,100000000.0,0.0,0.0
2019-12-20,100000000.0,0.0,0.0
2019-12-23,100000000.0,0.0,0.0
2019-12-24,100000000.0,0.0,0.0
2019-12-25,100000000.0,0.0,0.0
2019-12-26,100000000.0,0.0,0.0
2019-12-27,100000000.0,0.0,0.0
2019-12-30,100000000.0,0.0,0.0
2019-12-31,100000000.0,0.0,0.0
2020-01-02,100000000.0,0.0,0.0
2020-01-03,100000000.0,0.0,0.0
2020-01-06,100000000.0,0.0,0.0
2020-01-07,100000000.0,0.0,0.0
2020-01-08,100000000.0,0.0,0.0
2020-01-09,100000000.0,0.0,0.0
2020-01-10,100000000.0,0.0,0.0
2020-01-13,100000000.0,0.0,0.0
2020-01-14,100000000.0,0.0,0.0
2020-01-15,100000000.0,0.0,0.0
2020-01-16,100000000.0,0.0,0.0
2020-01-17,100000000.0,0.0,0.0
2020-01-20,100000000.0,0.0,0.0
2020-01-21,100000000.0,0.0,0.0
2020-01-22,100000000.0,0.0,0.0
2020-01-30,100000000.0,0.0,0.0
2020-01-31,100000000.0,0.0,0.0
2020-02-03,100000000.0,0.0,0.0
2020-02-04,100000000.0,0.0,0.0
2020-02-05,100000000.0,0.0,0.0
2020-02-06,100000000.0,0.0,0.0
2020-02-07,100000000.0,0.0,0.0
2020-02-10,100000000.0,0.0,0.0
2020-02-11,100000000.0,0.0,0.0
2020-02-12,100000000.0,0.0,0.0
2020-02-13,100000000.0,0.0,0.0
2020-02-14,100000000.0,0.0,0.0
2020-02-17,100000000.0,0.0,0.0
2020-02-18,100000000.0,0.0,0.0
2020-02-19,100000000.0,0.0,0.0
2020-02-20,100000000.0,0.0,0.0
2020-02-21,100000000.0,0.0,0.0
2020-02-24,100000000.0,0.0,0.0
2020-02-25,100000000.0,0.0,0.0
2020-02-26,100000000.0,0.0,0.0
2020-02-27,100000000.0,0.0,0.0
2020-02-28,100000000.0,0.0,0.0
2020-03-02,100000000.0,0.0,0.0
2020-03-03,100000000.0,0.0,0.0
2020-03-04,100000000.0,0.0,0.0
2020-03-05,100000000.0,0.0,0.0
2020-03-06,100000000.0,0.0,0.0
2020-03-09,100000000.0,0.0,0.0
2020-03-10,100000000.0,0.0,0.0
2020-03-11,100000000.0,0.0,0.0
2020-03-12,100000000.0,0.0,0.0
2020-03-13,100000000.0,0.0,0.0
2020-03-16,100000000.0,0.0,0.0
2020-03-17,100000000.0,0.0,0.0
2020-03-18,100000000.0,0.0,0.0
2020-03-19,100000000.0,0.0,0.0
2020-03-20,100000000.0,0.0,0.0
2020-03-23,100000000.0,0.0,0.0
2020-03-24,100000000.0,0.0,0.0
2020-03-25,100000000.0,0.0,0.0
2020-03-26,100000000.0,0.0,0.0
2020-03-27,100000000.0,0.0,0.0
2020-03-30,100000000.0,0.0,0.0
2020-03-31,100000000.0,0.0,0.0
2020-04-01,100000000.0,0.0,0.0
2020-04-03,100000000.0,0.0,0.0
2020-04-06,100000000.0,0.0,0.0
2020-04-07,100000000.0,0.0,0.0
2020-04-08,100000000.0,0.0,0.0
2020-04-09,100000000.0,0.0,0.0
2020-04-10,100000000.0,0.0,0.0
2020-04-13,100000000.0,0.0,0.0
2020-04-14,100000000.0,0.0,0.0
2020-04-15,100000000.0,0.0,0.0
2020-04-16,100000000.0,0.0,0.0
2020-04-17,100000000.0,0.0,0.0
2020-04-20,100000000.0,0.0,0.0
2020-04-21,100000000.0,0.0,0.0
2020-04-22,100000000.0,0.0,0.0
2020-04-23,100000000.0,0.0,0.0
2020-04-24,100000000.0,0.0,0.0
2020-04-27,100000000.0,0.0,0.0
2020-04-28,100000000.0,0.0,0.0
2020-04-29,100000000.0,0.0,0.0
2020-05-04,100000000.0,0.0,0.0
2020-05-05,100000000.0,0.0,0.0
2020-05-06,100000000.0,0.0,0.0
2020-05-07,100000000.0,0.0,0.0
2020-05-08,100000000.0,0.0,0.0
2020-05-11,100000000.0,0.0,0.0
2020-05-12,100000000.0,0.0,0.0
2020-05-13,100000000.0,0.0,0.0
2020-05-14,100000000.0,0.0,0.0
2020-05-15,100000000.0,0.0,0.0
2020-05-18,100000000.0,0.0,0.0
2020-05-19,100000000.0,0.0,0.0
2020-05-20,100000000.0,0.0,0.0
2020-05-21,100000000.0,0.0,0.0
2020-05-22,100000000.0,0.0,0.0
2020-05-25,100000000.0,0.0,0.0
2020-05-26,100000000.0,0.0,0.0
2020-05-27,100000000.0,0.0,0.0
2020-05-28,100000000.0,0.0,0.0
2020-05-29,100000000.0,0.0,0.0
2020-06-01,100000000.0,0.0,0.0
2020-06-02,100000000.0,0.0,0.0
2020-06-03,100000000.0,0.0,0.0
2020-06-04,100000000.0,0.0,0.0
2020-06-05,100000000.0,0.0,0.0
2020-06-08,100000000.0,0.0,0.0
2020-06-09,100000000.0,0.0,0.0
2020-06-10,100000000.0,0.0,0.0
2020-06-11,100000000.0,0.0,0.0
2020-06-12,100000000.0,0.0,0.0
2020-06-15,100000000.0,0.0,0.0
2020-06-16,100000000.0,0.0,0.0
2020-06-17,100000000.0,0.0,0.0
2020-06-18,100000000.0,0.0,0.0
2020-06-19,100000000.0,0.0,0.0
2020-06-22,100000000.0,0.0,0.0
2020-06-23,100000000.0,0.0,0.0
2020-06-24,100000000.0,0.0,0.0
2020-06-25,100000000.0,0.0,0.0
2020-06-26,100000000.0,0.0,0.0
2020-06-29,100000000.0,0.0,0.0
2020-06-30,100000000.0,0.0,0.0
2020-07-01,100000000.0,0.0,0.0
2020-07-02,100000000.0,0.0,0.0
2020-07-03,100000000.0,0.0,0.0
2020-07-06,100000000.0,0.0,0.0
2020-07-07,100000000.0,0.0,0.0
2020-07-08,100000000.0,0.0,0.0
2020-07-09,100000000.0,0.0,0.0
2020-07-10,100000000.0,0.0,0.0
2020-07-13,100000000.0,0.0,0.0
2020-07-14,100000000.0,0.0,0.0
2020-07-15,100000000.0,0.0,0.0
2020-07-16,100000000.0,0.0,0.0
2020-07-17,100000000.0,0.0,0.0
2020-07-20,100000000.0,0.0,0.0
2020-07-21,100000000.0,0.0,0.0
2020-07-22,100000000.0,0.0,0.0
2020-07-23,100000000.0,0.0,0.0
2020-07-24,100000000.0,0.0,0.0
2020-07-27,100000000.0,0.0,0.0
2020-07-28,100000000.0,0.0,0.0
2020-07-29,100000000.0,0.0,0.0
2020-07-30,100000000.0,0.0,0.0
2020-07-31,100000000.0,0.0,0.0
2020-08-03,100000000.0,0.0,0.0
2020-08-04,100000000.0,0.0,0.0
2020-08-05,100000000.0,0.0,0.0
2020-08-06,100000000.0,0.0,0.0
2020-08-07,100000000.0,0.0,0.0
2020-08-10,100000000.0,0.0,0.0
2020-08-11,100000000.0,0.0,0.0
2020-08-12,100000000.0,0.0,0.0
2020-08-13,100000000.0,0.0,0.0
2020-08-14,100000000.0,0.0,0.0
2020-08-17,100000000.0,0.0,0.0
2020-08-18,100000000.0,0.0,0.0
2020-08-19,100000000.0,0.0,0.0
2020-08-20,100000000.0,0.0,0.0
2020-08-21,100000000.0,0.0,0.0
2020-08-24,100000000.0,0.0,0.0
2020-08-25,100000000.0,0.0,0.0
2020-08-26,100000000.0,0.0,0.0
2020-08-27,100000000.0,0.0,0.0
2020-08-28,100000000.0,0.0,0.0
2020-08-31,100000000.0,0.0,0.0
2020-09-01,100000000.0,0.0,0.0
2020-09-03,100000000.0,0.0,0.0
2020-09-04,100000000.0,0.0,0.0
2020-09-07,100000000.0,0.0,0.0
2020-09-08,100000000.0,0.0,0.0
2020-09-09,100000000.0,0.0,0.0
2020-09-10,100000000.0,0.0,0.0
2020-09-11,100000000.0,0.0,0.0
2020-09-14,100000000.0,0.0,0.0
2020-09-15,100000000.0,0.0,0.0
2020-09-16,100000000.0,0.0,0.0
2020-09-17,100000000.0,0.0,0.0
2020-09-18,100000000.0,0.0,0.0
2020-09-21,100000000.0,0.0,0.0
2020-09-22,100000000.0,0.0,0.0
2020-09-23,100000000.0,0.0,0.0
2020-09-24,100000000.0,0.0,0.0
2020-09-25,100000000.0,0.0,0.0
2020-09-28,100000000.0,0.0,0.0
2020-09-29,100000000.0,0.0,0.0
2020-09-30,100000000.0,0.0,0.0
2020-10-01,100000000.0,0.0,0.0
2020-10-02,100000000.0,0.0,0.0
2020-10-05,100000000.0,0.0,0.0
2020-10-06,100000000.0,0.0,0.0
2020-10-07,100000000.0,0.0,0.0
2020-10-08,100000000.0,0.0,0.0
2020-10-09,100000000.0,0.0,0.0
2020-10-12,100000000.0,0.0,0.0
2020-10-13,100000000.0,0.0,0.0
2020-10-14,100000000.0,0.0,0.0
2020-10-15,100000000.0,0.0,0.0
2020-10-16,100000000.0,0.0,0.0
2020-10-19,100000000.0,0.0,0.0
2020-10-20,100000000.0,0.0,0.0
2020-10-21,100000000.0,0.0,0.0
2020-10-22,100000000.0,0.0,0.0
2020-10-23,100000000.0,0.0,0.0
2020-10-26,100000000.0,0.0,0.0
2020-10-27,100000000.0,0.0,0.0
2020-10-28,100000000.0,0.0,0.0
2020-10-29,100000000.0,0.0,0.0
2020-10-30,100000000.0,0.0,0.0
2020-11-02,100000000.0,0.0,0.0
2020-11-03,100000000.0,0.0,0.0
2020-11-04,100000000.0,0.0,0.0
2020-11-05,100000000.0,0.0,0.0
2020-11-06,100000000.0,0.0,0.0
2020-11-09,100000000.0,0.0,0.0
2020-11-10,100000000.0,0.0,0.0
2020-11-11,100000000.0,0.0,0.0
2020-11-12,100000000.0,0.0,0.0
2020-11-13,100000000.0,0.0,0.0
2020-11-16,100000000.0,0.0,0.0
2020-11-17,100000000.0,0.0,0.0
2020-11-18,100000000.0,0.0,0.0
2020-11-19,100000000.0,0.0,0.0
2020-11-20,100000000.0,0.0,0.0
2020-11-23,100000000.0,0.0,0.0
2020-11-24,100000000.0,0.0,0.0
2020-11-25,100000000.0,0.0,0.0
2020-11-26,100000000.0,0.0,0.0
2020-11-27,100000000.0,0.0,0.0
2020-11-30,100000000.0,0.0,0.0
2020-12-01,100000000.0,0.0,0.0
2020-12-02,100000000.0,0.0,0.0
2020-12-03,100000000.0,0.0,0.0
2020-12-04,100000000.0,0.0,0.0
2020-12-07,100000000.0,0.0,0.0
2020-12-08,100000000.0,0.0,0.0
2020-12-09,100000000.0,0.0,0.0
2020-12-10,100000000.0,0.0,0.0
2020-12-11,100000000.0,0.0,0.0
2020-12-14,100000000.0,0.0,0.0
2020-12-15,100000000.0,0.0,0.0
2020-12-16,100000000.0,0.0,0.0
2020-12-17,100000000.0,0.0,0.0
2020-12-18,100000000.0,0.0,0.0
2020-12-21,100000000.0,0.0,0.0
2020-12-22,100000000.0,0.0,0.0
2020-12-23,100000000.0,0.0,0.0
2020-12-24,100000000.0,0.0,0.0
2020-12-25,100000000.0,0.0,0.0
2020-12-28,100000000.0,0.0,0.0
2020-12-29,100000000.0,0.0,0.0
2020-12-30,100000000.0,0.0,0.0
2020-12-31,100000000.0,0.0,0.0
2021-01-04,100000000.0,0.0,0.0
2021-01-05,99880000.0,-0.0012,-0.0011999999999999789
2021-01-06,100358440.59253795,0.004790154110311919,0.0
2021-01-07,102713148.93355462,0.023462982556464184,0.0
2021-01-08,104204558.97719589,0.014520147217042931,0.0
2021-01-11,106656691.86796977,0.023531915636344682,0.0
2021-01-12,107416342.12305611,0.007122387182481882,0.0
2021-01-13,107601433.4009466,0.0017231202834895273,0.0
2021-01-14,108908674.165591,0.012148915895695672,0.0
2021-01-15,109256838.18595392,0.003196843805421275,0.0
2021-01-18,108306311.87493467,-0.00869992511957427,-0.008699925119574292
2021-01-19,102999246.82207525,-0.04900051493755683,-0.05727413924635383
2021-01-20,102273284.61087653,-0.007048228347269098,-0.0639186863818213
2021-01-21,104612497.47287093,0.022872178896908436,-0.04250846711469325
2021-01-22,104291936.93143532,-0.003064266212731848,-0.045442476067890536
2021-01-25,104012568.79887432,-0.00267871266735283,-0.04799946139896438
2021-01-26,101715088.08545744,-0.022088491227050044,-0.06902771694400034
2021-01-27,97137732.45482828,-0.04500173687883388,-0.11092308666757367
2021-01-28,92174123.02931337,-0.051098675047033054,-0.15635373895376647
2021-01-29,93154225.01639064,0.010633157711363007,-0.14738311520746017
2021-02-01,88939684.19170187,-0.04524261593016535,-0.18595773346170308
2021-02-02,90833440.28297076,0.02129258843765459,-0.16862466650944763
2021-02-03,95408761.85625337,0.05037045342584459,-0.12674791399446572
2021-02-04,96295103.13215424,0.009289935836671558,-0.11863545814623466
2021-02-05,99225049.64617027,0.0304267446496735,-0.09181840428797372
2021-02-08,97396318.40109049,-0.01843013686161827,-0.10855631539214927
2021-02-09,99526142.55261706,0.021867604304668706,-0.0890625776372489
2021-02-17,104261310.8967067,0.04757713122043561,-0.045722788359890854
2021-02-18,106095401.89880684,0.017591290444421922,-0.02893582076543666
2021-02-19,104817488.77621688,-0.012044943510453229,-0.04063223394934157
2021-02-22,104023964.48642321,-0.007570533305637838,-0.04789515957458346
2021-02-23,102897571.83679397,-0.010828203435529007,-0.05820474447866175
2021-02-24,102009244.93520997,-0.008633118213838673,-0.06633537425280989
2021-02-25,102317922.68448779,0.0030259781794666593,-0.06351012546835899
2021-02-26,104851449.1792615,0.024761316769362232,-0.040321403033780734
2021-03-01,109637490.14399774,0.04564592098821335,0.0
2021-03-02,111025025.84105292,0.012655668195548697,0.0
2021-03-03,112678671.02233535,0.01489434628594317,0.0
2021-03-04,111940486.49163035,-0.006551235686465283,-0.006551235686465318
2021-03-05,114573565.00111961,0.02352212851680022,0.0
2021-03-08,117948757.10711917,0.029458733399511283,0.0
2021-03-09,117141547.83656086,-0.006843728500040217,-0.006843728500040225
2021-03-10,117844169.58275364,0.005998057556598966,-0.0008867200208861892
2021-03-11,118649797.65912856,0.006836384686890958,0.0
2021-03-12,118698059.93774116,0.0004067624181817188,0.0
2021-03-15,117947074.2960983,-0.006326856917768971,-0.006326856917769019
2021-03-16,117959075.33316405,0.00010174934085788845,-0.006225751330432128
2021-03-17,119983603.17015247,0.017162968014714727,0.0
2021-03-18,121084040.41574496,0.009171563584666862,0.0
2021-03-19,121425944.43947065,0.002823691896568307,0.0
2021-03-22,120382023.42581226,-0.008597182574756676,-0.008597182574756723
2021-03-23,118693173.06597453,-0.014029090986982058,-0.022505662905165758
2021-03-24,115539367.53695558,-0.026571077742322542,-0.048478740928792674
2021-03-25,114723156.72695261,-0.007064352414270404,-0.05520062243254198
2021-03-26,116271506.87261578,0.01349640464782825,-0.042449227721875316
2021-03-29,118220593.93879257,0.016763239065200723,-0.02639757520910946
2021-03-30,120526739.08891186,0.019507135544533562,-0.0074053807422270745
2021-03-31,120513736.94690017,-0.00010787765528191679,-0.007512459522397985
2021-04-01,122714976.36940405,0.018265464819780395,0.0
2021-04-02,122983604.63549373,0.002189042234592759,0.0
2021-04-05,119964447.90833281,-0.024549261961456372,-0.024549261961456348
2021-04-06,119787378.5972843,-0.001476014887208999,-0.025989041772540245
2021-04-07,120810937.64166825,0.008544798762355988,-0.017666314142157136
2021-04-08,121446477.95313051,0.005260618979279137,-0.012498630910348085
2021-04-09,123416019.13996316,0.01621735944942554,0.0
2021-04-12,124797428.07575132,0.011193108847738248,0.0
2021-04-13,122195366.20839824,-0.02085028439667559,-0.020850284396675578
2021-04-14,121211187.36677219,-0.008054142085450107,-0.028736495329072853
2021-04-15,120022277.75367716,-0.00980857987553175,-0.038263210994826546
2021-04-16,120465790.25319682,0.0036952514801450935,-0.03470935170174516
2021-04-19,121768972.20980643,0.010817859193639616,-0.0242669733875176
2021-04-20,122386989.04939668,0.00507532278851312,-0.01931481332204632
2021-04-22,117059584.81724703,-0.043529171470992306,-0.062003226972013104
2021-04-23,121592710.10294294,0.03872493903658558,-0.025679359119990308
2021-04-26,120156053.67481071,-0.011815317110013688,-0.037191266458819316
2021-04-27,120718445.6322604,0.004680512885116402,-0.03268482777557724
2021-04-28,121329184.96268854,0.00505920472409501,-0.02779098228657073
2021-04-29,124297636.41807908,0.024466095740306906,-0.004004823379604172
2021-05-04,126819054.44681953,0.02028532562163596,0.0
2021-05-05,127737177.78928521,0.007239632454842903,0.0
2021-05-06,127307641.6090824,-0.0033626559443122603,-0.003362655944312287
2021-05-07,131861598.35175982,0.03577127566828268,0.0
2021-05-10,137586442.8062476,0.043415554839673055,0.0
2021-05-11,135128108.8331077,-0.01786755964467927,-0.017867559644679232
2021-05-12,136741774.5462507,0.011941747184044265,-0.0061391823407076496
2021-05-13,135931186.89734197,-0.005927871358979374,-0.012030661416521982
2021-05-14,133829740.91699947,-0.015459630922884148,-0.027304302754148524
2021-05-17,133749891.48427944,-0.0005966493858010046,-0.027884661044481507
2021-05-18,135659146.8118164,0.014274817768815638,-0.014007891730621003
2021-05-19,137203268.31422102,0.011382361887817296,-0.002784972735767055
2021-05-20,138738951.07680407,0.011192756422289065,0.0
2021-05-21,137498781.44925737,-0.008938871296930564,-0.008938871296930606
2021-05-24,138235250.45154497,0.005356185665975399,-0.003630563885265836
2021-05-25,139138277.6151775,0.006532538991919983,0.0
2021-05-26,139525898.39910412,0.0027858673441299208,0.0
2021-05-27,137607100.7267608,-0.013752268893153632,-0.013752268893153619
2021-05-28,136990225.96938756,-0.004482870099836922,-0.01817348935796448
2021-05-31,138015269.78108528,0.007482605451915834,-0.0108268689565989
2021-06-01,139754507.76283216,0.01260177938648091,0.0
2021-06-02,141360190.185596,0.011489306845749251,0.0
2021-06-03,148369778.17383224,0.04958671871502969,0.0
2021-06-04,146065356.57535845,-0.015531610458929802,-0.015531610458929812
2021-06-07,140065620.05646104,-0.0410756983008631,-0.05596933701445539
2021-06-08,132025971.42718947,-0.0573991578092522,-0.11015590201593561
2021-06-09,134831680.8031634,0.021251192819446516,-0.09124565351042979
2021-06-10,133593474.6526541,-0.009183347289995824,-0.09959106027553677
2021-06-11,137576775.33903092,0.029816581212020216,-0.07274394400021322
2021-06-14,142746802.2785353,0.03757921296500714,-0.03789839119870464
2021-06-15,144639633.800802,0.013260062516660025,-0.025140863718620343
2021-06-16,144385954.33541295,-0.0017538724257170823,-0.02685064227670264
2021-06-17,149182259.66259575,0.03321864200198336,0.0
2021-06-18,149109400.8691482,-0.0004883877856009034,-0.0004883877856008967
2021-06-21,145565270.89491475,-0.023768655454149534,-0.024245434918746422
2021-06-22,144603743.99351498,-0.006605469116970207,-0.030690751564133367
2021-06-23,144716484.43711472,0.0007796509307863203,-0.029935028706370548
2021-06-24,143120131.34298265,-0.011030900179348588,-0.04063571857219328
2021-06-25,146450923.06593156,0.023272698897730724,-0.018308722517286102
2021-06-28,147398308.58151776,0.006468962405649629,-0.01195819854929625
2021-06-29,147732743.2192304,0.0022689177435689526,-0.00971641297459691
2021-06-30,147432776.170483,-0.0020304709857196608,-0.011727155065686445
2021-07-01,149796280.68096632,0.016031065627837737,0.0
2021-07-02,151411053.86392462,0.010779794902901645,0.0
2021-07-05,148697763.26437378,-0.017920029814925652,-0.017920029814925686
2021-07-06,141212877.9738639,-0.05033623321692001,-0.06735423623182746
2021-07-07,143452853.8008955,0.01586240475494164,-0.05256023163395496
2021-07-08,142047183.3818748,-0.009798832032799458,-0.06184403478536826
2021-07-09,136184686.53322238,-0.04127147549903813,-0.10056311571800036
2021-07-12,128938187.13345164,-0.053210824096606095,-0.14842289355352933
2021-07-13,132471477.44587962,0.027402978054678326,-0.1250871447937102
2021-07-14,129401482.50001422,-0.023174761881248243,-0.14536304187995908
2021-07-15,133542726.52315919,0.03200306474962156,-0.11801203997182375
2021-07-16,132911002.2696248,-0.004730502888338414,-0.12218428656421676
2021-07-19,126845263.8867375,-0.04563759417435042,-0.16224568385386695
2021-07-20,131543902.4948524,0.03704228651619504,-0.13121334844500276
2021-07-21,131308386.27246769,-0.001790400147159405,-0.13276882419379699
2021-07-22,132819033.30107568,0.011504573862276928,-0.12279169907606524
2021-07-23,131175966.48796636,-0.01237071805352476,-0.1336433956410068
2021-07-26,130913871.90425827,-0.0019980381370556643,-0.1353744091768061
2021-07-27,129742440.41931947,-0.008948108156143358,-0.14311117247806138
2021-07-28,127459921.141311,-0.017592695733420007,-0.15818615689802185
2021-07-29,131345650.76093988,0.030485893799674365,-0.13252270947811917
2021-07-30,131955828.051658,0.004645584282259161,-0.128492770612054
2021-08-02,131874028.9070705,-0.0006198979294455959,-0.1290330161390485
2021-08-03,136997594.2694904,0.038851966569023094,-0.09519423599935983
2021-08-04,136272346.19693995,-0.005293874512305651,-0.09998416417199008
2021-08-05,136959670.42845738,0.005043754295711012,-0.09544470543382466
2021-08-06,138541394.25860453,0.011548829120272896,-0.08499815090704177
2021-08-09,141229780.72150484,0.019404932924827558,-0.06724260139929972
2021-08-10,143088855.0562727,0.013163472500419807,-0.054964275033256293
2021-08-11,142796453.1719641,-0.002043498665172654,-0.056895454275766366
2021-08-12,141034844.44380248,-0.012336501986083628,-0.06853006537717787
2021-08-13,145039352.41526854,0.02839374898634871,-0.04208214186516679
2021-08-16,145056063.4639268,0.00011521734191425252,-0.041971773115780264
2021-08-17,147080151.0651846,0.013953829663667665,-0.028603610424852266
2021-08-18,149110732.96720356,0.013805954694179154,-0.015192555880288672
2021-08-19,149717886.61175445,0.004071830595081517,-0.011182586799057925
2021-08-20,144688376.76402125,-0.033593246348551715,-0.04440017375445482
2021-08-23,147669550.08942977,0.02060409683267542,-0.02471090240120377
2021-08-24,145807883.09072992,-0.012606979553824093,-0.0370063521136994
2021-08-25,149860805.90280372,0.027796321612815946,-0.01023867096595299
2021-08-26,150049534.17092964,0.0012593570879922153,-0.008992208020813353
2021-08-27,151148493.5485939,0.007323977270148558,-0.001734089477817613
2021-08-30,152888425.514993,0.011511407924417844,0.0
2021-08-31,152756961.77345175,-0.0008598671946449893,-0.0008598671946450365
2021-09-01,154637634.17375436,0.012311533160051815,0.0
2021-09-06,153326082.91008943,-0.008481449361746198,-0.008481449361746218
2021-09-07,151499837.196522,-0.01191086134143496,-0.020291289335858997
2021-09-08,151149544.75743252,-0.002312163798797262,-0.02255653635002297
2021-09-09,152654328.2418232,0.009955593890842208,-0.012825506174665602
2021-09-10,154282908.56607097,0.010668418924014433,-0.0022939151234350197
2021-09-13,153769700.40098983,-0.003326409709610603,-0.0056126943315060185
2021-09-14,153488134.82817423,-0.0018310861768043387,-0.007433503181305312
2021-09-15,158820937.25367343,0.03474406951044866,0.0
2021-09-16,158363485.04213855,-0.002880301674610014,-0.002880301674610064
2021-09-17,161444591.56791472,0.01945591513697955,0.0
2021-09-20,159424316.868342,-0.01251373415456191,-0.012513734154561917
2021-09-21,162955223.91785273,0.022147857484166984,0.0
2021-09-22,161139109.5288123,-0.011144867561631291,-0.011144867561631244
2021-09-23,160834901.60209012,-0.0018878590530362548,-0.013011686675546419
2021-09-24,159988220.8494789,-0.005264284954181965,-0.018207474403333812
2021-09-27,156900171.54621273,-0.019301729132743372,-0.03715776779695268
2021-09-28,159096461.1607963,0.013998006458117196,-0.02367989601242637
2021-09-29,157717570.264742,-0.008667011736110862,-0.032141673811887705
2021-09-30,159536987.8390643,0.011535921909450356,-0.020976535741570324
2021-10-01,158766979.8265033,-0.004826517179437739,-0.02570180931088628
2021-10-04,157010056.39091814,-0.01106605062025551,-0.03648344240827539
2021-10-05,158868801.59403116,0.011838383131875201,-0.02507696424559902
2021-10-06,161304220.96337605,0.015329752254116525,-0.010131635640652892
2021-10-07,163093233.87195066,0.011090924328513415,0.0
2021-10-08,161213321.24835488,-0.011526613207459908,-0.011526613207459957
2021-10-11,161152297.5270605,-0.0003785277843160619,-0.01190077784841792
2021-10-12,163987676.86144006,0.017594408381943424,0.0
2021-10-13,164937295.54686257,0.005790792964430381,0.0
2021-10-14,164791800.2815926,-0.0008821247176847659,-0.0008821247176847846
2021-10-15,165000744.8133838,0.0012679303911610927,0.0
2021-10-18,164709858.6714481,-0.001762938356821778,-0.0017629383568217305
2021-10-19,163585929.52800217,-0.006823690776687966,-0.008574599387304427
2021-10-20,165205586.65669322,0.009900956233609317,0.0
2021-10-21,166710177.790975,0.009107386528086438,0.0
2021-10-22,165544269.2357856,-0.006993625528078097,-0.00699362552807814
2021-10-25,166129426.2958266,0.0035347467039621165,-0.0034835995189000935
2021-10-26,165507324.262316,-0.0037446829702695084,-0.007215237513375938
2021-10-27,167668447.03447777,0.013057565771147224,0.0
2021-10-28,170289464.9781736,0.015632147789600995,0.0
2021-10-29,170468577.9864173,0.0010518149685104555,0.0
2021-11-01,169795039.19821036,-0.003951102286197293,-0.003951102286197328
2021-11-02,169981586.41699028,0.0010986611838650687,-0.0028567820250475773
2021-11-03,164232896.77281484,-0.0338194846003675,-0.03657965172971234
2021-11-04,164244406.97562456,7.008463612283122e-05,-0.03651213076517046
2021-11-05,164129050.9448005,-0.0007023437385066339,-0.03718883043725463
2021-11-08,166809915.50138283,0.016333882034594557,-0.021462386372026798
2021-11-09,169619820.0391118,0.016844949110388294,-0.004978970067862742
2021-11-10,172858127.30302718,0.019091561724146888,0.0
2021-11-11,174551517.21271744,0.009796414759959078,0.0
2021-11-12,179127399.46656,0.026215081523846953,0.0
2021-11-15,177576199.90691248,-0.008659755929394334,-0.008659755929394386
2021-11-16,175587429.97113883,-0.011199529761399204,-0.019762300496535823
2021-11-17,179185504.3945114,0.020491640113212996,0.0
2021-11-18,175479354.63361335,-0.02068331237742452,-0.02068331237742449
2021-11-19,173978287.08397835,-0.008554097732859232,-0.029060483034768048
2021-11-22,170421856.62324584,-0.02044180639056327,-0.04890824065751831
2021-11-23,174874487.2644887,0.026127110274865504,-0.02405896137966146
2021-11-24,173529188.63231277,-0.007692938250856611,-0.03156681552624452
2021-11-25,173865014.10965154,0.0019352679510899714,-0.029692637821560508
2021-11-26,175161767.18140167,0.007458389937680679,-0.022455707155031313
2021-11-29,173862818.3209708,-0.00741570995390589,-0.029704892097865643
2021-11-30,174861026.02110872,0.005741352347660135,-0.02413408600218858
2021-12-01,173506559.6130299,-0.007745959399296401,-0.03169310375117296
2021-12-02,170261233.9835519,-0.018704339690188244,-0.04980464486296288
2021-12-03,161441616.3427788,-0.05180050346413622,-0.09902524264834511
2021-12-06,153229635.03831407,-0.050866570160129874,-0.14485473835567908
2021-12-07,154382352.42245358,0.007522809695730715,-0.13842164329012296
2021-12-08,154303577.13941342,-0.0005102609320565627,-0.13886127306545748
2021-12-09,157784333.0653528,0.02255784337905864,-0.11943584053562617
2021-12-10,157951358.40443406,0.0010585673231072773,-0.11850370409051769
2021-12-13,159019326.8510553,0.006761375510850047,-0.11254357662245029
2021-12-14,156778091.2353812,-0.014094108307811862,-0.1250514835719969
2021-12-15,154099796.06604886,-0.017083351048784143,-0.13999853622774938
2021-12-16,154167533.10328957,0.00043956604077322075,-0.1396205087892598
2021-12-17,155230192.16173938,0.0068928848834718115,-0.1336900120002441
2021-12-20,151926002.9185853,-0.021285738277714277,-0.15213005967217674
2021-12-21,149496134.23366627,-0.015993764321050142,-0.1656906916726828
2021-12-22,153566054.2852205,0.027224249459138816,-0.14297724693669833
2021-12-23,152147581.52985045,-0.009236890027372198,-0.15089347185769975
2021-12-24,153081784.28130507,0.006140109110254484,-0.1456798651286767
2021-12-27,158103065.9914278,0.03280130117176817,-0.11765705308765684
2021-12-28,158966076.13327402,0.005458528817480372,-0.11284075868503529
2021-12-29,160844570.74565798,0.011816952761726777,-0.10235723983828693
2021-12-30,160125589.2908498,-0.004470038693100149,-0.10636973770879099
2021-12-31,156021582.16232127,-0.025629926776251085,-0.12927341589635677
2022-01-04,155675304.21951628,-0.0022194233516022966,-0.13120592680997722
2022-01-05,160538469.54357517,0.031239157350233193,-0.10406553205264413
2022-01-06,158085041.89096138,-0.01528249060545486,-0.11775764214215279
2022-01-07,161974341.66438678,0.024602579263052805,-0.09605220460373254
2022-01-10,161284665.13390818,-0.0042579369262547555,-0.0999011573011569
2022-01-11,161701073.35138738,0.0025818215087805908,-0.09757726274904843
2022-01-12,157638891.7200271,-0.02512155019857473,-0.12024752084323342
2022-01-13,153153325.9821539,-0.028454689632300505,-0.1452806045908862
2022-01-14,151127623.3612274,-0.013226631598993437,-0.15658566315447697
2022-01-17,147750988.73742115,-0.022342934724351206,-0.1754300146281984
2022-01-18,143469407.29248175,-0.028978360696783622,-0.1993247010840441
2022-01-19,140800717.3813833,-0.01860110780034078,-0.21421814863224986
2022-01-20,140692805.68445277,-0.0007664143971527506,-0.21482038315615948
2022-01-21,143271044.52034542,0.018325306850978204,-0.20043172574436252
2022-01-24,136022689.4200831,-0.050591905185928904,-0.2408834080651806
2022-01-25,134413223.0396187,-0.011832337585193892,-0.24986553184747518
2022-01-26,134733285.6143528,0.002381183692319857,-0.24807932388486342
2022-01-27,133064717.05082336,-0.012384234199597693,-0.2573912856373931
2022-01-28,133265183.14380828,0.0015065307876343196,-0.2562725227460403
2022-02-07,137131225.16286615,0.0290101429935077,-0.23469688228270214
2022-02-08,143910644.34423095,0.0494374579772996,-0.1968622415606569
2022-02-09,150482805.6280964,0.04566834728461776,-0.16018426749085957
2022-02-10,151003223.56391275,0.003458321591255481,-0.1572799146104471
2022-02-11,152671114.56520092,0.01104539997175778,-0.14797173420308563
2022-02-14,152248552.92553374,-0.0027677903634267414,-0.15032996982652558
2022-02-15,152246263.1818872,-1.5039510080941348e-05,-0.15034274844750983
2022-02-16,149942325.02358392,-0.015132970163942855,-0.16320058628483136
2022-02-17,151378875.52039525,0.009580687084753289,-0.15518347294932133
2022-02-18,155645199.47005144,0.0281830865435474,-0.13137393565403288
2022-02-21,156825654.8791544,0.007584271234334563,-0.1247860399808205
2022-02-22,158714402.20227003,0.012043611898646521,-0.11424530271807198
2022-02-23,162168469.80411622,0.021762786199101384,-0.09496881261627566
2022-02-24,164754009.31724983,0.01594354017310946,-0.08053941152230626
2022-02-25,164481747.61782408,-0.0016525345911399983,-0.08205885194995555
2022-02-28,162126768.0260806,-0.014317573991342196,-0.09520154225685973
2022-03-01,161718982.33300787,-0.002515227423809112,-0.09747731615079547
2022-03-02,163474779.90107492,0.01085709013708451,-0.08767854602148117
2022-03-03,164309487.45765433,0.0051060326068921805,-0.08302020292949952
2022-03-04,164670775.64885134,0.0021988273275462484,-0.08100392269289314
2022-03-07,163409882.61832446,-0.007657054055636689,-0.08804072533375173
2022-03-08,156374145.17881668,-0.04305576460109891,-0.12730582918957067
2022-03-09,156037616.65089366,-0.0021520726942308222,-0.1291839304849861
2022-03-10,159300987.5533259,0.020914001203526735,-0.1109716821590987
2022-03-11,158463047.5151422,-0.005260105734769468,-0.11564806511214609
2022-03-14,155189400.40526587,-0.02065874133566386,-0.1339176629846881
2022-03-15,158527588.1961223,0.02151041103412337,-0.11528787592609457
2022-03-16,162934133.1895128,0.02779670745977001,-0.09069579182710052
2022-03-17,166641558.03844753,0.022754132460523425,-0.07000536342742303
2022-03-18,167000587.55274504,0.002154501665272956,-0.06800168843423249
2022-03-21,168648642.8687875,0.009868559986484692,-0.058804207189243285
2022-03-22,169377182.7329439,0.004319867932309517,-0.05473836566585544
2022-03-23,172747852.66424775,0.01990037782490677,-0.03592730199921712
2022-03-24,175379657.3828632,0.015234948961887306,-0.02123970364962613
2022-03-25,179806895.1019505,0.025243735705461012,0.0
2022-03-28,182414928.55507568,0.014504635384791135,0.0
2022-03-29,180353674.71014482,-0.011299808964420984,-0.011299808964420954
2022-03-30,181143191.13305753,0.004377600978641478,-0.006971674040560649
2022-03-31,179253861.99796867,-0.010430031199467314,-0.01732899046227232
2022-04-01,181190514.98381805,0.010803967982967792,-0.006712244337436113
2022-04-04,178699780.8439414,-0.013746492966804077,-0.020366467484664197
2022-04-05,178470501.72045666,-0.0012830408767258662,-0.021623377351092654
2022-04-06,179752475.46171057,0.007183112777157447,-0.014595587732071147
2022-04-07,176445692.36736554,-0.01839631463127982,-0.032723397339203375
2022-04-08,174321856.67824134,-0.012036767011020612,-0.04436628044064295
2022-04-12,170872725.60996222,-0.019785993185268972,-0.06327444270345761
2022-04-13,177823946.1499448,0.04068069093630304,-0.025167799814940772
2022-04-14,184469149.87694055,0.03736956619662665,0.0
2022-04-15,185083853.17960015,0.0033322824064060024,0.0
2022-04-18,181667309.5988035,-0.018459436207443454,-0.018459436207443503
2022-04-19,184035879.73824823,0.013037954625273641,-0.005662154873850578
2022-04-20,178956138.29976618,-0.027601908093720064,-0.03310777668913023
2022-04-21,176868026.9305387,-0.011668285810513587,-0.044389751498684404
2022-04-22,168094990.64497992,-0.049602160649444116,-0.09179008456310189
2022-04-25,158304708.19911832,-0.058242559211885654,-0.14468655433975708
2022-04-26,159134652.3650008,0.00524270045612655,-0.1402024021480629
2022-04-27,162924289.13193706,0.02381402611320697,-0.11972715970074432
2022-04-28,165134179.9831447,0.013563912802578263,-0.10778721565244731
2022-04-29,172896672.01507488,0.04700717945081084,-0.06584680919031427
2022-05-04,173004239.93779084,0.0006221514935034902,-0.06526562438749095
2022-05-05,170311149.57897338,-0.015566614782307324,-0.07981627433643146
2022-05-06,166716232.45813686,-0.021107937617258352,-0.09923945501415443
2022-05-09,157070263.1622152,-0.05785860892906032,-0.1513562071252177
2022-05-10,155058344.5993515,-0.01280903541102422,-0.16222651551949674
2022-05-11,155705463.17501888,0.004173387619605013,-0.1587301620313324
2022-05-12,146815174.41908985,-0.05709683253654369,-0.20676400508787462
2022-05-13,138538503.25994188,-0.05637476638158591,-0.25148249898651065
2022-05-16,132709376.20264018,-0.04207586281168652,-0.28297701867130065
2022-05-17,139649430.94621497,0.0522951349946646,-0.24548020506843937
2022-05-18,140766894.37650508,0.00800191896750719,-0.23944259881001695
2022-05-19,140292707.99456525,-0.0033685930490981496,-0.24200460718510564
2022-05-20,141156546.60846388,0.006157402093429538,-0.23733732476657732
2022-05-23,138376548.12885654,-0.019694435337231836,-0.25235753550808215
2022-05-24,139883661.75135767,0.010891394841687389,-0.24421466622688848
2022-05-25,142452800.66263318,0.01836625435100587,-0.2303337205520516
2022-05-26,145326539.68857425,0.02017327151571324,-0.21480703372025933
2022-05-27,145260514.88159668,-0.00045432036790428725,-0.21516376287757544
2022-05-30,144974295.0326417,-0.001970389883226535,-0.21671019625919097
2022-05-31,144078033.2312378,-0.0061822118272905685,-0.2215526597480736
2022-06-01,144089592.371982,8.022833519428646e-05,-0.22149020621392868
2022-06-02,140918340.65720713,-0.022008888099204045,-0.23862434114950082
2022-06-03,140183407.3303527,-0.005215313517224915,-0.2425951539147898
2022-06-06,137338224.76637742,-0.02029614358902255,-0.25796755142595673
2022-06-07,134191656.2351235,-0.022911090751365597,-0.2749683241956947
2022-06-08,138541950.10486197,0.03241851238586787,-0.2514638758334863
2022-06-09,139055368.1932381,0.003705867341895578,-0.24868990025670845
2022-06-10,134331152.82948098,-0.033973628096055475,-0.2742146301701974
2022-06-13,130944789.9380293,-0.02520906595471787,-0.2925110014272062
2022-06-14,134452625.47299683,0.026788660599842414,-0.2735583187663172
2022-06-15,136868284.30800354,0.017966617063137003,-0.26050661926089025
2022-06-16,141395935.3901021,0.03308035243511695,-0.23604391760260435
2022-06-17,142895215.84531763,0.010603419759409118,-0.22794337058319103
2022-06-20,139301685.19773573,-0.025148012313245385,-0.24735906020628773
2022-06-21,134460200.84797367,-0.03475538966301571,-0.27351738934515646
2022-06-22,130007501.55371086,-0.03311536994725465,-0.297575129757239
2022-06-23,134176273.91043797,0.032065629343740874,-0.27505143422620937
2022-06-24,134310800.3777178,0.0010026099500245282,-0.27432459358090855
2022-06-27,134656070.53396973,0.002570680505818932,-0.2724591139600747
2022-06-28,132741925.97405718,-0.014215063252047487,-0.28280115367358294
2022-06-29,133866303.69044317,0.008470403816543513,-0.2767261898284391
2022-06-30,131689493.2424859,-0.01626107831430832,-0.288487401898327
2022-07-01,135188281.70621178,0.026568470859580272,-0.2695836001694384
2022-07-04,139832523.34490705,0.034353877274570545,-0.24449096481032573
2022-07-05,138647489.86886853,-0.008474662744342706,-0.2508936490838619
2022-07-06,136029794.4311587,-0.01888022235516582,-0.2650369435568255
2022-07-07,137988389.5757216,0.01439828055870581,-0.2544547392698727
2022-07-08,140445320.01349318,0.017805341777855446,-0.24118005109171248
2022-07-11,138486168.8776443,-0.013949565109472184,-0.251765259375375
2022-07-12,140441800.05449533,0.014121490923608978,-0.24119906927691537
2022-07-13,143504054.8366868,0.02180443985339988,-0.22465384002226008
2022-07-14,145043759.59731686,0.010729346723911844,-0.21633488224080522
2022-07-15,144704352.93761116,-0.0023400293859452406,-0.21816868164510206
2022-07-18,144009064.96607435,-0.0048048863591310656,-0.2219252922818069
2022-07-19,143422816.0496889,-0.004070916761549355,-0.2250927696511945
2022-07-20,145792677.0454583,0.016523598274268594,-0.2122885138770847
2022-07-21,146698849.71087304,0.006215488210921631,-0.20739250242148022
2022-07-22,144420345.92153564,-0.015531844958757835,-0.21970315918701877
2022-07-25,142199894.1966918,-0.015374923184647497,-0.2317001631757415
2022-07-26,140965645.51087007,-0.008679673728269595,-0.23836875508485889
2022-07-27,142570389.37081844,0.011383935810265365,-0.22969839388165236
2022-07-28,144886793.11986935,0.01624743931242318,-0.2171829652839824
2022-07-29,145308965.47197407,0.002913808381109292,-0.2149019864473518
2022-08-01,151523121.8987077,0.04276512744103285,-0.18132716984407105
2022-08-02,152964253.2158673,0.009510966373323609,-0.17354080008570427
2022-08-03,155719338.20500174,0.018011299576289764,-0.1586551958484672
2022-08-04,156517536.456006,0.005125877493477625,-0.1543425654526125
2022-08-05,157814829.685823,0.008288484850907723,-0.147333346617309
2022-08-08,157326062.26584774,-0.0030970943665325165,-0.1499741357060307
2022-08-09,157221786.92085892,-0.0006627976540378903,-0.15053753085475619
2022-08-10,160292068.6890757,0.01952834800028245,-0.13394893214410875
2022-08-11,158994775.45925868,-0.008093308923059938,-0.14095815097941244
2022-08-12,161891209.74363914,0.018217166419551047,-0.12530884265444553
2022-08-15,161137584.35618985,-0.004655134695964585,-0.12938064780925818
2022-08-16,161549150.58067334,0.0025541292934721863,-0.12715697341836407
2022-08-17,161322029.32199302,-0.0014058957157245808,-0.12838409968993525
2022-08-18,160057331.8030157,-0.007839583498252574,-0.13521720531882064
2022-08-19,162712467.09320378,0.016588651455565796,-0.12087162495308434
2022-08-22,164298331.70112848,0.009746423468684156,-0.11230326752654096
2022-08-23,166494411.76907635,0.013366417328830251,-0.10043794253886174
2022-08-24,167963864.20595694,0.008825836382536869,-0.09249855500377147
2022-08-25,167964747.7001899,5.260025643785237e-06,-0.092493781522899
2022-08-26,170178633.3218791,0.01318065636987646,-0.0805322539036264
2022-08-29,168345037.91093698,-0.010774533648263647,-0.09043909007243489
2022-08-30,167678900.95525742,-0.003956974104766817,-0.09403819903972643
2022-08-31,168792787.06838095,0.006642971219263656,-0.08801992087019506
2022-09-05,170494061.63333365,0.010079071472784466,-0.07882800847089011
2022-09-06,170054540.29426503,-0.0025779275527722523,-0.08120272312869503
2022-09-07,167526156.73544002,-0.014868074409832644,-0.09486346940876922
2022-09-08,165529576.25112683,-0.011918022374656525,-0.10565090683247447
2022-09-09,168586647.75488782,0.018468430675633914,-0.08913368260549404
2022-09-12,169152274.9297289,0.003355112533368924,-0.08607762360778004
2022-09-13,169823261.78138953,0.003966762208426625,-0.082452310863672
2022-09-14,170199297.61134136,0.002214277514207017,-0.08042060564740483
2022-09-15,169311611.01202798,-0.005215571461055352,-0.08521673769276472
2022-09-16,165413048.71394688,-0.02302595950022674,-0.1062805000421364
2022-09-19,160703748.16390878,-0.028469945912078656,-0.13172464586650678
2022-09-20,164122942.59001356,0.021276382568360497,-0.11325088725728394
2022-09-21,163511709.68685073,-0.003724238022527564,-0.11655335201940287
2022-09-22,166332974.41474319,0.017254206033901796,-0.10131018153518578
2022-09-23,163850041.0863058,-0.0149274870913227,-0.11472536219942242
2022-09-26,158694551.24523443,-0.031464684457148125,-0.14258024933573366
2022-09-27,155755662.16535068,-0.01851915555274623,-0.15845893907228215
2022-09-28,155124105.6973968,-0.004054789785320282,-0.16187121117005943
2022-09-29,150129581.53498846,-0.03219695701035179,-0.18885640775315526
2022-09-30,152036107.62885725,0.012699203410651394,-0.17855553027996607
2022-10-03,145446290.17678332,-0.043343765864886884,-0.21416002704651738
2022-10-04,143815728.98711342,-0.011210744445169653,-0.222969878158098
2022-10-05,148487021.2762595,0.032481094537056276,-0.1977310893124108
2022-10-06,141896898.95543253,-0.04438180700363085,-0.23333723327156053
2022-10-07,136162198.28645393,-0.04041455952310682,-0.2643215712916568
2022-10-10,142021639.0807023,0.04303280108566885,-0.2326632678060332
2022-10-11,137926221.19014737,-0.02883657671510013,-0.2547906323502588
2022-10-12,142534509.4799188,0.03341125603244342,-0.22989225136993807
2022-10-13,142296492.16586268,-0.0016698925398810995,-0.23117824855428004
2022-10-14,143182174.74456397,0.006224205285882411,-0.2263929441450302
2022-10-17,143384393.59891516,0.0014123186403052598,-0.22530036447977453
2022-10-18,144738719.87271515,0.009445423171983429,-0.2179829985911047
2022-10-19,144267573.5052495,-0.003255150853068042,-0.22052858190035451
2022-10-20,144494197.0740561,0.0015708558985248508,-0.21930414462550119
2022-10-21,140746723.27926648,-0.025935116223864404,-0.23955158237012808
2022-10-24,137753225.7302034,-0.021268683769805823,-0.25572531928794706
2022-10-25,140266721.09502637,0.01824636302706835,-0.24214501327181948
2022-10-26,141530784.9816795,0.009011858812873804,-0.23531533113079284
2022-10-27,148290863.22507766,0.047764012926751025,-0.1987909227220357
2022-10-28,149184426.37902898,0.006025746526237804,-0.1939630399078378
2022-10-31,150586715.63311446,0.009399702690968034,-0.18638653212503975
2022-11-01,155160567.96563607,0.030373544660242353,-0.16167420712236502
2022-11-02,153250276.95016432,-0.012311704194681956,-0.17199542630304665
2022-11-03,153596071.50711045,0.0022564041242064316,-0.17012711336809505
2022-11-04,149654856.79111612,-0.025659606247233197,-0.19142132487432462
2022-11-07,144917463.1903364,-0.03165546178960318,-0.2170172562286533
2022-11-08,142852295.69731033,-0.014250646178602099,-0.2281752662740899
2022-11-09,140809300.90155992,-0.01430144882011074,-0.23921347820156658
2022-11-10,136400201.46263486,-0.03131255826635677,-0.263035650493639
2022-11-11,134537488.72676164,-0.013656231559038345,-0.27309980630125386
2022-11-14,131274672.57648955,-0.024252096431639877,-0.2907286598950135
2022-11-15,127254689.54605485,-0.030622685637188563,-0.31244845317451597
2022-11-16,128624631.56296973,0.010765355852910061,-0.30504671610572087
2022-11-17,131198565.39459464,0.0200112046996598,-0.29113986368501177
2022-11-18,133822682.43841758,0.020001110804303484,-0.27696187355382196
2022-11-21,132558259.34691012,-0.009448496088018007,-0.28379349646303653
2022-11-22,131715555.78098808,-0.006357231681178377,-0.28834658713758776
2022-11-23,132824377.84918718,0.00841830762983537,-0.28235566978228965
2022-11-24,133858015.87808733,0.007781990366811809,-0.2767709685177384
2022-11-25,135738916.64522558,0.01405146157889647,-0.2666085435691229
2022-11-28,140116713.11192524,0.032251594273009415,-0.24295549987302278
2022-11-29,142164198.2685467,0.01461271186818324,-0.23189302672127443
2022-11-30,143928645.38188255,0.012411332352487406,-0.22235979579364895
2022-12-01,148065682.31155264,0.028743666131876604,-0.2000075653932173
2022-12-02,150215937.8494963,0.01452230864285755,-0.18838982834590656
2022-12-05,154091319.02954012,0.025798735044523846,-0.16745131256796209
2022-12-06,146932180.04793853,-0.04646036536444439,-0.20613182876974312
2022-12-07,145671725.41734958,-0.00857847906549613,-0.21294201025740567
2022-12-08,146175968.9500906,0.0034615058707951193,-0.2102176044052554
2022-12-09,149123037.04491782,0.020161098407587525,-0.19429472380708956
2022-12-12,150651099.51808175,0.010246991366623388,-0.18603866879789788
2022-12-13,151317597.98973238,0.0044241195303764405,-0.18243760657555552
2022-12-14,151756162.48491555,0.002898304632174564,-0.18006806170360168
2022-12-15,150315318.69962996,-0.009494466397229904,-0.18785287793977246
2022-12-16,150985763.06055441,0.004460253064853483,-0.1842304962494914
2022-12-19,153130517.0758892,0.014205008285944213,-0.1726424836892948
2022-12-20,148275404.76685113,-0.03170571354259812,-0.19887444409875743
2022-12-21,147721579.0932125,-0.0037351148999355604,-0.20186674009932337
2022-12-22,147323783.8102694,-0.0026928718565355334,-0.20401601069267483
2022-12-23,150350396.1108923,0.020543948996862085,-0.1876633562140263
2022-12-26,146938677.62963176,-0.02269178245958324,-0.20609672261876566
2022-12-27,147589026.27725023,0.004425986800137929,-0.20258291719249
2022-12-28,147227803.9361576,-0.0024474877990864293,-0.20453458577344452
2022-12-29,146681301.87985805,-0.003711948705942438,-0.2074873125884047
2022-12-30,146720523.32928994,0.0002673922915138921,-0.20727540080486395
2023-01-03,151849410.0149525,0.034956845636050726,-0.17956424935889936
2023-01-04,149193248.54444623,-0.017492076329073195,-0.19391537413221394
2023-01-05,149379830.51333895,0.0012506059805859017,-0.1929072798782453
2023-01-06,147321819.49576885,-0.013777034091535785,-0.2040266237983931
2023-01-09,149194125.082506,0.012708949652844394,-0.19391063823524235
2023-01-10,148665148.98515818,-0.0035455558123035752,-0.19676867305708345
2023-01-11,148362433.67093113,-0.002036222452225611,-0.19840423071933555
2023-01-12,148970130.25405172,0.004096027330398607,-0.1951208725404301
2023-01-13,149894057.6649291,0.006202098429408117,-0.1901289329681497
2023-01-16,148223533.70990786,-0.01114469766877281,-0.19915470116090606
2023-01-17,150519602.60740057,0.01549058263572641,-0.18674914088080607
2023-01-18,155616173.99531034,0.03385985147199152,-0.15921258758156076
2023-01-19,156266710.97280076,0.004180394368968548,-0.15569776461718698
2023-01-27,156607524.54838732,0.0021809736281317026,-0.15385636370764444
2023-01-30,157642217.60928252,0.006606917923509566,-0.14826596215116095
2023-01-31,159266413.94138685,0.010303054326030282,-0.13949050008787522
2023-02-01,156076696.4491078,-0.02002755893940659,-0.1567244048152846
2023-02-02,153365853.06886864,-0.017368661958597313,-0.17137097356598285
2023-02-03,153343765.28857037,-0.0001440201965188715,-0.1714903128812112
2023-02-06,154844002.878361,0.00978349257935193,-0.16338459450536325
2023-02-07,148775651.97603375,-0.039190093187491955,-0.19617163020878947
2023-02-08,146543437.7652068,-0.015003894664071246,-0.20823218639712893
2023-02-09,145520972.52419698,-0.006977216152442351,-0.21375652157518277
2023-02-10,141915144.47842664,-0.024778751703097478,-0.23323865350525108
2023-02-13,136591583.2285252,-0.037512284326432194,-0.26200162314548003
2023-02-14,136062974.46614447,-0.0038699951335678406,-0.264857673272488
2023-02-15,135734730.08737138,-0.0024124445321072104,-0.26663116335892234
2023-02-16,138338173.49868637,0.019180377856420225,-0.2525648719640232
2023-02-17,139075399.14161268,0.0053291555344505545,-0.24858167391480746
2023-02-20,141915934.10224023,0.020424424291856237,-0.23323438720216716
2023-02-21,144484443.3246373,0.018098807851602013,-0.21935684370892328
2023-02-22,140052868.50707102,-0.030671639905267292,-0.24330044949319451
2023-02-23,141014112.9036821,0.006863439548634186,-0.23810688787181233
2023-02-24,137647746.98595417,-0.023872546147400867,-0.25629521635047936
2023-02-27,136706396.39586055,-0.006838837617804743,-0.26138129260144305
2023-02-28,136631142.30566025,-0.00055047965701906,-0.2617878871741597
2023-03-01,139998994.3287337,0.02464922686175876,-0.2435915293330173
2023-03-02,140380634.76409215,0.002726022691722337,-0.24152954267776816
2023-03-03,139795601.00871798,-0.0041674819062992915,-0.24469045458512106
2023-03-06,141062062.0161813,0.009059376677985216,-0.2378478209047299
2023-03-07,142556762.85233355,0.010596051232972886,-0.22977201736771447
2023-03-08,145095253.39368293,0.0178068755950839,-0.21605666350112895
2023-03-09,145714386.3022323,0.004267078998576833,-0.21271151535388033
2023-03-10,143912902.96546003,-0.01236311240426001,-0.22244485138413983
2023-03-13,143000441.0699569,-0.006340375857209481,-0.22737484327607282
2023-03-14,141711371.49215737,-0.009014444767823522,-0.23433963007759162
2023-03-15,144711962.55001947,0.021173961032676637,-0.2181275672405898
2023-03-16,144871281.60890362,0.0011009391074291832,-0.21726677330234412
2023-03-17,146191917.867758,0.009115928596666907,-0.21013143309752957
2023-03-20,142475179.137799,-0.02542369499058827,-0.23021281062511112
2023-03-21,142986816.46438518,0.0035910628762315295,-0.22744845642674827
2023-03-22,144455161.9678745,0.010269097108369062,-0.21951504960457413
2023-03-23,145509985.5593147,0.007302083062111577,-0.2138158836680587
2023-03-24,147609966.04435804,0.014431865118887839,-0.20246978054254416
2023-03-27,149630194.37129867,0.013686259682042947,-0.19155457485477267
2023-03-28,148519948.75280273,-0.007419930336660065,-0.1975531835903418
2023-03-29,147365988.96775362,-0.007769729216441938,-0.2037879780644407
2023-03-30,144078177.79644874,-0.022310515433953453,-0.22155187866853332
2023-03-31,145299284.98894212,0.008475309801728191,-0.21495428967567587
2023-04-03,150499750.34582597,0.0357914036347779,-0.18685640178570706
2023-04-04,155119638.16804355,0.030696979972403747,-0.1618953490366346
2023-04-05,157555561.64796004,0.0157035144530031,-0.1487341605371023
2023-04-06,156693360.03405765,-0.005472365461962437,-0.15339259831592744
2023-04-07,159353603.14550766,0.016977382518773013,-0.1390194206143125
2023-04-10,158678691.84476215,-0.0042353061833766475,-0.14266593698595187
2023-04-11,161970412.40788808,0.02074456579429253,-0.12488091410806879
2023-04-12,162446035.04536304,0.0029364785234799523,-0.12231114570685975
2023-04-13,161011489.12782067,-0.008830907551186285,-0.13006193483782913
2023-04-14,159491191.86767352,-0.009442166322306666,-0.13827603473919592
2023-04-17,161943785.61980128,0.015377612540275152,-0.12502477748474583
2023-04-18,165388448.07776394,0.021270729498998907,-0.10641341620829747
2023-04-19,169157388.97653434,0.022788416860881813,-0.08604999263556079
2023-04-20,167242352.1310728,-0.011321035735111772,-0.09639685332903936
2023-04-21,166132624.48536694,-0.0066354462943460785,-0.10239266348017662
2023-04-24,163108971.88296148,-0.018200233769687928,-0.11872932683822435
2023-04-25,158836791.37443265,-0.026192185869421843,-0.141811732110948
2023-04-26,161168397.7066746,0.01467925857772812,-0.1292141646182321
2023-04-27,161197434.27022246,0.00018016288528658085,-0.129057281329663
2023-04-28,163357868.60632014,0.01340241143339822,-0.11738454867912074
2023-05-04,161723986.96171674,-0.010001854569619356,-0.12621234006413107
2023-05-05,164361983.84412116,0.016311723028624582,-0.11195935776942723
2023-05-08,164529172.69600514,0.001017199038206654,-0.11105604368226185
2023-05-09,163288829.98843127,-0.007538740317290717,-0.11775756132556625
2023-05-10,163072668.87075195,-0.0013237961083721547,-0.11892547043252433
2023-05-11,165806357.67479342,0.01676362337706106,-0.10415546885173388
2023-05-12,168638716.34188178,0.017082328487328848,-0.08885235829708205
2023-05-15,166382369.71985662,-0.013379766348854693,-0.10104330085237712
2023-05-16,167958575.45405403,0.009473393947034872,-0.09252712990002554
2023-05-17,165994752.81482172,-0.011692303497593797,-0.10313757811306701
2023-05-18,167278203.86117604,0.007731877210517006,-0.09620314799231033
2023-05-19,164186636.2510408,-0.018481592573177944,-0.11290675318003718
2023-05-22,165807391.9121483,0.009871422535445458,-0.10414988091233712
2023-05-23,166770603.43391538,0.005809219424170363,-0.09894569099938777
2023-05-24,167934119.7623176,0.006976747127159475,-0.09265926293765314
2023-05-25,169441538.02610838,0.00897624774479589,-0.08451474769283573
2023-05-26,167859960.3025067,-0.009334061423344739,-0.09305994327003708
2023-05-29,170692913.5591262,0.01687688506248984,-0.07775362017403753
2023-05-30,175230233.12761068,0.026581768826113607,-0.05323868010478361
2023-05-31,173468012.54524457,-0.010056601254891781,-0.06275988118252485
2023-06-01,175579610.6821707,0.012172838703477736,-0.05135100838973139
2023-06-02,175293984.635742,-0.0016267609053178316,-0.052894233482152164
2023-06-05,173142611.01659167,-0.012272946066123485,-0.0645180114735402
2023-06-06,176869690.49664396,0.021526067200725873,-0.04438076332345098
2023-06-07,176941310.17582965,0.0004049290694441932,-0.043993805315200585
2023-06-08,175023490.27774197,-0.010838734584828775,-0.05435570272084134
2023-06-09,178620585.82308733,0.020552072979673715,-0.03492075211034773
2023-06-12,179989838.0445838,0.00766570222120211,-0.027522741976164
2023-06-13,178669945.4508912,-0.007333150626901842,-0.03465406419048922
2023-06-14,175308094.06855047,-0.018815987064062546,-0.05281800083102639
2023-06-15,175795651.44935098,0.002781145864319685,-0.050183749531279465
2023-06-16,176149622.30939153,0.0020135359272099463,-0.04827126038671292
2023-06-19,176037667.14024407,-0.0006355686017357568,-0.04887614929098061
2023-06-20,178516286.74617523,0.014080052560322326,-0.035484275481621474
2023-06-21,184280503.77700353,0.0322895862102722,-0.004340461843622134
2023-06-22,184698112.6694745,0.002266158838898829,-0.002084139180695166
2023-06-23,188131561.32173043,0.018589516712605676,0.0
2023-06-26,183906407.38055077,-0.02245850675716276,-0.022458506757162766
2023-06-27,181787738.54925442,-0.011520364415103118,-0.03372014099020426
2023-06-28,181908255.22094494,0.0006629526977578318,-0.03307954315088468
2023-06-29,177533104.41563287,-0.024051414269231648,-0.05633534762395753
2023-06-30,179204487.66414768,0.009414487816322023,-0.047451228251469524
2023-07-03,181128612.9254785,0.010737037260678829,-0.03722367659659165
2023-07-04,185432421.44397366,0.02376106374902723,-0.014347087000149195
2023-07-05,184286856.8955442,-0.006177800729283897,-0.02043625428490048
2023-07-06,182255705.8117374,-0.011021681730445331,-0.031232694124855187
2023-07-07,186839667.04390687,0.025151263230707967,-0.006866972605485633
2023-07-10,188708181.5488793,0.010000630671929701,0.0
2023-07-11,192566653.41835818,0.020446765147166965,0.0
2023-07-12,191900020.6112321,-0.0034618289059518037,-0.0034618289059518137
2023-07-13,193524342.24066964,0.008464416128064046,0.0
2023-07-14,195652858.99757838,0.010998702965550921,0.0
2023-07-17,192468425.48360208,-0.016275936524984384,-0.01627593652498438
2023-07-18,191565876.2536049,-0.004689336589777856,-0.02088894977008271
2023-07-19,191873149.56852683,0.0016040086101512198,-0.019318447215219692
2023-07-20,192754405.4547361,0.004592908847282677,-0.014814266235067652
2023-07-21,194761206.4731593,0.010411181076193095,-0.004557319167158735
2023-07-24,190580782.13137832,-0.02146435841861099,-0.025923857653737836
2023-07-25,191819490.7699414,0.0064996513536666745,-0.019592702336562517
2023-07-26,191392389.31476435,-0.002226580069953803,-0.021775657685977223
2023-07-27,188993421.6385023,-0.012534289816073633,-0.03403700509767915
2023-07-28,193525675.72515982,0.023981015039383782,-0.01087223198943843
2023-07-31,192405202.76460567,-0.00578978968219917,-0.016599073735042658
2023-08-01,185681787.37066662,-0.03494404151931732,-0.050963076532580476
2023-08-02,190321647.59158492,0.02498823544635529,-0.027248318441691954
2023-08-03,192077311.71191454,0.00922472111053354,-0.018274955469513965
2023-08-04,192686801.16277972,0.0031731465076901776,-0.015159798072950093
2023-08-07,194003069.1292074,0.006831126774042582,-0.008432229801412672
2023-08-08,191123144.1715638,-0.014844739160933316,-0.023151794710398965
2023-08-09,190281693.03190452,-0.00440266480183032,-0.027452529920558688
2023-08-10,187488938.22574738,-0.014676949535491472,-0.04172656005978448
2023-08-11,188761734.53411427,0.0067886474818817065,-0.03522117948478021
2023-08-14,191841710.31228605,0.016316738060145046,-0.019479136184457735
2023-08-15,194357298.1138994,0.013112830351222404,-0.0066217324414105105
2023-08-16,197364624.90090695,0.015473186837806078,0.0
2023-08-17,197381842.17143437,8.723584855222608e-05,0.0
2023-08-18,188408771.83386073,-0.04546046505017499,-0.04546046505017498
2023-08-21,189127378.3637658,0.003814082130627918,-0.04181977286694494
2023-08-22,192503894.77946165,0.01785313392967086,-0.024713252943176056
2023-08-23,192344874.9740587,-0.0008260601978216717,-0.02551889850638267
2023-08-24,199278041.8712932,0.03604549847335192,0.0
2023-08-25,200814635.1001913,0.007710800520062017,0.0
2023-08-28,203182206.2085547,0.011789833480922102,0.0
2023-08-29,203178171.33921322,-1.985837941596762e-05,-1.985837941598234e-05
2023-08-30,207278644.24643368,0.020181660658686443,0.0
2023-08-31,208643579.82956684,0.006585027551175936,0.0
2023-09-05,208253221.48045388,-0.001870933912425328,-0.001870933912425321
2023-09-06,210645652.55870876,0.011488086768825451,0.0
2023-09-07,210772727.678923,0.0006032648605403178,0.0
2023-09-08,209765765.33447322,-0.004777479304550857,-0.004777479304550858
2023-09-11,208795279.67644402,-0.004626520712194153,-0.00938189690979041
2023-09-12,216353099.15720493,0.036197271760514634,0.0
2023-09-13,217218789.163333,0.004001283131604467,0.0
2023-09-14,213506449.7984006,-0.017090323444078192,-0.017090323444078237
2023-09-15,213352655.04266658,-0.0007203283829563191,-0.017798341181983868
2023-09-18,210246706.32065365,-0.014557816125568274,-0.032097052329284614
2023-09-19,210863098.10694703,0.0029317547802785054,-0.029259398235605416
2023-09-20,217560222.30615577,0.03176053211459523,0.0
2023-09-21,214538742.40858856,-0.013888016226216741,-0.013888016226216715
2023-09-22,208371838.34181497,-0.028744943675621713,-0.0422337496576497
2023-09-25,197963198.07554862,-0.04995224090307215,-0.09007632012358291
2023-09-26,193956134.30150428,-0.020241458074015964,-0.10849450214035572
2023-09-27,201563811.6515353,0.03922370064462568,-0.07352635736927104
2023-09-28,203925449.61239412,0.01171657720455116,-0.06267125740740642
2023-09-29,203557898.47808093,-0.0018023799138940676,-0.06436067990577088
2023-10-02,204340910.28276247,0.0038466294382865918,-0.06076162215347791
2023-10-03,197685345.8930495,-0.03257088548985681,-0.09135344780599586
2023-10-04,202243945.3436615,0.02305987542990791,-0.07040017150258682
2023-10-05,199723928.63872725,-0.012460282559520485,-0.08198324803294643
2023-10-06,202994139.78624997,0.016373657226811684,-0.06695195640776685
2023-10-09,205869337.56034634,0.014163944718423464,-0.05373631549869329
2023-10-10,205142172.89071384,-0.0035321659760008755,-0.057078675889414066
2023-10-11,209709741.93258128,0.02226538296589426,-0.036084171501383766
2023-10-12,209387133.78778887,-0.0015383555471453574,-0.037567016763135785
2023-10-13,213521379.87941375,0.019744508732876063,-0.01856425032080755
2023-10-16,211390961.73286736,-0.009977540177707486,-0.028356564945070217
2023-10-17,204132729.7987411,-0.03433558310453411,-0.06171850885737373
2023-10-18,202974872.77377266,-0.005672079269747687,-0.06704051585247173
2023-10-19,197372266.59357753,-0.02760246183989264,-0.0927924944118198
2023-10-20,200447749.62863427,0.01558214377397648,-0.07865625662691422
2023-10-23,199847420.78986657,-0.0029949392790885663,-0.08141562519348478
2023-10-24,201809504.47915947,0.00981790849007743,-0.07239704786121948
2023-10-25,201186927.08460927,-0.003084975587036818,-0.07525868032303085
2023-10-26,192522760.29765975,-0.0430652573330761,-0.11508290322144787
2023-10-27,192710481.36807328,0.000975059105340553,-0.11422005674876246
2023-10-30,190865592.68738377,-0.00957336968696483,-0.12269995560680524
2023-10-31,188103502.29641807,-0.014471389798839707,-0.13539570651975863
2023-11-01,188460400.64058024,0.0018973508722860302,-0.13375524880934164
2023-11-02,194169790.47318587,0.03029490446374577,-0.10751244682979932
2023-11-03,194746647.80572608,0.002970891255196961,-0.10486096336271389
2023-11-06,196892371.01524368,0.011018023846336563,-0.09499830011125754
2023-11-07,195316157.7142898,-0.008005456447227366,-0.10224325180438354
2023-11-08,200457221.1870663,0.02632175204007886,-0.07861272128607111
2023-11-09,205555668.7783711,0.025434092925726768,-0.05517807161867849
2023-11-10,204580702.73821732,-0.004743075420629602,-0.05965943328405576
2023-11-13,203197967.9478009,-0.006758872033916978,-0.06601507484278979
2023-11-14,204894988.80459625,0.008351564112251776,-0.05821483986046272
2023-11-15,206423075.35606086,0.00745790104667674,-0.051191099328913414
2023-11-16,205234882.83436877,-0.005756103185860274,-0.056652541264838874
2023-11-17,199305643.0116692,-0.028890019770589713,-0.08390586799823319
2023-11-20,198808873.7228202,-0.0024924998677529203,-0.08618923250109689
2023-11-21,199301826.56036466,0.002479531362527344,-0.0839234100436681
2023-11-22,197093528.0763987,-0.011080171828215093,-0.0940736960681896
2023-11-23,192945880.38216195,-0.02104405829413646,-0.11313806201832222
2023-11-24,192812400.23594293,-0.0006918009648852575,-0.11375159396273793
2023-11-27,194315994.8709692,0.007798225804908501,-0.1068404287732192
2023-11-28,197359512.0653153,0.015662720901421796,-0.09285111968866055
2023-11-29,198330757.18545103,0.00492119741264001,-0.08838686096599313
2023-11-30,199015476.59124568,0.003452411595214135,-0.08523959719444252
2023-12-01,199587912.09516436,0.0028763366232787643,-0.0826084383463277
2023-12-04,202829830.22892624,0.016243058508553978,-0.06770719353513333
2023-12-05,199060248.18872422,-0.01858494894931105,-0.08503380774909286
2023-12-06,202744116.54932433,0.018506298440397438,-0.06810117033242347
2023-12-07,201907094.97968578,-0.004128462930932531,-0.07194848010608546
2023-12-08,199829026.48861736,-0.010292201426985519,-0.08150017328345371
2023-12-11,203463397.9976663,0.01818740536803826,-0.06479504460448704
2023-12-12,204115344.8597709,0.003204246407563057,-0.06179841748582571
2023-12-13,204986695.96271616,0.004268915223124917,-0.05779331446787117
2023-12-14,203244598.55227,-0.008498587687676213,-0.0658007406047807
2023-12-15,201898727.77004334,-0.0066219264463282836,-0.07198693938671019
2023-12-18,201340712.76676217,-0.002763836154117517,-0.07455181543512646
2023-12-19,198602549.5461129,-0.013599649981478038,-0.08713758682120298
2023-12-20,199603812.4962591,0.005041541271421182,-0.08253535329003292
2023-12-21,203455977.27124724,0.01929905409527356,-0.06482915344267626
2023-12-22,203350132.70977622,-0.0005202332361555708,-0.06531566039853909
2023-12-25,205267090.89845386,0.009426884374909874,-0.05650449920207712
2023-12-26,205280473.70558843,6.519704194175578e-05,-0.0564429860863398
2023-12-27,205224335.65103433,-0.00027347001661062775,-0.056701020638607824
2023-12-28,203635503.2500937,-0.007741929805256111,-0.06400397512219347
2023-12-29,201991521.82440105,-0.008073157182584226,-0.07156041815330605
2024-01-02,203157074.46008554,0.005770304739313513,-0.0662030388340098
2024-01-03,207666486.90843138,0.022196679393666936,-0.045475847068227826
2024-01-04,206613390.95500174,-0.00507109244783436,-0.05031632729143565
2024-01-05,205776369.38536316,-0.004051148697428206,-0.05416363706509775
2024-01-08,207372119.06820074,0.0077547761562901845,-0.046828887790058005
2024-01-09,209390410.9110611,0.009732705881240443,-0.037551953700423746
2024-01-10,205162033.9007978,-0.02019374713419567,-0.05698738617719801
2024-01-11,209224697.25904608,0.019802218183373473,-0.03831364464860565
2024-01-12,206334405.52786377,-0.013814295200550669,-0.051598663851771476
2024-01-15,202459402.46997806,-0.018780208021887165,-0.06940983823287095
2024-01-16,206127711.1489936,0.018118737061666012,-0.05254871977963904
2024-01-17,205675135.42887452,-0.002195608332311793,-0.05462895170495041
2024-01-18,205849718.08321562,0.0008488272244336258,-0.053826495021966125
2024-01-19,207009198.38674426,0.005632654318525284,-0.04849702674307743
2024-01-22,210605910.99488223,0.017374651156411024,-0.03196499450845047
2024-01-23,212752105.7859062,0.010190572434009807,-0.02210016366633183
2024-01-24,209873785.78186685,-0.013528984793860603,-0.03533015568200881
2024-01-25,209812988.7832433,-0.00028968362293106746,-0.035609604737443123
2024-01-26,209869015.02740288,0.0002670294364733525,-0.03535208411365587
2024-01-29,209294331.2294456,-0.0027382974941881446,-0.03799357708450124
2024-01-30,210384728.71631265,0.005209875874142321,-0.03298164303098383
2024-01-31,206825432.10697395,-0.016918036927186544,-0.04934169530345289
2024-02-01,207842462.49080187,0.004917337164328504,-0.04466698789119106
2024-02-02,206573649.13760146,-0.0061046878390240275,-0.05049899771242994
2024-02-05,204145948.3364092,-0.01175222886039608,-0.061657750794488875
2024-02-06,204621261.03146678,0.0023282984498634767,-0.059473009990222314
2024-02-07,203993494.85423785,-0.0030679420802337317,-0.06235849232046886
2024-02-15,204661104.02769446,0.0032726983472372234,-0.05928987450798506
2024-02-16,201634883.62749356,-0.014786495043002404,-0.07319968011547495
2024-02-19,202139580.21313477,0.0025030221783131396,-0.07087987835993625
2024-02-20,204358546.54637977,0.010977396563826562,-0.060680558329262446
2024-02-21,205087938.2720414,0.0035691765183703626,-0.057327961434802566
2024-02-22,204670467.45446005,-0.0020355698199452195,-0.059246836186612084
2024-02-23,202204427.64549035,-0.012048830686910946,-0.07058181177557543
2024-02-26,208965554.1595584,0.03343708440411506,-0.039504777369195554
2024-02-27,211638759.6779969,0.012792565402417267,-0.027217579414981707
2024-02-28,211119093.30994287,-0.00245544043465711,-0.029606188704609737
2024-02-29,209313896.03723702,-0.008550611147498876,-0.03790364884493602
2024-03-01,211688851.36293095,0.011346381538239724,-0.02698733656818242
2024-03-04,213097806.80470967,0.006655784812035893,-0.02051117366099431
2024-03-05,216229149.89741254,0.01469439380749957,-0.00611817911672341
2024-03-06,213409736.24003193,-0.013039008194400474,-0.019077412323486143
2024-03-07,213350145.4276887,-0.00027923192911974366,-0.019351317229960197
2024-03-08,211967513.6628296,-0.006480575685043061,-0.02570648523908925
2024-03-11,214488184.95264575,0.011891781180326046,-0.014120399956141672
2024-03-12,220661464.60014382,0.028781443830395576,0.0
2024-03-13,224366516.24230397,0.016790660067783004,0.0
2024-03-14,221961134.8006165,-0.010720768330198522,-0.010720768330198527
2024-03-15,225018265.2624467,0.01377326920127869,0.0
2024-03-18,219252644.77890444,-0.02562289988689415,-0.025622899886894146
2024-03-19,218361816.53426063,-0.004063021659520338,-0.029581815149194335
2024-03-20,220079443.66802472,0.007865968331943213,-0.0219485364384161
2024-03-21,220350743.36771274,0.0012327353030629022,-0.02074285787107133
2024-03-22,224183524.61984658,0.017394001915109723,-0.0037096572654958804
2024-03-25,221897517.21108466,-0.01019703572168542,-0.013868865479529813
2024-03-26,224088845.78485626,0.009875408257439171,-0.004130417930768515
2024-03-27,223584619.7778445,-0.002250116489492162,-0.00637124049876614
2024-03-28,225717398.50202096,0.009539022524427721,0.0
2024-03-29,224798963.508591,-0.004068959679338745,-0.004068959679338735
2024-04-01,225018229.78271562,0.0009753882789421437,-0.003097540215975303
2024-04-02,225784415.56127477,0.003404994250016989,0.0
2024-04-03,224028487.71713147,-0.007777010825916666,-0.0077770108259166415
2024-04-04,225263451.68970782,0.005512530951580013,-0.0023073508872253345
2024-04-05,220979228.98655856,-0.019018720840034982,-0.02128218886485611
2024-04-08,217341022.68552005,-0.01646401934572685,-0.037395817841392565
2024-04-09,219723710.61372823,0.010962900140834363,-0.026842884317238247
2024-04-10,217512098.7280938,-0.010065422067818665,-0.036638121424886316
2024-04-11,222194237.82441792,0.02152587889916476,-0.015900910290606474
2024-04-12,224115124.39190274,0.008645078226568353,-0.007393296677374095
2024-04-15,212466308.2892619,-0.05197692986695059,-0.05898594568143922
2024-04-16,213684123.42206463,0.005731803515617791,-0.05359223801665036
2024-04-17,206657268.90191513,-0.032884307957078286,-0.08471420231468008
2024-04-19,197066125.5990002,-0.04641086836131156,-0.12719341098403147
2024-04-22,202763523.76247776,0.028911098476005537,-0.10195961373848439
2024-04-23,195866460.12607488,-0.03401530762743237,-0.132506733739028
2024-04-24,203732559.94531283,0.0401605247482122,-0.09766774895044683
2024-04-25,203131994.3740937,-0.0029478134048888604,-0.10032765605575422
2024-04-26,203006190.8865024,-0.0006193189210737671,-0.10088484016112564
2024-05-02,205605467.8044161,0.012803929311529818,-0.08937263321162392
2024-05-03,205426748.06876892,-0.0008692362978263806,-0.09016418357263045
2024-05-06,212269166.8354538,0.033308314671828,-0.05985908589936806
2024-05-07,215726072.37516358,0.016285481265347835,-0.044548438655995226
2024-05-08,216324817.57376358,0.002775488340411316,-0.041896593987657105
2024-05-09,215824911.62690198,-0.0023109042802781253,-0.044110679249560136
2024-05-10,216303681.67647165,0.002218326169859944,-0.04199020495384975
2024-05-13,212377022.5142578,-0.018153455048846644,-0.059381392704574876
2024-05-14,213296845.39655855,0.004331084744532628,-0.055307493804094165
2024-05-15,214693390.14936197,0.006547423381752217,-0.049122192000460974
2024-05-16,215231205.80421665,0.002505040581270468,-0.04674020450359262
2024-05-17,216963363.20105174,0.008047891523735326,-0.03906847307549932
2024-05-20,215716980.77727222,-0.005744667695921278,-0.04458870537621484
2024-05-21,219734611.0161711,0.0186245432530278,-0.026794606395062925
2024-05-22,215698710.33155966,-0.018367159665686087,-0.04466962524691165
2024-05-23,216908301.8700123,0.005607782895842727,-0.0393123399114923
2024-05-24,209098960.226809,-0.036002963353072855,-0.07389994253140808
2024-05-27,212022344.78097305,0.013980866050185356,-0.0609522616788708
2024-05-28,215536620.40407947,0.016575024800979336,-0.04538752212689445
2024-05-29,215379021.07133105,-0.0007311951558531081,-0.04608553014643224
2024-05-30,215999474.39944306,0.002880750989700706,-0.0433375400933117
2024-05-31,214349197.250802,-0.007640190575599405,-0.05064662360352057
2024-06-03,216151725.83799157,0.008409308783556972,-0.042663217916690144
2024-06-04,217027050.85888395,0.0040495860835663595,-0.03878640020667945
2024-06-05,214793909.0224675,-0.010289693508614712,-0.04867699354486488
2024-06-06,212828728.49487388,-0.009149144575547784,-0.05738078526896773
2024-06-07,216039772.53127646,0.015087455810646931,-0.04315905952044663
2024-06-10,218166418.1747412,0.009843769128931413,-0.033740138209256254
2024-06-11,215278058.436263,-0.013239249938846093,-0.04653269402537874
2024-06-12,216555227.35796112,0.0059326479018587605,-0.040876108213097506
2024-06-13,216768465.6776824,0.0009846833176130317,-0.03993167491733085
2024-06-14,209001553.71805403,-0.035830451331316605,-0.07433135631394405
2024-06-17,206935092.74682024,-0.009887299565349018,-0.08348371949231848
2024-06-18,210039777.1232837,0.015003179669781647,-0.06973306106558175
2024-06-19,213357276.24404767,0.01579462312425107,-0.05503984536016193
2024-06-20,218401173.0724317,0.023640613140442444,-0.03270040791118878
2024-06-21,218486081.89071122,0.0003887745522838614,-0.032324346445350094
2024-06-24,207993646.82342798,-0.048023356803714654,-0.07879537962627281
2024-06-25,208789197.80617768,0.0038248811677650306,-0.07527188142214725
2024-06-26,208981664.97041336,0.0009218252967969714,-0.0744194436497827
2024-06-27,208536116.21284223,-0.002131999271965843,-0.07639278072206712
2024-06-28,201940661.117477,-0.031627399680895465,-0.10560407539433081
2024-07-01,202362850.74577755,0.0020906618110700494,-0.10373419599078104
2024-07-02,206297762.39020878,0.01944483204268824,-0.08630645796621683
2024-07-03,209740813.9914315,0.016689718595736626,-0.07105716986693111
2024-07-04,212425981.69583464,0.012802313738101678,-0.05916455231080742
2024-07-05,213722055.85289916,0.006101297716586904,-0.053424235142137344
2024-07-08,209332362.68730408,-0.020539261369525788,-0.07286620218261175
2024-07-09,211866947.12960866,0.012107943605885182,-0.06164051844352869
2024-07-10,209183810.478509,-0.01266425314307406,-0.0735241404571636
2024-07-11,210052783.99365208,0.00415411457108122,-0.06967545358928173
2024-07-12,209828428.3607869,-0.00106809168914391,-0.07066912550550952
2024-07-15,208823599.825335,-0.004788810283248077,-0.07511951475382872
2024-07-16,209190365.4135523,0.0017563416612111345,-0.07349510862594966
2024-07-17,210122857.8458796,0.004457626098046336,-0.06936509624219311
2024-07-18,213709592.2566357,0.017069701257284776,-0.053479436455445395
2024-07-19,212268749.64393973,-0.00674205868572202,-0.05986093364210543
2024-07-22,213109241.16801238,0.003959563173959851,-0.056138393616553706
2024-07-23,212268749.64393973,-0.003943946867184494,-0.05986093364210543
2024-07-24,214189873.12753433,0.009050430111908111,-0.05135227072655879
2024-07-25,214189873.12753433,0.0,-0.05135227072655879
2024-07-26,213709592.2566357,-0.0022423136252228983,-0.053479436455445395
2024-07-29,213349381.6034617,-0.0016855146714304704,-0.055074810752110404
2024-07-30,212526192.506976,-0.0038584086361014673,-0.05872071826277425
2024-07-31,214900623.65111482,0.011172416520193736,-0.04820435406537715
2024-08-01,208887064.35343274,-0.02798297741306197,-0.07483843012741642
2024-08-02,209726863.15809658,0.004020348542229088,-0.07111895815865288
2024-08-05,203223421.22436056,-0.031009103153531614,-0.09992272620247111
2024-08-06,206427653.5683458,0.01576704262078005,-0.08573116946450998
2024-08-07,209166997.2883207,0.013270236194725435,-0.07359860613782854
2024-08-08,206817560.15622544,-0.011232351004478629,-0.0840042717647268
2024-08-09,208619693.41550583,0.008713637555336653,-0.07602261698664792
2024-08-12,208886256.88896123,0.001277748371168811,-0.07484200639050576
2024-08-13,210969109.0994142,0.009971226644939914,-0.06561704635384769
2024-08-14,202401608.38869208,-0.04061021420289966,-0.103562538248956
2024-08-15,199010678.55887514,-0.016753472745656226,-0.11858097883258734
2024-08-16,209760766.09747514,0.054017641748905956,-0.07096880191649468
2024-08-19,211591281.256059,0.008726680363730248,-0.06286144360288659
2024-08-20,217029968.29420316,0.0257037388585142,-0.03877347887501015
2024-08-21,218814433.83082077,0.008222207977280849,-0.03087007450504231
2024-08-22,217873115.32716617,-0.0043019031568200475,-0.03503917759089792
2024-08-23,216603212.95304805,-0.005828632744389725,-0.04066357983744484
2024-08-26,214778212.71739298,-0.008425545543734226,-0.048746512537287345
2024-08-27,213538393.17776906,-0.005772557299633,-0.05423767780014166
2024-08-28,215506754.7281672,0.009217834418935126,-0.045519797314435784
2024-08-29,215486601.52968103,-9.351539125351158e-05,-0.045609055904033635
2024-08-30,214316477.81282294,-0.005430146044123846,-0.05079153811366399
2024-09-04,212060467.25096285,-0.010526538065964349,-0.06078341712024593
2024-09-05,211799384.5690369,-0.0012311709264366294,-0.06193975327071466
2024-09-06,212284241.44858897,0.0022892270463327298,-0.05979232038281246
2024-09-09,212491653.2462554,0.000977047548377073,-0.05887369277447718
2024-09-10,212511648.66184223,9.409976947968214e-05,-0.058785133005915924
2024-09-11,212240636.34390825,-0.0012752821769559711,-0.05998544755047952
2024-09-12,210636849.5207433,-0.0075564550257294395,-0.06708862523959547
2024-09-13,210881382.77216703,0.0011609234185760795,-0.06600558657718014
2024-09-16,210047905.5173976,-0.00395235105068469,-0.0696970603784054
2024-09-17,211563334.46932033,0.007214682518208669,-0.06298522002327944
2024-09-18,212777195.05562636,0.005737575413768412,-0.05760902705934734
2024-09-19,214472423.31178015,0.007967152004756001,-0.050100854930019256
2024-09-20,213761742.3252426,-0.003313624080725864,-0.05324846361138402
2024-09-23,212434013.80464286,-0.006211254203661889,-0.059128978071601224
2024-09-24,213209633.54252827,0.0036511089914192637,-0.05569375542367261
2024-09-25,214239703.12159878,0.004831252518733135,-0.05113157350110775
2024-09-26,214128715.89761743,-0.000518051613982849,-0.051623136320912866
2024-09-27,211624926.85649493,-0.01169291578024335,-0.0627124271158438
2024-09-30,209495655.4797568,-0.01006153390513402,-0.07214297780927847
2024-10-01,209923094.55226457,0.002040324280371874,-0.07024984859818928
2024-10-02,207448562.73189756,-0.011787801745419315,-0.08120955905568739
2024-10-03,206495909.31279632,-0.004592239187178312,-0.08542886452339671
2024-10-04,206559566.849452,0.0003082750494550337,-0.08514692506137744
2024-10-07,206395736.9838882,-0.0007931361788882194,-0.08587252813347845
2024-10-08,208173028.60434487,0.00861108686850158,-0.07800089706435209
2024-10-09,209991803.61787984,0.00873684273956421,-0.06994553589598407
2024-10-10,212045280.0853957,0.009778841041112958,-0.06085068113193337
2024-10-11,213807798.46042028,0.008311990600850812,-0.05304448082070656
2024-10-14,212822979.3474245,-0.004606095381399671,-0.05740624826398921
2024-10-15,209694135.84343556,-0.01470162439029315,-0.07126390755464929
2024-10-16,208887848.23478994,-0.003845065124985748,-0.07483495831402653
2024-10-17,212702968.38282466,0.018263964037518003,-0.05793777726390503
2024-10-18,210066145.44039696,-0.01239673786630903,-0.06961627569291684
2024-10-21,207810451.954462,-0.010738015310396557,-0.07960675036907006
2024-10-22,207279940.74883962,-0.0025528610357799866,-0.08195638643364778
2024-10-23,208892531.43968558,0.007779772056187226,-0.0748142163824631
2024-10-24,208064816.7695799,-0.003962394751028642,-0.07848016767519561
2024-10-25,209813775.2067569,0.008405834606404771,-0.07073402437815146
2024-10-28,208073721.50955236,-0.008293324380107209,-0.07844072854938022
2024-10-29,211677818.98137355,0.01732125251412745,-0.062478167701848664
2024-10-30,212020627.63735434,0.0016194831259621059,-0.06095986691422073
2024-10-31,211519074.05262485,-0.002365588623703931,-0.06318124957024984
2024-11-01,210801913.35144174,-0.0033905249651607523,-0.06635755693141265
2024-11-04,212520803.04536307,0.008154051671512362,-0.058744588207914394
2024-11-05,214710371.91479355,0.010302844888851252,-0.04904697969942873
2024-11-06,214576898.89726418,-0.0006216421514203158,-0.04963813218086799
2024-11-07,218503036.0271362,0.01829711003397338,-0.032249256513288915
2024-11-08,222284742.86628497,0.017307342304749965,-0.015500063130088115
2024-11-11,219921183.29011923,-0.010633026566234154,-0.025968277113281646
2024-11-12,225329934.6176309,0.02459404431439632,-0.0020128977569779938
2024-11-13,224577135.09413332,-0.003340876678347373,-0.0053470495921531525
2024-11-14,224845934.85019854,0.001196915064182959,-0.004156534492176012
2024-11-15,229627377.5882567,0.021265417768143065,0.0
2024-11-18,229699303.86592484,0.0003132304101696393,0.0
2024-11-19,226827261.11797857,-0.012503489125168049,-0.012503489125168077
2024-11-20,222963588.42400804,-0.017033546474649438,-0.02932405683670869
2024-11-21,228294821.4515581,0.02391077872953726,-0.006114439141646333
2024-11-22,229090490.66963428,0.0034852705506725765,-0.0026504790656479704
2024-11-25,234213074.35317963,0.022360525173139998,0.0
2024-11-26,232457700.70391512,-0.007494772245794927,-0.007494772245794978
2024-11-27,233506716.76852632,0.004512718061972678,-0.0030158759779062017
2024-11-28,236153477.71425122,0.011334838596307366,0.0
2024-11-29,238111063.16106033,0.008289462707713401,0.0
2024-12-02,239531858.16899598,0.005966942438850922,0.0
2024-12-03,242850036.56178248,0.013852764380283149,0.0
2024-12-04,246847099.4647392,0.01645897591594493,0.0
2024-12-05,245233032.09076828,-0.006538733400031248,-0.006538733400031194
2024-12-06,244222084.09870976,-0.004122397310996557,-0.010634175454042216
2024-12-09,248894008.35281813,0.01912981895699518,0.0
2024-12-10,247088368.25511688,-0.007254654740991908,-0.0072546547409919615
2024-12-11,245465483.88467008,-0.006568032246549078,-0.013775038181264576
2024-12-12,240869103.52818644,-0.018725159577397895,-0.03224225797053348
2024-12-13,242652254.42799672,0.007402987239505462,-0.02507795975535676
2024-12-16,241269768.550089,-0.005697395563732355,-0.030632476262431485
2024-12-17,243865069.05368626,0.010756840855751309,-0.020205144078852766
2024-12-18,242940109.63564566,-0.0037929147525305315,-0.023921422442329643
2024-12-19,241749383.80482727,-0.004901314289370331,-0.028705490322061267
2024-12-20,244495726.15630025,0.011360286873327428,-0.017671306053631985
2024-12-23,243653869.5718351,-0.003443236402124131,-0.021053695971479214
2024-12-24,244307203.46304762,0.0026814016636001105,-0.018428747723281957
2024-12-25,242404278.41373932,-0.0077890664799661734,-0.02607427146208896
2024-12-26,239738024.6484496,-0.010999202583128179,-0.03678667785119816
2024-12-27,236124227.35465336,-0.01507394289702475,-0.05130610046692263
2024-12-30,236587489.15095407,0.001961940972727463,-0.049444819034852094
2024-12-31,236070027.09716696,-0.0021871911132923297,-0.05152386487935312
2025-01-02,241228561.8831097,0.021851714295857937,-0.030798035358257203
2025-01-03,240073189.85290384,-0.0047895324715557346,-0.03544005963940444
2025-01-06,243233865.81033963,0.013165468244798082,-0.022741176374382666
2025-01-07,245613497.49819863,0.009783307435135304,-0.013180352859154532
2025-01-08,243711945.0348743,-0.007742051974722133,-0.020820361856995984
2025-01-09,241854053.18916428,-0.007623310566267697,-0.028284952338725633
2025-01-10,236855306.69771,-0.02066844208537842,-0.04836878852480342
2025-01-13,242916161.83776164,0.0255888509510445,-0.02401763929400269
2025-01-14,240346567.43477404,-0.010578112150083184,-0.034341690162053684
2025-01-15,241831349.42873043,0.006177670893341681,-0.028376170928454347
2025-01-16,247623433.44408092,0.023950922942922514,-0.005104883468854404
2025-01-17,250268080.28961688,0.01068011540245922,0.0
2025-01-20,250757960.1342053,0.001957420395048089,0.0
2025-01-21,251238088.2968876,0.0019147075627243535,0.0
2025-01-22,252909556.75805727,0.006652926204383822,0.0
2025-01-23,252639061.92502016,-0.0010695318773417237,-0.0010695318773417117
2025-01-24,255325757.74317303,0.010634522617687084,0.0
2025-02-03,251457516.31129816,-0.015150220119060046,-0.015150220119060087
2025-02-04,253135922.76996976,0.006674711829229133,-0.008576631643275046
2025-02-05,255171544.57767433,0.008041615687846813,-0.0006039859309996398
2025-02-06,252652022.99692103,-0.009873834423517991,-0.010471856697440773
2025-02-07,251952921.02848026,-0.0027670547029393497,-0.013209935200056977
2025-02-10,244003690.15093097,-0.031550461273083336,-0.044343616924190976
2025-02-11,247339119.92430678,0.013669587420225674,-0.031280188452039615
2025-02-12,254273968.29975235,0.028037814550192653,-0.004119402024760244
2025-02-13,254294833.80670807,8.205915491559722e-05,-0.004037680904493635
2025-02-14,252520716.12457952,-0.006976617084864069,-0.010986128635776082
2025-02-17,252148918.39922023,-0.0014723454418522509,-0.012442298701207943
2025-02-18,257453322.2351733,0.021036789963757744,0.0
2025-02-19,256260054.4676764,-0.004634889762296061,-0.0046348897622960905
2025-02-20,254595063.00932997,-0.006497272709182389,-0.011102048328715863
2025-02-21,258290744.63512528,0.014515920230785746,0.0
2025-02-24,258145560.5985728,-0.000562095388890466,-0.0005620953888905156
2025-02-25,260855048.66610777,0.010495970030444765,0.0
2025-02-26,260736555.71341458,-0.0004542482627770188,-0.0004542482627770683
2025-02-27,258792841.15374023,-0.007454706741661352,-0.007905568716851441
2025-02-28,263043810.11228693,0.016426145868622923,0.0
2025-03-03,260040713.329305,-0.01141671716852027,-0.011416717168520218
2025-03-04,264491299.94447604,0.017114960800522813,0.0
2025-03-05,265210168.09761858,0.0027179274074173774,0.0
2025-03-06,271935409.8519414,0.025358159540275996,0.0
2025-03-07,269344289.1684416,-0.009528441643221752,-0.009528441643221752
2025-03-10,265902555.12423027,-0.012778195724279672,-0.022184881075236973
2025-03-11,267737274.72190714,0.006899969790887072,-0.015437986293583394
2025-03-12,265501576.92792034,-0.008350341939907201,-0.023659415769075598
2025-03-13,260385852.49321383,-0.019268150848291764,-0.0424716934253464
2025-03-14,259606389.20010096,-0.0029934932549117214,-0.045338047952464655
2025-03-17,261884897.38333845,0.008776780071777244,-0.03695918995644987
2025-03-18,259114953.51378304,-0.01057695154333723,-0.04714522593853676
2025-03-19,258045987.09988678,-0.004125452427196184,-0.05107618297895411
2025-03-20,260988149.32673454,0.011401697270761622,-0.04025684088426451
2025-03-21,260214388.8383336,-0.0029647341858126098,-0.04310222423769472
2025-03-24,262337189.74812877,0.008157892110701158,-0.03529595542205599
2025-03-25,265171193.33904487,0.010802904436222092,-0.024874349819243524
2025-03-26,266914095.62382537,0.006572743678654594,-0.018465098866123908
2025-03-27,264828251.9423942,-0.007814662903269268,-0.02613546324627891
2025-03-28,264320600.9977697,-0.0019169063002194664,-0.02800227031234248
2025-03-31,265611116.92752296,0.004882388753966752,-0.02325659952803416
2025-04-01,266726226.95228875,0.004198280695721288,-0.01915595656515956
2025-04-02,266262232.4287338,-0.0017395909238349817,-0.020862223960816384
2025-04-03,256115095.97202632,-0.03810955975299051,-0.05817673354319197
2025-04-04,253885066.11112857,-0.008707139469597374,-0.06637732007994313
2025-04-08,244650012.52079028,-0.03637493820253293,-0.10033778736651844
2025-04-09,236005781.93048522,-0.03533304781486768,-0.13212559534272683
2025-04-10,243980399.60293412,0.03378992500615007,-0.10280018429460047
2025-04-11,252543933.28851986,0.03509926903768688,-0.07130912658259358
2025-04-14,257987983.05349538,0.02155684238415635,-0.05128948380073006
2025-04-15,258710379.21832964,0.0028001155568725374,-0.048632984725351824
2025-04-16,253408669.51280585,-0.020492837286012384,-0.06812919416865448
2025-04-17,261456009.772723,0.031756373116155256,-0.03853635716262205
2025-04-18,269009948.11305785,0.028891813758273554,-0.010757928658413296
2025-04-21,263990569.60975817,-0.01865870960723791,-0.02921590919883843
2025-04-22,261714523.81869817,-0.008621693549222407,-0.03758571213218653
2025-04-23,262677618.95718023,0.003679945325270694,-0.034044080172573654
2025-04-24,264452427.5689535,0.0067566038508313055,-0.02751749868493436
2025-04-25,268305264.24064505,0.014569110622692037,-0.013349293544642982
2025-04-28,273951786.39688385,0.021045141146296648,0.0
2025-04-29,272993802.48831284,-0.00349690696005588,-0.00349690696005589
2025-05-05,277421063.97316575,0.0162174431965079,0.0
2025-05-06,276768350.9643295,-0.0023527882111338333,-0.002352788211133827
2025-05-07,276150823.8801468,-0.0022312055624534467,-0.004578744219443376
2025-05-08,279089462.68878156,0.01064142691064419,0.0
2025-05-09,279174603.8339458,0.0003050675734726466,0.0
2025-05-12,281292955.48762536,0.007587909589869263,0.0
2025-05-13,284448419.2633864,0.011217713469898406,0.0
2025-05-14,289006916.65154177,0.016025743436930046,0.0
2025-05-15,291851981.41612655,0.009844279152720417,0.0
2025-05-16,295365617.9628173,0.012039104650384302,0.0
2025-05-19,299271979.44580865,0.013225511858604672,0.0
2025-05-20,298721085.1809517,-0.0018407813049423458,-0.0018407813049423627
2025-05-21,298393295.65360993,-0.0010973096430177433,-0.002936071040883448
2025-05-22,293058543.2030301,-0.01787825842029867,-0.020761837624372892
2025-05-23,299231337.666965,0.02106334931057923,-0.00013580215200537094
2025-05-26,306422711.59941083,0.024032823528829707,0.0
2025-05-27,311800371.65820104,0.017549808990074047,0.0
2025-05-28,305603801.847968,-0.019873516433860455,-0.019873516433860483
2025-05-29,302386651.93942714,-0.01052719203454581,-0.030191496144505336
2025-05-30,295191697.83271646,-0.023793887926481412,-0.05326701099539155
2025-06-02,298917341.0112716,0.012621097428920352,-0.04131820170199141
2025-06-03,299043172.3819923,0.00042095707895360837,-0.040914637812533905
2025-06-04,299983587.6368075,0.003144747453434421,-0.03789855656216867
2025-06-05,300815590.36972094,0.002773494175023824,-0.035230173813011856
2025-06-06,300346858.2151185,-0.0015582043271969636,-0.03673348233092544
2025-06-09,293733026.82247776,-0.022020644503974538,-0.057945231879097614
2025-06-10,302408438.2703273,0.02953502213114324,-0.030121623453897794
2025-06-11,309955774.1057321,0.024957424728532476,-0.005915956875417128
2025-06-12,309822646.5632154,-0.00042950496050864315,-0.006342920903101623
2025-06-13,305282234.139171,-0.01465487586014135,-0.02090484204481735
2025-06-16,311810689.68281794,0.02138498351224317,0.0
2025-06-17,309127984.8821303,-0.008603633196208023,-0.00860363319620805
2025-06-18,307448079.1568787,-0.0054343372564349315,-0.013991215408224122
2025-06-19,308916172.3277242,0.004775093000650683,-0.009282931762339852
2025-06-20,308285026.43909514,-0.002043097594642945,-0.011307063421427954
2025-06-23,314464878.35747385,0.020045903590454155,0.0
2025-06-24,315455514.1632228,0.003150227176158018,0.0
2025-06-25,313787588.01255065,-0.005287357728066597,-0.005287357728066544
2025-06-26,312855596.17031425,-0.0029701360979234224,-0.008241789653939291
2025-06-27,308660792.0211634,-0.013408116078151452,-0.021539398859719006
2025-06-30,310812229.4696401,0.00697023238484128,-0.014719301090359682
2025-07-01,309303318.7520822,-0.004854734062853974,-0.019502576860828902
2025-07-02,310673828.5554286,0.004430957316836644,-0.015158034629630945
2025-07-03,312219082.2181508,0.004973877812325846,-0.010259551029427882
2025-07-04,309328779.0172538,-0.0092572919642288,-0.01942186733435536
2025-07-07,310777727.0001466,0.004684168047655183,-0.014828674577093581
2025-07-08,312549070.9550607,0.005699713335355134,-0.009213480435971144
2025-07-09,309037804.1334226,-0.011234289741795356,-0.020344263269018392
2025-07-10,308413747.8057549,-0.0020193527112892825,-0.022322533737116235
2025-07-11,306465282.4484297,-0.006317699425488576,-0.028499206104038333
2025-07-14,316328357.24147916,0.0321833348112087,0.0
2025-07-15,323443930.8027612,0.022494263945644754,0.0
2025-07-16,333616000.64681804,0.03144925248345395,0.0
2025-07-17,345987970.78974307,0.037084462732417285,0.0
2025-07-18,355726241.1902597,0.028146268722257332,0.0
2025-07-21,341673818.8367137,-0.03950347409436715,-0.039503474094367164
2025-07-22,351565067.23667574,0.02894938931416664,-0.01169768623102041
2025-07-23,347616967.81314194,-0.011230067465365985,-0.02279638789082339
2025-07-24,350737677.55994046,0.008977437915159602,-0.014023603132643503
2025-07-25,357635765.1953912,0.01966736988007754,0.0
2025-07-28,367959118.5672909,0.02886555086642313,0.0
2025-07-29,346241170.18673265,-0.05902272096183033,-0.059022720961830366
2025-07-30,346557971.807744,0.000914973862988393,-0.05816175134584445
2025-07-31,353151761.237482,0.019026512058986617,-0.04024185455021134
2025-08-01,348393422.9522917,-0.013473919168678508,-0.053173558223482575
2025-08-04,349307860.4148335,0.002624726537007503,-0.05068839773581135
2025-08-05,346447635.66294056,-0.008188263351692569,-0.05846161113796777
2025-08-06,350919427.8166388,0.012907555697822337,-0.046308651942093215
2025-08-07,354910539.1832632,0.011373298399169215,-0.03546203565992467
2025-08-08,367691488.84547555,0.03601175014871211,-0.0007273354791624831
2025-08-11,371802898.1583972,0.011181682028678903,0.0
2025-08-12,377640219.3662111,0.015700042244767752,0.0
2025-08-13,387130277.1481868,0.02512989161457096,0.0
2025-08-14,394677517.5261842,0.019495350334245348,0.0
2025-08-15,396667536.1446405,0.005042138277674455,0.0
2025-08-18,408208784.5579533,0.029095520458988108,0.0
2025-08-19,401378006.7539358,-0.016733539459261,-0.016733539459261038
2025-08-20,396271716.09904456,-0.01272189947871672,-0.029242556531053898
2025-08-21,386385052.155727,-0.024949204148717114,-0.053462182167047345
2025-08-22,375227884.5758592,-0.028875774354156697,-0.08079419461246751
2025-08-25,365093616.0901752,-0.027008303226556046,-0.10562038373198468
2025-08-26,376031187.7237935,0.02995826591204159,-0.07882632136151779
2025-08-27,388535534.94605243,0.033253484366418444,-0.0481940868401568
2025-08-28,384763121.6460069,-0.009709313462330655,-0.05743546880632555
2025-08-29,383140893.75228953,-0.004216173022969298,-0.06140948395515211
2025-09-03,398485384.36140627,0.04004921129363273,-0.023819674059872176
2025-09-04,396619101.8280966,-0.004683440363315844,-0.028391556400255036
2025-09-05,398670933.4386254,0.005173305070460463,-0.023365129512478267
2025-09-08,390117521.19356036,-0.021454817815008364,-0.04431865273057234
2025-09-09,396549909.09154314,0.016488333767483588,-0.02856105970143563
2025-09-10,395866372.4140072,-0.0017237090763729248,-0.03023553781997035
2025-09-11,396435542.444214,0.0014377832265367236,-0.028841226742556514
2025-09-12,404100885.79205656,0.019335661229016147,-0.010063229703263676
2025-09-15,415795501.9025741,0.02893984280087773,0.0
2025-09-16,411989438.8549275,-0.009153689807203465,-0.009153689807203436
2025-09-17,404792133.7600532,-0.017469634937434954,-0.026463413125376034
2025-09-18,403453686.59262866,-0.003306504884351198,-0.029682416604971618
2025-09-19,398751247.0500428,-0.01165546306516701,-0.040991917359714414
2025-09-22,392979342.8761882,-0.014474949524434271,-0.05487351094945703
2025-09-23,401744018.55107856,0.02230314604004957,-0.03379421683784356
2025-09-24,406285072.77806693,0.011303352426667222,-0.022872852354077655
2025-09-25,406773694.48194945,0.0012026572882470256,-0.021697703268417246
2025-09-26,400973278.3273579,-0.014259565535521504,-0.035647868982212505
2025-09-29,405752468.0614712,0.01191897313968031,-0.024153781835417942
2025-09-30,400751813.4022641,-0.012324397392080706,-0.0361804984216374
2025-10-01,404418880.3095695,0.009150468655832269,-0.027361098282564722
2025-10-02,400309130.3079965,-0.010162112111153383,-0.03724516384548637
2025-10-03,393790817.7934549,-0.016283197211930833,-0.05292189070933051
2025-10-06,404733307.6167711,0.027787569767702414,-0.026604891671952346
2025-10-07,400892298.0197304,-0.009490223623200393,-0.035842628923714814
2025-10-08,408075464.7019292,0.01791794633541524,-0.01856690888987489
2025-10-09,410354465.16003615,0.005584752466732071,-0.013085848013365209
2025-10-10,416720831.97130334,0.01551431104517005,0.0
2025-10-13,425711595.19278884,0.021575027048574877,0.0
2025-10-14,427509264.85934794,0.004222740669642796,0.0
2025-10-15,425713799.9504468,-0.004199826896130238,-0.004199826896130188
2025-10-16,425118277.0177866,-0.0013988809682220344,-0.005592832806437409
2025-10-17,421508957.7848424,-0.008490153042263198,-0.014035501842234233
2025-10-20,401691845.08836555,-0.04701468932148385,-0.06039031640513426
2025-10-21,411216351.12653923,0.023710976846140458,-0.0381112529530071
2025-10-22,410540595.3250017,-0.0016433096584954877,-0.039691934021427566
2025-10-23,413975094.0883741,0.008365795739769569,-0.03165819289419758
2025-10-24,410510478.04008585,-0.008369141278698788,-0.03976238228393658
2025-10-27,401542900.0845976,-0.02184494290694473,-0.06073871822004462
2025-10-28,411311292.21834403,0.024327144451286344,-0.03788917334068331
2025-10-29,406899704.5965837,-0.010725666193036158,-0.048208452908137134
2025-10-30,396586423.7264975,-0.02534600235286787,-0.07233256370016727
2025-10-31,386360813.0018008,-0.025784066505889023,-0.09625160257306975
2025-11-03,387538247.9859639,0.00304750105222917,-0.09349742838096076
2025-11-04,393130024.1208067,0.014428965821833771,-0.08041753375766525
2025-11-05,394950061.71999425,0.0046296072228466205,-0.0761602281299466
2025-11-06,395675046.89129126,0.0018356375693163022,-0.0744643931366733
2025-11-07,381957836.8888075,-0.03466786725687174,-0.10655073869691933
2025-11-10,373023149.841895,-0.023391814970178205,-0.12745013850256337
2025-11-11,377388607.5437349,0.011702913622626942,-0.11723876284202384
2025-11-12,392863420.87054706,0.04100498270875545,-0.0810411535764014
2025-11-13,397716956.8267076,0.012354257735183343,-0.06968809913965746
2025-11-14,399825953.1739769,0.005302756925670192,-0.06475488126433693
2025-11-17,402233479.2966039,0.006021435335838315,-0.0591233632587117
2025-11-18,404091692.3144047,0.00461973732532238,-0.054776760341434194
2025-11-19,399626859.8231275,-0.01104905786532068,-0.06522058661206753
2025-11-20,405983277.8189659,0.01590588279939871,-0.05035209481942837
2025-11-21,400971332.2448338,-0.01234520200205632,-0.06207569003971225
2025-11-24,407807729.033173,0.017049589929698218,-0.04608446516979414
2025-11-25,403259582.6517445,-0.011152673325273274,-0.05672317350965872
2025-11-26,416041445.493245,0.03169636480167405,-0.026824727108255453
2025-11-27,418276150.69791627,0.005371352370968405,-0.021597459798840646
2025-11-28,420711408.36306876,0.005822128899984213,-0.015901074093717438
2025-12-01,425561568.57905644,0.011528473246920022,-0.004555915954084222
2025-12-02,426792614.65008384,0.002892756681807152,-0.0016763384285949368
2025-12-03,424389362.14355135,-0.005630960855550077,-0.007297859888072966
2025-12-04,423082818.2438942,-0.0030786443210025294,-0.010354036694175561
2025-12-05,435712931.7240726,0.029852579531834084,0.0
2025-12-08,443465358.7044197,0.017792510655287457,0.0
2025-12-09,449304554.07948065,0.01316719617541297,0.0
2025-12-10,431325826.4290237,-0.04001456804125021,-0.040014568041250254
2025-12-11,422990015.8174011,-0.019326017828877357,-0.05856726361474751
2025-12-12,413198301.1388337,-0.023148808038992476,-0.08036030931095317
2025-12-15,408140813.45091766,-0.012239855957725093,-0.091616566657994
2025-12-16,417222743.5929742,0.022251952862216515,-0.07140326131844921
2025-12-17,414253144.18850434,-0.0071175396118071405,-0.07801258538941014
2025-12-18,415992102.4597218,0.004197815503908786,-0.07414225232594895
2025-12-19,424319352.38572335,0.020017807734241375,-0.05560860994375205
2025-12-22,439363492.2371536,0.03545475775932678,-0.022125441979313876
2025-12-23,450917644.3237804,0.026297478718123185,0.0
2025-12-24,451158474.54295635,0.0005340891451189415,0.0
2025-12-25,434035457.27796423,-0.037953442595395105,-0.037953442595395126
2025-12-26,424095899.5128974,-0.022900335902053707,-0.059984631913375
2025-12-29,430777084.69389546,0.015753949021133844,-0.04517567772545594
2025-12-30,436583934.06494683,0.01347994026928717,-0.03230470289353249
2025-12-31,447025594.0270087,0.02391672974504959,-0.009160595997081633
2026-01-05,433129677.5341613,-0.031085281644987445,-0.03996111793546375
2026-01-06,428844955.5440575,-0.009892469189590226,-0.04945827299709582
2026-01-07,436842675.48889863,0.01864944391078304,-0.03173119837449634
2026-01-08,419558082.0169437,-0.039567090034440075,-0.07004277722595209
2026-01-09,416167316.01522446,-0.008081755892816532,-0.07755846449117354
2026-01-12,397452632.3256198,-0.0449691337339908,-0.11903986126325772
2026-01-13,409020922.3797287,0.029106084884679643,-0.09339856068516694
2026-01-14,390454669.60366815,-0.04539193904321574,-0.13455095795503758
2026-01-15,384864339.4821601,-0.014317488191862422,-0.14694201439517496
2026-01-16,398166745.88585407,0.03456388404701909,-0.11745701709534606
2026-01-19,400654152.9925891,0.0062471492972146336,-0.11194363931993156
2026-01-20,402007998.90051365,0.003379088667401321,-0.10894281813554385
2026-01-21,401406071.8238141,-0.0014973012436215627,-0.11027699916208744
2026-01-22,404755327.0847846,0.008343808168503724,-0.10285332111999046
2026-01-23,404037281.1882617,-0.0017740245735481802,-0.10444488137440078
2026-01-26,401076059.8646481,-0.007329079422831278,-0.11100847596633079
2026-01-27,393948006.35165745,-0.017772323572232587,-0.1268079209844294
2026-01-28,378051981.4962641,-0.040350565554591926,-0.1620417152104976
2026-01-29,384487167.8615482,0.017021961741384702,-0.14777802134593432
2026-01-30,383409304.2259097,-0.00280337999739593,-0.15016712339423433
2026-02-02,386473255.0802537,0.007991331510668533,-0.14337582714861252
2026-02-03,389136387.849483,0.006890859158355669,-0.13747295062185072
2026-02-04,387249515.722973,-0.004848870949688369,-0.1416552329749009
2026-02-05,380543398.9641192,-0.017317301859845716,-0.15651944840529342
2026-02-06,372601754.3367815,-0.020869221878386857,-0.1741222311866275
2026-02-09,376044410.4786241,0.009239505992048843,-0.16649152859297645
2026-02-10,366268799.88005257,-0.025995893905534397,-0.18815932638503752
2026-02-11,377969436.77243066,0.031945491661342355,-0.16222467691573217
2026-02-12,376295527.982862,-0.00442868821315967,-0.1659349226143515
2026-02-13,376017472.25817245,-0.0007389291235536741,-0.1665512375909709
2026-02-23,384185135.4224223,0.021721499044177247,-0.14844748109493244
2026-02-24,387521220.7751385,0.008683535736092674,-0.1410529943658605
2026-02-25,388439445.449664,0.0023694823026435105,-0.13901773463710176
2026-02-26,385610196.236608,-0.007283630038604298,-0.14528881092780455
2026-02-27,377064247.9004936,-0.022162143064470903,-0.1642310425788266
2026-03-02,382256003.9155495,0.0137688896360866,-0.15272343204282735
2026-03-03,382192732.6013597,-0.0001655207859175182,-0.1528636739262451
2026-03-04,382368492.01731527,0.0004598711617545765,-0.15247410035980902
2026-03-05,375798509.85653865,-0.017182331436657962,-0.16703657126857852
2026-03-06,372100063.84170496,-0.009841566472005365,-0.17523423622118828
2026-03-09,352786877.7187817,-0.05190320561498015,-0.2180422232427961
2026-03-10,350823801.8671137,-0.005564480925032688,-0.2223934123757425
2026-03-11,360517012.1197698,0.02762985350785216,-0.2009082562729435
2026-03-12,360991845.3024986,0.0013170895318832274,-0.1998557809022663
2026-03-13,359905818.8319745,-0.0030084515333414813,-0.20226297600510523
2026-03-16,354073203.8117726,-0.016205948098118785,-0.2151910608119142
2026-03-17,344651424.4856423,-0.026609693206659447,-0.236074585909553
2026-03-18,350843789.51657295,0.017967037391974,-0.2223491094299107
2026-03-19,353066120.38014424,0.006334245980621268,-0.21742327740199063
2026-03-20,344492904.95452625,-0.024282180959156494,-0.23642594699453912
2026-03-23,334492979.54447895,-0.029027957517346555,-0.2585909421665298
2026-03-24,344661617.1652302,0.030400152596921977,-0.23605199367165208
2026-03-25,352993795.6633731,0.024174953296724262,-0.2175835862975386
2026-03-26,345661579.7906909,-0.020771514861622282,-0.23383556046273657
2026-03-27,355821579.95852107,0.029392911338258575,-0.21131575702089123
2026-03-30,348018575.8087802,-0.021929541627718277,-0.228611240958427
2026-03-31,351673970.05364424,0.010503445789837706,-0.22050900094494363
2026-04-01,351828272.4695046,0.0004387655300072896,-0.22016698716360739
2026-04-02,356332741.8936405,0.01280303425452074,-0.21018275838745692
2026-04-03,354743238.54605657,-0.0044607277432237484,-0.21370591806919448
2026-04-06,346494379.39126045,-0.023253041237952077,-0.23198964678148914
2026-04-07,347178502.6195529,0.0019744136383810004,-0.23047327666567674
2026-04-08,361746652.6928078,0.041961555693495904,-0.19818273820685006
2026-04-09,364189739.59766054,0.006753585379896789,-0.19276759687025502
2026-04-10,364752053.09036535,0.001544012451657825,-0.19152121998844096
2026-04-13,365087076.32815844,0.0009184958246419734,-0.19077863560468877
2026-04-14,366980957.9417558,0.005187479197140954,-0.186580816611006
2026-04-15,369954154.18339336,0.008101772523329314,-0.17999067942107616
2026-04-16,375197950.53183377,0.014174178852012453,-0.16836772065087324
2026-04-17,372059875.9719448,-0.00836378385180627,-0.17532331327953432
2026-04-20,379527020.8624729,0.02006973977245303,-0.15877226678064582
2026-04-21,375102623.7514307,-0.011657660371553481,-0.1685790139896488
2026-04-22,376013322.1984048,0.0024278647743546347,-0.16656043626505512
2026-04-23,371805414.09844136,-0.0111908484395218,-0.17588733210631402
2026-04-24,368296806.7939411,-0.009436676206041805,-0.183664216510524
2026-04-28,381730368.5828493,0.036474825578447674,-0.15388851119429992
2026-04-29,374791908.4449023,-0.01817633782637109,-0.1692677194536062
2026-05-04,369137997.13575506,-0.015085467913666053,-0.18179970461663542
2026-05-05,379131016.67646056,0.027071229779226564,-0.1596500164148813
2026-05-06,377793998.4060533,-0.0035265336034171852,-0.16261353887062535
2026-05-07,386246407.56535727,0.02237306361394155,-0.1438786383063244
2026-05-08,387421346.2085885,0.003041940637421722,-0.14127436794562365
2026-05-11,381864634.4329545,-0.014342812625100542,-0.15359090878255055
2026-05-12,381631640.7839276,-0.0006101472302426015,-0.154107342945209
2026-05-13,376287586.35644853,-0.01400317441316347,-0.16595252535676153
2026-05-14,386915668.36267257,0.028244572480146342,-0.14239521100731756
2026-05-15,385579758.6690495,-0.003452715418003855,-0.1453562762848265
2026-05-18,384075569.3103154,-0.0039011107946286296,-0.14869033614097338
2026-05-19,385596392.6403543,0.003959698172861784,-0.1453194068204513
2026-05-20,392047611.9059365,0.0167304969359484,-0.1310201757750462
2026-05-21,386756501.5434422,-0.013496091295574018,-0.1427480068167981
2026-05-22,382871857.62106776,-0.010044159327307615,-0.15135838241998223
2026-05-25,387072285.8500994,0.010970846107965527,-0.1420480658326969
2026-05-26,380161123.72772944,-0.01785496501562092,-0.15736676760233836
2026-05-27,374727245.53089774,-0.014293618830744604,-0.16941104584034883
2026-05-28,381157325.2844876,0.01715936012200021,-0.15515867086256785
2026-05-29,378084739.56034976,-0.008061200770166312,-0.16196910643567886
