date,equity,portfolio_return,drawdown
2018-01-02,100000000.0,0.0,0.0
2018-01-03,100000000.0,0.0,0.0
2018-01-04,100000000.0,0.0,0.0
2018-01-05,100000000.0,0.0,0.0
2018-01-08,100000000.0,0.0,0.0
2018-01-09,100000000.0,0.0,0.0
2018-01-10,100000000.0,0.0,0.0
2018-01-11,100000000.0,0.0,0.0
2018-01-12,100000000.0,0.0,0.0
2018-01-15,100000000.0,0.0,0.0
2018-01-16,100000000.0,0.0,0.0
2018-01-17,100000000.0,0.0,0.0
2018-01-18,100000000.0,0.0,0.0
2018-01-19,100000000.0,0.0,0.0
2018-01-22,100000000.0,0.0,0.0
2018-01-23,100000000.0,0.0,0.0
2018-01-24,100000000.0,0.0,0.0
2018-01-25,100000000.0,0.0,0.0
2018-01-26,100000000.0,0.0,0.0
2018-01-29,100000000.0,0.0,0.0
2018-01-30,100000000.0,0.0,0.0
2018-01-31,100000000.0,0.0,0.0
2018-02-01,100000000.0,0.0,0.0
2018-02-02,100000000.0,0.0,0.0
2018-02-05,100000000.0,0.0,0.0
2018-02-06,100000000.0,0.0,0.0
2018-02-07,100000000.0,0.0,0.0
2018-02-08,100000000.0,0.0,0.0
2018-02-09,100000000.0,0.0,0.0
2018-02-12,100000000.0,0.0,0.0
2018-02-13,100000000.0,0.0,0.0
2018-02-21,100000000.0,0.0,0.0
2018-02-22,100000000.0,0.0,0.0
2018-02-23,100000000.0,0.0,0.0
2018-02-26,100000000.0,0.0,0.0
2018-02-27,100000000.0,0.0,0.0
2018-02-28,100000000.0,0.0,0.0
2018-03-01,100000000.0,0.0,0.0
2018-03-02,100000000.0,0.0,0.0
2018-03-05,100000000.0,0.0,0.0
2018-03-06,100000000.0,0.0,0.0
2018-03-07,100000000.0,0.0,0.0
2018-03-08,100000000.0,0.0,0.0
2018-03-09,100000000.0,0.0,0.0
2018-03-12,100000000.0,0.0,0.0
2018-03-13,100000000.0,0.0,0.0
2018-03-14,100000000.0,0.0,0.0
2018-03-15,100000000.0,0.0,0.0
2018-03-16,100000000.0,0.0,0.0
2018-03-19,100000000.0,0.0,0.0
2018-03-20,100000000.0,0.0,0.0
2018-03-21,100000000.0,0.0,0.0
2018-03-22,100000000.0,0.0,0.0
2018-03-23,100000000.0,0.0,0.0
2018-03-26,100000000.0,0.0,0.0
2018-03-27,100000000.0,0.0,0.0
2018-03-28,100000000.0,0.0,0.0
2018-03-29,100000000.0,0.0,0.0
2018-03-30,100000000.0,0.0,0.0
2018-04-02,100000000.0,0.0,0.0
2018-04-03,100000000.0,0.0,0.0
2018-04-04,100000000.0,0.0,0.0
2018-04-05,100000000.0,0.0,0.0
2018-04-06,100000000.0,0.0,0.0
2018-04-09,100000000.0,0.0,0.0
2018-04-10,100000000.0,0.0,0.0
2018-04-11,100000000.0,0.0,0.0
2018-04-12,100000000.0,0.0,0.0
2018-04-13,100000000.0,0.0,0.0
2018-04-16,100000000.0,0.0,0.0
2018-04-17,100000000.0,0.0,0.0
2018-04-18,100000000.0,0.0,0.0
2018-04-19,100000000.0,0.0,0.0
2018-04-20,100000000.0,0.0,0.0
2018-04-23,100000000.0,0.0,0.0
2018-04-24,100000000.0,0.0,0.0
2018-04-26,100000000.0,0.0,0.0
2018-04-27,100000000.0,0.0,0.0
2018-05-02,100000000.0,0.0,0.0
2018-05-03,100000000.0,0.0,0.0
2018-05-04,100000000.0,0.0,0.0
2018-05-07,100000000.0,0.0,0.0
2018-05-08,100000000.0,0.0,0.0
2018-05-09,100000000.0,0.0,0.0
2018-05-10,100000000.0,0.0,0.0
2018-05-11,100000000.0,0.0,0.0
2018-05-14,100000000.0,0.0,0.0
2018-05-15,100000000.0,0.0,0.0
2018-05-16,100000000.0,0.0,0.0
2018-05-17,100000000.0,0.0,0.0
2018-05-18,100000000.0,0.0,0.0
2018-05-21,100000000.0,0.0,0.0
2018-05-22,100000000.0,0.0,0.0
2018-05-23,100000000.0,0.0,0.0
2018-05-24,100000000.0,0.0,0.0
2018-05-25,100000000.0,0.0,0.0
2018-05-28,100000000.0,0.0,0.0
2018-05-29,100000000.0,0.0,0.0
2018-05-30,100000000.0,0.0,0.0
2018-05-31,100000000.0,0.0,0.0
2018-06-01,100000000.0,0.0,0.0
2018-06-04,100000000.0,0.0,0.0
2018-06-05,100000000.0,0.0,0.0
2018-06-06,100000000.0,0.0,0.0
2018-06-07,100000000.0,0.0,0.0
2018-06-08,100000000.0,0.0,0.0
2018-06-11,100000000.0,0.0,0.0
2018-06-12,100000000.0,0.0,0.0
2018-06-13,100000000.0,0.0,0.0
2018-06-14,100000000.0,0.0,0.0
2018-06-15,100000000.0,0.0,0.0
2018-06-18,100000000.0,0.0,0.0
2018-06-19,100000000.0,0.0,0.0
2018-06-20,100000000.0,0.0,0.0
2018-06-21,100000000.0,0.0,0.0
2018-06-22,100000000.0,0.0,0.0
2018-06-25,100000000.0,0.0,0.0
2018-06-26,100000000.0,0.0,0.0
2018-06-27,100000000.0,0.0,0.0
2018-06-28,100000000.0,0.0,0.0
2018-06-29,100000000.0,0.0,0.0
2018-07-02,100000000.0,0.0,0.0
2018-07-03,100000000.0,0.0,0.0
2018-07-04,100000000.0,0.0,0.0
2018-07-05,100000000.0,0.0,0.0
2018-07-06,100000000.0,0.0,0.0
2018-07-09,100000000.0,0.0,0.0
2018-07-10,100000000.0,0.0,0.0
2018-07-11,100000000.0,0.0,0.0
2018-07-12,100000000.0,0.0,0.0
2018-07-13,100000000.0,0.0,0.0
2018-07-16,100000000.0,0.0,0.0
2018-07-17,100000000.0,0.0,0.0
2018-07-18,100000000.0,0.0,0.0
2018-07-19,100000000.0,0.0,0.0
2018-07-20,100000000.0,0.0,0.0
2018-07-23,100000000.0,0.0,0.0
2018-07-24,100000000.0,0.0,0.0
2018-07-25,100000000.0,0.0,0.0
2018-07-26,100000000.0,0.0,0.0
2018-07-27,100000000.0,0.0,0.0
2018-07-30,100000000.0,0.0,0.0
2018-07-31,100000000.0,0.0,0.0
2018-08-01,100000000.0,0.0,0.0
2018-08-02,100000000.0,0.0,0.0
2018-08-03,100000000.0,0.0,0.0
2018-08-06,100000000.0,0.0,0.0
2018-08-07,100000000.0,0.0,0.0
2018-08-08,100000000.0,0.0,0.0
2018-08-09,100000000.0,0.0,0.0
2018-08-10,100000000.0,0.0,0.0
2018-08-13,100000000.0,0.0,0.0
2018-08-14,100000000.0,0.0,0.0
2018-08-15,100000000.0,0.0,0.0
2018-08-16,100000000.0,0.0,0.0
2018-08-17,100000000.0,0.0,0.0
2018-08-20,100000000.0,0.0,0.0
2018-08-21,100000000.0,0.0,0.0
2018-08-22,100000000.0,0.0,0.0
2018-08-23,100000000.0,0.0,0.0
2018-08-24,100000000.0,0.0,0.0
2018-08-27,100000000.0,0.0,0.0
2018-08-28,100000000.0,0.0,0.0
2018-08-29,100000000.0,0.0,0.0
2018-08-30,100000000.0,0.0,0.0
2018-08-31,100000000.0,0.0,0.0
2018-09-04,100000000.0,0.0,0.0
2018-09-05,100000000.0,0.0,0.0
2018-09-06,100000000.0,0.0,0.0
2018-09-07,100000000.0,0.0,0.0
2018-09-10,100000000.0,0.0,0.0
2018-09-11,100000000.0,0.0,0.0
2018-09-12,100000000.0,0.0,0.0
2018-09-13,100000000.0,0.0,0.0
2018-09-14,100000000.0,0.0,0.0
2018-09-17,100000000.0,0.0,0.0
2018-09-18,100000000.0,0.0,0.0
2018-09-19,100000000.0,0.0,0.0
2018-09-20,100000000.0,0.0,0.0
2018-09-21,100000000.0,0.0,0.0
2018-09-24,100000000.0,0.0,0.0
2018-09-25,100000000.0,0.0,0.0
2018-09-26,100000000.0,0.0,0.0
2018-09-27,100000000.0,0.0,0.0
2018-09-28,100000000.0,0.0,0.0
2018-10-01,100000000.0,0.0,0.0
2018-10-02,100000000.0,0.0,0.0
2018-10-03,100000000.0,0.0,0.0
2018-10-04,100000000.0,0.0,0.0
2018-10-05,100000000.0,0.0,0.0
2018-10-08,100000000.0,0.0,0.0
2018-10-09,100000000.0,0.0,0.0
2018-10-10,100000000.0,0.0,0.0
2018-10-11,100000000.0,0.0,0.0
2018-10-12,100000000.0,0.0,0.0
2018-10-15,100000000.0,0.0,0.0
2018-10-16,100000000.0,0.0,0.0
2018-10-17,100000000.0,0.0,0.0
2018-10-18,100000000.0,0.0,0.0
2018-10-19,100000000.0,0.0,0.0
2018-10-22,100000000.0,0.0,0.0
2018-10-23,100000000.0,0.0,0.0
2018-10-24,100000000.0,0.0,0.0
2018-10-25,100000000.0,0.0,0.0
2018-10-26,100000000.0,0.0,0.0
2018-10-29,100000000.0,0.0,0.0
2018-10-30,100000000.0,0.0,0.0
2018-10-31,100000000.0,0.0,0.0
2018-11-01,100000000.0,0.0,0.0
2018-11-02,100000000.0,0.0,0.0
2018-11-05,100000000.0,0.0,0.0
2018-11-06,100000000.0,0.0,0.0
2018-11-07,100000000.0,0.0,0.0
2018-11-08,100000000.0,0.0,0.0
2018-11-09,100000000.0,0.0,0.0
2018-11-12,100000000.0,0.0,0.0
2018-11-13,100000000.0,0.0,0.0
2018-11-14,100000000.0,0.0,0.0
2018-11-15,100000000.0,0.0,0.0
2018-11-16,100000000.0,0.0,0.0
2018-11-19,100000000.0,0.0,0.0
2018-11-20,100000000.0,0.0,0.0
2018-11-21,100000000.0,0.0,0.0
2018-11-22,100000000.0,0.0,0.0
2018-11-23,100000000.0,0.0,0.0
2018-11-26,100000000.0,0.0,0.0
2018-11-27,100000000.0,0.0,0.0
2018-11-28,100000000.0,0.0,0.0
2018-11-29,100000000.0,0.0,0.0
2018-11-30,100000000.0,0.0,0.0
2018-12-03,100000000.0,0.0,0.0
2018-12-04,100000000.0,0.0,0.0
2018-12-05,100000000.0,0.0,0.0
2018-12-06,100000000.0,0.0,0.0
2018-12-07,100000000.0,0.0,0.0
2018-12-10,100000000.0,0.0,0.0
2018-12-11,100000000.0,0.0,0.0
2018-12-12,100000000.0,0.0,0.0
2018-12-13,100000000.0,0.0,0.0
2018-12-14,100000000.0,0.0,0.0
2018-12-17,100000000.0,0.0,0.0
2018-12-18,100000000.0,0.0,0.0
2018-12-19,100000000.0,0.0,0.0
2018-12-20,100000000.0,0.0,0.0
2018-12-21,100000000.0,0.0,0.0
2018-12-24,100000000.0,0.0,0.0
2018-12-25,100000000.0,0.0,0.0
2018-12-26,100000000.0,0.0,0.0
2018-12-27,100000000.0,0.0,0.0
2018-12-28,100000000.0,0.0,0.0
2019-01-02,100000000.0,0.0,0.0
2019-01-03,100000000.0,0.0,0.0
2019-01-04,100000000.0,0.0,0.0
2019-01-07,100000000.0,0.0,0.0
2019-01-08,100000000.0,0.0,0.0
2019-01-09,100000000.0,0.0,0.0
2019-01-10,100000000.0,0.0,0.0
2019-01-11,100000000.0,0.0,0.0
2019-01-14,100000000.0,0.0,0.0
2019-01-15,100000000.0,0.0,0.0
2019-01-16,100000000.0,0.0,0.0
2019-01-17,100000000.0,0.0,0.0
2019-01-18,100000000.0,0.0,0.0
2019-01-21,100000000.0,0.0,0.0
2019-01-22,100000000.0,0.0,0.0
2019-01-23,100000000.0,0.0,0.0
2019-01-24,100000000.0,0.0,0.0
2019-01-25,100000000.0,0.0,0.0
2019-01-28,100000000.0,0.0,0.0
2019-01-29,100000000.0,0.0,0.0
2019-01-30,100000000.0,0.0,0.0
2019-01-31,100000000.0,0.0,0.0
2019-02-01,100000000.0,0.0,0.0
2019-02-11,100000000.0,0.0,0.0
2019-02-12,100000000.0,0.0,0.0
2019-02-13,100000000.0,0.0,0.0
2019-02-14,100000000.0,0.0,0.0
2019-02-15,100000000.0,0.0,0.0
2019-02-18,100000000.0,0.0,0.0
2019-02-19,100000000.0,0.0,0.0
2019-02-20,100000000.0,0.0,0.0
2019-02-21,100000000.0,0.0,0.0
2019-02-22,100000000.0,0.0,0.0
2019-02-25,100000000.0,0.0,0.0
2019-02-26,100000000.0,0.0,0.0
2019-02-27,100000000.0,0.0,0.0
2019-02-28,100000000.0,0.0,0.0
2019-03-01,100000000.0,0.0,0.0
2019-03-04,100000000.0,0.0,0.0
2019-03-05,100000000.0,0.0,0.0
2019-03-06,100000000.0,0.0,0.0
2019-03-07,100000000.0,0.0,0.0
2019-03-08,100000000.0,0.0,0.0
2019-03-11,100000000.0,0.0,0.0
2019-03-12,100000000.0,0.0,0.0
2019-03-13,100000000.0,0.0,0.0
2019-03-14,100000000.0,0.0,0.0
2019-03-15,100000000.0,0.0,0.0
2019-03-18,100000000.0,0.0,0.0
2019-03-19,100000000.0,0.0,0.0
2019-03-20,100000000.0,0.0,0.0
2019-03-21,100000000.0,0.0,0.0
2019-03-22,100000000.0,0.0,0.0
2019-03-25,100000000.0,0.0,0.0
2019-03-26,100000000.0,0.0,0.0
2019-03-27,100000000.0,0.0,0.0
2019-03-28,100000000.0,0.0,0.0
2019-03-29,100000000.0,0.0,0.0
2019-04-01,100000000.0,0.0,0.0
2019-04-02,100000000.0,0.0,0.0
2019-04-03,100000000.0,0.0,0.0
2019-04-04,100000000.0,0.0,0.0
2019-04-05,100000000.0,0.0,0.0
2019-04-08,100000000.0,0.0,0.0
2019-04-09,100000000.0,0.0,0.0
2019-04-10,100000000.0,0.0,0.0
2019-04-11,100000000.0,0.0,0.0
2019-04-12,100000000.0,0.0,0.0
2019-04-16,100000000.0,0.0,0.0
2019-04-17,100000000.0,0.0,0.0
2019-04-18,100000000.0,0.0,0.0
2019-04-19,100000000.0,0.0,0.0
2019-04-22,100000000.0,0.0,0.0
2019-04-23,100000000.0,0.0,0.0
2019-04-24,100000000.0,0.0,0.0
2019-04-25,100000000.0,0.0,0.0
2019-04-26,100000000.0,0.0,0.0
2019-05-02,100000000.0,0.0,0.0
2019-05-03,100000000.0,0.0,0.0
2019-05-06,100000000.0,0.0,0.0
2019-05-07,100000000.0,0.0,0.0
2019-05-08,100000000.0,0.0,0.0
2019-05-09,100000000.0,0.0,0.0
2019-05-10,100000000.0,0.0,0.0
2019-05-13,100000000.0,0.0,0.0
2019-05-14,100000000.0,0.0,0.0
2019-05-15,100000000.0,0.0,0.0
2019-05-16,100000000.0,0.0,0.0
2019-05-17,100000000.0,0.0,0.0
2019-05-20,100000000.0,0.0,0.0
2019-05-21,100000000.0,0.0,0.0
2019-05-22,100000000.0,0.0,0.0
2019-05-23,100000000.0,0.0,0.0
2019-05-24,100000000.0,0.0,0.0
2019-05-27,100000000.0,0.0,0.0
2019-05-28,100000000.0,0.0,0.0
2019-05-29,100000000.0,0.0,0.0
2019-05-30,100000000.0,0.0,0.0
2019-05-31,100000000.0,0.0,0.0
2019-06-03,100000000.0,0.0,0.0
2019-06-04,100000000.0,0.0,0.0
2019-06-05,100000000.0,0.0,0.0
2019-06-06,100000000.0,0.0,0.0
2019-06-07,100000000.0,0.0,0.0
2019-06-10,100000000.0,0.0,0.0
2019-06-11,100000000.0,0.0,0.0
2019-06-12,100000000.0,0.0,0.0
2019-06-13,100000000.0,0.0,0.0
2019-06-14,100000000.0,0.0,0.0
2019-06-17,100000000.0,0.0,0.0
2019-06-18,100000000.0,0.0,0.0
2019-06-19,100000000.0,0.0,0.0
2019-06-20,100000000.0,0.0,0.0
2019-06-21,100000000.0,0.0,0.0
2019-06-24,100000000.0,0.0,0.0
2019-06-25,100000000.0,0.0,0.0
2019-06-26,100000000.0,0.0,0.0
2019-06-27,100000000.0,0.0,0.0
2019-06-28,100000000.0,0.0,0.0
2019-07-01,100000000.0,0.0,0.0
2019-07-02,100000000.0,0.0,0.0
2019-07-03,100000000.0,0.0,0.0
2019-07-04,100000000.0,0.0,0.0
2019-07-05,100000000.0,0.0,0.0
2019-07-08,100000000.0,0.0,0.0
2019-07-09,100000000.0,0.0,0.0
2019-07-10,100000000.0,0.0,0.0
2019-07-11,100000000.0,0.0,0.0
2019-07-12,100000000.0,0.0,0.0
2019-07-15,100000000.0,0.0,0.0
2019-07-16,100000000.0,0.0,0.0
2019-07-17,100000000.0,0.0,0.0
2019-07-18,100000000.0,0.0,0.0
2019-07-19,100000000.0,0.0,0.0
2019-07-22,100000000.0,0.0,0.0
2019-07-23,100000000.0,0.0,0.0
2019-07-24,100000000.0,0.0,0.0
2019-07-25,100000000.0,0.0,0.0
2019-07-26,100000000.0,0.0,0.0
2019-07-29,100000000.0,0.0,0.0
2019-07-30,100000000.0,0.0,0.0
2019-07-31,100000000.0,0.0,0.0
2019-08-01,100000000.0,0.0,0.0
2019-08-02,100000000.0,0.0,0.0
2019-08-05,100000000.0,0.0,0.0
2019-08-06,100000000.0,0.0,0.0
2019-08-07,100000000.0,0.0,0.0
2019-08-08,100000000.0,0.0,0.0
2019-08-09,100000000.0,0.0,0.0
2019-08-12,100000000.0,0.0,0.0
2019-08-13,100000000.0,0.0,0.0
2019-08-14,100000000.0,0.0,0.0
2019-08-15,100000000.0,0.0,0.0
2019-08-16,100000000.0,0.0,0.0
2019-08-19,100000000.0,0.0,0.0
2019-08-20,100000000.0,0.0,0.0
2019-08-21,100000000.0,0.0,0.0
2019-08-22,100000000.0,0.0,0.0
2019-08-23,100000000.0,0.0,0.0
2019-08-26,100000000.0,0.0,0.0
2019-08-27,100000000.0,0.0,0.0
2019-08-28,100000000.0,0.0,0.0
2019-08-29,100000000.0,0.0,0.0
2019-08-30,100000000.0,0.0,0.0
2019-09-03,100000000.0,0.0,0.0
2019-09-04,100000000.0,0.0,0.0
2019-09-05,100000000.0,0.0,0.0
2019-09-06,100000000.0,0.0,0.0
2019-09-09,100000000.0,0.0,0.0
2019-09-10,100000000.0,0.0,0.0
2019-09-11,100000000.0,0.0,0.0
2019-09-12,100000000.0,0.0,0.0
2019-09-13,100000000.0,0.0,0.0
2019-09-16,100000000.0,0.0,0.0
2019-09-17,100000000.0,0.0,0.0
2019-09-18,100000000.0,0.0,0.0
2019-09-19,100000000.0,0.0,0.0
2019-09-20,100000000.0,0.0,0.0
2019-09-23,100000000.0,0.0,0.0
2019-09-24,100000000.0,0.0,0.0
2019-09-25,100000000.0,0.0,0.0
2019-09-26,100000000.0,0.0,0.0
2019-09-27,100000000.0,0.0,0.0
2019-09-30,100000000.0,0.0,0.0
2019-10-01,100000000.0,0.0,0.0
2019-10-02,100000000.0,0.0,0.0
2019-10-03,100000000.0,0.0,0.0
2019-10-04,100000000.0,0.0,0.0
2019-10-07,100000000.0,0.0,0.0
2019-10-08,100000000.0,0.0,0.0
2019-10-09,100000000.0,0.0,0.0
2019-10-10,100000000.0,0.0,0.0
2019-10-11,100000000.0,0.0,0.0
2019-10-14,100000000.0,0.0,0.0
2019-10-15,100000000.0,0.0,0.0
2019-10-16,100000000.0,0.0,0.0
2019-10-17,100000000.0,0.0,0.0
2019-10-18,100000000.0,0.0,0.0
2019-10-21,100000000.0,0.0,0.0
2019-10-22,100000000.0,0.0,0.0
2019-10-23,100000000.0,0.0,0.0
2019-10-24,100000000.0,0.0,0.0
2019-10-25,100000000.0,0.0,0.0
2019-10-28,100000000.0,0.0,0.0
2019-10-29,100000000.0,0.0,0.0
2019-10-30,100000000.0,0.0,0.0
2019-10-31,100000000.0,0.0,0.0
2019-11-01,100000000.0,0.0,0.0
2019-11-04,100000000.0,0.0,0.0
2019-11-05,100000000.0,0.0,0.0
2019-11-06,100000000.0,0.0,0.0
2019-11-07,100000000.0,0.0,0.0
2019-11-08,100000000.0,0.0,0.0
2019-11-11,100000000.0,0.0,0.0
2019-11-12,100000000.0,0.0,0.0
2019-11-13,100000000.0,0.0,0.0
2019-11-14,100000000.0,0.0,0.0
2019-11-15,100000000.0,0.0,0.0
2019-11-18,100000000.0,0.0,0.0
2019-11-19,100000000.0,0.0,0.0
2019-11-20,100000000.0,0.0,0.0
2019-11-21,100000000.0,0.0,0.0
2019-11-22,100000000.0,0.0,0.0
2019-11-25,100000000.0,0.0,0.0
2019-11-26,100000000.0,0.0,0.0
2019-11-27,100000000.0,0.0,0.0
2019-11-28,100000000.0,0.0,0.0
2019-11-29,100000000.0,0.0,0.0
2019-12-02,100000000.0,0.0,0.0
2019-12-03,100000000.0,0.0,0.0
2019-12-04,100000000.0,0.0,0.0
2019-12-05,100000000.0,0.0,0.0
2019-12-06,100000000.0,0.0,0.0
2019-12-09,100000000.0,0.0,0.0
2019-12-10,100000000.0,0.0,0.0
2019-12-11,100000000.0,0.0,0.0
2019-12-12,100000000.0,0.0,0.0
2019-12-13,100000000.0,0.0,0.0
2019-12-16,100000000.0,0.0,0.0
2019-12-17,100000000.0,0.0,0.0
2019-12-18,100000000.0,0.0,0.0
2019-12-19,100000000.0,0.0,0.0
2019-12-20,100000000.0,0.0,0.0
2019-12-23,100000000.0,0.0,0.0
2019-12-24,100000000.0,0.0,0.0
2019-12-25,100000000.0,0.0,0.0
2019-12-26,100000000.0,0.0,0.0
2019-12-27,100000000.0,0.0,0.0
2019-12-30,100000000.0,0.0,0.0
2019-12-31,100000000.0,0.0,0.0
2020-01-02,100000000.0,0.0,0.0
2020-01-03,100000000.0,0.0,0.0
2020-01-06,100000000.0,0.0,0.0
2020-01-07,100000000.0,0.0,0.0
2020-01-08,100000000.0,0.0,0.0
2020-01-09,100000000.0,0.0,0.0
2020-01-10,100000000.0,0.0,0.0
2020-01-13,100000000.0,0.0,0.0
2020-01-14,100000000.0,0.0,0.0
2020-01-15,100000000.0,0.0,0.0
2020-01-16,100000000.0,0.0,0.0
2020-01-17,100000000.0,0.0,0.0
2020-01-20,100000000.0,0.0,0.0
2020-01-21,100000000.0,0.0,0.0
2020-01-22,100000000.0,0.0,0.0
2020-01-30,100000000.0,0.0,0.0
2020-01-31,100000000.0,0.0,0.0
2020-02-03,100000000.0,0.0,0.0
2020-02-04,100000000.0,0.0,0.0
2020-02-05,100000000.0,0.0,0.0
2020-02-06,100000000.0,0.0,0.0
2020-02-07,100000000.0,0.0,0.0
2020-02-10,100000000.0,0.0,0.0
2020-02-11,100000000.0,0.0,0.0
2020-02-12,100000000.0,0.0,0.0
2020-02-13,100000000.0,0.0,0.0
2020-02-14,100000000.0,0.0,0.0
2020-02-17,100000000.0,0.0,0.0
2020-02-18,100000000.0,0.0,0.0
2020-02-19,100000000.0,0.0,0.0
2020-02-20,100000000.0,0.0,0.0
2020-02-21,100000000.0,0.0,0.0
2020-02-24,100000000.0,0.0,0.0
2020-02-25,100000000.0,0.0,0.0
2020-02-26,100000000.0,0.0,0.0
2020-02-27,100000000.0,0.0,0.0
2020-02-28,100000000.0,0.0,0.0
2020-03-02,100000000.0,0.0,0.0
2020-03-03,100000000.0,0.0,0.0
2020-03-04,100000000.0,0.0,0.0
2020-03-05,100000000.0,0.0,0.0
2020-03-06,100000000.0,0.0,0.0
2020-03-09,100000000.0,0.0,0.0
2020-03-10,100000000.0,0.0,0.0
2020-03-11,100000000.0,0.0,0.0
2020-03-12,100000000.0,0.0,0.0
2020-03-13,100000000.0,0.0,0.0
2020-03-16,100000000.0,0.0,0.0
2020-03-17,100000000.0,0.0,0.0
2020-03-18,100000000.0,0.0,0.0
2020-03-19,100000000.0,0.0,0.0
2020-03-20,100000000.0,0.0,0.0
2020-03-23,100000000.0,0.0,0.0
2020-03-24,100000000.0,0.0,0.0
2020-03-25,100000000.0,0.0,0.0
2020-03-26,100000000.0,0.0,0.0
2020-03-27,100000000.0,0.0,0.0
2020-03-30,100000000.0,0.0,0.0
2020-03-31,100000000.0,0.0,0.0
2020-04-01,100000000.0,0.0,0.0
2020-04-03,100000000.0,0.0,0.0
2020-04-06,100000000.0,0.0,0.0
2020-04-07,100000000.0,0.0,0.0
2020-04-08,100000000.0,0.0,0.0
2020-04-09,100000000.0,0.0,0.0
2020-04-10,100000000.0,0.0,0.0
2020-04-13,100000000.0,0.0,0.0
2020-04-14,100000000.0,0.0,0.0
2020-04-15,100000000.0,0.0,0.0
2020-04-16,100000000.0,0.0,0.0
2020-04-17,100000000.0,0.0,0.0
2020-04-20,100000000.0,0.0,0.0
2020-04-21,100000000.0,0.0,0.0
2020-04-22,100000000.0,0.0,0.0
2020-04-23,100000000.0,0.0,0.0
2020-04-24,100000000.0,0.0,0.0
2020-04-27,100000000.0,0.0,0.0
2020-04-28,100000000.0,0.0,0.0
2020-04-29,100000000.0,0.0,0.0
2020-05-04,100000000.0,0.0,0.0
2020-05-05,100000000.0,0.0,0.0
2020-05-06,100000000.0,0.0,0.0
2020-05-07,100000000.0,0.0,0.0
2020-05-08,100000000.0,0.0,0.0
2020-05-11,100000000.0,0.0,0.0
2020-05-12,100000000.0,0.0,0.0
2020-05-13,100000000.0,0.0,0.0
2020-05-14,100000000.0,0.0,0.0
2020-05-15,100000000.0,0.0,0.0
2020-05-18,100000000.0,0.0,0.0
2020-05-19,100000000.0,0.0,0.0
2020-05-20,100000000.0,0.0,0.0
2020-05-21,100000000.0,0.0,0.0
2020-05-22,100000000.0,0.0,0.0
2020-05-25,100000000.0,0.0,0.0
2020-05-26,100000000.0,0.0,0.0
2020-05-27,100000000.0,0.0,0.0
2020-05-28,100000000.0,0.0,0.0
2020-05-29,100000000.0,0.0,0.0
2020-06-01,100000000.0,0.0,0.0
2020-06-02,100000000.0,0.0,0.0
2020-06-03,100000000.0,0.0,0.0
2020-06-04,100000000.0,0.0,0.0
2020-06-05,100000000.0,0.0,0.0
2020-06-08,100000000.0,0.0,0.0
2020-06-09,100000000.0,0.0,0.0
2020-06-10,100000000.0,0.0,0.0
2020-06-11,100000000.0,0.0,0.0
2020-06-12,100000000.0,0.0,0.0
2020-06-15,100000000.0,0.0,0.0
2020-06-16,100000000.0,0.0,0.0
2020-06-17,100000000.0,0.0,0.0
2020-06-18,100000000.0,0.0,0.0
2020-06-19,100000000.0,0.0,0.0
2020-06-22,100000000.0,0.0,0.0
2020-06-23,100000000.0,0.0,0.0
2020-06-24,100000000.0,0.0,0.0
2020-06-25,100000000.0,0.0,0.0
2020-06-26,100000000.0,0.0,0.0
2020-06-29,100000000.0,0.0,0.0
2020-06-30,100000000.0,0.0,0.0
2020-07-01,100000000.0,0.0,0.0
2020-07-02,100000000.0,0.0,0.0
2020-07-03,100000000.0,0.0,0.0
2020-07-06,100000000.0,0.0,0.0
2020-07-07,100000000.0,0.0,0.0
2020-07-08,100000000.0,0.0,0.0
2020-07-09,100000000.0,0.0,0.0
2020-07-10,100000000.0,0.0,0.0
2020-07-13,100000000.0,0.0,0.0
2020-07-14,100000000.0,0.0,0.0
2020-07-15,100000000.0,0.0,0.0
2020-07-16,100000000.0,0.0,0.0
2020-07-17,100000000.0,0.0,0.0
2020-07-20,100000000.0,0.0,0.0
2020-07-21,100000000.0,0.0,0.0
2020-07-22,100000000.0,0.0,0.0
2020-07-23,100000000.0,0.0,0.0
2020-07-24,100000000.0,0.0,0.0
2020-07-27,100000000.0,0.0,0.0
2020-07-28,100000000.0,0.0,0.0
2020-07-29,100000000.0,0.0,0.0
2020-07-30,100000000.0,0.0,0.0
2020-07-31,100000000.0,0.0,0.0
2020-08-03,100000000.0,0.0,0.0
2020-08-04,100000000.0,0.0,0.0
2020-08-05,100000000.0,0.0,0.0
2020-08-06,100000000.0,0.0,0.0
2020-08-07,100000000.0,0.0,0.0
2020-08-10,100000000.0,0.0,0.0
2020-08-11,100000000.0,0.0,0.0
2020-08-12,100000000.0,0.0,0.0
2020-08-13,100000000.0,0.0,0.0
2020-08-14,100000000.0,0.0,0.0
2020-08-17,100000000.0,0.0,0.0
2020-08-18,100000000.0,0.0,0.0
2020-08-19,100000000.0,0.0,0.0
2020-08-20,100000000.0,0.0,0.0
2020-08-21,100000000.0,0.0,0.0
2020-08-24,100000000.0,0.0,0.0
2020-08-25,100000000.0,0.0,0.0
2020-08-26,100000000.0,0.0,0.0
2020-08-27,100000000.0,0.0,0.0
2020-08-28,100000000.0,0.0,0.0
2020-08-31,100000000.0,0.0,0.0
2020-09-01,100000000.0,0.0,0.0
2020-09-03,100000000.0,0.0,0.0
2020-09-04,100000000.0,0.0,0.0
2020-09-07,100000000.0,0.0,0.0
2020-09-08,100000000.0,0.0,0.0
2020-09-09,100000000.0,0.0,0.0
2020-09-10,100000000.0,0.0,0.0
2020-09-11,100000000.0,0.0,0.0
2020-09-14,100000000.0,0.0,0.0
2020-09-15,100000000.0,0.0,0.0
2020-09-16,100000000.0,0.0,0.0
2020-09-17,100000000.0,0.0,0.0
2020-09-18,100000000.0,0.0,0.0
2020-09-21,100000000.0,0.0,0.0
2020-09-22,100000000.0,0.0,0.0
2020-09-23,100000000.0,0.0,0.0
2020-09-24,100000000.0,0.0,0.0
2020-09-25,100000000.0,0.0,0.0
2020-09-28,100000000.0,0.0,0.0
2020-09-29,100000000.0,0.0,0.0
2020-09-30,100000000.0,0.0,0.0
2020-10-01,100000000.0,0.0,0.0
2020-10-02,100000000.0,0.0,0.0
2020-10-05,100000000.0,0.0,0.0
2020-10-06,100000000.0,0.0,0.0
2020-10-07,100000000.0,0.0,0.0
2020-10-08,100000000.0,0.0,0.0
2020-10-09,100000000.0,0.0,0.0
2020-10-12,100000000.0,0.0,0.0
2020-10-13,100000000.0,0.0,0.0
2020-10-14,100000000.0,0.0,0.0
2020-10-15,100000000.0,0.0,0.0
2020-10-16,100000000.0,0.0,0.0
2020-10-19,100000000.0,0.0,0.0
2020-10-20,100000000.0,0.0,0.0
2020-10-21,100000000.0,0.0,0.0
2020-10-22,100000000.0,0.0,0.0
2020-10-23,100000000.0,0.0,0.0
2020-10-26,100000000.0,0.0,0.0
2020-10-27,100000000.0,0.0,0.0
2020-10-28,100000000.0,0.0,0.0
2020-10-29,100000000.0,0.0,0.0
2020-10-30,100000000.0,0.0,0.0
2020-11-02,100000000.0,0.0,0.0
2020-11-03,100000000.0,0.0,0.0
2020-11-04,100000000.0,0.0,0.0
2020-11-05,100000000.0,0.0,0.0
2020-11-06,100000000.0,0.0,0.0
2020-11-09,100000000.0,0.0,0.0
2020-11-10,100000000.0,0.0,0.0
2020-11-11,100000000.0,0.0,0.0
2020-11-12,100000000.0,0.0,0.0
2020-11-13,100000000.0,0.0,0.0
2020-11-16,100000000.0,0.0,0.0
2020-11-17,100000000.0,0.0,0.0
2020-11-18,100000000.0,0.0,0.0
2020-11-19,100000000.0,0.0,0.0
2020-11-20,100000000.0,0.0,0.0
2020-11-23,100000000.0,0.0,0.0
2020-11-24,100000000.0,0.0,0.0
2020-11-25,100000000.0,0.0,0.0
2020-11-26,100000000.0,0.0,0.0
2020-11-27,100000000.0,0.0,0.0
2020-11-30,100000000.0,0.0,0.0
2020-12-01,100000000.0,0.0,0.0
2020-12-02,100000000.0,0.0,0.0
2020-12-03,100000000.0,0.0,0.0
2020-12-04,100000000.0,0.0,0.0
2020-12-07,100000000.0,0.0,0.0
2020-12-08,100000000.0,0.0,0.0
2020-12-09,100000000.0,0.0,0.0
2020-12-10,100000000.0,0.0,0.0
2020-12-11,100000000.0,0.0,0.0
2020-12-14,100000000.0,0.0,0.0
2020-12-15,100000000.0,0.0,0.0
2020-12-16,100000000.0,0.0,0.0
2020-12-17,100000000.0,0.0,0.0
2020-12-18,100000000.0,0.0,0.0
2020-12-21,100000000.0,0.0,0.0
2020-12-22,100000000.0,0.0,0.0
2020-12-23,100000000.0,0.0,0.0
2020-12-24,100000000.0,0.0,0.0
2020-12-25,100000000.0,0.0,0.0
2020-12-28,100000000.0,0.0,0.0
2020-12-29,100000000.0,0.0,0.0
2020-12-30,100000000.0,0.0,0.0
2020-12-31,100000000.0,0.0,0.0
2021-01-04,100000000.0,0.0,0.0
2021-01-05,99946666.66666667,-0.0005333333333332837,-0.0005333333333332746
2021-01-06,99995686.2745098,0.0004904576558477603,-4.313725490201481e-05
2021-01-07,100659030.16458127,0.006633725061403589,0.0
2021-01-08,100620350.96827787,-0.0003842595765144517,-0.0003842595765144452
2021-01-11,100643281.58801031,0.00022789246421599894,-0.00015645468216018976
2021-01-12,100953147.81164011,0.003078856519188828,0.0
2021-01-13,100665822.81986052,-0.002846122166647947,-0.002846122166647924
2021-01-14,102253357.21579012,0.015770341427303148,0.0
2021-01-15,101572993.5033718,-0.006653705374020277,-0.0066537053740203245
2021-01-18,102465132.6967405,0.008783232260837846,0.0
2021-01-19,100204232.00121711,-0.022065073611087047,-0.022065073611087005
2021-01-20,99890394.54250878,-0.0031319780855614864,-0.025127944369642274
2021-01-21,101044064.95146775,0.011549362821547593,-0.013868793294579351
2021-01-22,101305596.16705802,0.0025882887403221935,-0.011316400995783349
2021-01-25,102404027.27253716,0.01084274854537915,-0.0005963533408401833
2021-01-26,101301196.57651538,-0.010769407467605905,-0.011359338436323974
2021-01-27,99041684.90611862,-0.02230488628720287,-0.033410855971406694
2021-01-28,96744814.20545474,-0.023190949374912978,-0.05582697587691432
2021-01-29,97038524.26070257,0.003035925570378202,-0.0529605368501177
2021-02-01,96284724.20596799,-0.007768049447139389,-0.060317186228258324
2021-02-02,97780540.07375503,0.015535339381429298,-0.04571889480541791
2021-02-03,98811512.4065228,0.010543737352955057,-0.03565720547135853
2021-02-04,99107116.7452928,0.002991598160686472,-0.032772279340975485
2021-02-05,99434193.7832041,0.0033002376484414352,-0.029580198002640334
2021-02-08,99209922.03843813,-0.0022554790885612828,-0.03176895957317116
2021-02-09,99599368.60234386,0.003925479991354522,-0.02796818799696732
2021-02-17,100995145.74700059,0.014013915592471799,-0.014346216230359365
2021-02-18,101774451.13641825,0.00771626580320874,-0.006740649644854324
2021-02-19,103082799.71973985,0.01285537351184428,0.0
2021-02-22,103129205.82618912,0.00045018282948687473,0.0
2021-02-23,102599449.6622133,-0.005136819969976838,-0.005136819969976836
2021-02-24,102379185.56122176,-0.0021468351118520087,-0.0072726271763540185
2021-02-25,102552553.0683747,0.0016933862699001236,-0.0055915562734604185
2021-02-26,103183575.24737027,0.006153159137587331,0.0
2021-03-01,105506630.98818214,0.022513813223108633,0.0
2021-03-02,106833754.75023496,0.012578581550968783,0.0
2021-03-03,106407190.00060344,-0.003992790018742517,-0.003992790018742531
2021-03-04,105980872.75448963,-0.004006470296898069,-0.007983263321028722
2021-03-05,107904645.9660783,0.018152079347800706,0.0
2021-03-08,108050504.206049,0.0013517327142387552,0.0
2021-03-09,108025700.76966058,-0.00022955410130357824,-0.0002295541013035418
2021-03-10,108107942.30863135,0.0007613145611166107,0.0
2021-03-11,108197115.6072535,0.0008248542772887607,0.0
2021-03-12,107971809.1933178,-0.0020823698734590067,-0.002082369873459
2021-03-15,107928765.14602384,-0.00039866005409701865,-0.0024801997698695732
2021-03-16,107780553.36165553,-0.0013732370991902023,-0.0038500309667224286
2021-03-17,110148787.4937338,0.021972740519634344,0.0
2021-03-18,110029202.52711454,-0.0010856675714751394,-0.0010856675714751018
2021-03-19,109786182.15914035,-0.0022086897150263747,-0.003291959383702414
2021-03-22,109101071.68356206,-0.0062404071450921994,-0.009511823361935234
2021-03-23,108206789.52377722,-0.008196822872451926,-0.01763067950309538
2021-03-24,107078827.9913342,-0.010424128997886589,-0.027871024023521263
2021-03-25,106532799.82526752,-0.005099310258708341,-0.03282821128350577
2021-03-26,106922585.58971186,0.003658833383555612,-0.029289490855316624
2021-03-29,107627809.63303973,0.006595650857471641,-0.022887023253319816
2021-03-30,109058643.30711746,0.013294274769283191,-0.0098970148598172
2021-03-31,110204581.47525492,0.010507541020021785,0.0
2021-04-01,111185620.45345037,0.008901979981800702,0.0
2021-04-02,111397690.90680236,0.0019073550382423424,0.0
2021-04-05,109520627.90472475,-0.016850106916919846,-0.016850106916919794
2021-04-06,109666825.45928556,0.001334886015153163,-0.01553771387384395
2021-04-07,109810496.38631658,0.0013100673465228,-0.014248001978906855
2021-04-08,110004073.19483566,0.0017628260948577385,-0.012510292633737152
2021-04-09,110767340.05393031,0.006938532700900774,-0.0056585630073733295
2021-04-12,111457379.19768763,0.006229626381037477,0.0
2021-04-13,111128174.24322349,-0.002953639829268186,-0.0029536398292682176
2021-04-14,111439712.43304282,0.00280341319328688,-0.00015850690884688934
2021-04-15,110965614.22497454,-0.004254302148824527,-0.004412134721388461
2021-04-16,110367833.49761806,-0.005387080777514758,-0.009775446972757895
2021-04-19,111229872.52268969,0.007810600224296559,-0.002041198856779336
2021-04-20,110893695.90748863,-0.003022359080133618,-0.0050573887010137986
2021-04-22,109514479.97881621,-0.012437279841615233,-0.017431768384086666
2021-04-23,111305406.2551034,0.016353328588453404,-0.001363507231896044
2021-04-26,110585096.10348132,-0.00647147497913243,-0.007826158308093412
2021-04-27,111012482.24595964,0.0038647716332261025,-0.003991632989493565
2021-04-28,111330200.69103743,0.002862006493772959,-0.001141050575257263
2021-04-29,111689402.13469715,0.0032264510566775624,0.0
2021-05-04,112009981.47622886,0.002870275383380519,0.0
2021-05-05,112150006.4637794,0.0012501116927714012,0.0
2021-05-06,112888594.56496823,0.006585716082213176,0.0
2021-05-07,114128481.48593575,0.010983278919766824,0.0
2021-05-10,114542926.56133778,0.003631390429505619,0.0
2021-05-11,114689389.27983877,0.0012786710004528813,0.0
2021-05-12,116522286.58765414,0.01598140263301217,0.0
2021-05-13,117100074.10117264,0.004958600886053291,0.0
2021-05-14,117575278.9957747,0.004058109256117897,0.0
2021-05-17,116734166.06340095,-0.007153824677753682,-0.007153824677753717
2021-05-18,117981710.01417395,0.010687050696840816,0.0
2021-05-19,119349868.50617741,0.011596360926105321,0.0
2021-05-20,120504628.72211516,0.009675420931678525,0.0
2021-05-21,120835134.02171916,0.002742677215878131,0.0
2021-05-24,119795257.86694896,-0.008605743380756179,-0.008605743380756148
2021-05-25,121145775.50640434,0.011273548415041064,0.0
2021-05-26,123291841.51582743,0.0177147407778131,0.0
2021-05-27,124740559.73881637,0.011750317013498058,0.0
2021-05-28,127486251.7197033,0.02201122062171203,0.0
2021-05-31,130820262.4045376,0.02615192336319213,0.0
2021-06-01,130186983.9759673,-0.004840828300833117,-0.0048408283008331
2021-06-02,132922215.78833576,0.02101002518710611,0.0
2021-06-03,136660848.52058768,0.028126470132015368,0.0
2021-06-04,136773636.37612072,0.0008253121267283976,0.0
2021-06-07,133438981.94773698,-0.024380827451378154,-0.02438082745137815
2021-06-08,129649617.34077772,-0.028397733193463698,-0.052086200411841754
2021-06-09,132660798.4972086,0.02322553061237448,-0.030070399441614715
2021-06-10,132273820.59508312,-0.0029170478883678696,-0.03289973053478912
2021-06-11,132928354.06700468,0.004948322116779422,-0.02811420688225108
2021-06-14,135586394.35457486,0.019996037009759035,-0.008680342593809565
2021-06-15,136824029.8296893,0.009128021148477982,0.0
2021-06-16,135397151.04140487,-0.010428568651723808,-0.010428568651723813
2021-06-17,135035578.0398084,-0.00267046240497269,-0.013071181956174405
2021-06-18,136671479.15351433,0.01211459333497777,-0.0011149406750031732
2021-06-21,136908333.76874283,0.0017330215250137178,0.0
2021-06-22,136520921.87528542,-0.0028297173940616733,-0.0028297173940616815
2021-06-23,136148811.96230075,-0.0027256621759747493,-0.00554766671636675
2021-06-24,134577875.42030632,-0.011538378626685416,-0.017022034263984076
2021-06-25,136216801.98397806,0.01217827639612478,-0.005051056905950424
2021-06-28,137549686.0593285,0.00978501958596274,0.0
2021-06-29,137776028.16234168,0.0016455297681709055,0.0
2021-06-30,137661895.81232807,-0.0008283904793592351,-0.0008283904793592312
2021-07-01,139759274.37306827,0.015235723352230454,0.0
2021-07-02,139448224.01602608,-0.0022256151403010796,-0.0022256151403010627
2021-07-05,138945012.01870704,-0.003608593805118745,-0.005826177604411953
2021-07-06,135564311.7657891,-0.024331209906713173,-0.030015629560878443
2021-07-07,136250015.53898224,0.005058143727220946,-0.025109309202039354
2021-07-08,135176952.13071716,-0.007875693841356456,-0.03278724981155268
2021-07-09,132676018.77432841,-0.018501181724901786,-0.05068182866943116
2021-07-12,129742068.1169922,-0.022113647096440443,-0.07167471569247352
2021-07-13,130517553.99873619,0.005977135196000608,-0.06612598996230168
2021-07-14,130518453.59000129,6.8924925233120086e-06,-0.06611955324266983
2021-07-15,131012346.25743431,0.00378408304609931,-0.06258567207701171
2021-07-16,132438601.80003473,0.01088642088584449,-0.05238058515882105
2021-07-19,133050212.64466242,0.0046180708367122986,-0.0480044115748407
2021-07-20,133984321.10911167,0.0070207213192809235,-0.04132071585132269
2021-07-21,133877403.76559843,-0.0007979839926655753,-0.04208572657417353
2021-07-22,134847151.34455207,0.007243549334520544,-0.03514702727637209
2021-07-23,135061422.428899,0.0015889922939449398,-0.033613883337924366
2021-07-26,135633434.34374744,0.0042351983605797856,-0.029521046440950105
2021-07-27,134863806.30297825,-0.005674323919415439,-0.03502785838041944
2021-07-28,133349276.57894287,-0.011230068063131156,-0.045864561209832844
2021-07-29,134745976.20246357,0.010473994755373531,-0.03587095162802856
2021-07-30,134978116.68216652,0.0017228008304614984,-0.034209949302821285
2021-08-02,134947925.66164005,-0.00022367344624876981,-0.03442597089181354
2021-08-03,136701988.9010534,0.012998074856010598,-0.021875367382445554
2021-08-04,136244128.50647402,-0.0033493323561721243,-0.025151431862840523
2021-08-05,136337372.4146049,0.000684388451473367,-0.02448425676087207
2021-08-06,136719507.5229028,0.0028028639655442627,-0.02175001883632599
2021-08-09,138416009.05782923,0.012408628188206807,-0.00961127854494559
2021-08-10,139188233.49631643,0.005579011009951689,-0.004085888963815898
2021-08-11,139580263.75586492,0.002816547417126752,-0.0012808496466968355
2021-08-12,140187670.68048292,0.004351667694799607,0.0
2021-08-13,141748980.52351248,0.011137283581721755,0.0
2021-08-16,143422208.84853545,0.011804164790768427,0.0
2021-08-17,144123384.56863216,0.004888892213598532,0.0
2021-08-18,144402136.94635367,0.0019341231720018013,0.0
2021-08-19,144972559.03830624,0.003950233036817716,0.0
2021-08-20,144250124.23264658,-0.0049832520750962405,-0.004983252075096201
2021-08-23,146887320.166134,0.018282105110940118,0.0
2021-08-24,144376863.89666098,-0.017091034587829734,-0.01709103458782979
2021-08-25,144325943.3817246,-0.00035269165406470076,-0.017437698376636
2021-08-26,145014798.67807096,0.0047729138656965354,-0.012748013143307091
2021-08-27,146400189.71717894,0.00955344593611794,-0.003316354661546672
2021-08-30,146775138.6166448,0.002561123043557515,-0.0007637252103335213
2021-08-31,146889378.15212494,0.000778330285066319,0.0
2021-09-01,148695603.08310348,0.012296497906798492,0.0
2021-09-06,149461616.02854788,0.0051515507490580825,0.0
2021-09-07,148367328.5104986,-0.0073215287451478895,-0.007321528745147909
2021-09-08,147450786.75624877,-0.006177517405289033,-0.013453817279180491
2021-09-09,147769630.6330495,0.0021623748764921643,-0.01132053459916571
2021-09-10,147304212.45111924,-0.003149619985760123,-0.01443449920290285
2021-09-13,146856207.30497813,-0.0030413600445389558,-0.017431958738303166
2021-09-14,146201440.0907614,-0.0044585600175345375,-0.021812797321579702
2021-09-15,146276965.2255062,0.0005165827005391151,-0.02130748273478733
2021-09-16,146238734.87064946,-0.00026135594758745594,-0.021563269845033872
2021-09-17,147265046.52129385,0.007018056136441423,-0.014696545946850215
2021-09-20,147600231.7528021,0.002276067807168273,-0.0124539284747881
2021-09-21,148960318.2275095,0.00921466354460229,-0.0033540236908895515
2021-09-22,148752333.7343803,-0.0013962409291549424,-0.004745581594889914
2021-09-23,148656464.67769983,-0.0006444877486874212,-0.0053870108743789835
2021-09-24,147889178.26242328,-0.005161473582330247,-0.01052067954239344
2021-09-27,145875037.50724605,-0.013619257195433323,-0.023996652897268156
2021-09-28,146975289.1742494,0.007542425940755701,-0.016635219933816114
2021-09-29,148520613.0738655,0.01051417492218031,-0.00629595062388888
2021-09-30,150950371.942343,0.01635974170985325,0.0
2021-10-01,153505342.66620263,0.016925898830083934,0.0
2021-10-04,153807261.72428742,0.0019668309443880982,0.0
2021-10-05,155603745.48602876,0.0116800971657742,0.0
2021-10-06,157160838.10549533,0.010006781100306998,0.0
2021-10-07,158823622.97407132,0.010580147628506753,0.0
2021-10-08,157020804.88521576,-0.011351070168887173,-0.011351070168887145
2021-10-11,157123401.0890478,0.0006533924208771535,-0.010705094451227248
2021-10-12,159687595.00205156,0.01631961818055699,0.0
2021-10-13,162068695.53401133,0.014910992503388766,0.0
2021-10-14,163423921.01206344,0.008362043475371252,0.0
2021-10-15,164111606.75201356,0.004207987029630489,0.0
2021-10-18,164304866.71148577,0.00117761298726568,0.0
2021-10-19,166219995.84968394,0.01165594894739834,0.0
2021-10-20,166391389.1752286,0.0010311233896290657,0.0
2021-10-21,167193203.91471136,0.004818847558501723,0.0
2021-10-22,167234824.74479496,0.0002489385280566802,0.0
2021-10-25,165684748.54410493,-0.009268860137566986,-0.009268860137567003
2021-10-26,167204478.57652408,0.009172419584622154,-0.00018145842719774485
2021-10-27,167783977.009053,0.0034658068818634864,0.0
2021-10-28,169747357.70545098,0.011701836679506371,0.0
2021-10-29,169516635.17482707,-0.001359211322890028,-0.0013592113228900748
2021-11-01,172048965.63625038,0.014938536615074072,0.0
2021-11-02,172423271.66111523,0.0021755784667500896,0.0
2021-11-03,171388165.29915115,-0.006003286864887353,-0.0060032868648873805
2021-11-04,173399321.84175617,0.011734512351507,0.0
2021-11-05,174451719.16125375,0.006069212430127038,0.0
2021-11-08,176680578.0554477,0.012776365317063517,0.0
2021-11-09,177228529.53294057,0.003101367923535462,0.0
2021-11-10,179597986.82455182,0.01336950262948977,0.0
2021-11-11,179965823.52875668,0.0020481115112063854,0.0
2021-11-12,181955350.52244937,0.011055026752758922,0.0
2021-11-15,185149201.61287004,0.017552938571194207,0.0
2021-11-16,184370891.10704553,-0.004203693556572186,-0.00420369355657213
2021-11-17,187733673.56343168,0.018239226573102157,0.0
2021-11-18,188260170.81754577,0.002804490234066601,0.0
2021-11-19,187169079.7726709,-0.005795655236775062,-0.005795655236775055
2021-11-22,184377935.63449758,-0.014912421119788265,-0.02062164910500741
2021-11-23,185346664.95812488,0.005254041489799832,-0.015475954615193355
2021-11-24,185284831.01594654,-0.0003336123808448823,-0.015804404025973273
2021-11-25,186201221.22444963,0.004945845828168352,-0.01093672434352344
2021-11-26,185810021.88168737,-0.002100949393294818,-0.013014696232444112
2021-11-29,186654942.77066886,0.004547229909479727,-0.008526647138935362
2021-11-30,186874751.8331505,0.0011776225114579863,-0.007359065799095399
2021-12-01,186680727.13203472,-0.0010382606489774515,-0.008389685819640502
2021-12-02,186797068.2156012,0.0006232088622849729,-0.007771705483910041
2021-12-03,184604998.27890658,-0.011735033946916846,-0.019415538203147786
2021-12-06,183620187.2958821,-0.0053346929509275635,-0.024646655219284552
2021-12-07,185814196.92177415,0.011948629713336788,-0.01299251926283529
2021-12-08,187124555.16884458,0.007051981327465946,-0.006032160938607589
2021-12-09,188387659.4567316,0.006750072360879062,0.0
2021-12-10,188693007.59853968,0.0016208500211141708,0.0
2021-12-13,189533029.47351736,0.0044517912225178775,0.0
2021-12-14,188233585.8146812,-0.0068560274821002735,-0.006856027482100235
2021-12-15,187515746.6769669,-0.0038135550284900807,-0.010643436672510553
2021-12-16,187706925.4192822,0.001019534336199699,-0.009634753685453634
2021-12-17,187419910.30485022,-0.001529059803152546,-0.011149081374032477
2021-12-20,186186278.20820558,-0.006582182728814992,-0.017657878811985106
2021-12-21,184922350.9214048,-0.006788509330356593,-0.024326517467272213
2021-12-22,184780618.64416963,-0.000766442112210756,-0.02507431471205268
2021-12-23,182921512.91080117,-0.01006115114782963,-0.03488318938963608
2021-12-24,182887837.10798073,-0.0001840997391972457,-0.03506086714276435
2021-12-27,186060288.87493467,0.017346433842294635,-0.018322614312815122
2021-12-28,186928563.49559557,0.004666630509450272,-0.013741488674330005
2021-12-29,185795774.02458417,-0.006060012711958229,-0.01971822779024046
2021-12-30,184409568.22841188,-0.00746091133369304,-0.027032023174732966
2021-12-31,184534907.56273025,0.0006796791268613722,-0.026370717149780343
2022-01-04,185498090.56434447,0.005219516536657387,-0.021288843007369773
2022-01-05,187124286.63993207,0.008766645902608445,-0.01270882885308311
2022-01-06,187029994.03691292,-0.0005039036071281738,-0.01320632843550984
2022-01-07,185862184.7757479,-0.006243967804086759,-0.01936783635003514
2022-01-10,182016445.02338612,-0.02069135126654114,-0.03965844091138482
2022-01-11,180395595.96563604,-0.008904959425736634,-0.04821024352991754
2022-01-12,181720028.2909581,0.007341821834577136,-0.04122237271393869
2022-01-13,180006158.96962008,-0.009431372741115213,-0.050264961892715565
2022-01-14,181924961.70048892,0.01065965043558696,-0.04014111838006307
2022-01-17,181104647.3936135,-0.00450908055281582,-0.04446919939662297
2022-01-18,177939289.02151597,-0.017478062643074645,-0.06117002658695614
2022-01-19,177833340.01328355,-0.0005954222297673879,-0.06172902682309811
2022-01-20,179433199.5498515,0.008996398180726135,-0.053287967546981396
2022-01-21,178936297.43643042,-0.002769287482292425,-0.05590968532778906
2022-01-24,175840419.35305834,-0.017301565572362083,-0.07224392581332229
2022-01-25,177930348.92318356,0.011885376398750454,-0.06121719566538664
2022-01-26,178363384.89464173,0.0024337386740309152,-0.05893244364796224
2022-01-27,177014002.8610737,-0.007565353361986807,-0.06605195224926685
2022-01-28,178149951.21070364,0.006417279600876929,-0.060058546494157206
2022-02-07,179402794.59821296,0.007032521642554582,-0.05344838787964323
2022-02-08,182079968.55281192,0.014922699284560815,-0.0393232828146548
2022-02-09,183674861.00894454,0.00875929663657661,-0.03090843047697578
2022-02-10,184965641.3084833,0.007027528386020683,-0.024098111963499425
2022-02-11,186353768.88333893,0.007504786105331446,-0.016774177033996307
2022-02-14,185992286.38363683,-0.0019397648991386434,-0.018681403973312527
2022-02-15,187242387.17467603,0.006721250732197997,-0.012085715641248607
2022-02-16,185907679.01506135,-0.0071282372530828185,-0.019127803045867364
2022-02-17,187471270.78400475,0.008410581947057304,-0.0108780970537945
2022-02-18,189261169.35191318,0.009547588600765766,-0.001434368048457535
2022-02-21,190634596.705952,0.00725678362202786,0.0
2022-02-22,192715163.67281994,0.010913900219681343,0.0
2022-02-23,193493046.15748727,0.004036436312754156,0.0
2022-02-24,195919270.23748225,0.0125390763553344,0.0
2022-02-25,195699072.36455017,-0.001123921463494454,-0.0011239214634944927
2022-02-28,193632369.89441955,-0.010560614545380924,-0.011672666707520096
2022-03-01,193340842.55867213,-0.0015055712839045438,-0.013160663959623231
2022-03-02,194911917.55250913,0.008125934350163148,-0.005141672300800537
2022-03-03,195627399.3270197,0.0036707954213103062,-0.0014897509066299497
2022-03-04,196011360.83095136,0.0019627184395056224,0.0
2022-03-07,194889940.65908748,-0.005721199868772121,-0.0057211998687721755
2022-03-08,191648769.42793548,-0.01663077745414084,-0.022256829321124716
2022-03-09,193477542.3942057,0.009542315203635424,-0.012926895798304971
2022-03-10,194917579.5452276,0.007442916284763726,-0.005580193316789939
2022-03-11,196260496.7213405,0.006889666797864772,0.0
2022-03-14,194271520.58170265,-0.010134368214006385,-0.010134368214006373
2022-03-15,196339318.7299623,0.010643856300028334,0.0
2022-03-16,196990240.09012297,0.0033152878617040095,0.0
2022-03-17,195241225.7928998,-0.008878685037507479,-0.008878685037507439
2022-03-18,196026225.91074607,0.004020667841324463,-0.00489371543958661
2022-03-21,196489417.54369983,0.0023629064468376885,-0.00254237238451005
2022-03-22,197388810.74722487,0.004577311158882177,0.0
2022-03-23,200241116.3868146,0.014450189090213303,0.0
2022-03-24,200666085.2844351,0.002122285898564249,0.0
2022-03-25,203557983.35343677,0.014411493924858005,0.0
2022-03-28,203939660.46612746,0.001875028954418275,0.0
2022-03-29,203748479.49083713,-0.0009374389211660068,-0.000937438921166045
2022-03-30,205274638.218995,0.007490405484113129,0.0
2022-03-31,203674098.91767606,-0.007797063072211705,-0.0077970630722117296
2022-04-01,204966791.8250517,0.00634686940678762,-0.0014996806064998536
2022-04-04,203733998.33989996,-0.006014601068664734,-0.007505261694586096
2022-04-05,202841431.46196717,-0.004381040401728491,-0.011853421241605044
2022-04-06,203324750.69201702,0.002382744129571335,-0.009498920781912501
2022-04-07,201780898.3280402,-0.007593037044050444,-0.01701983216858738
2022-04-08,200705001.49549165,-0.005332005365539837,-0.022261087697683757
2022-04-12,200093186.67695537,-0.0030483287111807453,-0.025241557296093564
2022-04-13,204605460.79581314,0.022550863394177965,-0.0032599128123560472
2022-04-14,209334856.9241116,0.023114711161195164,0.0
2022-04-15,209272587.37641782,-0.0002974638271368397,-0.0002974638271368013
2022-04-18,208146509.69463333,-0.005380913457905545,-0.005676776657931759
2022-04-19,211485133.0003869,0.016039775591969195,0.0
2022-04-20,209344534.73618883,-0.010121743471178888,-0.01012174347117889
2022-04-21,209233028.40737185,-0.0005326450435283531,-0.010648997218215439
2022-04-22,204541436.31531918,-0.02242280832889465,-0.0328330251235911
2022-04-25,200033584.3314696,-0.022038820422187327,-0.054148244401162504
2022-04-26,200631265.0605642,0.002987901912031912,-0.05132213213211001
2022-04-27,204881880.89292946,0.021186208595565345,-0.031223244933464622
2022-04-28,204360933.66806436,-0.002542671038525627,-0.033686525531369194
2022-04-29,208292460.8055657,0.019238154117494823,-0.015096437983729727
2022-05-04,207163098.11267236,-0.005422004658860792,-0.020436589685510542
2022-05-05,203989328.6372773,-0.015320148734543912,-0.03544364682644563
2022-05-06,200990037.66332582,-0.014703175867031085,-0.0496256885208185
2022-05-09,196510542.1400097,-0.022287152017054813,-0.07080682527385884
2022-05-10,196093417.03423905,-0.0021226601953673024,-0.07277918663965699
2022-05-11,198104496.35733208,0.010255720735091687,-0.06326986891806874
2022-05-12,194740013.2242431,-0.01698337592005116,-0.079178708869872
2022-05-13,190745378.73828483,-0.020512653870257556,-0.09806719729118796
2022-05-16,190735233.67417604,-5.318642147922577e-05,-0.0981151678693788
2022-05-17,194359836.56698608,0.019003321111618968,-0.08097636079870196
2022-05-18,197764888.36183935,0.017519318059725366,-0.06487569335912813
2022-05-19,199488269.95233482,0.008714295064057541,-0.056726744229487425
2022-05-20,199329524.49712792,-0.0007957633561353309,-0.057477366521252016
2022-05-23,196622468.55134577,-0.013580807723349382,-0.07027758518143179
2022-05-24,197580649.29497653,0.004873200660587519,-0.06574686129537499
2022-05-25,202027348.19892085,0.022505740920537455,-0.04472080220148966
2022-05-26,202502312.5946622,0.0023509905959547737,-0.04247494979095423
2022-05-27,202679575.20985368,0.0008753609424022053,-0.041636769760629466
2022-05-30,203734345.76989144,0.005204128531183551,-0.03664932433090351
2022-05-31,205934991.70122865,0.010801546116444872,-0.026243647581355445
2022-06-01,205142845.22694662,-0.0038465851176534183,-0.02998928427478953
2022-06-02,207739078.2584051,0.012655732782619309,-0.017713087860293908
2022-06-03,207603020.6952314,-0.0006549444828307196,-0.018356431253956695
2022-06-06,206823459.81034917,-0.003755055597320352,-0.022042557431349974
2022-06-07,204444384.85007071,-0.0115029260339228,-0.033291929557541566
2022-06-08,206084435.77912825,0.008021990578319232,-0.025537006524467
2022-06-09,205968612.82201642,-0.0005620170037293313,-0.026084671296305206
2022-06-10,206097089.9366312,0.0006237703543976655,-0.025477171786566388
2022-06-13,202311406.73022935,-0.01836844570472024,-0.0433776414446152
2022-06-14,205001390.9070127,0.013296255610393203,-0.030658146042645606
2022-06-15,204422535.65302742,-0.0028236650074625626,-0.03339524271593386
2022-06-16,207109530.7883409,0.013144319566968876,-0.020689880891239687
2022-06-17,204979792.6694981,-0.010283148779953214,-0.030760272547748824
2022-06-20,200283877.93932682,-0.022909159332319084,-0.052964739895165924
2022-06-21,202598206.57184672,0.01155524177148694,-0.04202151849853153
2022-06-22,207355396.17438072,0.023480906781111952,-0.019527315076084406
2022-06-23,210672227.26884753,0.01599587546628125,-0.003843796109951003
2022-06-24,210381304.823124,-0.0013809245266689827,-0.005219412644296262
2022-06-27,213766280.0384372,0.01608971490199227,0.0
2022-06-28,214546004.175507,0.003647554408158385,0.0
2022-06-29,215462016.55426967,0.0042695382851937365,0.0
2022-06-30,211746486.43959072,-0.01724447851226296,-0.017244478512262962
2022-07-01,212395320.79215977,0.0030642036308552866,-0.014233115475077107
2022-07-04,212728307.47876123,0.00156776846758929,-0.01268766123712528
2022-07-05,211172329.24835512,-0.007314392000046605,-0.019909250709319704
2022-07-06,209163391.18691024,-0.009513263733915683,-0.029233112490492985
2022-07-07,209988512.60885653,0.003944865386165743,-0.025403567797920856
2022-07-08,214726227.59837002,0.022561781740596355,-0.003414935809413655
2022-07-11,215333438.61511385,0.002827838143180084,-0.0005967545519719453
2022-07-12,219585139.94808036,0.0197447333786648,0.0
2022-07-13,219443130.91997087,-0.000646715110790594,-0.0006467151107906188
2022-07-14,220120122.2350099,0.003085042180180759,0.0
2022-07-15,220768956.58757892,0.002947637617047522,0.0
2022-07-18,218865301.0814566,-0.008622840527704092,-0.008622840527704123
2022-07-19,218389081.1509861,-0.002175858521736428,-0.010779936968396742
2022-07-20,222559984.24382135,0.019098496458033267,0.0
2022-07-21,223169643.69208434,0.0027393039693743362,0.0
2022-07-22,221852823.678015,-0.005900533747709054,-0.005900533747709047
2022-07-25,221334380.85977507,-0.0023368772578363337,-0.00822362218242123
2022-07-26,221472632.2779724,0.0006246269452594538,-0.00760413193316456
2022-07-27,223408152.1327348,0.008739318419862892,0.0
2022-07-28,225222701.99657452,0.00812212914576916,0.0
2022-07-29,222371266.49625492,-0.012660515458885527,-0.01266051545888558
2022-08-01,224635133.46923596,0.010180573275725633,-0.0026088334884974973
2022-08-02,224154709.7910003,-0.002138684500576775,-0.004741938517327848
2022-08-03,223732242.74451938,-0.0018847118888326196,-0.006617713218260768
2022-08-04,224659055.38169557,0.004142508141906557,-0.002502619007241691
2022-08-05,225150376.0515502,0.002186961344691348,-0.00032113079357964924
2022-08-08,226624384.87371957,0.0065467748622897075,0.0
2022-08-09,226888646.97405702,0.0011660797247599758,0.0
2022-08-10,228664027.80217338,0.007824899358315441,0.0
2022-08-11,228801751.0851165,0.0006022953599954935,0.0
2022-08-12,231567307.58431697,0.012087129954576479,0.0
2022-08-15,232652567.37231115,0.004686584644937488,0.0
2022-08-16,233449892.24860245,0.0034271054271898718,0.0
2022-08-17,232382356.63342825,-0.004572868314016517,-0.004572868314016487
2022-08-18,232210372.14822656,-0.0007400926976267123,-0.005309576665196825
2022-08-19,234485857.86126235,0.009799242350739115,0.0
2022-08-22,232849354.6179375,-0.006979112762924541,-0.006979112762924511
2022-08-23,233028598.73923755,0.000769785776705922,-0.006214699407957491
2022-08-24,235818048.9050692,0.011970419858006747,0.0
2022-08-25,236441924.19289184,0.0026455790416355317,0.0
2022-08-26,236987339.69400227,0.002306763079230732,0.0
2022-08-29,235156691.5445814,-0.007724666439078931,-0.0077246664390788755
2022-08-30,235806590.21905577,0.002763683526101785,-0.004982331446359511
2022-08-31,236756799.33485216,0.004029612212761643,-0.0009727960972421013
2022-09-05,235632542.6096276,-0.004748572072198378,-0.005716748777061187
2022-09-06,234111693.07707807,-0.006454327215189124,-0.012134178225036152
2022-09-07,230966750.2704978,-0.013433514427426936,-0.025404687994212027
2022-09-08,229122135.00263315,-0.00798649704212539,-0.033188290570815515
2022-09-09,231301945.70935717,0.009513749977491118,-0.02399028569199546
2022-09-12,232175916.44420257,0.0037784841461886757,-0.020302448459956546
2022-09-13,232860179.49964866,0.0029471749952606867,-0.01741510833313964
2022-09-14,233124743.75942984,0.0011361507164928599,-0.016298743804457283
2022-09-15,232339009.1533288,-0.003370447055212059,-0.019614256806609887
2022-09-16,229108968.31731373,-0.013902275161565556,-0.033243849172960416
2022-09-19,226392252.3545249,-0.011857746044346001,-0.044707398096276885
2022-09-20,227759403.92685518,0.006038862011007953,-0.03893851789324354
2022-09-21,228492977.30972672,0.0032208258812756866,-0.03584310619817699
2022-09-22,229573799.31696135,0.0047302198078917656,-0.03128243216120019
2022-09-23,227514427.9250487,-0.008970411249192097,-0.03997222712903137
2022-09-26,224550543.37961695,-0.01302723775570036,-0.052478737178296986
2022-09-27,221799115.12798947,-0.012253046508892258,-0.06408875927981561
2022-09-28,221185924.5825858,-0.002764621243190339,-0.06667619937765124
2022-09-29,216444120.2127109,-0.021438092766632815,-0.08668488159669951
2022-09-30,219701709.10017616,0.015050484551226739,-0.07293904651676875
2022-10-03,215381970.1690988,-0.019661835808057887,-0.09116676676821767
2022-10-04,214121062.8927983,-0.005854284252811586,-0.09648733485395833
2022-10-05,216939654.17374817,0.013163540489059756,-0.08459390930393007
2022-10-06,212098598.25626224,-0.022315219114384197,-0.10502139679645472
2022-10-07,207870172.72395942,-0.01993613143635183,-0.12286380786264317
2022-10-10,211633155.92276838,0.01810256444923443,-0.1069853934137206
2022-10-11,208443290.27360237,-0.01507261768723092,-0.12044546116790855
2022-10-12,210865925.64260167,0.011622515485239916,-0.11022282492021951
2022-10-13,212305088.24663365,0.006825012621864891,-0.10415008446965268
2022-10-14,214276811.1744306,0.009287214659247452,-0.09583013400165374
2022-10-17,214118073.55631372,-0.0007408063301243834,-0.09649994876189294
2022-10-18,215188675.4751876,0.005000053947301673,-0.09198239976431266
2022-10-19,214357495.48861155,-0.003862563793102068,-0.09548967567048239
2022-10-20,213025985.05377212,-0.006211634595768863,-0.10110816329331773
2022-10-21,208221760.3463455,-0.02255229429505477,-0.1213802365341492
2022-10-24,203318434.54966897,-0.023548575271482686,-0.14207048016913704
2022-10-25,199352654.39920574,-0.01950526600918923,-0.15880462367057402
2022-10-26,198212514.43432796,-0.00571921135594534,-0.163615597819446
2022-10-27,200470267.47551417,0.011390567581615819,-0.15408870476219905
2022-10-28,201478214.76870984,0.005027914143521445,-0.14983553539670835
2022-10-31,200825982.76245797,-0.003237233400150045,-0.15258771619714284
2022-11-01,201095083.03598785,0.0013399674177030458,-0.15145221134748565
2022-11-02,200586569.08626753,-0.0025287239351810494,-0.15359795445079627
2022-11-03,199561905.23862135,-0.005108337274593361,-0.15792166156936727
2022-11-04,196099278.6335492,-0.017351140243584005,-0.1725326809155614
2022-11-07,191855446.94353658,-0.0216412407000389,-0.1904401003392836
2022-11-08,190464961.83135164,-0.007247566510812508,-0.19630743955656138
2022-11-09,188159757.49151227,-0.012103036262808937,-0.20603455975975804
2022-11-10,185717942.1601568,-0.012977351607532927,-0.2163381284419854
2022-11-11,187379751.18675327,0.00894802627719943,-0.20932590142284502
2022-11-14,187817106.1563018,0.0023340567312026723,-0.20748042322087334
2022-11-15,188378816.9505896,0.0029907328772297444,-0.2051102088667518
2022-11-16,192709050.33031216,0.022986838169062048,-0.1868382058757323
2022-11-17,194055903.88375932,0.006989051895272112,-0.1811549758973452
2022-11-18,196176454.190014,0.010927522759240077,-0.17220702826017298
2022-11-21,198740831.62877062,0.013071790135796785,-0.1613862922577024
2022-11-22,197771438.2058041,-0.004877676192767708,-0.16547677837488572
2022-11-23,198161848.85122168,0.001974049685634098,-0.16382938807158232
2022-11-24,198778653.68368596,0.003112631599069152,-0.16122669700268089
2022-11-25,201609627.1065184,0.014241838197260973,-0.14928102333721094
2022-11-28,206555280.26350048,0.024530838273755195,-0.12841217370428148
2022-11-29,209257686.63666764,0.013083211282324638,-0.11700900602175257
2022-11-30,214461960.92252958,0.02487017021696353,-0.09504886970146775
2022-12-01,217805920.45835295,0.015592320061977418,-0.08093858203740478
2022-12-02,222776571.9130519,0.022821470804093212,-0.059964248720202895
2022-12-05,224886770.8828628,0.00947226609912329,-0.05105997994139144
2022-12-06,218276312.0292172,-0.029394609685995245,-0.07895370144643465
2022-12-07,213047284.0877642,-0.023956002796826997,-0.10101828915059108
2022-12-08,217590471.73173568,0.021324785544320386,-0.08184769695846117
2022-12-09,220358484.6616164,0.01272120469178165,-0.07016769357323904
2022-12-12,221289167.4249582,0.004223494115831054,-0.06624055229833603
2022-12-13,221227011.97250992,-0.0002808788752362057,-0.06650282560174758
2022-12-14,220726118.593394,-0.002264160125157552,-0.06861641268096741
2022-12-15,217518484.6063603,-0.014532190424381088,-0.08215145633003074
2022-12-16,218978349.16819456,0.006711450589940295,-0.07599136118014105
2022-12-19,214778992.6991,-0.01917703957969425,-0.09371111141876887
2022-12-20,212072909.9502688,-0.012599382811252575,-0.10512979206358852
2022-12-21,209196737.03247148,-0.013562189147457783,-0.11726619108604697
2022-12-22,210995667.27592373,0.008599227067165113,-0.10967536262333233
2022-12-23,210818422.12927034,-0.0008400416413366278,-0.11042327239303673
2022-12-26,206463427.51600853,-0.020657561940158192,-0.12879975874410077
2022-12-27,209352094.28382635,0.013991178982988873,-0.11661064023866641
2022-12-28,211717887.25099647,0.01130054597859779,-0.10662785816167941
2022-12-29,210871360.39789578,-0.003998371909394269,-0.11019989223824112
2022-12-30,211089054.8911172,0.0010323568492688231,-0.1092813010025131
2023-01-03,215307217.27262044,0.019982856921118168,-0.09148219668348179
2023-01-04,216412699.94858357,0.005134443192228802,-0.08681746363322462
2023-01-05,216241053.99434832,-0.0007931417808475946,-0.08754174685635752
2023-01-06,214276264.92670932,-0.009086105673950077,-0.0958324389674885
2023-01-09,213337820.37431985,-0.004379601038455924,-0.09979233215672467
2023-01-10,214401862.34195843,0.004987591819264055,-0.09530246375695084
2023-01-11,215384076.01066345,0.004581180676212798,-0.09115788088609678
2023-01-12,214351614.7408848,-0.004793582185377172,-0.09551449027760162
2023-01-13,213005844.22626838,-0.0062783315919651035,-0.10119315022776643
2023-01-16,211520223.22765392,-0.006974555106743169,-0.1074619281318211
2023-01-17,213810012.0476427,0.010825389577640265,-0.09779985579097217
2023-01-18,216692811.0804654,0.013482993641010282,-0.08563549698368333
2023-01-19,216239651.35162956,-0.0020912540964156735,-0.08754766549623327
2023-01-27,214416730.93236777,-0.008430093222345765,-0.09523972373704703
2023-01-30,216386356.1715732,0.00918596804755263,-0.08692862474860064
2023-01-31,217882258.67410603,0.006913109167320769,-0.08061646265393207
2023-02-01,215214044.4177965,-0.01224612904486399,-0.09187535209399555
2023-02-02,213254700.68250942,-0.009104162976851933,-0.10014306689182806
2023-02-03,213258127.85048223,1.6070773407735733e-05,-0.10012860549495672
2023-02-06,213949862.53164077,0.003243649787845488,-0.0972097378370822
2023-02-07,209728147.32014722,-0.019732264192827923,-0.11502383380079328
2023-02-08,208600388.75001675,-0.005377239939133964,-0.1197825629868613
2023-02-09,207467983.35313594,-0.005428587183688624,-0.1245609000842901
2023-02-10,205082026.9280307,-0.011500359653296738,-0.1346287645878791
2023-02-13,201037490.63742056,-0.019721554107856955,-0.1516952302304423
2023-02-14,200628487.64922082,-0.0020344612684078636,-0.1534210734283441
2023-02-15,199759232.33309442,-0.004332661459554107,-0.1570890133159718
2023-02-16,201387602.39299962,0.00815166358463937,-0.1502178865207272
2023-02-17,202705452.23529926,0.006543847916357385,-0.14465704160807802
2023-02-20,204307815.5725698,0.007904885239152396,-0.13789565368187284
2023-02-21,205965287.35829285,0.008112620562644748,-0.13090172823478696
2023-02-22,203462959.3202367,-0.012149270734651215,-0.14146063843348
2023-02-23,203646529.23282075,0.0009022276742525413,-0.14068604046203959
2023-02-24,202154016.5542835,-0.007328937469054142,-0.14698389873777862
2023-02-27,201107070.63176322,-0.005178951872267887,-0.15140162807248525
2023-02-28,200770812.66232744,-0.0016720345454759563,-0.1528205138655827
2023-03-01,202596458.95666593,0.00909318575807637,-0.1451169534277308
2023-03-02,203378283.68211868,0.0038590246319160897,-0.14181793869360093
2023-03-03,202915065.3228448,-0.002277619571211907,-0.1437725509520953
2023-03-06,202219469.53947604,-0.0034280144860710546,-0.14670771105080327
2023-03-07,203375251.73861587,0.0057154842793918454,-0.1418307323875878
2023-03-08,204305094.06234992,0.004572052478288297,-0.13790713746080963
2023-03-09,204497059.87215158,0.0009396036387770328,-0.13709711187020412
2023-03-10,203447934.61592007,-0.005130270610674861,-0.14152403719704287
2023-03-13,202440674.6687859,-0.004950947027482616,-0.14577430621324738
2023-03-14,201210631.34364325,-0.0060760680982472086,-0.1509646396999682
2023-03-15,202857815.50173408,0.00818636742547485,-0.1440141242833317
2023-03-16,203439793.50210992,0.0028688961228159446,-0.14155838972330292
2023-03-17,204736017.23021975,0.006371534820184495,-0.13608879911232974
2023-03-20,201470474.0058886,-0.01595001831387162,-0.1498681985880469
2023-03-21,201926062.84456667,0.002261318145629349,-0.14794578011933746
2023-03-22,203331040.0373932,0.00695787939919388,-0.1420172896158336
2023-03-23,204327456.91682458,0.004900466152379502,-0.1378127743842692
2023-03-24,206014605.2613485,0.008257080913069323,-0.13069362470014534
2023-03-27,208034379.2384678,0.009804032944931537,-0.12217091635746657
2023-03-28,207433269.60577285,-0.002889472571290313,-0.12470737941693255
2023-03-29,208696146.40324342,0.006088111130247661,-0.11937850067133715
2023-03-30,208156939.61120784,-0.0025836930931811383,-0.12165375635685938
2023-03-31,209252026.6605987,0.005260872164224927,-0.1170328890531257
2023-04-03,211392180.3634215,0.010227636678014487,-0.10800222224372491
2023-04-04,213556098.95564517,0.010236512005806012,-0.09887127628257053
2023-04-05,215284397.2597916,0.008092947532748293,-0.09157848880127295
2023-04-06,215672557.4570713,0.0018030112828440813,-0.08994059456700343
2023-04-07,218461639.8659782,0.01293202270048688,-0.07817168567715227
2023-04-10,218064918.97974503,-0.0018159750447564204,-0.0798457028915125
2023-04-11,220323755.070993,0.010358548737762758,-0.07031423975865236
2023-04-12,219536801.3823067,-0.0035718059018771627,-0.07363489684397351
2023-04-13,218394030.79354012,-0.00520537140730463,-0.07845697126466677
2023-04-14,218040376.58805323,-0.00161934007171296,-0.07994926281890558
2023-04-17,219047459.05080074,0.00461878886152453,-0.0756997427219761
2023-04-18,221638538.04156548,0.01182884751091234,-0.06476633592433734
2023-04-19,224940121.99713978,0.01489625398519428,-0.050834857728762395
2023-04-20,223495481.71042177,-0.00642233263631101,-0.05693071199921973
2023-04-21,223294502.44107535,-0.0008992542838374713,-0.05777877109640994
2023-04-24,221978171.07100946,-0.005895046029685666,-0.0633332086109436
2023-04-25,218878302.27585107,-0.01396474608382442,-0.07641352251784239
2023-04-26,221077886.46409497,0.010049347812794035,-0.06713208077043087
2023-04-27,220661839.70094356,-0.0018819013054884482,-0.06888764612547726
2023-04-28,222293875.7514842,0.007396095549427468,-0.062001050188969065
2023-05-04,222143594.80997688,-0.0006760462518333967,-0.0626351808632124
2023-05-05,223317980.06011245,0.005286604149627397,-0.057679704120649156
2023-05-08,222941285.9061076,-0.0016868062029911071,-0.05926921584094291
2023-05-09,222034718.430262,-0.004066395652833046,-0.06309459941213347
2023-05-10,221809604.80080134,-0.0010138667999859115,-0.064044496692517
2023-05-11,224178295.37328172,0.010678935993811495,-0.054049487779640804
2023-05-12,226531562.74317315,0.010497302452822134,-0.044119559147461684
2023-05-15,224644894.68656546,-0.008328499718808172,-0.0520806091303162
2023-05-16,224194667.42764404,-0.002004173117531078,-0.0539804036910837
2023-05-17,223133621.20092577,-0.004732700553909097,-0.058457631158543744
2023-05-18,224428441.51017255,0.0058028920172492875,-0.05299396246249166
2023-05-19,223628501.97923172,-0.003564341157288535,-0.05636941505828741
2023-05-22,224770143.12064263,0.005105078875486725,-0.05155210649283826
2023-05-23,225828590.18128723,0.0047090198277646165,-0.04708584655671144
2023-05-24,227951631.48649713,0.009401118359307837,-0.038127387813931435
2023-05-25,227318597.42321917,-0.0027770543213482463,-0.04079856030818929
2023-05-26,227052016.4541815,-0.0011727195753428146,-0.04192343461321291
2023-05-29,227924841.96833724,0.003844165437446707,-0.03824042979412534
2023-05-30,229320115.8216098,0.006121640103918051,-0.03235288383882606
2023-05-31,228113663.4712263,-0.005260996603202488,-0.037443672030048725
2023-06-01,229172972.05871814,0.004643775262613582,-0.03297377676534974
2023-06-02,228722759.8267887,-0.001964508414256193,-0.0348735079177005
2023-06-05,228084782.55078593,-0.0027893038562751852,-0.03756553896385906
2023-06-06,230158440.51635367,0.009091610331811646,-0.028815459874211302
2023-06-07,230811845.59548703,0.002838935985434497,-0.02605832913475059
2023-06-08,229298696.99117818,-0.006555766669622045,-0.03244326347876492
2023-06-09,231769026.7201824,0.010773413723756333,-0.02201937445501423
2023-06-12,230978062.67702097,-0.0034127253945643162,-0.025356953771203394
2023-06-13,230892088.32450342,-0.00037221869263733524,-0.025719734131658845
2023-06-14,229333086.7321852,-0.006752078876462559,-0.0322981513345828
2023-06-15,229516498.68422264,0.0007997622787487791,-0.031524219898944716
2023-06-16,230026821.2114515,0.0022234677252156187,-0.029370845259236944
2023-06-19,229151264.93399757,-0.0038063225533559696,-0.033065372901871615
2023-06-20,230174548.45293692,0.00446553729142225,-0.028747490266197384
2023-06-21,233768610.2617914,0.015614505743624201,-0.013581862374449583
2023-06-22,234502258.06994116,0.003138350385572134,-0.010486136631897014
2023-06-23,237318157.6265216,0.012007984826058997,0.0
2023-06-26,234043684.6155075,-0.01379781911238019,-0.013797819112380205
2023-06-27,232576388.99920803,-0.00626932368933598,-0.01998063980749376
2023-06-28,232980083.10773453,0.0017357484578018481,-0.01827957271442371
2023-06-29,229857239.77239084,-0.013403906864861169,-0.031438461889091274
2023-06-30,231259055.75096673,0.006098637484570819,-0.02553155618665448
2023-07-03,231558357.72509032,0.0012942281250421736,-0.02427037171970514
2023-07-04,234420608.332311,0.012360817529284725,-0.012209555826615648
2023-07-05,233179423.18176118,-0.005294692985312726,-0.017439602962339373
2023-07-06,232793276.26166272,-0.0016560076992619365,-0.019066730544823662
2023-07-07,233724150.6520255,0.003998716824262803,-0.015144256176774062
2023-07-10,235540071.2050424,0.00776950327106115,-0.007492416253616185
2023-07-11,235086997.62528536,-0.001923552019998436,-0.009401556221195317
2023-07-12,234577515.4400571,-0.0021672069930483463,-0.011548388095855566
2023-07-13,236095902.7659457,0.006472859613335814,-0.0051502795774245325
2023-07-14,239760885.49865216,0.015523279691726576,0.0
2023-07-17,240361146.01995513,0.002503579848124738,0.0
2023-07-18,240323139.2305327,-0.00015812368201667364,-0.00015812368201661986
2023-07-19,241380110.39041162,0.004398124805056736,0.0
2023-07-20,242497281.63825297,0.004628265543645786,0.0
2023-07-21,244173033.95268458,0.006910396286138263,0.0
2023-07-24,246350545.42060408,0.0089179031470832,0.0
2023-07-25,245501408.4452237,-0.003446864604787562,-0.003446864604787603
2023-07-26,246860027.60583234,0.005534058518087014,0.0
2023-07-27,246705358.784719,-0.0006265446156406968,-0.0006265446156407117
2023-07-28,249582573.03314582,0.011662552700922686,0.0
2023-07-31,251286154.09000278,0.006825721187795896,0.0
2023-08-01,249474041.57170945,-0.007211350441713074,-0.00721135044171306
2023-08-02,250627322.1542764,0.004622848033812146,-0.002621839385111513
2023-08-03,251023762.3545338,0.0015817916292995286,-0.0010441949594047761
2023-08-04,254366474.0430677,0.013316315782936988,0.0
2023-08-07,257339775.5449981,0.01168904633802879,0.0
2023-08-08,257547005.6496781,0.0008052781745112144,0.0
2023-08-09,259844556.8102607,0.008920900302400676,0.0
2023-08-10,256159464.94877726,-0.014181909010217673,-0.014181909010217653
2023-08-11,259382270.15392768,0.012581245849318398,-0.0017790892447694384
2023-08-14,262752011.85611546,0.012991411094474726,0.0
2023-08-15,260968030.95495725,-0.006789599396617111,-0.006789599396617163
2023-08-16,260996070.8609147,0.00010744575055746984,-0.006682883159662811
2023-08-17,260037609.73093602,-0.0036723201495606128,-0.01033066162273899
2023-08-18,253631778.20419663,-0.024634250150843865,-0.03471042367094457
2023-08-21,253538459.55690956,-0.00036792963384872364,-0.0350655823113214
2023-08-22,256539800.96479744,0.011837815111494716,-0.02364286708000496
2023-08-23,256322905.13386893,-0.0008454665908089133,-0.02446834441658674
2023-08-24,257883347.49309742,0.006087799131386735,-0.018529503651085855
2023-08-25,258023944.90678418,0.000545197722355902,-0.017994408171916887
2023-08-28,259029397.47514382,0.00389674132268182,-0.014167786403135763
2023-08-29,258988005.4705993,-0.00015979655185083104,-0.014325318991571967
2023-08-30,260220539.39367384,0.004759038631286972,-0.009634455106771411
2023-08-31,260092663.44810116,-0.0004914137287957026,-0.01012113433205819
2023-09-05,260229560.92984882,0.0005263411890700007,-0.009600120312867277
2023-09-06,263175182.57180446,0.011319319878304323,0.0
2023-09-07,265306819.73792747,0.008099689132129353,0.0
2023-09-08,267509480.22231954,0.008302313851441456,0.0
2023-09-11,263818445.65366226,-0.013797771075588666,-0.01379777107558866
2023-09-12,268642893.9056098,0.018287001274660684,0.0
2023-09-13,269196279.95693755,0.002059931842165914,0.0
2023-09-14,265129286.00684842,-0.01510791289812664,-0.01510791289812663
2023-09-15,265328592.17595395,0.0007517320025535829,-0.014367537997190372
2023-09-18,263876905.8687412,-0.005471277314319925,-0.01976020652680366
2023-09-19,264954676.49480247,0.004084368893568011,-0.015756545606104178
2023-09-20,265625755.43844485,0.00253280656344838,-0.013263647324784245
2023-09-21,264699320.65871912,-0.0034877445456919145,-0.01670513165686316
2023-09-22,260803622.03289366,-0.01471744852284018,-0.03117672326447618
2023-09-25,255099682.30452853,-0.021870630798393277,-0.052365499458848386
2023-09-26,254116825.34832996,-0.0038528348891680507,-0.05601657872471266
2023-09-27,257391937.3054061,0.01288821372841716,-0.043850318635234364
2023-09-28,257515244.7775975,0.00047906501455437586,-0.04339226077421521
2023-09-29,257053338.9354111,-0.001793702903240992,-0.04510813085332721
2023-10-02,257330604.9626455,0.0010786322729076589,-0.04407815366612855
2023-10-03,254706762.36168957,-0.010196387644356621,-0.05382510336905777
2023-10-04,256863543.1783064,0.008467701432889928,-0.04581317684109143
2023-10-05,256269463.36861992,-0.0023128226074265856,-0.04802004169740193
2023-10-06,257647418.74509758,0.005376978428739273,-0.042901265997016824
2023-10-09,259303536.62679216,0.0064278458125484215,-0.03674918290746032
2023-10-10,259589125.67651585,0.001101369666757475,-0.03568828767603527
2023-10-11,263372448.2006569,0.014574271993410038,-0.021634146494194817
2023-10-12,263885240.892093,0.0019470248119705673,-0.019729243902234184
2023-10-13,265528215.79670596,0.006226096234327853,-0.013625983839072209
2023-10-16,262425218.6619677,-0.011686129571683588,-0.025152878398070788
2023-10-17,256203957.83746344,-0.023706794858454203,-0.04826337912824219
2023-10-18,255963127.46572545,-0.0009399947361108696,-0.04915800654202562
2023-10-19,252464033.48843902,-0.013670304828397487,-0.06215630643623726
2023-10-20,255403014.41832367,0.011641186624784024,-0.05123869297458472
2023-10-23,254942923.41566443,-0.0018014313719322437,-0.05294782135753573
2023-10-24,256792301.57473946,0.007254087049357929,-0.04607782241337921
2023-10-25,256307680.26649442,-0.0018872112024899777,-0.04787807503322439
2023-10-26,253823395.73422998,-0.009692587165868072,-0.05710659978349897
2023-10-27,256017454.2413707,0.008644035750896862,-0.048956195522742774
2023-10-30,252088098.27342153,-0.015348000313465442,-0.06355281613197916
2023-10-31,250888699.32590798,-0.004757856303920585,-0.06800829726903423
2023-11-01,252191904.43222377,0.005194355544180608,-0.06316720100082329
2023-11-02,257996730.06730956,0.02301749395229231,-0.041603657715550746
2023-11-03,259229101.55680472,0.004776694220789701,-0.037025691446134545
2023-11-06,260633871.58499274,0.00541902903551974,-0.03180730570762169
2023-11-07,259506329.52950928,-0.004326153191933723,-0.035995855622441564
2023-11-08,265762171.98678845,0.024106704713604314,-0.012756892371241002
2023-11-09,265472987.34123906,-0.0010881332109362904,-0.013831144383919747
2023-11-10,263987301.22472903,-0.005596373971564693,-0.019350114099057292
2023-11-13,263612247.52423978,-0.0014207262953530267,-0.020743349178491743
2023-11-14,263387218.30528912,-0.0008536371927482885,-0.021579279076879065
2023-11-15,264307695.2502292,0.0034947669475485933,-0.01815992668060029
2023-11-16,263694043.9536025,-0.0023217307239040163,-0.02043949494478614
2023-11-17,258506678.2337138,-0.019671910833152586,-0.03970932185591025
2023-11-20,258997575.5274943,0.00189897335393668,-0.03788575544608086
2023-11-21,259058952.5289174,0.00023697905780811112,-0.03765775451890263
2023-11-22,258363504.80292797,-0.0026845153166895554,-0.04024117701679408
2023-11-23,257407568.78527245,-0.0036999653584382257,-0.04379225141428744
2023-11-24,259842053.73882252,0.00945770540096628,-0.03474872022604247
2023-11-27,259475723.50487146,-0.0014098188829714028,-0.036109549707080135
2023-11-28,260683580.92014474,0.004654991992923771,-0.03162264737891085
2023-11-29,261402476.63117763,0.0027577329899159115,-0.028952121206900272
2023-11-30,261943681.84444436,0.0020703905343266377,-0.02694167287026905
2023-12-01,263331419.60516757,0.005297847808168603,-0.021786557944664664
2023-12-04,267594740.2100224,0.016189942739256623,-0.0059493383310176284
2023-12-05,264665596.4322878,-0.010946193394666995,-0.016830409117743028
2023-12-06,267932831.2232454,0.01234476575346464,-0.004693410822371846
2023-12-07,267191058.96793583,-0.0027685007914969805,-0.007448917902292296
2023-12-08,265190192.61300036,-0.007488522866985532,-0.014881659377232181
2023-12-11,267269073.66226766,0.007839207886171954,-0.007159111912609539
2023-12-12,267639959.78992245,0.0013876881547599407,-0.00578135837264937
2023-12-13,268772121.84646976,0.0042301682358493005,-0.0015756462553481176
2023-12-14,267327584.6830165,-0.0053745796012222265,-0.006941757420347638
2023-12-15,266380865.69029656,-0.00354141901907549,-0.010458592767668917
2023-12-18,266905461.8710091,0.001969346331813728,-0.00850984302715807
2023-12-19,263970105.8605404,-0.010997736763765925,-0.01941399077741035
2023-12-20,264475198.36767,0.0019134458634359832,-0.017537692534320137
2023-12-21,267761936.83221057,0.012427397672168071,-0.005328242741528322
2023-12-22,268049853.26474315,0.0010752702043419922,-0.0042587018378478225
2023-12-25,269111274.96335495,0.003959792127039398,-0.00031577328481735556
2023-12-26,268740388.83570015,-0.0013781887351442064,-0.0016935268247775248
2023-12-27,269073459.06308764,0.00123937540177899,-0.00045625033848739616
2023-12-28,267809125.479514,-0.004698841676826999,-0.005152948167208904
2023-12-29,266083025.19449246,-0.006445263140047785,-0.011564999200372017
2024-01-02,266858565.3130202,0.0029146546194025787,-0.00868405255931215
2024-01-03,269354193.7666837,0.009351876904292624,0.0
2024-01-04,267226810.0405993,-0.007898090229577655,-0.007898090229577659
2024-01-05,266485037.78528967,-0.0027758152529565256,-0.010651981843205705
2024-01-08,265493657.28952646,-0.0037202107255341673,-0.014332564951638593
2024-01-09,267283193.60143986,0.006740410788653507,-0.007688761538414135
2024-01-10,265560463.86622843,-0.00644533504706729,-0.014084539941269347
2024-01-11,269550059.8463724,0.015023305510392862,0.0
2024-01-12,267536172.3917036,-0.007471292923535675,-0.007471292923535655
2024-01-15,264651453.17873836,-0.010782539000900747,-0.018173272417101205
2024-01-16,266680903.8649784,0.007668390488184517,-0.01064424167825917
2024-01-17,266680903.8649784,0.0,-0.01064424167825917
2024-01-18,266696467.09654963,5.835900263450073e-05,-0.0105865038629529
2024-01-19,267923961.5820325,0.00460258997371155,-0.00603263922577757
2024-01-22,269996493.55506635,0.007735523022263468,0.0
2024-01-23,272407253.3848225,0.008928856067771345,0.0
2024-01-24,270847368.23164815,-0.005726298157599836,-0.005726298157599841
2024-01-25,272167310.8642513,0.004873381791453328,-0.000880822803320136
2024-01-26,272156390.2713456,-4.012455746806075e-05,-0.0009209120181630226
2024-01-29,272592696.4486499,0.0016031450772449674,0.0
2024-01-30,273781695.4741695,0.004361815415489642,0.0
2024-01-31,270854343.7811235,-0.010692284186406322,-0.010692284186406331
2024-02-01,271750448.218433,0.0033084366482733704,-0.007419222282988969
2024-02-02,270623406.03333366,-0.0041473425066568675,-0.011535794733705251
2024-02-05,268468063.45733726,-0.007964361278236656,-0.01940828077505119
2024-02-06,268880156.17065454,0.0015349785297004664,-0.017903093539638815
2024-02-07,268323826.97917232,-0.002069060057853885,-0.019935111021737728
2024-02-15,268923307.57705957,0.0022341683354634785,-0.017745481080083003
2024-02-16,266242746.69140851,-0.009967752181104426,-0.027536350703446733
2024-02-19,266621962.00328,0.00142432166353449,-0.026151249660753773
2024-02-20,268572910.3619679,0.007317283032610445,-0.019025322723567606
2024-02-21,269129230.8206788,0.00207139453476924,-0.016993337138310194
2024-02-22,269276734.76220584,0.000548078486596466,-0.016454572334214657
2024-02-23,267280859.3269881,-0.007411986174669955,-0.023744597446233362
2024-02-26,270048347.36198646,0.01035423203130549,-0.013636222486376082
2024-02-27,272398669.60009193,0.008703338720880914,-0.005051564428667388
2024-02-28,271599524.2565087,-0.0029337343855476614,-0.007970478865949815
2024-02-29,270955691.6203839,-0.002370521958340141,-0.01032210662911981
2024-03-01,272661610.0779309,0.006295931439362587,-0.004091162465403864
2024-03-04,273740555.68795526,0.00395708662365763,-0.00015026492601333263
2024-03-05,276665307.44265145,0.010684393283800444,0.0
2024-03-06,275021307.4133619,-0.0059421979737387925,-0.005942197973738739
2024-03-07,275115541.1866765,0.0003426417182031652,-0.005601592300459202
2024-03-08,273443336.60060614,-0.006078190199134201,-0.01164573495617327
2024-03-11,275623355.5143502,0.00797247042420415,-0.0037661098094753376
2024-03-12,279350545.3587782,0.013522764924882967,0.0
2024-03-13,283103989.8019,0.013436324021852868,0.0
2024-03-14,283301874.056886,0.0006989808060439424,0.0
2024-03-15,285784064.3132349,0.00876164432237569,0.0
2024-03-18,279852940.22456586,-0.020753865695493177,-0.0207538656954932
2024-03-19,280358599.34982276,0.001806874442166424,-0.018984490882828053
2024-03-20,281974518.8530866,0.005763759367507529,-0.013330153552483792
2024-03-21,282721481.198488,0.0026490420071984804,-0.010716423682008314
2024-03-22,283453794.97957885,0.0025902304203645776,-0.00815395126826235
2024-03-25,280305367.5124379,-0.011107374545356848,-0.01917075682285807
2024-03-26,284154598.7433796,0.013732277997747983,-0.005701736987228756
2024-03-27,283400268.9510671,-0.002654645730346737,-0.008341246625826804
2024-03-28,284256237.2536267,0.00302035105939652,-0.0053460890595132815
2024-03-29,283817201.93198043,-0.0015445054992919832,-0.006882337494853119
2024-04-01,283636475.40584695,-0.0006367708683731952,-0.007514725891203278
2024-04-02,287529911.3182547,0.013726851974298281,0.0
2024-04-03,286094360.5547663,-0.004992700609500976,-0.004992700609500966
2024-04-04,286464502.45867336,0.0012937756032286604,-0.003705384440515158
2024-04-05,283960572.7200563,-0.00874080284686683,-0.012413799252515512
2024-04-08,283380937.71448374,-0.002041251713293285,-0.014429711276816137
2024-04-09,284224951.12998646,0.0029783704659524426,-0.011494317836762802
2024-04-10,282842132.7632303,-0.004865225101661563,-0.01630362049475853
2024-04-11,286143903.03296113,0.011673544664205837,-0.004820396872586508
2024-04-12,286461831.04363847,0.0011110773541126797,-0.003714675352276764
2024-04-15,279161849.4925036,-0.025483260804902257,-0.02910327411637137
2024-04-16,281389350.43507445,0.007979245540249513,-0.021356250746321637
2024-04-17,277941527.1126371,-0.012252856467760564,-0.033347432138997934
2024-04-19,272451958.69656956,-0.01975080324662269,-0.05243959681466326
2024-04-22,275182515.5373546,0.01002215896647693,-0.04294299582360084
2024-04-23,270737709.7412294,-0.01615221006118688,-0.05840158159558817
2024-04-24,275999106.89817905,0.01943355863495511,-0.04010297352094505
2024-04-25,276141380.5706665,0.0005154859886554814,-0.03960816005324308
2024-04-26,276605188.7434571,0.00167960401962246,-0.03799508205845592
2024-05-02,278376276.3493175,0.006402944261118117,-0.03183541818995461
2024-05-03,278224339.9709516,-0.0005457949950275883,-0.0323638375730696
2024-05-06,281051258.6936025,0.010160573021562506,-0.02253209968642622
2024-05-07,283694049.59212416,0.009403234523147215,-0.013340739780929423
2024-05-08,284175933.1944871,0.0016986031362157576,-0.011664797267144977
2024-05-09,284980679.0850314,0.002831858002533717,-0.008865972314100135
2024-05-10,285508594.64342666,0.0018524608759099392,-0.007029935305028934
2024-05-13,283083854.52123636,-0.008492704484845959,-0.015462936626781776
2024-05-14,284194005.70587105,0.00392163370289069,-0.011601942897312312
2024-05-15,285950708.80943084,0.006181351711471024,-0.005492306875426012
2024-05-16,285760378.8597041,-0.0006656040494503687,-0.00615425522317925
2024-05-17,286900720.6509871,0.003990552489583833,-0.0021882616120978415
2024-05-20,286284772.172811,-0.002146904604416851,-0.004330468227583983
2024-05-21,289406851.9404858,0.01090550413834171,0.0
2024-05-22,287696745.3729993,-0.005909005111731545,-0.005909005111731536
2024-05-23,288934941.4700659,0.0043038237900858345,-0.001630612638421347
2024-05-24,285312696.2673336,-0.01253654260126076,-0.014146712994874355
2024-05-27,285591624.33905256,0.0009776223608976022,-0.013182920776933726
2024-05-28,288323323.7299304,0.009565054287568275,-0.003743961842265553
2024-05-29,286658536.2872356,-0.00577402972870198,-0.009496373823987159
2024-05-30,287015022.43209976,0.0012435915897754328,-0.008264591844832636
2024-05-31,285965606.6017477,-0.0036563097689436526,-0.011890683705877647
2024-06-03,287083799.5176259,0.003910235671926438,-0.008026943409541576
2024-06-04,287712972.6699392,0.0021916010355529066,-0.005852934231477258
2024-06-05,285936919.94406646,-0.0061730018962691015,-0.011989805953636745
2024-06-06,284868881.4612576,-0.0037352241292163747,-0.015680245470350518
2024-06-07,286977547.1105716,0.007402232348080555,-0.008394081942516451
2024-06-10,287366654.0883461,0.0013558795163322623,-0.007049583789948466
2024-06-11,285938591.3657923,-0.0049694795907489495,-0.011984030617929964
2024-06-12,286672345.50343406,0.002566124894639069,-0.009448658242597663
2024-06-13,287407771.06280166,0.0025653871777415217,-0.0069075105315585805
2024-06-14,284225673.51058435,-0.011071717164954397,-0.017902749693593623
2024-06-17,283394886.39600676,-0.0029229840651486872,-0.02077340430666552
2024-06-18,284927183.10041964,0.005406931380800203,-0.015478793297497129
2024-06-19,286598026.77440214,0.005864107649545075,-0.009705454958133686
2024-06-20,289339921.0742122,0.009567038303331919,-0.00023126911413740014
2024-06-21,288915258.0720961,-0.0014676958524750658,-0.0016986255338928835
2024-06-24,282288242.0993898,-0.0229375769799344,-0.024597240159883516
2024-06-25,283054390.45159626,0.0027140639883141797,-0.021949934655299153
2024-06-26,281641983.01260984,-0.00498987998996592,-0.02683028710554758
2024-06-27,281230604.18262917,-0.0014606445586709737,-0.02825174215135029
2024-06-28,275996393.9979322,-0.018611808625557384,-0.04633773475864811
2024-07-01,277178109.2521194,0.004281632948422072,-0.042254502982123965
2024-07-02,279638784.51970786,0.008877595976925516,-0.033752025410879516
2024-07-03,282600895.4713228,0.010592632766239757,-0.02351691545493395
2024-07-04,284726101.6104874,0.007520167746178583,-0.016173598857849192
2024-07-05,285423812.5392679,0.0024504635326162774,-0.01376276813942523
2024-07-08,281008857.9591926,-0.01546806673485915,-0.02901795145824737
2024-07-09,283037387.05099404,0.007218737183352571,-0.022008687240071212
2024-07-10,279508699.7940176,-0.012467212525321512,-0.03420151278416739
2024-07-11,279470183.1246689,-0.00013780132560131897,-0.03433460109596953
2024-07-12,279592190.7709315,0.00043656766850208025,-0.03391302280421682
2024-07-15,278879241.907167,-0.0025499598604618407,-0.03637650581778096
2024-07-16,279823566.6878621,0.003386142239333204,-0.03311353960131669
2024-07-17,281211859.5821561,0.00496131512698013,-0.028316511179268478
2024-07-18,284039601.4358879,0.010055556895549869,-0.018545692572965233
2024-07-19,282024082.8380795,-0.007095907005992947,-0.02551000106909862
2024-07-22,283199802.0201344,0.004168860936354507,-0.021447487779687413
2024-07-23,282024082.8380795,-0.004151553686366237,-0.02551000106909862
2024-07-24,284711440.96849066,0.009528824997381731,-0.0162242564075874
2024-07-25,284711440.96849066,0.0,-0.0162242564075874
2024-07-26,284039601.4358879,-0.002359720882018016,-0.018545692572965233
2024-07-29,283535721.7864358,-0.0017739767514982367,-0.020286769696998497
2024-07-30,282471517.59931135,-0.0037533337260622452,-0.02396396040616422
2024-07-31,282298221.85960305,-0.0006134981012638808,-0.024562756663220164
2024-08-01,279075824.7035169,-0.011414868768421644,-0.03569724478774039
2024-08-02,281371522.0585277,0.00822607030705615,-0.027764822526076482
2024-08-05,279354805.1337986,-0.007167452164222982,-0.03473327165299567
2024-08-06,283867309.9259833,0.016153310089022526,-0.019141018871390192
2024-08-07,285279030.9195214,0.004973172127168075,-0.014263038325758925
2024-08-08,284114572.26782525,-0.0040818234973065545,-0.018286642618084437
2024-08-09,286919432.51354796,0.009872285758995366,-0.008594887820587371
2024-08-12,287666014.38577163,0.002602061023484084,-0.006015191219702509
2024-08-13,288838789.36397254,0.004076863166144383,-0.0019628511650789937
2024-08-14,281554662.1675568,-0.025218659905255392,-0.02713201059435766
2024-08-15,278717740.8240907,-0.010075916774476334,-0.03693454748816105
2024-08-16,285662059.32829565,0.02491523676846875,-0.012939543715296042
2024-08-19,286500394.57950306,0.002934709821733655,-0.010042807699592426
2024-08-20,289639438.63346493,0.01095650865880674,0.0
2024-08-21,292585917.39144194,0.010172919723497119,0.0
2024-08-22,291966614.16903234,-0.0021166542393120675,-0.0021166542393120658
2024-08-23,290539388.0212019,-0.004888319686456146,-0.006994627043180768
2024-08-26,288898582.09854794,-0.005647447438466541,-0.012602572693069303
2024-08-27,287490965.79727924,-0.004872354481783287,-0.017413522973309448
2024-08-28,289385665.9645677,0.006590468545799477,-0.010937817702937114
2024-08-29,289520178.1302712,0.00046481972510672005,-0.010478082091248342
2024-08-30,288329475.9675596,-0.0041126741852716645,-0.014547663338792205
2024-09-04,285289162.2528237,-0.010544581696107742,-0.02493884601033658
2024-09-05,284462555.3539853,-0.002897435333017875,-0.027764022649759412
2024-09-06,284714450.7316158,0.0008855133053171567,-0.026903094755907797
2024-09-09,283889235.4268831,-0.002898396279543128,-0.029723515205702156
2024-09-10,282951284.1550988,-0.0033039339106109887,-0.0329292445864825
2024-09-11,282951284.1550988,0.0,-0.0329292445864825
2024-09-12,282003465.47123843,-0.003349759258702703,-0.036168698803249466
2024-09-13,282038295.5099577,0.00012350925780658242,-0.03604965671458793
2024-09-16,280884331.8410626,-0.004091514121543554,-0.03999367315660696
2024-09-17,282242894.71735203,0.0048367342791415125,-0.03535037764737081
2024-09-18,283035349.3089229,0.0028077043086042826,-0.032641926746397876
2024-09-19,283271007.7049994,0.0008326111796703096,-0.031836493599862514
2024-09-20,284077926.5357255,0.0028485754234560375,-0.029078606829644138
2024-09-23,283576160.1166289,-0.001766298512579038,-0.030793543842232096
2024-09-24,284573391.63186634,0.003516626767311153,-0.027385206475456836
2024-09-25,284567807.63646907,-1.9622338424716002e-05,-0.027404291452092333
2024-09-26,284941897.55560404,0.001314589736070457,-0.02612572711628902
2024-09-27,283724739.2620791,-0.004271601698333614,-0.030285730114302467
2024-09-30,281401013.716576,-0.008190070247475647,-0.03822775810464596
2024-10-01,280297155.3440894,-0.003922723510862635,-0.04200052469002391
2024-10-02,278986439.03833383,-0.004676166991943019,-0.046480290214767184
2024-10-03,279093327.81693244,0.00038313252417232957,-0.04611496580150909
2024-10-04,279417909.4450635,0.0011629859827531849,-0.04500561087757815
2024-10-07,278660966.1367935,-0.002709000685651471,-0.0475926913325041
2024-10-08,283866357.04614514,0.01868001457655301,-0.029801708923779646
2024-10-09,283806958.3706454,-0.00020924873281155136,-0.03000472168676327
2024-10-10,284233423.13142705,0.0015026578743171355,-0.02854715064375546
2024-10-11,284017315.8191652,-0.0007603163269151979,-0.029285762105949353
2024-10-14,282385604.41295016,-0.005745112411575595,-0.034862624522167596
2024-10-15,282904226.05617,0.0018365725274770582,-0.03309007973312372
2024-10-16,282426774.1432514,-0.0016876803841868757,-0.034721914638833784
2024-10-17,283067882.25756896,0.0022699976525326028,-0.032530735651022824
2024-10-18,283399983.33627856,0.0011732206284265664,-0.03139568075271992
2024-10-21,284795180.5518542,0.004923067387481507,-0.026627176417259868
2024-10-22,281801841.02039486,-0.010510499249527567,-0.03685781074903682
2024-10-23,284078585.7228903,0.00807923998740193,-0.029076353860086557
2024-10-24,283391945.0045643,-0.002417080177228946,-0.03142315415877417
2024-10-25,283783953.34134007,0.0013832726853597271,-0.030083348264250187
2024-10-28,283322037.0318915,-0.0016277041179031696,-0.031662085592303324
2024-10-29,285718721.15407777,0.008459222400396853,-0.023470699815592133
2024-10-30,286344846.7573357,0.002191405591936369,-0.021330728046478287
2024-10-31,285011548.3427174,-0.004656268236418528,-0.02588767469143438
2024-11-01,284136735.9875331,-0.003069392662406726,-0.028877607915096415
2024-11-04,284463072.9468374,0.0011485208280799398,-0.027762253621172128
2024-11-05,286458456.22625256,0.007014559952349396,-0.020942433661260695
2024-11-06,286909939.5315354,0.0015760864986517891,-0.019399354249551415
2024-11-07,289877759.087548,0.010344080657709058,-0.009255942076907164
2024-11-08,293633921.21528524,0.012957745152855273,0.0
2024-11-11,291975538.54518557,-0.005647789816775936,-0.005647789816775939
2024-11-12,296419659.15194434,0.015220866203046697,0.0
2024-11-13,295267831.70261794,-0.0038857997901413505,-0.0038857997901413643
2024-11-14,295007179.82994497,-0.0008827642048575522,-0.004765133750036954
2024-11-15,298327513.5006418,0.011255094444178748,0.0
2024-11-18,297607538.6417515,-0.002413370628950541,-0.0024133706289505286
2024-11-19,294486486.02106786,-0.010487142345008514,-0.012875203612641939
2024-11-20,292166935.4697258,-0.007876594212123294,-0.02065038507051009
2024-11-21,297001082.6527985,0.016545839368512658,-0.004446223656272008
2024-11-22,298508085.279373,0.0050740644212945146,0.0
2024-11-25,300618473.4508995,0.007069785629261548,0.0
2024-11-26,298026690.9257767,-0.008621501185109577,-0.008621501185109626
2024-11-27,299036226.4237082,0.0033873996144288443,-0.005263306040470983
2024-11-28,301040696.1789257,0.006703100086533777,0.0
2024-11-29,302699638.54394335,0.005510691365235377,0.0
2024-12-02,302572821.34653735,-0.00041895391093301127,-0.0004189539109330509
2024-12-03,306348076.68025315,0.012477179268497443,0.0
2024-12-04,310509818.80880034,0.01358501144725957,0.0
2024-12-05,306305680.91883516,-0.01353946843321537,-0.013539468433215407
2024-12-06,305747083.51073086,-0.001823659967482998,-0.01533843701413573
2024-12-09,310012859.39683896,0.01395197572165356,-0.0016004627933114968
2024-12-10,309009319.45555377,-0.0032370913362680513,-0.004832373285337255
2024-12-11,307683617.0569693,-0.004290169632813185,-0.009101811217027356
2024-12-12,303316411.19493747,-0.014193819949871447,-0.02316644169726656
2024-12-13,305624079.86985743,0.007608123364735628,-0.015734571478885684
2024-12-16,303522104.52848446,-0.0068776496350288945,-0.022504004244125464
2024-12-17,305840558.1618366,0.0076385001249046815,-0.015037400958450409
2024-12-18,305365376.2256559,-0.0015536916981732246,-0.016567729171592327
2024-12-19,304628879.7873706,-0.0024118531294819827,-0.01893962337162347
2024-12-20,306418176.9756584,0.005873695197699951,-0.013177173748767701
2024-12-23,305834756.1895861,-0.0019040018834086993,-0.015056086268540714
2024-12-24,306206195.52307636,0.0012145098814733742,-0.013859862152616809
2024-12-25,304364459.6482689,-0.006014691739536275,-0.019791191093752603
2024-12-26,301869265.2921913,-0.008198047692431173,-0.027826989657707135
2024-12-27,299410551.80939674,-0.008144961297781328,-0.035745301201692725
2024-12-30,300482275.0742699,0.003579443871956125,-0.032293805629074246
2024-12-31,300366132.74102163,-0.0003865197480269039,-0.03266784318348648
2025-01-02,304850912.9535406,0.014931044893752412,-0.018224563322888798
2025-01-03,305030550.30194676,0.0005892629504229591,-0.017646039432419713
2025-01-06,309457119.2612728,0.014511887268157933,-0.0033902294992345094
2025-01-07,312211565.1144587,0.008900896705046653,0.0
2025-01-08,307643576.491064,-0.014631067948171667,-0.014631067948171705
2025-01-09,307873482.0010293,0.0007473112638578966,-0.013894690646193752
2025-01-10,306087529.40170974,-0.0058009302643142425,-0.019615018779025162
2025-01-13,308254133.8749685,0.007078382048081869,-0.01267547932774149
2025-01-14,308508444.63985765,0.0008250035828952499,-0.011860933060706569
2025-01-15,308604603.2488881,0.00031168874207860946,-0.0115529412379336
2025-01-16,314854980.0706872,0.020253673328256228,0.0
2025-01-17,317042007.23668706,0.006946141253693641,0.0
2025-01-20,316671115.17002636,-0.0011698514966308976,-0.001169851496630847
2025-01-21,318540209.47752005,0.005902320161060906,0.0
2025-01-22,323650391.13808095,0.016042501098818236,0.0
2025-01-23,325552033.434443,0.005875606359303713,0.0
2025-01-24,327804133.6312697,0.006917788757354532,0.0
2025-02-03,322205885.0474622,-0.017078029254215126,-0.017078029254215088
2025-02-04,322839219.13950163,0.001965619255980112,-0.015145978901391244
2025-02-05,326173727.55661225,0.010328696823138306,-0.004973720302415052
2025-02-06,325749856.38474256,-0.0012995257927269023,-0.006266782617323163
2025-02-07,324948872.9539139,-0.002458891124982081,-0.008710264406145307
2025-02-10,318986246.4906014,-0.01834942958598339,-0.02689986560873292
2025-02-11,321171290.84531677,0.0068499641559929365,-0.02023416456796079
2025-02-12,328193373.54686475,0.0218639800682869,0.0
2025-02-13,329879425.6994864,0.005137374147442575,0.0
2025-02-14,328287284.7174845,-0.00482643310847858,-0.004826433108478634
2025-02-17,330529119.623369,0.006828881319036677,0.0
2025-02-18,336020792.2653954,0.016614792210393053,0.0
2025-02-19,333049859.4275428,-0.008841514889072994,-0.008841514889073032
2025-02-20,331088126.22894436,-0.005890208757242344,-0.014679645277888453
2025-02-21,332985097.19916457,0.0057295046845276185,-0.009034247689747699
2025-02-24,335574827.34661126,0.007777315469159649,-0.0013271944148977033
2025-02-25,339611471.58090985,0.012029043615149311,0.0
2025-02-26,340740562.3436795,0.003324654369046077,0.0
2025-02-27,337027508.93753856,-0.010897010266702103,-0.01089701026670209
2025-02-28,338721218.88923454,0.0050254353332619935,-0.005926337153861261
2025-03-03,336413951.7372161,-0.006811699484268002,-0.012697668210394752
2025-03-04,338293796.97733825,0.00558789322028638,-0.00718072820421467
2025-03-05,338234158.3768326,-0.00017629232648816537,-0.007355754623421862
2025-03-06,346435599.4580358,0.024247820269133944,0.0
2025-03-07,347513413.1169144,0.003111151569194094,0.0
2025-03-10,345891779.2604688,-0.004666392131172336,-0.00466639213117237
2025-03-11,348485463.9275267,0.007498543829527659,0.0
2025-03-12,349040846.6356572,0.00159370408702608,0.0
2025-03-13,344535755.3695787,-0.012907060332629398,-0.01290706033262945
2025-03-14,345619984.2533555,0.00314692703697399,-0.009800750872783981
2025-03-17,348684816.63592505,0.00886763648575045,-0.0010200238830607722
2025-03-18,345975103.5792614,-0.007771239031302432,-0.008783336064950298
2025-03-19,341520353.3566725,-0.012875927130312522,-0.02154616960012956
2025-03-20,343394525.5486673,0.005487732059229463,-0.01617667714656823
2025-03-21,342809658.22344214,-0.0017031935040044328,-0.017852318639140274
2025-03-24,346449039.89208364,0.010616333528938591,-0.007425511279139707
2025-03-25,349450386.12601936,0.008663167993972825,0.0
2025-03-26,348603611.315302,-0.002423161754389875,-0.0024231617543898354
2025-03-27,345215671.7383352,-0.009718601491774356,-0.01211821350272324
2025-03-28,346389923.3032299,0.003401501325191253,-0.008757932296820425
2025-03-31,347198932.88292515,0.0023355459419268886,-0.006442840908129077
2025-04-01,347994523.7366818,0.002291455354285141,-0.004166149036139655
2025-04-02,348924566.6299341,0.002672579106319478,-0.0015047042926880083
2025-04-03,338536854.30947244,-0.029770653355797486,-0.03123056161858484
2025-04-04,341600200.55696815,0.009048782159165932,-0.02246437800821388
2025-04-08,331843168.96122926,-0.028562722093928402,-0.05038545631608071
2025-04-09,322687470.5989265,-0.027590437949839137,-0.07658573745985675
2025-04-10,331114617.1083298,0.026115505798108677,-0.052470306932433375
2025-04-11,338474313.4350798,0.02222703543269487,-0.03140953087109011
2025-04-14,346398510.3535529,0.023411516336506122,-0.00873335927969443
2025-04-15,350821029.9220792,0.012767143727068766,0.0
2025-04-16,345428027.1275507,-0.015372518562317439,-0.015372518562317472
2025-04-17,346691477.20500106,0.003657636260603141,-0.011771109383024614
2025-04-18,350008292.3222937,0.009567051212312863,-0.0023166729770048855
2025-04-21,346674856.22729766,-0.00952387748552697,-0.01181848675292485
2025-04-22,344354739.2970093,-0.006692486889695824,-0.01843187857497064
2025-04-23,349500395.4183355,0.014942893284497619,-0.003764410885051639
2025-04-24,353040782.8060435,0.010129852309524089,0.0
2025-04-25,353111947.998479,0.00020157782302052148,0.0
2025-04-28,354618720.68823993,0.004267124628044061,0.0
2025-04-29,353162444.11219877,-0.004106598132255503,-0.004106598132255557
2025-05-05,355279024.67017794,0.005993220947657544,0.0
2025-05-06,358985658.37377596,0.010433021502012575,0.0
2025-05-07,357858457.00936484,-0.003139962107448519,-0.0031399621074484907
2025-05-08,358885900.9681937,0.0028710903395025235,-0.00027788688281904506
2025-05-09,359694448.93873495,0.0022529387985428173,0.0
2025-05-12,359640487.137432,-0.00015002122346391983,-0.00015002122346396973
2025-05-13,362360145.71722186,0.007562159092367691,0.0
2025-05-14,364179849.7422346,0.005021810611680209,0.0
2025-05-15,363739180.9893309,-0.00121003057477124,-0.0012100305747712037
2025-05-16,371233063.1062917,0.02060235055398289,0.0
2025-05-19,373946578.7496064,0.007309466513056042,0.0
2025-05-20,372219796.26371753,-0.004617725054907074,-0.004617725054907096
2025-05-21,371600029.19050187,-0.0016650567203485298,-0.006275093001120169
2025-05-22,366023462.5458038,-0.015006905830567735,-0.021187829101942057
2025-05-23,374080389.77432775,0.022012051283504086,0.0
2025-05-26,379594444.53479004,0.014740293560399569,0.0
2025-05-27,384594384.7549746,0.013171795035915805,0.0
2025-05-28,379264187.1632577,-0.01385927044960045,-0.013859270449600447
2025-05-29,378232851.2773694,-0.002719307334558299,-0.016540890168373568
2025-05-30,374573063.4019145,-0.009676017995515339,-0.02605685821295789
2025-06-02,373932508.27164054,-0.0017100939519151346,-0.027722392489237135
2025-06-03,375803219.3191964,0.005002803998514351,-0.022858278186716263
2025-06-04,375886991.0150807,0.00022291372606133558,-0.022640459884616937
2025-06-05,376726222.71366125,0.0022326702403672512,-0.020458338325262226
2025-06-06,375929734.17158,-0.0021142370614498605,-0.022529321609609188
2025-06-09,371971672.28841245,-0.010528727906798258,-0.032820844419255035
2025-06-10,379124866.804548,0.019230481913120694,-0.014221523161112248
2025-06-11,385375501.22447264,0.016487007229591812,0.0
2025-06-12,384427160.54639,-0.002460822431808548,-0.0024608224318085625
2025-06-13,378101894.5989872,-0.016453743638749702,-0.018874076329124745
2025-06-16,382482662.5284934,0.011586209939922149,-0.007506545399973974
2025-06-17,379605171.1608112,-0.0075231942505834684,-0.014973266451362655
2025-06-18,378233489.7401076,-0.003613442399925864,-0.01853260381542776
2025-06-19,379593196.78149927,0.003594888020957517,-0.015004338429923436
2025-06-20,379356541.0638243,-0.0006234456246358755,-0.015618429665414602
2025-06-23,380865344.6056309,0.003977270399965852,-0.011703277983451055
2025-06-24,381823534.0667567,0.0025158221263686074,-0.009216899222784236
2025-06-25,382451929.19217753,0.0016457736869381716,-0.007586294466062071
2025-06-26,382130247.64239717,-0.000841103221677639,-0.008421016831023698
2025-06-27,378492766.00817376,-0.009518957624174802,-0.017859815152831526
2025-06-30,380025518.3086042,0.004049621123795313,-0.013882519513746194
2025-07-01,378712380.57622755,-0.003455393569939917,-0.017289943515023776
2025-07-02,380083601.7872578,0.0036207456670517913,-0.013731800336037492
2025-07-03,381978157.5471543,0.004984576422102384,-0.008815671122123225
2025-07-04,381401061.322695,-0.0015108094875504743,-0.010313161810103222
2025-07-07,382086671.92821014,0.0017976106388834677,-0.008534090220610135
2025-07-08,383745439.968991,0.004341339708108181,-0.004229799897249253
2025-07-09,381734257.04211396,-0.005240929838904504,-0.009448561651659637
2025-07-10,383249047.7735765,0.0039681812766817585,-0.0055178739804155885
2025-07-11,380919176.8917471,-0.006079260719274816,-0.011563590105147403
2025-07-14,388829319.8633069,0.02076593527295092,0.0
2025-07-15,394563807.64454883,0.01474808479786945,0.0
2025-07-16,401714420.5592407,0.01812283026509529,0.0
2025-07-17,410631447.89720994,0.022197429023223855,0.0
2025-07-18,418949963.6372508,0.02025786330452495,0.0
2025-07-21,409318717.95371926,-0.022989011861738146,-0.022989011861738184
2025-07-22,415491054.24204874,0.015079535866784803,-0.0082561396238644
2025-07-23,411580196.3641785,-0.00941261631975342,-0.017591044069055983
2025-07-24,413112948.66460896,0.0037240671780870904,-0.013932487120814852
2025-07-25,417548346.2682674,0.010736525248109257,-0.00334554837244716
2025-07-28,423313637.99634844,0.013807483084550286,0.0
2025-07-29,411434553.66826487,-0.028062134695943923,-0.028062134695943874
2025-07-30,411651972.02952677,0.0005284397222436652,-0.02754852412036457
2025-07-31,415913987.19578373,0.010353442849415672,-0.017480303341014802
2025-08-01,412615688.4706352,-0.007930242373878005,-0.025271922672629676
2025-08-04,412966845.759022,0.0008510517127654314,-0.024442378672939635
2025-08-05,410426801.3032961,-0.006150722465522322,-0.03044276285084757
2025-08-06,413958301.9416183,0.00860445913158711,-0.02210024722806314
2025-08-07,416659825.065957,0.006526075480712764,-0.01571839962890309
2025-08-08,425112452.8398671,0.020286639760797816,0.0
2025-08-11,426018783.81531763,0.002131979360745557,0.0
2025-08-12,425322550.7480247,-0.0016342778622520809,-0.0016342778622521204
2025-08-13,427424286.48698974,0.00494151023797977,0.0
2025-08-14,427472465.4516671,0.00011271929602624566,0.0
2025-08-15,422603557.8216731,-0.011389991223994957,-0.011389991223994977
2025-08-18,425147595.2674582,0.006019914879322,-0.005438643122317677
2025-08-19,423330587.80419505,-0.004273827450723516,-0.00968922675077033
2025-08-20,418796430.52632046,-0.010710677207128233,-0.02029612577778439
2025-08-21,412455157.8706603,-0.015141658795159232,-0.03513046756155269
2025-08-22,407563129.62599695,-0.011860751772190042,-0.046574545578354276
2025-08-25,405633097.6595789,-0.004735541137367197,-0.0510895310391809
2025-08-26,413257051.02187717,0.01879519547661895,-0.033254573285252165
2025-08-27,418938950.60483587,0.013749068694433255,-0.019962724003321886
2025-08-28,418161101.0794623,-0.0018567133093033514,-0.021782372257278415
2025-08-29,419989818.4743184,0.004373236511323869,-0.01750439521161329
2025-09-03,430906020.6392193,0.025991587616470767,0.0
2025-09-04,429250067.9553813,-0.003842955550682533,-0.003842955550682481
2025-09-05,425671034.4502701,-0.008337875220751703,-0.012148788687573742
2025-09-08,414920965.3085209,-0.02525440603594817,-0.03709638428116102
2025-09-09,422612087.3972316,0.018536354466908687,-0.01924766154272861
2025-09-10,423187323.6501071,0.0013611448182143857,-0.017912715579285865
2025-09-11,423370089.438768,0.00043187916661713375,-0.01748857254134495
2025-09-12,424454916.7406996,0.00256236169959394,-0.01497102289021146
2025-09-15,428925162.1147349,0.010531731870044943,-0.004596961819066547
2025-09-16,425366942.18038094,-0.008295666117629502,-0.012854493076289608
2025-09-17,423079511.4974443,-0.005377546903883898,-0.01816291434073014
2025-09-18,422987600.1775234,-0.00021724360888001237,-0.01837621217255092
2025-09-19,423154066.82750905,0.00039354971615197885,-0.017989894409483398
2025-09-22,420443663.8288099,-0.006405239157973104,-0.02427990399133706
2025-09-23,419262913.59318376,-0.002808343512359177,-0.027020061192841505
2025-09-24,420977082.3772888,0.004088529484790879,-0.023042004024918405
2025-09-25,422486608.905423,0.0035857688965151235,-0.01953885842974923
2025-09-26,422958717.9794209,0.0011174533441925024,-0.01844323884825072
2025-09-29,422823670.23012125,-0.0003192929795721014,-0.018756643031138
2025-09-30,415719712.1781195,-0.016801230754502117,-0.035242739097894216
2025-10-01,417247649.11027825,0.0036754016886841956,-0.03169686863200427
2025-10-02,414551158.512692,-0.006462566304055062,-0.037954591820894
2025-10-03,413018757.19212663,-0.003696531270261609,-0.041510822755639665
2025-10-06,417555691.91033363,0.010984815191084714,-0.030981996280955548
2025-10-07,413914481.1924845,-0.008720299563371904,-0.03943212355568626
2025-10-08,417995545.87123525,0.009859680837919072,-0.029961230870787614
2025-10-09,419563380.17605066,0.003750839740522947,-0.026322770905689796
2025-10-10,424588123.0631052,0.011976123571476038,-0.014661892091323958
2025-10-13,430988872.4638455,0.015075196532967886,0.0
2025-10-14,429932388.061952,-0.0024513031992075903,-0.0024513031992076106
2025-10-15,427980898.17487717,-0.004539062283424956,-0.006979238864735837
2025-10-16,427644197.45492405,-0.0007867190367350006,-0.007760467201394006
2025-10-17,427014059.710462,-0.0014735093991974314,-0.009222541479227964
2025-10-20,418544245.5816467,-0.019834977177468755,-0.02887458975693802
2025-10-21,420416697.6365448,0.0044737254774486635,-0.024530041267335823
2025-10-22,419683943.94531465,-0.0017429224275569855,-0.02623020973581902
2025-10-23,421972324.20479864,0.005452627608222658,-0.020920605693371397
2025-10-24,421307318.0978724,-0.00157594720975945,-0.02246358313296193
2025-10-27,415219820.7923014,-0.014449066142631768,-0.036588071477104966
2025-10-28,421034189.48836607,0.014003109690115388,-0.023097308565233288
2025-10-29,417605008.89992553,-0.00814466063339802,-0.031053849458822613
2025-10-30,413034960.24019986,-0.010943471850982583,-0.04165748438238792
2025-10-31,407701511.58775926,-0.01291282619112665,-0.054032394718125265
2025-11-03,408542779.5046357,0.002063440759883838,-0.05208044660385691
2025-11-04,411076043.1552576,0.006200730444174076,-0.046202652970485536
2025-11-05,412609302.0066474,0.003729866716681262,-0.04264511599134124
2025-11-06,413108054.26358473,0.0012087760855408194,-0.04148788830217587
2025-11-07,406653502.06916904,-0.015624367832580054,-0.05646403410732581
2025-11-10,402152910.33976114,-0.011067387115831074,-0.06690651189956953
2025-11-11,401957898.7954409,-0.0004849188935508862,-0.06735898656139883
2025-11-12,409911164.0952455,0.019786314247433257,-0.048905458389458034
2025-11-13,414258702.98084575,0.010606051423839948,-0.038818100772203046
2025-11-14,414527806.58788294,0.0006496027846870106,-0.038193714333873974
2025-11-17,415676046.37936544,0.0027699946137125374,-0.03552951610314392
2025-11-18,416749781.2610167,0.0025831050189294323,-0.033038187555580634
2025-11-19,416249256.1373354,-0.001201020723194622,-0.03419952873086429
2025-11-20,419640139.89573705,0.00814628184532505,-0.026331845885558147
2025-11-21,416729032.22108173,-0.0069371525692909315,-0.03308633042250986
2025-11-24,421201521.3601235,0.010732367541575676,-0.022709057539630595
2025-11-25,420690037.3498718,-0.0012143451158486834,-0.023895826022370503
2025-11-26,426020427.41887844,0.012670587833706032,-0.011528012351139871
2025-11-27,429022295.15726244,0.007046300001554774,-0.004562942183032881
2025-11-28,431928723.38567376,0.0067745389021004986,0.0
2025-12-01,435573451.4171384,0.008438262690416677,0.0
2025-12-02,437099415.53598976,0.0035033451049108683,0.0
2025-12-03,435529793.34072685,-0.0035909958683842482,-0.0035909958683842946
2025-12-04,437373934.18503654,0.004234247283438922,0.0
2025-12-05,438134710.1865008,0.0017394177887665155,0.0
2025-12-08,434372663.27416646,-0.008586507356910692,-0.008586507356910689
2025-12-09,433086755.82944167,-0.0029603783880689603,-0.01152146643417129
2025-12-10,426790212.75928015,-0.014538756924354499,-0.025892715558627266
2025-12-11,423646682.2306275,-0.007365516908949583,-0.03306751923331108
2025-12-12,415286119.33901906,-0.019734753610219567,-0.05214969349896015
2025-12-15,417781561.1594451,0.006008969970866981,-0.04645408947031826
2025-12-16,422537970.82485723,0.01138492003383763,-0.03559804553034496
2025-12-17,418066855.9218042,-0.010581569496168028,-0.045802931833805904
2025-12-18,419101000.76320314,0.0024736350819266626,-0.04344259649091842
2025-12-19,419955522.57137144,0.0020389400326226055,-0.04149223330740226
2025-12-22,424125619.9067266,0.009929854737525102,-0.031974390419355125
2025-12-23,425139084.3744117,0.002389538429458668,-0.029661256024562044
2025-12-24,424054433.70368415,-0.0025512842986986353,-0.03213686602648547
2025-12-25,417431218.67168033,-0.015618785008699882,-0.04725371223386432
2025-12-26,415611045.9998975,-0.004360413381574273,-0.05140807989628504
2025-12-29,417568385.46207,0.004709546295776247,-0.0469406423327573
2025-12-30,419226402.38817596,0.003970647644388258,-0.04315637943927364
2025-12-31,420836770.1806054,0.003841284287572978,-0.039480871073949264
2026-01-05,418018376.79972124,-0.0066971176964280826,-0.045913580730037595
2026-01-06,418018376.79972124,0.0,-0.045913580730037595
2026-01-07,422452706.60404986,0.010607978142676663,-0.035792652848197215
2026-01-08,422117633.75836515,-0.0007931606081500603,-0.036557424134046945
2026-01-09,421730026.0408832,-0.0009182457364570819,-0.03744210117165703
2026-01-12,428664793.9779446,0.016443619161205188,-0.021614165662713902
2026-01-13,429369058.6401983,0.0016429262961350478,-0.02000674984771511
2026-01-14,428284523.82879543,-0.0025258802179121934,-0.022482095411962333
2026-01-15,429047522.58716667,0.001781523066839181,-0.02074062471669036
2026-01-16,429378083.1686337,0.0007704521389000089,-0.019986152236465493
2026-01-19,428984994.653075,-0.0009154834188505571,-0.020883338664336892
2026-01-20,430198003.5259219,0.0028276254133967446,-0.018114763510064025
2026-01-21,429926772.6731145,-0.0006304791063286732,-0.018733821636483516
2026-01-22,435728090.79591125,0.013493735425515546,-0.005492875443639522
2026-01-23,428419887.27558434,-0.016772394699128935,-0.022173141467794588
2026-01-26,428868211.74466205,0.0010464604524516815,-0.021149884330995516
2026-01-27,431294188.924889,0.005656696191955936,-0.015612826609195052
2026-01-28,429862689.3768389,-0.003319079145532853,-0.018880085547526515
2026-01-29,434114192.6433562,0.009890375163009793,-0.009176441513691458
2026-01-30,435401432.15178275,0.0029652094546562557,-0.006238442130171662
2026-02-02,434152340.85731953,-0.0028688267934492665,-0.009089371913688526
2026-02-03,435817233.2398418,0.003834811483993444,-0.0052894164574920355
2026-02-04,437579160.9427757,0.004042813290873864,-0.001267987289773509
2026-02-05,436229690.0777763,-0.0030839468271111068,-0.004348023711505444
2026-02-06,430325426.29587865,-0.013534759133072718,-0.017823933390938018
2026-02-09,429990152.7122626,-0.0007791163689815391,-0.018589162841655127
2026-02-10,428458893.6225567,-0.003561149203178521,-0.022084113262392235
2026-02-11,432977929.54686236,0.010547186653305049,-0.011769851873738468
2026-02-12,431706386.94044256,-0.0029367376941142197,-0.014672024600200895
2026-02-13,431828297.7840426,0.00028239295801026293,-0.014393774918617486
2026-02-23,438159750.3870927,0.014661967813458287,0.0
2026-02-24,441779636.199916,0.008261566265786174,0.0
2026-02-25,443571734.40472704,0.004056543258141642,0.0
2026-02-26,441779636.199916,-0.004040154197868426,-0.004040154197868406
2026-02-27,438662699.0951608,-0.007055411452565761,-0.011067060700236442
2026-03-02,437575218.39084476,-0.002479081778685971,-0.013518706330396868
2026-03-03,432122392.59838414,-0.012461459340666144,-0.025811702861788355
2026-03-04,430638675.8120835,-0.003433556815648825,-0.02915663372915256
2026-03-05,430735714.83883786,0.00022533746317928002,-0.02893786634785267
2026-03-06,427778163.40179205,-0.006866278637127634,-0.03560544953147193
2026-03-09,418086831.4399548,-0.022655041306385282,-0.05745384790798935
2026-03-10,416470735.59956115,-0.003865455017627754,-0.06109721766093912
2026-03-11,420871687.0086825,0.010567252469217605,-0.05117559491591139
2026-03-12,418022004.5276208,-0.006770905644225264,-0.057599995435673956
2026-03-13,417205625.36710644,-0.0019529573842336152,-0.059440462483489664
2026-03-16,414824659.94813067,-0.005706935079987758,-0.06480817470295963
2026-03-17,420788677.90220624,0.014377202056457566,-0.051362732869116745
2026-03-18,427073212.9308785,0.01493513337859542,-0.037194708756610795
2026-03-19,427716137.6240913,0.0015054203207937186,-0.0357452821062052
2026-03-20,423832123.0852968,-0.009080822997162846,-0.04450150852357804
2026-03-23,416150236.1831529,-0.018124834064542825,-0.06181976013050916
2026-03-24,417751664.57554054,0.003848197725599319,-0.058209457065241166
2026-03-25,420704657.3095545,0.007068775505692798,-0.05155215114385081
2026-03-26,418362374.902465,-0.005567521933483327,-0.056832655345122496
2026-03-27,418570976.03025013,0.0004986134994423877,-0.05636237937484434
2026-03-30,414990863.95737463,-0.008553178022111033,-0.06443347993241255
2026-03-31,415983191.2168237,0.002391202664044649,-0.062196350777235954
2026-04-01,421178974.72054505,0.01249036887409508,-0.050482837266971115
2026-04-02,425031899.02219176,0.009147950237077122,-0.041796701513038714
2026-04-03,421320061.68843794,-0.008733079428374908,-0.05016476702725625
2026-04-06,421144390.8394108,-0.0004169534399172848,-0.05056080409499886
2026-04-07,423008725.7462138,0.004426830672224038,-0.04635779754115488
2026-04-08,429714360.7000116,0.0158522378988014,-0.031240434477440293
2026-04-09,426014778.6855842,-0.00860939813228663,-0.03958087127148502
2026-04-10,425058119.6428975,-0.002245600600144328,-0.0417375890433479
2026-04-13,425986838.66152894,0.002184922427576962,-0.03964386001014475
2026-04-14,425528284.6193485,-0.0010764511965233895,-0.04067763652612544
2026-04-15,434024280.8836079,0.019965761551807053,-0.021524034965689998
2026-04-16,440064272.29167306,0.013916252325258461,-0.007907316542071774
2026-04-17,436918962.3725401,-0.007147387591256778,-0.014998187477195613
2026-04-20,440411846.2588318,0.007994351783966442,-0.00712373648004383
2026-04-21,441188409.99302137,0.0017632671345837968,-0.0053730303958706704
2026-04-22,448633842.6073748,0.016875857220436025,0.0
2026-04-23,449475216.08593833,0.0018754124157768484,0.0
2026-04-24,447572782.83463013,-0.004232565407887724,-0.004232565407887745
2026-04-28,458501289.0366389,0.024417271606184027,0.0
2026-04-29,450925027.4689503,-0.016523970049478365,-0.016523970049478365
2026-05-04,447952744.5374207,-0.006591523535992348,-0.02300657544798157
2026-05-05,456033065.60432786,0.018038333653366333,-0.005383242078767281
2026-05-06,455927350.43445444,-0.00023181470346525057,-0.00561380886756635
2026-05-07,463407850.8044466,0.0164072200600906,0.0
2026-05-08,465587269.96192557,0.004703025970957667,0.0
2026-05-11,462178567.31939864,-0.0073212969134780655,-0.007321296913478048
2026-05-12,467312854.9286659,0.01110888295631215,0.0
2026-05-13,478210118.42588603,0.023318989371442816,0.0
2026-05-14,479048369.46413374,0.0017528927263332642,0.0
2026-05-15,490050414.34113485,0.022966459293678545,0.0
2026-05-18,500004645.4203263,0.02031266740703557,0.0
2026-05-19,486592628.8083631,-0.026823784008423505,-0.026823784008423557
2026-05-20,493822544.0132495,0.014858250571103135,-0.012364087941382662
2026-05-21,488870330.98223335,-0.010028325136333388,-0.022268421983825615
2026-05-22,484987065.2109014,-0.007943345147433568,-0.030034881369553013
2026-05-25,488346131.18203175,0.006926093935452997,-0.02331681184380574
2026-05-26,483681642.2256715,-0.009551604197354695,-0.03264570308328418
2026-05-27,479594195.5089652,-0.008450696408277687,-0.040820520565770235
2026-05-28,484851854.85235614,0.010962725138512772,-0.030305299574231004
2026-05-29,484170574.83240485,-0.001405130274604689,-0.031667846954922974
