date,equity,portfolio_return,drawdown
2018-01-02,100000000.0,0.0,0.0
2018-01-03,100000000.0,0.0,0.0
2018-01-04,100000000.0,0.0,0.0
2018-01-05,100000000.0,0.0,0.0
2018-01-08,100000000.0,0.0,0.0
2018-01-09,100000000.0,0.0,0.0
2018-01-10,100000000.0,0.0,0.0
2018-01-11,100000000.0,0.0,0.0
2018-01-12,100000000.0,0.0,0.0
2018-01-15,100000000.0,0.0,0.0
2018-01-16,100000000.0,0.0,0.0
2018-01-17,100000000.0,0.0,0.0
2018-01-18,100000000.0,0.0,0.0
2018-01-19,100000000.0,0.0,0.0
2018-01-22,100000000.0,0.0,0.0
2018-01-23,100000000.0,0.0,0.0
2018-01-24,100000000.0,0.0,0.0
2018-01-25,100000000.0,0.0,0.0
2018-01-26,100000000.0,0.0,0.0
2018-01-29,100000000.0,0.0,0.0
2018-01-30,100000000.0,0.0,0.0
2018-01-31,100000000.0,0.0,0.0
2018-02-01,100000000.0,0.0,0.0
2018-02-02,100000000.0,0.0,0.0
2018-02-05,100000000.0,0.0,0.0
2018-02-06,100000000.0,0.0,0.0
2018-02-07,100000000.0,0.0,0.0
2018-02-08,100000000.0,0.0,0.0
2018-02-09,100000000.0,0.0,0.0
2018-02-12,100000000.0,0.0,0.0
2018-02-13,100000000.0,0.0,0.0
2018-02-21,100000000.0,0.0,0.0
2018-02-22,100000000.0,0.0,0.0
2018-02-23,100000000.0,0.0,0.0
2018-02-26,100000000.0,0.0,0.0
2018-02-27,100000000.0,0.0,0.0
2018-02-28,100000000.0,0.0,0.0
2018-03-01,100000000.0,0.0,0.0
2018-03-02,100000000.0,0.0,0.0
2018-03-05,100000000.0,0.0,0.0
2018-03-06,100000000.0,0.0,0.0
2018-03-07,100000000.0,0.0,0.0
2018-03-08,100000000.0,0.0,0.0
2018-03-09,100000000.0,0.0,0.0
2018-03-12,100000000.0,0.0,0.0
2018-03-13,100000000.0,0.0,0.0
2018-03-14,100000000.0,0.0,0.0
2018-03-15,100000000.0,0.0,0.0
2018-03-16,100000000.0,0.0,0.0
2018-03-19,100000000.0,0.0,0.0
2018-03-20,100000000.0,0.0,0.0
2018-03-21,100000000.0,0.0,0.0
2018-03-22,100000000.0,0.0,0.0
2018-03-23,100000000.0,0.0,0.0
2018-03-26,100000000.0,0.0,0.0
2018-03-27,100000000.0,0.0,0.0
2018-03-28,100000000.0,0.0,0.0
2018-03-29,100000000.0,0.0,0.0
2018-03-30,100000000.0,0.0,0.0
2018-04-02,100000000.0,0.0,0.0
2018-04-03,100000000.0,0.0,0.0
2018-04-04,100000000.0,0.0,0.0
2018-04-05,100000000.0,0.0,0.0
2018-04-06,100000000.0,0.0,0.0
2018-04-09,100000000.0,0.0,0.0
2018-04-10,100000000.0,0.0,0.0
2018-04-11,100000000.0,0.0,0.0
2018-04-12,100000000.0,0.0,0.0
2018-04-13,100000000.0,0.0,0.0
2018-04-16,100000000.0,0.0,0.0
2018-04-17,100000000.0,0.0,0.0
2018-04-18,100000000.0,0.0,0.0
2018-04-19,100000000.0,0.0,0.0
2018-04-20,100000000.0,0.0,0.0
2018-04-23,100000000.0,0.0,0.0
2018-04-24,100000000.0,0.0,0.0
2018-04-26,100000000.0,0.0,0.0
2018-04-27,100000000.0,0.0,0.0
2018-05-02,100000000.0,0.0,0.0
2018-05-03,100000000.0,0.0,0.0
2018-05-04,100000000.0,0.0,0.0
2018-05-07,100000000.0,0.0,0.0
2018-05-08,100000000.0,0.0,0.0
2018-05-09,100000000.0,0.0,0.0
2018-05-10,100000000.0,0.0,0.0
2018-05-11,100000000.0,0.0,0.0
2018-05-14,100000000.0,0.0,0.0
2018-05-15,100000000.0,0.0,0.0
2018-05-16,100000000.0,0.0,0.0
2018-05-17,100000000.0,0.0,0.0
2018-05-18,100000000.0,0.0,0.0
2018-05-21,100000000.0,0.0,0.0
2018-05-22,100000000.0,0.0,0.0
2018-05-23,100000000.0,0.0,0.0
2018-05-24,100000000.0,0.0,0.0
2018-05-25,100000000.0,0.0,0.0
2018-05-28,100000000.0,0.0,0.0
2018-05-29,100000000.0,0.0,0.0
2018-05-30,100000000.0,0.0,0.0
2018-05-31,100000000.0,0.0,0.0
2018-06-01,100000000.0,0.0,0.0
2018-06-04,100000000.0,0.0,0.0
2018-06-05,100000000.0,0.0,0.0
2018-06-06,100000000.0,0.0,0.0
2018-06-07,100000000.0,0.0,0.0
2018-06-08,100000000.0,0.0,0.0
2018-06-11,100000000.0,0.0,0.0
2018-06-12,100000000.0,0.0,0.0
2018-06-13,100000000.0,0.0,0.0
2018-06-14,100000000.0,0.0,0.0
2018-06-15,100000000.0,0.0,0.0
2018-06-18,100000000.0,0.0,0.0
2018-06-19,100000000.0,0.0,0.0
2018-06-20,100000000.0,0.0,0.0
2018-06-21,100000000.0,0.0,0.0
2018-06-22,100000000.0,0.0,0.0
2018-06-25,100000000.0,0.0,0.0
2018-06-26,100000000.0,0.0,0.0
2018-06-27,100000000.0,0.0,0.0
2018-06-28,100000000.0,0.0,0.0
2018-06-29,100000000.0,0.0,0.0
2018-07-02,100000000.0,0.0,0.0
2018-07-03,100000000.0,0.0,0.0
2018-07-04,100000000.0,0.0,0.0
2018-07-05,100000000.0,0.0,0.0
2018-07-06,100000000.0,0.0,0.0
2018-07-09,100000000.0,0.0,0.0
2018-07-10,100000000.0,0.0,0.0
2018-07-11,100000000.0,0.0,0.0
2018-07-12,100000000.0,0.0,0.0
2018-07-13,100000000.0,0.0,0.0
2018-07-16,100000000.0,0.0,0.0
2018-07-17,100000000.0,0.0,0.0
2018-07-18,100000000.0,0.0,0.0
2018-07-19,100000000.0,0.0,0.0
2018-07-20,100000000.0,0.0,0.0
2018-07-23,100000000.0,0.0,0.0
2018-07-24,100000000.0,0.0,0.0
2018-07-25,100000000.0,0.0,0.0
2018-07-26,100000000.0,0.0,0.0
2018-07-27,100000000.0,0.0,0.0
2018-07-30,100000000.0,0.0,0.0
2018-07-31,100000000.0,0.0,0.0
2018-08-01,100000000.0,0.0,0.0
2018-08-02,100000000.0,0.0,0.0
2018-08-03,100000000.0,0.0,0.0
2018-08-06,100000000.0,0.0,0.0
2018-08-07,100000000.0,0.0,0.0
2018-08-08,100000000.0,0.0,0.0
2018-08-09,100000000.0,0.0,0.0
2018-08-10,100000000.0,0.0,0.0
2018-08-13,100000000.0,0.0,0.0
2018-08-14,100000000.0,0.0,0.0
2018-08-15,100000000.0,0.0,0.0
2018-08-16,100000000.0,0.0,0.0
2018-08-17,100000000.0,0.0,0.0
2018-08-20,100000000.0,0.0,0.0
2018-08-21,100000000.0,0.0,0.0
2018-08-22,100000000.0,0.0,0.0
2018-08-23,100000000.0,0.0,0.0
2018-08-24,100000000.0,0.0,0.0
2018-08-27,100000000.0,0.0,0.0
2018-08-28,100000000.0,0.0,0.0
2018-08-29,100000000.0,0.0,0.0
2018-08-30,100000000.0,0.0,0.0
2018-08-31,100000000.0,0.0,0.0
2018-09-04,100000000.0,0.0,0.0
2018-09-05,100000000.0,0.0,0.0
2018-09-06,100000000.0,0.0,0.0
2018-09-07,100000000.0,0.0,0.0
2018-09-10,100000000.0,0.0,0.0
2018-09-11,100000000.0,0.0,0.0
2018-09-12,100000000.0,0.0,0.0
2018-09-13,100000000.0,0.0,0.0
2018-09-14,100000000.0,0.0,0.0
2018-09-17,100000000.0,0.0,0.0
2018-09-18,100000000.0,0.0,0.0
2018-09-19,100000000.0,0.0,0.0
2018-09-20,100000000.0,0.0,0.0
2018-09-21,100000000.0,0.0,0.0
2018-09-24,100000000.0,0.0,0.0
2018-09-25,100000000.0,0.0,0.0
2018-09-26,100000000.0,0.0,0.0
2018-09-27,100000000.0,0.0,0.0
2018-09-28,100000000.0,0.0,0.0
2018-10-01,100000000.0,0.0,0.0
2018-10-02,100000000.0,0.0,0.0
2018-10-03,100000000.0,0.0,0.0
2018-10-04,100000000.0,0.0,0.0
2018-10-05,100000000.0,0.0,0.0
2018-10-08,100000000.0,0.0,0.0
2018-10-09,100000000.0,0.0,0.0
2018-10-10,100000000.0,0.0,0.0
2018-10-11,100000000.0,0.0,0.0
2018-10-12,100000000.0,0.0,0.0
2018-10-15,100000000.0,0.0,0.0
2018-10-16,100000000.0,0.0,0.0
2018-10-17,100000000.0,0.0,0.0
2018-10-18,100000000.0,0.0,0.0
2018-10-19,100000000.0,0.0,0.0
2018-10-22,100000000.0,0.0,0.0
2018-10-23,100000000.0,0.0,0.0
2018-10-24,100000000.0,0.0,0.0
2018-10-25,100000000.0,0.0,0.0
2018-10-26,100000000.0,0.0,0.0
2018-10-29,100000000.0,0.0,0.0
2018-10-30,100000000.0,0.0,0.0
2018-10-31,100000000.0,0.0,0.0
2018-11-01,100000000.0,0.0,0.0
2018-11-02,100000000.0,0.0,0.0
2018-11-05,100000000.0,0.0,0.0
2018-11-06,100000000.0,0.0,0.0
2018-11-07,100000000.0,0.0,0.0
2018-11-08,100000000.0,0.0,0.0
2018-11-09,100000000.0,0.0,0.0
2018-11-12,100000000.0,0.0,0.0
2018-11-13,100000000.0,0.0,0.0
2018-11-14,100000000.0,0.0,0.0
2018-11-15,100000000.0,0.0,0.0
2018-11-16,100000000.0,0.0,0.0
2018-11-19,100000000.0,0.0,0.0
2018-11-20,100000000.0,0.0,0.0
2018-11-21,100000000.0,0.0,0.0
2018-11-22,100000000.0,0.0,0.0
2018-11-23,100000000.0,0.0,0.0
2018-11-26,100000000.0,0.0,0.0
2018-11-27,100000000.0,0.0,0.0
2018-11-28,100000000.0,0.0,0.0
2018-11-29,100000000.0,0.0,0.0
2018-11-30,100000000.0,0.0,0.0
2018-12-03,100000000.0,0.0,0.0
2018-12-04,100000000.0,0.0,0.0
2018-12-05,100000000.0,0.0,0.0
2018-12-06,100000000.0,0.0,0.0
2018-12-07,100000000.0,0.0,0.0
2018-12-10,100000000.0,0.0,0.0
2018-12-11,100000000.0,0.0,0.0
2018-12-12,100000000.0,0.0,0.0
2018-12-13,100000000.0,0.0,0.0
2018-12-14,100000000.0,0.0,0.0
2018-12-17,100000000.0,0.0,0.0
2018-12-18,100000000.0,0.0,0.0
2018-12-19,100000000.0,0.0,0.0
2018-12-20,100000000.0,0.0,0.0
2018-12-21,100000000.0,0.0,0.0
2018-12-24,100000000.0,0.0,0.0
2018-12-25,100000000.0,0.0,0.0
2018-12-26,100000000.0,0.0,0.0
2018-12-27,100000000.0,0.0,0.0
2018-12-28,100000000.0,0.0,0.0
2019-01-02,100000000.0,0.0,0.0
2019-01-03,100000000.0,0.0,0.0
2019-01-04,100000000.0,0.0,0.0
2019-01-07,100000000.0,0.0,0.0
2019-01-08,100000000.0,0.0,0.0
2019-01-09,100000000.0,0.0,0.0
2019-01-10,100000000.0,0.0,0.0
2019-01-11,100000000.0,0.0,0.0
2019-01-14,100000000.0,0.0,0.0
2019-01-15,100000000.0,0.0,0.0
2019-01-16,100000000.0,0.0,0.0
2019-01-17,100000000.0,0.0,0.0
2019-01-18,100000000.0,0.0,0.0
2019-01-21,100000000.0,0.0,0.0
2019-01-22,100000000.0,0.0,0.0
2019-01-23,100000000.0,0.0,0.0
2019-01-24,100000000.0,0.0,0.0
2019-01-25,100000000.0,0.0,0.0
2019-01-28,100000000.0,0.0,0.0
2019-01-29,100000000.0,0.0,0.0
2019-01-30,100000000.0,0.0,0.0
2019-01-31,100000000.0,0.0,0.0
2019-02-01,100000000.0,0.0,0.0
2019-02-11,100000000.0,0.0,0.0
2019-02-12,100000000.0,0.0,0.0
2019-02-13,100000000.0,0.0,0.0
2019-02-14,100000000.0,0.0,0.0
2019-02-15,100000000.0,0.0,0.0
2019-02-18,100000000.0,0.0,0.0
2019-02-19,100000000.0,0.0,0.0
2019-02-20,100000000.0,0.0,0.0
2019-02-21,100000000.0,0.0,0.0
2019-02-22,100000000.0,0.0,0.0
2019-02-25,100000000.0,0.0,0.0
2019-02-26,100000000.0,0.0,0.0
2019-02-27,100000000.0,0.0,0.0
2019-02-28,100000000.0,0.0,0.0
2019-03-01,100000000.0,0.0,0.0
2019-03-04,100000000.0,0.0,0.0
2019-03-05,100000000.0,0.0,0.0
2019-03-06,100000000.0,0.0,0.0
2019-03-07,100000000.0,0.0,0.0
2019-03-08,100000000.0,0.0,0.0
2019-03-11,100000000.0,0.0,0.0
2019-03-12,100000000.0,0.0,0.0
2019-03-13,100000000.0,0.0,0.0
2019-03-14,100000000.0,0.0,0.0
2019-03-15,100000000.0,0.0,0.0
2019-03-18,100000000.0,0.0,0.0
2019-03-19,100000000.0,0.0,0.0
2019-03-20,100000000.0,0.0,0.0
2019-03-21,100000000.0,0.0,0.0
2019-03-22,100000000.0,0.0,0.0
2019-03-25,100000000.0,0.0,0.0
2019-03-26,100000000.0,0.0,0.0
2019-03-27,100000000.0,0.0,0.0
2019-03-28,100000000.0,0.0,0.0
2019-03-29,100000000.0,0.0,0.0
2019-04-01,100000000.0,0.0,0.0
2019-04-02,100000000.0,0.0,0.0
2019-04-03,100000000.0,0.0,0.0
2019-04-04,100000000.0,0.0,0.0
2019-04-05,100000000.0,0.0,0.0
2019-04-08,100000000.0,0.0,0.0
2019-04-09,100000000.0,0.0,0.0
2019-04-10,100000000.0,0.0,0.0
2019-04-11,100000000.0,0.0,0.0
2019-04-12,100000000.0,0.0,0.0
2019-04-16,100000000.0,0.0,0.0
2019-04-17,100000000.0,0.0,0.0
2019-04-18,100000000.0,0.0,0.0
2019-04-19,100000000.0,0.0,0.0
2019-04-22,100000000.0,0.0,0.0
2019-04-23,100000000.0,0.0,0.0
2019-04-24,100000000.0,0.0,0.0
2019-04-25,100000000.0,0.0,0.0
2019-04-26,100000000.0,0.0,0.0
2019-05-02,100000000.0,0.0,0.0
2019-05-03,100000000.0,0.0,0.0
2019-05-06,100000000.0,0.0,0.0
2019-05-07,100000000.0,0.0,0.0
2019-05-08,100000000.0,0.0,0.0
2019-05-09,100000000.0,0.0,0.0
2019-05-10,100000000.0,0.0,0.0
2019-05-13,100000000.0,0.0,0.0
2019-05-14,100000000.0,0.0,0.0
2019-05-15,100000000.0,0.0,0.0
2019-05-16,100000000.0,0.0,0.0
2019-05-17,100000000.0,0.0,0.0
2019-05-20,100000000.0,0.0,0.0
2019-05-21,100000000.0,0.0,0.0
2019-05-22,100000000.0,0.0,0.0
2019-05-23,100000000.0,0.0,0.0
2019-05-24,100000000.0,0.0,0.0
2019-05-27,100000000.0,0.0,0.0
2019-05-28,100000000.0,0.0,0.0
2019-05-29,100000000.0,0.0,0.0
2019-05-30,100000000.0,0.0,0.0
2019-05-31,100000000.0,0.0,0.0
2019-06-03,100000000.0,0.0,0.0
2019-06-04,100000000.0,0.0,0.0
2019-06-05,100000000.0,0.0,0.0
2019-06-06,100000000.0,0.0,0.0
2019-06-07,100000000.0,0.0,0.0
2019-06-10,100000000.0,0.0,0.0
2019-06-11,100000000.0,0.0,0.0
2019-06-12,100000000.0,0.0,0.0
2019-06-13,100000000.0,0.0,0.0
2019-06-14,100000000.0,0.0,0.0
2019-06-17,100000000.0,0.0,0.0
2019-06-18,100000000.0,0.0,0.0
2019-06-19,100000000.0,0.0,0.0
2019-06-20,100000000.0,0.0,0.0
2019-06-21,100000000.0,0.0,0.0
2019-06-24,100000000.0,0.0,0.0
2019-06-25,100000000.0,0.0,0.0
2019-06-26,100000000.0,0.0,0.0
2019-06-27,100000000.0,0.0,0.0
2019-06-28,100000000.0,0.0,0.0
2019-07-01,100000000.0,0.0,0.0
2019-07-02,100000000.0,0.0,0.0
2019-07-03,100000000.0,0.0,0.0
2019-07-04,100000000.0,0.0,0.0
2019-07-05,100000000.0,0.0,0.0
2019-07-08,100000000.0,0.0,0.0
2019-07-09,100000000.0,0.0,0.0
2019-07-10,100000000.0,0.0,0.0
2019-07-11,100000000.0,0.0,0.0
2019-07-12,100000000.0,0.0,0.0
2019-07-15,100000000.0,0.0,0.0
2019-07-16,100000000.0,0.0,0.0
2019-07-17,100000000.0,0.0,0.0
2019-07-18,100000000.0,0.0,0.0
2019-07-19,100000000.0,0.0,0.0
2019-07-22,100000000.0,0.0,0.0
2019-07-23,100000000.0,0.0,0.0
2019-07-24,100000000.0,0.0,0.0
2019-07-25,100000000.0,0.0,0.0
2019-07-26,100000000.0,0.0,0.0
2019-07-29,100000000.0,0.0,0.0
2019-07-30,100000000.0,0.0,0.0
2019-07-31,100000000.0,0.0,0.0
2019-08-01,100000000.0,0.0,0.0
2019-08-02,100000000.0,0.0,0.0
2019-08-05,100000000.0,0.0,0.0
2019-08-06,100000000.0,0.0,0.0
2019-08-07,100000000.0,0.0,0.0
2019-08-08,100000000.0,0.0,0.0
2019-08-09,100000000.0,0.0,0.0
2019-08-12,100000000.0,0.0,0.0
2019-08-13,100000000.0,0.0,0.0
2019-08-14,100000000.0,0.0,0.0
2019-08-15,100000000.0,0.0,0.0
2019-08-16,100000000.0,0.0,0.0
2019-08-19,100000000.0,0.0,0.0
2019-08-20,100000000.0,0.0,0.0
2019-08-21,100000000.0,0.0,0.0
2019-08-22,100000000.0,0.0,0.0
2019-08-23,100000000.0,0.0,0.0
2019-08-26,100000000.0,0.0,0.0
2019-08-27,100000000.0,0.0,0.0
2019-08-28,100000000.0,0.0,0.0
2019-08-29,100000000.0,0.0,0.0
2019-08-30,100000000.0,0.0,0.0
2019-09-03,100000000.0,0.0,0.0
2019-09-04,100000000.0,0.0,0.0
2019-09-05,100000000.0,0.0,0.0
2019-09-06,100000000.0,0.0,0.0
2019-09-09,100000000.0,0.0,0.0
2019-09-10,100000000.0,0.0,0.0
2019-09-11,100000000.0,0.0,0.0
2019-09-12,100000000.0,0.0,0.0
2019-09-13,100000000.0,0.0,0.0
2019-09-16,100000000.0,0.0,0.0
2019-09-17,100000000.0,0.0,0.0
2019-09-18,100000000.0,0.0,0.0
2019-09-19,100000000.0,0.0,0.0
2019-09-20,100000000.0,0.0,0.0
2019-09-23,100000000.0,0.0,0.0
2019-09-24,100000000.0,0.0,0.0
2019-09-25,100000000.0,0.0,0.0
2019-09-26,100000000.0,0.0,0.0
2019-09-27,100000000.0,0.0,0.0
2019-09-30,100000000.0,0.0,0.0
2019-10-01,100000000.0,0.0,0.0
2019-10-02,100000000.0,0.0,0.0
2019-10-03,100000000.0,0.0,0.0
2019-10-04,100000000.0,0.0,0.0
2019-10-07,100000000.0,0.0,0.0
2019-10-08,100000000.0,0.0,0.0
2019-10-09,100000000.0,0.0,0.0
2019-10-10,100000000.0,0.0,0.0
2019-10-11,100000000.0,0.0,0.0
2019-10-14,100000000.0,0.0,0.0
2019-10-15,100000000.0,0.0,0.0
2019-10-16,100000000.0,0.0,0.0
2019-10-17,100000000.0,0.0,0.0
2019-10-18,100000000.0,0.0,0.0
2019-10-21,100000000.0,0.0,0.0
2019-10-22,100000000.0,0.0,0.0
2019-10-23,100000000.0,0.0,0.0
2019-10-24,100000000.0,0.0,0.0
2019-10-25,100000000.0,0.0,0.0
2019-10-28,100000000.0,0.0,0.0
2019-10-29,100000000.0,0.0,0.0
2019-10-30,100000000.0,0.0,0.0
2019-10-31,100000000.0,0.0,0.0
2019-11-01,100000000.0,0.0,0.0
2019-11-04,100000000.0,0.0,0.0
2019-11-05,100000000.0,0.0,0.0
2019-11-06,100000000.0,0.0,0.0
2019-11-07,100000000.0,0.0,0.0
2019-11-08,100000000.0,0.0,0.0
2019-11-11,100000000.0,0.0,0.0
2019-11-12,100000000.0,0.0,0.0
2019-11-13,100000000.0,0.0,0.0
2019-11-14,100000000.0,0.0,0.0
2019-11-15,100000000.0,0.0,0.0
2019-11-18,100000000.0,0.0,0.0
2019-11-19,100000000.0,0.0,0.0
2019-11-20,100000000.0,0.0,0.0
2019-11-21,100000000.0,0.0,0.0
2019-11-22,100000000.0,0.0,0.0
2019-11-25,100000000.0,0.0,0.0
2019-11-26,100000000.0,0.0,0.0
2019-11-27,100000000.0,0.0,0.0
2019-11-28,100000000.0,0.0,0.0
2019-11-29,100000000.0,0.0,0.0
2019-12-02,100000000.0,0.0,0.0
2019-12-03,100000000.0,0.0,0.0
2019-12-04,100000000.0,0.0,0.0
2019-12-05,100000000.0,0.0,0.0
2019-12-06,100000000.0,0.0,0.0
2019-12-09,100000000.0,0.0,0.0
2019-12-10,100000000.0,0.0,0.0
2019-12-11,100000000.0,0.0,0.0
2019-12-12,100000000.0,0.0,0.0
2019-12-13,100000000.0,0.0,0.0
2019-12-16,100000000.0,0.0,0.0
2019-12-17,100000000.0,0.0,0.0
2019-12-18,100000000.0,0.0,0.0
2019-12-19,100000000.0,0.0,0.0
2019-12-20,100000000.0,0.0,0.0
2019-12-23,100000000.0,0.0,0.0
2019-12-24,100000000.0,0.0,0.0
2019-12-25,100000000.0,0.0,0.0
2019-12-26,100000000.0,0.0,0.0
2019-12-27,100000000.0,0.0,0.0
2019-12-30,100000000.0,0.0,0.0
2019-12-31,100000000.0,0.0,0.0
2020-01-02,100000000.0,0.0,0.0
2020-01-03,100000000.0,0.0,0.0
2020-01-06,100000000.0,0.0,0.0
2020-01-07,100000000.0,0.0,0.0
2020-01-08,100000000.0,0.0,0.0
2020-01-09,100000000.0,0.0,0.0
2020-01-10,100000000.0,0.0,0.0
2020-01-13,100000000.0,0.0,0.0
2020-01-14,100000000.0,0.0,0.0
2020-01-15,100000000.0,0.0,0.0
2020-01-16,100000000.0,0.0,0.0
2020-01-17,100000000.0,0.0,0.0
2020-01-20,100000000.0,0.0,0.0
2020-01-21,100000000.0,0.0,0.0
2020-01-22,100000000.0,0.0,0.0
2020-01-30,100000000.0,0.0,0.0
2020-01-31,100000000.0,0.0,0.0
2020-02-03,100000000.0,0.0,0.0
2020-02-04,100000000.0,0.0,0.0
2020-02-05,100000000.0,0.0,0.0
2020-02-06,100000000.0,0.0,0.0
2020-02-07,100000000.0,0.0,0.0
2020-02-10,100000000.0,0.0,0.0
2020-02-11,100000000.0,0.0,0.0
2020-02-12,100000000.0,0.0,0.0
2020-02-13,100000000.0,0.0,0.0
2020-02-14,100000000.0,0.0,0.0
2020-02-17,100000000.0,0.0,0.0
2020-02-18,100000000.0,0.0,0.0
2020-02-19,100000000.0,0.0,0.0
2020-02-20,100000000.0,0.0,0.0
2020-02-21,100000000.0,0.0,0.0
2020-02-24,100000000.0,0.0,0.0
2020-02-25,100000000.0,0.0,0.0
2020-02-26,100000000.0,0.0,0.0
2020-02-27,100000000.0,0.0,0.0
2020-02-28,100000000.0,0.0,0.0
2020-03-02,100000000.0,0.0,0.0
2020-03-03,100000000.0,0.0,0.0
2020-03-04,100000000.0,0.0,0.0
2020-03-05,100000000.0,0.0,0.0
2020-03-06,100000000.0,0.0,0.0
2020-03-09,100000000.0,0.0,0.0
2020-03-10,100000000.0,0.0,0.0
2020-03-11,100000000.0,0.0,0.0
2020-03-12,100000000.0,0.0,0.0
2020-03-13,100000000.0,0.0,0.0
2020-03-16,100000000.0,0.0,0.0
2020-03-17,100000000.0,0.0,0.0
2020-03-18,100000000.0,0.0,0.0
2020-03-19,100000000.0,0.0,0.0
2020-03-20,100000000.0,0.0,0.0
2020-03-23,100000000.0,0.0,0.0
2020-03-24,100000000.0,0.0,0.0
2020-03-25,100000000.0,0.0,0.0
2020-03-26,100000000.0,0.0,0.0
2020-03-27,100000000.0,0.0,0.0
2020-03-30,100000000.0,0.0,0.0
2020-03-31,100000000.0,0.0,0.0
2020-04-01,100000000.0,0.0,0.0
2020-04-03,100000000.0,0.0,0.0
2020-04-06,100000000.0,0.0,0.0
2020-04-07,100000000.0,0.0,0.0
2020-04-08,100000000.0,0.0,0.0
2020-04-09,100000000.0,0.0,0.0
2020-04-10,100000000.0,0.0,0.0
2020-04-13,100000000.0,0.0,0.0
2020-04-14,100000000.0,0.0,0.0
2020-04-15,100000000.0,0.0,0.0
2020-04-16,100000000.0,0.0,0.0
2020-04-17,100000000.0,0.0,0.0
2020-04-20,100000000.0,0.0,0.0
2020-04-21,100000000.0,0.0,0.0
2020-04-22,100000000.0,0.0,0.0
2020-04-23,100000000.0,0.0,0.0
2020-04-24,100000000.0,0.0,0.0
2020-04-27,100000000.0,0.0,0.0
2020-04-28,100000000.0,0.0,0.0
2020-04-29,100000000.0,0.0,0.0
2020-05-04,100000000.0,0.0,0.0
2020-05-05,100000000.0,0.0,0.0
2020-05-06,100000000.0,0.0,0.0
2020-05-07,100000000.0,0.0,0.0
2020-05-08,100000000.0,0.0,0.0
2020-05-11,100000000.0,0.0,0.0
2020-05-12,100000000.0,0.0,0.0
2020-05-13,100000000.0,0.0,0.0
2020-05-14,100000000.0,0.0,0.0
2020-05-15,100000000.0,0.0,0.0
2020-05-18,100000000.0,0.0,0.0
2020-05-19,100000000.0,0.0,0.0
2020-05-20,100000000.0,0.0,0.0
2020-05-21,100000000.0,0.0,0.0
2020-05-22,100000000.0,0.0,0.0
2020-05-25,100000000.0,0.0,0.0
2020-05-26,100000000.0,0.0,0.0
2020-05-27,100000000.0,0.0,0.0
2020-05-28,100000000.0,0.0,0.0
2020-05-29,100000000.0,0.0,0.0
2020-06-01,100000000.0,0.0,0.0
2020-06-02,100000000.0,0.0,0.0
2020-06-03,100000000.0,0.0,0.0
2020-06-04,100000000.0,0.0,0.0
2020-06-05,100000000.0,0.0,0.0
2020-06-08,100000000.0,0.0,0.0
2020-06-09,100000000.0,0.0,0.0
2020-06-10,100000000.0,0.0,0.0
2020-06-11,100000000.0,0.0,0.0
2020-06-12,100000000.0,0.0,0.0
2020-06-15,100000000.0,0.0,0.0
2020-06-16,100000000.0,0.0,0.0
2020-06-17,100000000.0,0.0,0.0
2020-06-18,100000000.0,0.0,0.0
2020-06-19,100000000.0,0.0,0.0
2020-06-22,100000000.0,0.0,0.0
2020-06-23,100000000.0,0.0,0.0
2020-06-24,100000000.0,0.0,0.0
2020-06-25,100000000.0,0.0,0.0
2020-06-26,100000000.0,0.0,0.0
2020-06-29,100000000.0,0.0,0.0
2020-06-30,100000000.0,0.0,0.0
2020-07-01,100000000.0,0.0,0.0
2020-07-02,100000000.0,0.0,0.0
2020-07-03,100000000.0,0.0,0.0
2020-07-06,100000000.0,0.0,0.0
2020-07-07,100000000.0,0.0,0.0
2020-07-08,100000000.0,0.0,0.0
2020-07-09,100000000.0,0.0,0.0
2020-07-10,100000000.0,0.0,0.0
2020-07-13,100000000.0,0.0,0.0
2020-07-14,100000000.0,0.0,0.0
2020-07-15,100000000.0,0.0,0.0
2020-07-16,100000000.0,0.0,0.0
2020-07-17,100000000.0,0.0,0.0
2020-07-20,100000000.0,0.0,0.0
2020-07-21,100000000.0,0.0,0.0
2020-07-22,100000000.0,0.0,0.0
2020-07-23,100000000.0,0.0,0.0
2020-07-24,100000000.0,0.0,0.0
2020-07-27,100000000.0,0.0,0.0
2020-07-28,100000000.0,0.0,0.0
2020-07-29,100000000.0,0.0,0.0
2020-07-30,100000000.0,0.0,0.0
2020-07-31,100000000.0,0.0,0.0
2020-08-03,100000000.0,0.0,0.0
2020-08-04,100000000.0,0.0,0.0
2020-08-05,100000000.0,0.0,0.0
2020-08-06,100000000.0,0.0,0.0
2020-08-07,100000000.0,0.0,0.0
2020-08-10,100000000.0,0.0,0.0
2020-08-11,100000000.0,0.0,0.0
2020-08-12,100000000.0,0.0,0.0
2020-08-13,100000000.0,0.0,0.0
2020-08-14,100000000.0,0.0,0.0
2020-08-17,100000000.0,0.0,0.0
2020-08-18,100000000.0,0.0,0.0
2020-08-19,100000000.0,0.0,0.0
2020-08-20,100000000.0,0.0,0.0
2020-08-21,100000000.0,0.0,0.0
2020-08-24,100000000.0,0.0,0.0
2020-08-25,100000000.0,0.0,0.0
2020-08-26,100000000.0,0.0,0.0
2020-08-27,100000000.0,0.0,0.0
2020-08-28,100000000.0,0.0,0.0
2020-08-31,100000000.0,0.0,0.0
2020-09-01,100000000.0,0.0,0.0
2020-09-03,100000000.0,0.0,0.0
2020-09-04,100000000.0,0.0,0.0
2020-09-07,100000000.0,0.0,0.0
2020-09-08,100000000.0,0.0,0.0
2020-09-09,100000000.0,0.0,0.0
2020-09-10,100000000.0,0.0,0.0
2020-09-11,100000000.0,0.0,0.0
2020-09-14,100000000.0,0.0,0.0
2020-09-15,100000000.0,0.0,0.0
2020-09-16,100000000.0,0.0,0.0
2020-09-17,100000000.0,0.0,0.0
2020-09-18,100000000.0,0.0,0.0
2020-09-21,100000000.0,0.0,0.0
2020-09-22,100000000.0,0.0,0.0
2020-09-23,100000000.0,0.0,0.0
2020-09-24,100000000.0,0.0,0.0
2020-09-25,100000000.0,0.0,0.0
2020-09-28,100000000.0,0.0,0.0
2020-09-29,100000000.0,0.0,0.0
2020-09-30,100000000.0,0.0,0.0
2020-10-01,100000000.0,0.0,0.0
2020-10-02,100000000.0,0.0,0.0
2020-10-05,100000000.0,0.0,0.0
2020-10-06,100000000.0,0.0,0.0
2020-10-07,100000000.0,0.0,0.0
2020-10-08,100000000.0,0.0,0.0
2020-10-09,100000000.0,0.0,0.0
2020-10-12,100000000.0,0.0,0.0
2020-10-13,100000000.0,0.0,0.0
2020-10-14,100000000.0,0.0,0.0
2020-10-15,100000000.0,0.0,0.0
2020-10-16,100000000.0,0.0,0.0
2020-10-19,100000000.0,0.0,0.0
2020-10-20,100000000.0,0.0,0.0
2020-10-21,100000000.0,0.0,0.0
2020-10-22,100000000.0,0.0,0.0
2020-10-23,100000000.0,0.0,0.0
2020-10-26,100000000.0,0.0,0.0
2020-10-27,100000000.0,0.0,0.0
2020-10-28,100000000.0,0.0,0.0
2020-10-29,100000000.0,0.0,0.0
2020-10-30,100000000.0,0.0,0.0
2020-11-02,100000000.0,0.0,0.0
2020-11-03,100000000.0,0.0,0.0
2020-11-04,100000000.0,0.0,0.0
2020-11-05,100000000.0,0.0,0.0
2020-11-06,100000000.0,0.0,0.0
2020-11-09,100000000.0,0.0,0.0
2020-11-10,100000000.0,0.0,0.0
2020-11-11,100000000.0,0.0,0.0
2020-11-12,100000000.0,0.0,0.0
2020-11-13,100000000.0,0.0,0.0
2020-11-16,100000000.0,0.0,0.0
2020-11-17,100000000.0,0.0,0.0
2020-11-18,100000000.0,0.0,0.0
2020-11-19,100000000.0,0.0,0.0
2020-11-20,100000000.0,0.0,0.0
2020-11-23,100000000.0,0.0,0.0
2020-11-24,100000000.0,0.0,0.0
2020-11-25,100000000.0,0.0,0.0
2020-11-26,100000000.0,0.0,0.0
2020-11-27,100000000.0,0.0,0.0
2020-11-30,100000000.0,0.0,0.0
2020-12-01,100000000.0,0.0,0.0
2020-12-02,100000000.0,0.0,0.0
2020-12-03,100000000.0,0.0,0.0
2020-12-04,100000000.0,0.0,0.0
2020-12-07,100000000.0,0.0,0.0
2020-12-08,100000000.0,0.0,0.0
2020-12-09,100000000.0,0.0,0.0
2020-12-10,100000000.0,0.0,0.0
2020-12-11,100000000.0,0.0,0.0
2020-12-14,100000000.0,0.0,0.0
2020-12-15,100000000.0,0.0,0.0
2020-12-16,100000000.0,0.0,0.0
2020-12-17,100000000.0,0.0,0.0
2020-12-18,100000000.0,0.0,0.0
2020-12-21,100000000.0,0.0,0.0
2020-12-22,100000000.0,0.0,0.0
2020-12-23,100000000.0,0.0,0.0
2020-12-24,100000000.0,0.0,0.0
2020-12-25,100000000.0,0.0,0.0
2020-12-28,100000000.0,0.0,0.0
2020-12-29,100000000.0,0.0,0.0
2020-12-30,100000000.0,0.0,0.0
2020-12-31,100000000.0,0.0,0.0
2021-01-04,100000000.0,0.0,0.0
2021-01-05,99880000.0,-0.0012,-0.0011999999999999789
2021-01-06,101804429.31696121,0.01926741406649193,0.0
2021-01-07,105743200.99445407,0.038689590462019655,0.0
2021-01-08,108565541.7069848,0.02669051708278394,0.0
2021-01-11,108754079.95595908,0.001736630665769971,0.0
2021-01-12,109022503.24473739,0.002468167528859657,0.0
2021-01-13,108677707.75403163,-0.003162608456455543,-0.0031626084564555512
2021-01-14,111829463.88146031,0.029000944099428334,0.0
2021-01-15,115151146.00356656,0.029703103339807215,0.0
2021-01-18,117367681.62755089,0.019248923705159387,0.0
2021-01-19,113663479.75857072,-0.0315606631878008,-0.03156066318780082
2021-01-20,113522197.42560828,-0.0012429879259594388,-0.03276442159048254
2021-01-21,113927055.51399708,0.0035663341405464456,-0.029314936325249508
2021-01-22,113724626.46980268,-0.0017768302997133976,-0.031039678957865968
2021-01-25,113927055.51399708,0.0017799930452895472,-0.029314936325249508
2021-01-26,112914910.29302509,-0.008884151498566858,-0.03793864948833203
2021-01-27,111321356.48115008,-0.01411287320460681,-0.05151609934315593
2021-01-28,105554740.58662081,-0.0518015237759497,-0.10064901067413701
2021-01-29,107083144.74930884,0.014479730177857676,-0.08762665101350908
2021-02-01,107083144.74930884,0.0,-0.08762665101350908
2021-02-02,107083144.74930884,0.0,-0.08762665101350908
2021-02-03,107083144.74930884,0.0,-0.08762665101350908
2021-02-04,107083144.74930884,0.0,-0.08762665101350908
2021-02-05,107083144.74930884,0.0,-0.08762665101350908
2021-02-08,107040311.49140912,-0.00039999999999993426,-0.0879916003531036
2021-02-09,107961152.6380295,0.008602750999040983,-0.08014581918190755
2021-02-17,109309217.89029193,0.012486577063346119,-0.06865998906608128
2021-02-18,109078285.94129622,-0.00211264844313024,-0.07062758309020578
2021-02-19,109193751.91579407,0.0010585605879431972,-0.06964378607814348
2021-02-22,109268804.79921767,0.0006873367945216724,-0.06900431802030316
2021-02-23,108884880.43401232,-0.0035135770534949267,-0.0722754430854099
2021-02-24,109037872.85022198,0.0014050841181973953,-0.07097191204442743
2021-02-25,109802196.21783826,0.007009705413697686,-0.06445969882680813
2021-02-26,110695644.1995627,0.008136886260015382,-0.056847313804501254
2021-03-01,113354008.22999737,0.024015073489632124,-0.03419743273357245
2021-03-02,113629953.28053668,0.0024343651790364323,-0.03184631659399506
2021-03-03,112575212.98308286,-0.009282238239153478,-0.04083294973548357
2021-03-04,110770003.85948756,-0.016035582574172643,-0.05621375217242586
2021-03-05,112475228.90020312,0.015394285287546336,-0.041684837422905296
2021-03-08,112359762.92570527,-0.001026590260156796,-0.04266863443496749
2021-03-09,112064908.41776447,-0.002624200160833049,-0.04518086355845374
2021-03-10,111518712.58392942,-0.0048739238852442395,-0.04983457935364444
2021-03-11,111680185.52174929,0.0014479447805527989,-0.04845879229215788
2021-03-12,111179627.40047829,-0.004482067422546657,-0.05272366414043583
2021-03-15,111758769.37025663,0.005209065575406422,-0.04778923958891268
2021-03-16,111335876.66839181,-0.0037839777965322867,-0.05139238396392731
2021-03-17,113851648.14151466,0.022596233562842877,-0.029957424712484637
2021-03-18,113465815.95933974,-0.0033889029142146593,-0.0332448048227888
2021-03-19,112146915.0925696,-0.011623772813150694,-0.04448214757746194
2021-03-22,111623560.75197354,-0.004666685126060505,-0.0489412485270474
2021-03-23,110245094.91010919,-0.012349237316728186,-0.06068609875113817
2021-03-24,108535458.08561707,-0.015507599915317026,-0.07525260292660108
2021-03-25,107533534.24128842,-0.009231304331329994,-0.08378922757859086
2021-03-26,107676507.40283693,0.0013295681440889016,-0.08257106292230831
2021-03-29,108360127.0375644,0.006348828089027077,-0.07674646431690324
2021-03-30,108639789.61540744,0.0025808624028845193,-0.07436367397832844
2021-03-31,108322168.5864425,-0.0029236160166485753,-0.07706987916667718
2021-04-01,109768718.15947299,0.013354141556685337,-0.06474493968614026
2021-04-02,110081417.68575785,0.0028487125615383963,-0.062080666847581845
2021-04-05,107313673.74840559,-0.025142698881778128,-0.08566249021643124
2021-04-06,107487380.67625463,0.0016186840109145017,-0.08418246670876517
2021-04-07,107487380.67625463,0.0,-0.08418246670876517
2021-04-08,107563648.85339728,0.0007095547092394497,-0.08353264406521432
2021-04-09,108581829.01825163,0.009465838837822111,-0.07485751177381073
2021-04-12,109584725.98023039,0.00923632407969648,-0.06631259593265681
2021-04-13,108466019.15163687,-0.010208601779004699,-0.07584423882685298
2021-04-14,109429334.12644917,0.008881260530688164,-0.06763657074093787
2021-04-15,108794679.82041004,-0.005799672556773132,-0.07304397333455048
2021-04-16,109492587.73552653,0.006414908488802413,-0.06709763525034773
2021-04-19,110754193.02696726,0.011522289476691018,-0.05634846415021266
2021-04-20,110545809.12848312,-0.0018814989553795202,-0.0581239435291564
2021-04-22,107817796.49552608,-0.02467766670183198,-0.08136724692517971
2021-04-23,111797601.38341147,0.036912318905075514,-0.04745838178703443
2021-04-26,111657277.24778539,-0.001255162310189769,-0.04865397612510258
2021-04-27,111913118.08278373,0.0022913046180643255,-0.046474152587220874
2021-04-28,112000997.70728302,0.0007852486464927674,-0.045725397706144144
2021-04-29,114129222.29113337,0.019001835942680744,-0.027592428269089364
2021-05-04,115594598.61698362,0.01283962421221276,-0.015107080466954081
2021-05-05,115379590.84575543,-0.0018600157256535032,-0.016938996785370364
2021-05-06,115086300.8053267,-0.0025419577091481548,-0.019437896281054745
2021-05-07,118145964.95964049,0.02658582414156606,0.0
2021-05-10,122522387.97967748,0.03704250942071541,0.0
2021-05-11,120536605.61462185,-0.016207506218251417,-0.0162075062182514
2021-05-12,122066615.91411895,0.01269332491731871,-0.0037199084434604845
2021-05-13,122499416.04434353,0.0035456060363718606,-0.00018749173692045318
2021-05-14,121497189.60889867,-0.008181479290334462,-0.008367437067492212
2021-05-17,120910053.80758958,-0.004832505206080018,-0.013159506590382009
2021-05-18,122865952.14274885,0.01617647394543215,0.0
2021-05-19,123823048.26278198,0.007789758703217886,0.0
2021-05-20,125915454.31325422,0.016898356806978786,0.0
2021-05-21,125847333.53058435,-0.0005410041447366755,-0.0005410041447366787
2021-05-24,124787505.07687983,-0.008421540798454452,-0.008957988854714105
2021-05-25,126652291.81176057,0.014943697557955634,0.0
2021-05-26,128506713.4261954,0.014641832278810978,0.0
2021-05-27,129258433.7635488,0.005849658101988111,0.0
2021-05-28,133712808.48871376,0.03446099875628459,0.0
2021-05-31,138000483.0676882,0.032066296620613936,0.0
2021-06-01,140637217.0163942,0.019106700861421643,0.0
2021-06-02,142273486.10841632,0.011634680540012248,0.0
2021-06-03,149232970.24241525,0.04891624099725519,0.0
2021-06-04,147917733.6575082,-0.008813311044942507,-0.00881331104494254
2021-06-07,139641445.36211658,-0.055951967967239884,-0.0642721569149104
2021-06-08,132706263.56202136,-0.04966420808744125,-0.11074433922710092
2021-06-09,139785242.5525328,0.053343216819626706,-0.06330858170641174
2021-06-10,137593052.56853652,-0.015682556641645657,-0.07799829792954438
2021-06-11,140036133.2912099,0.017755843605958686,-0.06162737990315359
2021-06-14,141282481.90858072,0.008900193029316153,-0.05327568245086656
2021-06-15,140801389.49689957,-0.00340518091968716,-0.05649945003318868
2021-06-16,141201252.86734962,0.002839910684680101,-0.05381999274033644
2021-06-17,143494057.0672056,0.016237846005587073,-0.038456067488888745
2021-06-18,143494057.0672056,0.0,-0.038456067488888745
2021-06-21,142310950.32569614,-0.008244987741585408,-0.046383985425438645
2021-06-22,140660893.31383276,-0.011594729766662523,-0.057440905415592436
2021-06-23,139303592.4476838,-0.009649454330711762,-0.06653608635278163
2021-06-24,137105824.58443803,-0.01577682114746013,-0.08126317956600204
2021-06-25,141891401.3157646,0.034904255496303396,-0.049195354851712336
2021-06-28,143578949.01554343,0.011893234432320269,-0.037887212307624596
2021-06-29,142878918.0417168,-0.004875582239781082,-0.042578072327963845
2021-06-30,141370000.68952912,-0.010560811719942683,-0.05268922504265283
2021-07-01,146395475.5301956,0.035548382373592896,-0.01901385938784439
2021-07-02,151274839.65694308,0.03333001999601463,0.0
2021-07-05,148884396.410236,-0.015801988302404174,-0.015801988302404202
2021-07-06,142259062.68144405,-0.04449985282901313,-0.059598654977554566
2021-07-07,144019366.17858198,0.012373928690080874,-0.0479621957941907
2021-07-08,142953368.98762804,-0.007401762827036183,-0.055008953823294404
2021-07-09,139995602.1338544,-0.020690431255451103,-0.07456122610123028
2021-07-12,137094888.65086418,-0.020720032906581864,-0.09373634794943964
2021-07-13,137211998.2014197,0.0008542225877856535,-0.09296219706736886
2021-07-14,135626028.48608395,-0.011558535231063684,-0.10344622546847226
2021-07-15,138134744.73766226,0.018497306745479985,-0.08686239528714468
2021-07-16,138625585.41186684,0.0035533469521861786,-0.08361770056251172
2021-07-19,133925212.5818012,-0.03390696469270433,-0.11468944283455784
2021-07-20,136972762.18729216,0.022755607751076122,-0.09454366305781436
2021-07-21,137842021.11738813,0.0063462174246539165,-0.08879744027504854
2021-07-22,139572792.7487509,0.012556197430454226,-0.07735620103600682
2021-07-23,138784464.93198577,-0.005648148190200806,-0.08256742993932531
2021-07-26,138401780.6759641,-0.0027573998012617685,-0.08509715832568165
2021-07-27,137117981.80266,-0.009275884074857523,-0.09358369102481034
2021-07-28,134626283.6942794,-0.018171928113459506,-0.1100550230323748
2021-07-29,138770611.25822595,0.03078394092313972,-0.08265900943655857
2021-07-30,139232714.48385617,0.003329979031153338,-0.07960428317356483
2021-08-02,139450719.0566562,0.0015657568238053533,-0.07816316729934258
2021-08-03,142668873.03288615,0.02307735663178947,-0.05688960995479031
2021-08-04,142206631.7568668,-0.003239958837501892,-0.05994524879775709
2021-08-05,142741866.52332112,0.003763782039148565,-0.05640708760936586
2021-08-06,142163289.90729892,-0.004053307064803386,-0.06023175942745718
2021-08-09,146007764.0928537,0.02704266472773426,-0.03481792197588118
2021-08-10,146051534.87698132,0.00029978394915894195,-0.03452857588087377
2021-08-11,144150497.51858807,-0.01301620938112351,-0.0470953540886998
2021-08-12,142642122.80030006,-0.010463888396177758,-0.057066441955714864
2021-08-13,147010088.4763986,0.030621849916056754,-0.028192072060469364
2021-08-16,148219812.42588383,0.008228849883859874,-0.020195210505510097
2021-08-17,148763603.3722108,0.0036688141580187837,-0.01660048882171805
2021-08-18,148445353.39104462,-0.0021393000300612064,-0.01870427542554398
2021-08-19,147725536.49648514,-0.004849036215120074,-0.023462613931747978
2021-08-20,143047102.1255421,-0.0316697741087869,-0.0543893323573148
2021-08-23,139068527.18238345,-0.027813041187419153,-0.08068964080372365
2021-08-24,139068527.18238345,0.0,-0.08068964080372365
2021-08-25,139068527.18238345,0.0,-0.08068964080372365
2021-08-26,139068527.18238345,0.0,-0.08068964080372365
2021-08-27,138957272.36063755,-0.000799999999999968,-0.0814250890910807
2021-08-30,139281023.90537274,0.00232986398793837,-0.07928493448593033
2021-08-31,139657668.88429976,0.002704208860375037,-0.0767951286478864
2021-09-01,139440376.93843073,-0.0015558898240600407,-0.07823153371274583
2021-09-06,140303826.512805,0.006192249284836204,-0.07252371358659393
2021-09-07,138630157.16348952,-0.011928893109431656,-0.08358747906875208
2021-09-08,138684059.69340518,0.00038882254062579043,-0.08323115722410235
2021-09-09,138845430.91791084,0.001163588842599598,-0.08216441522740536
2021-09-10,138405501.57864594,-0.0031684826526628563,-0.08507256135575403
2021-09-13,140189972.30871397,0.012893062123358159,-0.07327634505094882
2021-09-14,143065324.97598764,0.02051040184915525,-0.05426887048482587
2021-09-15,145722855.44831955,0.018575643488580873,-0.03670130618689904
2021-09-16,142905563.72458488,-0.019333217943521743,-0.05532496977909751
2021-09-17,145919862.6417462,0.02109294304993353,-0.03539899316595385
2021-09-20,145301669.79070967,-0.004236522978055902,-0.039485547496062146
2021-09-21,147002416.10147512,0.01170493300741261,-0.02824279017685194
2021-09-22,147343120.26519313,0.0023176773059486885,-0.025990570544752845
2021-09-23,145455686.52694625,-0.01280978531505116,-0.03846742223091004
2021-09-24,144599757.80088705,-0.005884463828787018,-0.044125525904992524
2021-09-27,141239938.8218754,-0.023235301566950785,-0.0663355575707405
2021-09-28,144112100.86979157,0.020335339082371017,-0.04734917454478871
2021-09-29,144052912.16830564,-0.0004107129181289929,-0.04774044054526938
2021-09-30,145535159.29755,0.010289601972867855,-0.03794206870362171
2021-10-01,146785358.84458974,0.008590360934595092,-0.029677643833795897
2021-10-04,148894258.0632776,0.014367231413867901,-0.015736797996706464
2021-10-05,151025332.20950586,0.014312668426223545,-0.0016493651423002964
2021-10-06,154306606.59336373,0.02172664900551926,0.0
2021-10-07,156161757.38852942,0.012022497520501317,0.0
2021-10-08,153531098.50496042,-0.016845730526866064,-0.01684573052686611
2021-10-11,155540109.27934748,0.013085367029547781,-0.003980796064143144
2021-10-12,157761345.00118685,0.014280790544193752,0.0
2021-10-13,161494964.67020702,0.02366625150788419,0.0
2021-10-14,163528514.34118384,0.01259203143038906,0.0
2021-10-15,164899367.8122553,0.008382962913803036,0.0
2021-10-18,161871286.62769705,-0.018363206752895725,-0.01836320675289571
2021-10-19,165948484.02714884,0.025187897646290543,0.0
2021-10-20,168358745.42659438,0.01452415436980563,0.0
2021-10-21,169818123.45047653,0.008668263832593419,0.0
2021-10-22,168698281.208058,-0.006594362366423766,-0.006594362366423745
2021-10-25,165337136.43304914,-0.019924001305404584,-0.02638697758743136
2021-10-26,166959491.15213108,0.009812403638301109,-0.016833493624012985
2021-10-27,168403715.37475914,0.008650147485847933,-0.008328958340714898
2021-10-28,172535186.92840844,0.024533137790073625,0.0
2021-10-29,173448006.01755974,0.005290625671214864,0.0
2021-11-01,174247772.0209891,0.004610984131742544,0.0
2021-11-02,174093490.16907424,-0.0008854164970113292,-0.0008854164970113487
2021-11-03,168155968.88790303,-0.03410536071971942,-0.03496057976771294
2021-11-04,168599832.43144944,0.002639594339004992,-0.032413267177151206
2021-11-05,171045735.76354617,0.014507151619448964,-0.018376339739122893
2021-11-08,176233229.91839045,0.030328111552663798,0.0
2021-11-09,178695261.39081177,0.013970302159027717,0.0
2021-11-10,181885764.1353461,0.017854433965971937,0.0
2021-11-11,181952277.2664582,0.00036568629451727997,0.0
2021-11-12,185744186.5144014,0.02084013074697696,0.0
2021-11-15,189668337.8086124,0.021126643949670783,0.0
2021-11-16,188802977.2845644,-0.004562493318843787,-0.004562493318843841
2021-11-17,195519736.14974174,0.035575492303036166,0.0
2021-11-18,200359768.65225196,0.024754700460537692,0.0
2021-11-19,198737119.06219554,-0.008098679694887846,-0.008098679694887867
2021-11-22,196960914.36940542,-0.008937458191865259,-0.016963756275570785
2021-11-23,192945034.18811512,-0.020389223893215732,-0.03700710234401394
2021-11-24,194043361.01132026,0.005692433743250994,-0.031525329078885944
2021-11-25,193690397.8131987,-0.001818991365033025,-0.03328697614254461
2021-11-26,192945034.18811512,-0.003848221871083246,-0.03700710234401394
2021-11-29,193254161.03773314,0.001602149808720286,-0.03546424345723542
2021-11-30,192769761.83654106,-0.002506539567329168,-0.03788189049511359
2021-12-01,191411481.49817073,-0.007046127595063773,-0.04466109745620661
2021-12-02,189881917.816358,-0.007990971439335267,-0.052295183341319884
2021-12-03,186509723.2668437,-0.01775942958810681,-0.06912588030307942
2021-12-06,183337861.73957038,-0.017006413776804938,-0.08495671075676425
2021-12-07,183337861.73957038,0.0,-0.08495671075676425
2021-12-08,183337861.73957038,0.0,-0.08495671075676425
2021-12-09,183191191.45017874,-0.0007999999999998939,-0.08568874538815874
2021-12-10,184706361.72837427,0.008270977803032636,-0.07812649729620136
2021-12-13,188657998.07240134,0.021394153980674877,-0.05840379362865211
2021-12-14,191222045.54019725,0.013590982062747762,-0.045606576477507876
2021-12-15,191660112.6549065,0.0022908818565962412,-0.043420173899505365
2021-12-16,195479651.44114757,0.019928709909079113,-0.024356772040271313
2021-12-17,191435433.9027747,-0.020688688099029344,-0.04454155047946029
2021-12-20,193728512.02126586,0.011978336882271077,-0.033096747294090845
2021-12-21,197605365.2572208,0.0200117845097028,-0.013747287759209526
2021-12-22,201567289.63424167,0.020049680188914256,0.0
2021-12-23,199417044.79459485,-0.01066762788520196,-0.010667627885201925
2021-12-24,193534037.72162583,-0.029501024243081535,-0.03985394617942595
2021-12-27,197977514.2877545,0.022959664451997062,-0.01780931495879645
2021-12-28,193708617.99724978,-0.021562531006930456,-0.03898783205971568
2021-12-29,197752835.53562266,0.02087784002687115,-0.01892397375358179
2021-12-30,196854120.52709538,-0.004544637785309464,-0.023382608932722593
2021-12-31,192277427.3555787,-0.02324916115173084,-0.04608814404122863
2022-01-04,195234852.25509217,0.01538103010939665,-0.03141599706301634
2022-01-05,200584127.71784538,0.027399183091366748,-0.004877586627176966
2022-01-06,199309316.13706714,-0.006355495797611034,-0.011202082943476577
2022-01-07,201846800.79357815,0.01273139011106713,0.0
2022-01-10,195827713.59696984,-0.02982007727119649,-0.02982007727119651
2022-01-11,196958581.84357977,0.005774812082713429,-0.024217470531016194
2022-01-12,195763831.4593296,-0.006065998105119425,-0.030136565505783697
2022-01-13,191567394.97597373,-0.021436219612547273,-0.05092677108178112
2022-01-14,192512040.31273523,0.004931138395863144,-0.046246759642176616
2022-01-17,188021431.13673636,-0.023326380878327845,-0.06849437099070255
2022-01-18,183161793.652866,-0.025846189205613712,-0.09257024172417105
2022-01-19,182921000.73962066,-0.0013146459665147657,-0.09376319059578386
2022-01-20,185135003.76024622,0.012103602165270731,-0.08279446078723096
2022-01-21,183886078.97938052,-0.006746021851616366,-0.08898194939718385
2022-01-24,181501768.03409147,-0.012966239524615687,-0.10079442765254842
2022-01-25,182568496.40343258,0.0058772340396196126,-0.0955095860541324
2022-01-26,183523465.0206216,0.005230741535378417,-0.09077843047755407
2022-01-27,179180827.1988027,-0.02366257536239809,-0.11229295438749687
2022-01-28,180909645.47545555,0.009648455717500977,-0.10372795226779097
2022-02-07,183989940.27642772,0.01702670298687902,-0.08846739431561279
2022-02-08,190730832.0244234,0.036637284287761133,-0.05507131510359031
2022-02-09,194938584.2614257,0.022061206320661903,-0.03422504842777885
2022-02-10,195438299.47382623,0.0025634494797108724,-0.0317493331306532
2022-02-11,197463726.02575248,0.010363508879166785,-0.02171485874729362
2022-02-14,196398839.65558028,-0.005392820198446595,-0.02699057461688137
2022-02-15,198532439.77835464,0.010863608596242236,-0.01642018105906462
2022-02-16,197230672.35286695,-0.006556950727755196,-0.022869465468674743
2022-02-17,199490616.87633368,0.011458382697309127,-0.011673129858788545
2022-02-18,199388286.5745104,-0.0005129579697812245,-0.012180100003576388
2022-02-21,198405490.41813183,-0.004929056632478264,-0.017049120233347814
2022-02-22,197885659.2420107,-0.0026200443093867603,-0.019624495092287142
2022-02-23,201634264.65163377,0.018943289897721077,-0.0010529576941956664
2022-02-24,204195712.09764987,0.01270343336952948,0.0
2022-02-25,205493656.6192379,0.00635637501030055,0.0
2022-02-28,204297430.52214757,-0.005821231257307558,-0.005821231257307602
2022-03-01,205566528.50445417,0.00621201147299314,0.0
2022-03-02,205508331.73454952,-0.00028310430850799867,-0.0002831043085079754
2022-03-03,208172368.85495195,0.012963158709514037,0.0
2022-03-04,208152969.9316504,-9.318683074152043e-05,-9.318683074155398e-05
2022-03-07,205199137.99278522,-0.014190678806240968,-0.014282543252598479
2022-03-08,200156107.63947552,-0.0245762745528054,-0.038507806101115705
2022-03-09,200124645.22007468,-0.00015718940466963728,-0.03865894248666912
2022-03-10,200749641.37819433,0.003123034434026593,-0.035656641261211486
2022-03-11,199500235.57642356,-0.006223701288795869,-0.041658426265835824
2022-03-14,196945685.0570805,-0.012804749387699163,-0.053929749945314964
2022-03-15,197258109.82183176,0.001586349884541547,-0.05242895151337257
2022-03-16,199070173.45738915,0.009186256713065347,-0.04372432060810594
2022-03-17,198827737.34925586,-0.001217842451848667,-0.04488891372613979
2022-03-18,199922383.5779626,0.00550550060721115,-0.039630549060704956
2022-03-21,202158336.27904904,0.011184103856057167,-0.028889677381215284
2022-03-22,202570109.06963792,0.0020368825652606055,-0.02691163969612842
2022-03-23,202062276.99449152,-0.0025069447683015683,-0.029351118470087423
2022-03-24,201458385.63478762,-0.0029886397831712114,-0.03225203833291834
2022-03-25,201738629.03183213,0.0013910733780650207,-0.030905829906766602
2022-03-28,200301576.0933873,-0.0071233404595907705,-0.037809017617745244
2022-03-29,199882042.5781197,-0.0020945093066667133,-0.03982433558513565
2022-03-30,198056053.72882986,-0.009135332147589922,-0.0485958591995983
2022-03-31,196594179.77409804,-0.007381112201363758,-0.05561827991168811
2022-04-01,199832699.02857012,0.016473118676216085,-0.040061367761024314
2022-04-04,198055985.15210474,-0.00889100675266045,-0.04859618862240067
2022-04-05,198910106.40191466,0.004312524305458204,-0.04449323656152926
2022-04-06,199174197.42370307,0.0013276903148138693,-0.04322461948597278
2022-04-07,192232153.9348889,-0.03485413059828414,-0.0765721935516317
2022-04-08,192858941.47904277,0.003260575982341481,-0.07356128702449993
2022-04-12,188660315.4395384,-0.021770450502864695,-0.09373027516927068
2022-04-13,195964300.35122886,0.038715004237503486,-0.058644038932127884
2022-04-14,202870496.2896479,0.035242112599289756,-0.02546866615616128
2022-04-15,202784555.32891786,-0.00042362473746475197,-0.025881501736612078
2022-04-18,201144289.72010988,-0.008088710731186896,-0.033760864486962805
2022-04-19,206011854.65599623,0.024199369232203994,-0.010378486880077253
2022-04-20,202863759.3507866,-0.01528113666306439,-0.02550102846677138
2022-04-21,202806262.0366111,-0.0002834282198037341,-0.02577722897547352
2022-04-22,193797776.83713755,-0.04441916688867982,-0.06905139282836414
2022-04-25,183482121.2202373,-0.05322896776865111,-0.11860482623377377
2022-04-26,184658864.7680893,0.006413396248234511,-0.11295208973312942
2022-04-27,184985955.47001356,0.0017713241242712796,-0.11138084037028928
2022-04-28,186065354.78636366,0.0058350338738287315,-0.10619571747291667
2022-04-29,188420407.8402184,0.01265712822550311,-0.09488272206046766
2022-05-04,188812916.68252748,0.002083154615830878,-0.09299722282505962
2022-05-05,186957390.08323878,-0.009827328722476169,-0.10191063726855654
2022-05-06,185449743.5476816,-0.008064118433007292,-0.109152936253047
2022-05-09,182347050.6774045,-0.016730639853806878,-0.12405737764141855
2022-05-10,182364115.488191,9.358424346936837e-05,-0.12397540321378253
2022-05-11,182364115.488191,0.0,-0.12397540321378253
2022-05-12,182364115.488191,0.0,-0.12397540321378253
2022-05-13,182364115.488191,0.0,-0.12397540321378253
2022-05-16,182364115.488191,0.0,-0.12397540321378253
2022-05-17,182218224.19580045,-0.0008000000000000128,-0.1246762228912115
2022-05-18,183678796.93344384,0.008015514057880126,-0.11766005285059933
2022-05-19,186759271.85723084,0.016770988133721337,-0.10286234006704842
2022-05-20,186536907.49769375,-0.001190646961330426,-0.10393051429574263
2022-05-23,184859988.8091047,-0.00898974208956353,-0.1119859478665518
2022-05-24,185106426.80300766,0.0013331061820924114,-0.1108021308438677
2022-05-25,187720950.19847688,0.014124433390157887,-0.09824271477030166
2022-05-26,186987654.62535945,-0.003906306527545931,-0.10176525513985646
2022-05-27,189273981.7296869,0.012227155364391454,-0.09078239936075705
2022-05-30,190520567.73255247,0.006586145604766239,-0.08479415985653072
2022-05-31,189609518.77844462,-0.004781892920803996,-0.08917057618459123
2022-06-01,190177159.2388738,0.0029937339859633814,-0.08644379518309964
2022-06-02,186685829.7336321,-0.018358300855974004,-0.10321513483997014
2022-06-03,185958552.5691061,-0.003895727734470702,-0.10670876451102762
2022-06-06,187366950.1388784,0.007573717639305205,-0.09994322892376806
2022-06-07,188294262.7335505,0.004949179105411866,-0.09548868675867306
2022-06-08,190988189.1097716,0.014307001908142119,-0.08254784167419327
2022-06-09,192163928.506923,0.006156084324542276,-0.07689992882380636
2022-06-10,187429299.53724682,-0.02463848968150958,-0.0996437204024817
2022-06-13,181551279.51100242,-0.03136126550521678,-0.12788003273622872
2022-06-14,183789197.44606048,0.012326643695851422,-0.1171297206397306
2022-06-15,182613195.33915555,-0.006398646510495068,-0.12277889547197895
2022-06-16,182613195.33915555,0.0,-0.12277889547197895
2022-06-17,182613195.33915555,0.0,-0.12277889547197895
2022-06-20,182467104.78288424,-0.0007999999999999463,-0.12348067235560134
2022-06-21,179392523.64418048,-0.0168500571232397,-0.1382500730960331
2022-06-22,185472448.6109177,0.03389174110063,-0.10904386767991703
2022-06-23,186842047.57596135,0.0073843795954664695,-0.10246470939595687
2022-06-24,186994225.238744,0.0008144722494585747,-0.10173369180885017
2022-06-27,187907291.21543974,0.004882856545596494,-0.09734758628621021
2022-06-28,188972534.85491815,0.005668985128720155,-0.09223046317646333
2022-06-29,189124712.5177008,0.000805289842248622,-0.09149944558935663
2022-06-30,188288478.67410612,-0.004421600077866104,-0.09551647171148014
2022-07-01,188498706.15647644,0.00111651803578584,-0.09450659953907481
2022-07-04,187959310.64063656,-0.0028615343141512707,-0.09709769997573126
2022-07-05,188354952.89747286,0.0021049356665961178,-0.09519714872095852
2022-07-06,186493022.3381868,-0.00988522218632372,-0.10414132594067105
2022-07-07,186517835.04609114,0.00013304898807068195,-0.10402213285063311
2022-07-08,187995109.24653107,0.007920283870305888,-0.09692573380129887
2022-07-11,186238292.42843014,-0.009345013416264427,-0.1053649749348089
2022-07-12,187375412.69741035,0.006105727528709979,-0.09990257723412022
2022-07-13,188897189.32523662,0.008121538498136717,-0.09259240136305347
2022-07-14,188836298.59372506,-0.0003223485311193462,-0.0928849028696006
2022-07-15,191710825.37903687,0.015222321167691736,-0.07907650552501988
2022-07-18,190748133.9865325,-0.005021580761550632,-0.08370099722773539
2022-07-19,189796428.49201828,-0.004989330561846653,-0.08827271584605667
2022-07-20,191437145.67094386,0.008644615665118129,-0.08039118388314381
2022-07-21,192784493.42229435,0.007038068534862153,-0.07391891401005002
2022-07-22,191789288.64922503,-0.005162265675016333,-0.07869959061253773
2022-07-25,189392593.93267164,-0.012496499327117529,-0.0902126205585213
2022-07-26,188867025.22674587,-0.002775022481146229,-0.09273730098953448
2022-07-27,188159674.44191903,-0.0037452317786952436,-0.09613521008149328
2022-07-28,190351941.3292596,0.01165109842926138,-0.08560419244740913
2022-07-29,191083712.6876153,0.003844307303858414,-0.08208897396581716
2022-08-01,194586180.82243708,0.018329495934316636,-0.06526412754605926
2022-08-02,195307242.07019868,0.0037056138555881662,-0.0618003573457786
2022-08-03,198979945.9674179,0.018804750188931255,-0.04415774743832135
2022-08-04,198906053.4022469,-0.00037135684609695757,-0.044512706002598934
2022-08-05,198667642.4704697,-0.0011986107395889143,-0.04565796333472494
2022-08-08,199955359.46108353,0.006481765095718728,-0.03947214243209085
2022-08-09,201670406.41036546,0.008577149189220524,-0.031233551697328554
2022-08-10,203655002.271648,0.009840788723578053,-0.021700125757090793
2022-08-11,200502932.65327835,-0.015477496664507205,-0.03684175879757323
2022-08-12,204572094.06073606,0.020294772518336907,-0.017294681393208555
2022-08-15,203908424.57990307,-0.003244183835924146,-0.020482758103309462
2022-08-16,204263100.14097506,0.0017393865005955631,-0.01877899903565372
2022-08-17,203673364.79838246,-0.0028871359642812767,-0.021611917476445974
2022-08-18,202104052.46898222,-0.007705044451706847,-0.029150441143310113
2022-08-19,204942088.69106823,0.014042450843589977,-0.015517333936544087
2022-08-22,205928536.2189315,0.004813298889279132,-0.010778724613466295
2022-08-23,208801629.88478106,0.0139518967045687,0.0
2022-08-24,210839131.22622442,0.009758072015853873,0.0
2022-08-25,211955736.9989146,0.005296008222933202,0.0
2022-08-26,214735501.0153774,0.013114832633556117,0.0
2022-08-29,212448369.64385003,-0.010650923395119423,-0.010650923395119416
2022-08-30,211580491.6764429,-0.0040851241591641965,-0.01469253720980479
2022-08-31,212962622.6823525,0.006532412298309762,-0.008256102622257733
2022-09-05,215107312.8039877,0.010070734923443079,0.0
2022-09-06,214570920.06336868,-0.0024936053248352874,-0.002493605324835335
2022-09-07,211381068.4986122,-0.014866187663334958,-0.01732272258345291
2022-09-08,208855283.1225097,-0.011948966830580146,-0.029064700776468055
2022-09-09,212691324.1685558,0.018366981139739592,-0.01123155044772206
2022-09-12,213408236.50057167,0.0033706703120985134,-0.007898737989276539
2022-09-13,214250775.90249622,0.003948017263721185,-0.003981905079498582
2022-09-14,214717097.25761423,0.002176521196498376,-0.0018140505838082355
2022-09-15,213600342.90226424,-0.005201049984436606,-0.007005665600484101
2022-09-16,208712317.4899104,-0.022883977366040215,-0.029729325473488832
2022-09-19,202789186.0829808,-0.02837940509771743,-0.057265030000312245
2022-09-20,207085419.3564614,0.02118571190340784,-0.037292518524631
2022-09-21,204318728.18440804,-0.013360144720237357,-0.05015442980039719
2022-09-22,206628474.31121778,0.011304622671324984,-0.0394167840332611
2022-09-23,204491450.80270398,-0.010342347615145653,-0.04935146956606362
2022-09-26,198522466.04214165,-0.02918940981215535,-0.07710033910822311
2022-09-27,196159802.61006266,-0.011901239588558453,-0.08808398908869541
2022-09-28,196159802.61006266,0.0,-0.08808398908869541
2022-09-29,196159802.61006266,0.0,-0.08808398908869541
2022-09-30,196081338.6890186,-0.00040000000000013554,-0.08844875549306008
2022-10-03,192669282.0951874,-0.01740123061502895,-0.10431086891614205
2022-10-04,191794725.1580391,-0.004539161238563353,-0.1083765463017603
2022-10-05,191794725.1580391,0.0,-0.1083765463017603
2022-10-06,191794725.1580391,0.0,-0.1083765463017603
2022-10-07,191794725.1580391,0.0,-0.1083765463017603
2022-10-10,191794725.1580391,0.0,-0.1083765463017603
2022-10-11,191794725.1580391,0.0,-0.1083765463017603
2022-10-12,191564571.48784944,-0.00120000000000001,-0.10944649444619825
2022-10-13,193643520.70067278,0.010852472337011414,-0.09978178716254704
2022-10-14,195915013.21186584,0.01173027893199824,-0.08922197642629881
2022-10-17,193474475.7007641,-0.01245712347967184,-0.1005676507285278
2022-10-18,195523692.29098818,0.010591663746868055,-0.09104116572198884
2022-10-19,194500582.66035247,-0.00523266320642649,-0.09579744117027167
2022-10-20,192887337.33556333,-0.00829429558885319,-0.10329716446540282
2022-10-21,186005407.14170063,-0.035678496519915726,-0.13529017346242256
2022-10-24,178850670.1135528,-0.03846520989950186,-0.16855141844235233
2022-10-25,179799685.6568783,0.005306189474844858,-0.1641395947300165
2022-10-26,179322817.15003315,-0.00265222102643261,-0.16635648127203595
2022-10-27,181343606.46616903,0.01126900273067403,-0.1569621501830818
2022-10-28,180866737.95932388,-0.0026296405819750237,-0.15917903672510136
2022-10-31,180630664.4410837,-0.001305234566088517,-0.1602765053102596
2022-11-01,181938511.73213425,0.007240449981720207,-0.15419652934848327
2022-11-02,183241637.55282003,0.007162451799124034,-0.1481385027584099
2022-11-03,182069627.75459716,-0.006395979723140347,-0.1535869916216911
2022-11-04,177527650.0311938,-0.024946377819398173,-0.17470193031994985
2022-11-07,173099623.6535671,-0.02494274202834673,-0.19528712716847185
2022-11-08,171390771.50300723,-0.00987207317088039,-0.20323131153061413
2022-11-09,171390771.50300723,0.0,-0.20323131153061413
2022-11-10,171390771.50300723,0.0,-0.20323131153061413
2022-11-11,171390771.50300723,0.0,-0.20323131153061413
2022-11-14,171390771.50300723,0.0,-0.20323131153061413
2022-11-15,171185102.57720363,-0.0011999999999999596,-0.2041874339567773
2022-11-16,174035244.4689619,0.016649473866879646,-0.1909375734355062
2022-11-17,174813934.59842724,0.004474324334943639,-0.18731756573184022
2022-11-18,174299422.25837177,-0.0029431998154916803,-0.18970945252243154
2022-11-21,173364352.00557524,-0.0053647352393999025,-0.19405644677663714
2022-11-22,172839468.7914968,-0.0030276305826791115,-0.1964965461262892
2022-11-23,172849839.66551977,6.0002926967285834e-05,-0.19644833356722846
2022-11-24,173158547.06955305,0.0017859860595222448,-0.1950132014928737
2022-11-25,176360317.46230438,0.01849039765542311,-0.180128675481111
2022-11-28,184421140.88292632,0.045706559937129104,-0.1426551776462549
2022-11-29,186050778.3464393,0.008836500282511041,-0.1350792498813167
2022-11-30,187949848.50919607,0.010207268035291806,-0.12625077195556966
2022-12-01,194608063.79454583,0.03542548897039404,-0.09529777831459141
2022-12-02,201237935.3724932,0.03406781532417255,-0.06447655010284425
2022-12-05,203191967.53013054,0.009710058662748636,-0.05539256252396585
2022-12-06,192331393.70126042,-0.053449818715199195,-0.10588165881408873
2022-12-07,187760517.9032002,-0.02376562510205662,-0.12713094010758585
2022-12-08,191456556.36783373,0.019684854440692446,-0.10994863971781965
2022-12-09,196431871.03062987,0.02598665074304049,-0.08681918587479853
2022-12-12,193742829.26761237,-0.013689437202368244,-0.099320117284173
2022-12-13,199799102.39924565,0.03125934082064991,-0.0711654578600559
2022-12-14,201171124.37165707,0.00686700768890243,-0.06478714391746276
2022-12-15,199927870.5629103,-0.006180080827355293,-0.07056683495883465
2022-12-16,201020163.0219176,0.005463432666650729,-0.06548893944348022
2022-12-19,197035919.7951943,-0.019820117379413842,-0.08401105835607092
2022-12-20,189059477.0261503,-0.04048217592678022,-0.12109228383868564
2022-12-21,190109577.60566458,0.005554339808995914,-0.11621053172237716
2022-12-22,191354875.4966972,0.00655042163954343,-0.11042133806457088
2022-12-23,193909096.68459395,0.013348085233087488,-0.09854716626352089
2022-12-26,189288201.75843155,-0.023830212224022606,-0.12002897860140771
2022-12-27,190454721.48378408,0.006162664733015062,-0.11460601222175937
2022-12-28,191503073.96061647,0.005504470924453558,-0.10973238675934804
2022-12-29,189934259.79052395,-0.00819210959723371,-0.11702555661788316
2022-12-30,188332417.38934976,-0.008433667538130504,-0.1244722695180338
2023-01-03,196802092.425741,0.04497194457437146,-0.08509808494947357
2023-01-04,194023006.05598974,-0.014121223689732227,-0.09801761954606647
2023-01-05,196289430.87810898,0.011681216924683702,-0.0874813676977414
2023-01-06,197019498.73351464,0.0037193436862069922,-0.08408739728414183
2023-01-09,197188728.4108587,0.0008589488778110804,-0.08330067518186601
2023-01-10,196548533.4883332,-0.0032466101266782213,-0.0862768404929396
2023-01-11,195197962.67553037,-0.00687143673286674,-0.09255543137484745
2023-01-12,197682680.62483695,0.012729220711369938,-0.08100436917748399
2023-01-13,200135868.17539078,0.01240972422470079,-0.06959988683527163
2023-01-16,198783931.34053263,-0.006755095162019473,-0.0758848281384531
2023-01-17,203268293.5118303,0.02255897718219287,-0.05503773506271026
2023-01-18,207697208.40633222,0.02178851811064257,-0.03444840763925028
2023-01-19,209608532.02376565,0.00920245212778294,-0.025562965333645882
2023-01-27,209335036.71574873,-0.0013047909136919905,-0.026834401922443463
2023-01-30,207713598.7082397,-0.007745659938000425,-0.03437221170851301
2023-01-31,209814514.3372879,0.010114482836529172,-0.024605386017363173
2023-02-01,205730144.07570565,-0.019466576344744267,-0.043592979736708504
2023-02-02,202216861.43677017,-0.017077140808508064,-0.05992567709199037
2023-02-03,202103311.8640567,-0.0005615237617015906,-0.06045355116206874
2023-02-06,203293253.84505418,0.005887790605815894,-0.05492169840687311
2023-02-07,198083757.08464724,-0.025625526975811552,-0.07913982791860197
2023-02-08,195198928.56223416,-0.014563680358608604,-0.0925509411197688
2023-02-09,195441797.93942872,0.0012442147043707822,-0.09142187965724258
2023-02-10,194065321.82131213,-0.007042895289692252,-0.09782090022132195
2023-02-13,193227827.31571108,-0.004315528904088187,-0.10171428020308115
2023-02-14,193466637.6301795,0.0012359002209253547,-0.10060408868352999
2023-02-15,194125024.39992923,0.003403102353017929,-0.0975433523414343
2023-02-16,195201329.21999872,0.00554438987655774,-0.09253978084012382
2023-02-17,194304132.13578054,-0.004596265239602963,-0.0967107087017709
2023-02-20,195382095.3608116,0.005547814208489209,-0.09169942753713045
2023-02-21,196342140.34088084,0.004913679415180482,-0.08723632971142303
2023-02-22,192065208.76484904,-0.021783054664711192,-0.10711911063728152
2023-02-23,195683248.4820819,0.0188375590795443,-0.0902994141329152
2023-02-24,194673786.3709688,-0.005158653686217472,-0.0949922444135527
2023-02-27,194301879.2774008,-0.0019104117739781054,-0.09672118188536649
2023-02-28,194142490.52301452,-0.0008203150426492786,-0.09746215508757239
2023-03-01,195789507.65167272,0.008483547956046028,-0.08980543199811142
2023-03-02,196586451.42360413,0.004070411032184856,-0.08610056598708171
2023-03-03,195976733.51341963,-0.003101525592273313,-0.08893504847043687
2023-03-06,194970388.07031786,-0.0051350250872145165,-0.09361338985262313
2023-03-07,196630195.085005,0.00851312361387154,-0.08589720859848049
2023-03-08,197962698.00023362,0.006776695281477914,-0.07970261252520405
2023-03-09,198245399.10558265,0.0014280523967636592,-0.07838837963528533
2023-03-10,196732190.95925286,-0.007633005119699537,-0.08542304585190374
2023-03-13,195284902.28374743,-0.007356643915002155,-0.0921512628364386
2023-03-14,193518836.09946942,-0.009043536718019968,-0.10036142622538524
2023-03-15,195882863.876841,0.012216008658487725,-0.08937143361864508
2023-03-16,196290640.56432295,0.00208173741904409,-0.08747574405715852
2023-03-17,198078287.1800613,0.009107141382793359,-0.07916525664305873
2023-03-20,194584162.7678938,-0.017640118267941284,-0.09540889042110456
2023-03-21,196045201.51545942,0.007508518302737725,-0.08861675151833759
2023-03-22,196880080.79978263,0.004258606065690314,-0.08473552928818506
2023-03-23,197923679.90518665,0.0053006840568361425,-0.07988400150049435
2023-03-24,199421437.880535,0.0075673510924303715,-0.07292116069408638
2023-03-27,201274969.40629226,0.009294544987022037,-0.06430438471564148
2023-03-28,199768121.58979726,-0.007486513702820587,-0.07130948276113691
2023-03-29,198234907.9522341,-0.007674966482947972,-0.07843715135397678
2023-03-30,193801954.5898177,-0.02236212283804492,-0.09904525297837785
2023-03-31,195388509.43239996,0.008186474929730212,-0.09166960952906389
2023-04-03,200540335.1003514,0.02636708618596556,-0.067719583838185
2023-04-04,203673684.97753215,0.015624536957180265,-0.05315313402140931
2023-04-05,205742426.3028465,0.010157136036216716,-0.04353588159819921
2023-04-06,206370852.9832629,0.003054434088822208,-0.0406144249902175
2023-04-07,209376491.19929433,0.014564257367658385,-0.026641686560956113
2023-04-10,209241544.17735007,-0.0006445184995282291,-0.027269034000637182
2023-04-11,213245878.7537735,0.019137378249461882,-0.008653513569342963
2023-04-12,210383896.30325723,-0.013421044604669244,-0.02195841898241091
2023-04-13,208898181.37606582,-0.007061923242688819,-0.02886527355571511
2023-04-14,207194308.77549782,-0.008156474074327269,-0.036786308774636844
2023-04-17,208431422.47726014,0.005970789975234184,-0.031035162123060123
2023-04-18,212129244.5694805,0.01774119299417917,-0.013844569929711836
2023-04-19,216781107.47381198,0.021929380429240208,0.0
2023-04-20,214750124.90420467,-0.009368817205865913,-0.00936881720586591
2023-04-21,214486865.74209622,-0.0012258859557166045,-0.01058321806014817
2023-04-24,212626041.87938654,-0.008675700753383973,-0.019167101980634538
2023-04-25,208227137.62750793,-0.020688454777208924,-0.03945901903530691
2023-04-26,211348980.58304012,0.014992488448440262,-0.02505811947394032
2023-04-27,210765218.0166769,-0.0027620789310306235,-0.027750985901120684
2023-04-28,213060138.31915355,0.010888515306615049,-0.01716463762926368
2023-05-04,212843219.81548187,-0.0010181092783613176,-0.018165271430794938
2023-05-05,214532454.12106845,0.007936519223168152,-0.010372921233531285
2023-05-08,213990747.00295103,-0.0025250590654769508,-0.012871788060212053
2023-05-09,212687186.97487706,-0.0060916653936255935,-0.01888504282795722
2023-05-10,212363640.2181716,-0.0015212329492311203,-0.020377547227790727
2023-05-11,215770038.41129768,0.01604040215936458,-0.004664009120981416
2023-05-12,219153719.7410654,0.015681886858256985,0.0
2023-05-15,216354636.80430815,-0.01277223557995931,-0.012772235579959323
2023-05-16,218318339.23329386,0.009076313121783822,-0.003811847267564339
2023-05-17,215553121.89970806,-0.012665987398479161,-0.01642955385658762
2023-05-18,217414339.26730302,0.008634611047113199,-0.007936805616703735
2023-05-19,213340038.75396216,-0.018739796680713208,-0.026527868173865543
2023-05-22,215607852.37807357,0.010630042243157209,-0.016179818290017356
2023-05-23,216782021.436868,0.0054458548046548184,-0.010822076426535765
2023-05-24,218719492.71382275,0.008937416784440204,-0.0019813810495925566
2023-05-25,220676328.77745432,0.008946784026204425,0.0
2023-05-26,218426839.14213663,-0.010193615453818014,-0.010193615453818028
2023-05-29,222390005.69554585,0.018144137272573323,0.0
2023-05-30,228744198.44648093,0.028572294564504986,0.0
2023-05-31,226383976.240573,-0.010318172971981013,-0.01031817297198101
2023-06-01,229271060.16347116,0.012753040081909934,0.0
2023-06-02,228930168.89322364,-0.0014868482311045372,-0.001486848231104565
2023-06-05,225919055.06638485,-0.013152979536931276,-0.0146202712836776
2023-06-06,230964725.81084254,0.02233397595866827,0.0
2023-06-07,230946064.5281434,-8.079711147935768e-05,-8.07971114793471e-05
2023-06-08,228235990.3398311,-0.011734662783058764,-0.011814511767681113
2023-06-09,233045314.89063963,0.02107171854731453,0.0
2023-06-12,234819354.25130558,0.007612422337254214,0.0
2023-06-13,233149250.46606272,-0.0071122918746105435,-0.007112291874610599
2023-06-14,228679335.1155085,-0.01917190529936904,-0.026147840987698068
2023-06-15,229315562.42066106,0.002782181017061291,-0.02343840799746988
2023-06-16,229726902.05153304,0.0017937711096877574,-0.021686680026905103
2023-06-19,229716164.548724,-4.674029342300986e-05,-0.02173240667854026
2023-06-20,233137189.38929132,0.014892399267103833,-0.0071636550887282935
2023-06-21,240887727.23545057,0.033244536688728114,0.0
2023-06-22,241371317.02270126,0.0020075318605917315,0.0
2023-06-23,245872870.94203973,0.018649912404111745,0.0
2023-06-26,240295076.932037,-0.02268568300614833,-0.02268568300614837
2023-06-27,237466679.9899406,-0.011770515560318126,-0.03418917638164609
2023-06-28,237345131.93403408,-0.0005118530983449262,-0.03468352964413024
2023-06-29,229801645.4836957,-0.03178277299757289,-0.06536396389226917
2023-06-30,232497040.1409758,0.011729222615472325,-0.05440140976031893
2023-07-03,233791298.82816753,0.005566774899185573,-0.049137475263467456
2023-07-04,241203709.16373786,0.03170524468927446,-0.018990146250834394
2023-07-05,239305919.14973795,-0.007867996808919801,-0.02670872864965168
2023-07-06,237059501.56948707,-0.009387221127803637,-0.03584522903557852
2023-07-07,239310818.63358647,0.00949684382694736,-0.0266888017507233
2023-07-10,243092900.297808,0.015804056355731854,-0.01130653672192683
2023-07-11,245991612.7194829,0.011924298974275908,0.0
2023-07-12,244456751.98837262,-0.00623948399761319,-0.006239483997613204
2023-07-13,246864068.38977277,0.009847616733100712,0.0
2023-07-14,247623715.91010416,0.0030771895046790613,0.0
2023-07-17,245255993.53414735,-0.009561775483638924,-0.009561775483638901
2023-07-18,243607434.5131644,-0.006721788924409791,-0.016219292171505084
2023-07-19,244770224.0376097,0.004773210336413025,-0.011523499928134395
2023-07-20,244718965.36210734,-0.0002094154863153772,-0.011730502215108296
2023-07-21,248555424.74073762,0.015677000648288635,0.0
2023-07-24,245310478.3727727,-0.013055222477439997,-0.013055222477439954
2023-07-25,244539085.07734448,-0.003144559093215785,-0.01615872865210044
2023-07-26,246783774.21539712,0.009179265299625525,-0.00712778860967711
2023-07-27,248000188.66652262,0.004929069810172346,-0.0022338521671541045
2023-07-28,252046238.8882605,0.016314706224592745,0.0
2023-07-31,254090762.96482575,0.008111702382798234,0.0
2023-08-01,250127675.70553765,-0.015597132351626335,-0.015597132351626297
2023-08-02,254824554.58225873,0.01877792556730298,0.0
2023-08-03,255658719.9919952,0.003273489130998094,0.0
2023-08-04,257996496.64249605,0.009144130310024477,0.0
2023-08-07,259344770.1667342,0.005225937335522942,0.0
2023-08-08,253416397.51510537,-0.022859040680933872,-0.022859040680933917
2023-08-09,253432667.09587827,6.420097883341097e-05,-0.02279630727488735
2023-08-10,250252210.10825133,-0.012549514725438747,-0.03505973940649432
2023-08-11,253511131.50074726,0.013022547897124353,-0.022493758645051654
2023-08-14,262225477.91717887,0.034374610553958726,0.0
2023-08-15,260836104.9574381,-0.005298390418720399,-0.005298390418720378
2023-08-16,266230385.4756027,0.020680727919337647,0.0
2023-08-17,265343804.15424258,-0.0033301282262589724,-0.0033301282262589993
2023-08-18,252457769.6237316,-0.04856354031549347,-0.05173194572538076
2023-08-21,253054912.11454627,0.002365316352531553,-0.04948899179002175
2023-08-22,257085013.12005892,0.0159257963887633,-0.03435134700799147
2023-08-23,255627840.4234572,-0.0056680577327983634,-0.039824699322749124
2023-08-24,265507336.40132242,0.03864796557956856,-0.002715877351822882
2023-08-25,267737998.77636707,0.008401509371752085,0.0
2023-08-28,271187003.9834855,0.012882016086178692,0.0
2023-08-29,271200068.26432884,4.8174435542320766e-05,0.0
2023-08-30,277006950.6708936,0.021411802894182957,0.0
2023-08-31,279045931.5416846,0.007360757070725962,0.0
2023-09-05,278471612.434748,-0.002058152590735193,-0.0020581525907351628
2023-09-06,281878547.08754647,0.012234405593485022,0.0
2023-09-07,281900970.4056497,7.954957315815013e-05,0.0
2023-09-08,281319972.21375567,-0.0020610010354274763,-0.002061001035427501
2023-09-11,281490849.63505983,0.0006074130462885456,-0.001454839868056279
2023-09-12,290193710.92415226,0.03091703087462803,0.0
2023-09-13,292985080.815656,0.009618988235873002,0.0
2023-09-14,290648946.8422936,-0.007973559496131013,-0.007973559496130989
2023-09-15,288918486.3534134,-0.005953782071741572,-0.013879868732296519
2023-09-18,287700367.03776705,-0.0042161349071873225,-0.018037484240414514
2023-09-19,291170360.33638406,0.012061136154760246,-0.006193900638967187
2023-09-20,294802838.42930484,0.01247543908220686,0.0
2023-09-21,283357509.10779285,-0.03882367409517541,-0.0388236740951754
2023-09-22,270259564.26114905,-0.04622409650580736,-0.08325318134289739
2023-09-25,257449900.29985577,-0.04739763418294952,-0.12670481169198944
2023-09-26,258723064.665173,0.004945289797488178,-0.12238611390705434
2023-09-27,263138052.26938203,0.017064530407919762,-0.10741004506140861
2023-09-28,261243702.64098305,-0.00719907140780872,-0.1138358638849043
2023-09-29,260772382.37138763,-0.0018041402140251063,-0.11543462823909645
2023-10-02,261774479.70828277,0.003842804701105073,-0.11203541627005886
2023-10-03,253255950.52006277,-0.03254148073453495,-0.14093109866445608
2023-10-04,258988747.65509963,0.022636376848261686,-0.12148489127520257
2023-10-05,258084206.6447555,-0.003492588070075974,-0.12455318266331628
2023-10-06,260182270.11724746,0.00812937567845779,-0.11743634659867619
2023-10-09,262703861.52219275,0.009691634267811425,-0.10888286245184708
2023-10-10,263141086.0572089,0.0016643247361600483,-0.10739975415700953
2023-10-11,268417312.7308064,0.020050942073144833,-0.08950227833313684
2023-10-12,268005582.75842115,-0.0015339173475675848,-0.09089890658332245
2023-10-13,272349170.92457455,0.016207080917671365,-0.0761650315999749
2023-10-16,269865054.2027557,-0.009121073192129618,-0.08459139796420023
2023-10-17,262246497.351792,-0.028230987051919988,-0.11043428635548913
2023-10-18,260406838.95540932,-0.007014997016013028,-0.11667458718225288
2023-10-19,253875345.22226784,-0.025081882485658912,-0.13883005138314375
2023-10-20,257476384.3940391,0.01418428074856402,-0.12661497505973573
2023-10-23,256705570.0203209,-0.0029937284366187,-0.1292296526450164
2023-10-24,259225417.92835099,0.0098161014107743,-0.12068208260988467
2023-10-25,258427711.07423377,-0.0030772709732411275,-0.12338798211332014
2023-10-26,247285732.4240377,-0.04311448878249564,-0.16118266112509627
2023-10-27,247327710.2834097,0.00016975447374390962,-0.16104026812916827
2023-10-30,245739106.6987939,-0.006423071570894607,-0.16642896653207317
2023-10-31,243515061.6803317,-0.009050431770260426,-0.17397314429614008
2023-11-01,244910039.37294644,0.00572850682413212,-0.1692412438163241
2023-11-02,249800230.0618111,0.019967293710724195,-0.1526532397288488
2023-11-03,251264188.74082482,0.0058605177371193135,-0.14768734901078917
2023-11-06,252125910.95603034,0.0034295464846141434,-0.14476430315479694
2023-11-07,249989457.01762125,-0.008473757934311156,-0.15201136342664512
2023-11-08,253285499.8617834,0.013184727402043218,-0.1408308644133951
2023-11-09,255896933.86110404,0.01031023884409373,-0.13197262541802368
2023-11-10,254080788.62417418,-0.007097174669219102,-0.13813316731309566
2023-11-13,254162268.42522717,0.0003206846196211597,-0.13785677987569134
2023-11-14,255008051.7122142,0.003327729533685132,-0.13498780041981728
2023-11-15,258987810.8212375,0.015606405689160767,-0.12148806910709564
2023-11-16,258738653.49532577,-0.0009620426734434528,-0.12233323507374383
2023-11-17,252380678.784675,-0.024572960494152186,-0.1439001058153071
2023-11-20,252624225.60785383,0.0009649978926739314,-0.14307397122150045
2023-11-21,253502779.3312581,0.0034777097140637216,-0.14009383124698338
2023-11-22,252901435.44743016,-0.002372139214466499,-0.14213364839064413
2023-11-23,249986373.23367977,-0.011526475555953644,-0.15202182392274444
2023-11-24,249671319.41081417,-0.0012602839858439103,-0.15309051723839973
2023-11-27,250625473.95460814,0.0038216425741075667,-0.1498539319026626
2023-11-28,253219190.28146517,0.010348973254517573,-0.14105579298148996
2023-11-29,253837721.29761124,0.0024426703815715435,-0.13895767540758341
2023-11-30,254578428.13041824,0.002918032942545072,-0.13644512553949717
2023-12-01,255891359.46103048,0.005157276444254104,-0.13199153432712118
2023-12-04,259526676.2595868,0.014206485151406403,-0.11966018494824437
2023-12-05,255672997.13265538,-0.014848874814999198,-0.1327322406566075
2023-12-06,261853371.15579152,0.024172963482449676,-0.11176780878049364
2023-12-07,260626397.65229386,-0.004685727352227455,-0.11592982265401985
2023-12-08,260368547.53171015,-0.0009893476750874458,-0.11680447542859129
2023-12-11,263224415.84864336,0.010968561080079766,-0.10711709137167669
2023-12-12,263762181.0205647,0.002042991225519759,-0.10529293942393247
2023-12-13,264188732.7745991,0.0016171831472728954,-0.10384603424382277
2023-12-14,261935831.9582798,-0.008527618845280013,-0.11148809369047752
2023-12-15,259077031.10754296,-0.010914126675086462,-0.12118542518826225
2023-12-18,258284481.38759705,-0.003059127690933435,-0.12387383118926465
2023-12-19,254806268.5060691,-0.013466596455357097,-0.13567226874861693
2023-12-20,256120961.9765723,0.005159580563740712,-0.13121270018575015
2023-12-21,261081249.74449268,0.019366973049141124,-0.11438691996481154
2023-12-22,260915507.64319995,-0.000634829584487331,-0.11494913334842682
2023-12-25,263424493.36357772,0.009616085080725797,-0.10643840891393519
2023-12-26,263468194.9296454,0.000165897884094434,-0.10629016893666599
2023-12-27,263361708.04069993,-0.00040417360043741064,-0.10665138285683318
2023-12-28,261319850.58013225,-0.007753053683309702,-0.11357756264345464
2023-12-29,259210408.88497433,-0.008072259686644307,-0.12073299474986476
2024-01-02,260712644.55175257,0.005795429563343113,-0.11563726475356606
2024-01-03,266520802.11785617,0.02227800487425405,-0.09593542742713734
2024-01-04,265183377.85504538,-0.005018085838640783,-0.10047210105598203
2024-01-05,264107847.51120272,-0.004055798491376644,-0.10412040495147035
2024-01-08,266187512.15043968,0.007874300816255538,-0.09706597952491303
2024-01-09,268781036.68703264,0.00974322392376992,-0.08826849117503444
2024-01-10,263326082.34366402,-0.020295160739782183,-0.10677222869816128
2024-01-11,268539981.6099546,0.019800162672400874,-0.08908617352287873
2024-01-12,264821329.34344968,-0.01384766709303694,-0.1017002049423783
2024-01-15,259837614.888457,-0.018819158061582148,-0.1186054507722546
2024-01-16,264460477.62099192,0.017791353012993966,-0.10292424920321508
2024-01-17,263874092.9392133,-0.0022172866322164755,-0.1049133232735423
2024-01-18,263531789.32788485,-0.00129722326097131,-0.10607445053117737
2024-01-19,264843643.4337427,0.0049779729011199,-0.10162451337030287
2024-01-22,267098161.97281563,0.008512639796986313,-0.09397696645018205
2024-01-23,270398174.02971137,0.012355053410032815,-0.08278300347995404
2024-01-24,265195962.71936262,-0.019239077072233223,-0.10042941196796551
2024-01-25,267489349.38121957,0.008647894328179768,-0.09265002058192595
2024-01-26,269042899.14648926,0.005807893917509269,-0.08738022815541147
2024-01-29,269885210.3733005,0.0031307692174124472,-0.08452302626651853
2024-01-30,270444963.7392776,0.0020740423871425462,-0.08262428821854229
2024-01-31,265618308.33596444,-0.017847089243511652,-0.09899677441653598
2024-02-01,267183626.885611,0.005893112411764479,-0.09368706112481029
2024-02-02,265553138.1462673,-0.006102502456266761,-0.09921783806044249
2024-02-05,262692214.5390952,-0.010773450568662827,-0.10892237015523154
2024-02-06,263173150.8884818,0.001830797879679937,-0.1072909871198815
2024-02-07,261719653.46438143,-0.005522970026362153,-0.11222139224028171
2024-02-15,262448510.95975888,0.0027848787270255367,-0.10974903648122336
2024-02-16,259077513.70783624,-0.012844413708407403,-0.12118378816096675
2024-02-19,261294912.50739533,0.008558823835478306,-0.11366215502007415
2024-02-20,264164469.50767833,0.010982062271119752,-0.10392833761325448
2024-02-21,265106855.54949862,0.00356742162780864,-0.10073167218478962
2024-02-22,264572191.78254664,-0.0020167858950450646,-0.10254530386418803
2024-02-23,261384864.32327944,-0.012047099272953377,-0.1133570296815144
2024-02-26,270096168.7409806,0.03332750134654732,-0.0838074348943183
2024-02-27,273553145.7548737,0.012799059794173801,-0.07208103147055323
2024-02-28,272877651.86446536,-0.002469333293698021,-0.07437237267339691
2024-02-29,270552944.8137555,-0.008519228433790885,-0.08225800587522014
2024-03-01,273630439.0973625,0.01137483196024906,-0.07181884490918689
2024-03-04,275452493.75879145,0.006658815691117644,-0.06563825766946851
2024-03-05,279526148.7746936,0.014788956746455832,-0.0518200222765991
2024-03-06,275877619.6219995,-0.013052550427527012,-0.0641961892502052
2024-03-07,275798694.24293256,-0.00028608837199293536,-0.06446391183892741
2024-03-08,273998879.7506928,-0.006525826734532824,-0.07056905825416926
2024-03-11,277268527.9197389,0.011933071303142206,-0.05947809255496961
2024-03-12,285379737.53366476,0.029253985927583645,-0.031964077909988564
2024-03-13,292413479.7944095,0.024646957494363162,-0.008104937685219471
2024-03-14,291248276.6401751,-0.003984779207352691,-0.012057420505407146
2024-03-15,297653049.60490525,0.0219907669106759,0.0
2024-03-18,284979802.27609676,-0.04257724671603578,-0.0425772467160358
2024-03-19,285183321.9414276,0.0007141547004571624,-0.04189349875645343
2024-03-20,288259141.1487179,0.010785410543474977,-0.03155992679616937
2024-03-21,289469176.6590351,0.004197735084810123,-0.027494671923345537
2024-03-22,291566908.1128177,0.0072468215027036535,-0.020447099400345725
2024-03-25,285869748.48372984,-0.0195398019136089,-0.03958736904196403
2024-03-26,294843416.92193884,0.031390759203468954,-0.009439287407590258
2024-03-27,293677866.8895448,-0.003953115333426746,-0.013355088149229366
2024-03-28,294348533.97460514,0.0022836827717514128,-0.011101904162199583
2024-03-29,296092625.5669303,0.0059252599928886415,-0.005242425837888143
2024-04-01,296828290.1593532,0.002484575868832671,-0.00277087517378638
2024-04-02,305074066.2047069,0.027779616427150322,0.0
2024-04-03,300200241.86623424,-0.015975872348330956,-0.015975872348330977
2024-04-04,299263246.4524248,-0.003121234706489454,-0.019047242607580395
2024-04-05,291240927.92930436,-0.026806895327842424,-0.04534354049655731
2024-04-08,291208454.25893945,-0.00011150105376947214,-0.045449985697779804
2024-04-09,295272507.3156802,0.013955820984259779,-0.032128456577655395
2024-04-10,292058372.21579677,-0.010885317868240126,-0.042664045983431764
2024-04-11,298836578.0518188,0.02320839421447478,-0.020445815766925057
2024-04-12,303686243.99410164,0.016228488406268376,-0.004549132044786908
2024-04-15,287155305.0945736,-0.0544342696663241,-0.05873577303063737
2024-04-16,288880830.33961165,0.006009031400167713,-0.0530796867349238
2024-04-17,279640484.5204996,-0.03198670471920551,-0.08336854718795139
2024-04-19,266826950.58826393,-0.04582145519525567,-0.12536993423354081
2024-04-22,270990239.81211436,0.015602956203156288,-0.11172311962342307
2024-04-23,267807936.11318135,-0.011743241015393735,-0.1221543691180873
2024-04-24,272703787.9576937,0.018281205238231818,-0.10610629297244989
2024-04-25,273927750.9188218,0.004488250677757351,-0.10209427393604042
2024-04-26,274686995.75069404,0.0027716973885469026,-0.09960555097994772
2024-05-02,278220328.7069124,0.012863124250065392,-0.08802366530813355
2024-05-03,277975536.11468685,-0.000879851567149233,-0.08882606911541524
2024-05-06,287296330.3535447,0.033530987543494845,-0.05827350738896697
2024-05-07,292014436.75967073,0.016422438811940117,-0.042808061686479326
2024-05-08,292842881.16095674,0.0028369980966654043,-0.04009250997934044
2024-05-09,292157520.86664355,-0.002340368635891457,-0.042339047362342064
2024-05-10,292830045.3948971,0.00230192440796529,-0.0401345842409101
2024-05-13,287270628.8745141,-0.01898513013883472,-0.0583577540748631
2024-05-14,287883295.8388878,0.0021327170368027207,-0.05634949761440544
2024-05-15,291932178.6957959,0.014064320213889786,-0.04307769477885648
2024-05-16,291567190.76671433,-0.0012502490500092833,-0.044274085981891864
2024-05-17,296802056.21246886,0.017954233574733698,-0.027114759688184886
2024-05-20,294492821.35606396,-0.007780386988801084,-0.03468418335350354
2024-05-21,299234994.5285845,0.01610284811250755,-0.01913984937744384
2024-05-22,293137883.4734293,-0.02037566182645369,-0.03912552410557346
2024-05-23,294711911.8420535,0.005369583589719901,-0.03396602828803008
2024-05-24,292483807.82920873,-0.007560278099783293,-0.0412695137680108
2024-05-27,292855158.4980162,0.0012696452209220801,-0.04005226618801405
2024-05-28,294773803.62018806,0.006551515541034514,-0.033763153691363956
2024-05-29,293535968.05749655,-0.004199272620189967,-0.037820645624686455
2024-05-30,294340561.173246,0.002741037567130029,-0.03518327586802683
2024-05-31,293102725.6105545,-0.004205453566295716,-0.03924076780134933
2024-06-03,293783535.1700348,0.0023227677533947636,-0.037009147238022067
2024-06-04,294512881.27208054,0.0024825969284615864,-0.034618429104818604
2024-06-05,293327973.571735,-0.004023279712682109,-0.03850242919399827
2024-06-06,291671622.7544599,-0.005646753690438723,-0.04393176915029495
2024-06-07,294302884.3380361,0.009021314993647143,-0.03530677648438085
2024-06-10,296085758.308073,0.006057956156450904,-0.029462707231897922
2024-06-11,293351598.22681504,-0.009234351888053613,-0.03842499011379752
2024-06-12,294587955.17600137,0.004214590807275549,-0.03437234491662522
2024-06-13,293747967.4398238,-0.002851398780631454,-0.03712573443487399
2024-06-14,286192054.083708,-0.02572243621622232,-0.06189320631511486
2024-06-17,284808851.73460925,-0.004833126319762081,-0.06642719495042082
2024-06-18,285310751.5584375,0.0017622339360995724,-0.06478202127154276
2024-06-19,285478051.4997136,0.0005863779768629118,-0.06423363004525018
2024-06-20,284725201.7639712,-0.0026371545265473605,-0.06670139056356716
2024-06-21,284808851.73460925,0.0002937919443723148,-0.06642719495042082
2024-06-24,279873503.46696454,-0.017328633704978953,-0.08260473612605468
2024-06-25,280017649.096368,0.000515038499957487,-0.08213224224548099
2024-06-26,279793634.97709095,-0.0007999999999998772,-0.08286653645168451
2024-06-27,279436634.9403629,-0.0012759405222256563,-0.08403674420211493
2024-06-28,272764380.442948,-0.02387752235435727,-0.10590767731819883
2024-07-01,273223554.72134066,0.0016834099732780706,-0.10440255338516491
2024-07-02,273642742.8187903,0.0015342311825098248,-0.10302849985559226
2024-07-03,273642742.8187903,0.0,-0.10302849985559226
2024-07-04,275319495.20858896,0.006127523692119282,-0.09753228573730166
2024-07-05,275319495.20858896,0.0,-0.09753228573730166
2024-07-08,273942448.1387,-0.0050016329895042995,-0.1020460980289205
2024-07-09,273542401.379207,-0.0014603314024938749,-0.10335740830996076
2024-07-10,271949900.76069033,-0.00582176880252297,-0.10857745417727516
2024-07-11,273244787.9238799,0.0047614915819699484,-0.10433295322936209
2024-07-12,272530539.1609503,-0.0026139520111490384,-0.1066741839075881
2024-07-15,271659189.3963024,-0.003197255497789559,-0.10953037478440686
2024-07-16,270418969.9306653,-0.00456535068220287,-0.11359568089536587
2024-07-17,269126122.0216168,-0.004780906862340243,-0.11783349738738125
2024-07-18,271446696.3743662,0.008622627693357145,-0.11022690407180158
2024-07-19,270158125.3260409,-0.004747050030581935,-0.11445070147403857
2024-07-22,269103839.9228656,-0.0039024752703733334,-0.11790653571223253
2024-07-23,268635268.63256556,-0.0017412285548745042,-0.11944246204031861
2024-07-24,270275268.14861596,0.0061049300205385905,-0.114066719892017
2024-07-25,270040982.5034659,-0.0008668408573041875,-0.11483468305606015
2024-07-26,269103839.9228656,-0.003470371689186969,-0.11790653571223253
2024-07-29,269455268.3905907,0.0013059214161560443,-0.11675459096616791
2024-07-30,268888556.85092735,-0.0021031748350969106,-0.11861221048366277
2024-07-31,271017593.1830662,0.007917913492016622,-0.11163345821335258
2024-08-01,263143705.74030247,-0.029053049103882657,-0.13744321497412648
2024-08-02,262965250.97484142,-0.0006781646741616351,-0.13802817051518945
2024-08-05,255201572.50422645,-0.029523590823632213,-0.16347667411039668
2024-08-06,258935580.75489804,0.014631603614471285,-0.15123699639172083
2024-08-07,258935580.75489804,0.0,-0.15123699639172083
2024-08-08,258935580.75489804,0.0,-0.15123699639172083
2024-08-09,258728432.29029414,-0.0007999999999999323,-0.15191600679460737
2024-08-12,260226081.18811953,0.0057884975554021185,-0.1470068746731623
2024-08-13,260408155.3091901,0.0006996766820576333,-0.14641005527341566
2024-08-14,258156624.34797776,-0.008646161478848577,-0.1537903317722431
2024-08-15,257292069.77962643,-0.003348953646008196,-0.15662424872594194
2024-08-16,266104219.23405418,0.0342495960406998,-0.12773896993428369
2024-08-19,270753654.46949625,0.017472234182625352,-0.11249862094859753
2024-08-20,276412232.54590464,0.02089935992736857,-0.09395041019176631
2024-08-21,277045463.4676588,0.0022908932644615096,-0.09187474728920642
2024-08-22,276268642.9532796,-0.0028039459829302935,-0.09442108144354244
2024-08-23,275181814.395452,-0.003933955537659002,-0.09798358864498491
2024-08-26,275315812.41680807,0.00048694359273132555,-0.097544357532937
2024-08-27,275198998.8919339,-0.00042428919664557293,-0.09792725971248761
2024-08-28,278280594.1350332,0.01119769786775047,-0.08782612171201432
2024-08-29,277244210.08393,-0.003724241190171811,-0.0912232772421332
2024-08-30,276391037.43412584,-0.003077332614253312,-0.09401988549015028
2024-09-04,271707023.1030451,-0.016947055789379956,-0.10937358103481754
2024-09-05,271271699.21678686,-0.0016021812071200956,-0.11080052594584822
2024-09-06,272148148.7595583,0.003230891926072405,-0.10792761854445887
2024-09-09,271882278.55864084,-0.0009769318737948775,-0.10879911248763485
2024-09-10,272460614.74932563,0.0021271566273123503,-0.10690338861349624
2024-09-11,271806188.71579266,-0.002401910581223178,-0.1090485268144401
2024-09-12,269813036.1247815,-0.007332991939691472,-0.11558186678596605
2024-09-13,270293823.852666,0.0017819292010122863,-0.11400589628848723
2024-09-16,267855886.99187332,-0.009019580344246369,-0.12199719129144171
2024-09-17,269570002.8087936,0.006399395720476684,-0.11637850387482562
2024-09-18,271832455.03926,0.008392818959426973,-0.10896242862918903
2024-09-19,273492775.30111945,0.006107880906345864,-0.10352007726017654
2024-09-20,272435816.3869185,-0.003864668501890899,-0.10698467498016673
2024-09-23,270542721.4862061,-0.006948773938092493,-0.11319003659698168
2024-09-24,271702590.15125966,0.004287192272931591,-0.1093881117743215
2024-09-25,272470045.7212181,0.0028246163186416364,-0.10687247490126306
2024-09-26,272034619.7652627,-0.0015980690824300696,-0.10829975438579065
2024-09-27,269559081.1907048,-0.009100086513599004,-0.11641430376507744
2024-09-30,266839805.63208312,-0.010087864770164802,-0.12532779678154726
2024-10-01,265462773.7207235,-0.005160519091586546,-0.12984155938513608
2024-10-02,264164748.89687788,-0.004889667977368436,-0.1340963452474475
2024-10-03,263295021.6786217,-0.003292366683624738,-0.13694721759158368
2024-10-04,263833032.14531183,0.002043375006713266,-0.135183677106536
2024-10-07,265789334.13576186,0.0074149244108772105,-0.12877112944298819
2024-10-08,267553929.13685793,0.006639073786891452,-0.12298697668609004
2024-10-09,269601130.5344788,0.007651546752556498,-0.11627647053560275
2024-10-10,272823613.38967824,0.011952779459088132,-0.10571351808510787
2024-10-11,272591723.121106,-0.0008499640690595164,-0.10647362946218109
2024-10-14,271988167.5158075,-0.002214137679559602,-0.10845201986686903
2024-10-15,267847581.73620847,-0.015223404081938221,-0.12202441502687156
2024-10-16,266813596.36959696,-0.003860349829963513,-0.12541370792703466
2024-10-17,270759444.7237308,0.014788782909953191,-0.11247964111754671
2024-10-18,269622728.80763376,-0.004198250285440244,-0.11620567371755897
2024-10-21,271310240.97978425,0.00625879049445595,-0.11067419018916835
2024-10-22,269444844.706231,-0.006875509994818978,-0.11678875868317318
2024-10-23,272459618.62736374,0.011188835044959483,-0.10690665379422526
2024-10-24,272196743.1426557,-0.0009648236536203886,-0.10776833137953556
2024-10-25,274974936.6132822,0.010206563967484757,-0.0986617117799452
2024-10-28,276032051.93960994,0.0038444061096900677,-0.09519660135781438
2024-10-29,275980885.78157055,-0.0001853631043201647,-0.09536431852458616
2024-10-30,277229249.5045774,0.004523370230773452,-0.0912723164133048
2024-10-31,275134276.5882639,-0.007556824974483361,-0.09813941246763713
2024-11-01,273186679.2606006,-0.007078715715882485,-0.10452342718213747
2024-11-04,274070292.0953392,0.0032344653009074753,-0.10162703927958261
2024-11-05,277705172.9696566,0.013262586201984138,-0.08971229044649631
2024-11-06,279009489.1260553,0.004696765791039944,-0.08543688227226132
2024-11-07,283083248.4251265,0.014600791219794986,-0.07208353713299387
2024-11-08,288627282.4388459,0.019584465151373086,-0.05391078950258954
2024-11-11,287836717.8532239,-0.0027390500958254255,-0.05650217524526191
2024-11-12,294525685.48095495,0.02323875729830243,-0.03457645828431033
2024-11-13,292742354.1567513,-0.0060549263175180236,-0.04042202669459605
2024-11-14,292385609.7261325,-0.001218629370001381,-0.04159139659567246
2024-11-15,297346606.06444126,0.01696730678009614,-0.025329783801027683
2024-11-18,296318603.8806724,-0.003457252118580021,-0.02869946447089844
2024-11-19,291707792.436195,-0.0155603171184424,-0.043813208821044225
2024-11-20,288062459.7913028,-0.012496521311440648,-0.05576221743473009
2024-11-21,294863193.95901155,0.02360854021949195,-0.03347014176827401
2024-11-22,295874276.04658884,0.003428987097378563,-0.03015592335516626
2024-11-25,302468094.8166439,0.022285880537369806,-0.008542094123183852
2024-11-26,300229668.5675071,-0.007400536742540528,-0.015879414784307433
2024-11-27,301572351.83910847,0.004472187169268631,-0.01147824333009273
2024-11-28,304969731.9279654,0.01126555557277833,-0.0003419965454274365
2024-11-29,307481438.0823152,0.0082359194746024,0.0
2024-12-02,309302079.7527391,0.005921143343737273,0.0
2024-12-03,313426365.0101961,0.013334165941444804,0.0
2024-12-04,318729377.66872555,0.01691948492704801,0.0
2024-12-05,311000331.5471453,-0.02424955671834399,-0.024249556718343945
2024-12-06,313062992.8649246,0.006632344433583405,-0.017778043697278312
2024-12-09,316105815.21312827,0.00971952104705179,-0.008231316720117676
2024-12-10,313053281.2172855,-0.009656684087841417,-0.017808513582765917
2024-12-11,312246513.37996995,-0.002577094334160945,-0.020339713697472894
2024-12-12,306392712.5524292,-0.018747369711755012,-0.03870576727671016
2024-12-13,307791046.41875,0.004563861374743073,-0.03431855365822101
2024-12-16,304647455.08197033,-0.010213394357491462,-0.044181439093422425
2024-12-17,308087767.7205125,0.011292766708379373,-0.03338760306956545
2024-12-18,307385919.8267033,-0.002278077766611927,-0.03558962127994414
2024-12-19,306287483.94690454,-0.003573474934759671,-0.03903591759512237
2024-12-20,308951539.95337355,0.008697893796178854,-0.030677554064422297
2024-12-23,308105758.58392024,-0.0027375858672882966,-0.03333115749326088
2024-12-24,308645524.2664691,0.0017518844341945722,-0.03163766539505242
2024-12-25,305762200.00316346,-0.009341863194543998,-0.040683973847681076
2024-12-26,301673539.3875595,-0.013372027724688276,-0.053511974346127644
2024-12-27,296352629.8472982,-0.017637972329503867,-0.07020610395281746
2024-12-30,297823071.7389409,0.004961798018800661,-0.06559265444151752
2024-12-31,297721848.0213244,-0.0003398786971924959,-0.06591023959277309
2025-01-02,303383212.7804886,0.01901561741870794,-0.04814794607413664
2025-01-03,302934397.2555831,-0.0014793683565815523,-0.049556085882861756
2025-01-06,307474121.19413126,0.014985831848992779,-0.03531289320400377
2025-01-07,312479438.1699577,0.016278823584851273,-0.019608921977891214
2025-01-08,309495732.84057724,-0.0095484853238811,-0.028970171798049282
2025-01-09,307716434.70619655,-0.005749023154697979,-0.03455264476428466
2025-01-10,305171131.35074764,-0.008271587306927959,-0.04253842685335962
2025-01-13,310854826.7265936,0.018624616786944465,-0.02470607196527841
2025-01-14,308821834.8833277,-0.0065400041063347234,-0.031084498259508764
2025-01-15,310268700.23993164,0.004685113528810368,-0.0265450191340304
2025-01-16,318460464.00734705,0.026402159679918377,-0.0008437052879951557
2025-01-17,320587633.0810862,0.006679538951152492,0.0
2025-01-20,318754680.5565444,-0.0057174773303815705,-0.005717477330381526
2025-01-21,322045801.05776894,0.010324932313082381,0.0
2025-01-22,328780306.94831616,0.02091164010965997,0.0
2025-01-23,333271285.24081564,0.013659511222505971,0.0
2025-01-24,335999143.63786626,0.008185098800454768,0.0
2025-02-03,324250461.8314918,-0.034966404018686864,-0.03496640401868689
2025-02-04,325981517.1666167,0.005338636452041367,-0.02981444048573645
2025-02-05,331055461.0905087,0.015565127642800101,-0.014713378414695555
2025-02-06,332052895.95202184,0.0030128935442646112,-0.011744814713270824
2025-02-07,330824100.12812436,-0.0037006026415593407,-0.015401954462477607
2025-02-10,322143011.43637943,-0.026240798927233046,-0.0412385937995744
2025-02-11,326496506.55255544,0.013514169054186632,-0.02828173007355217
2025-02-12,337922782.892066,0.034996626641306185,0.0
2025-02-13,341450703.834231,0.010440020977490146,0.0
2025-02-14,338564618.02367115,-0.008452423082311226,-0.0084524230823112
2025-02-17,341247103.5900494,0.007923112527342378,-0.0005962800541786661
2025-02-18,350046332.09322155,0.025785503849266197,0.0
2025-02-19,345913272.097352,-0.011807179841464054,-0.011807179841464066
2025-02-20,343001055.9784243,-0.0084189198676023,-0.020126696008118672
2025-02-21,346981895.30027246,0.01160590981416267,-0.008754374812683374
2025-02-24,350742886.00904703,0.010839155470978872,0.0
2025-02-25,357024474.99162114,0.01790938386249145,0.0
2025-02-26,358104389.97348416,0.003024764567998779,0.0
2025-02-27,353129600.75716454,-0.013892008463476192,-0.013892008463476158
2025-02-28,361423988.5101966,0.023488225669124414,0.0
2025-03-03,359016115.1499119,-0.006662184682898584,-0.0066621846828985865
2025-03-04,363490489.9493628,0.012462880106600786,0.0
2025-03-05,364472062.3505838,0.0027004073789047914,0.0
2025-03-06,374188315.1871895,0.026658429658347076,0.0
2025-03-07,373681655.229592,-0.0013540239954955167,-0.0013540239954955569
2025-03-10,370890233.52805454,-0.0074700528176113576,-0.008813962182344204
2025-03-11,374875126.4005091,0.010744129966833332,0.0
2025-03-12,374375361.3351743,-0.0013331507751220013,-0.0013331507751219718
2025-03-13,369102144.4348718,-0.014085373785005776,-0.015399746633148359
2025-03-14,370734170.4939581,0.004421610883851948,-0.011046227436618206
2025-03-17,374697728.14684737,0.010691104215207069,-0.0004732195901208103
2025-03-18,369808322.6474899,-0.013048932865270164,-0.013515977444728988
2025-03-19,364700996.87255734,-0.013810737785371553,-0.027140049609698402
2025-03-20,367245559.44795406,0.006977119879619905,-0.02035228910974418
2025-03-21,365982958.10627556,-0.0034380302475990475,-0.0237203475717761
2025-03-24,371374441.1636964,0.014731513962612571,-0.009338270240615176
2025-03-25,376384099.7769307,0.013489508318172326,0.0
2025-03-26,376152458.720707,-0.0006154379432100767,-0.0006154379432100621
2025-03-27,371033972.322376,-0.01360747824363275,-0.014214541628420285
2025-03-28,372241398.440168,0.003254219850097521,-0.011006579021849983
2025-03-31,373773993.0534302,0.004117206252943188,-0.006934689124879045
2025-04-01,375265391.63988376,0.003990107964093598,-0.0029722513190911792
2025-04-02,376293078.7943004,0.0027385609686139695,-0.00024183004192857016
2025-04-03,358143348.2877392,-0.04823296395648739,-0.04846312981872003
2025-04-04,359114935.9940999,0.0027128458786287593,-0.045881756942085405
2025-04-08,347864250.5464751,-0.03132892653568062,-0.07577325728519957
2025-04-09,339007899.5481201,-0.025459215726945792,-0.09930334530858809
2025-04-10,347093945.96498555,0.02385208848420272,-0.07781984900346306
2025-04-11,355756644.9735806,0.02495779344266907,-0.05480426727796217
2025-04-14,365193951.9412154,0.026527422891385866,-0.02973066036091132
2025-04-15,374903445.23653126,0.02658722370319753,-0.003933892375573178
2025-04-16,376218732.32089734,0.0035083355490004957,-0.00043935824103980003
2025-04-17,386795648.623914,0.0281137418059105,0.0
2025-04-18,397365958.70178384,0.027327892946767532,0.0
2025-04-21,387471727.0820063,-0.024899545124858084,-0.024899545124858036
2025-04-22,380528164.173241,-0.01792017952137109,-0.04237352032759123
2025-04-23,382973061.10021573,0.006425009124585161,-0.03622076145775166
2025-04-24,387713851.75857556,0.012378914184565225,-0.024290220970971554
2025-04-25,399580087.797385,0.030605654105436426,0.0
2025-04-28,408717757.89209163,0.022868181808248893,0.0
2025-04-29,406208104.5427572,-0.006140309054046556,-0.006140309054046611
2025-05-05,407016721.68599254,0.0019906474887928073,-0.004161884756052614
2025-05-06,406816143.88991296,-0.0004927998909939599,-0.004652633670692463
2025-05-07,405129023.4367579,-0.0041471325032066235,-0.008780471085577779
2025-05-08,414601323.9745828,0.023380947771823927,0.0
2025-05-09,416216374.1871972,0.0038954294625297143,0.0
2025-05-12,421764433.7684543,0.013329748480202302,0.0
2025-05-13,428712458.1314485,0.016473708560282754,0.0
2025-05-14,436813525.16744894,0.018896271573980116,0.0
2025-05-15,438399649.0322542,0.003631123519349025,0.0
2025-05-16,454204286.2193166,0.036050752371609665,0.0
2025-05-19,466131979.61504924,0.02626063592445547,0.0
2025-05-20,463113969.23284715,-0.006474583410248927,-0.00647458341024898
2025-05-21,463319049.38071215,0.0004428286803887921,-0.006034621861087719
2025-05-22,449474542.1666604,-0.02988115259356756,-0.035735452997979644
2025-05-23,464452701.51360214,0.033323710114349404,-0.003602580760139862
2025-05-26,479461227.7826132,0.03231443421493703,0.0
2025-05-27,491964224.016685,0.026077178944989947,0.0
2025-05-28,477580140.57352376,-0.029238068015842982,-0.029238068015842944
2025-05-29,470413408.33362454,-0.015006344759840145,-0.043805656246925784
2025-05-30,455347513.92309016,-0.03202692385810868,-0.07442961968785966
2025-06-02,462267984.0989981,0.015198216668153066,-0.06036260050625086
2025-06-03,462827237.18644226,0.001209802769564847,-0.059225824577956665
2025-06-04,463772755.3120522,0.0020429180688625896,-0.05730390001626762
2025-06-05,464194758.6604793,0.000909935617376164,-0.05644610725853083
2025-06-06,464363234.7030084,0.00036294257827312664,-0.05610365137595963
2025-06-09,448427939.40539956,-0.034316444771517164,-0.08849481829355321
2025-06-10,466927927.9283595,0.04125520935981445,-0.05089048118969808
2025-06-11,480375163.73892164,0.028799382102124627,-0.02355671350071653
2025-06-12,479478097.122198,-0.001867429218741213,-0.025380152224368957
2025-06-13,470171358.5941002,-0.01941014320352975,-0.04429766303869631
2025-06-16,485506501.1394196,0.032616071279148874,-0.013126407494717274
2025-06-17,479542349.23977846,-0.012284391425540296,-0.02524954899258136
2025-06-18,475504182.8532823,-0.008420875430288726,-0.03345780111613261
2025-06-19,479510130.5532584,0.008424631884283948,-0.025315038889909602
2025-06-20,480131469.2889803,0.0012957781204851419,-0.02405206344293731
2025-06-23,488870006.3080452,0.01820030049687365,-0.006289517728294891
2025-06-24,487347550.12972516,-0.0031142351927410435,-0.009384165883581153
2025-06-25,482889173.21570504,-0.009148249360919868,-0.018446566554953803
2025-06-26,484776553.39214337,0.00390851624166617,-0.014610149018270624
2025-06-27,474548984.8900471,-0.0210974900302636,-0.03539940157528054
2025-06-30,480610678.19960535,0.012773588191243872,-0.02307799076197581
2025-07-01,479349430.1303743,-0.002624261437460648,-0.025641689518225763
2025-07-02,489446325.1597198,0.021063746809085265,-0.00511805276490962
2025-07-03,480544643.30281305,-0.018187248323913573,-0.0232122177922528
2025-07-04,479312195.3719038,-0.0025646897704208814,-0.025717375425153177
2025-07-07,480652268.0385371,0.002795824265630317,-0.022993452421784744
2025-07-08,481190988.52320653,0.0011208112818605366,-0.02189841246080748
2025-07-09,480415235.8338896,-0.001612151324150402,-0.023475260230312434
2025-07-10,484364270.06423265,0.00822004369509313,-0.015448184200066106
2025-07-11,484969007.5729153,0.0012485179978334747,-0.01421895353824032
2025-07-14,495440591.5133632,0.021592274510188074,0.0
2025-07-15,513362596.9445445,0.036173873796729296,0.0
2025-07-16,539770933.800589,0.0514418795082128,0.0
2025-07-17,562458457.7886543,0.04203176304496411,0.0
2025-07-18,571307467.2917142,0.01573273435668543,0.0
2025-07-21,549024197.6380686,-0.03900398809642657,-0.03900398809642658
2025-07-22,564044885.0458134,0.027358880487171028,-0.012712213058108768
2025-07-23,555531665.8912045,-0.015093159038074594,-0.027613504642771347
2025-07-24,562116087.34211,0.01185246828431029,-0.016088324546458255
2025-07-25,571565166.0821239,0.0168098351084249,0.0
2025-07-28,588885503.0600929,0.03030334598011598,0.0
2025-07-29,558410542.3261173,-0.05175023086086367,-0.05175023086086372
2025-07-30,569031363.3443758,0.0190197358631813,-0.033714770719514675
2025-07-31,577343124.0218456,0.01460685862483731,-0.019600378984146127
2025-08-01,564805276.1414328,-0.02171645830485098,-0.04089118647602863
2025-08-04,561282833.7801073,-0.006236560652176783,-0.0468727267636081
2025-08-05,560579188.9384897,-0.0012536368462913831,-0.04806760223254247
2025-08-06,563299978.0885389,0.0048535322105005075,-0.04344736767775914
2025-08-07,558253000.3118128,-0.00895966265408384,-0.052017756574242346
2025-08-08,581947396.8051025,0.042443831882775694,-0.011781757606422971
2025-08-11,588457553.1362984,0.01118684672693233,-0.0007267115960075676
2025-08-12,600361626.8535492,0.020229281880750377,0.0
2025-08-13,611396964.7177079,0.01838115124378288,0.0
2025-08-14,622682280.7048361,0.018458246668494462,0.0
2025-08-15,630490178.2486758,0.0125391355845258,0.0
2025-08-18,641447140.1336857,0.017378481478403422,0.0
2025-08-19,629300513.3862269,-0.018936286386633985,-0.018936286386634027
2025-08-20,623092929.924444,-0.009864259331968939,-0.0286137532789007
2025-08-21,618318368.1595039,-0.007662680052426506,-0.03605717529485197
2025-08-22,619909888.7478173,0.0025739500397678403,-0.03357603462286818
2025-08-25,614817022.8652147,-0.008215493856518197,-0.04151568477321599
2025-08-26,622207789.8340476,0.012021083824891289,-0.029993664475031268
2025-08-27,622207789.8340476,0.0,-0.029993664475031268
2025-08-28,622207789.8340476,0.0,-0.029993664475031268
2025-08-29,622207789.8340476,0.0,-0.029993664475031268
2025-09-03,621710023.6021802,-0.000800000000000121,-0.030769669543451394
2025-09-04,625972101.7286605,0.006855411630306028,-0.02412519666359425
2025-09-05,618582293.797434,-0.011805331117503612,-0.03564572184620918
2025-09-08,610809007.9050157,-0.012566292262745835,-0.04776407955031903
2025-09-09,620619268.777175,0.016061093967502185,-0.032470128952745814
2025-09-10,618012252.897982,-0.0042006686069055365,-0.036534401308297326
2025-09-11,621777942.5012606,0.006093228064040108,-0.030663785683611833
2025-09-12,623226284.6563678,0.002329355958303722,-0.028405856597194412
2025-09-15,626470511.2879963,0.005205535632081537,-0.023348188663789293
2025-09-16,620300848.5646541,-0.009848289124826675,-0.03296653807611405
2025-09-17,619529640.7242362,-0.001243280324704374,-0.03416883175265473
2025-09-18,621843264.2454896,0.003734483984573682,-0.030561950723032916
2025-09-19,616252007.4024608,-0.008991424631434913,-0.039278579877952025
2025-09-22,610242755.9099255,-0.009751289116062612,-0.04864685220555642
2025-09-23,610242755.9099255,0.0,-0.04864685220555642
2025-09-24,610242755.9099255,0.0,-0.04864685220555642
2025-09-25,609998658.8075614,-0.0004000000000001525,-0.04902739346467433
2025-09-26,608571969.0727346,-0.002338840773216989,-0.0512515669710516
2025-09-29,615415944.4673387,0.01124595897019719,-0.04058198102016919
2025-09-30,615701282.414304,0.00046365055948023175,-0.04013714631889376
2025-10-01,617127972.1491308,0.0023171784363229357,-0.03791297281251649
2025-10-02,611996024.436319,-0.008315856587961754,-0.045913550555746085
2025-10-03,607145279.3379078,-0.007926105570504315,-0.05347574047742887
2025-10-06,614845268.5734079,0.012682284615466234,-0.04147165042272016
2025-10-07,612393621.865204,-0.0039874206300592255,-0.04529370613832129
2025-10-08,621452080.8366687,0.01479188980426488,-0.03117179584408114
2025-10-09,624932094.9609663,0.005599810881013436,-0.025746541124616162
2025-10-10,636085171.637633,0.01784686170961222,-0.008359174373955836
2025-10-13,650292475.4657559,0.022335536908596,0.0
2025-10-14,647947469.6004055,-0.0036060787319904513,-0.003606078731990481
2025-10-15,643615881.5304248,-0.006685091420531278,-0.010267063186528702
2025-10-16,642868530.0676465,-0.0011611762298364,-0.01141631754664274
2025-10-17,641465950.6231747,-0.002181751600633256,-0.013573161578195214
2025-10-20,622495404.5725051,-0.029573738141891938,-0.04274549059381605
2025-10-21,626370119.8576475,0.006224488175624941,-0.03678707121895364
2025-10-22,626029490.2793744,-0.0005438151780780835,-0.037310881029345766
2025-10-23,636248377.627568,0.016323332218156888,-0.02159658671758302
2025-10-24,639654673.4102992,0.00535372018618344,-0.01635848861366218
2025-10-27,635396803.6818852,-0.006656513124047446,-0.022906111243563232
2025-10-28,640591404.7505503,0.008175365438674337,-0.014918011635083883
2025-10-29,633186700.8658872,-0.011559168339991287,-0.026304740167287344
2025-10-30,617374360.5221639,-0.024972634962325983,-0.05062047645563683
2025-10-31,601696310.4713314,-0.025394721668668428,-0.07472970521397893
2025-11-03,603278257.243763,0.0026291448774090264,-0.07229703555822353
2025-11-04,608922493.4532688,0.009355941709706213,-0.06361750069898464
2025-11-05,612293794.4459136,0.005536502640140217,-0.05843321651942346
2025-11-06,613400840.5753012,0.001808030947609754,-0.05673083463564921
2025-11-07,598888629.642443,-0.023658609465300705,-0.0790472714396645
2025-11-10,588213588.2175522,-0.01782475221021331,-0.09546302562357234
2025-11-11,598375278.2544049,0.01727551052950921,-0.07983668759840201
2025-11-12,613714411.6092503,0.025634637513088948,-0.0562486346321438
2025-11-13,610656604.269796,-0.00498245972656283,-0.06095083780197785
2025-11-14,613544096.8201138,0.004728504580361555,-0.056510539537339755
2025-11-17,620093736.442486,0.010675091906707028,-0.04643870283389151
2025-11-18,623191140.8107686,0.004995058305301624,-0.041675608556867694
2025-11-19,616958630.5734673,-0.010000960907744749,-0.051259773332628766
2025-11-20,625712345.6380001,0.014188496004012842,-0.03779857641771245
2025-11-21,624675867.070965,-0.0016564777317574675,-0.03939244164934186
2025-11-24,631301043.85726,0.010605783151764204,-0.029204446191529176
2025-11-25,626759110.8255718,-0.007194559673047467,-0.03618889273373338
2025-11-26,636249560.3808663,0.015142100675319459,-0.0215947679155164
2025-11-27,638040375.8246151,0.0028146431137442817,-0.018840906366578425
2025-11-28,646690126.7678332,0.013556745420756508,-0.00553958231692997
2025-12-01,652679336.6702464,0.009261328810364384,0.0
2025-12-02,656568654.6400259,0.005959002761787285,0.0
2025-12-03,650941558.5798159,-0.008570461017964883,-0.008570461017964881
2025-12-04,650718548.9174609,-0.0003425955209274007,-0.008910120337335292
2025-12-05,669774787.6087567,0.02928491699368,0.0
2025-12-08,683616722.9646428,0.020666551820060077,0.0
2025-12-09,691180912.0424032,0.0110649561715764,0.0
2025-12-10,662230101.1181736,-0.04188601047832976,-0.04188601047832974
2025-12-11,647591205.2675568,-0.02210545220747151,-0.0630655534830109
2025-12-12,643669561.5572377,-0.006055739606128202,-0.06873938451912964
2025-12-15,641054316.75917,-0.004063023877873912,-0.07252311863635197
2025-12-16,650906301.6327498,0.015368408910162465,-0.05826927466883314
2025-12-17,644771090.7616717,-0.009425643684334314,-0.06714569293239447
2025-12-18,643637130.0140822,-0.0017587028386305515,-0.06878630645026296
2025-12-19,656612699.4527541,0.02015975902196328,-0.0500132627903479
2025-12-22,678674838.7457947,0.03359992779827124,-0.018093777010788403
2025-12-23,693458477.3381191,0.021783095155914384,0.0
2025-12-24,696871449.7687062,0.00492166804808263,0.0
2025-12-25,676107037.1663352,-0.029796618313553742,-0.029796618313553735
2025-12-26,665469950.8379313,-0.01573284368254109,-0.04506067645789935
2025-12-29,675262554.6664628,0.014715320828838441,-0.031008437939903377
2025-12-30,680882942.7079693,0.008323263303534795,-0.022943266029973763
2025-12-31,694305379.506602,0.01971328103073016,-0.0036822720502552864
2026-01-05,698878067.5800781,0.0065859896933617166,0.0
2026-01-06,700861395.5033689,0.002837874037395626,0.0
2026-01-07,717988952.560185,0.024437866269570806,0.0
2026-01-08,707499984.5603058,-0.014608815306249285,-0.014608815306249245
2026-01-09,708933263.9515347,0.0020258366395861658,-0.012612573739971489
2026-01-12,700887442.916232,-0.01134919384436276,-0.02381862504008292
2026-01-13,708040664.0599675,0.010205948495770754,-0.01385576820471135
2026-01-14,692581382.9806252,-0.02183388873556709,-0.03538713163895102
2026-01-15,676093509.7611483,-0.023806405463165713,-0.058351096698141425
2026-01-16,686440270.9386525,0.015303742793152247,-0.043940344080555915
2026-01-19,689157057.957548,0.003957790843448792,-0.04015645992856709
2026-01-20,690403594.1643203,0.001808783922879179,-0.03842031036480642
2026-01-21,699206482.710061,0.012750351562691114,-0.026159831266414302
2026-01-22,715217369.0074042,0.022898652534350812,-0.0038602036185904076
2026-01-23,713272760.413479,-0.002718905717605841,-0.006568613806506529
2026-01-26,698335564.8043779,-0.020941772121568298,-0.027372827514584364
2026-01-27,685180265.528636,-0.018838077192054624,-0.045695253268954406
2026-01-28,661396798.4857523,-0.03471125518265477,-0.07882036885475452
2026-01-29,671565882.9612014,0.015375164347228309,-0.06465708063257725
2026-01-30,669866346.1694617,-0.0025307074627522286,-0.0670241599388528
2026-02-02,676710662.1341081,0.010217435170141948,-0.05749153977771926
2026-02-03,681804226.3077478,0.007526945352946649,-0.050397330102936344
2026-02-04,678472621.3668706,-0.004886453929626132,-0.055037519800838264
2026-02-05,665629210.8141251,-0.018929887733525448,-0.07292555346340213
2026-02-06,649879917.2838317,-0.023660760787572,-0.09486084017517527
2026-02-09,655768676.9262173,0.009061304228322102,-0.08665909887903467
2026-02-10,642614707.2713888,-0.020058856297444874,-0.10497967276519893
2026-02-11,661037083.4794526,0.028667840931134666,-0.07932137239389958
2026-02-12,655729551.503661,-0.008029098682111305,-0.08671359194945982
2026-02-13,657753002.6633897,0.0030858013873076894,-0.08389537148448822
2026-02-23,669846645.2722771,0.01838629783508028,-0.06705159893650636
2026-02-24,675882569.1266724,0.009010904058408485,-0.05864489040307763
2026-02-25,678285693.7634529,0.00355553574918443,-0.05529786865822839
2026-02-26,673516716.9277389,-0.0070309264658869955,-0.061939999875859075
2026-02-27,663646183.9670023,-0.014655215991907791,-0.0756874717910474
2026-03-02,672777644.7502986,0.013759531816656057,-0.06296936415062249
2026-03-03,672668961.3214306,-0.00016154435230735585,-0.06312073615778302
2026-03-04,672746366.3210986,0.0001150714602855217,-0.06301292809278147
2026-03-05,652320335.5804677,-0.030362156918557953,-0.0914618766006885
2026-03-06,653824248.7346781,0.0023054825553954104,-0.08936725780627974
2026-03-09,630390772.6012623,-0.03584063481702576,-0.12200491337167163
2026-03-10,630605943.8366945,0.00034132992547504986,-0.12170522737418532
2026-03-11,643808190.8703752,0.02093581128233008,-0.10331741376423431
2026-03-12,641566850.609685,-0.003481378914518168,-0.1064391056129711
2026-03-13,636720971.498829,-0.007553194349506786,-0.11318834471139538
2026-03-16,625149785.4478815,-0.01817308769288562,-0.12930445069002827
2026-03-17,613379418.7680542,-0.018828074413229572,-0.1456979712837042
2026-03-18,622778510.1170218,0.015323454066726295,-0.13260711338755904
2026-03-19,622590805.9898916,-0.0003013978871796342,-0.1328685437709386
2026-03-20,619906163.530015,-0.004312049638459076,-0.13660765765326766
2026-03-23,603717750.4777491,-0.026114296009063738,-0.15915454085326908
2026-03-24,619873377.4634197,0.02676023186809712,-0.13665332140126596
2026-03-25,634953334.715476,0.024327480095636577,-0.1156502722620214
2026-03-26,622769265.4396725,-0.019188920838195574,-0.13261998918086526
2026-03-27,636569693.0886323,0.02215977636471323,-0.11339904211789065
2026-03-30,639221046.0806906,0.004165063182939056,-0.10970629311025737
2026-03-31,650127569.5111626,0.01706220953978924,-0.09451591533134884
2026-04-01,650014089.8524908,-0.00017454983297690699,-0.094673967427091
2026-04-02,652947173.0086256,0.004512337812247201,-0.09058883053790057
2026-04-03,645770372.5016003,-0.01099139532828723,-0.10058452821741848
2026-04-06,635825489.4626082,-0.01540002989060543,-0.11443555336694322
2026-04-07,636366024.8385651,0.0008501316554857635,-0.11368270699788774
2026-04-08,663005580.6786983,0.04186200205595699,-0.07657969065600312
2026-04-09,660254051.4448085,-0.004150084575567468,-0.08041196303857734
2026-04-10,665368182.1883771,0.0077457014195938725,-0.07328910867524374
2026-04-13,667046768.0756613,0.0025227925413615934,-0.07095120935061106
2026-04-14,684795639.2262427,0.026608136040872254,-0.04623095274040434
2026-04-15,690300248.0903366,0.008038323477517484,-0.03856424861568797
2026-04-16,700748222.5212326,0.01513540587563104,-0.02401252829514411
2026-04-17,694635211.3410181,-0.008723548606688475,-0.032526602444080455
2026-04-20,708996839.0842919,0.020675064420572948,-0.012524027624421286
2026-04-21,700531890.8036058,-0.011939331480827308,-0.024313830587965546
2026-04-22,702152664.7370162,0.00231363333302522,-0.0220564505438422
2026-04-23,694199398.6586238,-0.011326975567871978,-0.03313359323529008
2026-04-24,687530589.618522,-0.009606474815431507,-0.042421771021762034
2026-04-28,698854239.2260189,0.016470030248079304,-0.026650428625588196
2026-04-29,690793237.832016,-0.011534596116824695,-0.037877622811876455
2026-05-04,685721604.2305518,-0.007341753398427808,-0.044941288044300864
2026-05-05,692857093.6883786,0.010405811066480057,-0.035003127530294
2026-05-06,692109796.8573071,-0.001078572822417551,-0.03604394693065782
2026-05-07,693885702.8546073,0.0025659310204308628,-0.03357050219175506
2026-05-08,691832559.7528694,-0.002958906767053218,-0.03643007697269973
2026-05-11,681344077.2352676,-0.015160434948809486,-0.05103821610938453
2026-05-12,679685028.2476674,-0.002434965009650093,-0.05334890484865329
2026-05-13,670717562.9575187,-0.013193560130739145,-0.0658386029953626
2026-05-14,682360780.7754035,0.01735934536519994,-0.04962217267792146
2026-05-15,680899727.3043422,-0.0021411744523198925,-0.05165709740183477
2026-05-18,678464638.1859065,-0.0035762815298458887,-0.05504863860835707
2026-05-19,678545807.8231877,0.00011963724078267744,-0.05493558723480629
2026-05-20,679844522.0196867,0.0019139668708076417,-0.053126765257994424
2026-05-21,673081610.6567769,-0.009947732376835943,-0.06254600679199684
2026-05-22,673049396.7382501,-4.786034563525679e-05,-0.06259087366412897
2026-05-25,674916298.3957175,0.002773795900441771,-0.05999069207246177
2026-05-26,668104237.7114174,-0.010093193334480733,-0.06947838775358595
2026-05-27,665792450.2607335,-0.003460219708533731,-0.07269819697549751
2026-05-28,665266394.8302357,-0.000790119248561252,-0.07343087597929276
2026-05-29,661814503.192991,-0.005188735917023982,-0.07823859847270442
