date,equity,portfolio_return,drawdown
2018-01-02,100000000.0,0.0,0.0
2018-01-03,100000000.0,0.0,0.0
2018-01-04,100000000.0,0.0,0.0
2018-01-05,100000000.0,0.0,0.0
2018-01-08,100000000.0,0.0,0.0
2018-01-09,100000000.0,0.0,0.0
2018-01-10,100000000.0,0.0,0.0
2018-01-11,100000000.0,0.0,0.0
2018-01-12,100000000.0,0.0,0.0
2018-01-15,100000000.0,0.0,0.0
2018-01-16,100000000.0,0.0,0.0
2018-01-17,100000000.0,0.0,0.0
2018-01-18,100000000.0,0.0,0.0
2018-01-19,100000000.0,0.0,0.0
2018-01-22,100000000.0,0.0,0.0
2018-01-23,100000000.0,0.0,0.0
2018-01-24,100000000.0,0.0,0.0
2018-01-25,100000000.0,0.0,0.0
2018-01-26,100000000.0,0.0,0.0
2018-01-29,100000000.0,0.0,0.0
2018-01-30,100000000.0,0.0,0.0
2018-01-31,100000000.0,0.0,0.0
2018-02-01,100000000.0,0.0,0.0
2018-02-02,100000000.0,0.0,0.0
2018-02-05,100000000.0,0.0,0.0
2018-02-06,100000000.0,0.0,0.0
2018-02-07,100000000.0,0.0,0.0
2018-02-08,100000000.0,0.0,0.0
2018-02-09,100000000.0,0.0,0.0
2018-02-12,100000000.0,0.0,0.0
2018-02-13,100000000.0,0.0,0.0
2018-02-21,100000000.0,0.0,0.0
2018-02-22,100000000.0,0.0,0.0
2018-02-23,100000000.0,0.0,0.0
2018-02-26,100000000.0,0.0,0.0
2018-02-27,100000000.0,0.0,0.0
2018-02-28,100000000.0,0.0,0.0
2018-03-01,100000000.0,0.0,0.0
2018-03-02,100000000.0,0.0,0.0
2018-03-05,100000000.0,0.0,0.0
2018-03-06,100000000.0,0.0,0.0
2018-03-07,100000000.0,0.0,0.0
2018-03-08,100000000.0,0.0,0.0
2018-03-09,100000000.0,0.0,0.0
2018-03-12,100000000.0,0.0,0.0
2018-03-13,100000000.0,0.0,0.0
2018-03-14,100000000.0,0.0,0.0
2018-03-15,100000000.0,0.0,0.0
2018-03-16,100000000.0,0.0,0.0
2018-03-19,100000000.0,0.0,0.0
2018-03-20,100000000.0,0.0,0.0
2018-03-21,100000000.0,0.0,0.0
2018-03-22,100000000.0,0.0,0.0
2018-03-23,100000000.0,0.0,0.0
2018-03-26,100000000.0,0.0,0.0
2018-03-27,100000000.0,0.0,0.0
2018-03-28,100000000.0,0.0,0.0
2018-03-29,100000000.0,0.0,0.0
2018-03-30,100000000.0,0.0,0.0
2018-04-02,100000000.0,0.0,0.0
2018-04-03,100000000.0,0.0,0.0
2018-04-04,100000000.0,0.0,0.0
2018-04-05,100000000.0,0.0,0.0
2018-04-06,100000000.0,0.0,0.0
2018-04-09,100000000.0,0.0,0.0
2018-04-10,100000000.0,0.0,0.0
2018-04-11,100000000.0,0.0,0.0
2018-04-12,100000000.0,0.0,0.0
2018-04-13,100000000.0,0.0,0.0
2018-04-16,100000000.0,0.0,0.0
2018-04-17,100000000.0,0.0,0.0
2018-04-18,100000000.0,0.0,0.0
2018-04-19,100000000.0,0.0,0.0
2018-04-20,100000000.0,0.0,0.0
2018-04-23,100000000.0,0.0,0.0
2018-04-24,100000000.0,0.0,0.0
2018-04-26,100000000.0,0.0,0.0
2018-04-27,100000000.0,0.0,0.0
2018-05-02,100000000.0,0.0,0.0
2018-05-03,100000000.0,0.0,0.0
2018-05-04,100000000.0,0.0,0.0
2018-05-07,100000000.0,0.0,0.0
2018-05-08,100000000.0,0.0,0.0
2018-05-09,100000000.0,0.0,0.0
2018-05-10,100000000.0,0.0,0.0
2018-05-11,100000000.0,0.0,0.0
2018-05-14,100000000.0,0.0,0.0
2018-05-15,100000000.0,0.0,0.0
2018-05-16,100000000.0,0.0,0.0
2018-05-17,100000000.0,0.0,0.0
2018-05-18,100000000.0,0.0,0.0
2018-05-21,100000000.0,0.0,0.0
2018-05-22,100000000.0,0.0,0.0
2018-05-23,100000000.0,0.0,0.0
2018-05-24,100000000.0,0.0,0.0
2018-05-25,100000000.0,0.0,0.0
2018-05-28,100000000.0,0.0,0.0
2018-05-29,100000000.0,0.0,0.0
2018-05-30,100000000.0,0.0,0.0
2018-05-31,100000000.0,0.0,0.0
2018-06-01,100000000.0,0.0,0.0
2018-06-04,100000000.0,0.0,0.0
2018-06-05,100000000.0,0.0,0.0
2018-06-06,100000000.0,0.0,0.0
2018-06-07,100000000.0,0.0,0.0
2018-06-08,100000000.0,0.0,0.0
2018-06-11,100000000.0,0.0,0.0
2018-06-12,100000000.0,0.0,0.0
2018-06-13,100000000.0,0.0,0.0
2018-06-14,100000000.0,0.0,0.0
2018-06-15,100000000.0,0.0,0.0
2018-06-18,100000000.0,0.0,0.0
2018-06-19,100000000.0,0.0,0.0
2018-06-20,100000000.0,0.0,0.0
2018-06-21,100000000.0,0.0,0.0
2018-06-22,100000000.0,0.0,0.0
2018-06-25,100000000.0,0.0,0.0
2018-06-26,100000000.0,0.0,0.0
2018-06-27,100000000.0,0.0,0.0
2018-06-28,100000000.0,0.0,0.0
2018-06-29,100000000.0,0.0,0.0
2018-07-02,100000000.0,0.0,0.0
2018-07-03,100000000.0,0.0,0.0
2018-07-04,100000000.0,0.0,0.0
2018-07-05,100000000.0,0.0,0.0
2018-07-06,100000000.0,0.0,0.0
2018-07-09,100000000.0,0.0,0.0
2018-07-10,100000000.0,0.0,0.0
2018-07-11,100000000.0,0.0,0.0
2018-07-12,100000000.0,0.0,0.0
2018-07-13,100000000.0,0.0,0.0
2018-07-16,100000000.0,0.0,0.0
2018-07-17,100000000.0,0.0,0.0
2018-07-18,100000000.0,0.0,0.0
2018-07-19,100000000.0,0.0,0.0
2018-07-20,100000000.0,0.0,0.0
2018-07-23,100000000.0,0.0,0.0
2018-07-24,100000000.0,0.0,0.0
2018-07-25,100000000.0,0.0,0.0
2018-07-26,100000000.0,0.0,0.0
2018-07-27,100000000.0,0.0,0.0
2018-07-30,100000000.0,0.0,0.0
2018-07-31,100000000.0,0.0,0.0
2018-08-01,100000000.0,0.0,0.0
2018-08-02,100000000.0,0.0,0.0
2018-08-03,100000000.0,0.0,0.0
2018-08-06,100000000.0,0.0,0.0
2018-08-07,100000000.0,0.0,0.0
2018-08-08,100000000.0,0.0,0.0
2018-08-09,100000000.0,0.0,0.0
2018-08-10,100000000.0,0.0,0.0
2018-08-13,100000000.0,0.0,0.0
2018-08-14,100000000.0,0.0,0.0
2018-08-15,100000000.0,0.0,0.0
2018-08-16,100000000.0,0.0,0.0
2018-08-17,100000000.0,0.0,0.0
2018-08-20,100000000.0,0.0,0.0
2018-08-21,100000000.0,0.0,0.0
2018-08-22,100000000.0,0.0,0.0
2018-08-23,100000000.0,0.0,0.0
2018-08-24,100000000.0,0.0,0.0
2018-08-27,100000000.0,0.0,0.0
2018-08-28,100000000.0,0.0,0.0
2018-08-29,100000000.0,0.0,0.0
2018-08-30,100000000.0,0.0,0.0
2018-08-31,100000000.0,0.0,0.0
2018-09-04,100000000.0,0.0,0.0
2018-09-05,100000000.0,0.0,0.0
2018-09-06,100000000.0,0.0,0.0
2018-09-07,100000000.0,0.0,0.0
2018-09-10,100000000.0,0.0,0.0
2018-09-11,100000000.0,0.0,0.0
2018-09-12,100000000.0,0.0,0.0
2018-09-13,100000000.0,0.0,0.0
2018-09-14,100000000.0,0.0,0.0
2018-09-17,100000000.0,0.0,0.0
2018-09-18,100000000.0,0.0,0.0
2018-09-19,100000000.0,0.0,0.0
2018-09-20,100000000.0,0.0,0.0
2018-09-21,100000000.0,0.0,0.0
2018-09-24,100000000.0,0.0,0.0
2018-09-25,100000000.0,0.0,0.0
2018-09-26,100000000.0,0.0,0.0
2018-09-27,100000000.0,0.0,0.0
2018-09-28,100000000.0,0.0,0.0
2018-10-01,100000000.0,0.0,0.0
2018-10-02,100000000.0,0.0,0.0
2018-10-03,100000000.0,0.0,0.0
2018-10-04,100000000.0,0.0,0.0
2018-10-05,100000000.0,0.0,0.0
2018-10-08,100000000.0,0.0,0.0
2018-10-09,100000000.0,0.0,0.0
2018-10-10,100000000.0,0.0,0.0
2018-10-11,100000000.0,0.0,0.0
2018-10-12,100000000.0,0.0,0.0
2018-10-15,100000000.0,0.0,0.0
2018-10-16,100000000.0,0.0,0.0
2018-10-17,100000000.0,0.0,0.0
2018-10-18,100000000.0,0.0,0.0
2018-10-19,100000000.0,0.0,0.0
2018-10-22,100000000.0,0.0,0.0
2018-10-23,100000000.0,0.0,0.0
2018-10-24,100000000.0,0.0,0.0
2018-10-25,100000000.0,0.0,0.0
2018-10-26,100000000.0,0.0,0.0
2018-10-29,100000000.0,0.0,0.0
2018-10-30,100000000.0,0.0,0.0
2018-10-31,100000000.0,0.0,0.0
2018-11-01,100000000.0,0.0,0.0
2018-11-02,100000000.0,0.0,0.0
2018-11-05,100000000.0,0.0,0.0
2018-11-06,100000000.0,0.0,0.0
2018-11-07,100000000.0,0.0,0.0
2018-11-08,100000000.0,0.0,0.0
2018-11-09,100000000.0,0.0,0.0
2018-11-12,100000000.0,0.0,0.0
2018-11-13,100000000.0,0.0,0.0
2018-11-14,100000000.0,0.0,0.0
2018-11-15,100000000.0,0.0,0.0
2018-11-16,100000000.0,0.0,0.0
2018-11-19,100000000.0,0.0,0.0
2018-11-20,100000000.0,0.0,0.0
2018-11-21,100000000.0,0.0,0.0
2018-11-22,100000000.0,0.0,0.0
2018-11-23,100000000.0,0.0,0.0
2018-11-26,100000000.0,0.0,0.0
2018-11-27,100000000.0,0.0,0.0
2018-11-28,100000000.0,0.0,0.0
2018-11-29,100000000.0,0.0,0.0
2018-11-30,100000000.0,0.0,0.0
2018-12-03,100000000.0,0.0,0.0
2018-12-04,100000000.0,0.0,0.0
2018-12-05,100000000.0,0.0,0.0
2018-12-06,100000000.0,0.0,0.0
2018-12-07,100000000.0,0.0,0.0
2018-12-10,100000000.0,0.0,0.0
2018-12-11,100000000.0,0.0,0.0
2018-12-12,100000000.0,0.0,0.0
2018-12-13,100000000.0,0.0,0.0
2018-12-14,100000000.0,0.0,0.0
2018-12-17,100000000.0,0.0,0.0
2018-12-18,100000000.0,0.0,0.0
2018-12-19,100000000.0,0.0,0.0
2018-12-20,100000000.0,0.0,0.0
2018-12-21,100000000.0,0.0,0.0
2018-12-24,100000000.0,0.0,0.0
2018-12-25,100000000.0,0.0,0.0
2018-12-26,100000000.0,0.0,0.0
2018-12-27,100000000.0,0.0,0.0
2018-12-28,100000000.0,0.0,0.0
2019-01-02,100000000.0,0.0,0.0
2019-01-03,100000000.0,0.0,0.0
2019-01-04,100000000.0,0.0,0.0
2019-01-07,100000000.0,0.0,0.0
2019-01-08,100000000.0,0.0,0.0
2019-01-09,100000000.0,0.0,0.0
2019-01-10,100000000.0,0.0,0.0
2019-01-11,100000000.0,0.0,0.0
2019-01-14,100000000.0,0.0,0.0
2019-01-15,100000000.0,0.0,0.0
2019-01-16,100000000.0,0.0,0.0
2019-01-17,100000000.0,0.0,0.0
2019-01-18,100000000.0,0.0,0.0
2019-01-21,100000000.0,0.0,0.0
2019-01-22,100000000.0,0.0,0.0
2019-01-23,100000000.0,0.0,0.0
2019-01-24,100000000.0,0.0,0.0
2019-01-25,100000000.0,0.0,0.0
2019-01-28,100000000.0,0.0,0.0
2019-01-29,100000000.0,0.0,0.0
2019-01-30,100000000.0,0.0,0.0
2019-01-31,100000000.0,0.0,0.0
2019-02-01,100000000.0,0.0,0.0
2019-02-11,100000000.0,0.0,0.0
2019-02-12,100000000.0,0.0,0.0
2019-02-13,100000000.0,0.0,0.0
2019-02-14,100000000.0,0.0,0.0
2019-02-15,100000000.0,0.0,0.0
2019-02-18,100000000.0,0.0,0.0
2019-02-19,100000000.0,0.0,0.0
2019-02-20,100000000.0,0.0,0.0
2019-02-21,100000000.0,0.0,0.0
2019-02-22,100000000.0,0.0,0.0
2019-02-25,100000000.0,0.0,0.0
2019-02-26,100000000.0,0.0,0.0
2019-02-27,100000000.0,0.0,0.0
2019-02-28,100000000.0,0.0,0.0
2019-03-01,100000000.0,0.0,0.0
2019-03-04,100000000.0,0.0,0.0
2019-03-05,100000000.0,0.0,0.0
2019-03-06,100000000.0,0.0,0.0
2019-03-07,100000000.0,0.0,0.0
2019-03-08,100000000.0,0.0,0.0
2019-03-11,100000000.0,0.0,0.0
2019-03-12,100000000.0,0.0,0.0
2019-03-13,100000000.0,0.0,0.0
2019-03-14,100000000.0,0.0,0.0
2019-03-15,100000000.0,0.0,0.0
2019-03-18,100000000.0,0.0,0.0
2019-03-19,100000000.0,0.0,0.0
2019-03-20,100000000.0,0.0,0.0
2019-03-21,100000000.0,0.0,0.0
2019-03-22,100000000.0,0.0,0.0
2019-03-25,100000000.0,0.0,0.0
2019-03-26,100000000.0,0.0,0.0
2019-03-27,100000000.0,0.0,0.0
2019-03-28,100000000.0,0.0,0.0
2019-03-29,100000000.0,0.0,0.0
2019-04-01,100000000.0,0.0,0.0
2019-04-02,100000000.0,0.0,0.0
2019-04-03,100000000.0,0.0,0.0
2019-04-04,100000000.0,0.0,0.0
2019-04-05,100000000.0,0.0,0.0
2019-04-08,100000000.0,0.0,0.0
2019-04-09,100000000.0,0.0,0.0
2019-04-10,100000000.0,0.0,0.0
2019-04-11,100000000.0,0.0,0.0
2019-04-12,100000000.0,0.0,0.0
2019-04-16,100000000.0,0.0,0.0
2019-04-17,100000000.0,0.0,0.0
2019-04-18,100000000.0,0.0,0.0
2019-04-19,100000000.0,0.0,0.0
2019-04-22,100000000.0,0.0,0.0
2019-04-23,100000000.0,0.0,0.0
2019-04-24,100000000.0,0.0,0.0
2019-04-25,100000000.0,0.0,0.0
2019-04-26,100000000.0,0.0,0.0
2019-05-02,100000000.0,0.0,0.0
2019-05-03,100000000.0,0.0,0.0
2019-05-06,100000000.0,0.0,0.0
2019-05-07,100000000.0,0.0,0.0
2019-05-08,100000000.0,0.0,0.0
2019-05-09,100000000.0,0.0,0.0
2019-05-10,100000000.0,0.0,0.0
2019-05-13,100000000.0,0.0,0.0
2019-05-14,100000000.0,0.0,0.0
2019-05-15,100000000.0,0.0,0.0
2019-05-16,100000000.0,0.0,0.0
2019-05-17,100000000.0,0.0,0.0
2019-05-20,100000000.0,0.0,0.0
2019-05-21,100000000.0,0.0,0.0
2019-05-22,100000000.0,0.0,0.0
2019-05-23,100000000.0,0.0,0.0
2019-05-24,100000000.0,0.0,0.0
2019-05-27,100000000.0,0.0,0.0
2019-05-28,100000000.0,0.0,0.0
2019-05-29,100000000.0,0.0,0.0
2019-05-30,100000000.0,0.0,0.0
2019-05-31,100000000.0,0.0,0.0
2019-06-03,100000000.0,0.0,0.0
2019-06-04,100000000.0,0.0,0.0
2019-06-05,100000000.0,0.0,0.0
2019-06-06,100000000.0,0.0,0.0
2019-06-07,100000000.0,0.0,0.0
2019-06-10,100000000.0,0.0,0.0
2019-06-11,100000000.0,0.0,0.0
2019-06-12,100000000.0,0.0,0.0
2019-06-13,100000000.0,0.0,0.0
2019-06-14,100000000.0,0.0,0.0
2019-06-17,100000000.0,0.0,0.0
2019-06-18,100000000.0,0.0,0.0
2019-06-19,100000000.0,0.0,0.0
2019-06-20,100000000.0,0.0,0.0
2019-06-21,100000000.0,0.0,0.0
2019-06-24,100000000.0,0.0,0.0
2019-06-25,100000000.0,0.0,0.0
2019-06-26,100000000.0,0.0,0.0
2019-06-27,100000000.0,0.0,0.0
2019-06-28,100000000.0,0.0,0.0
2019-07-01,100000000.0,0.0,0.0
2019-07-02,100000000.0,0.0,0.0
2019-07-03,100000000.0,0.0,0.0
2019-07-04,100000000.0,0.0,0.0
2019-07-05,100000000.0,0.0,0.0
2019-07-08,100000000.0,0.0,0.0
2019-07-09,100000000.0,0.0,0.0
2019-07-10,100000000.0,0.0,0.0
2019-07-11,100000000.0,0.0,0.0
2019-07-12,100000000.0,0.0,0.0
2019-07-15,100000000.0,0.0,0.0
2019-07-16,100000000.0,0.0,0.0
2019-07-17,100000000.0,0.0,0.0
2019-07-18,100000000.0,0.0,0.0
2019-07-19,100000000.0,0.0,0.0
2019-07-22,100000000.0,0.0,0.0
2019-07-23,100000000.0,0.0,0.0
2019-07-24,100000000.0,0.0,0.0
2019-07-25,100000000.0,0.0,0.0
2019-07-26,100000000.0,0.0,0.0
2019-07-29,100000000.0,0.0,0.0
2019-07-30,100000000.0,0.0,0.0
2019-07-31,100000000.0,0.0,0.0
2019-08-01,100000000.0,0.0,0.0
2019-08-02,100000000.0,0.0,0.0
2019-08-05,100000000.0,0.0,0.0
2019-08-06,100000000.0,0.0,0.0
2019-08-07,100000000.0,0.0,0.0
2019-08-08,100000000.0,0.0,0.0
2019-08-09,100000000.0,0.0,0.0
2019-08-12,100000000.0,0.0,0.0
2019-08-13,100000000.0,0.0,0.0
2019-08-14,100000000.0,0.0,0.0
2019-08-15,100000000.0,0.0,0.0
2019-08-16,100000000.0,0.0,0.0
2019-08-19,100000000.0,0.0,0.0
2019-08-20,100000000.0,0.0,0.0
2019-08-21,100000000.0,0.0,0.0
2019-08-22,100000000.0,0.0,0.0
2019-08-23,100000000.0,0.0,0.0
2019-08-26,100000000.0,0.0,0.0
2019-08-27,100000000.0,0.0,0.0
2019-08-28,100000000.0,0.0,0.0
2019-08-29,100000000.0,0.0,0.0
2019-08-30,100000000.0,0.0,0.0
2019-09-03,100000000.0,0.0,0.0
2019-09-04,100000000.0,0.0,0.0
2019-09-05,100000000.0,0.0,0.0
2019-09-06,100000000.0,0.0,0.0
2019-09-09,100000000.0,0.0,0.0
2019-09-10,100000000.0,0.0,0.0
2019-09-11,100000000.0,0.0,0.0
2019-09-12,100000000.0,0.0,0.0
2019-09-13,100000000.0,0.0,0.0
2019-09-16,100000000.0,0.0,0.0
2019-09-17,100000000.0,0.0,0.0
2019-09-18,100000000.0,0.0,0.0
2019-09-19,100000000.0,0.0,0.0
2019-09-20,100000000.0,0.0,0.0
2019-09-23,100000000.0,0.0,0.0
2019-09-24,100000000.0,0.0,0.0
2019-09-25,100000000.0,0.0,0.0
2019-09-26,100000000.0,0.0,0.0
2019-09-27,100000000.0,0.0,0.0
2019-09-30,100000000.0,0.0,0.0
2019-10-01,100000000.0,0.0,0.0
2019-10-02,100000000.0,0.0,0.0
2019-10-03,100000000.0,0.0,0.0
2019-10-04,100000000.0,0.0,0.0
2019-10-07,100000000.0,0.0,0.0
2019-10-08,100000000.0,0.0,0.0
2019-10-09,100000000.0,0.0,0.0
2019-10-10,100000000.0,0.0,0.0
2019-10-11,100000000.0,0.0,0.0
2019-10-14,100000000.0,0.0,0.0
2019-10-15,100000000.0,0.0,0.0
2019-10-16,100000000.0,0.0,0.0
2019-10-17,100000000.0,0.0,0.0
2019-10-18,100000000.0,0.0,0.0
2019-10-21,100000000.0,0.0,0.0
2019-10-22,100000000.0,0.0,0.0
2019-10-23,100000000.0,0.0,0.0
2019-10-24,100000000.0,0.0,0.0
2019-10-25,100000000.0,0.0,0.0
2019-10-28,100000000.0,0.0,0.0
2019-10-29,100000000.0,0.0,0.0
2019-10-30,100000000.0,0.0,0.0
2019-10-31,100000000.0,0.0,0.0
2019-11-01,100000000.0,0.0,0.0
2019-11-04,100000000.0,0.0,0.0
2019-11-05,100000000.0,0.0,0.0
2019-11-06,100000000.0,0.0,0.0
2019-11-07,100000000.0,0.0,0.0
2019-11-08,100000000.0,0.0,0.0
2019-11-11,100000000.0,0.0,0.0
2019-11-12,100000000.0,0.0,0.0
2019-11-13,100000000.0,0.0,0.0
2019-11-14,100000000.0,0.0,0.0
2019-11-15,100000000.0,0.0,0.0
2019-11-18,100000000.0,0.0,0.0
2019-11-19,100000000.0,0.0,0.0
2019-11-20,100000000.0,0.0,0.0
2019-11-21,100000000.0,0.0,0.0
2019-11-22,100000000.0,0.0,0.0
2019-11-25,100000000.0,0.0,0.0
2019-11-26,100000000.0,0.0,0.0
2019-11-27,100000000.0,0.0,0.0
2019-11-28,100000000.0,0.0,0.0
2019-11-29,100000000.0,0.0,0.0
2019-12-02,100000000.0,0.0,0.0
2019-12-03,100000000.0,0.0,0.0
2019-12-04,100000000.0,0.0,0.0
2019-12-05,100000000.0,0.0,0.0
2019-12-06,100000000.0,0.0,0.0
2019-12-09,100000000.0,0.0,0.0
2019-12-10,100000000.0,0.0,0.0
2019-12-11,100000000.0,0.0,0.0
2019-12-12,100000000.0,0.0,0.0
2019-12-13,100000000.0,0.0,0.0
2019-12-16,100000000.0,0.0,0.0
2019-12-17,100000000.0,0.0,0.0
2019-12-18,100000000.0,0.0,0.0
2019-12-19,100000000.0,0.0,0.0
2019-12-20,100000000.0,0.0,0.0
2019-12-23,100000000.0,0.0,0.0
2019-12-24,100000000.0,0.0,0.0
2019-12-25,100000000.0,0.0,0.0
2019-12-26,100000000.0,0.0,0.0
2019-12-27,100000000.0,0.0,0.0
2019-12-30,100000000.0,0.0,0.0
2019-12-31,100000000.0,0.0,0.0
2020-01-02,100000000.0,0.0,0.0
2020-01-03,100000000.0,0.0,0.0
2020-01-06,100000000.0,0.0,0.0
2020-01-07,100000000.0,0.0,0.0
2020-01-08,100000000.0,0.0,0.0
2020-01-09,100000000.0,0.0,0.0
2020-01-10,100000000.0,0.0,0.0
2020-01-13,100000000.0,0.0,0.0
2020-01-14,100000000.0,0.0,0.0
2020-01-15,100000000.0,0.0,0.0
2020-01-16,100000000.0,0.0,0.0
2020-01-17,100000000.0,0.0,0.0
2020-01-20,100000000.0,0.0,0.0
2020-01-21,100000000.0,0.0,0.0
2020-01-22,100000000.0,0.0,0.0
2020-01-30,100000000.0,0.0,0.0
2020-01-31,100000000.0,0.0,0.0
2020-02-03,100000000.0,0.0,0.0
2020-02-04,100000000.0,0.0,0.0
2020-02-05,100000000.0,0.0,0.0
2020-02-06,100000000.0,0.0,0.0
2020-02-07,100000000.0,0.0,0.0
2020-02-10,100000000.0,0.0,0.0
2020-02-11,100000000.0,0.0,0.0
2020-02-12,100000000.0,0.0,0.0
2020-02-13,100000000.0,0.0,0.0
2020-02-14,100000000.0,0.0,0.0
2020-02-17,100000000.0,0.0,0.0
2020-02-18,100000000.0,0.0,0.0
2020-02-19,100000000.0,0.0,0.0
2020-02-20,100000000.0,0.0,0.0
2020-02-21,100000000.0,0.0,0.0
2020-02-24,100000000.0,0.0,0.0
2020-02-25,100000000.0,0.0,0.0
2020-02-26,100000000.0,0.0,0.0
2020-02-27,100000000.0,0.0,0.0
2020-02-28,100000000.0,0.0,0.0
2020-03-02,100000000.0,0.0,0.0
2020-03-03,100000000.0,0.0,0.0
2020-03-04,100000000.0,0.0,0.0
2020-03-05,100000000.0,0.0,0.0
2020-03-06,100000000.0,0.0,0.0
2020-03-09,100000000.0,0.0,0.0
2020-03-10,100000000.0,0.0,0.0
2020-03-11,100000000.0,0.0,0.0
2020-03-12,100000000.0,0.0,0.0
2020-03-13,100000000.0,0.0,0.0
2020-03-16,100000000.0,0.0,0.0
2020-03-17,100000000.0,0.0,0.0
2020-03-18,100000000.0,0.0,0.0
2020-03-19,100000000.0,0.0,0.0
2020-03-20,100000000.0,0.0,0.0
2020-03-23,100000000.0,0.0,0.0
2020-03-24,100000000.0,0.0,0.0
2020-03-25,100000000.0,0.0,0.0
2020-03-26,100000000.0,0.0,0.0
2020-03-27,100000000.0,0.0,0.0
2020-03-30,100000000.0,0.0,0.0
2020-03-31,100000000.0,0.0,0.0
2020-04-01,100000000.0,0.0,0.0
2020-04-03,100000000.0,0.0,0.0
2020-04-06,100000000.0,0.0,0.0
2020-04-07,100000000.0,0.0,0.0
2020-04-08,100000000.0,0.0,0.0
2020-04-09,100000000.0,0.0,0.0
2020-04-10,100000000.0,0.0,0.0
2020-04-13,100000000.0,0.0,0.0
2020-04-14,100000000.0,0.0,0.0
2020-04-15,100000000.0,0.0,0.0
2020-04-16,100000000.0,0.0,0.0
2020-04-17,100000000.0,0.0,0.0
2020-04-20,100000000.0,0.0,0.0
2020-04-21,100000000.0,0.0,0.0
2020-04-22,100000000.0,0.0,0.0
2020-04-23,100000000.0,0.0,0.0
2020-04-24,100000000.0,0.0,0.0
2020-04-27,100000000.0,0.0,0.0
2020-04-28,100000000.0,0.0,0.0
2020-04-29,100000000.0,0.0,0.0
2020-05-04,100000000.0,0.0,0.0
2020-05-05,100000000.0,0.0,0.0
2020-05-06,100000000.0,0.0,0.0
2020-05-07,100000000.0,0.0,0.0
2020-05-08,100000000.0,0.0,0.0
2020-05-11,100000000.0,0.0,0.0
2020-05-12,100000000.0,0.0,0.0
2020-05-13,100000000.0,0.0,0.0
2020-05-14,100000000.0,0.0,0.0
2020-05-15,100000000.0,0.0,0.0
2020-05-18,100000000.0,0.0,0.0
2020-05-19,100000000.0,0.0,0.0
2020-05-20,100000000.0,0.0,0.0
2020-05-21,100000000.0,0.0,0.0
2020-05-22,100000000.0,0.0,0.0
2020-05-25,100000000.0,0.0,0.0
2020-05-26,100000000.0,0.0,0.0
2020-05-27,100000000.0,0.0,0.0
2020-05-28,100000000.0,0.0,0.0
2020-05-29,100000000.0,0.0,0.0
2020-06-01,100000000.0,0.0,0.0
2020-06-02,100000000.0,0.0,0.0
2020-06-03,100000000.0,0.0,0.0
2020-06-04,100000000.0,0.0,0.0
2020-06-05,100000000.0,0.0,0.0
2020-06-08,100000000.0,0.0,0.0
2020-06-09,100000000.0,0.0,0.0
2020-06-10,100000000.0,0.0,0.0
2020-06-11,100000000.0,0.0,0.0
2020-06-12,100000000.0,0.0,0.0
2020-06-15,100000000.0,0.0,0.0
2020-06-16,100000000.0,0.0,0.0
2020-06-17,100000000.0,0.0,0.0
2020-06-18,100000000.0,0.0,0.0
2020-06-19,100000000.0,0.0,0.0
2020-06-22,100000000.0,0.0,0.0
2020-06-23,100000000.0,0.0,0.0
2020-06-24,100000000.0,0.0,0.0
2020-06-25,100000000.0,0.0,0.0
2020-06-26,100000000.0,0.0,0.0
2020-06-29,100000000.0,0.0,0.0
2020-06-30,100000000.0,0.0,0.0
2020-07-01,100000000.0,0.0,0.0
2020-07-02,100000000.0,0.0,0.0
2020-07-03,100000000.0,0.0,0.0
2020-07-06,100000000.0,0.0,0.0
2020-07-07,100000000.0,0.0,0.0
2020-07-08,100000000.0,0.0,0.0
2020-07-09,100000000.0,0.0,0.0
2020-07-10,100000000.0,0.0,0.0
2020-07-13,100000000.0,0.0,0.0
2020-07-14,100000000.0,0.0,0.0
2020-07-15,100000000.0,0.0,0.0
2020-07-16,100000000.0,0.0,0.0
2020-07-17,100000000.0,0.0,0.0
2020-07-20,100000000.0,0.0,0.0
2020-07-21,100000000.0,0.0,0.0
2020-07-22,100000000.0,0.0,0.0
2020-07-23,100000000.0,0.0,0.0
2020-07-24,100000000.0,0.0,0.0
2020-07-27,100000000.0,0.0,0.0
2020-07-28,100000000.0,0.0,0.0
2020-07-29,100000000.0,0.0,0.0
2020-07-30,100000000.0,0.0,0.0
2020-07-31,100000000.0,0.0,0.0
2020-08-03,100000000.0,0.0,0.0
2020-08-04,100000000.0,0.0,0.0
2020-08-05,100000000.0,0.0,0.0
2020-08-06,100000000.0,0.0,0.0
2020-08-07,100000000.0,0.0,0.0
2020-08-10,100000000.0,0.0,0.0
2020-08-11,100000000.0,0.0,0.0
2020-08-12,100000000.0,0.0,0.0
2020-08-13,100000000.0,0.0,0.0
2020-08-14,100000000.0,0.0,0.0
2020-08-17,100000000.0,0.0,0.0
2020-08-18,100000000.0,0.0,0.0
2020-08-19,100000000.0,0.0,0.0
2020-08-20,100000000.0,0.0,0.0
2020-08-21,100000000.0,0.0,0.0
2020-08-24,100000000.0,0.0,0.0
2020-08-25,100000000.0,0.0,0.0
2020-08-26,100000000.0,0.0,0.0
2020-08-27,100000000.0,0.0,0.0
2020-08-28,100000000.0,0.0,0.0
2020-08-31,100000000.0,0.0,0.0
2020-09-01,100000000.0,0.0,0.0
2020-09-03,100000000.0,0.0,0.0
2020-09-04,100000000.0,0.0,0.0
2020-09-07,100000000.0,0.0,0.0
2020-09-08,100000000.0,0.0,0.0
2020-09-09,100000000.0,0.0,0.0
2020-09-10,100000000.0,0.0,0.0
2020-09-11,100000000.0,0.0,0.0
2020-09-14,100000000.0,0.0,0.0
2020-09-15,100000000.0,0.0,0.0
2020-09-16,100000000.0,0.0,0.0
2020-09-17,100000000.0,0.0,0.0
2020-09-18,100000000.0,0.0,0.0
2020-09-21,100000000.0,0.0,0.0
2020-09-22,100000000.0,0.0,0.0
2020-09-23,100000000.0,0.0,0.0
2020-09-24,100000000.0,0.0,0.0
2020-09-25,100000000.0,0.0,0.0
2020-09-28,100000000.0,0.0,0.0
2020-09-29,100000000.0,0.0,0.0
2020-09-30,100000000.0,0.0,0.0
2020-10-01,100000000.0,0.0,0.0
2020-10-02,100000000.0,0.0,0.0
2020-10-05,100000000.0,0.0,0.0
2020-10-06,100000000.0,0.0,0.0
2020-10-07,100000000.0,0.0,0.0
2020-10-08,100000000.0,0.0,0.0
2020-10-09,100000000.0,0.0,0.0
2020-10-12,100000000.0,0.0,0.0
2020-10-13,100000000.0,0.0,0.0
2020-10-14,100000000.0,0.0,0.0
2020-10-15,100000000.0,0.0,0.0
2020-10-16,100000000.0,0.0,0.0
2020-10-19,100000000.0,0.0,0.0
2020-10-20,100000000.0,0.0,0.0
2020-10-21,100000000.0,0.0,0.0
2020-10-22,100000000.0,0.0,0.0
2020-10-23,100000000.0,0.0,0.0
2020-10-26,100000000.0,0.0,0.0
2020-10-27,100000000.0,0.0,0.0
2020-10-28,100000000.0,0.0,0.0
2020-10-29,100000000.0,0.0,0.0
2020-10-30,100000000.0,0.0,0.0
2020-11-02,100000000.0,0.0,0.0
2020-11-03,100000000.0,0.0,0.0
2020-11-04,100000000.0,0.0,0.0
2020-11-05,100000000.0,0.0,0.0
2020-11-06,100000000.0,0.0,0.0
2020-11-09,100000000.0,0.0,0.0
2020-11-10,100000000.0,0.0,0.0
2020-11-11,100000000.0,0.0,0.0
2020-11-12,100000000.0,0.0,0.0
2020-11-13,100000000.0,0.0,0.0
2020-11-16,100000000.0,0.0,0.0
2020-11-17,100000000.0,0.0,0.0
2020-11-18,100000000.0,0.0,0.0
2020-11-19,100000000.0,0.0,0.0
2020-11-20,100000000.0,0.0,0.0
2020-11-23,100000000.0,0.0,0.0
2020-11-24,100000000.0,0.0,0.0
2020-11-25,100000000.0,0.0,0.0
2020-11-26,100000000.0,0.0,0.0
2020-11-27,100000000.0,0.0,0.0
2020-11-30,100000000.0,0.0,0.0
2020-12-01,100000000.0,0.0,0.0
2020-12-02,100000000.0,0.0,0.0
2020-12-03,100000000.0,0.0,0.0
2020-12-04,100000000.0,0.0,0.0
2020-12-07,100000000.0,0.0,0.0
2020-12-08,100000000.0,0.0,0.0
2020-12-09,100000000.0,0.0,0.0
2020-12-10,100000000.0,0.0,0.0
2020-12-11,100000000.0,0.0,0.0
2020-12-14,100000000.0,0.0,0.0
2020-12-15,100000000.0,0.0,0.0
2020-12-16,100000000.0,0.0,0.0
2020-12-17,100000000.0,0.0,0.0
2020-12-18,100000000.0,0.0,0.0
2020-12-21,100000000.0,0.0,0.0
2020-12-22,100000000.0,0.0,0.0
2020-12-23,100000000.0,0.0,0.0
2020-12-24,100000000.0,0.0,0.0
2020-12-25,100000000.0,0.0,0.0
2020-12-28,100000000.0,0.0,0.0
2020-12-29,100000000.0,0.0,0.0
2020-12-30,100000000.0,0.0,0.0
2020-12-31,100000000.0,0.0,0.0
2021-01-04,100000000.0,0.0,0.0
2021-01-05,99880000.0,-0.0012,-0.0011999999999999789
2021-01-06,100205423.51745832,0.003258144948521422,0.0
2021-01-07,102736780.11624363,0.025261672571487957,0.0
2021-01-08,104208665.15354653,0.014326758495229283,0.0
2021-01-11,106481917.5698779,0.021814427936312553,0.0
2021-01-12,106985427.85119969,0.004728598928464725,0.0
2021-01-13,106919215.62478557,-0.0006188901399376117,-0.0006188901399376556
2021-01-14,109178262.55585964,0.02112854006525638,0.0
2021-01-15,110121698.50481725,0.008641243475320103,0.0
2021-01-18,110121090.04077187,-5.5253783190509764e-06,-5.52537831910449e-06
2021-01-19,106571731.04215807,-0.03223141904334283,-0.03223676633087791
2021-01-20,106058766.44338505,-0.004813327077985596,-0.03689492730857635
2021-01-21,107087333.78827031,0.009698088893333647,-0.027554648699994355
2021-01-22,106230228.38272554,-0.00800379816383714,-0.035337905017161386
2021-01-25,106460737.79103494,0.0021699041018618764,-0.03324468078034737
2021-01-26,105171122.4617089,-0.012113529889839183,-0.04495550023587569
2021-01-27,101831077.52742037,-0.03175819422774144,-0.07528598895552097
2021-01-28,96554597.51526466,-0.05181600882829603,-0.12320097831545063
2021-01-29,98069501.1332367,0.015689606263777855,-0.10944434689275451
2021-02-01,93090995.6240755,-0.05076507427520645,-0.15465347076894875
2021-02-02,96031135.62728572,0.03158350583211324,-0.12795446373282315
2021-02-03,99580125.93018323,0.03695666285434537,-0.0957265708553603
2021-02-04,100496824.43653464,0.009205637146855178,-0.08740215778511229
2021-02-05,103016816.6303465,0.0250753415139329,-0.06451845522669575
2021-02-08,99223552.71438858,-0.03682179317935277,-0.09896456319143976
2021-02-09,102834982.09833585,0.036396896554819376,-0.06616966960569215
2021-02-17,107832594.11803149,0.04859836524225461,-0.02078704213489424
2021-02-18,108450028.94452581,0.005725864536083486,-0.015180201386181036
2021-02-19,107439982.35838978,-0.009313474564886338,-0.02435229553156737
2021-02-22,107953025.92934245,0.00477516432608206,-0.019693417418365833
2021-02-23,106813451.5335223,-0.010556206146236525,-0.030041735790610202
2021-02-24,105194479.39833204,-0.015157006088153147,-0.04474339910648639
2021-02-25,104808567.82674679,-0.003668553462049567,-0.048247809016840004
2021-02-26,107465050.24106368,0.02534604249824476,-0.024124657536383265
2021-03-01,111855875.73696855,0.040858171899193656,0.0
2021-03-02,112492757.20775267,0.005693768580219853,0.0
2021-03-03,113322464.56897277,0.0073756513913849605,0.0
2021-03-04,111066055.94691116,-0.01991139736189082,-0.019911397361890848
2021-03-05,113265193.60696274,0.019800267879348823,-0.000505380484159601
2021-03-08,115384861.8108784,0.018714206336600068,0.0
2021-03-09,115835743.87721285,0.00390763622938228,0.0
2021-03-10,115740247.2309834,-0.0008244143218061725,-0.0008244143218061328
2021-03-11,115691570.71221499,-0.00042056691542459625,-0.0012446345158424466
2021-03-12,115362785.66417396,-0.00284191014104986,-0.004083007517439841
2021-03-15,116037117.19948211,0.005845312519334967,0.0
2021-03-16,115916424.72530183,-0.0010401195504779381,-0.0010401195504778915
2021-03-17,117749545.33392863,0.01581415759648314,0.0
2021-03-18,117578669.83228698,-0.0014511775918714274,-0.001451177591871411
2021-03-19,116742769.90693125,-0.007109282036852871,-0.008550142797938087
2021-03-22,116198136.5252082,-0.004665242928167925,-0.013175497232883138
2021-03-23,114763623.70127857,-0.01234540300582559,-0.025358243415566695
2021-03-24,112984474.82829723,-0.015502724779868714,-0.040467846326862955
2021-03-25,111985674.70682871,-0.008840153684711046,-0.048950258030755256
2021-03-26,112305071.15293875,0.0028521187816763108,-0.04623775119937634
2021-03-29,114349848.82469979,0.01820734941680796,-0.02887226867490289
2021-03-30,117156482.6111098,0.024544271944885735,-0.005036645544039708
2021-03-31,118921439.84592432,0.015064955822147192,0.0
2021-04-01,119129235.67048442,0.0017473369379762634,0.0
2021-04-02,119210600.93469088,0.00068299996846713,0.0
2021-04-05,119611961.39374304,0.0033668185203767605,0.0
2021-04-06,118835794.99991441,-0.006489036587851088,-0.006489036587851049
2021-04-07,119530596.12953658,0.0058467327089676705,-0.0006802435413513219
2021-04-08,119738391.9540967,0.00173843209428095,0.0
2021-04-09,121204976.81350349,0.012248242484908424,0.0
2021-04-12,122474303.21532488,0.010472560081212555,0.0
2021-04-13,121258510.6387994,-0.009926919726074838,-0.009926919726074845
2021-04-14,122331768.59739932,0.00885099077125323,-0.0011637920297040694
2021-04-15,121614372.5849106,-0.005864347591096415,-0.007021314739814599
2021-04-16,122363483.76167384,0.006159725703803722,-0.000904838408888109
2021-04-19,123738858.02421221,0.011240071140971896,0.0
2021-04-20,123470856.50897402,-0.002165863816083993,-0.0021658638160839683
2021-04-22,120502539.64779866,-0.024040627441177728,-0.02615442253217093
2021-04-23,124848594.42273606,0.036066084479546484,0.0
2021-04-26,124584774.46225876,-0.002113119188062428,-0.002113119188062451
2021-04-27,124909844.73489223,0.0026092295309484517,0.0
2021-04-28,125029608.98932432,0.0009588055664168743,0.0
2021-04-29,127354727.16723159,0.018596540425122852,0.0
2021-05-04,129075373.35512207,0.013510658191989027,0.0
2021-05-05,128856062.88054875,-0.0016990884385818918,-0.0016990884385819083
2021-05-06,128594561.05876386,-0.0020294103043277003,-0.003725050595324353
2021-05-07,132057283.06097785,0.02692743747250418,0.0
2021-05-10,137049334.4468445,0.03780216637927911,0.0
2021-05-11,134808171.3821008,-0.016352965695086596,-0.016352965695086596
2021-05-12,136497869.0657175,0.01253408948651497,-0.00402384574396375
2021-05-13,136921869.52455997,0.003106278960577394,-0.0009300659707613956
2021-05-14,135697917.8434387,-0.008939051777274463,-0.009860803840166965
2021-05-17,135067630.2751445,-0.004644784373341826,-0.014459786905923422
2021-05-18,137287966.65615356,0.01643870094178786,0.0
2021-05-19,138326444.92311144,0.007564233721654673,0.0
2021-05-20,140665985.83143914,0.016913186120182076,0.0
2021-05-21,140590452.07076132,-0.0005369724616178856,-0.0005369724616178795
2021-05-24,139404856.09500733,-0.00843297648091539,-0.008965420666393609
2021-05-25,141489622.87775177,0.014954764426022758,0.0
2021-05-26,143562665.95983154,0.014651555640026653,0.0
2021-05-27,144403707.83899772,0.005858360692476324,0.0
2021-05-28,149381806.62633038,0.03447348313855599,0.0
2021-05-31,154174458.46458966,0.03208323655000244,0.0
2021-06-01,153966760.52942672,-0.0013471617622748786,-0.0013471617622748955
2021-06-02,158053903.92908177,0.026545621831628348,0.0
2021-06-03,164999150.55897614,0.043942265627369026,0.0
2021-06-04,165266777.29816097,0.0016219885876877164,0.0
2021-06-07,157491205.1178519,-0.04704861017699279,-0.0470486101769928
2021-06-08,150828674.11982363,-0.04230414640006503,-0.08736240528421069
2021-06-09,157906453.8672456,0.04692595614676783,-0.0445360135366859
2021-06-10,155452678.34567922,-0.015539425156297398,-0.05938337464387011
2021-06-11,158187548.42585465,0.017592942812435272,-0.042835160145553886
2021-06-14,159552411.42797884,0.008628131706358204,-0.03457661584259453
2021-06-15,158923689.84518275,-0.003940533252798242,-0.03838089879089579
2021-06-16,159373209.04043427,0.0028285222655566864,-0.035660937752141186
2021-06-17,163921746.8229221,0.028540165626795146,-0.008138541195198967
2021-06-18,164401666.51171082,0.0029277365455795774,-0.005234632154104246
2021-06-21,161342211.26494348,-0.01860963645736163,-0.023746854010090024
2021-06-22,160509536.74121755,-0.005160921727783775,-0.028785220083046625
2021-06-23,158970747.786301,-0.009586900480545826,-0.03809615952334566
2021-06-24,156488835.04815415,-0.015612386383708737,-0.053113773944840514
2021-06-25,161886930.17965198,0.034495081580975084,-0.02045085632916621
2021-06-28,163801492.54100507,0.011826540655434247,-0.008866178557547233
2021-06-29,163002123.36224306,-0.00488010924907726,-0.01370301988664191
2021-06-30,161299915.3759415,-0.010442857744366424,-0.02400277894366387
2021-07-01,166969136.2005577,0.03514707872848525,0.0
2021-07-02,172475717.41839498,0.03297963529752561,0.0
2021-07-05,169742504.44545835,-0.015846943638485343,-0.015846943638485378
2021-07-06,162172068.68816683,-0.04459952904562014,-0.05973970646101656
2021-07-07,164319096.92440242,0.013239198670912992,-0.047291413632483015
2021-07-08,162820401.10224494,-0.009120643006253686,-0.055980728537733726
2021-07-09,156773388.92168805,-0.03713915541062697,-0.09104080697119765
2021-07-12,149377335.68333077,-0.04717671340288355,-0.13392251431563373
2021-07-13,152744578.0205569,0.022541855642441197,-0.11439952065816839
2021-07-14,149490833.04246864,-0.021301868912494946,-0.13326446597795072
2021-07-15,152250898.00686306,0.018463105116353976,-0.1172618367052225
2021-07-16,152810423.85714734,0.0036750249595181796,-0.11401775192239494
2021-07-19,147686539.17797258,-0.033530989246942616,-0.14372561315566712
2021-07-20,151023625.1540537,0.022595735499358418,-0.12437746359565727
2021-07-21,152009756.93003714,0.006529652396951376,-0.11865995280200003
2021-07-22,153866081.24340773,0.012211876072040318,-0.10789713736829187
2021-07-23,152918306.89958602,-0.006159735376131255,-0.1133922549303924
2021-07-26,152424725.1375124,-0.0032277480184092484,-0.11625400132264707
2021-07-27,151010891.0652296,-0.009275621596215956,-0.12445129479354822
2021-07-28,148266810.3866072,-0.018171409090203178,-0.14036124849425236
2021-07-29,152890790.08586118,0.031186883208702627,-0.11355179514936764
2021-07-30,153611179.83350322,0.004711792955203385,-0.10937503474259969
2021-08-02,153499336.78975558,-0.0007280918216295106,-0.1100234914959427
2021-08-03,159584448.75563386,0.039642594509792003,-0.07474251364607587
2021-08-04,158723458.17905307,-0.005395203500681935,-0.07973446607548473
2021-08-05,159529896.69179973,0.005080777107545963,-0.07505880201785753
2021-08-06,158883019.34639546,-0.004054897287710201,-0.07880934357284675
2021-08-09,163164467.38940057,0.026947171954673964,-0.053985860551065246
2021-08-10,163208445.0833396,0.0002695298470473666,-0.05373088150475491
2021-08-11,161094895.56522763,-0.012950000945310925,-0.06598506748378696
2021-08-12,159412426.00796962,-0.010443965659835415,-0.07573988736475978
2021-08-13,164257338.55711526,0.030392314266037352,-0.04764948355798648
2021-08-16,165611854.00197414,0.008246300937037826,-0.039796114601862165
2021-08-17,166367341.4594261,0.004561795784515303,-0.03541586056517776
2021-08-18,165941252.62647188,-0.0025611326671235116,-0.03788628851487352
2021-08-19,165841092.49378163,-0.0006035879029773743,-0.038467008712414597
2021-08-20,162602694.88262346,-0.019527112143690135,-0.05724297126314515
2021-08-23,159685054.65748653,-0.01794336943334836,-0.0741592089156563
2021-08-24,160802738.32882828,0.0069993004275766555,-0.06767897107075171
2021-08-25,161745550.0369826,0.005863157045412678,-0.0622126264613988
2021-08-26,161870750.20284545,0.0007740563238632017,-0.061486726214472265
2021-08-27,163661210.3751582,0.011061048213275426,-0.05110578564433155
2021-08-30,165953017.64023644,0.0140033625550292,-0.0378180759343395
2021-08-31,166820529.095685,0.005227452129428671,-0.032788315986484684
2021-09-01,168009074.01563168,0.007124692185006465,-0.025897230460146692
2021-09-06,171271710.87308976,0.01941940860381462,-0.006980730756344755
2021-09-07,168649079.67198175,-0.015312693425777396,-0.02218653039216234
2021-09-08,169837624.59192842,0.0070474438535826035,-0.015295444865824348
2021-09-09,170154535.51113427,0.0018659641523325078,-0.013458021465305392
2021-09-10,169997653.05658975,-0.0009219998401644053,-0.014367613011829872
2021-09-13,172115717.05051515,0.012459371972743176,-0.002087252473961576
2021-09-14,175678174.7226959,0.02069803811778083,0.0
2021-09-15,179213246.6193548,0.020122430701701905,0.0
2021-09-16,175736442.63396022,-0.01940037386175619,-0.019400373861756193
2021-09-17,179575001.42894667,0.021842702273095142,0.0
2021-09-20,178667540.2850146,-0.005053382356737076,-0.005053382356737024
2021-09-21,180941989.6125904,0.012730064587823555,0.0
2021-09-22,181388476.52912515,0.0024675693988482814,0.0
2021-09-23,178990681.20631573,-0.013219116057928956,-0.013219116057928915
2021-09-24,177881293.27741924,-0.006198020597607189,-0.019335204301926923
2021-09-27,173522401.284948,-0.024504499108139653,-0.043365903913494375
2021-09-28,177234551.4287553,0.0213929159366084,-0.022900711113822303
2021-09-29,177166327.26747566,-0.0003849371396811037,-0.02327683291927063
2021-09-30,179018906.66331562,0.010456724053680021,-0.013063508284271053
2021-10-01,180609024.97587204,0.008882404334794551,-0.004297139312088305
2021-10-04,183490437.95945564,0.01595387043348766,0.0
2021-10-05,186017020.4427534,0.013769559391732682,0.0
2021-10-06,190072754.83615145,0.02180302847419382,0.0
2021-10-07,192366859.33016688,0.012069612480720943,0.0
2021-10-08,189262847.95376363,-0.0161358946505214,-0.016135894650521454
2021-10-11,191600319.90866125,0.012350400409639032,-0.003984779000784089
2021-10-12,194402038.43006113,0.014622723608893277,0.0
2021-10-13,198676283.428595,0.02198662644204523,0.0
2021-10-14,201085092.01020253,0.012124288516164313,0.0
2021-10-15,202683036.48602757,0.007946608372857229,0.0
2021-10-18,199194375.97812694,-0.017212395118923158,-0.01721239511892314
2021-10-19,204004447.75373805,0.0241476284257106,0.0
2021-10-20,206822193.49897304,0.013812178000336591,0.0
2021-10-21,208573946.27541053,0.008469849133701357,0.0
2021-10-22,207285011.70397195,-0.006179748690838946,-0.0061797486908389265
2021-10-25,203401272.98993945,-0.0187362254612936,-0.0248001889873668
2021-10-26,205361336.31474584,0.009636435878665027,-0.015402738539657346
2021-10-27,207137401.32074916,0.008648487772212606,-0.006887461163363584
2021-10-28,212221342.8245996,0.02454381232666921,0.0
2021-10-29,213344075.46865562,0.005290385166321174,0.0
2021-11-01,214328492.25807518,0.00461422135701252,0.0
2021-11-02,214138180.12322834,-0.0008879460348075397,-0.0008879460348075741
2021-11-03,206832315.03338206,-0.03411752675605087,-0.03497517826825791
2021-11-04,207379215.10632706,0.002644171307838095,-0.03242348732328326
2021-11-05,210390486.6864004,0.0145206045771242,-0.018373691384591884
2021-11-08,216771234.8174629,0.030328120969525415,0.0
2021-11-09,219799595.37987417,0.013970306369114786,0.0
2021-11-10,223723993.90769255,0.01785443927244698,0.0
2021-11-11,223805806.72990808,0.00036568640129535176,0.0
2021-11-12,228469950.3654971,0.020840136829951807,0.0
2021-11-15,233296755.0401898,0.02112664999038587,0.0
2021-11-16,232232339.85596097,-0.004562494596401359,-0.004562494596401345
2021-11-17,240494122.05129287,0.03557550253533234,0.0
2021-11-18,246447482.00665197,0.02475470046660584,0.0
2021-11-19,244451582.787791,-0.00809867969682515,-0.008098679696825206
2021-11-22,242266806.98616296,-0.008937458194020621,-0.01696375627962865
2021-11-23,237411197.51688093,-0.020042405023150193,-0.03666616682870849
2021-11-24,238101148.97912157,0.0029061454112398297,-0.03386657862994569
2021-11-25,240898637.85966215,0.011749161616964241,-0.02251532091871833
2021-11-26,237778429.60366136,-0.012952369858639444,-0.03517606401333251
2021-11-29,241938898.6004731,0.01749725155366946,-0.01829429690037232
2021-11-30,236824557.8150791,-0.021138976886224497,-0.039046551067270174
2021-12-01,235518155.40124556,-0.005516330003468701,-0.04434748740955452
2021-12-02,233660117.64269018,-0.007889148738405736,-0.05188677222361171
2021-12-03,227642895.8263092,-0.02575202767629532,-0.07630261030557095
2021-12-06,222750601.11637995,-0.021491093285257022,-0.09615387707484224
2021-12-07,227342584.34756178,0.020614908369125648,-0.07752117207095066
2021-12-08,227125551.36523223,-0.0009546516898820283,-0.07840181804291357
2021-12-09,230234785.49836156,0.013689495146803116,-0.06578560420370949
2021-12-10,232140570.5324335,0.008277572087756976,-0.05805257719708534
2021-12-13,237110948.78820986,0.021411071078081587,-0.037884473975636324
2021-12-14,240336014.22217217,0.01360150364394594,-0.02479825614251896
2021-12-15,240887016.15452683,0.002292631564761243,-0.022562477842541173
2021-12-16,245691241.7657529,0.01994389605517059,-0.003068565500209286
2021-12-17,240604414.6479841,-0.020704145093697356,-0.023709178568560807
2021-12-20,243488654.14440745,0.011987475377969044,-0.012005916384914217
2021-12-21,248365116.86568815,0.020027474127761936,0.0
2021-12-22,253348511.79105675,0.020064794075182253,0.0
2021-12-23,250647591.1963167,-0.010660889916604617,-0.010660889916604632
2021-12-24,243344184.6943314,-0.029138147576550925,-0.0394883989094682
2021-12-27,249101766.72639194,0.023660240902377536,-0.016762463038137776
2021-12-28,242299350.3491183,-0.027307780537523356,-0.04361249791374733
2021-12-29,246591858.39709523,0.017715722480444368,-0.026669402343021842
2021-12-30,246415438.61150882,-0.0007154323209743687,-0.027365754511578966
2021-12-31,240363654.97382575,-0.024559271414905638,-0.0512529429339611
2022-01-04,241931067.32344836,0.00652100397538592,-0.04506615960319771
2022-01-05,250524424.88896757,0.03551985968809195,-0.01114704358089258
2022-01-06,251684313.9987064,0.004629844416379319,-0.00656880824199535
2022-01-07,255950854.70663947,0.01695195318352258,0.0
2022-01-10,259119092.43700385,0.012378304944500726,0.0
2022-01-11,262635232.24885744,0.013569589869987754,0.0
2022-01-12,256332169.8192479,-0.023999302666434075,-0.02399930266643413
2022-01-13,247404414.05238268,-0.03482885419009488,-0.05799228864329575
2022-01-14,245533513.3089896,-0.007562115456019874,-0.06511585971703615
2022-01-17,238970702.33178234,-0.026728778848809767,-0.09010417115191915
2022-01-18,231675919.603742,-0.030525845456621712,-0.11787951060496038
2022-01-19,231808836.70185423,0.000573719954752167,-0.11737342047769872
2022-01-20,235757395.08428523,0.017033683610213363,-0.10233903857615101
2022-01-21,236285326.75389317,0.0022393005717559673,-0.10032890587199161
2022-01-24,226594764.77694556,-0.04101211916151259,-0.1372263239905379
2022-01-25,229218499.00862634,0.011578971095221558,-0.12723629253430624
2022-01-26,230418291.84766212,0.005234275785876368,-0.12266800659352695
2022-01-27,224962336.89023033,-0.023678480183504366,-0.14344189481375647
2022-01-28,227134370.34869912,0.009655098219968402,-0.13517174217707328
2022-02-07,231004356.83600798,0.01703831296587837,-0.12043652765855084
2022-02-08,239473403.36003608,0.03666184759467694,-0.08819010568572383
2022-02-09,244759892.26817667,0.0220754740775644,-0.0680614700001223
2022-02-10,245387718.9031086,0.0025650715446631656,-0.06567098099544444
2022-02-11,247833355.39403784,0.00996641764250193,-0.056359067776535876
2022-02-14,247073216.53853482,-0.003067137005406131,-0.059253343799574365
2022-02-15,247103226.07294214,0.00012146008712618672,-0.05913908062874862
2022-02-16,243315663.03133744,-0.015327857518487642,-0.07356046274558448
2022-02-17,245603996.62335578,0.009404793606417413,-0.0648474901088818
2022-02-18,252429875.20624638,0.02779221297998003,-0.038857532385224935
2022-02-21,254625197.78870738,0.00869676214302021,-0.030498704958823786
2022-02-22,257988910.4933256,0.013210447095693512,-0.01769115939147592
2022-02-23,263418207.54923752,0.021044691593642702,0.0
2022-02-24,271814316.31633043,0.031873684227099346,0.0
2022-02-25,271762717.25478274,-0.00018983202300369988,-0.00018983202300371094
2022-02-28,267700592.00777778,-0.014947323488808938,-0.01513431803115628
2022-03-01,270741233.9855664,0.011358368522772092,-0.00394785066992287
2022-03-02,273399981.667272,0.009820253984095145,0.0
2022-03-03,274356689.43573475,0.0034992971200235533,0.0
2022-03-04,275266113.7033094,0.003314751571922912,0.0
2022-03-07,268721323.4498569,-0.023776229356391912,-0.023776229356391898
2022-03-08,257401341.48073235,-0.04212535806164568,-0.06490000524304373
2022-03-09,256517792.0268117,-0.0034325751716674717,-0.06810980626807284
2022-03-10,262276301.01489425,0.022448770288341902,-0.04719001737502637
2022-03-11,261290354.84263045,-0.003759188948634024,-0.050771810131858386
2022-03-14,256119862.6344423,-0.019788301069521768,-0.06955542333664633
2022-03-15,261135601.6631397,0.019583561294722083,-0.051334004938217825
2022-03-16,268609034.690988,0.028618974127813102,-0.02418415736960866
2022-03-17,274706662.6117996,0.022700755124735097,-0.002032400879219076
2022-03-18,277160983.80395615,0.008934334423569716,0.0
2022-03-21,280745755.62452585,0.01293389773470174,0.0
2022-03-22,282541075.7526059,0.006394825539165628,0.0
2022-03-23,286035799.38548493,0.012368904675435626,0.0
2022-03-24,286760804.4915724,0.0025346656175382117,0.0
2022-03-25,292260071.1642797,0.019177190838397643,0.0
2022-03-28,294343150.2653723,0.007127484410696923,0.0
2022-03-29,293663381.26572,-0.002309443922983783,-0.0023094439229838226
2022-03-30,291822452.29670095,-0.006268840742364465,-0.008563807129191692
2022-03-31,290008649.4494826,-0.006215432818631138,-0.01472601217993963
2022-04-01,296509405.453423,0.022415731448978,0.0
2022-04-04,289943754.15198874,-0.022143146830010556,-0.022143146830010507
2022-04-05,292031511.0825941,0.0072005583866136605,-0.015102031465009769
2022-04-06,289880311.7913878,-0.00736632592569055,-0.02235711090478898
2022-04-07,281753603.459152,-0.02803470260541252,-0.04976503855486958
2022-04-08,281955084.87281156,0.0007150979124523705,-0.04908552751760087
2022-04-12,275816792.66112375,-0.021770461116020497,-0.06978737406544011
2022-04-13,282849012.9551883,0.02549598313509687,-0.046070688642558366
2022-04-14,288943386.9817898,0.02154638604861274,-0.025516959436963638
2022-04-15,290003803.3634378,0.0036699797587503723,-0.02194062640285177
2022-04-18,284889175.458274,-0.01763641664641903,-0.03919008902054666
2022-04-19,285068702.95051134,0.0006301660705379232,-0.03858461921441081
2022-04-20,279244468.81120884,-0.020430984106710563,-0.05822728157918833
2022-04-21,274274708.63997495,-0.017797166018689668,-0.07498816700079614
2022-04-22,261676015.53767082,-0.04593457838229528,-0.11747819554824879
2022-04-25,247433240.52876204,-0.05442904264513456,-0.1655130124780142
2022-04-26,249242053.64658678,0.007310307677171103,-0.1594126558466329
2022-04-27,254281756.98518524,0.02022011640838314,-0.14241588189643817
2022-04-28,256186825.28226373,0.007491958210708296,-0.1359908975214391
2022-04-29,264605854.6037871,0.032862850430530055,-0.10759709561606967
2022-05-04,269577691.7388134,0.01878959610501055,-0.09082920547975726
2022-05-05,266537663.2277795,-0.011277003269169968,-0.1010819275017959
2022-05-06,262126727.76603943,-0.01654901378035475,-0.11595813507097863
2022-05-09,249049374.23749948,-0.04988943187896549,-0.16006248146950863
2022-05-10,251619575.08218205,0.010320045382774458,-0.151394288159579
2022-05-11,254795889.452672,0.012623478795131626,-0.14068193195073386
2022-05-12,242549157.1101901,-0.048064874079362746,-0.18198494668564313
2022-05-13,232089019.29467452,-0.04312584690106153,-0.21726253863764178
2022-05-16,229255484.38547313,-0.012208827965289272,-0.226818845645402
2022-05-17,239732083.68780643,0.04569835845112349,-0.19148573610605224
2022-05-18,240550911.96224964,0.003415597369559999,-0.18872417691304433
2022-05-19,239532257.38067868,-0.004234673538593001,-0.19215966517357086
2022-05-20,238603172.18107232,-0.0038787477301222206,-0.1952930740385801
2022-05-23,235219973.69730115,-0.01417918484840477,-0.2067031622905786
2022-05-24,237464345.3293087,0.009541586102274489,-0.1991338522089121
2022-05-25,242248952.29822856,0.020148738381270327,-0.18299740971865364
2022-05-26,242014481.25477818,-0.000967892910272454,-0.18378818073346126
2022-05-27,244997064.5029377,0.012323986699868778,-0.17372919712854473
2022-05-30,245570411.54306772,0.0023402200401594782,-0.17179554163706623
2022-05-31,244162814.8354947,-0.005731947504295176,-0.1765427661152258
2022-06-01,244497722.8062362,0.0013716583787222287,-0.17541326410084834
2022-06-02,239611348.6444669,-0.019985356532918466,-0.19189292401010838
2022-06-03,236878198.65191883,-0.011406596590729519,-0.20111067542803907
2022-06-06,235147117.13617766,-0.007307897162308764,-0.2069488764560773
2022-06-07,232858190.58781195,-0.009734019180172028,-0.21466845130351075
2022-06-08,238589846.95450127,0.024614364443100355,-0.19533801435523102
2022-06-09,240189383.89289153,0.006704128272043715,-0.189943457187831
2022-06-10,234003747.21511424,-0.025753164346912487,-0.2108049764651646
2022-06-13,226472328.7954833,-0.03218503339909119,-0.23620524465602988
2022-06-14,229623329.4197014,0.01391340231708232,-0.22557826093725175
2022-06-15,232176963.61774117,0.011120970175344351,-0.2169659398739966
2022-06-16,235993891.31612897,0.016439734756252714,-0.20409306762041346
2022-06-17,235066841.25382313,-0.00392827991070326,-0.20721961283366963
2022-06-20,232812468.0349444,-0.009590349735650268,-0.214822654010159
2022-06-21,228738373.29927048,-0.017499469723685056,-0.22856284120403159
2022-06-22,233719846.73519337,0.02177803996798284,-0.21176245192698584
2022-06-23,237943333.27238303,0.018070722688667985,-0.19751842978296286
2022-06-24,238094953.8865943,0.0006372131218221409,-0.19700707799640005
2022-06-27,238394880.93905428,0.0012596951240001568,-0.19599555172794547
2022-06-28,244738536.83169836,0.02660986623393912,-0.17460110090793413
2022-06-29,246097463.1986186,0.005552563909682676,-0.1700180207697437
2022-06-30,241216094.39714158,-0.019835104100757815,-0.1864807997295288
2022-07-01,242420625.11362135,0.0049935752400361065,-0.18241843039376426
2022-07-04,242046219.889459,-0.0015444445949549807,-0.18368113982987744
2022-07-05,241897744.59962615,-0.0006134170981916923,-0.18418188377628208
2022-07-06,237315846.06669307,-0.01894146859664506,-0.1996346770053078
2022-07-07,238664991.67350948,0.0056850211613650925,-0.1950845832072602
2022-07-08,238887061.2083428,0.0009304654749578865,-0.19433563720167313
2022-07-11,239866948.79032516,0.004101886376875706,-0.19103089352757652
2022-07-12,242078434.74909955,0.009219636010409727,-0.1835724928222343
2022-07-13,245855484.60764876,0.015602587080769519,-0.17083411154635764
2022-07-14,246036826.0371576,0.0007375935899832816,-0.17022252410200145
2022-07-15,246037239.84771973,1.6819049765797805e-06,-0.17022112849513527
2022-07-18,246248873.81724036,0.0008601704752159285,-0.16950737720890885
2022-07-19,245795727.1487494,-0.0018401979325487604,-0.17103564801636595
2022-07-20,248001703.03230494,0.00897483414030436,-0.163595830449088
2022-07-21,248576019.86084324,0.002315777760862745,-0.16165890427414908
2022-07-22,249001071.63315612,0.0017099468104398413,-0.16022538559145205
2022-07-25,246711242.3439631,-0.009196061985494396,-0.16794800499939777
2022-07-26,246711242.3439631,0.0,-0.16794800499939777
2022-07-27,246892074.48292243,0.0007329708092800785,-0.16733813517525908
2022-07-28,249325946.9122485,0.009858041957901766,-0.15912971957507205
2022-07-29,250003275.54382932,0.0027166391623861708,-0.15684537844078306
2022-08-01,250987880.75195563,0.0039383692313010935,-0.15352472422200492
2022-08-02,251647610.6809895,0.002628533007479625,-0.151299736019607
2022-08-03,254089054.25851446,0.00970183492272433,-0.14306578615959664
2022-08-04,255406103.8391289,0.005183417225342022,-0.13862393859459143
2022-08-05,257536167.20510226,0.008339907832880154,-0.13144014163302098
2022-08-08,256571939.5913868,-0.003744047386352369,-0.1346920709006304
2022-08-09,256452488.70041287,-0.00046556490613962527,-0.13509492790542343
2022-08-10,261857193.49889827,0.021074877556751498,-0.11686715941281689
2022-08-11,259727130.13292497,-0.008134446632959334,-0.12405095637438712
2022-08-12,264462156.03566045,0.01823077127257421,-0.10808172971361851
2022-08-15,263084811.32221815,-0.005208097574673681,-0.11272692709390408
2022-08-16,263338514.7051607,0.0009643406689557204,-0.1118712935852314
2022-08-17,262138203.20060924,-0.004558055269261938,-0.11591943331528809
2022-08-18,259661672.6650891,-0.009447423173282744,-0.12427171654803415
2022-08-19,263789260.4249881,0.01589602237994801,-0.11035112015552828
2022-08-22,266790380.59213117,0.011376961148107408,-0.10022961941408048
2022-08-23,271005240.01000494,0.015798393512236268,-0.08601469287092944
2022-08-24,273196150.71723074,0.00808438503677979,-0.07862568373013867
2022-08-25,274331915.786783,0.004157324569070545,-0.07479523164779933
2022-08-26,277948895.14915746,0.013184683058115933,-0.06259670001321804
2022-08-29,274954001.08844,-0.010774980987459205,-0.07269720274815716
2022-08-30,273865203.18046224,-0.003959927492117286,-0.07636925458851196
2022-08-31,275684645.43608433,0.006643568567647405,-0.07023305040018346
2022-09-05,278464999.0223922,0.010085268194425031,-0.060856101355156844
2022-09-06,277747719.9739117,-0.0025758319752883273,-0.06327517823868323
2022-09-07,273618302.19129,-0.01486751280265973,-0.07720194651878876
2022-09-08,270357093.0533861,-0.011918826744360018,-0.08820061663826395
2022-09-09,275351312.25282556,0.018472676795845272,-0.07135724132677157
2022-09-12,276274966.7089136,0.003354458159400284,-0.06824214804777218
2022-09-13,277371100.4719571,0.0039675464487463384,-0.06454535549116758
2022-09-14,277985716.03745085,0.002215860139891905,-0.06247251883172367
2022-09-15,276535693.09968585,-0.005216177861346127,-0.06736282892339729
2022-09-16,270166549.8135096,-0.0230319030964307,-0.08884323787176285
2022-09-19,262473900.6610456,-0.02847372910441374,-0.11478726868825706
2022-09-20,268046330.66939223,0.02123041565013643,-0.09599383446371623
2022-09-21,264498126.70515692,-0.013237278627819206,-0.1079604159581864
2022-09-22,267459569.9547747,0.011196462094111482,-0.09797272856901529
2022-09-23,264705882.21776438,-0.010295715862685177,-0.10725974505606195
2022-09-26,257018677.35122287,-0.02904055173287576,-0.13318541461378208
2022-09-27,254137309.13905805,-0.011210734728929262,-0.14290304298971368
2022-09-28,249468019.10651052,-0.01837309936256784,-0.15865057054421827
2022-09-29,242109890.63039318,-0.029495277600996964,-0.1834664055254569
2022-09-30,246576128.45935386,0.018447151487003394,-0.16840368661395766
2022-10-03,236234833.40948153,-0.04193956290289074,-0.2032804725090236
2022-10-04,233550088.50581452,-0.011364729176130246,-0.21233497416829306
2022-10-05,240877582.923738,0.031374402231241515,-0.1876224548243678
2022-10-06,230670738.40537637,-0.04237357579926033,-0.22204579631248444
2022-10-07,221766024.98252684,-0.03860356751102327,-0.2520776039350199
2022-10-10,230828262.62806886,0.04086395851779391,-0.2215145341676915
2022-10-11,224380246.91080746,-0.027934255726955858,-0.24326094624996952
2022-10-12,231464129.56753957,0.03157088359720007,-0.21937002567057196
2022-10-13,233372783.81491506,0.008246004471369101,-0.21293294741176683
2022-10-14,236120245.87057346,0.01177284690505032,-0.20366692749763637
2022-10-17,235168174.60804147,-0.004032145820540363,-0.2068778585676848
2022-10-18,236091340.18147457,0.003925554871409603,-0.20376441408176238
2022-10-19,235712323.14587593,-0.0016053830492355182,-0.20504267719459357
2022-10-20,234680213.40558988,-0.004378683840162687,-0.20852354397758066
2022-10-21,228608112.64529258,-0.025873935736555224,-0.22900215493770115
2022-10-24,223917681.560213,-0.020517343110903655,-0.24482098226261173
2022-10-25,220889262.42574412,-0.013524698511379149,-0.25503455079962933
2022-10-26,222463989.3854624,0.007129033536646716,-0.2497236671286368
2022-10-27,231965444.42336705,0.042710081142352974,-0.2176793040725139
2022-10-28,235165194.4089108,0.013794080379074904,-0.20688790951067626
2022-10-31,234453802.45277214,-0.003025073323145283,-0.2092871317378795
2022-11-01,240269599.34365803,0.024805726458872045,-0.1896729246202593
2022-11-02,239015723.4497233,-0.00521862065513043,-0.19390171423324742
2022-11-03,239429842.34710652,0.0017326010666002167,-0.19250506748354335
2022-11-04,230664786.77221638,-0.03660803302114383,-0.2220658686375121
2022-11-07,224989559.18618828,-0.024603788317427225,-0.2412059953304564
2022-11-08,226378744.5595767,0.006174443731581342,-0.23652086444476295
2022-11-09,229035903.55274266,0.011737669975754629,-0.22755939831824123
2022-11-10,216622198.26545215,-0.054199822362924296,-0.26942554171530286
2022-11-11,218630126.15957928,0.009269261923316764,-0.26265365570697674
2022-11-14,213402382.44139892,-0.02391136029608564,-0.2802846098083689
2022-11-15,200719096.1279261,-0.05943366783618587,-0.32305993524560916
2022-11-16,210378067.35564017,0.048121835012439586,-0.29048433713618815
2022-11-17,213823390.19139802,0.016376815696921475,-0.27886472989138844
2022-11-18,212044713.79514778,-0.008318436980435655,-0.2848634481901564
2022-11-21,211375350.71379608,-0.003156707231090684,-0.28712092491447183
2022-11-22,212682818.6259992,0.006185526873346056,-0.28271139223808417
2022-11-23,213656526.17456383,0.004578214426793303,-0.2794274911858541
2022-11-24,215834849.36265576,0.010195444188361361,-0.27208093438857195
2022-11-25,221275455.31725746,0.025207263658614025,-0.2537320865795727
2022-11-28,231065826.5681495,0.04424517503242703,-0.22071333212920186
2022-11-29,233053559.73894626,0.008602454115864248,-0.21400955432573854
2022-11-30,235250370.21558774,0.009426204341620965,-0.20660064777425124
2022-12-01,243517872.6475743,0.03514341943185926,-0.1787178815620163
2022-12-02,251431334.86852103,0.032496432951347715,-0.15202914226605557
2022-12-05,253906473.10707706,0.009844191615378138,-0.14368155465826604
2022-12-06,240603217.89427185,-0.052394312953159654,-0.18854777127106392
2022-12-07,234901345.5131898,-0.02369823824878198,-0.20777775951498745
2022-12-08,239732357.09923452,0.020566129902280468,-0.19148481400569695
2022-12-09,245918304.3257834,0.025803555687679978,-0.170622247379558
2022-12-12,242409700.26758397,-0.014267356258082228,-0.18245527524872152
2022-12-13,250130942.64846164,0.0318520355099428,-0.1564148116449774
2022-12-14,251953350.21758306,0.007285814181265305,-0.15026860671655495
2022-12-15,250542381.72246495,-0.00560011801351171,-0.15502720279872795
2022-12-16,251884843.53567553,0.00535822244516567,-0.15049965059120973
2022-12-19,246745468.52106178,-0.02040366916275308,-0.16783257467418977
2022-12-20,239846505.57959503,-0.027959836437190192,-0.19109983977465717
2022-12-21,244708764.1838102,0.020272376253576873,-0.17470151137499035
2022-12-22,247958743.3919557,0.01328100862666412,-0.16374071502798881
2022-12-23,256423199.01749602,0.03413654832150968,-0.13519370953723053
2022-12-26,255601005.00687242,-0.003206394794908962,-0.1379666199255749
2022-12-27,255283868.45902428,-0.001240748438526712,-0.13903618649586014
2022-12-28,255085992.4202504,-0.0007751215929480302,-0.13970353813845415
2022-12-29,254049405.93076402,-0.004063674683393064,-0.14319950309073348
2022-12-30,254686689.3425582,0.0025085018776539246,-0.14105021743546176
2023-01-03,265110305.32929835,0.04092721144417638,-0.10589579806451366
2023-01-04,261249633.0386564,-0.014562513086190755,-0.11891620220561727
2023-01-05,264084402.6781698,0.010850808119963636,-0.10935573097814155
2023-01-06,262169667.84329048,-0.0072504654400689,-0.11581331647007997
2023-01-09,260917974.62144923,-0.004774363228737178,-0.12003474485926435
2023-01-10,260903060.95581418,-5.715844474374261e-05,-0.12008504230467665
2023-01-11,262767001.41841352,0.007144187790556466,-0.11379876460718175
2023-01-12,260433263.7214914,-0.008881395625495713,-0.12166946838250847
2023-01-13,260342262.4581173,-0.00034942258171524276,-0.1219763769044655
2023-01-16,260126801.33309624,-0.0008276071775159159,-0.12270303555696793
2023-01-17,262943981.52561668,0.010830026656549698,-0.11320188604633974
2023-01-18,270600739.6191925,0.029119351008343442,-0.08737890049258623
2023-01-19,271647737.6952827,0.003869161915682945,-0.08384782169092342
2023-01-27,271458680.3842026,-0.000695964975390926,-0.08448543151915466
2023-01-30,272844406.3161802,0.005104739807975105,-0.07981196785664935
2023-01-31,275714797.03494745,0.010520247629489356,-0.07013136189280877
2023-02-01,270082104.58582103,-0.02042941659171258,-0.08912803567626892
2023-02-02,265311728.34571695,-0.017662689082712804,-0.10521648397627892
2023-02-03,265274636.95709044,-0.0001398030492575269,-0.10534157744024442
2023-02-06,267898949.9822256,0.009892815443037082,-0.09649088678130202
2023-02-07,257239290.2453602,-0.039789852620074256,-0.13244138123716798
2023-02-08,253337908.8491146,-0.015166351114265553,-0.14559907986153242
2023-02-09,251529507.16991434,-0.007138298754480234,-0.15169804888558358
2023-02-10,245291155.23186263,-0.024801670421266086,-0.17273735429484027
2023-02-13,236019917.2813501,-0.03779687017963956,-0.20400529311902338
2023-02-14,235056630.18128222,-0.004081380551115044,-0.20725405043447798
2023-02-15,234509620.4709391,-0.002327140102030959,-0.20909888132443444
2023-02-16,239021025.4837142,0.0192376116754415,-0.19388383272968168
2023-02-17,240294726.12709403,0.005328822603794834,-0.1895881826762471
2023-02-20,245264492.77261007,0.02068196304436363,-0.1728272754196417
2023-02-21,249708261.9180009,0.018118273440871652,-0.157840333812864
2023-02-22,240775974.08305252,-0.035770894268134276,-0.18796513818893124
2023-02-23,244981017.3318672,0.01746454672161018,-0.17378331740525554
2023-02-24,241951334.3741707,-0.012367011088015412,-0.18400114828000813
2023-02-27,238065408.02084202,-0.016060776698669506,-0.19710672362385362
2023-02-28,234654391.5927176,-0.014328064108439485,-0.20861062996000612
2023-03-01,240747053.40479037,0.025964405655137406,-0.188062675325124
2023-03-02,241634405.0878936,0.0036858257268521863,-0.18507001584524585
2023-03-03,241597706.38972944,-0.00015187695705342957,-0.1851937849314509
2023-03-06,243680555.61294463,0.008621146509790444,-0.17816922117425704
2023-03-07,248768316.00466934,0.020878811519971917,-0.1610103712418427
2023-03-08,254668392.5554584,0.023717154360920766,-0.14111192470937384
2023-03-09,255261346.33107272,0.0023283367427907073,-0.1391121440457299
2023-03-10,255804352.55870357,0.0021272559885607482,-0.13728081519867197
2023-03-13,255314138.06890297,-0.0019163649284978633,-0.13893409998756745
2023-03-14,252975950.18533337,-0.0091580822795586,-0.14681981234800345
2023-03-15,258044979.72923943,0.02003759464167415,-0.12972413359152535
2023-03-16,258332835.59196407,0.0011155259173291124,-0.12875331830732062
2023-03-17,260687802.23757794,0.009116017482708011,-0.12081101832525876
2023-03-20,254090148.17389834,-0.025308641244621146,-0.14306209684868865
2023-03-21,255017531.55472773,0.003649820299977535,-0.1399344274939468
2023-03-22,257613351.36676073,0.010178985719952061,-0.1311798323131853
2023-03-23,259486804.95274982,0.007272346623533019,-0.12486147090025068
2023-03-24,263205202.97953933,0.014329815450410292,-0.11232089728470773
2023-03-27,266790465.25651607,0.01362154788883653,-0.10022933387715194
2023-03-28,264809416.46043277,-0.007425485742822723,-0.10691056813025723
2023-03-29,262751200.30518603,-0.007772443226369439,-0.11385205503553542
2023-03-30,256882108.5726933,-0.022337069157727096,-0.13364600296618434
2023-03-31,259058032.68808192,0.008470516407229203,-0.12630753721984078
2023-04-03,268331284.53089458,0.03579604054964043,-0.09503280639424705
2023-04-04,276572434.75436497,0.030712595580786768,-0.06723891496315393
2023-04-05,280919600.7635897,0.015718001734647217,-0.05257777461053337
2023-04-06,279380680.16742337,-0.00547815315123349,-0.05776789866009935
2023-04-07,283830848.0097642,0.01592868855381837,-0.04275937697244625
2023-04-10,281893557.0309412,-0.006825512421949148,-0.049293034735715224
2023-04-11,287219049.2203038,0.018891854945014046,-0.03133241665272779
2023-04-12,286747455.5853988,-0.0016419302138391846,-0.03292290122499231
2023-04-13,284019200.8509086,-0.009514486288711602,-0.042124143021414096
2023-04-14,280829012.19412833,-0.01123229925027105,-0.052883291291607404
2023-04-17,285035765.40579116,0.01497976715010781,-0.038695703531179126
2023-04-18,288721982.7986101,0.012932473184798562,-0.026263661494664525
2023-04-19,294915675.2632897,0.021452098675146032,-0.005374973477472622
2023-04-20,292168629.948982,-0.009314680584052477,-0.014639587900434736
2023-04-21,291652205.7493342,-0.0017675552633352916,-0.01638126688312358
2023-04-24,289078934.4154587,-0.008823082024235337,-0.025059815645988137
2023-04-25,283309131.4546478,-0.01995926466408877,-0.04451890481716536
2023-04-26,287344215.58024216,0.014242689972173789,-0.030910283804203242
2023-04-27,286596772.69439274,-0.0026012108311979903,-0.03343109047037429
2023-04-28,289687562.84664756,0.01078445553729465,-0.023007171041820706
2023-05-04,289042174.0094091,-0.0022278789979674816,-0.025183792846621422
2023-05-05,291564097.06477636,0.008725104092543725,-0.016678419968109592
2023-05-08,290875277.2503017,-0.002362498748676893,-0.01900151597048183
2023-05-09,289121501.83652794,-0.006029303797670745,-0.024916253855750248
2023-05-10,288735359.32982045,-0.0013355717380225084,-0.026218548149305687
2023-05-11,293402507.4787593,0.016164103211230123,-0.01047824425640953
2023-05-12,297894797.66888046,0.015311014990035116,0.0
2023-05-15,294258979.05756485,-0.012205042316170072,-0.012205042316170034
2023-05-16,297037639.7935313,0.00944290891263802,-0.002877384506398517
2023-05-17,293546194.1139276,-0.011754219707746717,-0.014597782804473325
2023-05-18,295834851.8614172,0.0077965846377191506,-0.006915011015912298
2023-05-19,290361104.38070005,-0.018502713410120053,-0.025289777958977133
2023-05-22,293243199.65936595,0.009925899974836538,-0.015614901790547253
2023-05-23,294947084.5940585,0.005810484051025942,-0.009895147877333588
2023-05-24,297043182.8495316,0.007106692572866006,-0.0028587770783948807
2023-05-25,299705161.73102057,0.008961588870522624,0.0
2023-05-26,296889182.949436,-0.009395830106229021,-0.00939583010622902
2023-05-29,301925855.2223621,0.016964822439434923,0.0
2023-05-30,310000239.01058537,0.02674293588495974,0.0
2023-05-31,306872370.30317897,-0.010089891276824456,-0.01008989127682447
2023-06-01,310620697.0545387,0.012214611395794765,0.0
2023-06-02,310117314.358752,-0.0016205703630184395,-0.0016205703630184365
2023-06-05,306295203.35260814,-0.01232472625415022,-0.0139253235310689
2023-06-06,312911424.98877585,0.021600800677740575,0.0
2023-06-07,313024526.4565195,0.0003614488277239865,0.0
2023-06-08,309611276.97705686,-0.010904095976443364,-0.010904095976443373
2023-06-09,315989019.487435,0.02059919319686386,0.0
2023-06-12,318419949.53610814,0.0076930839325251195,0.0
2023-06-13,316084667.379979,-0.007333969368223601,-0.007333969368223614
2023-06-14,310122661.808512,-0.01886205243957581,-0.026057688092985698
2023-06-15,310986378.3853202,0.0027850804961216404,-0.023345180355745843
2023-06-16,311606165.13572633,0.0019929707327509187,-0.02139873588419472
2023-06-19,311416797.23943675,-0.0006077154994898899,-0.021993447040218328
2023-06-20,315822207.98061395,0.014146349137969092,-0.00815822488282758
2023-06-21,326049852.56397414,0.03238418428126497,0.0
2023-06-22,326782663.2938458,0.00224754197589415,0.0
2023-06-23,332865619.7805246,0.01861468544678881,0.0
2023-06-26,325381167.4056443,-0.022484906611308184,-0.022484906611308197
2023-06-27,321626888.19841146,-0.011538096187824141,-0.033763569783876846
2023-06-28,321568401.23251635,-0.00018184725233244724,-0.03393927722381507
2023-06-29,311348480.94083637,-0.03178148180141078,-0.06464211850378421
2023-06-30,315000201.64735436,0.011728724981998253,-0.053671563151970525
2023-07-03,316753665.56087387,0.005566548542983223,-0.048403779970650596
2023-07-04,326796005.08009017,0.031703940983395996,-0.018234429570817334
2023-07-05,324224880.6694802,-0.007867673933100366,-0.02595864095769851
2023-07-06,321181429.44044197,-0.0093868528002969,-0.03510182381642968
2023-07-07,324231515.2526798,0.009496457555319054,-0.025938709241097646
2023-07-10,329355459.387814,0.015803350057260697,-0.010545277686007548
2023-07-11,333282657.98713017,0.01192389100401074,0.0
2023-07-12,331202967.6949094,-0.006240019522111106,-0.006240019522111062
2023-07-13,334464611.45579994,0.009847869974085002,0.0
2023-07-14,335494050.9226381,0.0030778726106699726,0.0
2023-07-17,332286023.0940956,-0.009562100489472682,-0.009562100489472702
2023-07-18,330052212.860901,-0.00672255249376537,-0.016220371260746935
2023-07-19,331627776.052361,0.00477367861831009,-0.011524123481905346
2023-07-20,331558441.8657762,-0.00020907231417757676,-0.011730786420917627
2023-07-21,336756283.9394993,0.015677001147892246,0.0
2023-07-24,332359855.59404796,-0.013055222887069288,-0.013055222887069284
2023-07-25,331439206.0573629,-0.002770038321985409,-0.015789097741355507
2023-07-26,333219772.2046164,0.0053722254781932675,-0.010501694856326016
2023-07-27,330661932.20580983,-0.0076761351281277885,-0.018097217555662293
2023-07-28,341189553.7521398,0.03183802101470029,0.0
2023-07-31,342173385.9578018,0.0028835355445164823,0.0
2023-08-01,331446369.3996898,-0.031349651955207655,-0.03134965195520767
2023-08-02,339205854.4260253,0.02341098211571703,-0.008672595980747988
2023-08-03,341202253.06775224,0.005885507622222804,-0.0028381309882743455
2023-08-04,343171581.11257267,0.0057717322412562735,0.0
2023-08-07,344089413.7962006,0.002674559124774441,0.0
2023-08-08,337357936.5864798,-0.019563162770557516,-0.019563162770557474
2023-08-09,342163366.3033726,0.01424430610856844,-0.005597520340944628
2023-08-10,336375510.0441285,-0.016915476141628943,-0.022418311760794007
2023-08-11,340153695.09673965,0.011232045555621809,-0.011438069704149623
2023-08-14,351893559.9777623,0.03451341276091038,0.0
2023-08-15,350038319.7617727,-0.005272163025963961,-0.005272163025964005
2023-08-16,357341290.854807,0.020863347470084264,0.0
2023-08-17,356148755.38098425,-0.0033372451052887616,-0.0033372451052887664
2023-08-18,338784692.5258189,-0.048755085039088354,-0.0519296224754725
2023-08-21,339681073.1079651,0.002645870967378238,-0.04942115058854901
2023-08-22,350488957.242564,0.03181774019880026,-0.019175879719500966
2023-08-23,349073937.6620132,-0.004037272933456652,-0.02313573439279093
2023-08-24,361588278.8473271,0.03585011607893456,0.0
2023-08-25,364500782.4145782,0.008054751045956411,0.0
2023-08-28,369034237.07805777,0.01243743465637689,0.0
2023-08-29,369102051.42542446,0.00018376166911675084,0.0
2023-08-30,376353419.07708204,0.019645969518873537,0.0
2023-08-31,379160316.72696924,0.007458143084684758,0.0
2023-09-05,378406262.4553052,-0.0019887478683773036,-0.0019887478683773274
2023-09-06,382974267.0050806,0.01207169384601531,0.0
2023-09-07,380936939.1142398,-0.005319751394194173,-0.005319751394194161
2023-09-08,380260570.5364462,-0.0017755394878908315,-0.0070858454534188375
2023-09-11,377207164.0835935,-0.008029774027176112,-0.01505872174281253
2023-09-12,391096840.54247,0.036822408960924126,0.0
2023-09-13,387415949.05083716,-0.00941171369865133,-0.009411713698651347
2023-09-14,381001497.7541721,-0.016557014011375566,-0.02581289783444729
2023-09-15,381016701.892275,3.99057174119011e-05,-0.025774022199241964
2023-09-18,375576135.70996934,-0.014279075314246586,-0.039685068309354476
2023-09-19,378032585.8746591,0.006540485220250311,-0.033404142691846106
2023-09-20,381711486.71836877,0.009731702983216975,-0.023997518903715154
2023-09-21,371476315.798417,-0.026813892890531286,-0.050167944892723804
2023-09-22,360700664.26042664,-0.029007640809697758,-0.07772033197681272
2023-09-25,350094789.32172775,-0.029403535922078103,-0.10483861532573469
2023-09-26,351668342.0059806,0.004494647541888449,-0.10081518040851511
2023-09-27,361527619.36413693,0.028035726224081476,-0.07560588098159815
2023-09-28,363417738.2181926,0.0052281451065343985,-0.07077301439174288
2023-09-29,362761901.997944,-0.0018046345879100213,-0.07244992954999097
2023-10-02,364156307.82376325,0.003843859617394874,-0.06888455729107634
2023-10-03,352302881.7241901,-0.03255037972680047,-0.09919271852073974
2023-10-04,360423056.63601005,0.023048846129442208,-0.07843015009764309
2023-10-05,355936513.6924496,-0.012447990939967431,-0.08990184323977479
2023-10-06,361761039.5614115,0.016363945942322197,-0.07500904620034343
2023-10-09,366883745.0082121,0.014160467509191171,-0.06191074185276768
2023-10-10,365878306.4095088,-0.002740482816105031,-0.0644815593446928
2023-10-11,377411512.56315625,0.031521973157760536,-0.034992172169766245
2023-10-12,377968192.8718152,0.0014749955688376155,-0.03356878989982304
2023-10-13,386270144.0230595,0.02196468197010382,-0.012341435723990046
2023-10-16,383300943.6117004,-0.007686849365147457,-0.01993341833177753
2023-10-17,365926348.49670553,-0.045328860793507626,-0.06435871998058529
2023-10-18,360139653.7860763,-0.015813823558762735,-0.07915478609710724
2023-10-19,350894453.6721079,-0.025671152889651244,-0.10279394437091205
2023-10-20,359144423.6108372,0.02351125773688775,-0.08169950155392003
2023-10-23,358109643.835163,-0.002881235813911714,-0.08434534183797593
2023-10-24,361622329.9504392,0.009808968218943297,-0.07536371439653722
2023-10-25,360514831.4175452,-0.003062583367143836,-0.07819549010548399
2023-10-26,344963244.17235994,-0.04313716355034931,-0.11795952201025339
2023-10-27,345143357.2045163,0.0005221223860776171,-0.11749898893126831
2023-10-30,341862362.899215,-0.009506178336664728,-0.1258882009247746
2023-10-31,336935420.396073,-0.014412064730841749,-0.13848595675503927
2023-11-01,337292357.07323813,0.0010593622859406287,-0.1375733012688174
2023-11-02,347063464.80652535,0.02896925331505677,-0.1125894437676056
2023-11-03,350192777.5020578,0.009016543119215714,-0.10458806822288902
2023-11-06,352391245.60643184,0.0062778796297737255,-0.09896677989612912
2023-11-07,347425293.3342929,-0.01409215561979419,-0.11166428025243713
2023-11-08,353988847.3602062,0.01889198671438651,-0.09488185363705126
2023-11-09,361429438.27907026,0.02101928061957499,-0.07585692132477884
2023-11-10,357713782.5361614,-0.010280445778298414,-0.08535752413648923
2023-11-13,355904671.3168119,-0.005057426656929607,-0.0899832613754814
2023-11-14,356362060.6977625,0.0012851457646180222,-0.08881375721810658
2023-11-15,362755220.69306755,0.017940069104963513,-0.07246701305510739
2023-11-16,361805200.9437407,-0.0026189002807781797,-0.07489612945504842
2023-11-17,348596136.25064087,-0.036508775049792094,-0.108670538562466
2023-11-20,348931678.2948139,0.0009625523902300147,-0.10781258725887688
2023-11-21,350445463.0947101,0.004338341555269272,-0.10394197353109391
2023-11-22,349414723.5819948,-0.002941226585195585,-0.10657748322042215
2023-11-23,345398157.75766754,-0.01149512471355458,-0.11684748647270116
2023-11-24,345164809.26461554,-0.0006755927552332917,-0.11744413791260633
2023-11-27,347895892.065184,0.007912402212691147,-0.1104610009566025
2023-11-28,353397626.8535096,0.015814313746753777,-0.09639355213575684
2023-11-29,355161456.55307925,0.004991062660137175,-0.09188359573436244
2023-11-30,356391892.4501135,0.003464440958700534,-0.08873748006815674
2023-12-01,357394838.26795197,0.0028141656392446663,-0.08617303639623308
2023-12-04,363221554.7572455,0.016303303420753416,-0.07127463813453505
2023-12-05,356425175.57418084,-0.01871138728979593,-0.08865237806625559
2023-12-06,363021061.07489586,0.018505666694529695,-0.0717872827318975
2023-12-07,361522326.1476082,-0.004128506822303707,-0.0756194152676879
2023-12-08,357801988.76647377,-0.010290754158335025,-0.08513198861390614
2023-12-11,364310715.89870715,0.018190863484779076,-0.06848974951219033
2023-12-12,365478193.3440953,0.003204620107064716,-0.06550461303354027
2023-12-13,367038403.8582735,0.00426895651393704,-0.06151529286410562
2023-12-14,363919480.1954245,-0.008497540393765813,-0.0694901045719244
2023-12-15,361509297.2083529,-0.006622846861007021,-0.07565272911199616
2023-12-18,360510589.3488767,-0.0027626062930841072,-0.07820633669954657
2023-12-19,355607439.4119375,-0.013600571194856961,-0.09074325704423236
2023-12-20,357400096.4886708,0.005041112412321407,-0.08615959159133113
2023-12-21,364297524.90136766,0.019298899134224154,-0.06852347772467393
2023-12-22,364108223.8327023,-0.0005196331452337972,-0.06900750379965537
2023-12-25,367540416.7462666,0.009426298800494335,-0.06023169034945286
2023-12-26,367564276.2446706,6.491666580575696e-05,-0.060170683724160345
2023-12-27,367463996.7726651,-0.00027282159471557206,-0.06042708945698716
2023-12-28,364619167.41491425,-0.007741790713474475,-0.06770106629046124
2023-12-29,361675406.9229584,-0.008073520963877517,-0.07522800127636586
2024-01-02,363762286.56837356,0.005770034692626253,-0.06989203476096117
2024-01-03,371835983.76995665,0.022194981447219205,-0.049248305728569974
2024-01-04,369949838.0256026,-0.005072520752916073,-0.05407101342863185
2024-01-05,368451103.0983149,-0.004051184169416982,-0.057903145964422476
2024-01-08,371307336.3958646,0.007752000939966212,-0.05060001026639949
2024-01-09,374921203.90924275,0.00973282011730914,-0.04135967094694715
2024-01-10,367350941.41957766,-0.020191609358796433,-0.06071616198677454
2024-01-11,374625537.98559994,0.019802852656129286,-0.04211566254031496
2024-01-12,369450548.1502373,-0.013813766843523445,-0.055347653441045974
2024-01-15,362512377.820656,-0.018779699649437,-0.07308794078255898
2024-01-16,369080156.1056251,0.01811739043078506,-0.05629471311071366
2024-01-17,368269968.1525002,-0.002195154466372929,-0.058366291986168495
2024-01-18,368582505.99794024,0.0008486650350772249,-0.05756716038232701
2024-01-19,370805596.3089578,0.006031459103026437,-0.05188291525282396
2024-01-22,373809341.19242495,0.008100592098303707,-0.04420260548785426
2024-01-23,378410167.05506825,0.012307947810953566,-0.032438701038353335
2024-01-24,371235743.04940796,-0.018959384895745245,-0.05078306811559441
2024-01-25,374480424.44817865,0.008740218202369737,-0.04248670500954077
2024-01-26,376600040.6695447,0.005660152261602033,-0.03706703396738653
2024-01-29,377704600.18272364,0.0029329776789593144,-0.03424277307167878
2024-01-30,378458341.05286586,0.0019955829761606854,-0.03231552439051644
2024-01-31,371739949.68574655,-0.017751997084880837,-0.04949385638062043
2024-02-01,373897462.9864142,0.0058038241585052,-0.043977285861474646
2024-02-02,371626921.1761112,-0.006072632299153831,-0.04978286027407697
2024-02-05,367615785.24368,-0.010793448224194644,-0.06003897977345107
2024-02-06,368304644.6007304,0.0018738568491932343,-0.058277627377724905
2024-02-07,366346096.5431273,-0.005317739231136583,-0.06328546138345736
2024-02-15,367370566.62427974,0.002796454202240519,-0.06066598207564333
2024-02-16,362618882.3445345,-0.012934308601279162,-0.07281561814315651
2024-02-19,365543060.6873802,0.008064054259776063,-0.06533875297904601
2024-02-20,369557337.0825366,0.010981678567793888,-0.05507460359448846
2024-02-21,370875733.0230168,0.0035675003800175746,-0.05170358188372359
2024-02-22,370127329.84229255,-0.002017935157482565,-0.053617182565555144
2024-02-23,365668367.06567144,-0.012047104920679652,-0.0650183556623164
2024-02-26,377857563.703217,0.03333401993549114,-0.033851658890645675
2024-02-27,382693592.8269111,0.012798550533958489,-0.02148636052365749
2024-02-28,381748932.6587753,-0.0024684504414031923,-0.023901772948941913
2024-02-29,378496004.0436372,-0.008521120393139986,-0.03221922345717443
2024-03-01,382800683.1413182,0.011373116365013711,-0.021212540069729613
2024-03-04,385349589.12831813,0.006658572200245921,-0.0146952130990885
2024-03-05,391046411.648437,0.014783517825996432,-0.00012894221789927496
2024-03-06,385942609.85350704,-0.013051652292154157,-0.013178911601059662
2024-03-07,385832344.97800946,-0.0002857027772586007,-0.013460849126672558
2024-03-08,383315471.6806456,-0.006523230439654629,-0.01989627134556049
2024-03-11,387888668.66365784,0.011930635001402604,-0.008203011495470647
2024-03-12,399235231.21200055,0.02925211140462941,0.0
2024-03-13,409076572.46951205,0.024650482943689857,0.0
2024-03-14,407446607.00156856,-0.003984499669838631,-0.003984499669838604
2024-03-15,416404695.12259275,0.021985919055621698,0.0
2024-03-18,398675269.53849965,-0.04257739115759349,-0.042577391157593514
2024-03-19,398960675.91043615,0.0007158868225432746,-0.04189198492831825
2024-03-20,403264289.23295194,0.010787061438310567,-0.031556814905202235
2024-03-21,404956981.5851483,0.004197476437638458,-0.027491797454575195
2024-03-22,407891941.7412613,0.0072475850264996835,-0.02044346156765886
2024-03-25,398061204.5372934,-0.024101327331942916,-0.04405207434056169
2024-03-26,408102089.9101842,0.025224476182154856,-0.01993878865838483
2024-03-27,405367439.6264755,-0.006700897523731226,-0.02650607840256891
2024-03-28,409729623.81785524,0.01076106210059507,-0.01603024985770707
2024-03-29,408934842.1400286,-0.0019397710871400457,-0.017938925929653515
2024-04-01,407874423.33484775,-0.002593124126160265,-0.02048553219418825
2024-04-02,418383397.9189685,0.0257652208201673,0.0
2024-04-03,411147831.51852286,-0.017294104967919898,-0.017294104967919943
2024-04-04,409054402.06042373,-0.005091670921301732,-0.022297719997846577
2024-04-05,397777104.6043227,-0.027569187372869848,-0.049252177350108006
2024-04-08,398044873.1426128,0.0006731622689960953,-0.04861216978856986
2024-04-09,403783967.35648626,0.014418209104321825,-0.034894861113274445
2024-04-10,399391178.72567624,-0.010879056589514829,-0.045394294534054636
2024-04-11,407884265.4847429,0.021265083485732566,-0.025094524511364735
2024-04-12,414619071.7648682,0.016511561857188724,-0.008997312447922123
2024-04-15,392677563.7345906,-0.052919678626652054,-0.061440856191326554
2024-04-16,395017227.25328416,0.005958230708273765,-0.05584870427915456
2024-04-17,381874774.86772555,-0.033270580316062254,-0.08726116579394927
2024-04-19,364406648.35486394,-0.04574307511909434,-0.1290126468511512
2024-04-22,374891664.3733456,0.02877284502304477,-0.10395186272196744
2024-04-23,362451396.0616476,-0.03318363541769511,-0.13368599742610643
2024-04-24,376393359.13482517,0.03846574526866012,-0.10036258368042572
2024-04-25,375006810.44132113,-0.0036837756561145115,-0.10367664609399352
2024-04-26,374572059.52582514,-0.0011593147201363133,-0.10471576695217866
2024-05-02,379131593.8730876,0.012172649377624179,-0.09381778588997236
2024-05-03,378841253.36726385,-0.0007658040387974669,-0.0945117438894243
2024-05-06,390599255.0581619,0.03103675110983593,-0.06640833025164095
2024-05-07,396425840.2134513,0.01491704113573337,-0.05248190491002669
2024-05-08,397294062.23997355,0.0021901247054297323,-0.0504067221211284
2024-05-09,396489933.99108106,-0.002024012753572885,-0.05232871102626235
2024-05-10,397057927.992372,0.0014325559178097426,-0.050971118913104685
2024-05-13,389822650.8860636,-0.018222220477731903,-0.06826453242400532
2024-05-14,390528511.625108,0.0018107227413286847,-0.06657741782396287
2024-05-15,395729929.1367377,0.013318918739082633,-0.05414523830273554
2024-05-16,395276484.3427843,-0.0011458440733623123,-0.05522904037568788
2024-05-17,402087272.49181145,0.01723044101738378,-0.038950220080944176
2024-05-20,398953655.8538408,-0.0077933743551518225,-0.04644004078978958
2024-05-21,404677449.35024464,0.014347013525051544,-0.03275930315805309
2024-05-22,396863965.3139156,-0.01930793042427855,-0.051434719236208126
2024-05-23,398932880.6073815,0.005213159859019753,-0.04648969679087056
2024-05-24,388316354.0538851,-0.02661231267107538,-0.07186481111496379
2024-05-27,393279520.71019536,0.01278124550896855,-0.06000208740031121
2024-05-28,397872861.7622458,0.011679583629871256,-0.049023303168198695
2024-05-29,398168722.2456536,0.0007436055882209186,-0.04831615158216673
2024-05-30,400066864.57336926,0.004767180900122436,-0.04377930251703421
2024-05-31,396878638.9868926,-0.007969231817977734,-0.051399646924424336
2024-06-03,399154775.96993744,0.005735095718064169,-0.04595933310134648
2024-06-04,400994757.48080325,0.004609694338229306,-0.04156149724070324
2024-06-05,397148374.0317451,-0.009592104079421319,-0.05075493911289508
2024-06-06,393717400.47206414,-0.008639022048235032,-0.05895548812307705
2024-06-07,399171199.7244762,0.013852065582758134,-0.04592007782826324
2024-06-10,403258291.00335085,0.010238943294745983,-0.03615130760649121
2024-06-11,398241448.54192114,-0.012440767055147859,-0.048142324664967706
2024-06-12,400401626.5566273,0.005424292279508275,-0.04297917042545718
2024-06-13,400795489.54439926,0.0009836697996437468,-0.042037777937774745
2024-06-14,386940892.1555015,-0.03456774776743837,-0.0751523744007565
2024-06-17,383325196.7492691,-0.009344309375239935,-0.08379443673931186
2024-06-18,388774321.31614447,0.014215409300212478,-0.07077019965442954
2024-06-19,394422400.2631428,0.014527911534582653,-0.05727043131971121
2024-06-20,402496736.95523155,0.020471293432375668,-0.03797153769188
2024-06-21,402831335.22762394,0.0008313067949905107,-0.037171796894189035
2024-06-24,383460867.2773249,-0.04808580231067065,-0.08347016352787329
2024-06-25,384787594.28565717,0.0034598758870817,-0.08029908404687247
2024-06-26,385304706.54156446,0.0013438901450741815,-0.07906310704950736
2024-06-27,384522375.8258579,-0.002030420865420167,-0.08093299653268926
2024-06-28,372714119.2486427,-0.03070889321292165,-0.10915652699768674
2024-07-01,373492569.66734266,0.002088599219877326,-0.10729591201494137
2024-07-02,380395207.9524038,0.01848132692762555,-0.09079755591526162
2024-07-03,386782836.8343421,0.016792085568905428,-0.07553015067473279
2024-07-04,391655477.89478827,0.01259787300886125,-0.06388379691241197
2024-07-05,393966851.74009264,0.005901548620559016,-0.05835926162539751
2024-07-08,385638394.88057786,-0.02113999394296557,-0.07826554113108619
2024-07-09,390364666.2673241,0.012255707547506597,-0.06696903316672953
2024-07-10,385417389.71321905,-0.012673474270637801,-0.07879377711859936
2024-07-11,387284145.65000695,0.004843465776614068,-0.07433194630486939
2024-07-12,386711765.28069013,-0.0014779339039457683,-0.0757000225052249
2024-07-15,384594514.3285045,-0.005475010440007816,-0.08076057453170771
2024-07-16,384900461.5600912,0.0007955059684636257,-0.08002931408230063
2024-07-17,386143716.0886593,0.0032300676479547178,-0.07705774653265118
2024-07-18,393234543.49699235,0.018363182185528553,-0.060109589785507955
2024-07-19,388077821.741398,-0.013113603168572635,-0.07243493964700776
2024-07-22,388471775.03749317,0.0010151399384984944,-0.07149333130868774
2024-07-23,385873470.57616425,-0.006688528300616305,-0.07770367443954052
2024-07-24,392636055.9341243,0.017525395948735575,-0.06154006615202956
2024-07-25,392296924.98562676,-0.0008637284920018464,-0.06235064073549612
2024-07-26,389843234.01201737,-0.0062546780699320745,-0.06821533562017368
2024-07-29,389529055.05004907,-0.0008059110292487924,-0.06896627115808229
2024-07-30,387231201.7399513,-0.00589905497499413,-0.0744584903080946
2024-07-31,390318595.2191518,0.007972997695763808,-0.06707914998398723
2024-08-01,379497481.2731015,-0.02772379814488358,-0.09294325931498437
2024-08-02,379262272.4221319,-0.0006197902820871344,-0.09350544426816254
2024-08-05,363362764.98793125,-0.04192219630141315,-0.13150768697971493
2024-08-06,371391335.8794155,0.022095194293644593,-0.11231818058099496
2024-08-07,377500960.24918354,0.016450637856968518,-0.097715248437518
2024-08-08,373794946.44665277,-0.009817230133890185,-0.1065731854899068
2024-08-09,376888357.1243357,0.008275688869229861,-0.09917946314559412
2024-08-12,377604916.586374,0.0019012512551611807,-0.09746677696922479
2024-08-13,381038615.02426726,0.00909336263133068,-0.08925971508538222
2024-08-14,365348027.71217257,-0.04117847035292053,-0.1267626069069493
2024-08-15,359196483.6967482,-0.01683749069057699,-0.14146573338381718
2024-08-16,378492507.36347306,0.053719968158194825,-0.09534529991847673
2024-08-19,381763293.7199838,0.008641614544220725,-0.08752762270475456
2024-08-20,391083255.1865063,0.024412932358443218,-0.06525149627889792
2024-08-21,394407795.7938851,0.008500851323315744,-0.05730533822407291
2024-08-22,396716513.85599005,0.005853631917842367,-0.051787150663121784
2024-08-23,395850471.6440343,-0.002183025363723839,-0.05385712336343307
2024-08-26,392246267.1844602,-0.009104964419027289,-0.06247172059052508
2024-08-27,389242532.3913265,-0.00765777789217604,-0.06965110392187679
2024-08-28,388259171.90391576,-0.0025263438745231955,-0.07200148515665317
2024-08-29,387445968.8227292,-0.0020944851790593104,-0.07394516429218168
2024-08-30,387575702.02660644,0.00033484205364549285,-0.07363508218920489
2024-09-04,388941387.0141898,0.003523659972599591,-0.07037088720829443
2024-09-05,389317437.39835113,0.0009668561812056109,-0.06947206955436314
2024-09-06,389317129.53728634,-7.9077132236611e-07,-0.06947280538916523
2024-09-09,386011717.836549,-0.008490280673408658,-0.07737324244565069
2024-09-10,382187828.14311635,-0.009906149261126315,-0.0865129208182931
2024-09-11,382165789.1205668,-5.766542240931007e-05,-0.08656559743657954
2024-09-12,380582798.2155467,-0.004142157540220461,-0.09034918663465441
2024-09-13,382266654.07186407,0.00442441398878904,-0.0863245148510875
2024-09-16,379872308.9467748,-0.006263546923554477,-0.09204736412521908
2024-09-17,383329453.54733455,0.009100807084741109,-0.08378426234404046
2024-09-18,386195440.0272996,0.007476562141111683,-0.07693411844679121
2024-09-19,389318129.2811054,0.008085774533187337,-0.06947041584927416
2024-09-20,387673385.29045177,-0.004224678654679485,-0.07340160432098353
2024-09-23,385611463.2896977,-0.005318709199521731,-0.0783299117323436
2024-09-24,387013591.89341927,0.0036361175359254923,-0.0749786109620556
2024-09-25,393739747.3867359,0.01737963635956482,-0.05890207559575655
2024-09-26,393526961.16639626,-0.00054042352023621,-0.05941066704895015
2024-09-27,391414373.8310456,-0.005368342054859516,-0.06446007232138351
2024-09-30,390410900.2248993,-0.0025637116908217733,-0.06685852697120376
2024-10-01,392150040.74835944,0.004454641308575924,-0.06270171641870426
2024-10-02,388552434.1969111,-0.009174056298917765,-0.07130054364115801
2024-10-03,386390659.8888155,-0.005563661729629077,-0.07646751326482903
2024-10-04,386763183.8460885,0.0009641122209843291,-0.07557712430789165
2024-10-07,387757829.57451427,0.002571717707292321,-0.07319976962944819
2024-10-08,386090474.1252163,-0.004299991701334696,-0.07718500292883657
2024-10-09,389317852.9658809,0.008359125792929734,-0.06947107628471672
2024-10-10,394279525.06967723,0.012744527552480865,-0.057611924778046886
2024-10-11,394927281.22411305,0.0016428856008217562,-0.05606368897887859
2024-10-14,393261808.8051246,-0.004217162242694865,-0.06004442154922551
2024-10-15,389498880.2811688,-0.009568507390506433,-0.06903839344837948
2024-10-16,387607069.71995157,-0.0048570372265296395,-0.07356010862787055
2024-10-17,394031957.8020644,0.01657577630551184,-0.05820364822798352
2024-10-18,389660852.35963106,-0.011093276461167425,-0.06865125552830931
2024-10-21,392491267.82710433,0.007263792219139795,-0.06188613176491031
2024-10-22,388348737.73410356,-0.010554451608400085,-0.07178740919036652
2024-10-23,393979555.7719935,0.014499385451190245,-0.05832889705556976
2024-10-24,392302959.15919006,-0.004255542167710221,-0.06233621814226398
2024-10-25,396149281.107821,0.00980446835495359,-0.05314292326545367
2024-10-28,394026693.1520519,-0.0053580507576166765,-0.05821623154280586
2024-10-29,398917801.57099533,0.0124131397794818,-0.046525737982899606
2024-10-30,400401716.7362069,0.0037198519578912955,-0.042978954882536335
2024-10-31,397683488.9773276,-0.00678875150945002,-0.04947593294715302
2024-11-01,395841267.53974366,-0.004632380998067915,-0.053879122573574856
2024-11-04,396657524.4327138,0.0020620813439775833,-0.051928144363086126
2024-11-05,400834059.9632338,0.010529323845534412,-0.04194558876624832
2024-11-06,401740040.3293556,0.0022602379802875764,-0.039780157798795734
2024-11-07,408122572.527398,0.015887219488527577,-0.024524934408505894
2024-11-08,416020258.3600472,0.019351259558472583,-0.0056482632214267525
2024-11-11,412252432.45602965,-0.009056832758266017,-0.01465394060432168
2024-11-12,421992066.95905876,0.023625414275919222,0.0
2024-11-13,419359494.50424176,-0.0062384406270661165,-0.006238440627066133
2024-11-14,418853498.73593116,-0.001206591897743449,-0.00743750527289444
2024-11-15,426047606.51639235,0.017175713709381625,0.0
2024-11-18,424571438.373209,-0.0034647962354567396,-0.003464796235456702
2024-11-19,417896435.36650014,-0.015721742923369624,-0.019132066523130598
2024-11-20,412725780.1111262,-0.012373054225359038,-0.03126839865195585
2024-11-21,422773892.4448936,0.024345734669305043,-0.007683916119765377
2024-11-22,424250772.95825255,0.0034933105845731814,-0.004217447840704325
2024-11-25,433744038.3921349,0.022376542457864936,0.0
2024-11-26,430487194.25474733,-0.007508677581968652,-0.007508677581968604
2024-11-27,432432604.8179137,0.004519090437833451,-0.003023519537196595
2024-11-28,437339328.5515861,0.011346794110815201,0.0
2024-11-29,440968604.114047,0.008298534628661484,0.0
2024-12-02,443603108.4939789,0.005974358163717636,0.0
2024-12-03,449588186.90487444,0.01349196679710995,0.0
2024-12-04,457311555.503839,0.017178762307201615,0.0
2024-12-05,446121709.3502024,-0.024468758812158854,-0.02446875881215882
2024-12-06,449075449.8750253,0.006620929811116243,-0.018009834935703073
2024-12-09,453512285.38027495,0.009879933330767516,-0.008307837573398369
2024-12-10,449102288.5953938,-0.009724095525181517,-0.01795114689240851
2024-12-11,447923354.7805165,-0.0026250897508549535,-0.020529113271540056
2024-12-12,439501204.526738,-0.018802659347614038,-0.03894577069560079
2024-12-13,441861830.5013007,0.0053711479064196535,-0.03378380628391675
2024-12-16,441753648.598687,-0.00024483197041700797,-0.0340203668984731
2024-12-17,444802022.84935194,0.006900620425739275,-0.027354508111444464
2024-12-18,444554880.9437388,-0.0005556222609554718,-0.02789493159875578
2024-12-19,444805378.7549777,0.0005634800605655413,-0.027347169775936986
2024-12-20,447283996.71585697,0.005572365082043264,-0.021927193107845855
2024-12-23,444135826.0643238,-0.007038415580812973,-0.02881127599104505
2024-12-24,444464311.15218216,0.0007396050230156499,-0.02809297993247184
2024-12-25,444086304.71765745,-0.0008504764613041959,-0.02891956397561568
2024-12-26,438041015.6122649,-0.01361286993355057,-0.04213875564623115
2024-12-27,430894607.231624,-0.016314473133644997,-0.05776575718300048
2024-12-30,433923678.55910206,0.007029726704956875,-0.05114210796394503
2024-12-31,433858561.32043946,-0.0001500661104248343,-0.05128449937714874
2025-01-02,443544626.6634506,0.022325398658797475,-0.030104047611962947
2025-01-03,444004028.74202454,0.00103575164923038,-0.029099476279695224
2025-01-06,452912718.57182586,0.020064434674257094,-0.009618906146307116
2025-01-07,457361652.48091334,0.009822938784135597,0.0
2025-01-08,454136296.40858066,-0.007052091173007298,-0.007052091173007313
2025-01-09,450595302.9440508,-0.0077972042590140934,-0.014794308836692305
2025-01-10,448091485.9111535,-0.005556686935123657,-0.02026878842918889
2025-01-13,456285423.771684,0.01828630562767526,-0.00235312406143251
2025-01-14,453309640.39793414,-0.0065217585719741815,-0.008859536126388123
2025-01-15,456537732.4115091,0.007121163385674313,-0.0018014629449910613
2025-01-16,468748332.64057,0.026746092079974297,0.0
2025-01-17,473209305.74298346,0.009516776469974328,0.0
2025-01-20,472402626.588004,-0.0017046984182039798,-0.001704698418203976
2025-01-21,477940535.3077229,0.01172285759653217,0.0
2025-01-22,483773098.03671825,0.01220353223490453,0.0
2025-01-23,482146626.10700905,-0.0033620553443543225,-0.0033620553443542978
2025-01-24,493221808.3167745,0.022970568723439277,0.0
2025-02-03,490749579.73791015,-0.005012407272300769,-0.0050124072723007895
2025-02-04,502582483.3646641,0.024111897626226005,0.0
2025-02-05,517271062.58447325,0.02922620605770581,0.0
2025-02-06,517871677.8340514,0.0011611228483906046,0.0
2025-02-07,515028344.67420244,-0.005490420275039749,-0.005490420275039765
2025-02-10,501321423.2211964,-0.02661391668001647,-0.03195821536731802
2025-02-11,506475178.1255461,0.010280340447521052,-0.022006416253868233
2025-02-12,525514933.81607556,0.03759267287489823,0.0
2025-02-13,531972577.5693393,0.0122882212050016,0.0
2025-02-14,527709669.911628,-0.00801339737696465,-0.008013397376964604
2025-02-17,535381260.173103,0.014537520721876628,0.0
2025-02-18,553080912.2464751,0.033059902148329504,0.0
2025-02-19,546289490.4296203,-0.012279255469637875,-0.012279255469637929
2025-02-20,541388100.3567415,-0.00897214784239049,-0.021141232016560263
2025-02-21,552346408.8238136,0.020241132858020257,-0.001328021644569466
2025-02-24,560610941.1443939,0.014962589035708873,0.0
2025-02-25,573500538.761029,0.022992055043241068,0.0
2025-02-26,573147605.8233618,-0.0006154012312346121,-0.0006154012312346024
2025-02-27,564926365.2949508,-0.0143440196641851,-0.014950593568057502
2025-02-28,577310511.9592361,0.021921700641143696,0.0
2025-03-03,570251825.2907624,-0.012226845903980585,-0.012226845903980599
2025-03-04,579668123.9398023,0.01651252697742553,0.0
2025-03-05,580981945.9833535,0.00226650731563712,0.0
2025-03-06,604184491.4764313,0.03993677540840927,0.0
2025-03-07,603125377.4463379,-0.001752964607723016,-0.0017529646077230066
2025-03-10,596227359.1499152,-0.011437121624079663,-0.013170037362381426
2025-03-11,604145796.1299685,0.013280901754228787,-6.404558046191333e-05
2025-03-12,604263895.332039,0.00019548129412965114,0.0
2025-03-13,593600974.9521515,-0.017646131867647425,-0.017646131867647408
2025-03-14,597409385.4656116,0.006415775367901013,-0.011343570117921642
2025-03-17,604125794.9178921,0.011242557642521562,-0.00022854321632270747
2025-03-18,595506598.0903977,-0.014267221992508752,-0.014492504532029327
2025-03-19,585414569.0166428,-0.01694696432603244,-0.03119386490076259
2025-03-20,590435114.7147951,0.008576051850888552,-0.022885333252692597
2025-03-21,587584893.0811498,-0.004827324057482713,-0.02760218239040113
2025-03-24,597737452.9731274,0.017278456290358377,-0.01080064920199375
2025-03-25,607345440.862268,0.016073926506279264,0.0
2025-03-26,606155363.437134,-0.0019594737114422924,-0.001959473711442339
2025-03-27,596162447.136971,-0.01648573435612176,-0.018412904704479427
2025-03-28,598942530.4314383,0.0046632982466750265,-0.013835471324028958
2025-03-31,601233523.0473076,0.003825062505110474,-0.010063330361520628
2025-04-01,603942235.1203427,0.004505257889324292,-0.005603410370700446
2025-04-02,606398049.6820672,0.004066307038843001,-0.0015598885188893297
2025-04-03,575717307.2978675,-0.05059505451952797,-0.05207602039375969
2025-04-04,581259483.468847,0.009626558209604182,-0.04295077502580058
2025-04-08,552539136.920893,-0.04941054273481521,-0.09023909665571006
2025-04-09,525621857.2984363,-0.048715607318709116,-0.13455865157694458
2025-04-10,550360339.6418664,0.04706517052121789,-0.09382650693730066
2025-04-11,576897547.4488336,0.04821787817093721,-0.05013274384707078
2025-04-14,598068677.596508,0.036698249526796886,-0.015274278263436747
2025-04-15,610733442.614967,0.02117610484025942,0.0
2025-04-16,613796696.5784883,0.005015697110682983,0.0
2025-04-17,634723296.0028472,0.034093698354863804,0.0
2025-04-18,649551542.2891017,0.023361748937899406,0.0
2025-04-21,637213215.7164525,-0.018995146296115963,-0.018995146296115983
2025-04-22,633568502.9047351,-0.005719769649817209,-0.024606268084654825
2025-04-23,627995035.5690254,-0.00879694509773907,-0.03318675319299291
2025-04-24,636738659.439155,0.013923078010014842,-0.019725736936583194
2025-04-25,659584636.2308804,0.03587967599116462,0.0
2025-04-28,678331442.2759387,0.028422138745051447,0.0
2025-04-29,673093061.1948965,-0.007722450640746455,-0.007722450640746503
2025-05-05,673842127.9941143,0.0011128725616158526,-0.006618172182557114
2025-05-06,673041058.559066,-0.001188808775481042,-0.00779911321686988
2025-05-07,670253865.2454766,-0.004141193584172472,-0.01190800916342638
2025-05-08,686791655.9249673,0.024673920639657655,0.0
2025-05-09,689594392.9293667,0.0040809130108383565,0.0
2025-05-12,699665193.3647656,0.01460394768092388,0.0
2025-05-13,712830680.0194488,0.018816838081324103,0.0
2025-05-14,725852223.6979365,0.01826737266433664,0.0
2025-05-15,727376291.4437766,0.002099694257428236,0.0
2025-05-16,759019583.9360887,0.043503332270430455,0.0
2025-05-19,784662122.7114557,0.033783764369281655,0.0
2025-05-20,778819473.1319845,-0.007446070621175825,-0.00744607062117586
2025-05-21,779153534.2618706,0.00042893268775463436,-0.007020331796505963
2025-05-22,753971415.9399635,-0.03231984097429961,-0.03911327676355569
2025-05-23,783545888.2175931,0.039224925046740154,-0.0014225670661983658
2025-05-26,809998816.7323463,0.033760535167797555,0.0
2025-05-27,834181877.0692126,0.029855673659406397,0.0
2025-05-28,806829361.7669221,-0.03278963024033785,-0.032789630240337875
2025-05-29,793384594.6908851,-0.016663705751354386,-0.048906939241671554
2025-05-30,766817239.7861371,-0.03348609877546087,-0.08075533541888036
2025-06-02,777921656.5497754,0.014481177766341358,-0.0674435900203203
2025-06-03,779372195.2669274,0.0018646334176958175,-0.06570471417438573
2025-06-04,779461805.2963963,0.00011497719576485975,-0.06559729152240523
2025-06-05,777910250.1910691,-0.0019905466756477423,-0.06745726372748151
2025-06-06,780267482.9698634,0.0030302117477116527,-0.06463146177278534
2025-06-09,748644003.359028,-0.04052902408603492,-0.1025410357879154
2025-06-10,781340683.6363142,0.04367453707046631,-0.06334493098621241
2025-06-11,800683214.135829,0.02475556553576067,-0.04015750504083915
2025-06-12,798301225.2255303,-0.002974945481865218,-0.04301298413452015
2025-06-13,782770064.2770467,-0.019455263824874922,-0.06163141900516289
2025-06-16,812595095.7719831,0.03810190611017089,-0.025877787435363286
2025-06-17,800835567.8893163,-0.01447157131990197,-0.03997486650879312
2025-06-18,793127261.1205761,-0.0096253301898868,-0.04921542540923618
2025-06-19,800499789.3150768,0.00929551732225715,-0.04037739092639281
2025-06-20,802590857.92538,0.0026122038234292636,-0.037870661077921586
2025-06-23,818053034.8546441,0.019265328998678485,-0.01933492282430671
2025-06-24,814955689.429846,-0.003786240369303641,-0.023047956528275515
2025-06-25,805853373.4089679,-0.01116909316535516,-0.03395962491989535
2025-06-26,810502478.4554218,0.005769169925773268,-0.02838637384090048
2025-06-27,793479670.6953468,-0.021002783103779538,-0.04879296409179679
2025-06-30,805050169.2829187,0.014581972311190192,-0.03492248943197407
2025-07-01,804712570.9130496,-0.00041935072216657196,-0.03532719538297746
2025-07-02,819516665.4620752,0.01839674821064186,-0.017580352690784395
2025-07-03,808967283.6355864,-0.01287268736693805,-0.03022673367373352
2025-07-04,806170835.4496055,-0.00345681246021888,-0.03357905798435734
2025-07-07,810466747.5874041,0.0053287863426649705,-0.028429207267278933
2025-07-08,816019742.7388548,0.006851601460492709,-0.021772391404819347
2025-07-09,811824273.8894396,-0.005141381549585658,-0.0268018327829459
2025-07-10,820432226.7500255,0.010603221826991372,-0.01648279673432207
2025-07-11,816699672.2009329,-0.004549497724971631,-0.02095730601304968
2025-07-14,847858559.5179193,0.038152197653044256,0.0
2025-07-15,884202176.4990675,0.04286518850716412,0.0
2025-07-16,937604408.4441782,0.060395951700269304,0.0
2025-07-17,988630638.5190352,0.054421917831559474,0.0
2025-07-18,1020134184.3568605,0.031865840092734216,0.0
2025-07-21,972884936.0640148,-0.046316699329739475,-0.046316699329739475
2025-07-22,1002445255.9597124,0.030384189126505867,-0.017339805555383947
2025-07-23,980576624.749604,-0.021815287248950068,-0.038776819965302356
2025-07-24,990460599.8050822,0.010079757977100614,-0.02908792294857354
2025-07-25,1010304422.109524,0.020034943649799877,-0.009635754195938095
2025-07-28,1040231017.057054,0.029621363910338087,0.0
2025-07-29,986188686.7303963,-0.051952238916649886,-0.05195223891664991
2025-07-30,999308591.5343791,0.01330364562128623,-0.039339747471143105
2025-07-31,1021209727.9976854,0.021916289571451007,-0.018285639196937487
2025-08-01,997583738.9104253,-0.023135295757105906,-0.040997891283114485
2025-08-04,994992022.7794394,-0.002597993561740054,-0.04348937258725616
2025-08-05,988592870.0289289,-0.006431360859190605,-0.049641037597798254
2025-08-06,1000304452.9964365,0.01184672004276633,-0.0383824010300855
2025-08-07,1001725421.857251,0.0014205363742588813,-0.03701638825262121
2025-08-08,1053425670.4634783,0.0516111975179509,0.0
2025-08-11,1065210736.6392962,0.011187373258744247,0.0
2025-08-12,1083530847.3350935,0.017198578709032405,0.0
2025-08-13,1108351672.9203496,0.022907354826401168,0.0
2025-08-14,1129588347.8419816,0.019160592653481925,0.0
2025-08-15,1138071315.168663,0.007509786501328234,0.0
2025-08-18,1166786935.6659992,0.02523182872163022,0.0
2025-08-19,1146413070.9934106,-0.017461512509101957,-0.017461512509101995
2025-08-20,1132320268.300882,-0.012292953603814492,-0.029539812549789657
2025-08-21,1110584766.1242874,-0.019195542802753346,-0.04816832261635817
2025-08-22,1112554285.9359598,0.0017734079124330766,-0.04648033678838159
2025-08-25,1096987253.8639255,-0.01399215505150678,-0.05982213176069906
2025-08-26,1119053747.239138,0.02011554217926186,-0.04090994419612293
2025-08-27,1144894162.4165063,0.0230913083854286,-0.01876329994815762
2025-08-28,1140102902.4906378,-0.004184893314291768,-0.022869670853942314
2025-08-29,1147691031.8085842,0.006655653012872446,-0.01636623043479235
2025-09-03,1181178863.832962,0.02917843835688614,0.0
2025-09-04,1185245707.298409,0.0034430377904409123,0.0
2025-09-05,1169580743.1452873,-0.01321663858950197,-0.01321663858950195
2025-09-08,1141076642.5474172,-0.02437121230400532,-0.03726574538849725
2025-09-09,1169058220.0015268,0.02452208415347254,-0.01365749497948332
2025-09-10,1166469070.6073127,-0.0022147309260703643,-0.01584197822904998
2025-09-11,1170574614.0404634,0.003519633341853848,-0.012378102841971939
2025-09-12,1176524538.9875722,0.00508290960331989,-0.0073581100164584745
2025-09-15,1202031543.198248,0.0216799593764743,0.0
2025-09-16,1190499097.9178433,-0.009594128661316296,-0.009594128661316259
2025-09-17,1170713378.9727025,-0.016619684113785237,-0.02605436138740347
2025-09-18,1178294359.0207343,0.006475521834972189,-0.01974755513849169
2025-09-19,1152544032.3741775,-0.021853899621447417,-0.041169893672173496
2025-09-22,1143299809.0997844,-0.008020711586480985,-0.04886039341546389
2025-09-23,1149493322.40487,0.005417225871805515,-0.04370785533097521
2025-09-24,1151479629.3682346,0.0017279847778576237,-0.04205539706180228
2025-09-25,1159298575.6196148,0.006790347003941452,-0.03555062079729898
2025-09-26,1139447390.0807173,-0.017123445121363642,-0.052065316814409734
2025-09-29,1153254577.8946524,0.01211744213390752,-0.040578773144184344
2025-09-30,1147338380.7397194,-0.005130001014809246,-0.04550060501158426
2025-10-01,1158768235.615964,0.009962060947421122,-0.035991823864433004
2025-10-02,1134621346.9256592,-0.02083841095063246,-0.05608022239851562
2025-10-03,1115841190.6016288,-0.01655191520494183,-0.07170390251764303
2025-10-06,1159511519.6998734,0.03913668850555598,-0.03537346730955271
2025-10-07,1146157213.122849,-0.011517183184588862,-0.04648324779126345
2025-10-08,1167860233.577044,0.018935465576369253,-0.028427964153323493
2025-10-09,1174375223.6611118,0.0055785700178462546,-0.02300798152397132
2025-10-10,1191699015.414747,0.014751496288918878,-0.008595887389118873
2025-10-13,1217108262.9134758,0.021321866654295734,0.0
2025-10-14,1225360874.0901449,0.0067805070659156304,0.0
2025-10-15,1221200738.5933194,-0.003395028831742682,-0.003395028831742697
2025-10-16,1219399213.5466733,-0.0014752079569827845,-0.0048652284151786684
2025-10-17,1207693388.4890969,-0.009599665907221262,-0.014418189755051936
2025-10-20,1151125541.184498,-0.04683957686923241,-0.06058242471693742
2025-10-21,1150492839.8165483,-0.0005496371553867878,-0.06109876352073629
2025-10-22,1148192379.5146728,-0.001999543345478283,-0.06297613724019979
2025-10-23,1144068848.1785579,-0.0035913244240985565,-0.06634129392449217
2025-10-24,1124136291.285808,-0.017422515196077484,-0.08260797691904276
2025-10-27,1098866210.368968,-0.022479552624295837,-0.10323053917900038
2025-10-28,1131231362.5303702,0.029453223564436408,-0.07681778776368042
2025-10-29,1112237647.798808,-0.016790300694171402,-0.09231829470263853
2025-10-30,1084743757.9265862,-0.024719438266304124,-0.11475567658219032
2025-10-31,1056622195.2034293,-0.02592461354828099,-0.13770529356260652
2025-11-03,1060273183.6132604,0.0034553395020517526,-0.13472577260104324
2025-11-04,1075354662.5976558,0.014224144510568349,-0.1224179869492501
2025-11-05,1080906633.8567367,0.005162921082863392,-0.11788710027212868
2025-11-06,1082979152.6161313,0.001917389249430157,-0.11619574648140685
2025-11-07,1046595631.9875149,-0.03359577194143165,-0.1458878326234847
2025-11-10,1023289930.8924044,-0.022268104684186604,-0.16490729177866248
2025-11-11,1036908309.5405191,0.013308426318861736,-0.15379352200188012
2025-11-12,1080427284.1864033,0.04196993528306137,-0.11827829088419173
2025-11-13,1092544087.7622685,0.011214825609471362,-0.10838993568037292
2025-11-14,1098751261.9782848,0.005681394724060727,-0.1033243469650279
2025-11-17,1106160764.7319639,0.00674356700199674,-0.09727755461972742
2025-11-18,1111551126.6917646,0.004873036661273074,-0.09287855504843523
2025-11-19,1098379084.3173046,-0.01185014531330021,-0.10362807598792212
2025-11-20,1117183129.2228436,0.017119813344977024,-0.08828235596115752
2025-11-21,1117449367.461888,0.00023831208338209836,-0.08806508262995039
2025-11-24,1131715204.528346,0.01276642815491552,-0.07642293102538678
2025-11-25,1134579530.9487562,0.002530960447424486,-0.07408539399366376
2025-11-26,1140755106.3035817,0.005443051973325631,-0.06904559267030996
2025-11-27,1144451629.1910012,0.003240417568146945,-0.06602891165365499
2025-11-28,1161504737.8872685,0.01490068104348106,-0.05211210636237329
2025-12-01,1173662982.32709,0.010467666676880587,-0.04218993184472419
2025-12-02,1181049470.8350534,0.006293534531793613,-0.03616192110588934
2025-12-03,1169929986.3075001,-0.009414918512847188,-0.045236378078256534
2025-12-04,1168443299.2185323,-0.001270748768189146,-0.04644964277472541
2025-12-05,1204890714.4846332,0.03119313987292093,-0.016705413105923772
2025-12-08,1231025717.3827114,0.021690766294316495,0.0
2025-12-09,1246407369.1520388,0.012494988164853608,0.0
2025-12-10,1192858992.6800332,-0.042962178977195765,-0.042962178977195786
2025-12-11,1163322864.4513614,-0.02476078766217963,-0.06665918924821645
2025-12-12,1132346479.8088562,-0.0266275043576265,-0.09151172575366029
2025-12-15,1127533383.1704724,-0.0042505511556819005,-0.09537330163768154
2025-12-16,1144875807.411372,0.015380852132408706,-0.08145937215514154
2025-12-17,1134076011.1166224,-0.009433159670976401,-0.09012411256188102
2025-12-18,1132041814.1710105,-0.0017937042364638885,-0.09175616079583515
2025-12-19,1155987248.440736,0.021152429150561636,-0.0725445973356349
2025-12-22,1196784744.300896,0.035292340737486466,-0.039812525245981445
2025-12-23,1224922268.4024029,0.02351093146490895,-0.017237623333575702
2025-12-24,1230956002.6317792,0.004925809894243963,-0.012396722694901552
2025-12-25,1192330041.15207,-0.03137883189742525,-0.043386559914804446
2025-12-26,1174632808.6543965,-0.014842561947507287,-0.05758515415908705
2025-12-29,1192923998.4916272,0.015571836324054492,-0.04291002443029335
2025-12-30,1210298842.3781316,0.01456492107500037,-0.02897008447444649
2025-12-31,1240567613.8404558,0.02500933686993259,-0.00468527020628573
2026-01-05,1244388581.8152106,0.00308001589927545,-0.0016196850137381036
2026-01-06,1243800766.1406717,-0.00047237308597077786,-0.002091293004100603
2026-01-07,1276729830.2600825,0.026474548831148196,0.0
2026-01-08,1256870194.290126,-0.015555081035359528,-0.01555508103535952
2026-01-09,1259580520.2757723,0.0021564088304099104,-0.013432215319052032
2026-01-12,1220617266.9703858,-0.030933515307823223,-0.043950224988685394
2026-01-13,1242132364.8004036,0.017626407893949446,-0.027098501687417342
2026-01-14,1197266408.781913,-0.036120108685598895,-0.06223980954684982
2026-01-15,1153897609.3747532,-0.03622318231686028,-0.09620846789512794
2026-01-16,1182353993.5094302,0.024661099826782905,-0.07391997469928857
2026-01-19,1188564220.0057127,0.005252425695158822,-0.06905580817862578
2026-01-20,1184486859.5566049,-0.0034304923372910283,-0.07224940509511457
2026-01-21,1201735250.957841,0.014561910300712612,-0.05873958415067693
2026-01-22,1230687886.259758,0.02409235751288849,-0.03606240169930497
2026-01-23,1227812296.4767232,-0.0023365711283420063,-0.03831471046101764
2026-01-26,1200820524.5403738,-0.02198363057106026,-0.05945604459186582
2026-01-27,1195208098.1260164,-0.004673826187727459,-0.06385198356136113
2026-01-28,1200285344.4726543,0.004248001962669639,-0.059875224950180495
2026-01-29,1197620358.103502,-0.0022202940171057155,-0.06196257836355645
2026-01-30,1203938089.344191,0.005275237013082773,-0.057014208637283126
2026-02-02,1200776270.0775695,-0.0026262307793118293,-0.05949070694701364
2026-02-03,1201763969.392604,0.0008225506613074749,-0.058717090406047
2026-02-04,1204727067.3377078,0.002465623883366428,-0.05639624078314753
2026-02-05,1193079304.1713645,-0.00966838338917982,-0.06551936369472744
2026-02-06,1167240570.248315,-0.021657180568558566,-0.08575757957301222
2026-02-09,1181045912.947094,0.011827332814384582,-0.0749445301935937
2026-02-10,1173742550.2533526,-0.006183809294523576,-0.08066489680573241
2026-02-11,1217155292.7413611,0.03698659682963513,-0.04666181999255503
2026-02-12,1210341702.08503,-0.0055979632976701135,-0.05199857213450432
2026-02-13,1207270416.594214,-0.002537535875633532,-0.054404159767864835
2026-02-23,1239392985.2522755,0.026607600266294357,-0.02924412363749751
2026-02-24,1247846110.5478187,0.006820375293493032,-0.022623204242341433
2026-02-25,1246780271.4824464,-0.000854143036038565,-0.023458023826023577
2026-02-26,1239367242.8703692,-0.005945737818952652,-0.029264286385555893
2026-02-27,1206861055.9692278,-0.02622805071550642,-0.05472479191358892
2026-03-02,1223488061.4995453,0.013777066919244012,-0.04170167211468012
2026-03-03,1223282912.5116844,-0.00016767551259101051,-0.0418623552780234
2026-03-04,1223837363.3574188,0.00045324825521836257,-0.04142808106229412
2026-03-05,1202782367.4066305,-0.017204080036441246,-0.05791942907638348
2026-03-06,1190944577.4359605,-0.009842004914150795,-0.06719139068493973
2026-03-09,1129084430.58899,-0.051942086994637586,-0.11564341661932942
2026-03-10,1122799477.8014672,-0.005566415245177219,-0.12056611258723249
2026-03-11,1153849609.2277093,0.02765420900180752,-0.09624606406144776
2026-03-12,1149817162.2705421,-0.003494776897195582,-0.09940448243751532
2026-03-13,1140967695.6906626,-0.007696411977713478,-0.10633583656595835
2026-03-16,1119875015.5444784,-0.01848665849686144,-0.12285670076624688
2026-03-17,1098537992.1487064,-0.019053039937137996,-0.13956894707714051
2026-03-18,1116119491.7646942,0.016004452956241328,-0.12579821876854747
2026-03-19,1113404770.2788277,-0.002432285705873935,-0.12792452726508619
2026-03-20,1088677122.6948044,-0.022209036860719344,-0.14729248358438518
2026-03-23,1059775158.3350987,-0.026547783320884526,-0.1699299779662765
2026-03-24,1087802697.5126486,0.026446684428403623,-0.1479773780400726
2026-03-25,1113870278.2730765,0.02396351913819817,-0.12755991763255803
2026-03-26,1092876277.9324775,-0.018847796507460244,-0.14400349076997143
2026-03-27,1116889720.9218616,0.02197270036349698,-0.1251949359604606
2026-03-30,1121820255.3462658,0.004414522161001326,-0.12133308961870193
2026-03-31,1141137929.9715946,0.017219937448326873,-0.10620250038402135
2026-04-01,1142265310.80585,0.0009879444058822232,-0.10531947814428422
2026-04-02,1164855688.216048,0.01977682172126966,-0.08762554096605124
2026-04-03,1152561969.377775,-0.010553855694434235,-0.09725460934598307
2026-04-06,1133906711.2047374,-0.01618590467904195,-0.11186636018855345
2026-04-07,1134986871.3428264,0.0009526005335494558,-0.11102032360940584
2026-04-08,1183206642.4851277,0.04248487128776346,-0.07325213648051376
2026-04-09,1179742459.9563444,-0.002927791650583862,-0.07596546113752256
2026-04-10,1188552757.3256345,0.007467983622134048,-0.06906478633501145
2026-04-13,1192071859.9251018,0.0029608299486727193,-0.06630844547411807
2026-04-14,1221579240.310611,0.024753021506071966,-0.04319675834490122
2026-04-15,1231457118.4103005,0.008086154195922514,-0.035459899797719574
2026-04-16,1249084047.0721653,0.014313879385925776,-0.02165358914053528
2026-04-17,1238574192.0921466,-0.008414049482621736,-0.02988544425265227
2026-04-20,1263531477.5134676,0.02015001247455684,-0.010337623852593958
2026-04-21,1248756275.495847,-0.011693576519911495,-0.021910316576951083
2026-04-22,1251763759.2270885,0.0024083832772309995,-0.019554701739762925
2026-04-23,1237738596.0037055,-0.01120432119878826,-0.030539925779312305
2026-04-24,1226029033.3026247,-0.009460448869323086,-0.03971145324232739
2026-04-28,1246038599.5159464,0.01632062999309304,-0.02403893918409028
2026-04-29,1231542487.2877584,-0.011633758563995851,-0.03539303453348386
2026-05-04,1222557396.4621038,-0.007295802555251249,-0.04243061649694768
2026-05-05,1235251783.0929956,0.01038346883968592,-0.03248772464150651
2026-05-06,1234071561.0114703,-0.0009554506196057626,-0.03341213484447392
2026-05-07,1237114839.419674,0.00246604694926222,-0.031028483788413275
2026-05-08,1233328806.0371494,-0.0030603734284688597,-0.03399389846957035
2026-05-11,1214738742.012856,-0.01507308021453402,-0.04855458592566786
2026-05-12,1227675606.2934356,0.010649914943144746,-0.0384217731927311
2026-05-13,1248512791.3174112,0.01697287534032436,-0.02210102581916118
2026-05-14,1281530098.7857277,0.026445309730048668,0.0
2026-05-15,1298862880.0379176,0.013525067627060018,0.0
2026-05-18,1317411104.619269,0.014280356199578051,0.0
2026-05-19,1289111414.436823,-0.021481290147941024,-0.02148129014794098
2026-05-20,1317484208.8461304,0.022009575038712047,0.0
2026-05-21,1289104979.3887968,-0.02154047028934674,-0.02154047028934669
2026-05-22,1276993979.292691,-0.009394890478080382,-0.030732990408212313
2026-05-25,1290221073.948048,0.01035799296617156,-0.0206933295405185
2026-05-26,1268095907.9032679,-0.01714835270600389,-0.037486825732899964
2026-05-27,1251025564.07192,-0.013461398089023793,-0.05044359873763937
2026-05-28,1270873497.6880002,0.015865330162780952,-0.03537857292342994
2026-05-29,1261137875.8380964,-0.007660575082897763,-0.04276812779212191
