date,equity,portfolio_return,drawdown
2018-01-02,100000000.0,0.0,0.0
2018-01-03,100000000.0,0.0,0.0
2018-01-04,100000000.0,0.0,0.0
2018-01-05,100000000.0,0.0,0.0
2018-01-08,100000000.0,0.0,0.0
2018-01-09,100000000.0,0.0,0.0
2018-01-10,100000000.0,0.0,0.0
2018-01-11,100000000.0,0.0,0.0
2018-01-12,100000000.0,0.0,0.0
2018-01-15,100000000.0,0.0,0.0
2018-01-16,100000000.0,0.0,0.0
2018-01-17,100000000.0,0.0,0.0
2018-01-18,100000000.0,0.0,0.0
2018-01-19,100000000.0,0.0,0.0
2018-01-22,100000000.0,0.0,0.0
2018-01-23,100000000.0,0.0,0.0
2018-01-24,100000000.0,0.0,0.0
2018-01-25,100000000.0,0.0,0.0
2018-01-26,100000000.0,0.0,0.0
2018-01-29,100000000.0,0.0,0.0
2018-01-30,100000000.0,0.0,0.0
2018-01-31,100000000.0,0.0,0.0
2018-02-01,100000000.0,0.0,0.0
2018-02-02,100000000.0,0.0,0.0
2018-02-05,100000000.0,0.0,0.0
2018-02-06,100000000.0,0.0,0.0
2018-02-07,100000000.0,0.0,0.0
2018-02-08,100000000.0,0.0,0.0
2018-02-09,100000000.0,0.0,0.0
2018-02-12,100000000.0,0.0,0.0
2018-02-13,100000000.0,0.0,0.0
2018-02-21,100000000.0,0.0,0.0
2018-02-22,100000000.0,0.0,0.0
2018-02-23,100000000.0,0.0,0.0
2018-02-26,100000000.0,0.0,0.0
2018-02-27,100000000.0,0.0,0.0
2018-02-28,100000000.0,0.0,0.0
2018-03-01,100000000.0,0.0,0.0
2018-03-02,100000000.0,0.0,0.0
2018-03-05,100000000.0,0.0,0.0
2018-03-06,100000000.0,0.0,0.0
2018-03-07,100000000.0,0.0,0.0
2018-03-08,100000000.0,0.0,0.0
2018-03-09,100000000.0,0.0,0.0
2018-03-12,100000000.0,0.0,0.0
2018-03-13,100000000.0,0.0,0.0
2018-03-14,100000000.0,0.0,0.0
2018-03-15,100000000.0,0.0,0.0
2018-03-16,100000000.0,0.0,0.0
2018-03-19,100000000.0,0.0,0.0
2018-03-20,100000000.0,0.0,0.0
2018-03-21,100000000.0,0.0,0.0
2018-03-22,100000000.0,0.0,0.0
2018-03-23,100000000.0,0.0,0.0
2018-03-26,100000000.0,0.0,0.0
2018-03-27,100000000.0,0.0,0.0
2018-03-28,100000000.0,0.0,0.0
2018-03-29,100000000.0,0.0,0.0
2018-03-30,100000000.0,0.0,0.0
2018-04-02,100000000.0,0.0,0.0
2018-04-03,100000000.0,0.0,0.0
2018-04-04,100000000.0,0.0,0.0
2018-04-05,100000000.0,0.0,0.0
2018-04-06,100000000.0,0.0,0.0
2018-04-09,100000000.0,0.0,0.0
2018-04-10,100000000.0,0.0,0.0
2018-04-11,100000000.0,0.0,0.0
2018-04-12,100000000.0,0.0,0.0
2018-04-13,100000000.0,0.0,0.0
2018-04-16,100000000.0,0.0,0.0
2018-04-17,100000000.0,0.0,0.0
2018-04-18,100000000.0,0.0,0.0
2018-04-19,100000000.0,0.0,0.0
2018-04-20,100000000.0,0.0,0.0
2018-04-23,100000000.0,0.0,0.0
2018-04-24,100000000.0,0.0,0.0
2018-04-26,100000000.0,0.0,0.0
2018-04-27,100000000.0,0.0,0.0
2018-05-02,100000000.0,0.0,0.0
2018-05-03,100000000.0,0.0,0.0
2018-05-04,100000000.0,0.0,0.0
2018-05-07,100000000.0,0.0,0.0
2018-05-08,100000000.0,0.0,0.0
2018-05-09,100000000.0,0.0,0.0
2018-05-10,100000000.0,0.0,0.0
2018-05-11,100000000.0,0.0,0.0
2018-05-14,100000000.0,0.0,0.0
2018-05-15,100000000.0,0.0,0.0
2018-05-16,100000000.0,0.0,0.0
2018-05-17,100000000.0,0.0,0.0
2018-05-18,100000000.0,0.0,0.0
2018-05-21,100000000.0,0.0,0.0
2018-05-22,100000000.0,0.0,0.0
2018-05-23,100000000.0,0.0,0.0
2018-05-24,100000000.0,0.0,0.0
2018-05-25,100000000.0,0.0,0.0
2018-05-28,100000000.0,0.0,0.0
2018-05-29,100000000.0,0.0,0.0
2018-05-30,100000000.0,0.0,0.0
2018-05-31,100000000.0,0.0,0.0
2018-06-01,100000000.0,0.0,0.0
2018-06-04,100000000.0,0.0,0.0
2018-06-05,100000000.0,0.0,0.0
2018-06-06,100000000.0,0.0,0.0
2018-06-07,100000000.0,0.0,0.0
2018-06-08,100000000.0,0.0,0.0
2018-06-11,100000000.0,0.0,0.0
2018-06-12,100000000.0,0.0,0.0
2018-06-13,100000000.0,0.0,0.0
2018-06-14,100000000.0,0.0,0.0
2018-06-15,100000000.0,0.0,0.0
2018-06-18,100000000.0,0.0,0.0
2018-06-19,100000000.0,0.0,0.0
2018-06-20,100000000.0,0.0,0.0
2018-06-21,100000000.0,0.0,0.0
2018-06-22,100000000.0,0.0,0.0
2018-06-25,100000000.0,0.0,0.0
2018-06-26,100000000.0,0.0,0.0
2018-06-27,100000000.0,0.0,0.0
2018-06-28,100000000.0,0.0,0.0
2018-06-29,100000000.0,0.0,0.0
2018-07-02,100000000.0,0.0,0.0
2018-07-03,100000000.0,0.0,0.0
2018-07-04,100000000.0,0.0,0.0
2018-07-05,100000000.0,0.0,0.0
2018-07-06,100000000.0,0.0,0.0
2018-07-09,100000000.0,0.0,0.0
2018-07-10,100000000.0,0.0,0.0
2018-07-11,100000000.0,0.0,0.0
2018-07-12,100000000.0,0.0,0.0
2018-07-13,100000000.0,0.0,0.0
2018-07-16,100000000.0,0.0,0.0
2018-07-17,100000000.0,0.0,0.0
2018-07-18,100000000.0,0.0,0.0
2018-07-19,100000000.0,0.0,0.0
2018-07-20,100000000.0,0.0,0.0
2018-07-23,100000000.0,0.0,0.0
2018-07-24,100000000.0,0.0,0.0
2018-07-25,100000000.0,0.0,0.0
2018-07-26,100000000.0,0.0,0.0
2018-07-27,100000000.0,0.0,0.0
2018-07-30,100000000.0,0.0,0.0
2018-07-31,100000000.0,0.0,0.0
2018-08-01,100000000.0,0.0,0.0
2018-08-02,100000000.0,0.0,0.0
2018-08-03,100000000.0,0.0,0.0
2018-08-06,100000000.0,0.0,0.0
2018-08-07,100000000.0,0.0,0.0
2018-08-08,100000000.0,0.0,0.0
2018-08-09,100000000.0,0.0,0.0
2018-08-10,100000000.0,0.0,0.0
2018-08-13,100000000.0,0.0,0.0
2018-08-14,100000000.0,0.0,0.0
2018-08-15,100000000.0,0.0,0.0
2018-08-16,100000000.0,0.0,0.0
2018-08-17,100000000.0,0.0,0.0
2018-08-20,100000000.0,0.0,0.0
2018-08-21,100000000.0,0.0,0.0
2018-08-22,100000000.0,0.0,0.0
2018-08-23,100000000.0,0.0,0.0
2018-08-24,100000000.0,0.0,0.0
2018-08-27,100000000.0,0.0,0.0
2018-08-28,100000000.0,0.0,0.0
2018-08-29,100000000.0,0.0,0.0
2018-08-30,100000000.0,0.0,0.0
2018-08-31,100000000.0,0.0,0.0
2018-09-04,100000000.0,0.0,0.0
2018-09-05,100000000.0,0.0,0.0
2018-09-06,100000000.0,0.0,0.0
2018-09-07,100000000.0,0.0,0.0
2018-09-10,100000000.0,0.0,0.0
2018-09-11,100000000.0,0.0,0.0
2018-09-12,100000000.0,0.0,0.0
2018-09-13,100000000.0,0.0,0.0
2018-09-14,100000000.0,0.0,0.0
2018-09-17,100000000.0,0.0,0.0
2018-09-18,100000000.0,0.0,0.0
2018-09-19,100000000.0,0.0,0.0
2018-09-20,100000000.0,0.0,0.0
2018-09-21,100000000.0,0.0,0.0
2018-09-24,100000000.0,0.0,0.0
2018-09-25,100000000.0,0.0,0.0
2018-09-26,100000000.0,0.0,0.0
2018-09-27,100000000.0,0.0,0.0
2018-09-28,100000000.0,0.0,0.0
2018-10-01,100000000.0,0.0,0.0
2018-10-02,100000000.0,0.0,0.0
2018-10-03,100000000.0,0.0,0.0
2018-10-04,100000000.0,0.0,0.0
2018-10-05,100000000.0,0.0,0.0
2018-10-08,100000000.0,0.0,0.0
2018-10-09,100000000.0,0.0,0.0
2018-10-10,100000000.0,0.0,0.0
2018-10-11,100000000.0,0.0,0.0
2018-10-12,100000000.0,0.0,0.0
2018-10-15,100000000.0,0.0,0.0
2018-10-16,100000000.0,0.0,0.0
2018-10-17,100000000.0,0.0,0.0
2018-10-18,100000000.0,0.0,0.0
2018-10-19,100000000.0,0.0,0.0
2018-10-22,100000000.0,0.0,0.0
2018-10-23,100000000.0,0.0,0.0
2018-10-24,100000000.0,0.0,0.0
2018-10-25,100000000.0,0.0,0.0
2018-10-26,100000000.0,0.0,0.0
2018-10-29,100000000.0,0.0,0.0
2018-10-30,100000000.0,0.0,0.0
2018-10-31,100000000.0,0.0,0.0
2018-11-01,100000000.0,0.0,0.0
2018-11-02,100000000.0,0.0,0.0
2018-11-05,100000000.0,0.0,0.0
2018-11-06,100000000.0,0.0,0.0
2018-11-07,100000000.0,0.0,0.0
2018-11-08,100000000.0,0.0,0.0
2018-11-09,100000000.0,0.0,0.0
2018-11-12,100000000.0,0.0,0.0
2018-11-13,100000000.0,0.0,0.0
2018-11-14,100000000.0,0.0,0.0
2018-11-15,100000000.0,0.0,0.0
2018-11-16,100000000.0,0.0,0.0
2018-11-19,100000000.0,0.0,0.0
2018-11-20,100000000.0,0.0,0.0
2018-11-21,100000000.0,0.0,0.0
2018-11-22,100000000.0,0.0,0.0
2018-11-23,100000000.0,0.0,0.0
2018-11-26,100000000.0,0.0,0.0
2018-11-27,100000000.0,0.0,0.0
2018-11-28,100000000.0,0.0,0.0
2018-11-29,100000000.0,0.0,0.0
2018-11-30,100000000.0,0.0,0.0
2018-12-03,100000000.0,0.0,0.0
2018-12-04,100000000.0,0.0,0.0
2018-12-05,100000000.0,0.0,0.0
2018-12-06,100000000.0,0.0,0.0
2018-12-07,100000000.0,0.0,0.0
2018-12-10,100000000.0,0.0,0.0
2018-12-11,100000000.0,0.0,0.0
2018-12-12,100000000.0,0.0,0.0
2018-12-13,100000000.0,0.0,0.0
2018-12-14,100000000.0,0.0,0.0
2018-12-17,100000000.0,0.0,0.0
2018-12-18,100000000.0,0.0,0.0
2018-12-19,100000000.0,0.0,0.0
2018-12-20,100000000.0,0.0,0.0
2018-12-21,100000000.0,0.0,0.0
2018-12-24,100000000.0,0.0,0.0
2018-12-25,100000000.0,0.0,0.0
2018-12-26,100000000.0,0.0,0.0
2018-12-27,100000000.0,0.0,0.0
2018-12-28,100000000.0,0.0,0.0
2019-01-02,100000000.0,0.0,0.0
2019-01-03,100000000.0,0.0,0.0
2019-01-04,100000000.0,0.0,0.0
2019-01-07,100000000.0,0.0,0.0
2019-01-08,100000000.0,0.0,0.0
2019-01-09,100000000.0,0.0,0.0
2019-01-10,100000000.0,0.0,0.0
2019-01-11,100000000.0,0.0,0.0
2019-01-14,100000000.0,0.0,0.0
2019-01-15,100000000.0,0.0,0.0
2019-01-16,100000000.0,0.0,0.0
2019-01-17,100000000.0,0.0,0.0
2019-01-18,100000000.0,0.0,0.0
2019-01-21,100000000.0,0.0,0.0
2019-01-22,100000000.0,0.0,0.0
2019-01-23,100000000.0,0.0,0.0
2019-01-24,100000000.0,0.0,0.0
2019-01-25,100000000.0,0.0,0.0
2019-01-28,100000000.0,0.0,0.0
2019-01-29,100000000.0,0.0,0.0
2019-01-30,100000000.0,0.0,0.0
2019-01-31,100000000.0,0.0,0.0
2019-02-01,100000000.0,0.0,0.0
2019-02-11,100000000.0,0.0,0.0
2019-02-12,100000000.0,0.0,0.0
2019-02-13,100000000.0,0.0,0.0
2019-02-14,100000000.0,0.0,0.0
2019-02-15,100000000.0,0.0,0.0
2019-02-18,100000000.0,0.0,0.0
2019-02-19,100000000.0,0.0,0.0
2019-02-20,100000000.0,0.0,0.0
2019-02-21,100000000.0,0.0,0.0
2019-02-22,100000000.0,0.0,0.0
2019-02-25,100000000.0,0.0,0.0
2019-02-26,100000000.0,0.0,0.0
2019-02-27,100000000.0,0.0,0.0
2019-02-28,100000000.0,0.0,0.0
2019-03-01,100000000.0,0.0,0.0
2019-03-04,100000000.0,0.0,0.0
2019-03-05,100000000.0,0.0,0.0
2019-03-06,100000000.0,0.0,0.0
2019-03-07,100000000.0,0.0,0.0
2019-03-08,100000000.0,0.0,0.0
2019-03-11,100000000.0,0.0,0.0
2019-03-12,100000000.0,0.0,0.0
2019-03-13,100000000.0,0.0,0.0
2019-03-14,100000000.0,0.0,0.0
2019-03-15,100000000.0,0.0,0.0
2019-03-18,100000000.0,0.0,0.0
2019-03-19,100000000.0,0.0,0.0
2019-03-20,100000000.0,0.0,0.0
2019-03-21,100000000.0,0.0,0.0
2019-03-22,100000000.0,0.0,0.0
2019-03-25,100000000.0,0.0,0.0
2019-03-26,100000000.0,0.0,0.0
2019-03-27,100000000.0,0.0,0.0
2019-03-28,100000000.0,0.0,0.0
2019-03-29,100000000.0,0.0,0.0
2019-04-01,100000000.0,0.0,0.0
2019-04-02,100000000.0,0.0,0.0
2019-04-03,100000000.0,0.0,0.0
2019-04-04,100000000.0,0.0,0.0
2019-04-05,100000000.0,0.0,0.0
2019-04-08,100000000.0,0.0,0.0
2019-04-09,100000000.0,0.0,0.0
2019-04-10,100000000.0,0.0,0.0
2019-04-11,100000000.0,0.0,0.0
2019-04-12,100000000.0,0.0,0.0
2019-04-16,100000000.0,0.0,0.0
2019-04-17,100000000.0,0.0,0.0
2019-04-18,100000000.0,0.0,0.0
2019-04-19,100000000.0,0.0,0.0
2019-04-22,100000000.0,0.0,0.0
2019-04-23,100000000.0,0.0,0.0
2019-04-24,100000000.0,0.0,0.0
2019-04-25,100000000.0,0.0,0.0
2019-04-26,100000000.0,0.0,0.0
2019-05-02,100000000.0,0.0,0.0
2019-05-03,100000000.0,0.0,0.0
2019-05-06,100000000.0,0.0,0.0
2019-05-07,100000000.0,0.0,0.0
2019-05-08,100000000.0,0.0,0.0
2019-05-09,100000000.0,0.0,0.0
2019-05-10,100000000.0,0.0,0.0
2019-05-13,100000000.0,0.0,0.0
2019-05-14,100000000.0,0.0,0.0
2019-05-15,100000000.0,0.0,0.0
2019-05-16,100000000.0,0.0,0.0
2019-05-17,100000000.0,0.0,0.0
2019-05-20,100000000.0,0.0,0.0
2019-05-21,100000000.0,0.0,0.0
2019-05-22,100000000.0,0.0,0.0
2019-05-23,100000000.0,0.0,0.0
2019-05-24,100000000.0,0.0,0.0
2019-05-27,100000000.0,0.0,0.0
2019-05-28,100000000.0,0.0,0.0
2019-05-29,100000000.0,0.0,0.0
2019-05-30,100000000.0,0.0,0.0
2019-05-31,100000000.0,0.0,0.0
2019-06-03,100000000.0,0.0,0.0
2019-06-04,100000000.0,0.0,0.0
2019-06-05,100000000.0,0.0,0.0
2019-06-06,100000000.0,0.0,0.0
2019-06-07,100000000.0,0.0,0.0
2019-06-10,100000000.0,0.0,0.0
2019-06-11,100000000.0,0.0,0.0
2019-06-12,100000000.0,0.0,0.0
2019-06-13,100000000.0,0.0,0.0
2019-06-14,100000000.0,0.0,0.0
2019-06-17,100000000.0,0.0,0.0
2019-06-18,100000000.0,0.0,0.0
2019-06-19,100000000.0,0.0,0.0
2019-06-20,100000000.0,0.0,0.0
2019-06-21,100000000.0,0.0,0.0
2019-06-24,100000000.0,0.0,0.0
2019-06-25,100000000.0,0.0,0.0
2019-06-26,100000000.0,0.0,0.0
2019-06-27,100000000.0,0.0,0.0
2019-06-28,100000000.0,0.0,0.0
2019-07-01,100000000.0,0.0,0.0
2019-07-02,100000000.0,0.0,0.0
2019-07-03,100000000.0,0.0,0.0
2019-07-04,100000000.0,0.0,0.0
2019-07-05,100000000.0,0.0,0.0
2019-07-08,100000000.0,0.0,0.0
2019-07-09,100000000.0,0.0,0.0
2019-07-10,100000000.0,0.0,0.0
2019-07-11,100000000.0,0.0,0.0
2019-07-12,100000000.0,0.0,0.0
2019-07-15,100000000.0,0.0,0.0
2019-07-16,100000000.0,0.0,0.0
2019-07-17,100000000.0,0.0,0.0
2019-07-18,100000000.0,0.0,0.0
2019-07-19,100000000.0,0.0,0.0
2019-07-22,100000000.0,0.0,0.0
2019-07-23,100000000.0,0.0,0.0
2019-07-24,100000000.0,0.0,0.0
2019-07-25,100000000.0,0.0,0.0
2019-07-26,100000000.0,0.0,0.0
2019-07-29,100000000.0,0.0,0.0
2019-07-30,100000000.0,0.0,0.0
2019-07-31,100000000.0,0.0,0.0
2019-08-01,100000000.0,0.0,0.0
2019-08-02,100000000.0,0.0,0.0
2019-08-05,100000000.0,0.0,0.0
2019-08-06,100000000.0,0.0,0.0
2019-08-07,100000000.0,0.0,0.0
2019-08-08,100000000.0,0.0,0.0
2019-08-09,100000000.0,0.0,0.0
2019-08-12,100000000.0,0.0,0.0
2019-08-13,100000000.0,0.0,0.0
2019-08-14,100000000.0,0.0,0.0
2019-08-15,100000000.0,0.0,0.0
2019-08-16,100000000.0,0.0,0.0
2019-08-19,100000000.0,0.0,0.0
2019-08-20,100000000.0,0.0,0.0
2019-08-21,100000000.0,0.0,0.0
2019-08-22,100000000.0,0.0,0.0
2019-08-23,100000000.0,0.0,0.0
2019-08-26,100000000.0,0.0,0.0
2019-08-27,100000000.0,0.0,0.0
2019-08-28,100000000.0,0.0,0.0
2019-08-29,100000000.0,0.0,0.0
2019-08-30,100000000.0,0.0,0.0
2019-09-03,100000000.0,0.0,0.0
2019-09-04,100000000.0,0.0,0.0
2019-09-05,100000000.0,0.0,0.0
2019-09-06,100000000.0,0.0,0.0
2019-09-09,100000000.0,0.0,0.0
2019-09-10,100000000.0,0.0,0.0
2019-09-11,100000000.0,0.0,0.0
2019-09-12,100000000.0,0.0,0.0
2019-09-13,100000000.0,0.0,0.0
2019-09-16,100000000.0,0.0,0.0
2019-09-17,100000000.0,0.0,0.0
2019-09-18,100000000.0,0.0,0.0
2019-09-19,100000000.0,0.0,0.0
2019-09-20,100000000.0,0.0,0.0
2019-09-23,100000000.0,0.0,0.0
2019-09-24,100000000.0,0.0,0.0
2019-09-25,100000000.0,0.0,0.0
2019-09-26,100000000.0,0.0,0.0
2019-09-27,100000000.0,0.0,0.0
2019-09-30,100000000.0,0.0,0.0
2019-10-01,100000000.0,0.0,0.0
2019-10-02,100000000.0,0.0,0.0
2019-10-03,100000000.0,0.0,0.0
2019-10-04,100000000.0,0.0,0.0
2019-10-07,100000000.0,0.0,0.0
2019-10-08,100000000.0,0.0,0.0
2019-10-09,100000000.0,0.0,0.0
2019-10-10,100000000.0,0.0,0.0
2019-10-11,100000000.0,0.0,0.0
2019-10-14,100000000.0,0.0,0.0
2019-10-15,100000000.0,0.0,0.0
2019-10-16,100000000.0,0.0,0.0
2019-10-17,100000000.0,0.0,0.0
2019-10-18,100000000.0,0.0,0.0
2019-10-21,100000000.0,0.0,0.0
2019-10-22,100000000.0,0.0,0.0
2019-10-23,100000000.0,0.0,0.0
2019-10-24,100000000.0,0.0,0.0
2019-10-25,100000000.0,0.0,0.0
2019-10-28,100000000.0,0.0,0.0
2019-10-29,100000000.0,0.0,0.0
2019-10-30,100000000.0,0.0,0.0
2019-10-31,100000000.0,0.0,0.0
2019-11-01,100000000.0,0.0,0.0
2019-11-04,100000000.0,0.0,0.0
2019-11-05,100000000.0,0.0,0.0
2019-11-06,100000000.0,0.0,0.0
2019-11-07,100000000.0,0.0,0.0
2019-11-08,100000000.0,0.0,0.0
2019-11-11,100000000.0,0.0,0.0
2019-11-12,100000000.0,0.0,0.0
2019-11-13,100000000.0,0.0,0.0
2019-11-14,100000000.0,0.0,0.0
2019-11-15,100000000.0,0.0,0.0
2019-11-18,100000000.0,0.0,0.0
2019-11-19,100000000.0,0.0,0.0
2019-11-20,100000000.0,0.0,0.0
2019-11-21,100000000.0,0.0,0.0
2019-11-22,100000000.0,0.0,0.0
2019-11-25,100000000.0,0.0,0.0
2019-11-26,100000000.0,0.0,0.0
2019-11-27,100000000.0,0.0,0.0
2019-11-28,100000000.0,0.0,0.0
2019-11-29,100000000.0,0.0,0.0
2019-12-02,100000000.0,0.0,0.0
2019-12-03,100000000.0,0.0,0.0
2019-12-04,100000000.0,0.0,0.0
2019-12-05,100000000.0,0.0,0.0
2019-12-06,100000000.0,0.0,0.0
2019-12-09,100000000.0,0.0,0.0
2019-12-10,100000000.0,0.0,0.0
2019-12-11,100000000.0,0.0,0.0
2019-12-12,100000000.0,0.0,0.0
2019-12-13,100000000.0,0.0,0.0
2019-12-16,100000000.0,0.0,0.0
2019-12-17,100000000.0,0.0,0.0
2019-12-18,100000000.0,0.0,0.0
2019-12-19,100000000.0,0.0,0.0
2019-12-20,100000000.0,0.0,0.0
2019-12-23,100000000.0,0.0,0.0
2019-12-24,100000000.0,0.0,0.0
2019-12-25,100000000.0,0.0,0.0
2019-12-26,100000000.0,0.0,0.0
2019-12-27,100000000.0,0.0,0.0
2019-12-30,100000000.0,0.0,0.0
2019-12-31,100000000.0,0.0,0.0
2020-01-02,100000000.0,0.0,0.0
2020-01-03,100000000.0,0.0,0.0
2020-01-06,100000000.0,0.0,0.0
2020-01-07,100000000.0,0.0,0.0
2020-01-08,100000000.0,0.0,0.0
2020-01-09,100000000.0,0.0,0.0
2020-01-10,100000000.0,0.0,0.0
2020-01-13,100000000.0,0.0,0.0
2020-01-14,100000000.0,0.0,0.0
2020-01-15,100000000.0,0.0,0.0
2020-01-16,100000000.0,0.0,0.0
2020-01-17,100000000.0,0.0,0.0
2020-01-20,100000000.0,0.0,0.0
2020-01-21,100000000.0,0.0,0.0
2020-01-22,100000000.0,0.0,0.0
2020-01-30,100000000.0,0.0,0.0
2020-01-31,100000000.0,0.0,0.0
2020-02-03,100000000.0,0.0,0.0
2020-02-04,100000000.0,0.0,0.0
2020-02-05,100000000.0,0.0,0.0
2020-02-06,100000000.0,0.0,0.0
2020-02-07,100000000.0,0.0,0.0
2020-02-10,100000000.0,0.0,0.0
2020-02-11,100000000.0,0.0,0.0
2020-02-12,100000000.0,0.0,0.0
2020-02-13,100000000.0,0.0,0.0
2020-02-14,100000000.0,0.0,0.0
2020-02-17,100000000.0,0.0,0.0
2020-02-18,100000000.0,0.0,0.0
2020-02-19,100000000.0,0.0,0.0
2020-02-20,100000000.0,0.0,0.0
2020-02-21,100000000.0,0.0,0.0
2020-02-24,100000000.0,0.0,0.0
2020-02-25,100000000.0,0.0,0.0
2020-02-26,100000000.0,0.0,0.0
2020-02-27,100000000.0,0.0,0.0
2020-02-28,100000000.0,0.0,0.0
2020-03-02,100000000.0,0.0,0.0
2020-03-03,100000000.0,0.0,0.0
2020-03-04,100000000.0,0.0,0.0
2020-03-05,100000000.0,0.0,0.0
2020-03-06,100000000.0,0.0,0.0
2020-03-09,100000000.0,0.0,0.0
2020-03-10,100000000.0,0.0,0.0
2020-03-11,100000000.0,0.0,0.0
2020-03-12,100000000.0,0.0,0.0
2020-03-13,100000000.0,0.0,0.0
2020-03-16,100000000.0,0.0,0.0
2020-03-17,100000000.0,0.0,0.0
2020-03-18,100000000.0,0.0,0.0
2020-03-19,100000000.0,0.0,0.0
2020-03-20,100000000.0,0.0,0.0
2020-03-23,100000000.0,0.0,0.0
2020-03-24,100000000.0,0.0,0.0
2020-03-25,100000000.0,0.0,0.0
2020-03-26,100000000.0,0.0,0.0
2020-03-27,100000000.0,0.0,0.0
2020-03-30,100000000.0,0.0,0.0
2020-03-31,100000000.0,0.0,0.0
2020-04-01,100000000.0,0.0,0.0
2020-04-03,100000000.0,0.0,0.0
2020-04-06,100000000.0,0.0,0.0
2020-04-07,100000000.0,0.0,0.0
2020-04-08,100000000.0,0.0,0.0
2020-04-09,100000000.0,0.0,0.0
2020-04-10,100000000.0,0.0,0.0
2020-04-13,100000000.0,0.0,0.0
2020-04-14,100000000.0,0.0,0.0
2020-04-15,100000000.0,0.0,0.0
2020-04-16,100000000.0,0.0,0.0
2020-04-17,100000000.0,0.0,0.0
2020-04-20,100000000.0,0.0,0.0
2020-04-21,100000000.0,0.0,0.0
2020-04-22,100000000.0,0.0,0.0
2020-04-23,100000000.0,0.0,0.0
2020-04-24,100000000.0,0.0,0.0
2020-04-27,100000000.0,0.0,0.0
2020-04-28,100000000.0,0.0,0.0
2020-04-29,100000000.0,0.0,0.0
2020-05-04,100000000.0,0.0,0.0
2020-05-05,100000000.0,0.0,0.0
2020-05-06,100000000.0,0.0,0.0
2020-05-07,100000000.0,0.0,0.0
2020-05-08,100000000.0,0.0,0.0
2020-05-11,100000000.0,0.0,0.0
2020-05-12,100000000.0,0.0,0.0
2020-05-13,100000000.0,0.0,0.0
2020-05-14,100000000.0,0.0,0.0
2020-05-15,100000000.0,0.0,0.0
2020-05-18,100000000.0,0.0,0.0
2020-05-19,100000000.0,0.0,0.0
2020-05-20,100000000.0,0.0,0.0
2020-05-21,100000000.0,0.0,0.0
2020-05-22,100000000.0,0.0,0.0
2020-05-25,100000000.0,0.0,0.0
2020-05-26,100000000.0,0.0,0.0
2020-05-27,100000000.0,0.0,0.0
2020-05-28,100000000.0,0.0,0.0
2020-05-29,100000000.0,0.0,0.0
2020-06-01,100000000.0,0.0,0.0
2020-06-02,100000000.0,0.0,0.0
2020-06-03,100000000.0,0.0,0.0
2020-06-04,100000000.0,0.0,0.0
2020-06-05,100000000.0,0.0,0.0
2020-06-08,100000000.0,0.0,0.0
2020-06-09,100000000.0,0.0,0.0
2020-06-10,100000000.0,0.0,0.0
2020-06-11,100000000.0,0.0,0.0
2020-06-12,100000000.0,0.0,0.0
2020-06-15,100000000.0,0.0,0.0
2020-06-16,100000000.0,0.0,0.0
2020-06-17,100000000.0,0.0,0.0
2020-06-18,100000000.0,0.0,0.0
2020-06-19,100000000.0,0.0,0.0
2020-06-22,100000000.0,0.0,0.0
2020-06-23,100000000.0,0.0,0.0
2020-06-24,100000000.0,0.0,0.0
2020-06-25,100000000.0,0.0,0.0
2020-06-26,100000000.0,0.0,0.0
2020-06-29,100000000.0,0.0,0.0
2020-06-30,100000000.0,0.0,0.0
2020-07-01,100000000.0,0.0,0.0
2020-07-02,100000000.0,0.0,0.0
2020-07-03,100000000.0,0.0,0.0
2020-07-06,100000000.0,0.0,0.0
2020-07-07,100000000.0,0.0,0.0
2020-07-08,100000000.0,0.0,0.0
2020-07-09,100000000.0,0.0,0.0
2020-07-10,100000000.0,0.0,0.0
2020-07-13,100000000.0,0.0,0.0
2020-07-14,100000000.0,0.0,0.0
2020-07-15,100000000.0,0.0,0.0
2020-07-16,100000000.0,0.0,0.0
2020-07-17,100000000.0,0.0,0.0
2020-07-20,100000000.0,0.0,0.0
2020-07-21,100000000.0,0.0,0.0
2020-07-22,100000000.0,0.0,0.0
2020-07-23,100000000.0,0.0,0.0
2020-07-24,100000000.0,0.0,0.0
2020-07-27,100000000.0,0.0,0.0
2020-07-28,100000000.0,0.0,0.0
2020-07-29,100000000.0,0.0,0.0
2020-07-30,100000000.0,0.0,0.0
2020-07-31,100000000.0,0.0,0.0
2020-08-03,100000000.0,0.0,0.0
2020-08-04,100000000.0,0.0,0.0
2020-08-05,100000000.0,0.0,0.0
2020-08-06,100000000.0,0.0,0.0
2020-08-07,100000000.0,0.0,0.0
2020-08-10,100000000.0,0.0,0.0
2020-08-11,100000000.0,0.0,0.0
2020-08-12,100000000.0,0.0,0.0
2020-08-13,100000000.0,0.0,0.0
2020-08-14,100000000.0,0.0,0.0
2020-08-17,100000000.0,0.0,0.0
2020-08-18,100000000.0,0.0,0.0
2020-08-19,100000000.0,0.0,0.0
2020-08-20,100000000.0,0.0,0.0
2020-08-21,100000000.0,0.0,0.0
2020-08-24,100000000.0,0.0,0.0
2020-08-25,100000000.0,0.0,0.0
2020-08-26,100000000.0,0.0,0.0
2020-08-27,100000000.0,0.0,0.0
2020-08-28,100000000.0,0.0,0.0
2020-08-31,100000000.0,0.0,0.0
2020-09-01,100000000.0,0.0,0.0
2020-09-03,100000000.0,0.0,0.0
2020-09-04,100000000.0,0.0,0.0
2020-09-07,100000000.0,0.0,0.0
2020-09-08,100000000.0,0.0,0.0
2020-09-09,100000000.0,0.0,0.0
2020-09-10,100000000.0,0.0,0.0
2020-09-11,100000000.0,0.0,0.0
2020-09-14,100000000.0,0.0,0.0
2020-09-15,100000000.0,0.0,0.0
2020-09-16,100000000.0,0.0,0.0
2020-09-17,100000000.0,0.0,0.0
2020-09-18,100000000.0,0.0,0.0
2020-09-21,100000000.0,0.0,0.0
2020-09-22,100000000.0,0.0,0.0
2020-09-23,100000000.0,0.0,0.0
2020-09-24,100000000.0,0.0,0.0
2020-09-25,100000000.0,0.0,0.0
2020-09-28,100000000.0,0.0,0.0
2020-09-29,100000000.0,0.0,0.0
2020-09-30,100000000.0,0.0,0.0
2020-10-01,100000000.0,0.0,0.0
2020-10-02,100000000.0,0.0,0.0
2020-10-05,100000000.0,0.0,0.0
2020-10-06,100000000.0,0.0,0.0
2020-10-07,100000000.0,0.0,0.0
2020-10-08,100000000.0,0.0,0.0
2020-10-09,100000000.0,0.0,0.0
2020-10-12,100000000.0,0.0,0.0
2020-10-13,100000000.0,0.0,0.0
2020-10-14,100000000.0,0.0,0.0
2020-10-15,100000000.0,0.0,0.0
2020-10-16,100000000.0,0.0,0.0
2020-10-19,100000000.0,0.0,0.0
2020-10-20,100000000.0,0.0,0.0
2020-10-21,100000000.0,0.0,0.0
2020-10-22,100000000.0,0.0,0.0
2020-10-23,100000000.0,0.0,0.0
2020-10-26,100000000.0,0.0,0.0
2020-10-27,100000000.0,0.0,0.0
2020-10-28,100000000.0,0.0,0.0
2020-10-29,100000000.0,0.0,0.0
2020-10-30,100000000.0,0.0,0.0
2020-11-02,100000000.0,0.0,0.0
2020-11-03,100000000.0,0.0,0.0
2020-11-04,100000000.0,0.0,0.0
2020-11-05,100000000.0,0.0,0.0
2020-11-06,100000000.0,0.0,0.0
2020-11-09,100000000.0,0.0,0.0
2020-11-10,100000000.0,0.0,0.0
2020-11-11,100000000.0,0.0,0.0
2020-11-12,100000000.0,0.0,0.0
2020-11-13,100000000.0,0.0,0.0
2020-11-16,100000000.0,0.0,0.0
2020-11-17,100000000.0,0.0,0.0
2020-11-18,100000000.0,0.0,0.0
2020-11-19,100000000.0,0.0,0.0
2020-11-20,100000000.0,0.0,0.0
2020-11-23,100000000.0,0.0,0.0
2020-11-24,100000000.0,0.0,0.0
2020-11-25,100000000.0,0.0,0.0
2020-11-26,100000000.0,0.0,0.0
2020-11-27,100000000.0,0.0,0.0
2020-11-30,100000000.0,0.0,0.0
2020-12-01,100000000.0,0.0,0.0
2020-12-02,100000000.0,0.0,0.0
2020-12-03,100000000.0,0.0,0.0
2020-12-04,100000000.0,0.0,0.0
2020-12-07,100000000.0,0.0,0.0
2020-12-08,100000000.0,0.0,0.0
2020-12-09,100000000.0,0.0,0.0
2020-12-10,100000000.0,0.0,0.0
2020-12-11,100000000.0,0.0,0.0
2020-12-14,100000000.0,0.0,0.0
2020-12-15,100000000.0,0.0,0.0
2020-12-16,100000000.0,0.0,0.0
2020-12-17,100000000.0,0.0,0.0
2020-12-18,100000000.0,0.0,0.0
2020-12-21,100000000.0,0.0,0.0
2020-12-22,100000000.0,0.0,0.0
2020-12-23,100000000.0,0.0,0.0
2020-12-24,100000000.0,0.0,0.0
2020-12-25,100000000.0,0.0,0.0
2020-12-28,100000000.0,0.0,0.0
2020-12-29,100000000.0,0.0,0.0
2020-12-30,100000000.0,0.0,0.0
2020-12-31,100000000.0,0.0,0.0
2021-01-04,100000000.0,0.0,0.0
2021-01-05,99920000.0,-0.0008,-0.0008000000000000229
2021-01-06,100209046.65314402,0.0028927807560450046,0.0
2021-01-07,102374361.05476674,0.021607973271291388,0.0
2021-01-08,103373346.85598378,0.009758163967271177,0.0
2021-01-11,105901237.32251522,0.024453986868135474,0.0
2021-01-12,106623008.78972279,0.006815514959560468,0.0
2021-01-13,105974766.73427993,-0.0060797576695785175,-0.006079757669578467
2021-01-14,107433522.65043949,0.013765125049222568,0.0
2021-01-15,108086887.52941176,0.006081573635988415,0.0
2021-01-18,108230504.0303651,0.001328713447449875,0.0
2021-01-19,104488092.55885813,-0.03457815802518114,-0.03457815802518116
2021-01-20,104407237.14602399,-0.0007738241827755812,-0.03532522479308098
2021-01-21,104407237.14602399,0.0,-0.03532522479308098
2021-01-22,104407237.14602399,0.0,-0.03532522479308098
2021-01-25,104407237.14602399,0.0,-0.03532522479308098
2021-01-26,104407237.14602399,0.0,-0.03532522479308098
2021-01-27,104323711.35630718,-0.0007999999999999119,-0.03609696461324641
2021-01-28,100743611.3607741,-0.03431722231684805,-0.0691754393704983
2021-01-29,101453992.78416035,0.007051379375733226,-0.0626118422612495
2021-02-01,101453992.78416035,0.0,-0.0626118422612495
2021-02-02,101453992.78416035,0.0,-0.0626118422612495
2021-02-03,101453992.78416035,0.0,-0.0626118422612495
2021-02-04,101453992.78416035,0.0,-0.0626118422612495
2021-02-05,101453992.78416035,0.0,-0.0626118422612495
2021-02-08,101413411.18704668,-0.00040000000000004713,-0.0629867975243451
2021-02-09,102285845.5114522,0.008602750999040997,-0.054925906260632984
2021-02-17,103563045.60392047,0.012486577063346247,-0.04312516575858427
2021-02-18,103344253.29685953,-0.0021126484431301766,-0.04514670588741487
2021-02-19,103453649.45039,0.0010585605879430931,-0.04413593582299968
2021-02-22,103524756.9501848,0.0006873367945217804,-0.04347893528112967
2021-02-23,103161014.739696,-0.0035135770534949497,-0.04683974574531047
2021-02-24,103305964.64312387,0.0014050841181973452,-0.04550047540996027
2021-02-25,104030109.02275005,0.007009705413697856,-0.03880971492506946
2021-02-26,104876590.18748516,0.0081368862600153,-0.030988618901182985
2021-03-01,107395209.20817964,0.024015073489632048,-0.007717739371805088
2021-03-02,107656648.36587137,0.002434365179036495,-0.0053021619887562155
2021-03-03,106657353.70771056,-0.009282238239153614,-0.014535184297147619
2021-03-04,104947040.90518785,-0.016035582574172525,-0.0303376867232924
2021-03-05,106562625.59296611,0.015394285287546407,-0.01541042844012852
2021-03-08,106453229.43943563,-0.001026590260156835,-0.016421198504543932
2021-03-09,106208615.3983442,-0.0022978545825196907,-0.018681319560829412
2021-03-10,106267186.89815292,0.0005514759757392235,-0.01814014588402313
2021-03-11,106154300.03357999,-0.001062292772284626,-0.01918316851044699
2021-03-12,105812991.01856034,-0.003215216104403574,-0.022336706582522292
2021-03-15,106406000.539273,0.005604316776270324,-0.016857571785679037
2021-03-16,106359833.79506055,-0.0004338735031715536,-0.017284131235124955
2021-03-17,108167301.18647009,0.016993890709647637,-0.0005839651626982079
2021-03-18,108067622.93436526,-0.0009215192670195028,-0.0015049462945689873
2021-03-19,107424557.34774026,-0.005950585098143225,-0.007446576081718281
2021-03-22,107246094.98367025,-0.001661280888431487,-0.009095486115620943
2021-03-23,106310966.329032,-0.008719465774307517,-0.017735644110042692
2021-03-24,105085346.49277784,-0.01152863038099829,-0.029059806805527333
2021-03-25,104539359.71261,-0.005195650948397042,-0.03410447314113496
2021-03-26,104628590.894645,0.0008535654157468085,-0.033280018124183686
2021-03-29,105282952.89623502,0.0062541413966753934,-0.02723401466654085
2021-03-30,105550646.44234003,0.002542610543692161,-0.024760649615686914
2021-03-31,105287519.52077177,-0.002492897300368501,-0.027191821159473162
2021-04-01,105361620.91604482,0.0007038003707402901,-0.026507158402546027
2021-04-02,105665436.6366643,0.0028835520750157585,-0.023700041099144697
2021-04-05,105743243.101701,0.000736347357407384,-0.022981145204371112
2021-04-06,105439427.38108152,-0.002873145476796877,-0.02578826250777244
2021-04-07,105439427.38108152,0.0,-0.02578826250777244
2021-04-08,105513528.77635457,0.0007027863970204029,-0.025103599750845196
2021-04-09,106502782.40324971,0.009375609349507747,-0.015963351945867843
2021-04-12,107519407.382712,0.009545525070068738,-0.00657020545200071
2021-04-13,106044653.93231782,-0.0137161605173738,-0.020196247976762782
2021-04-14,106767590.37531264,0.006817283249905523,-0.013516648269900178
2021-04-15,106198570.40482041,-0.005329519646289598,-0.018774130673683276
2021-04-16,107455036.89378116,0.011831293812818701,-0.0071649591169452576
2021-04-19,108356753.14929742,0.008391568060300454,0.0
2021-04-20,108173372.58884706,-0.001692377771763727,-0.0016923777717636757
2021-04-22,105787171.97659442,-0.022059038700053074,-0.02371408424505439
2021-04-23,108613829.18011439,0.02672022657100024,0.0
2021-04-26,109623905.27742541,0.00929970064526507,0.0
2021-04-27,109497671.67692843,-0.0011515152664696444,-0.001151515266469616
2021-04-28,109547873.47692071,0.00045847367549876336,-0.0006935695304074452
2021-04-29,111141053.47529118,0.01454323071552928,0.0
2021-05-04,110033287.86882564,-0.009967204483191364,-0.009967204483191328
2021-05-05,109829247.80329198,-0.001854348529300613,-0.011803070341517286
2021-05-06,109624870.48004124,-0.0018608642719359027,-0.013641970701555595
2021-05-07,110752395.41088186,0.010285302284994793,-0.003496980208989253
2021-05-10,112995913.46534544,0.020257061223283895,0.0
2021-05-11,112215703.54295005,-0.006904762291555568,-0.006904762291555566
2021-05-12,113418811.35098019,0.010721385421512412,0.0
2021-05-13,114389799.5953463,0.008561086408861556,0.0
2021-05-14,113916947.70933208,-0.004133689259767355,-0.004133689259767315
2021-05-17,112806206.67910402,-0.009750445851676129,-0.013843829798148466
2021-05-18,113941323.3999424,0.01006253781821962,-0.003920596040821733
2021-05-19,114764192.44135013,0.007221866631471389,0.0
2021-05-20,116103011.5430882,0.011665826014697612,0.0
2021-05-21,116679652.88657585,0.004966635540488515,0.0
2021-05-24,115402576.3012415,-0.01094515242152623,-0.010945152421526272
2021-05-25,116910124.84953532,0.013063387288326905,0.0
2021-05-26,118688870.12177533,0.015214638377379878,0.0
2021-05-27,119273914.94936647,0.004929230744136981,0.0
2021-05-28,121630427.421265,0.019757148685015623,0.0
2021-05-31,124156786.1507319,0.020770779014998426,0.0
2021-06-01,124277003.22106221,0.0009682682200259112,0.0
2021-06-02,125711112.53313534,0.011539619357590661,0.0
2021-06-03,129582359.6655413,0.03079478857834124,0.0
2021-06-04,130413983.222635,0.006417721974195853,0.0
2021-06-07,125702075.08985056,-0.03613039044088203,-0.036130390440882065
2021-06-08,121989094.28415135,-0.02953794361028021,-0.064601116615702
2021-06-09,126039641.72675915,0.033204176704294514,-0.033541966802810075
2021-06-10,124012566.9548227,-0.01608283508398837,-0.04908535196631625
2021-06-11,126639442.93197006,0.02118233693287162,-0.028942757497263716
2021-06-14,128856963.24530475,0.017510502746967443,-0.011939056984956897
2021-06-15,130681227.47845007,0.014157280966434682,0.0
2021-06-16,132643348.96883003,0.015014562751207109,0.0
2021-06-17,135194859.59714782,0.019235873099957463,0.0
2021-06-18,135194859.59714782,0.0,0.0
2021-06-21,133861267.53275514,-0.009864221675043777,-0.00986422167504375
2021-06-22,132075423.48941141,-0.013341006523091052,-0.02307362955242287
2021-06-23,131027612.34336528,-0.007933430144406357,-0.030824006668597193
2021-06-24,129180999.85925657,-0.01409330789963236,-0.044482902351548614
2021-06-25,133014177.84857759,0.029672923986478604,-0.016129916145245504
2021-06-28,134760188.3768301,0.013126499419033048,-0.003215146061122054
2021-06-29,134166588.83359843,-0.004404858366417409,-0.007605842164512877
2021-06-30,133085466.27146399,-0.008058061038395473,-0.015602614862498365
2021-07-01,136976141.16535205,0.02923440855631799,0.0
2021-07-02,139776030.45679864,0.02044070790450056,0.0
2021-07-05,137946049.40563115,-0.013092237955155626,-0.013092237955155572
2021-07-06,132902220.97882259,-0.03656377582787572,-0.049177312129353834
2021-07-07,133744981.02591872,0.006341203637450299,-0.04314795184245823
2021-07-08,132543394.26739232,-0.00898416336306139,-0.05174446695738544
2021-07-09,129209414.10641062,-0.025153876429750595,-0.07559676945936666
2021-07-12,125939744.22264582,-0.025305198590809038,-0.09898897678618279
2021-07-13,126071749.52851209,0.0010481624103738235,-0.0980445709003176
2021-07-14,124238830.8790595,-0.014538694483953904,-0.11115782532214147
2021-07-15,124694200.22654884,0.0036652739265763228,-0.10789997527445327
2021-07-16,125036740.42991123,0.0027470419854335746,-0.10544933905132592
2021-07-19,123277189.38055229,-0.014072272224220708,-0.1180376994705522
2021-07-20,124281466.02978563,0.008146492098657239,-0.11085280055797553
2021-07-21,124425906.78756882,0.0011622067424644988,-0.10981942768774056
2021-07-22,125580135.96312031,0.009276437723874447,-0.101561723045683
2021-07-23,125941967.35635498,0.00288127887790256,-0.09897307181519532
2021-07-26,126348331.24424802,0.0032265963159303548,-0.09606582164816024
2021-07-27,126054453.27174418,-0.00232593473621536,-0.09816831355284106
2021-07-28,125301938.08541124,-0.005969762803307653,-0.10355203480943753
2021-07-29,127377489.45081481,0.016564399538567327,-0.08870291254848528
2021-07-30,127798993.74894279,0.0033090956647464586,-0.08568734330710348
2021-08-02,127997845.12965205,0.0015559698466789038,-0.08426470038285239
2021-08-03,130933262.2784256,0.022933332555717615,-0.06326383822372261
2021-08-04,130511632.05857897,-0.0032201918176456355,-0.06628030834716736
2021-08-05,131051667.53696044,0.004137834075502785,-0.0624167311900784
2021-08-06,130347197.4948628,-0.005375513759860871,-0.06745672295258143
2021-08-09,132481841.13361616,0.016376597884565178,-0.0521848366944212
2021-08-10,132303492.5299934,-0.0013462116928378788,-0.053460796549912204
2021-08-11,130823055.79191446,-0.011189702628169998,-0.06405228876242353
2021-08-12,130350924.45625474,-0.003608930649125745,-0.06743005914348799
2021-08-13,133609307.62584148,0.024997008522791478,-0.044118600383798556
2021-08-16,134590053.84890753,0.0073404034531226025,-0.037102045257280114
2021-08-17,133418365.96151266,-0.008705605309514378,-0.04548465480460895
2021-08-18,133051681.63374764,-0.002748379693623257,-0.048108025396595755
2021-08-19,132222132.62864588,-0.0062347878276748205,-0.054042869893114354
2021-08-20,130241019.51779841,-0.014983218553973509,-0.06821635231619538
2021-08-23,130276303.69620465,0.00027091448252535146,-0.06796391863145756
2021-08-24,128366068.51989439,-0.014662951911537134,-0.08163031887238203
2021-08-25,128307292.052931,-0.0004578816477057268,-0.08205082349517967
2021-08-26,129002323.77477312,0.0054169307973189985,-0.07707835633059712
2021-08-27,129009475.80163983,5.544107003212628e-05,-0.07702718856711632
2021-08-30,130649657.65664525,0.01271365413132374,-0.06529283146994314
2021-08-31,130578229.65272328,-0.0005467140534702937,-0.06580384901485792
2021-09-01,131149894.47928764,0.004377948974225768,-0.06171398593392685
2021-09-06,131335868.25971194,0.0014180246287096136,-0.06038347325720739
2021-09-07,130011932.99009244,-0.010080530834131773,-0.06985530662729789
2021-09-08,129772482.57256196,-0.001841757229690019,-0.07156840734097492
2021-09-09,131073166.64550845,0.010022803349078372,-0.062262920064681815
2021-09-10,132904156.96036491,0.013969223157691965,-0.04916346153182294
2021-09-13,133228954.88444191,0.0024438507530947016,-0.0468397589412175
2021-09-14,133047210.60016477,-0.0013641500410686226,-0.04814001252320288
2021-09-15,135450947.9113714,0.018066799749980343,-0.030942948739440812
2021-09-16,134886219.4763926,-0.004169246828367177,-0.0349831867769157
2021-09-17,137498231.60375586,0.01936455879260825,-0.016296061961401875
2021-09-20,137180468.62941092,-0.0023110331721259685,-0.01856943439376002
2021-09-21,138977408.45214564,0.013099093775434568,-0.005713583380806075
2021-09-22,137715627.15995693,-0.009079038861364117,-0.014740748396618208
2021-09-23,136695454.46606827,-0.007407820847402684,-0.022039372420742054
2021-09-24,135883123.47121844,-0.0059426335573687615,-0.02785103406398004
2021-09-27,133200217.1850192,-0.019744220015427534,-0.0470453571351912
2021-09-28,135670328.80743814,0.01854435131279012,-0.02937343145275173
2021-09-29,135616085.9147228,-0.0003998139695844905,-0.029761501514106725
2021-09-30,136753874.26586458,0.008389774291651782,-0.021621419502738992
2021-10-01,138186865.84662992,0.010478617797543662,-0.011369364296404894
2021-10-04,140714714.77535447,0.018292975336238918,0.0
2021-10-05,143051461.28032494,0.016606269704635974,0.0
2021-10-06,145450193.91055417,0.016768319657557755,0.0
2021-10-07,147214280.63737053,0.012128459092335045,0.0
2021-10-08,144682486.14971265,-0.017198022343324047,-0.017198022343324015
2021-10-11,146232139.2811814,0.010710716775112735,-0.0066715087146227425
2021-10-12,148270345.24768665,0.013938153244042404,0.0
2021-10-13,152118633.01660365,0.02595453435067142,0.0
2021-10-14,153445924.48782903,0.00872537075113282,0.0
2021-10-15,154132101.05253276,0.004471780967751663,0.0
2021-10-18,153239623.03700307,-0.00579034483689747,-0.005790344836897443
2021-10-19,157559396.02473274,0.02818966075560343,0.0
2021-10-20,161351754.8686117,0.02406939185831642,0.0
2021-10-21,163294576.35769445,0.012040907089388573,0.0
2021-10-22,162882870.4188722,-0.0025212468656668893,-0.002521246865666904
2021-10-25,161510517.28946474,-0.008425398729027185,-0.010925403084556473
2021-10-26,164024704.1010524,0.015566706452197468,0.0
2021-10-27,163750233.4751709,-0.0016733493127498473,-0.0016733493127498722
2021-10-28,166631278.08409694,0.0175941404649226,0.0
2021-10-29,167887026.04564628,0.007536087918113307,0.0
2021-11-01,169372396.49159318,0.00884744033492528,0.0
2021-11-02,168321156.05521047,-0.0062066810068126385,-0.006206681006812653
2021-11-03,162881973.45604253,-0.032314313462675215,-0.03832042983387085
2021-11-04,164344919.83124748,0.008981634641108769,-0.029682975292820157
2021-11-05,167428842.08355552,0.018764938128143366,-0.011475036359505753
2021-11-08,169073201.88175023,0.009821245716876469,-0.0017664897943261426
2021-11-09,170746405.96608692,0.00989632931602571,0.0
2021-11-10,170932505.2861903,0.0010899164702789675,0.0
2021-11-11,170412103.10853833,-0.003044489266571436,-0.003044489266571415
2021-11-12,171006607.05491292,0.0034886251359502653,0.0
2021-11-15,172457505.83308175,0.008484460355984496,0.0
2021-11-16,171751004.3353264,-0.004096670042527216,-0.0040966700425272284
2021-11-17,174081556.6365133,0.013569366363859641,0.0
2021-11-18,178390712.81446224,0.024753662945159544,0.0
2021-11-19,176946042.65945572,-0.008098348463403907,-0.00809834846340396
2021-11-22,175364660.009387,-0.00893708967039294,-0.016963062467397316
2021-11-23,171789259.4549207,-0.02038837559560114,-0.03700558877416149
2021-11-24,172767116.89971408,0.005692191979266162,-0.03152403971050366
2021-11-25,172452868.27741963,-0.0018189145477079836,-0.033285614723779666
2021-11-26,171789259.4549207,-0.0038480590617454417,-0.03700558877416149
2021-11-29,172209276.90204644,0.002444957551237072,-0.03465110831663576
2021-11-30,171495246.6789489,-0.004146293602426989,-0.03865372825033253
2021-12-01,172085692.83714566,0.003442930166467551,-0.03534388017090451
2021-12-02,171387850.2261845,-0.0040552041221786905,-0.039255757644520384
2021-12-03,169367791.1977421,-0.011786477429855526,-0.05057954797290687
2021-12-06,167493179.70845628,-0.011068287990466618,-0.06108800695998173
2021-12-07,171806555.7927612,0.025752547607090167,-0.0369086311603507
2021-12-08,175806357.88937443,0.023280846753239864,-0.014487048593026852
2021-12-09,176195289.59967023,0.0022122732929859704,-0.012306824610737399
2021-12-10,177224071.06981555,0.005838870451547193,-0.0065398121137622
2021-12-13,180733416.49474645,0.019801742527110953,0.0
2021-12-14,182281189.4734348,0.008563845074733869,0.0
2021-12-15,182661667.10142636,0.002087311527265445,0.0
2021-12-16,186093425.1261909,0.018787510697901324,0.0
2021-12-17,182203602.0732684,-0.020902528126852296,-0.020902528126852338
2021-12-20,183828962.45212317,0.008920572153129856,-0.012168418484060806
2021-12-21,186388594.03363144,0.013923984269752462,0.0
2021-12-22,191025713.50762805,0.024878772749151703,0.0
2021-12-23,191507020.85690087,0.002519594563658561,0.0
2021-12-24,185365858.9776942,-0.03206755476497907,-0.03206755476497902
2021-12-27,189581049.708942,0.02273984408183285,-0.010056921878587533
2021-12-28,185475125.37530163,-0.021657883738612414,-0.031496993972385146
2021-12-29,189364948.4282241,0.0209722087802963,-0.01118534672562943
2021-12-30,188500543.30535245,-0.004564757786730932,-0.015699046113797244
2021-12-31,184155130.57146114,-0.023052521004420474,-0.03838966452793002
2022-01-04,184956797.48831856,0.0043532152178966076,-0.034203567781866395
2022-01-05,187859908.48257464,0.01569615733879385,-0.01904427502452477
2022-01-06,187335518.4079395,-0.0027913889603741024,-0.021782504005837144
2022-01-07,190958577.10541883,0.01933994539994178,-0.0028638310440421977
2022-01-10,188527314.03211033,-0.012731887250952425,-0.015559256321036163
2022-01-11,192245716.37952334,0.01972341443733547,0.0
2022-01-12,188288954.90727615,-0.020581792649340038,-0.020581792649340014
2022-01-13,184343799.02583027,-0.02095266758153019,-0.04110321677125661
2022-01-14,185526139.07532862,0.006413777169324148,-0.034953066475245764
2022-01-17,183067632.0420645,-0.013251539893609872,-0.047741424414054934
2022-01-18,179816265.0888609,-0.0177604687236928,-0.06465398306261738
2022-01-19,179215591.692956,-0.0033404842193116412,-0.06777849167179262
2022-01-20,181345251.91480058,0.011883230704018534,-0.05670068842108045
2022-01-21,180143905.12299082,-0.006624638798782462,-0.06294970563943092
2022-01-24,177850424.88408127,-0.012731378490677773,-0.07487964760173638
2022-01-25,178944264.86493942,0.006150336618937438,-0.06918984602145706
2022-01-26,179298202.5745815,0.0019779215048284543,-0.06734877660099015
2022-01-27,177079429.28841096,-0.012374765916839649,-0.07889011717260708
2022-01-28,177202669.59537798,0.0006959606062785382,-0.07824906098010531
2022-02-07,180336922.5894373,0.017687391511742076,-0.06194569124534455
2022-02-08,186126934.1077143,0.03210663371171513,-0.03182792515246269
2022-02-09,191354687.57637227,0.028087033688700826,-0.004634843469760508
2022-02-10,190971745.61951727,-0.0020012154481565117,-0.006626783597565633
2022-02-11,191826481.188515,0.0044757174220979995,-0.002180725786267712
2022-02-14,190426657.75138432,-0.007297341996046058,-0.009462154280451718
2022-02-15,190836353.27390134,0.002151460973767194,-0.007331050762346747
2022-02-16,187691584.43677175,-0.016478877232662302,-0.023689120509509887
2022-02-17,189190274.7364154,0.007984856135883409,-0.015893418592880515
2022-02-18,192802381.03066367,0.01909245229058819,0.0
2022-02-21,195472880.78562757,0.01385096875198436,0.0
2022-02-22,198991592.5529263,0.01800102271556355,0.0
2022-02-23,202371949.6840051,0.016987436945004233,0.0
2022-02-24,209811421.22653458,0.036761377029503696,0.0
2022-02-25,209956985.35252237,0.0006937855200486515,0.0
2022-02-28,207518938.17335612,-0.01161212700340845,-0.011612127003408412
2022-03-01,209471771.59922975,0.009410386555863586,-0.0023110150513827588
2022-03-02,211303402.8741997,0.008744048236123623,0.0
2022-03-03,211998808.39563948,0.0032910285020530555,0.0
2022-03-04,213385694.15923098,0.006541950750040274,0.0
2022-03-07,210879094.0586172,-0.011746804819742591,-0.011746804819742551
2022-03-08,203957048.80304062,-0.03282471070201244,-0.04418593005187399
2022-03-09,202030539.9918951,-0.00944565938000959,-0.05321422418722466
2022-03-10,207624439.20710742,0.027688384218726173,-0.02699925585369578
2022-03-11,208493696.10890716,0.004186679107331127,-0.02292561396676085
2022-03-14,205724052.43585116,-0.013284064337414195,-0.03590513297326581
2022-03-15,207347454.58231795,0.007891163562282056,-0.028297302688001347
2022-03-16,213483142.0595672,0.029591332527370704,0.0
2022-03-17,217873514.02863318,0.020565426978027795,0.0
2022-03-18,217666417.81531572,-0.0009505341401444375,-0.0009505341401444545
2022-03-21,220312055.9177521,0.012154553417060038,0.0
2022-03-22,219157032.1491778,-0.005242671644830441,-0.005242671644830388
2022-03-23,221512079.58898318,0.01074593599260978,0.0
2022-03-24,221719175.80230063,0.0009349206314243538,0.0
2022-03-25,224387851.44541007,0.012036287043972268,0.0
2022-03-28,223554990.7671485,-0.0037117012926352637,-0.0037117012926353166
2022-03-29,224100809.4906853,0.0024415412139259093,-0.001279222350389131
2022-03-30,220316899.86449713,-0.016884854788288776,-0.018142477655049616
2022-03-31,220328175.9184834,5.1181066877830697e-05,-0.018092225139534013
2022-04-01,221840106.14175972,0.006862173741390652,-0.011354203390419149
2022-04-04,220146744.29169023,-0.007633253876048027,-0.018900787749427828
2022-04-05,221114379.6345871,0.004395410643069881,-0.014588453829994186
2022-04-06,221053902.42565602,-0.0002735109721540177,-0.014857974699958976
2022-04-07,217304315.47193074,-0.016962319654077695,-0.03156826863776374
2022-04-08,218069223.4474646,0.003519985205414139,-0.02815940327091504
2022-04-12,217071427.99102563,-0.004575590450888817,-0.032606147825094745
2022-04-13,224582322.59411275,0.03460102820808665,0.0
2022-04-14,232457403.81196147,0.03506545451523065,0.0
2022-04-15,232363898.77338833,-0.0004022459041519004,-0.0004022459041519433
2022-04-18,230497219.43150648,-0.008033430975016952,-0.008432445464462868
2022-04-19,236040707.80585438,0.024050131225097807,0.0
2022-04-20,232430929.84261313,-0.015293031430029113,-0.015293031430029136
2022-04-21,232281404.48626012,-0.0006433109244723299,-0.01592650418031416
2022-04-22,226306819.81354678,-0.02572132145458397,-0.0412381749012285
2022-04-25,218534619.8226673,-0.03434364018407823,-0.07416554604465087
2022-04-26,219358255.89447555,0.0037689043158315085,-0.07067616457539305
2022-04-27,219358255.89447555,0.0,-0.07067616457539305
2022-04-28,219358255.89447555,0.0,-0.07067616457539305
2022-04-29,219358255.89447555,0.0,-0.07067616457539305
2022-05-04,219358255.89447555,0.0,-0.07067616457539305
2022-05-05,219270512.59211776,-0.000400000000000012,-0.07104789410956291
2022-05-06,217503043.7234637,-0.008060677415124439,-0.07853587736924628
2022-05-09,213865644.0227554,-0.016723442754819278,-0.09394592987468142
2022-05-10,213885649.72110933,9.354330119421982e-05,-0.09386117458590149
2022-05-11,213885649.72110933,0.0,-0.09386117458590149
2022-05-12,213885649.72110933,0.0,-0.09386117458590149
2022-05-13,213885649.72110933,0.0,-0.09386117458590149
2022-05-16,213885649.72110933,0.0,-0.09386117458590149
2022-05-17,213800095.4612209,-0.0003999999999999843,-0.09422363011606705
2022-05-18,212258356.79618314,-0.007211122435244151,-0.10075529441825115
2022-05-19,212308932.35027432,0.00023827355895226072,-0.10054102818188315
2022-05-20,212720062.66095105,0.0019364720368826843,-0.09879925103463416
2022-05-23,211486671.72892085,-0.005798188081563659,-0.10402458247638136
2022-05-24,212258356.79618314,0.00364885910281581,-0.10075529441825115
2022-05-25,214211225.7718976,0.009200433873092113,-0.09248185296881806
2022-05-26,215599606.305175,0.0064813621614574326,-0.08659989918981414
2022-05-27,215543764.94185764,-0.0002590049410309617,-0.08683647432906216
2022-05-30,215938549.37958133,0.0018315743804057068,-0.0851639474103224
2022-05-31,214218785.79956275,-0.007964134171317153,-0.09244982447790473
2022-06-01,214222656.23522672,1.8067676228870797e-05,-0.09243342715517189
2022-06-02,211592050.1289568,-0.012279775409849248,-0.10357814083919303
2022-06-03,210798610.81784543,-0.00374985407357125,-0.1069395919994055
2022-06-06,210657984.98872164,-0.0006671098475374306,-0.10753536139202846
2022-06-07,209392412.38934577,-0.006007712451268491,-0.1128970323137104
2022-06-08,210925884.7129442,0.0073234378748504745,-0.10640038884126435
2022-06-09,212369394.47101888,0.0068436823675728075,-0.10028487693870736
2022-06-10,212049882.42970592,-0.0015045107705317924,-0.10163850803176344
2022-06-13,209160010.12747347,-0.013628266467869563,-0.11388161782877948
2022-06-14,206755111.45937675,-0.011497889422701047,-0.12407010900240689
2022-06-15,205236146.6505172,-0.00734668564243938,-0.13050529055638238
2022-06-16,205236146.6505172,0.0,-0.13050529055638238
2022-06-17,205236146.6505172,0.0,-0.13050529055638238
2022-06-20,205154052.19185698,-0.00040000000000004024,-0.13085308844015986
2022-06-21,201698577.98967806,-0.016843314403302244,-0.1454924031342214
2022-06-22,204940079.08474663,0.016071016104210998,-0.13175959778382085
2022-06-23,204940079.08474663,0.0,-0.13175959778382085
2022-06-24,204940079.08474663,0.0,-0.13175959778382085
2022-06-27,204940079.08474663,0.0,-0.13175959778382085
2022-06-28,204940079.08474663,0.0,-0.13175959778382085
2022-06-29,204940079.08474663,0.0,-0.13175959778382085
2022-06-30,204858103.05311272,-0.00040000000000007255,-0.13210689394470732
2022-07-01,205620528.9425649,0.0037217267859525095,-0.12887683292455787
2022-07-04,205620528.9425649,0.0,-0.12887683292455787
2022-07-05,205773014.12045535,0.0007415853790213855,-0.12823082072052794
2022-07-06,204095677.16366053,-0.008151394214466572,-0.13533695496485687
2022-07-07,204248162.34155098,0.0007471259558730131,-0.13469094276082694
2022-07-08,203943191.9857701,-0.001493136350822523,-0.1359829671688867
2022-07-11,204705617.8752223,0.0037384228521116143,-0.13275290614873714
2022-07-12,205773014.12045535,0.005214298739391154,-0.12823082072052794
2022-07-13,207755321.43303102,0.009633465889823948,-0.11983266206813925
2022-07-14,207755321.43303102,0.0,-0.11983266206813925
2022-07-15,206840410.36568838,-0.004403791253248627,-0.12370873529231874
2022-07-18,206687925.18779796,-0.0007372117354671179,-0.12435474749634856
2022-07-19,206230469.65412664,-0.002213266852699172,-0.12629278410843836
2022-07-20,206992895.54357883,0.003696960447846864,-0.1230627230882888
2022-07-21,206840410.36568838,-0.0007366686546898736,-0.12370873529231874
2022-07-22,207046147.95445234,0.000994668248821464,-0.12283711619459436
2022-07-25,205142810.99260798,-0.009192815131547707,-0.1309007124256728
2022-07-26,205142810.99260798,0.0,-0.1309007124256728
2022-07-27,205293121.10332018,0.0007327096181674951,-0.13026391501852452
2022-07-28,207316188.66430098,0.009854531657505586,-0.12169307323539957
2022-07-29,207879193.3502344,0.002715681247859822,-0.11930787158451961
2022-08-01,208697610.46730763,0.003936984283436056,-0.11584060051640199
2022-08-02,209245986.87453216,0.002627612295112688,-0.1135173724074795
2022-08-03,211275289.1944882,0.009698166021090011,-0.10492011671027512
2022-08-04,211997883.66795865,0.003420156120601825,-0.10185880376901413
2022-08-05,212842102.92800376,0.003982206074129345,-0.09828222044195734
2022-08-08,214186397.31320626,0.006315923244083056,-0.09258704015844377
2022-08-09,214758527.55310997,0.0026711791555422085,-0.09016317757464609
2022-08-10,215037604.62315658,0.0012994923797733139,-0.08898085155706725
2022-08-11,212521204.88263524,-0.011702138074553125,-0.0996417234207082
2022-08-12,217536270.878054,0.023597955781345797,-0.07839510862262133
2022-08-15,216889821.43838513,-0.0029716857655946913,-0.08113382875983
2022-08-16,217443802.26669973,0.002554203902426926,-0.07878685719944023
2022-08-17,217138090.0494995,-0.0014059366788723492,-0.0800820245459628
2022-08-18,215435768.19349754,-0.007839812239363008,-0.0872940087491374
2022-08-19,219009662.16206026,0.016589139299063676,-0.0721530019211869
2022-08-22,221144284.82259429,0.009746705416834398,-0.06310955055901857
2022-08-23,224100276.30759454,0.013366800265137304,-0.05058632305102628
2022-08-24,226078204.596471,0.008826085899874653,-0.042206716383758724
2022-08-25,226169864.28690186,0.0004054335560318784,-0.0418183948468388
2022-08-26,226926283.88111538,0.0033444756072983236,-0.038613779841042084
2022-08-29,224265103.66500092,-0.01172706911954117,-0.04988802249542057
2022-08-30,225300925.2296594,0.004618737145150168,-0.04549970501286815
2022-08-31,226703698.15517437,0.0062262191071122165,-0.039556777038475044
2022-09-05,225030769.27094215,-0.007379363009275371,-0.04664423623050651
2022-09-06,222796353.93422848,-0.009929376964549168,-0.05611046499029948
2022-09-07,218329578.4108108,-0.020048692200485087,-0.07503421574896796
2022-09-08,215744327.03835222,-0.011841049624500012,-0.08598678150124894
2022-09-09,217295305.1501586,0.007188963589900929,-0.07941597375277332
2022-09-12,218406512.8061242,0.005113813458591355,-0.07470827876958608
2022-09-13,218813603.43761143,0.0018639125100110363,-0.07298361595497505
2022-09-14,218367414.8779596,-0.0020391262364044017,-0.074873919385258
2022-09-15,217585761.06444848,-0.0035795350416543653,-0.07818544060876675
2022-09-16,216059913.79448107,-0.007012624642820511,-0.08464978010406454
2022-09-19,212074954.26107812,-0.018443770819947164,-0.10153228977981332
2022-09-20,215496670.80760804,0.01613446792174036,-0.08703599133054629
2022-09-21,212911794.0855314,-0.011994972880042129,-0.09798696985499089
2022-09-22,214921215.85792232,0.009437813349051357,-0.08947393923807001
2022-09-23,213201374.51732224,-0.008002194356358967,-0.096760145742817
2022-09-26,209756870.00398892,-0.016156108379373795,-0.11135298672076577
2022-09-27,209350358.24667823,-0.0019380140316880106,-0.11307519710171854
2022-09-28,208240346.67230907,-0.005302171840858433,-0.11777782481660481
2022-09-29,204668143.623524,-0.017154231184633717,-0.13291166796591114
2022-09-30,204586276.36607462,-0.0003999999999998969,-0.13325850329872468
2022-10-03,202080485.44315383,-0.01224808900884964,-0.14387443029798552
2022-10-04,202278270.05919543,0.0009787417899747594,-0.14303650442545213
2022-10-05,204059110.28316057,0.008803912666664524,-0.13549187265189433
2022-10-06,200629805.36565182,-0.016805448738603783,-0.15002031967014928
2022-10-07,197723632.34783354,-0.014485250646192443,-0.1623324883838977
2022-10-10,197723632.34783354,0.0,-0.1623324883838977
2022-10-11,197723632.34783354,0.0,-0.1623324883838977
2022-10-12,197565453.44195527,-0.0008000000000000445,-0.16300262239319052
2022-10-13,198951106.93432122,0.007013642659813808,-0.1571322218794552
2022-10-14,201292817.5824838,0.011770282077071485,-0.1472114303773019
2022-10-17,200481350.35632536,-0.004031277597999368,-0.15064925783385175
2022-10-18,201268180.7508974,0.0039247061792709245,-0.14731580572770397
2022-10-19,201065700.99840593,-0.0010060196884378672,-0.14817362281516167
2022-10-20,200065452.36737305,-0.00497473525353195,-0.1524112335236315
2022-10-21,196095725.07895708,-0.019842142865958187,-0.16922921091963683
2022-10-24,191909043.10183012,-0.021350195040923035,-0.18696632930080415
2022-10-25,189312618.93887988,-0.013529451874618237,-0.19796622922097307
2022-10-26,190752076.4948195,0.007603600668608086,-0.19186788470523142
2022-10-27,190752076.4948195,0.0,-0.19186788470523142
2022-10-28,190752076.4948195,0.0,-0.19186788470523142
2022-10-31,190752076.4948195,0.0,-0.19186788470523142
2022-11-01,190752076.4948195,0.0,-0.19186788470523142
2022-11-02,190752076.4948195,0.0,-0.19186788470523142
2022-11-03,190675775.66422158,-0.0003999999999998926,-0.1921911375513492
2022-11-04,189942113.83154917,-0.003847692923323356,-0.19529933799479082
2022-11-07,190023631.81295723,0.00042917276091996166,-0.19495398238996386
2022-11-08,191001847.58985373,0.005147863808115073,-0.19080971513204203
2022-11-09,192106593.16706514,0.0057839523080618375,-0.1861293971162188
2022-11-10,188877327.0912713,-0.016809761823143192,-0.19981036810555308
2022-11-11,189217249.8360917,0.0017997011608287166,-0.1983702658961496
2022-11-14,188027520.2292203,-0.0062876381931456695,-0.20341062362906215
2022-11-15,184668295.48648125,-0.017865601474953734,-0.21764217196648727
2022-11-16,190898856.632771,0.03373920320148213,-0.19124604223019437
2022-11-17,194755458.1357405,0.020202328976691487,-0.1749073287141275
2022-11-18,194200441.63770986,-0.0028498122894393945,-0.17725868794868438
2022-11-21,193191759.4804194,-0.005194026073185781,-0.1815320277749659
2022-11-22,192625555.6779577,-0.002930786509654778,-0.1839307826665476
2022-11-23,192636742.98238876,5.8077986545848486e-05,-0.18388338700952278
2022-11-24,192969752.88120714,0.001728693569371748,-0.1824725714687887
2022-11-25,196338936.20854902,0.017459644721709137,-0.16819883301638128
2022-11-28,201518253.44876993,0.02637947082854463,-0.14625635839678752
2022-11-29,201952987.31062692,0.002157292723696195,-0.14441458345085512
2022-11-30,202432391.41549414,0.0023738401261172793,-0.14238356045772993
2022-12-01,206347389.8858562,0.019339782744187912,-0.12579744483913846
2022-12-02,210396399.0852489,0.019622294237074865,-0.10864358507896943
2022-12-05,212093058.00331575,0.00806410625582714,-0.101455592237233
2022-12-06,204629592.7031088,-0.03518957843537849,-0.1330749911518716
2022-12-07,201251135.24808565,-0.016510111809316098,-0.14738801997824658
2022-12-08,202591454.80896637,0.00665993540472945,-0.1417096792660032
2022-12-09,208407378.89472634,0.028707647572026637,-0.11707018322388996
2022-12-12,207354017.61868617,-0.005054337718878252,-0.12153280869994376
2022-12-13,212013842.27704328,0.0224727965817682,-0.10179119420610028
2022-12-14,212143741.089111,0.0006126902407531278,-0.10124087043663188
2022-12-15,208985428.60842776,-0.014887606226179389,-0.11462124244975502
2022-12-16,210459780.12539655,0.0070548053363627215,-0.10837506766628735
2022-12-19,209325517.83455667,-0.005389449186747522,-0.1131804349327371
2022-12-20,202794214.95420283,-0.031201656386279402,-0.14085067427859554
2022-12-21,203262157.99445266,0.0023074772638632737,-0.13886820674322997
2022-12-22,202152113.60041928,-0.005461146358899069,-0.1435709735005064
2022-12-23,205482246.7825194,0.01647340274008993,-0.1294626732286771
2022-12-26,203373162.43385598,-0.010264070895115605,-0.13839793006750234
2022-12-27,202707135.79743597,-0.00327489934487608,-0.14121959012186824
2022-12-28,202707135.79743597,0.0,-0.14121959012186824
2022-12-29,202182212.7926067,-0.002589563523574277,-0.14344345654604873
2022-12-30,201572776.81042933,-0.00301429079126026,-0.14602536704717572
2023-01-03,207239806.88057008,0.02811406460640442,-0.12201666904410957
2023-01-04,204260824.94506687,-0.014374564328850044,-0.13463729691459303
2023-01-05,206838957.07484207,0.012621764993206844,-0.12371489224236276
2023-01-06,205932783.63122845,-0.004381057884012301,-0.12755394802234699
2023-01-09,206638351.42804515,0.0034262043389856438,-0.12456476957353024
2023-01-10,207116468.1733504,0.0023137851323389415,-0.12253920055304379
2023-01-11,206094519.595519,-0.004934173447647083,-0.12686874433102613
2023-01-12,206928032.5378542,0.004044323662613836,-0.12333751893315636
2023-01-13,208204420.3165242,0.006168269049948649,-0.11793002888394055
2023-01-16,206929012.18466437,-0.006125749539423279,-0.12333336860324384
2023-01-17,208814128.36090076,0.009109965569033427,-0.11534696577569892
2023-01-18,212307339.43827027,0.016728806162637003,-0.10054777664497183
2023-01-19,212363004.9324403,0.0002621929807858809,-0.10031194658545595
2023-01-27,212308645.63401717,-0.0002559734848376003,-0.10054224287175517
2023-01-30,214965177.17010924,0.012512592354206181,-0.08928769461698083
2023-01-31,216628611.01647568,0.0077381549340435896,-0.08224046169758703
2023-02-01,212015783.77604377,-0.021293711937621557,-0.10178296893420313
2023-02-02,208859528.37892753,-0.014886888800931234,-0.11515462599478232
2023-02-03,209025871.76356417,0.0007964366573443984,-0.11444990270284294
2023-02-06,210891898.70200145,0.008927253467207187,-0.10654437252636118
2023-02-07,206242821.75413537,-0.022044834232515544,-0.12624045372812576
2023-02-08,204938737.3527193,-0.006323053526540083,-0.13176528210852823
2023-02-09,204611123.23146188,-0.0015985953924053356,-0.1331532381280759
2023-02-10,203169520.8786497,-0.007045571765819348,-0.13926066919881264
2023-02-13,202292401.3748303,-0.004317180549651919,-0.14297663629606794
2023-02-14,202542510.69869167,0.0012363752773784599,-0.14191703379704868
2023-02-15,203232048.20961508,0.0034044088253117003,-0.1389957685740576
2023-02-16,204359277.0372959,0.005546511180747407,-0.1342201989777828
2023-02-17,203419630.20251113,-0.0045980140877739,-0.13820106669979304
2023-02-20,204548595.90049654,0.005549934865487107,-0.1334181387528307
2023-02-21,205554126.40607604,0.004915851419819306,-0.1291581510798291
2023-02-22,201085323.92779496,-0.02174027131643603,-0.14809048914906042
2023-02-23,201180728.10666108,0.00047444625496575576,-0.1476863038720675
2023-02-24,200123903.86099952,-0.005253108762491676,-0.1521636004175888
2023-02-27,199734547.5599663,-0.0019455761831613312,-0.15381313072383362
2023-02-28,199567680.5738092,-0.0008354437837399712,-0.15452007228365272
2023-03-01,201291972.76409915,0.008640137447767865,-0.1472150094988547
2023-03-02,202126307.69488463,0.004144899169741172,-0.14368030169975876
2023-03-03,201570084.4076943,-0.0027518599312166374,-0.14603677356582268
2023-03-06,201458839.75025624,-0.0005518907121806174,-0.14650806793903548
2023-03-07,202682530.98207492,0.006074150101011488,-0.14132382983369485
2023-03-08,203906222.2138936,0.006037477556104222,-0.13613959172835433
2023-03-09,203516865.91286036,-0.0019094871005201674,-0.13778912203459914
2023-03-10,202960642.62567008,-0.0027330574529800685,-0.14014559390066295
2023-03-13,201959440.70872754,-0.004932985548282387,-0.14438724325957786
2023-03-14,200624504.8194708,-0.006609920707703055,-0.1500427757381313
2023-03-15,202325929.2960875,0.008480641376025895,-0.142834593334204
2023-03-16,202746955.1177433,0.002080928643800632,-0.14105089328699816
2023-03-17,204592684.43068945,0.009103610517229478,-0.13323135516536078
2023-03-20,200985031.8925202,-0.017633340841135704,-0.14851538211013926
2023-03-21,202493541.47153342,0.007505581708293217,-0.14212449473721211
2023-03-22,203355546.94525528,0.004256952925301288,-0.13847255909553935
2023-03-23,204433053.7874076,0.0052986351163678835,-0.13390763954344842
2023-03-24,205979475.6442003,0.007564441405844434,-0.12735613463072526
2023-03-27,207971257.38787648,0.009669806845788364,-0.1189178370074423
2023-03-28,206145294.87424362,-0.008779879184109347,-0.12665363194979062
2023-03-29,205551764.74110672,-0.002879183507433308,-0.12916815640895762
2023-03-30,200973457.48106614,-0.022273256888876523,-0.1485644177682749
2023-03-31,202611203.18671986,0.008149064688345824,-0.14162601413070908
2023-04-03,206490227.81846824,0.019145163597758193,-0.1251923037431818
2023-04-04,208645241.50277287,0.010436395499544714,-0.11606246463900005
2023-04-05,211231257.92393845,0.012394322547400237,-0.10510665771398175
2023-04-06,212675257.56002766,0.006836107734628795,-0.09898907041511251
2023-04-07,216401974.76527685,0.017523040752388995,-0.08320061917764865
2023-04-10,214899457.03490657,-0.0069431793864173745,-0.08956612174005463
2023-04-11,218957437.99173343,0.018883160585034513,-0.07237425261481634
2023-04-12,219284758.12722093,0.0014949030208320877,-0.07098754208284852
2023-04-13,217202528.83158964,-0.009495549592294312,-0.07980902594886008
2023-04-14,215049314.44633454,-0.009913394640651798,-0.08893124221939486
2023-04-17,218511809.37353963,0.016100934504811686,-0.07426218382098915
2023-04-18,222274795.23307484,0.017220972497200376,-0.05832007834895214
2023-04-19,224866406.56940797,0.011659492627653043,-0.047340568244852776
2023-04-20,223516772.07546538,-0.006001939171496504,-0.05305837220539966
2023-04-21,222804823.37102064,-0.0031852137888084874,-0.056074583735447714
2023-04-24,219535444.7449254,-0.0146737336141551,-0.0699254938453443
2023-04-25,215050617.56402367,-0.020428715673282655,-0.08892572148654654
2023-04-26,217180170.2527375,0.009902564860479047,-0.07990374935085287
2023-04-27,216967214.98386613,-0.0009805465601373554,-0.08080594656442219
2023-04-28,217845285.83007503,0.004047020865683299,-0.07708594905055632
2023-05-04,215720329.19920444,-0.009754430180913357,-0.08608844972352658
2023-05-05,218399197.70299402,0.012418247801373433,-0.07473926962365607
2023-05-08,217845285.83007503,-0.0025362358412702158,-0.07708594905055632
2023-05-09,216829548.18905482,-0.004662656054960539,-0.08138917983842398
2023-05-10,216921634.2938726,0.0004246935234928752,-0.0809990517724909
2023-05-11,220616240.43868235,0.01703198556859718,-0.06534664088475284
2023-05-12,223018850.62801862,0.010890450243186186,-0.05516784498268135
2023-05-15,221636769.24476132,-0.0061971505070776475,-0.06102311205125022
2023-05-16,221056370.9046433,-0.002618691574036916,-0.06348200291593697
2023-05-17,219700251.64719075,-0.006134721437354702,-0.06922727994911715
2023-05-18,221420535.38413626,0.007830140038747229,-0.061939199206872964
2023-05-19,220295285.56879115,-0.005081957793087909,-0.06670638460385392
2023-05-22,221820941.45439684,0.0069255040191465176,-0.060242855919384164
2023-05-23,223458981.09397954,0.007384513061943931,-0.053303207013865705
2023-05-24,226172614.852897,0.012143766814081127,-0.041806741916203705
2023-05-25,225250773.52274448,-0.004075830890278554,-0.04571217559635821
2023-05-26,224854444.8491923,-0.0017594997227042438,-0.04739124475877654
2023-05-29,226155152.8503117,0.005784666618406309,-0.04188072069193105
2023-05-30,228211135.8193214,0.009091028628344003,-0.03317043089437299
2023-05-31,226432806.40877736,-0.007792474298677393,-0.04070442546282993
2023-06-01,228007691.4010506,0.0069551979558567754,-0.03403233484374657
2023-06-02,227342443.51625893,-0.002917655455848394,-0.036850695672162814
2023-06-05,226381709.71153936,-0.004225932429774637,-0.040920899552036705
2023-06-06,229447195.31294945,0.013541224709876966,-0.02793379393832418
2023-06-07,230424801.23966187,0.00426070114031701,-0.023792110345693618
2023-06-08,228160871.72516993,-0.009825025354528836,-0.03338337761283827
2023-06-09,231856908.16738972,0.01619925631539415,-0.017724907188068073
2023-06-12,230673490.46663257,-0.005104086438963355,-0.022738524168620877
2023-06-13,230544858.10785463,-0.0005576382380035439,-0.023283482536072264
2023-06-14,228212324.66868111,-0.010117481943936057,-0.03316539426585763
2023-06-15,228486740.3674074,0.0012024578388774288,-0.03200281641529468
2023-06-16,229430044.33177906,0.004128484492600383,-0.028006455053984358
2023-06-19,230544858.10785463,0.004859057493200142,-0.023283482536072264
2023-06-20,232920268.9999541,0.010303465067905325,-0.013219918017136512
2023-06-21,237825449.61468667,0.021059483727169877,0.0
2023-06-22,238408582.97448003,0.002451938431055758,0.0
2023-06-23,240783993.86657953,0.009963613148750482,0.0
2023-06-26,236419069.15871438,-0.018127968714912963,-0.018127968714912956
2023-06-27,233709214.13379222,-0.011462083132993663,-0.02938226756346396
2023-06-28,233472231.61888224,-0.0010140058695944979,-0.030366479641287136
2023-06-29,228447083.84341696,-0.021523535114309787,-0.051236420764739665
2023-06-30,230332630.1218208,0.008253755078336856,-0.04340555855448558
2023-07-03,231832810.14906052,0.00651310249201895,-0.03717516091405537
2023-07-04,237391141.10885718,0.023975601021369027,-0.014090856718666944
2023-07-05,236188097.71600103,-0.005067768692785751,-0.01908721620891929
2023-07-06,233739574.5950725,-0.01036683535117293,-0.02925617753234211
2023-07-07,235632193.5960124,0.008097126916649246,-0.021395941598268298
2023-07-10,237143372.30420798,0.006413294741831664,-0.015119865336185256
2023-07-11,239919146.37111247,0.011705045938807503,-0.003591798115726408
2023-07-12,238356137.0229813,-0.006514733699966908,-0.010083132207465373
2023-07-13,240742202.27693826,0.010010504800750816,-0.00017356465008400157
2023-07-14,241574365.302054,0.0034566561959022374,0.0
2023-07-17,239218277.64909297,-0.009753053267945327,-0.009753053267945289
2023-07-18,237533081.1171555,-0.007044597714266127,-0.016728944645452937
2023-07-19,238729528.91386768,0.00503697333897707,-0.011776234554644271
2023-07-20,238840371.616819,0.0004643024407395514,-0.011317399848351117
2023-07-21,240980929.1668625,0.008962293667327207,-0.002456536042015456
2023-07-24,237919687.70818424,-0.012703251951354829,-0.015128581997100987
2023-07-25,236954897.27759302,-0.0040551096879992985,-0.019122343625678107
2023-07-26,238717347.71056962,0.007437915203381048,-0.011826658792674749
2023-07-27,238944538.58669552,0.0009517149813567683,-0.010886199419670395
2023-07-28,242249133.14852667,0.013829964816844518,0.0
2023-07-31,244459080.76175126,0.009122623410460846,0.0
2023-08-01,242592669.85846812,-0.007634860187918913,-0.007634860187918924
2023-08-02,247063867.387816,0.01843088470874431,0.0
2023-08-03,248337408.4223082,0.00515470371267652,0.0
2023-08-04,249164325.8232394,0.003329814087151025,0.0
2023-08-07,249825244.7356056,0.002652542293855808,0.0
2023-08-08,245025929.2884732,-0.019210690465695762,-0.01921069046569579
2023-08-09,246116242.7759017,0.004449788194231768,-0.014846385775101334
2023-08-10,244214108.98006928,-0.007728599195155076,-0.02246024320510398
2023-08-11,247303910.76009488,0.012652019954661036,-0.01009239069566048
2023-08-14,254970076.45500267,0.030998966701924077,0.0
2023-08-15,253445445.6181615,-0.005979646153144697,-0.005979646153144724
2023-08-16,258542672.69431892,0.020111732778330744,0.0
2023-08-17,257347951.13632518,-0.0046209840160749294,-0.004620984016074914
2023-08-18,247441655.74684316,-0.03849377990281473,-0.04293688477724045
2023-08-21,244194710.62892798,-0.01312206349458445,-0.05549552774351829
2023-08-22,246838386.2783929,0.010826097103643644,-0.04527023061204394
2023-08-23,245418341.834279,-0.005752931971092757,-0.05076272602610987
2023-08-24,251687037.89045113,0.02554289956210823,-0.026516453676385443
2023-08-25,253437849.37617922,0.006956303750891376,-0.019744606431663425
2023-08-28,256259474.21797562,0.011133399564199445,-0.008831031460105554
2023-08-29,256461257.0028454,0.000787415901345964,-0.008050569253356565
2023-08-30,259754212.61742806,0.012839972996568924,0.0
2023-08-31,261903279.59960967,0.008273463442715378,0.0
2023-09-05,261431948.82682335,-0.0017996367724255932,-0.0017996367724255613
2023-09-06,263375969.2045663,0.007436047455051853,0.0
2023-09-07,262694973.78878886,-0.0025856399041801342,-0.002585639904180148
2023-09-08,262688558.54123226,-2.4420899509691267e-05,-0.002609997660037555
2023-09-11,262606496.2325076,-0.00031239392069598224,-0.0029215762333315576
2023-09-12,267464713.50933957,0.01849998894364973,0.0
2023-09-13,267464713.50933957,0.0,0.0
2023-09-14,265971585.64072323,-0.0055825228271250225,-0.005582522827125014
2023-09-15,264683031.52179533,-0.004844705932867906,-0.010400183078531966
2023-09-18,263465127.66185302,-0.004601367352262733,-0.014953695367919573
2023-09-19,265434672.62677032,0.0074755432811781245,-0.007589939083677888
2023-09-20,268307491.68654492,0.010823073833365017,0.0
2023-09-21,260159973.7058296,-0.030366345454989455,-0.030366345454989507
2023-09-22,251526705.53735632,-0.03318445972106055,-0.06254311440842308
2023-09-25,242919558.31106353,-0.03421961579747432,-0.09462252886006373
2023-09-26,243889871.83826917,0.003994382066030021,-0.09100610532635467
2023-09-27,243889871.83826917,0.0,-0.09100610532635467
2023-09-28,243694759.94079858,-0.0007999999999999103,-0.0917333004420936
2023-09-29,243515097.0752737,-0.0007372455015796565,-0.09240291598057726
2023-10-02,244318937.5694456,0.003300988332248821,-0.08940694859584608
2023-10-03,238132576.2684279,-0.025320842348781417,-0.11246393169434643
2023-10-04,241203180.7167461,0.012894516560627704,-0.10101958316342485
2023-10-05,241333912.28723377,0.000541997705416667,-0.10053233784028481
2023-10-06,241991252.7191226,0.0027237797856873806,-0.0980823860042147
2023-10-09,243042629.15219963,0.00434468775736023,-0.09416383558853969
2023-10-10,244653445.47875857,0.006627711081705804,-0.08816021520345996
2023-10-11,249558900.0190071,0.020050625204354282,-0.0698772574320855
2023-10-12,249174727.92476863,-0.0015394045021403784,-0.07130909256953766
2023-10-13,253219119.36226916,0.01623114619682309,-0.05623537467937356
2023-10-16,250911986.22432917,-0.009111212232909153,-0.06483421447858173
2023-10-17,243823945.97272146,-0.028249109810444116,-0.09125181544474659
2023-10-18,242111942.03004056,-0.007021475826957665,-0.09763256885539295
2023-10-19,236036084.68290234,-0.025095240227284415,-0.12027769631324436
2023-10-20,239476140.30123824,0.014574278432712407,-0.10745637851584644
2023-10-23,238267171.61484498,-0.005048388891154222,-0.11196228581941758
2023-10-24,238643717.8169441,0.0015803528431847737,-0.11055887289295696
2023-10-25,239289768.94868413,0.002707178456864298,-0.10815099703500375
2023-10-26,231001949.0055126,-0.03463507854758663,-0.13904025730528313
2023-10-27,227808475.5534839,-0.01382444375805887,-0.15094254684611907
2023-10-30,227808475.5534839,0.0,-0.15094254684611907
2023-10-31,227808475.5534839,0.0,-0.15094254684611907
2023-11-01,227717352.16326252,-0.00039999999999997183,-0.15128216982738063
2023-11-02,229197543.37199494,0.006500124802396259,-0.1457653980092397
2023-11-03,229408999.2589567,0.0009225922924425,-0.14497728774950525
2023-11-06,230113852.21549594,0.003072473001565235,-0.14235025355039055
2023-11-07,230043366.91984203,-0.0003063061826799619,-0.14261295697030196
2023-11-08,231382587.53726658,0.005821600663196672,-0.1376215919919841
2023-11-09,234765881.72865498,0.014622077777756218,-0.12501182783623332
2023-11-10,234131514.06776965,-0.002702128845189452,-0.1273761586154366
2023-11-13,233920058.1808079,-0.0009031500428453727,-0.12816426887517096
2023-11-14,234131514.06776965,0.0009039664601926265,-0.1273761586154366
2023-11-15,234765881.72865498,0.0027094501285363725,-0.12501182783623332
2023-11-16,234342969.95473143,-0.0018014192301262593,-0.12658804835570214
2023-11-17,230254822.80680382,-0.017445145244669932,-0.1418248467105675
2023-11-20,230959675.76334304,0.0030611865060938296,-0.1391978125114529
2023-11-21,230818705.17203522,-0.000610368848336395,-0.13972321935127574
2023-11-22,229972881.6241881,-0.0036644497559966275,-0.1428756603902135
2023-11-23,228894493.05003914,-0.004689198859155966,-0.14689488686566654
2023-11-24,228607187.58399773,-0.001255187323264293,-0.14796569358908473
2023-11-27,229490935.92138463,0.003865794189267073,-0.14467190431830523
2023-11-28,231876332.60120696,0.010394295836762272,-0.1357813710542951
2023-11-29,232445579.2498641,0.0024549579608720276,-0.13365975065123092
2023-11-30,233106768.32787812,0.0028444897947630153,-0.13119545465316595
2023-12-01,234315746.9208463,0.005186372758030335,-0.12668951042712617
2023-12-04,237660741.5171352,0.014275585999855378,-0.11422249142865282
2023-12-05,234217764.2691729,-0.014486941452692805,-0.12705469833543803
2023-12-06,238559418.58746666,0.01853682760503229,-0.11087306176985912
2023-12-07,237574510.75487942,-0.0041285640215715505,-0.1145438792576462
2023-12-08,234912212.91736394,-0.011206159402606677,-0.12446644169069876
2023-12-11,237666908.15907824,0.011726487982484459,-0.11419950794092282
2023-12-12,238159362.07537186,0.002072034008049642,-0.11236409919702939
2023-12-13,239659823.17530242,0.006300239834601563,-0.10677178013616806
2023-12-14,237736206.21222734,-0.008026447393595947,-0.11394122945338048
2023-12-15,236295784.8466214,-0.006058906165601401,-0.11930977640133056
2023-12-18,236110859.9243588,-0.000782599327290764,-0.11999900397787044
2023-12-19,232386804.53421456,-0.01577248666722606,-0.13387880795477514
2023-12-20,233410280.84288192,0.004404192874542815,-0.13006424317227905
2023-12-21,237773146.59550226,0.018691831983001485,-0.11380355016965005
2023-12-22,237980805.07756895,0.0008733470748904957,-0.11302959309241234
2023-12-25,240096977.1889259,0.008892196623451146,-0.10514247783500763
2023-12-26,240135545.66500604,0.00016063707478416485,-0.1049987305402984
2023-12-27,240398036.12006405,0.0010930928794031516,-0.10402041102559523
2023-12-28,238710267.16058734,-0.007020726902418506,-0.11031083902992567
2023-12-29,236420025.90349245,-0.009594230211950532,-0.11884672165734966
2024-01-02,237440753.48363066,0.004317432824217993,-0.1150424015702659
2024-01-03,240781449.0886943,0.014069596545876684,-0.10259140520015153
2024-01-04,237948559.50067016,-0.011765398035214147,-0.11314977451819397
2024-01-05,236963651.66808292,-0.004139162828529198,-0.11682059200598105
2024-01-08,235646502.71516228,-0.005558443008658508,-0.12172969441173653
2024-01-09,238021780.70078254,0.010079835508916411,-0.11287687419904102
2024-01-10,235717164.77660298,-0.009682374097842287,-0.12146633217389313
2024-01-11,241025116.90816945,0.022518309757361066,-0.10168323890951436
2024-01-12,238339647.15403128,-0.01114186682527919,-0.11169216462850062
2024-01-15,234496263.80927148,-0.016125656770297796,-0.12601671188806762
2024-01-16,237113431.11979672,0.011160806010341907,-0.11626235395316964
2024-01-17,237113431.11979672,0.0,-0.11626235395316964
2024-01-18,236620977.2035031,-0.00207687060985094,-0.11809776269706318
2024-01-19,238003099.616803,0.005841081503569357,-0.11294649985079652
2024-01-22,240759309.8659164,0.011580564511769168,-0.10267391956692806
2024-01-23,243960260.3218249,0.013295230235089057,-0.09074376273162033
2024-01-24,241887894.75109747,-0.008494685027773115,-0.09846760807675337
2024-01-25,243638901.55615237,0.007238918701808903,-0.09194148838457361
2024-01-26,243625192.50713876,-5.626789862396042e-05,-0.09199258292884982
2024-01-29,244206487.27997172,0.0023860207840202185,-0.0898260583596735
2024-01-30,245786398.93440557,0.006469572827615137,-0.08393762175843389
2024-01-31,241884271.83459663,-0.01587609044571386,-0.09848111092931278
2024-02-01,242572087.85282865,0.0028435747930826796,-0.09591757454086347
2024-02-02,242801306.90085772,0.0009449522822598411,-0.09506325978957486
2024-02-05,243376083.38855487,0.0023672709798545316,-0.09292102930587054
2024-02-06,244060521.10861033,0.0028122636806622537,-0.09037008406109492
2024-02-07,243479226.33577734,-0.0023817648597673257,-0.09253660863027136
2024-02-15,242675310.23712358,-0.0033017851697339424,-0.09553285779797238
2024-02-16,243027306.52485508,0.001450482487845817,-0.09422094404737635
2024-02-19,243802677.0621505,0.00319046673553999,-0.09133108609961071
2024-02-20,246480020.44682118,0.010981599615447056,-0.08135244790415352
2024-02-21,247243475.25240514,0.0030974307945932336,-0.07850700068691407
2024-02-22,247445899.21729463,0.0008187231824129904,-0.07775255300594519
2024-02-23,244706901.09399185,-0.011069078663120362,-0.08796098254358431
2024-02-26,248504805.71287233,0.015520218685707219,-0.07380593754276321
2024-02-27,251730221.53078157,0.012979289509740725,-0.06178459666392788
2024-02-28,250633531.04714838,-0.0043566103305521745,-0.06587203558238497
2024-02-29,249749211.4863357,-0.003528336999115759,-0.06916795384114838
2024-03-01,252098730.70027947,0.009407514041630224,-0.06041113829650957
2024-03-04,253579399.2574733,0.005873367759848758,-0.05489258736866731
2024-03-05,257626008.4349749,0.015957957110675505,-0.03981060381291501
2024-03-06,255366536.101744,-0.008770358035497826,-0.04823180859936416
2024-03-07,255493326.09317696,0.0004965019824776443,-0.04775925380547463
2024-03-08,253182484.10956424,-0.009044627579704236,-0.05637191672102371
2024-03-11,256187669.871612,0.011869643244148277,-0.045171388017342884
2024-03-12,261517005.49316448,0.020802467285889498,-0.025308597052942305
2024-03-13,264535083.66532254,0.011540657428631152,-0.014060017472898423
2024-03-14,264250547.4449069,-0.0010756086356229172,-0.015120503032310495
2024-03-15,271091507.86120296,0.02588815986359432,0.0
2024-03-18,262584413.71889877,-0.031380894995278706,-0.03138089499527874
2024-03-19,262035123.74939573,-0.00209186052486371,-0.03340711106466687
2024-03-20,263262212.3237236,0.004682916384528071,-0.028880637387903252
2024-03-21,264397535.3734498,0.004312518077338514,-0.02469266758138522
2024-03-22,265169735.14252737,0.0029206012377795856,-0.021844183779107906
2024-03-25,260786760.94431213,-0.01652893832646256,-0.038012060939093595
2024-03-26,265952942.63171852,0.019809984481955995,-0.01895509479446822
2024-03-27,264639601.55149183,-0.004938246094330132,-0.023799735965961966
2024-03-28,266370614.85374334,0.006541021419708829,-0.01741438912898985
2024-03-29,265726583.6813852,-0.002417801125367281,-0.019790085724723516
2024-04-01,265270993.3560948,-0.0017145078937102112,-0.021470663360241504
2024-04-02,272253934.7669412,0.026323803151265063,0.0
2024-04-03,269322752.5573219,-0.010766353889902372,-0.010766353889902325
2024-04-04,269922137.68498707,0.0022255272604106875,-0.008564787443568922
2024-04-05,266492017.04920286,-0.012707815169229784,-0.021163762877002057
2024-04-08,265659995.57525924,-0.0031221253197614676,-0.024219812276823793
2024-04-09,266812164.58459145,0.0043370060548156945,-0.01998784769449924
2024-04-10,264902292.0943196,-0.007158116247231003,-0.027002888604401032
2024-04-11,269549217.3651737,0.017542034967366487,-0.009934539253152797
2024-04-12,269991614.4943579,0.0016412480566947662,-0.008309596239701511
2024-04-15,259831645.24194282,-0.037630684461970126,-0.04562758490756902
2024-04-16,262937525.95843923,0.011953435131445827,-0.03421955615252037
2024-04-17,258112925.55861437,-0.018348846868618707,-0.05194051362538432
2024-04-19,250410374.06594718,-0.029841789116128708,-0.08023230488732092
2024-04-22,254036308.93471858,0.014479970657351803,-0.06691409565050921
2024-04-23,254036308.93471858,0.0,-0.06691409565050921
2024-04-24,254036308.93471858,0.0,-0.06691409565050921
2024-04-25,254036308.93471858,0.0,-0.06691409565050921
2024-04-26,253833079.8875708,-0.0008000000000000228,-0.06766056437398882
2024-05-02,255740916.9855856,0.007516109006989286,-0.060652999544308916
2024-05-03,255740916.9855856,0.0,-0.060652999544308916
2024-05-06,259377506.47288644,0.014219818753155613,-0.0472956554515086
2024-05-07,260570504.60791865,0.004599466435062343,-0.042913723796219716
2024-05-08,259978805.13058624,-0.0022707845549239944,-0.04508706052995304
2024-05-09,260024101.26294476,0.00017423009670257224,-0.044920685956166606
2024-05-10,258835902.71809623,-0.004569570817002793,-0.04928498851754437
2024-05-13,255516178.93211913,-0.012825592397020278,-0.06147847174054677
2024-05-14,255935241.71565914,0.0016400635971131183,-0.05993923674694146
2024-05-15,256732620.93685916,0.0031155506988986593,-0.057010429778981186
2024-05-16,256773367.2827392,0.0001587112137574942,-0.05686076675973073
2024-05-17,258545089.78206348,0.0068999465095358065,-0.050353156499328255
2024-05-20,257462486.13970315,-0.004187291444107073,-0.05432960460204195
2024-05-21,261858035.37883586,0.01707258134976452,-0.03818456984654628
2024-05-22,258192351.34254718,-0.01399874565997355,-0.0516487794251026
2024-05-23,259264877.0450879,0.004153979376088456,-0.04770934801354609
2024-05-24,254471983.00633147,-0.01848647643052288,-0.06531384670650098
2024-05-27,254850235.9690336,0.001486422820435655,-0.06392450787830029
2024-05-28,258475726.34494242,0.014225964367360244,-0.050607931282217855
2024-05-29,256263083.31760743,-0.008560351328241012,-0.05873506093868752
2024-05-30,256761675.6507702,0.0019456268406199157,-0.056903710609115365
2024-05-31,255345888.28529102,-0.005514013576562061,-0.062103956352822065
2024-06-03,256825140.2723528,0.005793130239908428,-0.056670602420479055
2024-06-04,257676665.3978036,0.003315583219570255,-0.05354291529933708
2024-06-05,255289468.97811955,-0.009264309657215863,-0.062311186809269836
2024-06-06,253853916.077519,-0.005623235875521334,-0.06758403218367903
2024-06-07,256688178.26749966,0.01116493388707528,-0.05717366954775649
2024-06-10,257211177.82189685,0.0020374898366069968,-0.05525267048177451
2024-06-11,255291715.5397793,-0.007462592793874055,-0.06230293509506901
2024-06-12,256277956.1084235,0.0038631906505815334,-0.05868043256085054
2024-06-13,257266443.23872745,0.003857089955430072,-0.05504967831243124
2024-06-14,253192528.32487926,-0.015835391754018414,-0.07001333684443956
2024-06-17,251049836.17385015,-0.00846269897933068,-0.07788353402951731
2024-06-18,252307910.7033279,0.0050112541344441985,-0.07326257407698367
2024-06-19,253386260.30002314,0.004273942872775019,-0.06930175126052607
2024-06-20,254105160.0311533,0.002837169348799483,-0.06666120271622111
2024-06-21,255003784.69506598,0.003536428240192023,-0.06336051703583989
2024-06-24,251499148.50580648,-0.013743467350691874,-0.0762331911893267
2024-06-25,251229561.10663268,-0.0010719217173316676,-0.07722339689344104
2024-06-26,253361037.27742982,0.008484177424855067,-0.06939439646918
2024-06-27,254176530.38466388,0.0032186997495636926,-0.06639905644615274
2024-06-28,249463129.85661393,-0.018543807018361662,-0.08371157217557568
2024-07-01,249689133.67113987,0.0009059607913034452,-0.0828814507864416
2024-07-02,249689133.67113987,0.0,-0.0828814507864416
2024-07-03,249689133.67113987,0.0,-0.0828814507864416
2024-07-04,249689133.67113987,0.0,-0.0828814507864416
2024-07-05,249689133.67113987,0.0,-0.0828814507864416
2024-07-08,249589258.0176714,-0.00040000000000001563,-0.08324829820612711
2024-07-09,249806002.05731648,0.0008684029167222009,-0.08245218835437917
2024-07-10,249806002.05731648,0.0,-0.08245218835437917
2024-07-11,250889722.25554192,0.00433824723705712,-0.07847163909563981
2024-07-12,250239490.13660666,-0.0025917048856747026,-0.08085996865088341
2024-07-15,249155769.93838125,-0.004330732122391242,-0.08484051790962277
2024-07-16,247638561.66086563,-0.006089396516447686,-0.0904132868718579
2024-07-17,245687865.30405986,-0.007877191434657087,-0.0975782755375888
2024-07-18,248190998.86911303,0.010188266978327651,-0.08838416208172295
2024-07-19,248190998.86911303,0.0,-0.08838416208172295
2024-07-22,248190998.86911303,0.0,-0.08838416208172295
2024-07-23,248190998.86911303,0.0,-0.08838416208172295
2024-07-24,248190998.86911303,0.0,-0.08838416208172295
2024-07-25,248190998.86911303,0.0,-0.08838416208172295
2024-07-26,248190998.86911303,0.0,-0.08838416208172295
2024-07-29,248190998.86911303,0.0,-0.08838416208172295
2024-07-30,247992446.07001776,-0.0007999999999999299,-0.08911345475205756
2024-07-31,250025034.79200196,0.00819617191650398,-0.08164767203077505
2024-08-01,246939416.375077,-0.01234123782641169,-0.09298127651868204
2024-08-02,245889179.86235094,-0.004253012856930305,-0.09683883881112465
2024-08-05,238621190.05624947,-0.0295579895389057,-0.12353446696549131
2024-08-06,242115077.38320947,0.014641982659362287,-0.11070127382927131
2024-08-07,242115077.38320947,0.0,-0.11070127382927131
2024-08-08,242115077.38320947,0.0,-0.11070127382927131
2024-08-09,241921385.3213029,-0.0008000000000000355,-0.11141271281020793
2024-08-12,242865357.53672993,0.0039019792077220616,-0.10794546369134717
2024-08-13,244348204.94510895,0.0061056357457434365,-0.10249890362730851
2024-08-14,242753318.3189556,-0.006527105965487365,-0.1083569883874741
2024-08-15,240691462.26648164,-0.008493626644332303,-0.11593027122813904
2024-08-16,248938886.47637755,0.034265545326093744,-0.08563713986547938
2024-08-19,252207672.46062207,0.013130877343081186,-0.0736307533019841
2024-08-20,257393248.79372978,0.020560739816182037,-0.05458391624691361
2024-08-21,259728454.83798394,0.009072522512529243,-0.046006607543356504
2024-08-22,259881663.496931,0.0005898801463344501,-0.04544386578141213
2024-08-23,259958267.8264045,0.00029476619644013447,-0.04516249490043989
2024-08-26,261287847.4547932,0.005114588735744971,-0.04027889375239091
2024-08-27,261078560.06591576,-0.0008009840140523999,-0.04104761501644383
2024-08-28,264628198.57378387,0.013596055175775126,-0.02800964547926632
2024-08-29,262178326.70588392,-0.009257788403139051,-0.03700812651131136
2024-08-30,261305624.01998687,-0.003328660674824067,-0.04021359969076832
2024-09-04,261555751.1427328,0.0009572205867517008,-0.03929487238950802
2024-09-05,261252082.8591882,-0.001161007862445686,-0.04041025859615566
2024-09-06,261555751.1427328,0.0011623573684894739,-0.03929487238950802
2024-09-09,261805687.74447262,0.0009555767772180687,-0.03837684487980908
2024-09-10,262001892.66440767,0.000749429554511999,-0.037656176067058955
2024-09-11,261698224.38086304,-0.0011590308774356516,-0.038771562273706706
2024-09-12,260015973.2398529,-0.006428209992597687,-0.04495054052226799
2024-09-13,261007575.61319387,0.003813620990223767,-0.04130834385690185
2024-09-16,259314432.25285035,-0.006486951025715469,-0.047527329679064145
2024-09-17,260949092.87905774,0.006303778050476839,-0.041523153366215926
2024-09-18,263118944.05319282,0.008315227886769284,-0.033553199962264024
2024-09-19,264715370.48641482,0.006067318485814758,-0.027689459426838536
2024-09-20,263706592.3196364,-0.003810803146507074,-0.031394743494236765
2024-09-23,261868013.33692503,-0.006972063028605859,-0.038147920392433865
2024-09-24,262989279.88172942,0.004281800325730308,-0.03402946184466582
2024-09-25,263594103.94161043,0.0022998049964355997,-0.03180791797460658
2024-09-26,263282004.8982203,-0.0011840137496370521,-0.0329542707120144
2024-09-27,260679825.0188656,-0.009883622241332702,-0.04251218539039092
2024-09-30,258564632.43521494,-0.008114139955010214,-0.050281375523350214
2024-10-01,257745228.63996965,-0.0031690482473491297,-0.053291079665722774
2024-10-02,257002258.05352405,-0.002882577459788461,-0.056020041460459025
2024-10-03,256365426.12228495,-0.0024779234862071517,-0.05835915157023297
2024-10-04,256577703.43269798,0.000828026281171696,-0.05757944820030836
2024-10-07,257957505.95038268,0.005377717935832368,-0.05251137629579805
2024-10-08,256586649.18664062,-0.005314273599798796,-0.05754659007485896
2024-10-09,258567477.6333285,0.0077199201632935565,-0.0502709249926131
2024-10-10,261647489.36550567,0.01191182959422645,-0.0389579140904428
2024-10-11,261452669.81499648,-0.0007445878841857852,-0.03967349438380374
2024-10-14,260828286.93791956,-0.002388129666140859,-0.0419668786010472
2024-10-15,256694128.93637955,-0.01585011369002315,-0.05715181249402834
2024-10-16,255638804.50223154,-0.004111213756702518,-0.061028062932984906
2024-10-17,259607589.1769639,0.015524969624467606,-0.046450552131791945
2024-10-18,258517859.0044897,-0.004197605223826415,-0.050453176275340406
2024-10-21,260135867.99468854,0.006258789997834349,-0.04451016211253711
2024-10-22,258347301.37531635,-0.006875509452655364,-0.05107964152484845
2024-10-23,261237906.48520046,0.01118883415656338,-0.040462329006083375
2024-10-24,260985857.99359253,-0.000964823577860869,-0.04138811357490402
2024-10-25,263649626.6384475,0.010206563165274499,-0.03160398080512328
2024-10-28,264663202.7950542,0.0038444058105823096,-0.027881073521985766
2024-10-29,264614144.00598705,-0.00018536308995375738,-0.028061268490000235
2024-10-30,265917458.63008514,0.00492533998510905,-0.02327413979261783
2024-10-31,263908770.88918504,-0.00755380166179447,-0.030652133218569966
2024-11-01,262683701.4643735,-0.004642018606217325,-0.035151864052066495
2024-11-04,263209764.81102008,0.002002649360100952,-0.03321961155001574
2024-11-05,266373780.34310925,0.012020889629079228,-0.021598051204900104
2024-11-06,266982063.272683,0.0022835690839775255,-0.01936380276292826
2024-11-07,271209193.8956206,0.015833013540764333,-0.0038373765735101317
2024-11-08,276846043.3612562,0.020784138563551182,0.0
2024-11-11,275114969.8090725,-0.006252838332693132,-0.006252838332693078
2024-11-12,281897294.80555236,0.02465269338555712,0.0
2024-11-13,281018357.9549887,-0.003117932902371128,-0.0031179329023711677
2024-11-14,281466300.39000773,0.001593997055134612,-0.0015289058231010566
2024-11-15,287549269.7121439,0.021611714488403863,0.0
2024-11-18,287817630.97094303,0.0009332705281003958,0.0
2024-11-19,284411315.11191857,-0.011834979836132254,-0.011834979836132242
2024-11-20,279378727.3693172,-0.01769475219585066,-0.029320314996539643
2024-11-21,286098115.1539798,0.024051179013998766,-0.005974324127269504
2024-11-22,287246011.94034123,0.004012248685188474,-0.0019860459162055477
2024-11-25,291039274.27747405,0.013205622287005477,0.0
2024-11-26,289106375.72912,-0.006641366712972294,-0.00664136671297233
2024-11-27,290389618.59590304,0.004438652947541237,-0.0022321924873672794
2024-11-28,292866689.6954663,0.008530164100013005,0.0
2024-11-29,295470066.6261077,0.008889289981556118,0.0
2024-12-02,297412862.8293669,0.006575272498644248,0.0
2024-12-03,301626388.9187164,0.014167262468963396,0.0
2024-12-04,305946309.4819026,0.01432209091078692,0.0
2024-12-05,298747777.85300994,-0.023528741500699387,-0.02352874150069939
2024-12-06,301107823.86239463,0.007899794356113614,-0.0158148193638995
2024-12-09,303515882.6181371,0.007997330407604971,-0.007943965292084187
2024-12-10,300546532.88985336,-0.0097831774161868,-0.017649425486430448
2024-12-11,299942633.476696,-0.0020093374804581944,-0.019623299314750264
2024-12-12,293777952.5027926,-0.020552866734706392,-0.03977285099374528
2024-12-13,294675176.5969341,0.003054089275582906,-0.03684023155584182
2024-12-16,295156419.6565731,0.0016331306396306872,-0.03526726582713602
2024-12-17,297772156.90326697,0.00886220685878142,-0.026717604773458303
2024-12-18,297099215.85983235,-0.002259919296797211,-0.028917144439663756
2024-12-19,296501274.35253626,-0.0020125987393322053,-0.030871544570551634
2024-12-20,298145099.8021475,0.005544075495799586,-0.025498623248523145
2024-12-23,296651273.4248133,-0.005010400567795873,-0.0303812654999166
2024-12-24,297548185.6857574,0.0030234566350899276,-0.027449665303584836
2024-12-25,296532612.91544336,-0.003413137162888269,-0.03076911299371654
2024-12-26,292934139.18681735,-0.01213517020352875,-0.04253089477405492
2024-12-27,289472128.97025365,-0.01181839107648638,-0.0538466391032687
2024-12-30,290954957.2918427,0.005122525359743456,-0.04899994451786871
2024-12-31,290763879.1183625,-0.0006567276779152847,-0.049624492576002766
2025-01-02,297148375.0774513,0.021957665369053074,-0.028756465209042625
2025-01-03,297406093.35900056,0.0008673050339989274,-0.027914100802079456
2025-01-06,303636651.8931064,0.020949666712392793,-0.007549225198066445
2025-01-07,307593516.9239242,0.013031579047350314,0.0
2025-01-08,304122584.57726383,-0.011284153129660487,-0.011284153129660468
2025-01-09,302994506.1810971,-0.0037092884691046287,-0.014951585419677671
2025-01-10,299686510.39683896,-0.010917675788751654,-0.02570602464628946
2025-01-13,305293522.2861484,0.018709590504706972,-0.007477383336218502
2025-01-14,303293476.93474513,-0.00655122105580961,-0.013979618400873473
2025-01-15,303939090.65262836,0.00212867656900559,-0.011880699918001447
2025-01-16,311536358.47858673,0.024996020780496706,0.0
2025-01-17,313041018.5472773,0.004829805663899613,0.0
2025-01-20,313116018.08341575,0.00023958373406310674,0.0
2025-01-21,316496760.4609657,0.010797091756095655,0.0
2025-01-22,320735627.13024956,0.013393080747841199,0.0
2025-01-23,318866803.0722228,-0.005826680605294305,-0.005826680605294343
2025-01-24,326312324.58796316,0.02334994249637814,0.0
2025-02-03,326124771.2630739,-0.0005747662921591072,-0.0005747662921591346
2025-02-04,333330017.6744346,0.022093526914422734,0.0
2025-02-05,342576354.9013457,0.02773928760278056,0.0
2025-02-06,343243299.4281529,0.001946849271016716,0.0
2025-02-07,341602078.06337386,-0.004781510280064747,-0.0047815102800647935
2025-02-10,333157952.2069023,-0.02471918761250916,-0.02938250284288979
2025-02-11,336157494.0614403,0.00900336262324949,-0.020643681547513504
2025-02-12,348033268.33708316,0.03532800691771075,0.0
2025-02-13,352163973.35776734,0.01186870738082269,0.0
2025-02-14,349560913.5579062,-0.007391612989374854,-0.007391612989374852
2025-02-17,354889312.2953509,0.015243119384290165,0.0
2025-02-18,364756336.8026906,0.02780310413836313,0.0
2025-02-19,359219454.70509326,-0.015179673494178259,-0.015179673494178259
2025-02-20,355934407.890703,-0.009144957967510841,-0.02418581398562425
2025-02-21,359570913.2299895,0.010216785055529585,-0.014216130192978849
2025-02-24,365645436.80913824,0.016893812473822958,0.0
2025-02-25,373515600.6480443,0.021524031333704743,0.0
2025-02-26,375178306.3868076,0.004451502790990688,0.0
2025-02-27,368570251.9232225,-0.017613103825817305,-0.017613103825817267
2025-02-28,372082531.3701384,0.009529470782269138,-0.008251476601841334
2025-03-03,368157022.0196414,-0.01055010386013529,-0.0187145265268277
2025-03-04,371346083.59069014,0.008662232092040874,-0.010214404007054867
2025-03-05,371248229.5047809,-0.0002635118296201163,-0.010475224220386603
2025-03-06,386207480.765508,0.04029447165494015,0.0
2025-03-07,388605347.2699752,0.006208752092824147,0.0
2025-03-10,385944595.720531,-0.006846924696575775,-0.0068469246965757735
2025-03-11,390929603.8639395,0.012916382814227216,0.0
2025-03-12,391087687.6476037,0.00040437915701873256,0.0
2025-03-13,384192987.99068034,-0.01762954926654695,-0.017629549266546918
2025-03-14,386694560.26501775,0.006511238758990816,-0.011233100712043975
2025-03-17,390789085.36329323,0.010588525205705857,-0.000763517476365827
2025-03-18,385355602.67117065,-0.013903875250434374,-0.014656776875057287
2025-03-19,379013500.5286487,-0.016457791449145692,-0.030873350147076706
2025-03-20,382222390.99059975,0.008466427864641527,-0.022668309274395226
2025-03-21,380282198.8721727,-0.005076081789448998,-0.02762932487193881
2025-03-24,386914787.5030033,0.017441228252338077,-0.01066998598115021
2025-03-25,392869129.1368594,0.015389284220133094,0.0
2025-03-26,391618662.9218605,-0.0031829077987018165,-0.003182907798701784
2025-03-27,385181316.17841893,-0.01643779358065482,-0.019568381397975343
2025-03-28,387231621.91583884,0.005322962592687611,-0.0143495805674686
2025-03-31,388610433.87835556,0.003560690513070745,-0.010839984469790953
2025-04-01,390221618.83081865,0.0041460156804936175,-0.006738911534885372
2025-04-02,391991881.5879353,0.004536557360457715,-0.0022329256331526937
2025-04-03,373102923.1193336,-0.04818711650885135,-0.050312443894363734
2025-04-04,377262472.5898689,0.011148530908735023,-0.039724822821479044
2025-04-08,365382860.51279575,-0.03148898430188621,-0.06996291280114453
2025-04-09,354229465.59736854,-0.030525227427947773,-0.0983525064043157
2025-04-10,364412764.4535822,0.02874774643334848,-0.07243217288616277
2025-04-11,375322280.47144175,0.02993724995944575,-0.044663342991515864
2025-04-14,387207312.07957196,0.03166620322460326,-0.014411458262772014
2025-04-15,399653216.06176364,0.03214274006177347,0.0
2025-04-16,401785496.4774807,0.005335326553177383,0.0
2025-04-17,415227644.24957174,0.033456030369290436,0.0
2025-04-18,424368127.2065063,0.022013185016748794,0.0
2025-04-21,416827913.3217862,-0.017768096615443655,-0.01776809661544365
2025-04-22,414983135.9585299,-0.00442575294095573,-0.022115212350548363
2025-04-23,410733955.703359,-0.01023940465762809,-0.03212817039982985
2025-04-24,416167618.1912344,0.013229153354439756,-0.019324045538607004
2025-04-25,431035345.9171983,0.035725335360263365,0.0
2025-04-28,446162983.9106138,0.03509604986390487,0.0
2025-04-29,443609239.3190062,-0.005723793061504176,-0.005723793061504168
2025-05-05,447130549.95079684,0.007937865850576683,0.0
2025-05-06,445645598.4411627,-0.00332106922642066,-0.0033210692264206143
2025-05-07,442778660.7669352,-0.006433223360122539,-0.009732927406415182
2025-05-08,450050525.9817755,0.01642325129726153,0.0
2025-05-09,449808368.1523286,-0.0005380680956180414,-0.0005380680956180717
2025-05-12,454746136.5496973,0.010977493410474931,0.0
2025-05-13,463985867.14263797,0.020318436706346636,0.0
2025-05-14,473291549.97051775,0.020055961801567213,0.0
2025-05-15,477894800.9089911,0.00972603660209038,0.0
2025-05-16,493362375.8923589,0.03236606666142284,0.0
2025-05-19,510016828.1772225,0.033757037623187616,0.0
2025-05-20,507877840.2228483,-0.004193955642637993,-0.004193955642638025
2025-05-21,507877840.2228483,0.0,-0.004193955642638025
2025-05-22,495211411.88683254,-0.02493991139770529,-0.029029270158209997
2025-05-23,514293980.7047162,0.03853418632897839,0.0
2025-05-26,529000388.1806878,0.0285953326846641,0.0
2025-05-27,544368778.3775792,0.029051755991608325,0.0
2025-05-28,527632466.54142267,-0.030744437412514657,-0.030744437412514647
2025-05-29,519395979.2326311,-0.015610273876399072,-0.0458747822007286
2025-05-30,504656654.6043379,-0.02837781811493703,-0.07295077409031092
2025-06-02,510056727.3403909,0.010700488513892336,-0.06303089449665156
2025-06-03,510883435.7184959,0.001620816536262002,-0.0615122394764851
2025-06-04,509566165.8739876,-0.0025784156471147066,-0.0639320510028446
2025-06-05,509789679.7816433,0.0004386356917404321,-0.06352145819052013
2025-06-06,509504258.3086229,-0.0005598808378047758,-0.06404577458109462
2025-06-09,492050249.6940651,-0.03425684541381273,-0.09610861379567492
2025-06-10,516020828.9137054,0.04871571396324695,-0.05207489957150224
2025-06-11,532043605.3799878,0.03105063898295057,-0.0226412194952198
2025-06-12,528174060.2052477,-0.007272985025309027,-0.029749535270185312
2025-06-13,508784193.26336515,-0.03671113067224028,-0.0653685268656834
2025-06-16,527641994.9006448,0.03706444085128672,-0.030726933911945586
2025-06-17,520040897.76455045,-0.014405785001107847,-0.04469007330937469
2025-06-18,515317812.0290559,-0.009082142877218362,-0.05336633455560391
2025-06-19,519545553.9970728,0.008204144839027112,-0.04560001485479903
2025-06-20,521782395.1794778,0.004305380279353901,-0.041490959980139186
2025-06-23,529969905.2085185,0.01569142635834701,-0.02645058596485761
2025-06-24,527870211.0003143,-0.003961912153064763,-0.03030770321993259
2025-06-25,521321192.41561747,-0.012406493960487817,-0.042338184843466076
2025-06-26,522204209.0263306,0.0016938053230131284,-0.040716092163307516
2025-06-27,511606871.1617626,-0.020293474624279897,-0.06018329580447146
2025-06-30,517861010.0016085,0.012224501257467334,-0.0486945053222444
2025-07-01,516162278.6844175,-0.003280284254622159,-0.0518150577577714
2025-07-02,517166179.82925785,0.0019449331853522496,-0.049970901397753176
2025-07-03,517464254.0373961,0.000576360596968341,-0.04942334205934551
2025-07-04,515681228.3196237,-0.003445698333480459,-0.05269874246545703
2025-07-07,514190857.2789325,-0.002890101401494979,-0.05543653915749558
2025-07-08,511811683.14488363,-0.004627025355214069,-0.05980705824042254
2025-07-09,506749841.1375906,-0.00989004779294993,-0.06910561136901905
2025-07-10,511215534.7286072,0.008812422281162757,-0.06090217691723798
2025-07-11,509427089.4797777,-0.003498417257173003,-0.06418753294768431
2025-07-14,523122244.4609655,0.02688344468523099,-0.03902967025393378
2025-07-15,543662267.1672187,0.03926428845979963,-0.0012978540254755533
2025-07-16,565692660.9141632,0.04052220482715325,0.0
2025-07-17,589213425.7017988,0.04157869884616471,0.0
2025-07-18,601716283.8504337,0.021219574441541347,0.0
2025-07-21,576710567.553164,-0.041557320232811376,-0.041557320232811334
2025-07-22,591890674.0439858,0.026321880237477117,-0.016329306801492804
2025-07-23,578791667.4790745,-0.022130787220239128,-0.03809871360745409
2025-07-24,585045806.3189206,0.010805509462646584,-0.027704880155207556
2025-07-25,594567922.386173,0.01627584706087389,-0.011879953486579664
2025-07-28,610945745.2406051,0.027545755897329893,0.0
2025-07-29,585343880.5270588,-0.04190529995992303,-0.04190529995992298
2025-07-30,600523987.0178807,0.025933655404671314,-0.017058402164041753
2025-07-31,606480051.6495886,0.009918112782280192,-0.007309476538310045
2025-08-01,591592599.8358477,-0.02454730666449439,-0.03167735524066162
2025-08-04,584449657.902644,-0.012074089390546276,-0.043368969412376
2025-08-05,582661212.6538146,-0.003060050125185287,-0.04629630831728182
2025-08-06,585636535.20414,0.005106436614810617,-0.041426280866393106
2025-08-07,575220196.5124727,-0.017786353933735184,-0.05847581230648036
2025-08-08,598258729.8193086,0.040051676638819714,-0.020766189993352113
2025-08-11,604949758.8385334,0.011184172809723388,-0.009814269841113887
2025-08-12,617184565.2912512,0.02022450009106188,0.0
2025-08-13,628526499.6672683,0.018376892446532265,0.0
2025-08-14,640125357.3474072,0.01845404718222572,0.0
2025-08-15,648150182.9256538,0.01253633446345632,0.0
2025-08-18,659411563.7904778,0.017374647360264152,0.0
2025-08-19,646927465.4189092,-0.01893217992691325,-0.018932179926913206
2025-08-20,640547358.4991732,-0.009862167338350174,-0.02860763493874441
2025-08-21,633031511.0634782,-0.011733476589935286,-0.04000544451383259
2025-08-22,623010381.1492183,-0.015830380856435795,-0.05520252394728342
2025-08-25,623407217.8938229,0.0006369665042700797,-0.05460071960171886
2025-08-26,623407217.8938229,0.0,-0.05460071960171886
2025-08-27,623407217.8938229,0.0,-0.05460071960171886
2025-08-28,623407217.8938229,0.0,-0.05460071960171886
2025-08-29,623407217.8938229,0.0,-0.05460071960171886
2025-09-03,623157855.0066653,-0.0004000000000000485,-0.05497887931387824
2025-09-04,623364973.5925369,0.00033236937351830684,-0.05466478323603419
2025-09-05,617121827.6469796,-0.01001523378764331,-0.0641325364396178
2025-09-08,606721515.7992857,-0.016852931433894037,-0.07990464663421326
2025-09-09,614809326.9375858,0.013330351615510818,-0.06763945205404964
2025-09-10,614809326.9375858,0.0,-0.06763945205404964
2025-09-11,614809326.9375858,0.0,-0.06763945205404964
2025-09-12,614809326.9375858,0.0,-0.06763945205404964
2025-09-15,614563403.2068107,-0.00040000000000013587,-0.06801239627322819
2025-09-16,608513618.9319022,-0.009844036015390084,-0.07718691581021164
2025-09-17,607757395.8975387,-0.0012427380601454311,-0.07833373075233441
2025-09-18,610026065.0006293,0.003732853139105389,-0.07489328592596578
2025-09-19,604543448.0014935,-0.008987512687888503,-0.08320769425635699
2025-09-22,598650958.1177324,-0.009747008098823182,-0.092143676285379
2025-09-23,598650958.1177324,0.0,-0.092143676285379
2025-09-24,598650958.1177324,0.0,-0.092143676285379
2025-09-25,598411497.7344853,-0.0004000000000000737,-0.092506818814865
2025-09-26,597011908.5244219,-0.0023388407732171197,-0.09462930086843724
2025-09-29,603725879.9524066,0.011245958970197102,-0.08444753913318503
2025-09-30,604005797.7944194,0.00046365055948045445,-0.08402304272247041
2025-10-01,605405387.0044826,0.002317178436322868,-0.08190056066889828
2025-10-02,600370922.6285739,-0.008315856587961705,-0.08953534393986384
2025-10-03,595612319.3143587,-0.007926105570504363,-0.09675178292200937
2025-10-06,603166044.2683814,0.012682284615466222,-0.08529653195461384
2025-10-07,601001562.1550009,-0.003588534424224545,-0.08857897683765237
2025-10-08,611475208.3254341,0.01742698660029766,-0.07269565487977248
2025-10-09,613719561.0762413,0.0036703904267083483,-0.0692920858887982
2025-10-10,614218306.1319761,0.0008126595392531649,-0.0685357372241373
2025-10-13,616961403.9385182,0.004465998129910237,-0.06437581956850202
2025-10-14,609230855.574627,-0.01253003561412651,-0.07609922387074664
2025-10-15,606986502.8238199,-0.0036839118213904164,-0.07950279286172102
2025-10-16,603245914.9058081,-0.006162555346140052,-0.08517540784667799
2025-10-17,609480023.0964744,0.010334273364519548,-0.07572136043078048
2025-10-20,598818192.4547668,-0.01749332256624267,-0.09189006481385276
2025-10-21,595622212.1701163,-0.00533714627397841,-0.09673678037079425
2025-10-22,595622212.1701163,0.0,-0.09673678037079425
2025-10-23,595622212.1701163,0.0,-0.09673678037079425
2025-10-24,595622212.1701163,0.0,-0.09673678037079425
2025-10-27,595622212.1701163,0.0,-0.09673678037079425
2025-10-28,595622212.1701163,0.0,-0.09673678037079425
2025-10-29,595145714.4003801,-0.0008000000000001305,-0.0974593909464978
2025-10-30,586305563.5689068,-0.014853758697363653,-0.11086551136795009
2025-10-31,576446646.4435117,-0.016815322483693898,-0.1258165945256723
2025-11-03,577506739.3990933,0.0018390131369867002,-0.12420895975886925
2025-11-04,578329567.35574,0.0014247936872612932,-0.12296113821337362
2025-11-05,577096056.1738398,-0.0021328862495134902,-0.12483176234196736
2025-11-06,577096056.1738398,0.0,-0.12483176234196736
2025-11-07,569939060.6077676,-0.012401740558622549,-0.13568537177054918
2025-11-10,560462613.3328975,-0.016627123722253064,-0.15005643802907342
2025-11-11,568522055.0682774,0.014379981007926312,-0.13783426575012225
2025-11-12,574861221.1463832,0.011150255335906885,-0.12822089767136646
2025-11-13,571947690.697936,-0.005068232716475416,-0.13263927703932799
2025-11-14,574861221.1463832,0.005094050550132979,-0.12822089767136646
2025-11-17,576233464.1562319,0.0023870857162920102,-0.12613988622843586
2025-11-18,576750541.2324069,0.0008973395478378212,-0.12535573698907065
2025-11-19,570406403.2593379,-0.010999795439311993,-0.13497664496435868
2025-11-20,572845678.2558656,0.004276380809523704,-0.13127747568909442
2025-11-21,571272544.2914236,-0.002746174099160024,-0.13366313898471394
2025-11-24,570398580.9778446,-0.0015298535214272925,-0.13498850748228042
2025-11-25,568650654.3506867,-0.003064395118517694,-0.1376392444774135
2025-11-26,570573373.6405604,0.0033811959507356495,-0.1347234337827672
2025-11-27,569874202.9896972,-0.0012253825417791432,-0.13578372858082033
2025-11-28,568126276.3625393,-0.0030672148659965353,-0.1384344655759534
2025-12-01,566203557.0726657,-0.0033843167793327906,-0.14135027627059948
2025-12-02,566028764.4099499,-0.0003087099339670168,-0.14161534997011282
2025-12-03,567601898.374392,0.002779247386980464,-0.1392296866744931
2025-12-04,569874202.9896972,0.00400334216959642,-0.13578372858082033
2025-12-05,567427105.7116762,-0.004294100812394941,-0.13949476037400632
2025-12-08,567427105.7116762,0.0,-0.13949476037400632
2025-12-09,565329593.7590867,-0.0036965311164661027,-0.14267564476816597
2025-12-10,566333882.4819865,0.0017764658598922892,-0.1411526373202424
2025-12-11,566333882.4819865,0.0,-0.1411526373202424
2025-12-12,566107348.9289937,-0.00040000000000004615,-0.1414961762653144
2025-12-15,564363710.1282487,-0.0030800497538916657,-0.14414041075632344
2025-12-16,569594626.5304838,0.00926869731054545,-0.13620770728329612
2025-12-17,568722807.1301112,-0.0015305962517291514,-0.1375298245288008
2025-12-18,568025351.6098132,-0.0012263540543019612,-0.13858751832520444
2025-12-19,565758621.1688447,-0.003990544496904024,-0.14202502316351617
2025-12-22,569420262.6504092,0.006472091355850048,-0.13647213073239717
2025-12-23,569071534.8902602,-0.0006124259760722645,-0.13700097763059893
2025-12-24,567742554.2642016,-0.0023353489756166757,-0.13901638151344753
2025-12-25,566868400.8557556,-0.001539700348125186,-0.14034203829056136
2025-12-26,558782481.8276303,-0.014264190799696411,-0.15260436347886297
2025-12-29,558787726.748081,9.38633658222902e-06,-0.1525964095382002
2025-12-30,558787726.748081,0.0,-0.1525964095382002
2025-12-31,558787726.748081,0.0,-0.1525964095382002
2026-01-05,558787726.748081,0.0,-0.1525964095382002
2026-01-06,558787726.748081,0.0,-0.1525964095382002
2026-01-07,558564211.6573818,-0.00039999999999993464,-0.15293537097438492
2026-01-08,563306166.023971,0.008489542057338003,-0.14574418018098856
2026-01-09,564583000.4766173,0.002266679347145723,-0.14380785615702574
2026-01-12,574612976.7744495,0.01776528214516712,-0.1285973611511798
2026-01-13,574612976.7744495,0.0,-0.1285973611511798
2026-01-14,572790074.7571493,-0.003172399668961297,-0.13136179859419572
2026-01-15,569505638.963864,-0.005734100393897188,-0.13634265724703098
2026-01-16,568413503.8345563,-0.0019176897550911263,-0.1379988840851375
2026-01-19,567719499.0733061,-0.0012209505167777577,-0.1390513447930768
2026-01-20,570149353.0643524,0.004280025602454352,-0.1353664625063925
2026-01-21,578102385.8080963,0.013949034057478344,-0.12330565984465625
2026-01-22,590449835.344158,0.021358586020713215,-0.10458070836657585
2026-01-23,582815038.7968774,-0.01293047451326757,-0.11615890469572998
2026-01-26,578226750.6754868,-0.007872631651479554,-0.12311706007750067
2026-01-27,579876523.8817008,0.002853159602676077,-0.12061517309703806
2026-01-28,575015954.2492566,-0.00838207692890795,-0.12798624436625305
2026-01-29,583800436.994769,0.015276937414686912,-0.1146645447966902
2026-01-30,581214040.7998192,-0.004430274510008496,-0.11858682389668418
2026-02-02,588890576.5007719,0.013207760243349987,-0.10694532999138195
2026-02-03,592630139.0259992,0.006350182316463688,-0.10127427001825795
2026-02-04,588516620.2482492,-0.006941123150622537,-0.10751243598869431
2026-02-05,579853031.2948073,-0.014721060808422653,-0.12065079968926573
2026-02-06,570732025.8949509,-0.01572985723552969,-0.13448283707033082
2026-02-09,569423179.0111213,-0.00229327744798835,-0.13646770806092434
2026-02-10,558439931.4448173,-0.01928837457122457,-0.15312384236219323
2026-02-11,573815803.8845062,0.027533619237986567,-0.12980627669606482
2026-02-12,571594690.6865994,-0.0038707773171648345,-0.13317460282176885
2026-02-13,570474544.4378817,-0.001959686237414393,-0.1348733086228603
2026-02-23,582750755.9018703,0.02151929754566864,-0.11625638993641585
2026-02-24,587791414.0210996,0.008649766762512988,-0.10861221383150454
2026-02-25,589619965.8365722,0.003110885548605452,-0.10583920844930961
2026-02-26,585409827.7541169,-0.007140426590679974,-0.11222389794164156
2026-02-27,572883376.6793467,-0.02139774646904554,-0.13122030589476386
2026-03-02,578914340.5029991,0.010527384925375532,-0.12207432763956805
2026-03-03,579747941.0487018,0.001439937633913868,-0.12081016942415712
2026-03-04,582782656.3592879,0.005234542627433262,-0.11620801277840198
2026-03-05,572562514.8839811,-0.017536797575880485,-0.13170689395749235
2026-03-06,572748335.6380775,0.00032454229759355075,-0.13142509611787268
2026-03-09,562342373.4086744,-0.018168472227527724,-0.14720577513658262
2026-03-10,562528194.1627707,0.00033044060501794377,-0.14692397729696294
2026-03-11,568432814.9363357,0.010496577477957307,-0.13796959873007286
2026-03-12,565386548.9900328,-0.005359060677459431,-0.14258927195629312
2026-03-13,560146700.1451918,-0.009267728166156597,-0.1505355215105486
2026-03-16,548565433.6610979,-0.020675416781161086,-0.16809855364410964
2026-03-17,541044030.2033931,-0.01371104155707974,-0.17950478894649002
2026-03-18,549148490.0083323,0.014979298083914658,-0.16721434660369505
2026-03-19,547385533.6262963,-0.00321034549691509,-0.16988787627597135
2026-03-20,547679359.689969,0.0005367808347548673,-0.16944228799725858
2026-03-23,539680879.2614048,-0.014604312335400008,-0.1815720122359219
2026-03-24,545784248.4376326,0.011309218856485602,-0.17231623100402482
2026-03-25,555321557.1095185,0.017474503339346203,-0.15785286821878197
2026-03-26,545595240.5377675,-0.017514746991593572,-0.17260286216162624
2026-03-27,547744530.8915923,0.003939349528977343,-0.1693434556364054
2026-03-30,539241550.8482449,-0.01552362381328868,-0.18223825534915217
2026-03-31,544357239.2450335,0.009486821608500772,-0.17448029555939326
2026-04-01,547031497.3366549,0.004912689496570882,-0.17042477357817554
2026-04-02,544584831.3915609,-0.004472623527175546,-0.17413515125343182
2026-04-03,538733380.457932,-0.010744792356182385,-0.18300889756748362
2026-04-06,534571119.39598477,-0.007726012927599247,-0.1893209813866108
2026-04-07,534600940.59894526,5.578528633231504e-05,-0.1892757574254339
2026-04-08,550177030.6113579,0.029135919579493904,-0.1656545610926352
2026-04-09,545000523.4361248,-0.009408802780226901,-0.17350475277789645
2026-04-10,549073320.8891904,0.007473015672328935,-0.1673283408423003
2026-04-13,549013678.4832695,-0.00010862375506497958,-0.16741878876465421
2026-04-14,565684737.4148692,0.030365470998201673,-0.14213706814123972
2026-04-15,572229358.5956986,0.011569379104583525,-0.13221212666279625
2026-04-16,583447633.0742826,0.019604507021650702,-0.11519957320665364
2026-04-17,574585483.2263234,-0.015189280657911213,-0.12863905521545738
2026-04-20,585250162.6526027,0.018560648915800396,-0.11246603064037142
2026-04-21,581368273.202324,-0.006632872057111895,-0.11835292990547452
2026-04-22,583551894.6036966,0.0037560037277999552,-0.11504146022359552
2026-04-23,577425782.6029396,-0.010497972943635735,-0.12433173103040762
2026-04-24,573418921.2617865,-0.006939179825138529,-0.13040815061595534
2026-04-28,573784813.431679,0.0006380887625532443,-0.12985327382885548
2026-04-29,574876913.4100956,0.0019033267400106943,-0.12819710029720122
2026-05-04,571886502.1805052,-0.005201828704255461,-0.13273206964532835
2026-05-05,572793672.8194194,0.0015862774089882195,-0.1313563421198668
2026-05-06,572162847.8457913,-0.0011013127476129086,-0.13231299045342326
2026-05-07,570516073.2822464,-0.0028781571011559726,-0.13481032998153053
2026-05-08,567304510.8739457,-0.005629223362322012,-0.13968067588483823
2026-05-11,560493764.2802486,-0.012005451152159813,-0.15000919750576192
2026-05-12,561038996.0853038,0.0009727705102219903,-0.14918235151913561
2026-05-13,560604500.1396499,-0.0007744487436446432,-0.14984126617807236
2026-05-14,572399557.8241557,0.021039891191682553,-0.13195401892280034
2026-05-15,569312130.0259786,-0.005393833303983086,-0.13663611424492317
2026-05-18,571336543.3341377,0.003555893509710984,-0.13356608420704785
2026-05-19,570618026.5282528,-0.0012576069468474805,-0.13465571751853334
2026-05-20,577883345.7347171,0.01273236888548344,-0.1236378349010353
2026-05-21,570038660.5357809,-0.013574859453619557,-0.13553432812272348
2026-05-22,570140873.305491,0.0001793084869261216,-0.1353793220910996
2026-05-25,571587239.5574379,0.0025368576779303087,-0.13318590248584916
2026-05-26,566157048.9440331,-0.009500195661486735,-0.14142080601436857
2026-05-27,564327860.1215689,-0.0032308858926616496,-0.14419477741994957
2026-05-28,563670051.883812,-0.0011656490565878864,-0.14519234597027297
2026-05-29,560401526.1124399,-0.005798650754015602,-0.15014907701785085
