date,equity,portfolio_return,drawdown
2018-01-02,100000000.0,0.0,0.0
2018-01-03,100000000.0,0.0,0.0
2018-01-04,100000000.0,0.0,0.0
2018-01-05,100000000.0,0.0,0.0
2018-01-08,100000000.0,0.0,0.0
2018-01-09,100000000.0,0.0,0.0
2018-01-10,100000000.0,0.0,0.0
2018-01-11,100000000.0,0.0,0.0
2018-01-12,100000000.0,0.0,0.0
2018-01-15,100000000.0,0.0,0.0
2018-01-16,100000000.0,0.0,0.0
2018-01-17,100000000.0,0.0,0.0
2018-01-18,100000000.0,0.0,0.0
2018-01-19,100000000.0,0.0,0.0
2018-01-22,100000000.0,0.0,0.0
2018-01-23,100000000.0,0.0,0.0
2018-01-24,100000000.0,0.0,0.0
2018-01-25,100000000.0,0.0,0.0
2018-01-26,100000000.0,0.0,0.0
2018-01-29,100000000.0,0.0,0.0
2018-01-30,100000000.0,0.0,0.0
2018-01-31,100000000.0,0.0,0.0
2018-02-01,100000000.0,0.0,0.0
2018-02-02,100000000.0,0.0,0.0
2018-02-05,100000000.0,0.0,0.0
2018-02-06,100000000.0,0.0,0.0
2018-02-07,100000000.0,0.0,0.0
2018-02-08,100000000.0,0.0,0.0
2018-02-09,100000000.0,0.0,0.0
2018-02-12,100000000.0,0.0,0.0
2018-02-13,100000000.0,0.0,0.0
2018-02-21,100000000.0,0.0,0.0
2018-02-22,100000000.0,0.0,0.0
2018-02-23,100000000.0,0.0,0.0
2018-02-26,100000000.0,0.0,0.0
2018-02-27,100000000.0,0.0,0.0
2018-02-28,100000000.0,0.0,0.0
2018-03-01,100000000.0,0.0,0.0
2018-03-02,100000000.0,0.0,0.0
2018-03-05,100000000.0,0.0,0.0
2018-03-06,100000000.0,0.0,0.0
2018-03-07,100000000.0,0.0,0.0
2018-03-08,100000000.0,0.0,0.0
2018-03-09,100000000.0,0.0,0.0
2018-03-12,100000000.0,0.0,0.0
2018-03-13,100000000.0,0.0,0.0
2018-03-14,100000000.0,0.0,0.0
2018-03-15,100000000.0,0.0,0.0
2018-03-16,100000000.0,0.0,0.0
2018-03-19,100000000.0,0.0,0.0
2018-03-20,100000000.0,0.0,0.0
2018-03-21,100000000.0,0.0,0.0
2018-03-22,100000000.0,0.0,0.0
2018-03-23,100000000.0,0.0,0.0
2018-03-26,100000000.0,0.0,0.0
2018-03-27,100000000.0,0.0,0.0
2018-03-28,100000000.0,0.0,0.0
2018-03-29,100000000.0,0.0,0.0
2018-03-30,100000000.0,0.0,0.0
2018-04-02,100000000.0,0.0,0.0
2018-04-03,100000000.0,0.0,0.0
2018-04-04,100000000.0,0.0,0.0
2018-04-05,100000000.0,0.0,0.0
2018-04-06,100000000.0,0.0,0.0
2018-04-09,100000000.0,0.0,0.0
2018-04-10,100000000.0,0.0,0.0
2018-04-11,100000000.0,0.0,0.0
2018-04-12,100000000.0,0.0,0.0
2018-04-13,100000000.0,0.0,0.0
2018-04-16,100000000.0,0.0,0.0
2018-04-17,100000000.0,0.0,0.0
2018-04-18,100000000.0,0.0,0.0
2018-04-19,100000000.0,0.0,0.0
2018-04-20,100000000.0,0.0,0.0
2018-04-23,100000000.0,0.0,0.0
2018-04-24,100000000.0,0.0,0.0
2018-04-26,100000000.0,0.0,0.0
2018-04-27,100000000.0,0.0,0.0
2018-05-02,100000000.0,0.0,0.0
2018-05-03,100000000.0,0.0,0.0
2018-05-04,100000000.0,0.0,0.0
2018-05-07,100000000.0,0.0,0.0
2018-05-08,100000000.0,0.0,0.0
2018-05-09,100000000.0,0.0,0.0
2018-05-10,100000000.0,0.0,0.0
2018-05-11,100000000.0,0.0,0.0
2018-05-14,100000000.0,0.0,0.0
2018-05-15,100000000.0,0.0,0.0
2018-05-16,100000000.0,0.0,0.0
2018-05-17,100000000.0,0.0,0.0
2018-05-18,100000000.0,0.0,0.0
2018-05-21,100000000.0,0.0,0.0
2018-05-22,100000000.0,0.0,0.0
2018-05-23,100000000.0,0.0,0.0
2018-05-24,100000000.0,0.0,0.0
2018-05-25,100000000.0,0.0,0.0
2018-05-28,100000000.0,0.0,0.0
2018-05-29,100000000.0,0.0,0.0
2018-05-30,100000000.0,0.0,0.0
2018-05-31,100000000.0,0.0,0.0
2018-06-01,100000000.0,0.0,0.0
2018-06-04,100000000.0,0.0,0.0
2018-06-05,100000000.0,0.0,0.0
2018-06-06,100000000.0,0.0,0.0
2018-06-07,100000000.0,0.0,0.0
2018-06-08,100000000.0,0.0,0.0
2018-06-11,100000000.0,0.0,0.0
2018-06-12,100000000.0,0.0,0.0
2018-06-13,100000000.0,0.0,0.0
2018-06-14,100000000.0,0.0,0.0
2018-06-15,100000000.0,0.0,0.0
2018-06-18,100000000.0,0.0,0.0
2018-06-19,100000000.0,0.0,0.0
2018-06-20,100000000.0,0.0,0.0
2018-06-21,100000000.0,0.0,0.0
2018-06-22,100000000.0,0.0,0.0
2018-06-25,100000000.0,0.0,0.0
2018-06-26,100000000.0,0.0,0.0
2018-06-27,100000000.0,0.0,0.0
2018-06-28,100000000.0,0.0,0.0
2018-06-29,100000000.0,0.0,0.0
2018-07-02,100000000.0,0.0,0.0
2018-07-03,100000000.0,0.0,0.0
2018-07-04,100000000.0,0.0,0.0
2018-07-05,100000000.0,0.0,0.0
2018-07-06,100000000.0,0.0,0.0
2018-07-09,100000000.0,0.0,0.0
2018-07-10,100000000.0,0.0,0.0
2018-07-11,100000000.0,0.0,0.0
2018-07-12,100000000.0,0.0,0.0
2018-07-13,100000000.0,0.0,0.0
2018-07-16,100000000.0,0.0,0.0
2018-07-17,100000000.0,0.0,0.0
2018-07-18,100000000.0,0.0,0.0
2018-07-19,100000000.0,0.0,0.0
2018-07-20,100000000.0,0.0,0.0
2018-07-23,100000000.0,0.0,0.0
2018-07-24,100000000.0,0.0,0.0
2018-07-25,100000000.0,0.0,0.0
2018-07-26,100000000.0,0.0,0.0
2018-07-27,100000000.0,0.0,0.0
2018-07-30,100000000.0,0.0,0.0
2018-07-31,100000000.0,0.0,0.0
2018-08-01,100000000.0,0.0,0.0
2018-08-02,100000000.0,0.0,0.0
2018-08-03,100000000.0,0.0,0.0
2018-08-06,100000000.0,0.0,0.0
2018-08-07,100000000.0,0.0,0.0
2018-08-08,100000000.0,0.0,0.0
2018-08-09,100000000.0,0.0,0.0
2018-08-10,100000000.0,0.0,0.0
2018-08-13,100000000.0,0.0,0.0
2018-08-14,100000000.0,0.0,0.0
2018-08-15,100000000.0,0.0,0.0
2018-08-16,100000000.0,0.0,0.0
2018-08-17,100000000.0,0.0,0.0
2018-08-20,100000000.0,0.0,0.0
2018-08-21,100000000.0,0.0,0.0
2018-08-22,100000000.0,0.0,0.0
2018-08-23,100000000.0,0.0,0.0
2018-08-24,100000000.0,0.0,0.0
2018-08-27,100000000.0,0.0,0.0
2018-08-28,100000000.0,0.0,0.0
2018-08-29,100000000.0,0.0,0.0
2018-08-30,100000000.0,0.0,0.0
2018-08-31,100000000.0,0.0,0.0
2018-09-04,100000000.0,0.0,0.0
2018-09-05,100000000.0,0.0,0.0
2018-09-06,100000000.0,0.0,0.0
2018-09-07,100000000.0,0.0,0.0
2018-09-10,100000000.0,0.0,0.0
2018-09-11,100000000.0,0.0,0.0
2018-09-12,100000000.0,0.0,0.0
2018-09-13,100000000.0,0.0,0.0
2018-09-14,100000000.0,0.0,0.0
2018-09-17,100000000.0,0.0,0.0
2018-09-18,100000000.0,0.0,0.0
2018-09-19,100000000.0,0.0,0.0
2018-09-20,100000000.0,0.0,0.0
2018-09-21,100000000.0,0.0,0.0
2018-09-24,100000000.0,0.0,0.0
2018-09-25,100000000.0,0.0,0.0
2018-09-26,100000000.0,0.0,0.0
2018-09-27,100000000.0,0.0,0.0
2018-09-28,100000000.0,0.0,0.0
2018-10-01,100000000.0,0.0,0.0
2018-10-02,100000000.0,0.0,0.0
2018-10-03,100000000.0,0.0,0.0
2018-10-04,100000000.0,0.0,0.0
2018-10-05,100000000.0,0.0,0.0
2018-10-08,100000000.0,0.0,0.0
2018-10-09,100000000.0,0.0,0.0
2018-10-10,100000000.0,0.0,0.0
2018-10-11,100000000.0,0.0,0.0
2018-10-12,100000000.0,0.0,0.0
2018-10-15,100000000.0,0.0,0.0
2018-10-16,100000000.0,0.0,0.0
2018-10-17,100000000.0,0.0,0.0
2018-10-18,100000000.0,0.0,0.0
2018-10-19,100000000.0,0.0,0.0
2018-10-22,100000000.0,0.0,0.0
2018-10-23,100000000.0,0.0,0.0
2018-10-24,100000000.0,0.0,0.0
2018-10-25,100000000.0,0.0,0.0
2018-10-26,100000000.0,0.0,0.0
2018-10-29,100000000.0,0.0,0.0
2018-10-30,100000000.0,0.0,0.0
2018-10-31,100000000.0,0.0,0.0
2018-11-01,100000000.0,0.0,0.0
2018-11-02,100000000.0,0.0,0.0
2018-11-05,100000000.0,0.0,0.0
2018-11-06,100000000.0,0.0,0.0
2018-11-07,100000000.0,0.0,0.0
2018-11-08,100000000.0,0.0,0.0
2018-11-09,100000000.0,0.0,0.0
2018-11-12,100000000.0,0.0,0.0
2018-11-13,100000000.0,0.0,0.0
2018-11-14,100000000.0,0.0,0.0
2018-11-15,100000000.0,0.0,0.0
2018-11-16,100000000.0,0.0,0.0
2018-11-19,100000000.0,0.0,0.0
2018-11-20,100000000.0,0.0,0.0
2018-11-21,100000000.0,0.0,0.0
2018-11-22,100000000.0,0.0,0.0
2018-11-23,100000000.0,0.0,0.0
2018-11-26,100000000.0,0.0,0.0
2018-11-27,100000000.0,0.0,0.0
2018-11-28,100000000.0,0.0,0.0
2018-11-29,100000000.0,0.0,0.0
2018-11-30,100000000.0,0.0,0.0
2018-12-03,100000000.0,0.0,0.0
2018-12-04,100000000.0,0.0,0.0
2018-12-05,100000000.0,0.0,0.0
2018-12-06,100000000.0,0.0,0.0
2018-12-07,100000000.0,0.0,0.0
2018-12-10,100000000.0,0.0,0.0
2018-12-11,100000000.0,0.0,0.0
2018-12-12,100000000.0,0.0,0.0
2018-12-13,100000000.0,0.0,0.0
2018-12-14,100000000.0,0.0,0.0
2018-12-17,100000000.0,0.0,0.0
2018-12-18,100000000.0,0.0,0.0
2018-12-19,100000000.0,0.0,0.0
2018-12-20,100000000.0,0.0,0.0
2018-12-21,100000000.0,0.0,0.0
2018-12-24,100000000.0,0.0,0.0
2018-12-25,100000000.0,0.0,0.0
2018-12-26,100000000.0,0.0,0.0
2018-12-27,100000000.0,0.0,0.0
2018-12-28,100000000.0,0.0,0.0
2019-01-02,100000000.0,0.0,0.0
2019-01-03,100000000.0,0.0,0.0
2019-01-04,100000000.0,0.0,0.0
2019-01-07,100000000.0,0.0,0.0
2019-01-08,100000000.0,0.0,0.0
2019-01-09,100000000.0,0.0,0.0
2019-01-10,100000000.0,0.0,0.0
2019-01-11,100000000.0,0.0,0.0
2019-01-14,100000000.0,0.0,0.0
2019-01-15,100000000.0,0.0,0.0
2019-01-16,100000000.0,0.0,0.0
2019-01-17,100000000.0,0.0,0.0
2019-01-18,100000000.0,0.0,0.0
2019-01-21,100000000.0,0.0,0.0
2019-01-22,100000000.0,0.0,0.0
2019-01-23,100000000.0,0.0,0.0
2019-01-24,100000000.0,0.0,0.0
2019-01-25,100000000.0,0.0,0.0
2019-01-28,100000000.0,0.0,0.0
2019-01-29,100000000.0,0.0,0.0
2019-01-30,100000000.0,0.0,0.0
2019-01-31,100000000.0,0.0,0.0
2019-02-01,100000000.0,0.0,0.0
2019-02-11,100000000.0,0.0,0.0
2019-02-12,100000000.0,0.0,0.0
2019-02-13,100000000.0,0.0,0.0
2019-02-14,100000000.0,0.0,0.0
2019-02-15,100000000.0,0.0,0.0
2019-02-18,100000000.0,0.0,0.0
2019-02-19,100000000.0,0.0,0.0
2019-02-20,100000000.0,0.0,0.0
2019-02-21,100000000.0,0.0,0.0
2019-02-22,100000000.0,0.0,0.0
2019-02-25,100000000.0,0.0,0.0
2019-02-26,100000000.0,0.0,0.0
2019-02-27,100000000.0,0.0,0.0
2019-02-28,100000000.0,0.0,0.0
2019-03-01,100000000.0,0.0,0.0
2019-03-04,100000000.0,0.0,0.0
2019-03-05,100000000.0,0.0,0.0
2019-03-06,100000000.0,0.0,0.0
2019-03-07,100000000.0,0.0,0.0
2019-03-08,100000000.0,0.0,0.0
2019-03-11,100000000.0,0.0,0.0
2019-03-12,100000000.0,0.0,0.0
2019-03-13,100000000.0,0.0,0.0
2019-03-14,100000000.0,0.0,0.0
2019-03-15,100000000.0,0.0,0.0
2019-03-18,100000000.0,0.0,0.0
2019-03-19,100000000.0,0.0,0.0
2019-03-20,100000000.0,0.0,0.0
2019-03-21,100000000.0,0.0,0.0
2019-03-22,100000000.0,0.0,0.0
2019-03-25,100000000.0,0.0,0.0
2019-03-26,100000000.0,0.0,0.0
2019-03-27,100000000.0,0.0,0.0
2019-03-28,100000000.0,0.0,0.0
2019-03-29,100000000.0,0.0,0.0
2019-04-01,100000000.0,0.0,0.0
2019-04-02,100000000.0,0.0,0.0
2019-04-03,100000000.0,0.0,0.0
2019-04-04,100000000.0,0.0,0.0
2019-04-05,100000000.0,0.0,0.0
2019-04-08,100000000.0,0.0,0.0
2019-04-09,100000000.0,0.0,0.0
2019-04-10,100000000.0,0.0,0.0
2019-04-11,100000000.0,0.0,0.0
2019-04-12,100000000.0,0.0,0.0
2019-04-16,100000000.0,0.0,0.0
2019-04-17,100000000.0,0.0,0.0
2019-04-18,100000000.0,0.0,0.0
2019-04-19,100000000.0,0.0,0.0
2019-04-22,100000000.0,0.0,0.0
2019-04-23,100000000.0,0.0,0.0
2019-04-24,100000000.0,0.0,0.0
2019-04-25,100000000.0,0.0,0.0
2019-04-26,100000000.0,0.0,0.0
2019-05-02,100000000.0,0.0,0.0
2019-05-03,100000000.0,0.0,0.0
2019-05-06,100000000.0,0.0,0.0
2019-05-07,100000000.0,0.0,0.0
2019-05-08,100000000.0,0.0,0.0
2019-05-09,100000000.0,0.0,0.0
2019-05-10,100000000.0,0.0,0.0
2019-05-13,100000000.0,0.0,0.0
2019-05-14,100000000.0,0.0,0.0
2019-05-15,100000000.0,0.0,0.0
2019-05-16,100000000.0,0.0,0.0
2019-05-17,100000000.0,0.0,0.0
2019-05-20,100000000.0,0.0,0.0
2019-05-21,100000000.0,0.0,0.0
2019-05-22,100000000.0,0.0,0.0
2019-05-23,100000000.0,0.0,0.0
2019-05-24,100000000.0,0.0,0.0
2019-05-27,100000000.0,0.0,0.0
2019-05-28,100000000.0,0.0,0.0
2019-05-29,100000000.0,0.0,0.0
2019-05-30,100000000.0,0.0,0.0
2019-05-31,100000000.0,0.0,0.0
2019-06-03,100000000.0,0.0,0.0
2019-06-04,100000000.0,0.0,0.0
2019-06-05,100000000.0,0.0,0.0
2019-06-06,100000000.0,0.0,0.0
2019-06-07,100000000.0,0.0,0.0
2019-06-10,100000000.0,0.0,0.0
2019-06-11,100000000.0,0.0,0.0
2019-06-12,100000000.0,0.0,0.0
2019-06-13,100000000.0,0.0,0.0
2019-06-14,100000000.0,0.0,0.0
2019-06-17,100000000.0,0.0,0.0
2019-06-18,100000000.0,0.0,0.0
2019-06-19,100000000.0,0.0,0.0
2019-06-20,100000000.0,0.0,0.0
2019-06-21,100000000.0,0.0,0.0
2019-06-24,100000000.0,0.0,0.0
2019-06-25,100000000.0,0.0,0.0
2019-06-26,100000000.0,0.0,0.0
2019-06-27,100000000.0,0.0,0.0
2019-06-28,100000000.0,0.0,0.0
2019-07-01,100000000.0,0.0,0.0
2019-07-02,100000000.0,0.0,0.0
2019-07-03,100000000.0,0.0,0.0
2019-07-04,100000000.0,0.0,0.0
2019-07-05,100000000.0,0.0,0.0
2019-07-08,100000000.0,0.0,0.0
2019-07-09,100000000.0,0.0,0.0
2019-07-10,100000000.0,0.0,0.0
2019-07-11,100000000.0,0.0,0.0
2019-07-12,100000000.0,0.0,0.0
2019-07-15,100000000.0,0.0,0.0
2019-07-16,100000000.0,0.0,0.0
2019-07-17,100000000.0,0.0,0.0
2019-07-18,100000000.0,0.0,0.0
2019-07-19,100000000.0,0.0,0.0
2019-07-22,100000000.0,0.0,0.0
2019-07-23,100000000.0,0.0,0.0
2019-07-24,100000000.0,0.0,0.0
2019-07-25,100000000.0,0.0,0.0
2019-07-26,100000000.0,0.0,0.0
2019-07-29,100000000.0,0.0,0.0
2019-07-30,100000000.0,0.0,0.0
2019-07-31,100000000.0,0.0,0.0
2019-08-01,100000000.0,0.0,0.0
2019-08-02,100000000.0,0.0,0.0
2019-08-05,100000000.0,0.0,0.0
2019-08-06,100000000.0,0.0,0.0
2019-08-07,100000000.0,0.0,0.0
2019-08-08,100000000.0,0.0,0.0
2019-08-09,100000000.0,0.0,0.0
2019-08-12,100000000.0,0.0,0.0
2019-08-13,100000000.0,0.0,0.0
2019-08-14,100000000.0,0.0,0.0
2019-08-15,100000000.0,0.0,0.0
2019-08-16,100000000.0,0.0,0.0
2019-08-19,100000000.0,0.0,0.0
2019-08-20,100000000.0,0.0,0.0
2019-08-21,100000000.0,0.0,0.0
2019-08-22,100000000.0,0.0,0.0
2019-08-23,100000000.0,0.0,0.0
2019-08-26,100000000.0,0.0,0.0
2019-08-27,100000000.0,0.0,0.0
2019-08-28,100000000.0,0.0,0.0
2019-08-29,100000000.0,0.0,0.0
2019-08-30,100000000.0,0.0,0.0
2019-09-03,100000000.0,0.0,0.0
2019-09-04,100000000.0,0.0,0.0
2019-09-05,100000000.0,0.0,0.0
2019-09-06,100000000.0,0.0,0.0
2019-09-09,100000000.0,0.0,0.0
2019-09-10,100000000.0,0.0,0.0
2019-09-11,100000000.0,0.0,0.0
2019-09-12,100000000.0,0.0,0.0
2019-09-13,100000000.0,0.0,0.0
2019-09-16,100000000.0,0.0,0.0
2019-09-17,100000000.0,0.0,0.0
2019-09-18,100000000.0,0.0,0.0
2019-09-19,100000000.0,0.0,0.0
2019-09-20,100000000.0,0.0,0.0
2019-09-23,100000000.0,0.0,0.0
2019-09-24,100000000.0,0.0,0.0
2019-09-25,100000000.0,0.0,0.0
2019-09-26,100000000.0,0.0,0.0
2019-09-27,100000000.0,0.0,0.0
2019-09-30,100000000.0,0.0,0.0
2019-10-01,100000000.0,0.0,0.0
2019-10-02,100000000.0,0.0,0.0
2019-10-03,100000000.0,0.0,0.0
2019-10-04,100000000.0,0.0,0.0
2019-10-07,100000000.0,0.0,0.0
2019-10-08,100000000.0,0.0,0.0
2019-10-09,100000000.0,0.0,0.0
2019-10-10,100000000.0,0.0,0.0
2019-10-11,100000000.0,0.0,0.0
2019-10-14,100000000.0,0.0,0.0
2019-10-15,100000000.0,0.0,0.0
2019-10-16,100000000.0,0.0,0.0
2019-10-17,100000000.0,0.0,0.0
2019-10-18,100000000.0,0.0,0.0
2019-10-21,100000000.0,0.0,0.0
2019-10-22,100000000.0,0.0,0.0
2019-10-23,100000000.0,0.0,0.0
2019-10-24,100000000.0,0.0,0.0
2019-10-25,100000000.0,0.0,0.0
2019-10-28,100000000.0,0.0,0.0
2019-10-29,100000000.0,0.0,0.0
2019-10-30,100000000.0,0.0,0.0
2019-10-31,100000000.0,0.0,0.0
2019-11-01,100000000.0,0.0,0.0
2019-11-04,100000000.0,0.0,0.0
2019-11-05,100000000.0,0.0,0.0
2019-11-06,100000000.0,0.0,0.0
2019-11-07,100000000.0,0.0,0.0
2019-11-08,100000000.0,0.0,0.0
2019-11-11,100000000.0,0.0,0.0
2019-11-12,100000000.0,0.0,0.0
2019-11-13,100000000.0,0.0,0.0
2019-11-14,100000000.0,0.0,0.0
2019-11-15,100000000.0,0.0,0.0
2019-11-18,100000000.0,0.0,0.0
2019-11-19,100000000.0,0.0,0.0
2019-11-20,100000000.0,0.0,0.0
2019-11-21,100000000.0,0.0,0.0
2019-11-22,100000000.0,0.0,0.0
2019-11-25,100000000.0,0.0,0.0
2019-11-26,100000000.0,0.0,0.0
2019-11-27,100000000.0,0.0,0.0
2019-11-28,100000000.0,0.0,0.0
2019-11-29,100000000.0,0.0,0.0
2019-12-02,100000000.0,0.0,0.0
2019-12-03,100000000.0,0.0,0.0
2019-12-04,100000000.0,0.0,0.0
2019-12-05,100000000.0,0.0,0.0
2019-12-06,100000000.0,0.0,0.0
2019-12-09,100000000.0,0.0,0.0
2019-12-10,100000000.0,0.0,0.0
2019-12-11,100000000.0,0.0,0.0
2019-12-12,100000000.0,0.0,0.0
2019-12-13,100000000.0,0.0,0.0
2019-12-16,100000000.0,0.0,0.0
2019-12-17,100000000.0,0.0,0.0
2019-12-18,100000000.0,0.0,0.0
2019-12-19,100000000.0,0.0,0.0
2019-12-20,100000000.0,0.0,0.0
2019-12-23,100000000.0,0.0,0.0
2019-12-24,100000000.0,0.0,0.0
2019-12-25,100000000.0,0.0,0.0
2019-12-26,100000000.0,0.0,0.0
2019-12-27,100000000.0,0.0,0.0
2019-12-30,100000000.0,0.0,0.0
2019-12-31,100000000.0,0.0,0.0
2020-01-02,100000000.0,0.0,0.0
2020-01-03,100000000.0,0.0,0.0
2020-01-06,100000000.0,0.0,0.0
2020-01-07,100000000.0,0.0,0.0
2020-01-08,100000000.0,0.0,0.0
2020-01-09,100000000.0,0.0,0.0
2020-01-10,100000000.0,0.0,0.0
2020-01-13,100000000.0,0.0,0.0
2020-01-14,100000000.0,0.0,0.0
2020-01-15,100000000.0,0.0,0.0
2020-01-16,100000000.0,0.0,0.0
2020-01-17,100000000.0,0.0,0.0
2020-01-20,100000000.0,0.0,0.0
2020-01-21,100000000.0,0.0,0.0
2020-01-22,100000000.0,0.0,0.0
2020-01-30,100000000.0,0.0,0.0
2020-01-31,100000000.0,0.0,0.0
2020-02-03,100000000.0,0.0,0.0
2020-02-04,100000000.0,0.0,0.0
2020-02-05,100000000.0,0.0,0.0
2020-02-06,100000000.0,0.0,0.0
2020-02-07,100000000.0,0.0,0.0
2020-02-10,100000000.0,0.0,0.0
2020-02-11,100000000.0,0.0,0.0
2020-02-12,100000000.0,0.0,0.0
2020-02-13,100000000.0,0.0,0.0
2020-02-14,100000000.0,0.0,0.0
2020-02-17,100000000.0,0.0,0.0
2020-02-18,100000000.0,0.0,0.0
2020-02-19,100000000.0,0.0,0.0
2020-02-20,100000000.0,0.0,0.0
2020-02-21,100000000.0,0.0,0.0
2020-02-24,100000000.0,0.0,0.0
2020-02-25,100000000.0,0.0,0.0
2020-02-26,100000000.0,0.0,0.0
2020-02-27,100000000.0,0.0,0.0
2020-02-28,100000000.0,0.0,0.0
2020-03-02,100000000.0,0.0,0.0
2020-03-03,100000000.0,0.0,0.0
2020-03-04,100000000.0,0.0,0.0
2020-03-05,100000000.0,0.0,0.0
2020-03-06,100000000.0,0.0,0.0
2020-03-09,100000000.0,0.0,0.0
2020-03-10,100000000.0,0.0,0.0
2020-03-11,100000000.0,0.0,0.0
2020-03-12,100000000.0,0.0,0.0
2020-03-13,100000000.0,0.0,0.0
2020-03-16,100000000.0,0.0,0.0
2020-03-17,100000000.0,0.0,0.0
2020-03-18,100000000.0,0.0,0.0
2020-03-19,100000000.0,0.0,0.0
2020-03-20,100000000.0,0.0,0.0
2020-03-23,100000000.0,0.0,0.0
2020-03-24,100000000.0,0.0,0.0
2020-03-25,100000000.0,0.0,0.0
2020-03-26,100000000.0,0.0,0.0
2020-03-27,100000000.0,0.0,0.0
2020-03-30,100000000.0,0.0,0.0
2020-03-31,100000000.0,0.0,0.0
2020-04-01,100000000.0,0.0,0.0
2020-04-03,100000000.0,0.0,0.0
2020-04-06,100000000.0,0.0,0.0
2020-04-07,100000000.0,0.0,0.0
2020-04-08,100000000.0,0.0,0.0
2020-04-09,100000000.0,0.0,0.0
2020-04-10,100000000.0,0.0,0.0
2020-04-13,100000000.0,0.0,0.0
2020-04-14,100000000.0,0.0,0.0
2020-04-15,100000000.0,0.0,0.0
2020-04-16,100000000.0,0.0,0.0
2020-04-17,100000000.0,0.0,0.0
2020-04-20,100000000.0,0.0,0.0
2020-04-21,100000000.0,0.0,0.0
2020-04-22,100000000.0,0.0,0.0
2020-04-23,100000000.0,0.0,0.0
2020-04-24,100000000.0,0.0,0.0
2020-04-27,100000000.0,0.0,0.0
2020-04-28,100000000.0,0.0,0.0
2020-04-29,100000000.0,0.0,0.0
2020-05-04,100000000.0,0.0,0.0
2020-05-05,100000000.0,0.0,0.0
2020-05-06,100000000.0,0.0,0.0
2020-05-07,100000000.0,0.0,0.0
2020-05-08,100000000.0,0.0,0.0
2020-05-11,100000000.0,0.0,0.0
2020-05-12,100000000.0,0.0,0.0
2020-05-13,100000000.0,0.0,0.0
2020-05-14,100000000.0,0.0,0.0
2020-05-15,100000000.0,0.0,0.0
2020-05-18,100000000.0,0.0,0.0
2020-05-19,100000000.0,0.0,0.0
2020-05-20,100000000.0,0.0,0.0
2020-05-21,100000000.0,0.0,0.0
2020-05-22,100000000.0,0.0,0.0
2020-05-25,100000000.0,0.0,0.0
2020-05-26,100000000.0,0.0,0.0
2020-05-27,100000000.0,0.0,0.0
2020-05-28,100000000.0,0.0,0.0
2020-05-29,100000000.0,0.0,0.0
2020-06-01,100000000.0,0.0,0.0
2020-06-02,100000000.0,0.0,0.0
2020-06-03,100000000.0,0.0,0.0
2020-06-04,100000000.0,0.0,0.0
2020-06-05,100000000.0,0.0,0.0
2020-06-08,100000000.0,0.0,0.0
2020-06-09,100000000.0,0.0,0.0
2020-06-10,100000000.0,0.0,0.0
2020-06-11,100000000.0,0.0,0.0
2020-06-12,100000000.0,0.0,0.0
2020-06-15,100000000.0,0.0,0.0
2020-06-16,100000000.0,0.0,0.0
2020-06-17,100000000.0,0.0,0.0
2020-06-18,100000000.0,0.0,0.0
2020-06-19,100000000.0,0.0,0.0
2020-06-22,100000000.0,0.0,0.0
2020-06-23,100000000.0,0.0,0.0
2020-06-24,100000000.0,0.0,0.0
2020-06-25,100000000.0,0.0,0.0
2020-06-26,100000000.0,0.0,0.0
2020-06-29,100000000.0,0.0,0.0
2020-06-30,100000000.0,0.0,0.0
2020-07-01,100000000.0,0.0,0.0
2020-07-02,100000000.0,0.0,0.0
2020-07-03,100000000.0,0.0,0.0
2020-07-06,100000000.0,0.0,0.0
2020-07-07,100000000.0,0.0,0.0
2020-07-08,100000000.0,0.0,0.0
2020-07-09,100000000.0,0.0,0.0
2020-07-10,100000000.0,0.0,0.0
2020-07-13,100000000.0,0.0,0.0
2020-07-14,100000000.0,0.0,0.0
2020-07-15,100000000.0,0.0,0.0
2020-07-16,100000000.0,0.0,0.0
2020-07-17,100000000.0,0.0,0.0
2020-07-20,100000000.0,0.0,0.0
2020-07-21,100000000.0,0.0,0.0
2020-07-22,100000000.0,0.0,0.0
2020-07-23,100000000.0,0.0,0.0
2020-07-24,100000000.0,0.0,0.0
2020-07-27,100000000.0,0.0,0.0
2020-07-28,100000000.0,0.0,0.0
2020-07-29,100000000.0,0.0,0.0
2020-07-30,100000000.0,0.0,0.0
2020-07-31,100000000.0,0.0,0.0
2020-08-03,100000000.0,0.0,0.0
2020-08-04,100000000.0,0.0,0.0
2020-08-05,100000000.0,0.0,0.0
2020-08-06,100000000.0,0.0,0.0
2020-08-07,100000000.0,0.0,0.0
2020-08-10,100000000.0,0.0,0.0
2020-08-11,100000000.0,0.0,0.0
2020-08-12,100000000.0,0.0,0.0
2020-08-13,100000000.0,0.0,0.0
2020-08-14,100000000.0,0.0,0.0
2020-08-17,100000000.0,0.0,0.0
2020-08-18,100000000.0,0.0,0.0
2020-08-19,100000000.0,0.0,0.0
2020-08-20,100000000.0,0.0,0.0
2020-08-21,100000000.0,0.0,0.0
2020-08-24,100000000.0,0.0,0.0
2020-08-25,100000000.0,0.0,0.0
2020-08-26,100000000.0,0.0,0.0
2020-08-27,100000000.0,0.0,0.0
2020-08-28,100000000.0,0.0,0.0
2020-08-31,100000000.0,0.0,0.0
2020-09-01,100000000.0,0.0,0.0
2020-09-03,100000000.0,0.0,0.0
2020-09-04,100000000.0,0.0,0.0
2020-09-07,100000000.0,0.0,0.0
2020-09-08,100000000.0,0.0,0.0
2020-09-09,100000000.0,0.0,0.0
2020-09-10,100000000.0,0.0,0.0
2020-09-11,100000000.0,0.0,0.0
2020-09-14,100000000.0,0.0,0.0
2020-09-15,100000000.0,0.0,0.0
2020-09-16,100000000.0,0.0,0.0
2020-09-17,100000000.0,0.0,0.0
2020-09-18,100000000.0,0.0,0.0
2020-09-21,100000000.0,0.0,0.0
2020-09-22,100000000.0,0.0,0.0
2020-09-23,100000000.0,0.0,0.0
2020-09-24,100000000.0,0.0,0.0
2020-09-25,100000000.0,0.0,0.0
2020-09-28,100000000.0,0.0,0.0
2020-09-29,100000000.0,0.0,0.0
2020-09-30,100000000.0,0.0,0.0
2020-10-01,100000000.0,0.0,0.0
2020-10-02,100000000.0,0.0,0.0
2020-10-05,100000000.0,0.0,0.0
2020-10-06,100000000.0,0.0,0.0
2020-10-07,100000000.0,0.0,0.0
2020-10-08,100000000.0,0.0,0.0
2020-10-09,100000000.0,0.0,0.0
2020-10-12,100000000.0,0.0,0.0
2020-10-13,100000000.0,0.0,0.0
2020-10-14,100000000.0,0.0,0.0
2020-10-15,100000000.0,0.0,0.0
2020-10-16,100000000.0,0.0,0.0
2020-10-19,100000000.0,0.0,0.0
2020-10-20,100000000.0,0.0,0.0
2020-10-21,100000000.0,0.0,0.0
2020-10-22,100000000.0,0.0,0.0
2020-10-23,100000000.0,0.0,0.0
2020-10-26,100000000.0,0.0,0.0
2020-10-27,100000000.0,0.0,0.0
2020-10-28,100000000.0,0.0,0.0
2020-10-29,100000000.0,0.0,0.0
2020-10-30,100000000.0,0.0,0.0
2020-11-02,100000000.0,0.0,0.0
2020-11-03,100000000.0,0.0,0.0
2020-11-04,100000000.0,0.0,0.0
2020-11-05,100000000.0,0.0,0.0
2020-11-06,100000000.0,0.0,0.0
2020-11-09,100000000.0,0.0,0.0
2020-11-10,100000000.0,0.0,0.0
2020-11-11,100000000.0,0.0,0.0
2020-11-12,100000000.0,0.0,0.0
2020-11-13,100000000.0,0.0,0.0
2020-11-16,100000000.0,0.0,0.0
2020-11-17,100000000.0,0.0,0.0
2020-11-18,100000000.0,0.0,0.0
2020-11-19,100000000.0,0.0,0.0
2020-11-20,100000000.0,0.0,0.0
2020-11-23,100000000.0,0.0,0.0
2020-11-24,100000000.0,0.0,0.0
2020-11-25,100000000.0,0.0,0.0
2020-11-26,100000000.0,0.0,0.0
2020-11-27,100000000.0,0.0,0.0
2020-11-30,100000000.0,0.0,0.0
2020-12-01,100000000.0,0.0,0.0
2020-12-02,100000000.0,0.0,0.0
2020-12-03,100000000.0,0.0,0.0
2020-12-04,100000000.0,0.0,0.0
2020-12-07,100000000.0,0.0,0.0
2020-12-08,100000000.0,0.0,0.0
2020-12-09,100000000.0,0.0,0.0
2020-12-10,100000000.0,0.0,0.0
2020-12-11,100000000.0,0.0,0.0
2020-12-14,100000000.0,0.0,0.0
2020-12-15,100000000.0,0.0,0.0
2020-12-16,100000000.0,0.0,0.0
2020-12-17,100000000.0,0.0,0.0
2020-12-18,100000000.0,0.0,0.0
2020-12-21,100000000.0,0.0,0.0
2020-12-22,100000000.0,0.0,0.0
2020-12-23,100000000.0,0.0,0.0
2020-12-24,100000000.0,0.0,0.0
2020-12-25,100000000.0,0.0,0.0
2020-12-28,100000000.0,0.0,0.0
2020-12-29,100000000.0,0.0,0.0
2020-12-30,100000000.0,0.0,0.0
2020-12-31,100000000.0,0.0,0.0
2021-01-04,100000000.0,0.0,0.0
2021-01-05,99920000.0,-0.0008,-0.0008000000000000229
2021-01-06,100112697.76876268,0.001928520504030003,0.0
2021-01-07,101925466.94619048,0.018107285267797684,0.0
2021-01-08,102748856.7154043,0.00807835170035098,0.0
2021-01-11,104064890.78341262,0.012808259965884528,0.0
2021-01-12,104757898.7694945,0.006659383206620777,0.0
2021-01-13,104087432.01526281,-0.0064001546623893455,-0.006400154662389301
2021-01-14,106010215.453338,0.01847277236884121,0.0
2021-01-15,106652565.94693941,0.006059326366374115,0.0
2021-01-18,107186062.52552721,0.005002191685226022,0.0
2021-01-19,103647629.6085241,-0.03301206177025492,-0.03301206177025495
2021-01-20,102916659.91156898,-0.007052449725246769,-0.03983169558954025
2021-01-21,104529962.8162803,0.015675818726506956,-0.02478027130266436
2021-01-22,104134285.43447937,-0.0037853010863150216,-0.02847177160109815
2021-01-25,105468611.99478683,0.012813518187024078,-0.016023076977301542
2021-01-26,103906182.01874538,-0.014814170268199603,-0.03059987865493896
2021-01-27,100688583.26534292,-0.03096638420245275,-0.06061869525841446
2021-01-28,97144629.44255896,-0.035197176361540815,-0.09368226471213836
2021-01-29,97937792.12455374,0.008164761001675068,-0.08628239701193352
2021-02-01,96017466.37429053,-0.019607607120865185,-0.10419821279074226
2021-02-02,97538102.33705084,0.015837076525563033,-0.09001133133497308
2021-02-03,99465433.3271818,0.01975977534882637,-0.07203015967217452
2021-02-04,99820895.86552846,0.003573729349546027,-0.06871384661830149
2021-02-05,100263306.56236264,0.004432044944078248,-0.06458634453071599
2021-02-08,99104823.86986634,-0.011554403422509676,-0.07539449127293263
2021-02-09,100082916.50436515,0.009869273727615212,-0.06626930641724427
2021-02-17,101871420.59052622,0.01787022349696485,-0.04958333023694439
2021-02-18,102224738.98033035,0.0034682778325463197,-0.04628702116952266
2021-02-19,104712778.56950538,0.02433891848482752,-0.023074678719845698
2021-02-22,106035894.9695305,0.012635672724001562,-0.010730570084359514
2021-02-23,106850066.14043948,0.0076782600000022665,-0.003134702191413208
2021-02-24,105580693.30865948,-0.011879944277353918,-0.014977406381407099
2021-02-25,107065955.62682849,0.014067556023968588,-0.0011205458608026797
2021-02-26,107526528.88188374,0.00430177129937127,0.0
2021-03-01,110323596.46266378,0.026012813859662302,0.0
2021-03-02,111642246.80333477,0.011952568470855206,0.0
2021-03-03,111355574.47724882,-0.0025677763955337376,-0.0025677763955337385
2021-03-04,111172205.16245782,-0.0016467008109096355,-0.004210248846970632
2021-03-05,113218255.93825963,0.018404337422396895,0.0
2021-03-08,113652973.53143808,0.0038396421988297715,0.0
2021-03-09,114145257.23515113,0.0043314634753209656,0.0
2021-03-10,114491245.11815226,0.0030311192193326324,0.0
2021-03-11,114577306.48788455,0.0007516851584894304,0.0
2021-03-12,114290784.14662978,-0.0025006901456971127,-0.002500690145697093
2021-03-15,113766192.0591284,-0.004589977148361757,-0.007079189183434975
2021-03-16,113507634.87597029,-0.002272706666878092,-0.009335806929859802
2021-03-17,116478850.0569694,0.026176346500794943,0.0
2021-03-18,116402271.01555371,-0.0006574501841170035,-0.0006574501841170033
2021-03-19,116082578.58250551,-0.002746444981348226,-0.003402089514706552
2021-03-22,115089999.94341667,-0.008550625349723479,-0.011923624871583605
2021-03-23,114558967.04697627,-0.004614066354170483,-0.016482674829414345
2021-03-24,112932316.70842744,-0.014199240622358238,-0.030447873985769647
2021-03-25,112034380.06769389,-0.0079511044039934,-0.038156884164822547
2021-03-26,112555691.46143967,0.00465313766569504,-0.03368129573404044
2021-03-29,114075167.7698951,0.013499773212054702,-0.020636212375883423
2021-03-30,115237347.63806812,0.010187842725923407,-0.010658608136104197
2021-03-31,116559867.28269786,0.011476484592334052,0.0
2021-04-01,118632831.43510978,0.01778454454983438,0.0
2021-04-02,118552985.12210317,-0.0006730540950654483,-0.0006730540950654618
2021-04-05,116718775.20286196,-0.015471646853531928,-0.016134287693325144
2021-04-06,117055724.93546012,0.0028868511686532304,-0.01329401381195483
2021-04-07,117573826.53059345,0.00442611068718762,-0.008926743901375933
2021-04-08,117442715.84753232,-0.0011151349490783305,-0.010031924326348363
2021-04-09,118524572.08026934,0.009211778056474086,-0.0009125581302479313
2021-04-12,118945467.5405547,0.003551124065652135,0.0
2021-04-13,117836383.18865532,-0.009324309490996292,-0.009324309490996274
2021-04-14,118089286.29500306,0.0021462225800230428,-0.007198098954545928
2021-04-15,118021658.62626949,-0.0005726825087639527,-0.007766659237942286
2021-04-16,117263756.26591069,-0.006421722666674243,-0.01413850657294391
2021-04-19,119300629.1624743,0.01737001236720362,0.0
2021-04-20,118941673.64779487,-0.003008831698536762,-0.003008831698536718
2021-04-22,116153219.31250167,-0.023443880094963673,-0.02638217310393398
2021-04-23,118043550.13335827,0.01627445913290449,-0.010537069569046764
2021-04-26,116699658.94654818,-0.011384706621343109,-0.021801814744697556
2021-04-27,117318749.82274479,0.005304993020418076,-0.01661248019933248
2021-04-28,118194053.10621777,0.007460898490611843,-0.009275525737165169
2021-04-29,118388911.34052742,0.001648629767646006,-0.0076421878773600405
2021-05-04,118335798.3339677,-0.0004486315986717989,-0.008087390949067075
2021-05-05,118401583.10822077,0.0005559160894610466,-0.007535970770356393
2021-05-06,119185298.90098503,0.006619132719263844,-0.0009667196417900703
2021-05-07,119695053.54257254,0.004276992601335816,0.0
2021-05-10,121490644.10147354,0.015001376462581642,0.0
2021-05-11,120855161.96229824,-0.005230708453932612,-0.0052307084539325865
2021-05-12,122968630.36635008,0.01748761384897365,0.0
2021-05-13,123193550.57205376,0.0018290860444130337,0.0
2021-05-14,123365745.17692797,0.0013977566526381991,0.0
2021-05-17,122864512.44301526,-0.004062981447514878,-0.004062981447514824
2021-05-18,124690205.29954208,0.01485939935157095,0.0
2021-05-19,126194440.92284349,0.012063783355619561,0.0
2021-05-20,127882703.4448747,0.013378263810078908,0.0
2021-05-21,127471237.15211584,-0.0032175288891686154,-0.003217528889168597
2021-05-24,127195125.59143099,-0.002166069513825706,-0.0053766290117576165
2021-05-25,128635789.27692299,0.011326406407424862,0.0
2021-05-26,130723379.72626798,0.016228690794992482,0.0
2021-05-27,131488820.49986984,0.005855423683236134,0.0
2021-05-28,133447358.39545129,0.014895090610257568,0.0
2021-05-31,135960800.27003884,0.018834706844772016,0.0
2021-06-01,134751494.40153694,-0.008894518611982543,-0.008894518611982538
2021-06-02,138229104.9463892,0.02580758425201251,0.0
2021-06-03,143392517.5812356,0.03735401916151427,0.0
2021-06-04,143801341.64347088,0.002851083648794201,0.0
2021-06-07,139147191.87724328,-0.03236513451847143,-0.03236513451847145
2021-06-08,134727666.84345174,-0.0317615107726391,-0.0630986797224442
2021-06-09,139324276.57594752,0.034117786199302814,-0.03113368078737
2021-06-10,140597417.36665654,0.009137968069871962,-0.022280211298430608
2021-06-11,140980232.9371881,0.0027227781114444135,-0.019618097258627953
2021-06-14,144356927.11410305,0.023951543465099836,0.0
2021-06-15,145600695.4230467,0.008615923972671958,0.0
2021-06-16,144081495.5448841,-0.010434015261730356,-0.010434015261730378
2021-06-17,145305454.30937725,0.008494906024291518,-0.002027745216543253
2021-06-18,148960442.314185,0.025153825244754537,0.0
2021-06-21,149378844.90764758,0.0028088168037263095,0.0
2021-06-22,148576216.22679406,-0.0053731080953915225,-0.005373108095391488
2021-06-23,149699653.37600392,0.007561352535018035,0.0
2021-06-24,147786346.92360044,-0.012780967819596695,-0.0127809678195967
2021-06-25,149838369.70673642,0.013885063308295949,0.0
2021-06-28,151224865.50900772,0.00925327607998509,0.0
2021-06-29,153291462.6318301,0.013665723000423347,0.0
2021-06-30,152910199.8323068,-0.002487175691179862,-0.0024871756911798437
2021-07-01,154610486.7481885,0.01111951274503833,0.0
2021-07-02,153412451.85041547,-0.0077487298757699845,-0.007748729875770022
2021-07-05,152814811.6642315,-0.003895643273902481,-0.011614186862250686
2021-07-06,147372649.03682023,-0.03561279543614483,-0.04681336863751295
2021-07-07,148121571.8621927,0.0050818305178550694,-0.041969435725043636
2021-07-08,147119659.33380175,-0.006764122982188507,-0.04844967228249486
2021-07-09,144555263.34064943,-0.01743068196843719,-0.06503584342190094
2021-07-12,142742193.23300064,-0.012542401194871943,-0.07676253897652852
2021-07-13,143589890.66086286,0.005938660522600457,-0.07127974511376256
2021-07-14,144062757.01887915,0.0032931730488821084,-0.0682213086004202
2021-07-15,145918486.6026721,0.012881397122989705,-0.05621869724576256
2021-07-16,147554481.21721542,0.01121170218135582,-0.045637302354950005
2021-07-19,146378394.02018347,-0.007970528494492982,-0.0532440774306111
2021-07-20,148694598.63886595,0.015823405046806995,-0.03826317498733223
2021-07-21,149016801.49737406,0.0021668766818534074,-0.036179209887132524
2021-07-22,150434247.53641242,0.009511988076481013,-0.02701135802371446
2021-07-23,149964590.79888976,-0.003122006758527388,-0.030049035139934843
2021-07-26,150202883.8066436,0.0015889951520183336,-0.028507787759076697
2021-07-27,149039751.35138565,-0.007743742502009844,-0.03603077329337823
2021-07-28,146380943.51496845,-0.017839588514534103,-0.053227587638498
2021-07-29,149857163.79283327,0.023747765210362554,-0.03074385868208851
2021-07-30,149930447.41304457,0.0004890231361419101,-0.03026987000413639
2021-08-02,150015824.22469133,0.0005694427857708866,-0.029717664177465575
2021-08-03,152722971.48804414,0.01804574468956081,-0.01220819686842145
2021-08-04,151941706.90713698,-0.005115566920254213,-0.01726131194061964
2021-08-05,152543751.49922037,0.003962339270358134,-0.013367367844421718
2021-08-06,152477897.46862024,-0.00043170585456898985,-0.013793302928032047
2021-08-09,155675477.3967387,0.020970776625356638,0.0
2021-08-10,156602355.8583883,0.00595391436820488,0.0
2021-08-11,156329685.73005772,-0.0017411623652530317,-0.0017411623652530128
2021-08-12,157002274.82781032,0.0043023760625604665,0.0
2021-08-13,159299184.76568204,0.014629787628178145,0.0
2021-08-16,162519688.91961354,0.020216702041938477,0.0
2021-08-17,162877974.7436704,0.0022045687291099925,0.0
2021-08-18,164317393.89481986,0.008837408209518451,0.0
2021-08-19,165448510.24817893,0.006883728657984345,0.0
2021-08-20,163233969.68956077,-0.013385074034793451,-0.013385074034793498
2021-08-23,166185373.78743157,0.018080820453510952,0.0
2021-08-24,162222641.8479234,-0.02384525093391743,-0.023845250933917428
2021-08-25,163441235.6634599,0.007511860253631409,-0.016512512873014362
2021-08-26,164128946.40554872,0.004207694216806353,-0.012374298261128791
2021-08-27,166316821.97657442,0.013330223698747472,0.0
2021-08-30,168075157.2943322,0.01057220368247203,0.0
2021-08-31,168392914.61439764,0.0018905668462887947,0.0
2021-09-01,171201069.837804,0.016676207724278243,0.0
2021-09-06,173711967.08913165,0.014666364256406163,0.0
2021-09-07,171711480.0465724,-0.011516115303287168,-0.011516115303287222
2021-09-08,171431014.16418618,-0.0016333554536373358,-0.013130660847189168
2021-09-09,171830565.9697772,0.0023306856553292664,-0.010830578634741461
2021-09-10,171012545.79072055,-0.004760620873474419,-0.015539639229495528
2021-09-13,170313362.6026673,-0.004088490612313832,-0.019564596172700788
2021-09-14,169106389.31058186,-0.0070867797666660385,-0.02651272595506715
2021-09-15,169150264.7610066,0.0002594547172558267,-0.026260150089627676
2021-09-16,169239666.12199664,0.0005285321966026075,-0.025745497227835035
2021-09-17,170744410.75139368,0.008891205376831324,-0.017083200354385042
2021-09-20,171401375.29917067,0.0038476489208981893,-0.013301281590895941
2021-09-21,172802444.5466619,0.00817420073232061,-0.005235808204296366
2021-09-22,172335886.05355984,-0.0026999530841480004,-0.00792162485193515
2021-09-23,171589781.48595035,-0.004329362761842934,-0.012216692026130849
2021-09-24,170699742.42140386,-0.005187016714158887,-0.017340340554558464
2021-09-27,167940753.73307937,-0.01616281693919261,-0.03322288874370449
2021-09-28,169429346.70868993,0.008863798348651482,-0.024653571381436867
2021-09-29,171220437.7608131,0.010571315341271367,-0.014342876717527209
2021-09-30,174250047.04295042,0.017694203576149925,0.0
2021-10-01,177002142.4774244,0.015793943710073345,0.0
2021-10-04,176939446.284404,-0.0003542114922614562,-0.000354211492261447
2021-10-05,179491802.46227932,0.014425026366211041,0.0
2021-10-06,181827456.82309392,0.013012596278904966,0.0
2021-10-07,183639641.74684107,0.009966508663816863,0.0
2021-10-08,180496982.12525594,-0.017113187499665714,-0.017113187499665727
2021-10-11,182081981.59130538,0.008781307296038456,-0.008482156361876547
2021-10-12,184526629.73607755,0.013426084906409579,0.0
2021-10-13,189625032.37211293,0.02762963071144508,0.0
2021-10-14,192305351.5576933,0.014134838381045688,0.0
2021-10-15,193101151.80301812,0.004138211645587373,0.0
2021-10-18,193561568.6373399,0.0023843298189719594,0.0
2021-10-19,197232736.58125284,0.01896640934333051,0.0
2021-10-20,199505933.2790637,0.01152545331578048,0.0
2021-10-21,201055122.17518556,0.007765126934620508,0.0
2021-10-22,201112457.21184587,0.00028517073347853237,0.0
2021-10-25,199315158.57355964,-0.008936784241032926,-0.008936784241032947
2021-10-26,201797927.9890331,0.012456500715961176,0.0
2021-10-27,202835550.34513947,0.005141888058249841,0.0
2021-10-28,205593840.83665246,0.013598654115708769,0.0
2021-10-29,204866843.16632712,-0.0035360868174205175,-0.0035360868174205695
2021-11-01,208219581.258519,0.01636545006685077,0.0
2021-11-02,209061925.07960027,0.004045459202203719,0.0
2021-11-03,206632824.02871823,-0.011619050431862052,-0.011619050431862066
2021-11-04,210928959.43157995,0.0207911565989372,0.0
2021-11-05,213418249.50024807,0.011801556672807606,0.0
2021-11-08,216540174.72924381,0.014628201835158018,0.0
2021-11-09,217199765.69551677,0.003046044306086321,0.0
2021-11-10,219878502.48302752,0.012333055604056044,0.0
2021-11-11,219657989.72513402,-0.0010028845721765098,-0.0010028845721764545
2021-11-12,222369093.0503939,0.012342384306859931,0.0
2021-11-15,227021588.45227993,0.020922401301657755,0.0
2021-11-16,224715247.6437974,-0.010159125500821355,-0.01015912550082132
2021-11-17,229622690.27406633,0.02183849419086977,0.0
2021-11-18,232119955.9514177,0.010875517895774029,0.0
2021-11-19,232283446.2687223,0.0007043354658347412,0.0
2021-11-22,230031848.26984954,-0.009693320962131522,-0.00969332096213149
2021-11-23,229551326.2996609,-0.0020889367007343646,-0.01176200892895607
2021-11-24,230326369.89530748,0.003376341178856151,-0.008425380305192798
2021-11-25,231202900.92067352,0.0038056043073333564,-0.004651839661439894
2021-11-26,230160893.69478145,-0.0045068951200122834,-0.009137769427982945
2021-11-29,231537491.51426545,0.005981023958438026,-0.003211398687420375
2021-11-30,231374838.82522613,-0.0007024896399091307,-0.003911632353021943
2021-12-01,230180797.64286244,-0.0051606353933135885,-0.009052081237968856
2021-12-02,229901033.8371536,-0.0012154089679665364,-0.010256488225220073
2021-12-03,224706054.37335092,-0.022596590267977952,-0.03262131683118441
2021-12-06,221691151.57905418,-0.01341709640492132,-0.045600729883326196
2021-12-07,225233347.54092368,0.015978066497644473,-0.03035127488009859
2021-12-08,226314040.35152844,0.004798103044702983,-0.02569880037980843
2021-12-09,228276283.34306175,0.0086704430201741,-0.01725117734401438
2021-12-10,228275195.19785047,-4.766790466989025e-06,-0.01725586190173356
2021-12-13,229672110.1937003,0.006119434021901131,-0.011242023988231153
2021-12-14,226774898.9818969,-0.012614553893200021,-0.023714764763962948
2021-12-15,225524800.84072748,-0.005512506660929974,-0.029096543626169202
2021-12-16,225571152.77573246,0.00020552921378130172,-0.02889699460212314
2021-12-17,225219905.14129668,-0.0015571478449861477,-0.030409145554238015
2021-12-20,222962907.30811882,-0.0100213070943347,-0.040125713262497364
2021-12-21,220666992.03333354,-0.010297296992151655,-0.05000982386816322
2021-12-22,221811143.1317925,0.005184967121345056,-0.04508415603931881
2021-12-23,218654598.02191788,-0.01423077788296279,-0.058673351311645194
2021-12-24,218614412.3954981,-0.00018378587408326278,-0.05884635385257231
2021-12-27,222024903.2235517,0.015600484847648706,-0.04416390065654008
2021-12-28,223811469.37156007,0.008046692610015574,-0.03647258137956688
2021-12-29,223022536.81683394,-0.003524987155222056,-0.03986900315390818
2021-12-30,221368365.46528655,-0.007417059168804737,-0.04699035156731912
2021-12-31,221458100.7424107,0.00040536630848552,-0.046604033564182856
2022-01-04,223065027.35680658,0.007256120272904289,-0.039686077764022776
2022-01-05,224611474.81992278,0.006932720388492628,-0.033028489855984056
2022-01-06,224092639.90306354,-0.002309921687105272,-0.03526211831807868
2022-01-07,222149935.52470282,-0.008669202072861832,-0.043625625961723924
2022-01-10,216271483.46764073,-0.026461641967969025,-0.06893286223486528
2022-01-11,212432795.9035964,-0.017749393042928305,-0.08545873881241295
2022-01-12,215273672.11850762,0.013373058537535953,-0.07322852499155941
2022-01-13,209805572.38450626,-0.025400689643976494,-0.09676915959913912
2022-01-14,210495074.60563636,0.003286386597332442,-0.09380079387094842
2022-01-17,207217352.39542222,-0.015571491239664245,-0.10791166687057763
2022-01-18,203720415.31196067,-0.01687569618585092,-0.12296627855141196
2022-01-19,205724793.45013046,0.009838867327559958,-0.11433726012428302
2022-01-20,206719509.99158722,0.004835180654576218,-0.11005492077795709
2022-01-21,205753297.8985051,-0.004674024687468791,-0.11421454604873227
2022-01-24,200112742.30211258,-0.02741416858929236,-0.1384976178172952
2022-01-25,202932026.7309739,0.014088480305791887,-0.12636035847252136
2022-01-26,203536443.4132282,0.002978419385007114,-0.12375829322868526
2022-01-27,201336865.55577984,-0.010806801084672066,-0.13322766305585632
2022-01-28,202687307.8956764,0.006707377390468132,-0.12741389388035396
2022-02-07,205821545.53777868,0.015463413445283264,-0.11392073415481607
2022-02-08,211296958.01170987,0.02660271770686018,-0.09034861757963475
2022-02-09,215699982.09018886,0.020838085507293394,-0.07139322429093153
2022-02-10,217118697.11300254,0.006577260735332292,-0.06528553540649673
2022-02-11,219460010.0087094,0.010783561834328308,-0.05520598418011169
2022-02-14,218330395.47009096,-0.005147245452935211,-0.060069070882000974
2022-02-15,220066578.3389512,0.007952089607688565,-0.05259465590861667
2022-02-16,217614839.26301062,-0.011140896970572054,-0.06314960123650815
2022-02-17,219984178.1596663,0.01088776346631436,-0.052949395691448964
2022-02-18,222356070.1875423,0.010782102820842193,-0.04273819869925344
2022-02-21,223797552.46359557,0.006482765569824502,-0.036532494852472785
2022-02-22,226159807.03619033,0.01055531906667756,-0.026362787925264808
2022-02-23,229331686.34810027,0.014024947020769151,-0.012707577608467302
2022-02-24,231478735.65160206,0.009362200826635008,-0.0034643476754228075
2022-02-25,232202538.83948365,0.0031268668624965315,-0.0003483133668726879
2022-02-28,229714469.00291014,-0.010715084550791487,-0.011059665710487998
2022-03-01,229480494.95258445,-0.0010185429387241933,-0.012066943904798122
2022-03-02,231002663.11001322,0.006633104733991809,-0.005513880473545951
2022-03-03,233484509.24251547,0.010743798790407441,0.0
2022-03-04,233827341.18340445,0.0014683284214494878,0.0
2022-03-07,232161188.9331826,-0.0071255664191767374,-0.007125566419176721
2022-03-08,226452522.1316372,-0.024589238312302062,-0.031539592480687495
2022-03-09,227570981.37809715,0.0049390452176540514,-0.026756322736442018
2022-03-10,230440821.77679366,0.012610748441289288,-0.014482991550395896
2022-03-11,232502811.31104776,0.008948021962234449,-0.005664563714633308
2022-03-14,229486239.9615013,-0.012974343546800481,-0.018565413265757336
2022-03-15,232181499.99579513,0.011744756612622998,-0.007038702913353401
2022-03-16,234295370.16061628,0.009104386718405345,0.0
2022-03-17,232216203.63179743,-0.008874125542444636,-0.0088741255424446
2022-03-18,232365439.14734358,0.0006426576320348913,-0.00823717093491727
2022-03-21,233604793.62904584,0.005333643790789344,-0.00294746127973855
2022-03-22,235072545.30732945,0.006283054621791397,0.0
2022-03-23,239403268.30043405,0.018422921262211633,0.0
2022-03-24,241925779.0467767,0.01053665960473475,0.0
2022-03-25,246648264.32210556,0.01952038883138512,0.0
2022-03-28,248333351.69313887,0.006831944979076372,0.0
2022-03-29,246280565.25490633,-0.00826625350254658,-0.008266253502546617
2022-03-30,245060774.3909674,-0.004952850675311772,-0.013178162658615933
2022-03-31,242344965.80118108,-0.011082183986954796,-0.024114303822378003
2022-04-01,245169376.44729173,0.011654505125671932,-0.01274083897420597
2022-04-04,240794967.97312155,-0.01784239344064498,-0.03035590535310928
2022-04-05,240316966.81938553,-0.001985096107944338,-0.032280742071484014
2022-04-06,239038422.08244675,-0.0053202433180662085,-0.03742924398724212
2022-04-07,238734602.35545468,-0.0012710079172430287,-0.038652679039041016
2022-04-08,236770289.07852936,-0.008228020812838169,-0.04656266480427396
2022-04-12,238768072.3630376,0.008437643474116914,-0.038517900494980384
2022-04-13,244201038.27824625,0.02275415578573694,-0.01664018701764569
2022-04-14,251880492.0755305,0.03144726104126618,0.0
2022-04-15,252673844.40141737,0.0031497172303799363,0.0
2022-04-18,251720583.8811071,-0.003772691718719642,-0.003772691718719634
2022-04-19,254191609.76147532,0.00981654278036853,0.0
2022-04-20,253514739.82357904,-0.0026628335157538557,-0.002662833515753804
2022-04-21,251927747.70794553,-0.006259959940545886,-0.008906124225162793
2022-04-22,244660508.3771547,-0.02884652205606019,-0.03749573557232777
2022-04-25,236247445.2978528,-0.034386681917348075,-0.07059306355729322
2022-04-26,237254785.91060638,0.004263921717686932,-0.06663014513642629
2022-04-27,243091993.08944815,0.024603116672390884,-0.0436663376987253
2022-04-28,242644562.5463369,-0.001840581161990918,-0.04542654742213481
2022-04-29,249698386.84736538,0.029070605279611195,-0.017676519371848
2022-05-04,248068856.96994263,-0.00652599281075389,-0.02408715534426209
2022-05-05,243780482.7579267,-0.017287031771729126,-0.040957791696264345
2022-05-06,237322223.10597956,-0.026492111176759682,-0.06636484450185198
2022-05-09,229198561.85845995,-0.03423051217538898,-0.09832365405950261
2022-05-10,226276288.34025165,-0.012749964461002707,-0.10981999542557064
2022-05-11,229533125.10598698,0.014393186266331286,-0.09700746880916733
2022-05-12,223045851.47594714,-0.02826290814035813,-0.12252866376964322
2022-05-13,215973578.40347445,-0.031707709538975004,-0.15035127002761173
2022-05-16,213907853.51816094,-0.009564711112275014,-0.1584779146767089
2022-05-17,220133603.75322986,0.029104823094026074,-0.13398556325365862
2022-05-18,226530090.4281578,0.029057293234059905,-0.10882152782019094
2022-05-19,230838668.86755705,0.0190198945811381,-0.09187140722635134
2022-05-20,231248119.46961224,0.0017737522229870116,-0.09026061211616099
2022-05-23,227637153.64412382,-0.015615114335937017,-0.10446629667387253
2022-05-24,228903505.8790747,0.005563029649064318,-0.09948441613053283
2022-05-25,235981313.91637033,0.030920487696831995,-0.07164003509869155
2022-05-26,238377833.71158683,0.010155548994297938,-0.06221202999079156
2022-05-27,238439456.1858619,0.0002585075689109984,-0.06196960470251056
2022-05-30,239463963.06661278,0.004296717066626333,-0.05793915349402157
2022-05-31,241348761.61487752,0.007870906854324627,-0.05052428032006673
2022-06-01,241074639.68806162,-0.001135791727215556,-0.05160268698767123
2022-06-02,243575217.63457745,0.010372629612768268,-0.041765312934049725
2022-06-03,242871969.3407359,-0.0028871914830702755,-0.0445319199613291
2022-06-06,242213551.61043385,-0.0027109663255471942,-0.04712216175144912
2022-06-07,242124595.2052487,-0.0003672643607002096,-0.04747211982153887
2022-06-08,246782618.71437535,0.01923812616053331,-0.029147268291240258
2022-06-09,249462230.0499264,0.01085818502741645,-0.018605569695973934
2022-06-10,248024529.7222408,-0.005763198410428139,-0.024261540516705038
2022-06-13,240709276.48717147,-0.02949407158744171,-0.05304004049132549
2022-06-14,244360871.68956685,0.015170147389770374,-0.03867451833336788
2022-06-15,240951581.56411847,-0.013951865950860978,-0.052086802588727554
2022-06-16,242636370.11278307,0.006992228636674329,-0.045458776784707
2022-06-17,239108737.04194608,-0.014538764609762602,-0.059336626939348935
2022-06-20,231145020.19358736,-0.03330583795004392,-0.09066620880804876
2022-06-21,232247919.01514173,0.004771458284633036,-0.08632736055656909
2022-06-22,240226041.96283183,0.03435175213419223,-0.0549411045146152
2022-06-23,244189223.59130135,0.01649771854911016,-0.039349788844564415
2022-06-24,245813897.3236572,0.006653339195160691,-0.03295825714184453
2022-06-27,252598809.6938808,0.02760182578810852,-0.006266139425644912
2022-06-28,252845595.0562879,0.000976985452568807,-0.005295275900138785
2022-06-29,255210336.7249588,0.009352512817731546,0.0
2022-06-30,247779419.55776402,-0.02911683461788271,-0.029116834617882725
2022-07-01,250630561.8202576,0.01150677593636425,-0.01794509957344259
2022-07-04,251020419.7726438,0.0015555084326299808,-0.016417504894523538
2022-07-05,249198693.82601583,-0.0072572818907639565,-0.02355564032432489
2022-07-06,246381870.27207044,-0.01130352455182621,-0.034592903117411145
2022-07-07,247115527.28127828,0.00297772319204207,-0.03171818801526183
2022-07-08,254056731.67891365,0.028088904303186793,-0.004520212859906225
2022-07-11,254302872.99353153,0.0009688438995151476,-0.0035557483410448842
2022-07-12,260301455.90037248,0.023588341084111664,0.0
2022-07-13,259442526.27798146,-0.003299749590028268,-0.0032997495900283225
2022-07-14,261389586.34792808,0.007504783806570038,0.0
2022-07-15,262322402.70259,0.0035686821640257198,0.0
2022-07-18,259631841.4066237,-0.010256696600239446,-0.010256696600239423
2022-07-19,258208453.86252385,-0.005482330427532546,-0.01568279642791448
2022-07-20,264015266.93923107,0.022488857316030775,0.0
2022-07-21,265190828.76581445,0.004452628214314466,0.0
2022-07-22,262872660.04065168,-0.008741511672750606,-0.008741511672750613
2022-07-25,262258036.7626746,-0.0023381027067707664,-0.011059175827418
2022-07-26,261303078.17760998,-0.0036412938831262252,-0.014660200001251456
2022-07-27,264592212.30504307,0.012587429701832438,-0.002257304536349647
2022-07-28,268359522.1819807,0.014238173694221852,0.0
2022-07-29,265600682.000806,-0.01028038863217182,-0.010280388632171844
2022-08-01,271392476.21980184,0.02180639814388076,0.0
2022-08-02,271817465.8718618,0.0015659595946785625,0.0
2022-08-03,272775132.79441047,0.0035231986269789886,0.0
2022-08-04,273877467.84158623,0.004041185997722859,0.0
2022-08-05,274793327.5602167,0.003344049168587451,0.0
2022-08-08,278373884.6828921,0.013030000234961073,0.0
2022-08-09,278917790.331941,0.001953867366791649,0.0
2022-08-10,280448887.9997132,0.0054894227648584525,0.0
2022-08-11,278629730.0669172,-0.006486593495774039,-0.006486593495774073
2022-08-12,284440458.7313106,0.020854661356481556,0.0
2022-08-15,285716527.8571546,0.004486243383011162,0.0
2022-08-16,285720480.64496493,1.3834648768732897e-05,0.0
2022-08-17,284065304.1741353,-0.005792992042759165,-0.005792992042759182
2022-08-18,283796733.7357773,-0.000945453156057989,-0.0067329681962072785
2022-08-19,286992698.52898926,0.011261457280151327,0.0
2022-08-22,286359746.3686226,-0.002205464332754513,-0.002205464332754481
2022-08-23,286866691.36239886,0.0017703081533103687,-0.00043906053093423214
2022-08-24,289890722.6074597,0.010541590697403767,0.0
2022-08-25,290956138.3511845,0.003675232288021304,0.0
2022-08-26,293534806.5426037,0.008862738576447314,0.0
2022-08-29,291450389.6507733,-0.00710108936102558,-0.007101089361025603
2022-08-30,290592022.5867313,-0.0029451566871140557,-0.01002533222732227
2022-08-31,291843346.59044576,0.0043061195987958234,-0.005762382908114927
2022-09-05,293862951.40284646,0.006920167398007817,0.0
2022-09-06,293403479.0281508,-0.0015635600626149842,-0.0015635600626149326
2022-09-07,290453002.4689636,-0.010056038084347624,-0.011603874927425761
2022-09-08,288253531.5873087,-0.007572553435352912,-0.019088557399833617
2022-09-09,292220249.4362191,0.013761211621821597,-0.005590027455946389
2022-09-12,293439615.3227981,0.004172763143319128,-0.0014405901731655568
2022-09-13,294832486.9138239,0.004746706028405884,0.0
2022-09-14,295533662.2983136,0.0023782161587052666,0.0
2022-09-15,297934649.3179923,0.008124242094814701,0.0
2022-09-16,293545262.39934707,-0.014732717153553938,-0.014732717153553954
2022-09-19,289522712.86609596,-0.013703336583844162,-0.028234166355448398
2022-09-20,291066605.01054406,0.005332542408036051,-0.023052183836858253
2022-09-21,291475850.5148674,0.001406020124873268,-0.021678575546381973
2022-09-22,293524212.8197603,0.007027554088184798,-0.014803368820404117
2022-09-23,289374792.5573484,-0.014136551879486411,-0.028730652108569732
2022-09-26,281931581.3001672,-0.02572169880936008,-0.05371334973779662
2022-09-27,275882108.527966,-0.021457237051284515,-0.0740180467109387
2022-09-28,272725435.38084054,-0.011442108964472744,-0.08461323311960744
2022-09-29,263431724.4696967,-0.034077169583269236,-0.11580702320887115
2022-09-30,270441575.99533814,0.026609746945826962,-0.0922788718451818
2022-10-03,264259147.0597245,-0.022860497365686867,-0.11302982830414332
2022-10-04,261625958.73083973,-0.009964416967900304,-0.121867968933011
2022-10-05,267834960.49620658,0.02373236125148675,-0.10102782234522734
2022-10-06,265219787.65502372,-0.009764120547735206,-0.10980549505690862
2022-10-07,260709474.2399035,-0.017005946106053226,-0.12494409483187552
2022-10-10,264942660.65488863,0.016237179056599087,-0.11073565541512631
2022-10-11,260938809.1197574,-0.015112143605844544,-0.12417434589405019
2022-10-12,263423880.61287034,0.009523579499331594,-0.11583335064961808
2022-10-13,265222683.22427958,0.006828547993538902,-0.1097957762502425
2022-10-14,268493951.3264069,0.012334043462493137,-0.09881595866401804
2022-10-17,268295545.91954213,-0.000738956709767967,-0.09948189465809909
2022-10-18,270238801.87703484,0.007242967641644945,-0.09295947116039227
2022-10-19,269199913.897167,-0.0038443331329619163,-0.09644643711834966
2022-10-20,267132254.81306154,-0.007680756855276435,-0.10338641234056234
2022-10-21,258101898.69049102,-0.0338048137574773,-0.13369626768381315
2022-10-24,249022917.46922058,-0.03517595673388562,-0.164169330290171
2022-10-25,244163092.6227306,-0.01951557268656064,-0.18048104447854985
2022-10-26,242959948.31235152,-0.004927625618824096,-0.1845193270788893
2022-10-27,248556975.2677081,0.023036829708907327,-0.16573323768590054
2022-10-28,252816469.09702748,0.017136891148324056,-0.15143649899145906
2022-10-31,252409473.21567744,-0.001609847185998951,-0.15280255655569908
2022-11-01,254784975.55526173,0.009411304216599211,-0.14482932368391965
2022-11-02,253284475.68189228,-0.005889279264208433,-0.14986566261530698
2022-11-03,253282108.6664667,-9.345284266595422e-06,-0.14987360736235467
2022-11-04,245891322.1143189,-0.0291800577271738,-0.17468034457491521
2022-11-07,237696254.9084633,-0.03332800497142224,-0.2021866021539349
2022-11-08,236586773.78977853,-0.004667642404008549,-0.2059105098002073
2022-11-09,233660947.29122743,-0.01236682191351437,-0.2157308731089016
2022-11-10,228127538.17651537,-0.02368136044495017,-0.23430343298865608
2022-11-11,232483697.03469032,0.019095278426247426,-0.21968224385155266
2022-11-14,233226045.127026,0.0031931189231944332,-0.21719059645829042
2022-11-15,232137302.65284288,-0.0046681856376295005,-0.22084489607290514
2022-11-16,239223545.43482357,0.030526083921023416,-0.19706034198293287
2022-11-17,241449445.7820912,0.009304687560004724,-0.18958923933554706
2022-11-18,244732054.01751775,0.013595426673246988,-0.17857135926372314
2022-11-21,249435528.9379874,0.019218875677531683,-0.16278442433944884
2022-11-22,248805625.02802652,-0.002525317514480736,-0.16489865949606053
2022-11-23,250777327.95995706,0.007924671846580803,-0.15828075541392705
2022-11-24,251023900.9809267,0.0009832348999627308,-0.15745314767667973
2022-11-25,255809027.9364498,0.019062435635906587,-0.1413921525340307
2022-11-28,259014048.11324403,0.012528956474477706,-0.13063469218448465
2022-11-29,265078092.59651065,0.02341202929894887,-0.11028108612641807
2022-11-30,274401698.91734755,0.03517305496470753,-0.07898695386560273
2022-12-01,281771973.3946349,0.026859434567521937,-0.054249064217121834
2022-12-02,291318035.5412158,0.0338786786761477,-0.022208272156067688
2022-12-05,297512215.4194578,0.021262603486716363,-0.001417874354330828
2022-12-06,285429131.0849216,-0.040613741918127444,-0.041974031089359154
2022-12-07,279849269.67539704,-0.019549025666425145,-0.060702505344695123
2022-12-08,288315494.07060933,0.030252801463560873,-0.032286124723667986
2022-12-09,292454110.4509071,0.014354470936911288,-0.01839510402576816
2022-12-12,294331928.11499435,0.00642089680733845,-0.012092320283139446
2022-12-13,294742440.14078915,0.0013947247531855213,-0.010714460988376251
2022-12-14,295123325.15284026,0.0012922638893440956,-0.00943604301006118
2022-12-15,291794224.6930245,-0.011280370530155981,-0.02060997147872523
2022-12-16,295233461.314703,0.01178651368201904,-0.009066377507526147
2022-12-19,287563466.29383016,-0.025979423154535417,-0.03481026140431476
2022-12-20,281545690.3937769,-0.020926774800747273,-0.05500856970389878
2022-12-21,275860986.9905308,-0.020191051034364388,-0.07408893990004439
2022-12-22,278842658.42796755,0.010808601353764852,-0.06408113636238222
2022-12-23,278119947.945341,-0.002591821806250827,-0.06650687128203969
2022-12-26,269055001.13312864,-0.032593659243722733,-0.09693282822582949
2022-12-27,275128198.84217125,0.02257232790122933,-0.07654849990770707
2022-12-28,278382016.4535185,0.011826550768116022,-0.0656272538599727
2022-12-29,276731129.84265554,-0.005930291876948952,-0.07116835696644941
2022-12-30,276757442.5223573,9.508391671260995e-05,-0.0710800400158631
2023-01-03,285611859.7973602,0.03199342064409925,-0.04136071299139077
2023-01-04,287391382.70069695,0.006230563760900278,-0.035387849789979664
2023-01-05,287450016.5893954,0.00020402103969666618,-0.035191048616189824
2023-01-06,283241521.09554243,-0.014640790575651798,-0.04931661441891433
2023-01-09,282521778.5214622,-0.0025410913318653122,-0.05173238772936284
2023-01-10,285050268.0299343,0.008949715387268823,-0.04324566248857564
2023-01-11,286399428.62959886,0.00473306202793287,-0.03871728486364023
2023-01-12,282654441.676812,-0.013076097849448801,-0.051287111707747135
2023-01-13,279495999.39450514,-0.011174217760633046,-0.061888236113843864
2023-01-16,278441071.08766484,-0.0037743950150473616,-0.0654290404790131
2023-01-17,281904732.822996,0.012439478564714588,-0.05380346506084699
2023-01-18,288127274.4342991,0.022073207317204344,-0.03291787278231473
2023-01-19,288203022.6003817,0.0002628982842088893,-0.032663628550380075
2023-01-27,285635110.05152017,-0.008910081947412938,-0.04128267489070925
2023-01-30,286796079.5092281,0.004064519440549647,-0.03738594968481079
2023-01-31,287796294.7049899,0.0034875483565653706,-0.03402878663562736
2023-02-01,282447333.7208677,-0.018585927208010975,-0.05198225729225159
2023-02-02,279170210.8152602,-0.011602598128421992,-0.06298172617950337
2023-02-03,277395742.45556694,-0.0063562238768644155,-0.06893762410461945
2023-02-06,279213889.4861585,0.006554343677004261,-0.06283512130827307
2023-02-07,272932393.19118017,-0.022497076726871477,-0.08391859148993008
2023-02-08,271185661.1955129,-0.006399870587892257,-0.0897813939523685
2023-02-09,269444962.5539294,-0.006418844690791138,-0.0956239458192567
2023-02-10,265079171.5265607,-0.016202904615427286,-0.11027746476162381
2023-02-13,258744281.68623352,-0.023898104871255127,-0.13154014721506946
2023-02-14,258180962.3212071,-0.002177127785608511,-0.13343089529125307
2023-02-15,257772744.38123518,-0.0015811310652101966,-0.1348010546228594
2023-02-16,260916834.66197655,0.012197140113818181,-0.12424810185976676
2023-02-17,261785110.15827662,0.0033277864091251197,-0.12133378659537009
2023-02-20,265148331.5360394,0.012847260013105304,-0.11004533328703014
2023-02-21,268257439.40980455,0.011725919057282642,-0.09960979690050287
2023-02-22,262907390.46863902,-0.019943711357777158,-0.11756691922048967
2023-02-23,263259924.6289707,0.0013409062396583652,-0.11638365919639149
2023-02-24,261031374.84109738,-0.008465207118076051,-0.12386365453421044
2023-02-27,258617263.74121597,-0.009248356069652542,-0.13196647542264217
2023-02-28,258599909.3101248,-6.710468914606259e-05,-0.13202472454247727
2023-03-01,262155802.4799583,0.013750558456573516,-0.12008957977843815
2023-03-02,263519993.6070156,0.00520374187468769,-0.11551075307875713
2023-03-03,262136267.08343112,-0.005250935629757265,-0.12015514917955306
2023-03-06,263552863.71703327,0.005404046717241444,-0.11540042650179505
2023-03-07,265386093.11034733,0.00695583181096576,-0.10924730064848953
2023-03-08,268416343.00644702,0.01141826936213915,-0.09907644639224145
2023-03-09,269157752.2906289,0.002762161483453655,-0.09658795005292986
2023-03-10,266970997.64984253,-0.008124434916610478,-0.10392766245560647
2023-03-13,265827622.09815112,-0.004282770644589107,-0.10776533475826999
2023-03-14,264228491.71903807,-0.006015666718497011,-0.11313272113905393
2023-03-15,267856339.33533874,0.013729963762417679,-0.10095606553821923
2023-03-16,268166891.43450403,0.0011593979815295674,-0.09991371581529784
2023-03-17,269720139.3314723,0.005792094201709477,-0.09470033126763333
2023-03-20,264488834.24284685,-0.01939530767554745,-0.11225889688126878
2023-03-21,264419605.66839036,-0.0002617447903033942,-0.1124912584901483
2023-03-22,266383955.71397614,0.007428912242041841,-0.10589803393542663
2023-03-23,266874238.77930456,0.0018405127441490875,-0.10425242787231603
2023-03-24,268455515.9002378,0.005925177072789308,-0.09894496489493843
2023-03-27,270359649.3996928,0.007092920006019099,-0.09255385360991741
2023-03-28,269068723.9943037,-0.00477484494544746,-0.09688676825527387
2023-03-29,270797596.8002581,0.006425394896476328,-0.09108390910508113
2023-03-30,270057794.5712164,-0.0027319379410422834,-0.0935670114590208
2023-03-31,271746028.7721764,0.006251381129881736,-0.08790055337895342
2023-04-03,274931203.8511393,0.011721146738940116,-0.07720970192460208
2023-04-04,278406438.08644766,0.01264037761675828,-0.06554528409584803
2023-04-05,280109025.393597,0.0061154739051712675,-0.059830650665172014
2023-04-06,279261793.3832933,-0.003024650880539255,-0.06267433471549355
2023-04-07,282109100.9535264,0.010195836443423218,-0.0531175155380299
2023-04-10,281034160.00424457,-0.003810373169984663,-0.056725491151952245
2023-04-11,284647719.2862842,0.012858078469838205,-0.04459679349858592
2023-04-12,283535893.0872307,-0.003905972624130909,-0.04832857226818732
2023-04-13,281778857.65642774,-0.00619687127323377,-0.05422595760025595
2023-04-14,281534615.89879555,-0.0008667852501907695,-0.05504574059022138
2023-04-17,281374997.7968902,-0.0005669572865694232,-0.05558148929306861
2023-04-18,283858818.0938239,0.008827437819214662,-0.0472446936144878
2023-04-19,288372340.29921347,0.015900588312524094,-0.03209532372507906
2023-04-20,286144709.56948245,-0.007724841874292266,-0.039572234298690834
2023-04-21,285047183.4062278,-0.0038355633585044993,-0.04325601584530514
2023-04-24,281715533.265833,-0.011688065465452396,-0.05443850216578294
2023-04-25,276661777.5337991,-0.01793921575231378,-0.0714011338825119
2023-04-26,279551903.00720674,0.0104464212554788,-0.06170059894968871
2023-04-27,279491902.54890424,-0.00021463083476470226,-0.061901986933395325
2023-04-28,282015043.2708407,0.009027598649284577,-0.05343321457773875
2023-05-04,280539226.1055504,-0.005233115042990652,-0.05838670746172725
2023-05-05,283278477.1474651,0.009764235397455906,-0.04919257362001006
2023-05-08,283380970.7709045,0.00036181225086866345,-0.04884855984492886
2023-05-09,281961377.50364053,-0.005009486922859051,-0.053613340546044275
2023-05-10,281668249.0351888,-0.0010396050375656631,-0.054597208884697546
2023-05-11,284775074.3664015,0.011030087139230819,-0.044169333717023695
2023-05-12,288095990.37063026,0.011661540293220906,-0.03302287588866859
2023-05-15,285379090.52349067,-0.009430536827827261,-0.042141989269267044
2023-05-16,287088849.3997447,0.005991184824079763,-0.03640328489175382
2023-05-17,284614331.53272605,-0.008619345098886452,-0.04470885751542519
2023-05-18,286290929.9390763,0.005890772953425479,-0.03908145429063015
2023-05-19,282695053.81160986,-0.012560216728597218,-0.05115079948326828
2023-05-22,284722844.71421516,0.007173068206409549,-0.0443446394503646
2023-05-23,285744283.8751554,0.0035874857950561677,-0.04091623941942346
2023-05-24,287533558.7331916,0.0062618045539555665,-0.034910644359795184
2023-05-25,289252973.0970963,0.005979873693630993,-0.029139531909999072
2023-05-26,287237177.11617076,-0.006968972382001752,-0.035905431698895485
2023-05-29,290770219.1958542,0.012300086343817927,-0.024046985265186116
2023-05-30,296453400.5827218,0.019545266370761375,-0.004971723626846503
2023-05-31,294362966.64614785,-0.007051475653390832,-0.011988141292127219
2023-06-01,296921707.31929517,0.008692468017633377,-0.0033998798092665927
2023-06-02,296629230.3219743,-0.0009850307003872064,-0.004381561523663979
2023-06-05,293951764.9041861,-0.009026303358175156,-0.013368315578344059
2023-06-06,298424688.2204033,0.015216521382938926,0.0
2023-06-07,298346407.0670388,-0.00026231460215759406,-0.0002623146021576428
2023-06-08,295928712.4501592,-0.008103649179647482,-0.008363838076294483
2023-06-09,300134417.65596175,0.014211886271464422,0.0
2023-06-12,301720798.13832325,0.005285566696252519,0.0
2023-06-13,300268837.6156287,-0.004812265285168972,-0.004812265285168982
2023-06-14,296344915.03557974,-0.013068031338876246,-0.017817409790487626
2023-06-15,296900390.12807184,0.0018744208667302834,-0.015976386248459762
2023-06-16,297049827.4103391,0.000503324640977436,-0.01548110291635496
2023-06-19,294428150.178872,-0.008825715383586443,-0.0241701864917776
2023-06-20,297474508.48411804,0.010346695122036807,-0.014073572920414001
2023-06-21,305093988.0709279,0.025613890836016534,0.0
2023-06-22,306821218.0566821,0.0056613045595400174,0.0
2023-06-23,310563424.53746796,0.012196700425374466,0.0
2023-06-26,305883232.0278375,-0.015070005479881613,-0.015070005479881576
2023-06-27,302555466.26611567,-0.010879202954868083,-0.025785258786603094
2023-06-28,302056204.19034547,-0.001650150572163414,-0.027392859799226454
2023-06-29,295673786.2723521,-0.021129901751567353,-0.04794395311454169
2023-06-30,299436621.4839859,0.012726306444250574,-0.03582779610977549
2023-07-03,299824668.97841513,0.0012959253030110206,-0.03457830095429426
2023-07-04,304442894.6732078,0.015403087779695544,-0.0197078257794705
2023-07-05,301276575.1131059,-0.010400372665950003,-0.0299032297128784
2023-07-06,300256894.85605747,-0.0033845321584182824,-0.03318655342869281
2023-07-07,300299011.8837819,0.00014026997696301257,-0.03305093852881469
2023-07-10,304951875.61335945,0.015494102695809857,-0.018068930468763233
2023-07-11,307297904.32630485,0.007693111276088265,-0.01051482548541105
2023-07-12,306009445.8434196,-0.004192864528998185,-0.014663602775602858
2023-07-13,309547548.12267804,0.011562068842374307,-0.003271075517997324
2023-07-14,313980852.0210751,0.014321883423996973,0.0
2023-07-17,313291952.0349043,-0.002194082797522276,-0.002194082797522312
2023-07-18,312509485.95852566,-0.0024975620066086724,-0.004686164946296478
2023-07-19,314192908.2487234,0.005386787812326259,0.0
2023-07-20,315116068.13975346,0.002938194551161783,0.0
2023-07-21,319801325.33145416,0.014868353808041274,0.0
2023-07-24,321265733.67352355,0.004579119053217242,0.0
2023-07-25,319642040.60369956,-0.005054049964363796,-0.00505404996436376
2023-07-26,323182677.4383905,0.01107688096347971,0.0
2023-07-27,321724006.0397902,-0.0045134578689736615,-0.004513457868973614
2023-07-28,324823953.38477314,0.00963542442213506,0.0
2023-07-31,326507001.04030937,0.005181414849484838,0.0
2023-08-01,324161644.1166153,-0.0071831749892692955,-0.0071831749892693475
2023-08-02,326094695.41446394,0.005963232643135403,-0.0012627772897112477
2023-08-03,326609815.9136267,0.0015796653745257009,0.0
2023-08-04,333762710.60700446,0.02190042780364386,0.0
2023-08-07,338274916.5985964,0.013519203458606006,0.0
2023-08-08,337675146.2589536,-0.00177302634695354,-0.0017730263469535323
2023-08-09,340231937.0748355,0.007571747119111861,0.0
2023-08-10,334580572.33034134,-0.016610329979842832,-0.016610329979842797
2023-08-11,338767709.5216023,0.012514585536445461,-0.004303615838718744
2023-08-14,343905342.81244063,0.015165652293406518,0.0
2023-08-15,341743281.8774322,-0.006286790770178738,-0.006286790770178685
2023-08-16,341931388.4357722,0.0005504323517540827,-0.0057398188714532505
2023-08-17,340988427.994589,-0.002757747527938148,-0.008481737428087888
2023-08-18,330251656.56226945,-0.031487201766535904,-0.03970187301689476
2023-08-21,333621759.4328085,0.010204650918696092,-0.029902365853154533
2023-08-22,338697547.0119045,0.015214198221738664,-0.015143108152804619
2023-08-23,338414929.81107277,-0.0008344235242476614,-0.015964895911379395
2023-08-24,343517106.6261418,0.015076689488603287,-0.0011289042011498607
2023-08-25,344086420.666819,0.0016573091403473785,0.0
2023-08-28,345902804.3272074,0.00527885888919524,0.0
2023-08-29,345675576.57223463,-0.0006569121502634867,-0.0006569121502635333
2023-08-30,349448936.257086,0.010915899012213964,0.0
2023-08-31,349131116.956217,-0.0009094871035325506,-0.000909487103532558
2023-09-05,349229890.8854352,0.0002829135657668103,-0.0006268308440051662
2023-09-06,354134203.8579211,0.014043222245528687,0.0
2023-09-07,356175396.4311422,0.005763895582478148,0.0
2023-09-08,363192848.55072755,0.019702237127830327,0.0
2023-09-11,358407512.41136783,-0.01317574439710186,-0.013175744397101896
2023-09-12,365639721.32736105,0.02017873137573169,0.0
2023-09-13,366016435.7736943,0.0010302886266450061,0.0
2023-09-14,359527780.8501105,-0.0177277692731692,-0.017727769273169214
2023-09-15,360072383.7856141,0.0015147728896383965,-0.016239849927819572
2023-09-18,358024318.28256506,-0.005687927192629212,-0.021835406036440075
2023-09-19,358987574.83725905,0.002690478008071401,-0.019203675708107104
2023-09-20,360476717.26471245,0.004148172616081423,-0.015135163253726103
2023-09-21,357665747.6817763,-0.0077979227181875395,-0.022815063138533986
2023-09-22,349975620.9461546,-0.021500875567385277,-0.043825394872315515
2023-09-25,338983279.82657963,-0.03140887668077368,-0.07385776513005848
2023-09-26,336099218.4437416,-0.008507975332333403,-0.08173736041856405
2023-09-27,340802635.37291646,0.013994132301031005,-0.06888707155316753
2023-09-28,342174968.3391361,0.004026767471202257,-0.06513769630088195
2023-09-29,341763430.1334552,-0.001202712774924621,-0.06626206713633631
2023-10-02,342638421.86741436,0.002560226334390028,-0.06387148669119991
2023-10-03,335200379.32328737,-0.02170813916194482,-0.08419309473157177
2023-10-04,340295801.1829676,0.015201121997436359,-0.07027180223849183
2023-10-05,337480488.79902685,-0.008273132886606029,-0.07796356716699748
2023-10-06,341135387.46282053,0.010829955464388976,-0.06797795366287196
2023-10-09,344349892.7656972,0.00942296056350059,-0.05919554667592408
2023-10-10,343722487.5541009,-0.0018219991490550853,-0.06090969158930781
2023-10-11,349351907.60916805,0.016377805523070783,-0.04552945314955692
2023-10-12,349539777.27763206,0.0005377662590987803,-0.04501617109415723
2023-10-13,354180130.08706605,0.0132756072730122,-0.032338180829525776
2023-10-16,350558920.1328599,-0.010224204145263562,-0.04223175281230174
2023-10-17,339843480.63453144,-0.030566728966039017,-0.0715075952363664
2023-10-18,338786823.64897597,-0.0031092460081404406,-0.07439450653946644
2023-10-19,332304861.6107174,-0.019132863458038874,-0.09210399006185754
2023-10-20,336018386.73284775,0.011175055050746108,-0.08195820217044603
2023-10-23,334281845.11654687,-0.005167995814709754,-0.08670263833935787
2023-10-24,336942463.4942127,0.007959206928327791,-0.07943351565080492
2023-10-25,336530709.35736823,-0.0012220310036746927,-0.08055847643562353
2023-10-26,329415453.75410175,-0.02114296082177349,-0.09999819254625686
2023-10-27,332755973.60614425,0.010140750271346071,-0.09087149897310831
2023-10-30,326905006.1055633,-0.01758335827054535,-0.10685703112062805
2023-10-31,324421452.2544245,-0.007597172893512643,-0.1136423926738298
2023-11-01,325746645.2695142,0.004084788493118576,-0.1100218093186357
2023-11-02,337035402.6478595,0.03465502267569107,-0.0791795949397025
2023-11-03,340570074.46774435,0.010487538674321176,-0.06952245532952861
2023-11-06,343162324.56529725,0.007611502865024653,-0.06244012283242817
2023-11-07,340442838.80815184,-0.00792477950657995,-0.06987007813319734
2023-11-08,352605767.0274782,0.03572678533026948,-0.036639526085401775
2023-11-09,356601613.5691503,0.011332334622197822,-0.025722402833202485
2023-11-10,356235230.31213516,-0.0010274301715803133,-0.026723405032026415
2023-11-13,353889366.40019286,-0.006585154168740821,-0.03313258145871767
2023-11-14,355653790.3794997,0.00498580671483509,-0.028311967390999282
2023-11-15,356976335.92447245,0.003718631941365106,-0.02469861723589717
2023-11-16,356152077.465634,-0.0023090002778583508,-0.026950588399695108
2023-11-17,348236654.185713,-0.02222484096189155,-0.0485764568205741
2023-11-20,348552502.2214537,0.0009069925062290911,-0.04771352279666041
2023-11-21,348978470.8524796,0.0012221075112386097,-0.04654972634001919
2023-11-22,348388974.58503264,-0.0016892052567223479,-0.048160299554309005
2023-11-23,346312913.2161534,-0.005959032921039085,-0.05383234366481693
2023-11-24,350625547.222739,0.012452997973811736,-0.042049719757588644
2023-11-27,347778754.5227431,-0.008119182194637451,-0.04982749261628083
2023-11-28,351194187.13533247,0.009820705170091136,-0.04049612856053908
2023-11-29,352161905.89439714,0.0027555090446066085,-0.03785220696445257
2023-11-30,352984280.346493,0.002335216950871659,-0.03560538312891215
2023-12-01,355322646.89141077,0.006624562834986299,-0.02921669039172714
2023-12-04,363886623.75285876,0.02410197305567524,-0.005818897220649322
2023-12-05,358913354.2434254,-0.013667085253485518,-0.01940645510973893
2023-12-06,363943694.40077794,0.014015472252227162,-0.005662973490616396
2023-12-07,360646937.5808176,-0.009058425439650394,-0.014670101307135308
2023-12-08,356596738.619193,-0.011230371145788396,-0.02573572177049832
2023-12-11,359830819.12404895,0.009069293559382722,-0.01689983302681486
2023-12-12,360805415.97854453,0.002708486329403597,-0.014237119664133546
2023-12-13,360257336.3837391,-0.001519044810674381,-0.01573453765206323
2023-12-14,358646015.95931053,-0.004472692882823724,-0.020136854780316016
2023-12-15,357635618.007675,-0.0028172568679814144,-0.02289738095586802
2023-12-18,356922562.3184374,-0.0019938050164295777,-0.02484553305928472
2023-12-19,353652215.99856544,-0.009162621434265735,-0.03378050427979573
2023-12-20,354871494.84304327,0.0034476776599154076,-0.0304492909098264
2023-12-21,359505782.6637728,0.01305905909061324,-0.017787870908471892
2023-12-22,359363220.55387175,-0.00039655025531091826,-0.01817736737903264
2023-12-25,361694038.3130057,0.00648596635888765,-0.01180929881345849
2023-12-26,361726759.9466064,9.046771617616465e-05,-0.011719899457575567
2023-12-27,361643190.89206135,-0.00023102812343045985,-0.011948219954627581
2023-12-28,359756518.0635719,-0.005216945530857769,-0.017102832272791413
2023-12-29,357775566.4976908,-0.005506367408000717,-0.02251502520258064
2024-01-02,359197090.41900456,0.003973228063697127,-0.01863125446887326
2024-01-03,364543026.172004,0.01488301519024938,-0.004025528521897526
2024-01-04,363291796.67665267,-0.003432323225299999,-0.00744403483215772
2024-01-05,362285897.14533985,-0.0027688473577291445,-0.010192270793710989
2024-01-08,364194120.01171994,0.005267174023101885,-0.004978781234570184
2024-01-09,366621647.8775518,0.006665477920823469,0.0
2024-01-10,361591892.8691859,-0.013719198081957672,-0.013719198081957651
2024-01-11,366450045.2530997,0.013435457154099698,-0.0004680646258766741
2024-01-12,363007271.87170994,-0.009394932340673836,-0.009858599531059387
2024-01-15,358385137.04492086,-0.012732898718410757,-0.022465969700135813
2024-01-16,362747654.7899211,0.01217270833542808,-0.010566733061340039
2024-01-17,362205681.7512282,-0.0014940773056321087,-0.01204502285091047
2024-01-18,362402795.39658153,0.0005442036259627196,-0.011507374170058093
2024-01-19,363884323.17175806,0.004088069391284006,-0.0074663477228926745
2024-01-22,365974202.63560843,0.005743252266638399,-0.0017659765747373157
2024-01-23,369062718.43281084,0.008439162582936394,0.0
2024-01-24,364236985.1817839,-0.013075645439124652,-0.01307564543912465
2024-01-25,366387515.9826797,0.005904207668044803,-0.007248639097146126
2024-01-26,367818331.7882092,0.0039051980297197526,-0.0033717484385467067
2024-01-29,368591562.59738183,0.00210220846093625,-0.001276628095706167
2024-01-30,369120534.8119021,0.0014351175344132334,0.0
2024-01-31,364616081.97733295,-0.012203203045489065,-0.012203203045489053
2024-02-01,366064923.97612154,0.003973609696345388,-0.008278084115091677
2024-02-02,364534871.04589385,-0.00417973105319291,-0.012423215003047772
2024-02-05,361846556.49498564,-0.007374643043599955,-0.019706241270546432
2024-02-06,362280939.15939057,0.0012004609595088083,-0.0185294368843415
2024-02-07,360933941.3812976,-0.0037181028105382876,-0.02217864534352243
2024-02-15,361633462.30363584,0.0019380857329769933,-0.020283543726662523
2024-02-16,358473314.0232822,-0.008738539459880876,-0.028844834639301764
2024-02-19,360528044.0195899,0.005731891094616543,-0.02327827899547985
2024-02-20,363166158.0638211,0.007317361542304404,-0.01613125303666807
2024-02-21,364031984.8959271,0.0023841065938578947,-0.013785605069542073
2024-02-22,363543783.5284164,-0.0013410947053189516,-0.015108211972892582
2024-02-23,360614646.88205814,-0.008057177096879985,-0.02304365953028986
2024-02-26,368602726.6324372,0.022151290357852963,-0.0014028159655997685
2024-02-27,371780882.56732064,0.008622171528461332,0.0
2024-02-28,371157649.2618878,-0.0016763457580958414,-0.0016763457580958319
2024-02-29,369021456.0615152,-0.005755487471754314,-0.00742218504284109
2024-03-01,371912268.922874,0.007833725692299226,0.0
2024-03-04,373587366.504556,0.004504012697761802,0.0
2024-03-05,377572298.7083181,0.010666667454648835,0.0
2024-03-06,374193513.96080506,-0.008948709317584848,-0.008948709317584846
2024-03-07,374102505.3391758,-0.00024321271810919426,-0.009189745595777343
2024-03-08,372330974.7127965,-0.004735415029560342,-0.013881643365925567
2024-03-11,375435232.7167397,0.00833736168831434,-0.005660017959181141
2024-03-12,382929843.077722,0.019962458788828887,0.0
2024-03-13,389455269.8003112,0.017040789169479147,0.0
2024-03-14,388309266.4801545,-0.002942580083058816,-0.00294258008305881
2024-03-15,394355317.5079755,0.015570195073184025,0.0
2024-03-18,382509291.42003864,-0.030038966287546768,-0.030038966287546764
2024-03-19,382661500.59928083,0.00039792282869032517,-0.02965299664929255
2024-03-20,385516460.3366965,0.007460796899987479,-0.022413434734781412
2024-03-21,386635086.7437364,0.002901630726903105,-0.019576839518800182
2024-03-22,388609397.4840064,0.005106393102855151,-0.014570413454239595
2024-03-25,383035354.2127368,-0.014343562732548238,-0.028704984547367696
2024-03-26,388856800.4845506,0.015198195696005112,-0.013943052823964353
2024-03-27,387664912.4470646,-0.003065107864902496,-0.016965423727995366
2024-03-28,391361978.3246329,0.009536756510232627,-0.007590462332949466
2024-03-29,389890523.78620183,-0.0037598300804031707,-0.01132175356474907
2024-04-01,389648979.31740296,-0.0006195186957950478,-0.011934258222541572
2024-04-02,396648046.2193385,0.017962492585497494,0.0
2024-04-03,394063291.4309403,-0.006516494441444666,-0.006516494441444642
2024-04-04,395132539.7370752,0.002713392313839325,-0.0038207839335359095
2024-04-05,391138999.3791739,-0.010106837469165847,-0.013889005360480766
2024-04-08,389618035.43572015,-0.003888550990486357,-0.017723548245415777
2024-04-09,391468936.5446671,0.004750552953425443,-0.013057191946452718
2024-04-10,388367964.7274394,-0.007921373901588986,-0.020875134948528995
2024-04-11,392907497.355235,0.011688741194144238,-0.00943039780419097
2024-04-12,394054889.10443306,0.002920259238934046,-0.006537677771571437
2024-04-15,379409106.46464574,-0.037166859350667436,-0.043461552172022855
2024-04-16,380809369.5622804,0.0036906417736843463,-0.03993131141833384
2024-04-17,372322513.80967057,-0.022286362760362294,-0.061327750486930066
2024-04-19,360812226.5605997,-0.03091483007915789,-0.09034664358064759
2024-04-22,367682832.39658797,0.019042053816971584,-0.07302497541292141
2024-04-23,359438355.14932805,-0.022422796282115517,-0.09381034754784645
2024-04-24,368812731.7443739,0.02608062400895223,-0.07017635594143878
2024-04-25,368046232.3878271,-0.002078288764385943,-0.07210879797374614
2024-04-26,367854119.5280878,-0.0005219802373547069,-0.07259313884361906
2024-05-02,369080248.9239055,0.0033331946843239714,-0.06950191122380711
2024-05-03,367989543.00349784,-0.0029551999154322868,-0.0722517190970684
2024-05-06,372202419.91089475,0.011448360388210455,-0.06163052242774891
2024-05-07,376112488.23653334,0.010505220053579078,-0.051772744574290375
2024-05-08,376504556.4086,0.0010424226377191209,-0.050784291017532346
2024-05-09,376672331.4235681,0.00044561217683134673,-0.050361308939170124
2024-05-10,377725046.667852,0.0027947772014612787,-0.04770728037576777
2024-05-13,373861322.9658856,-0.010228931695291904,-0.057448217558727865
2024-05-14,375925445.6716614,0.005521091856736799,-0.052244302588138614
2024-05-15,378916493.5447383,0.00795649219151113,-0.04470349178222088
2024-05-16,379304431.5817465,0.0010238087906364057,-0.043725450819443346
2024-05-17,380909683.07552564,0.00423209264148332,-0.03967840833661851
2024-05-20,379676909.9760229,-0.003236392127260025,-0.04278638557551562
2024-05-21,383719852.8537363,0.010648377005514239,-0.03259361413431283
2024-05-22,380602934.589363,-0.008122900707880205,-0.04045176015086904
2024-05-23,382431350.18240404,0.0048039976229131325,-0.03584209268756333
2024-05-24,372611992.679991,-0.025676131148059916,-0.060597937563156457
2024-05-27,376121986.09158826,0.009419968977251161,-0.0517487992778356
2024-05-28,380784321.47891784,0.012395806572695987,-0.039994460811356936
2024-05-29,380256094.54869044,-0.0013872076669959328,-0.04132618785567799
2024-05-30,381146680.0279395,0.0023420676013255165,-0.039080908980015594
2024-05-31,378920227.6745286,-0.005841458079203766,-0.04469407756771537
2024-06-03,381237706.16719705,0.006116006281562342,-0.03885142054530588
2024-06-04,382488283.59634334,0.0032803088700723423,-0.03569855633466312
2024-06-05,379869147.9858941,-0.006847623111021469,-0.042301729186297266
2024-06-06,377563704.21383727,-0.006069047155528481,-0.04811404515263373
2024-06-07,381328793.00753736,0.009972062334592682,-0.038621779075472595
2024-06-10,383828412.88636845,0.006555025281769586,-0.03231992053196964
2024-06-11,380440274.00829804,-0.008827222697225036,-0.04086184809310234
2024-06-12,381937695.40235096,0.0039360222782834535,-0.03708665895924512
2024-06-13,382188129.16350603,0.0006556927063490035,-0.03645528370467854
2024-06-14,372842976.8618041,-0.02445170738859841,-0.0600155971633618
2024-06-17,372132387.2908473,-0.0019058681939990232,-0.06180708353958331
2024-06-18,374662302.1385938,0.006798426941993596,-0.05542884753953137
2024-06-19,377529699.76267123,0.007653285659406271,-0.048199774684116736
2024-06-20,381838075.41033745,0.011412017783964059,-0.03733781358603094
2024-06-21,380243887.87409985,-0.004175035542289553,-0.041356962429527355
2024-06-24,366223330.6685647,-0.03687253800165601,-0.0767045642623676
2024-06-25,368179373.86378616,0.005341121199598613,-0.07177313143705666
2024-06-26,365603350.5098264,-0.006996653090384091,-0.07826761282556516
2024-06-27,364497819.0752694,-0.003023854767784211,-0.0810547976991437
2024-06-28,354598312.746685,-0.027159301950556002,-0.10601270792444739
2024-07-01,357357228.1190758,0.007780396220784158,-0.09905713257575377
2024-07-02,360594228.6013284,0.009058164289247257,-0.09089624406739938
2024-07-03,364727344.24882567,0.01146195729068879,-0.08047613564409517
2024-07-04,367814192.94194263,0.008463441915698653,-0.07269379882802018
2024-07-05,370678811.63903254,0.0077882222928305385,-0.06547173199977252
2024-07-08,363771813.6393318,-0.018633376882698026,-0.08288514942495584
2024-07-09,365842370.33065975,0.0056919107355052545,-0.07766501356127642
2024-07-10,359853450.4895842,-0.01637021932605173,-0.09276383958136925
2024-07-11,359896930.6428157,0.00012082739007322674,-0.09265422060392581
2024-07-12,360055407.8793262,0.00044034061704126607,-0.0922546794035568
2024-07-15,359413065.7348707,-0.001784009156365276,-0.09387410536714857
2024-07-16,361017573.5312213,0.004464244484462344,-0.08982893783980539
2024-07-17,363574688.2227578,0.007083075393047046,-0.08338212758595498
2024-07-18,366863127.25486815,0.009044741393260981,-0.0750915559735289
2024-07-19,364962065.2128836,-0.00518193816917405,-0.07988437434262108
2024-07-22,366446240.8149526,0.004066657177652959,-0.07614257952927084
2024-07-23,364293699.6996976,-0.0058740979590018085,-0.08156940851726657
2024-07-24,367731328.8173493,0.009436422097020841,-0.07290270978921898
2024-07-25,367027786.17189044,-0.001913197463271681,-0.07467642997305635
2024-07-26,365139447.77349395,-0.005144946703060037,-0.07943717042393017
2024-07-29,364769713.6598166,-0.0010125833183235768,-0.0803693169886277
2024-07-30,362992177.48679817,-0.004873036621335787,-0.08485071098504615
2024-07-31,365473779.42743206,0.006836516306812555,-0.07859427794752749
2024-08-01,358626199.9794148,-0.018736171603733025,-0.09585789367256414
2024-08-02,361577869.4393209,0.008230490299023126,-0.08841636083749782
2024-08-05,354766008.5563142,-0.01883926384534964,-0.10558992553278423
2024-08-06,362623271.0984505,0.02214773217454141,-0.0857807707492727
2024-08-07,366601909.1038408,0.010971822060228906,-0.07575012004189408
2024-08-08,364022952.20078695,-0.007034761246492539,-0.08225199727949872
2024-08-09,368491632.6615343,0.012275820614417019,-0.07098588742886236
2024-08-12,369862265.4597249,0.0037195764481565384,-0.06753034841573768
2024-08-13,371777537.6918107,0.005178339103355712,-0.06270170435624645
2024-08-14,362334507.0398167,-0.025399680439601918,-0.08650878154218133
2024-08-15,359906028.69532144,-0.006702310426725029,-0.09263128326037295
2024-08-16,371808827.0986279,0.033071961718604055,-0.06262281979570106
2024-08-19,374196274.0944012,0.006421168142788469,-0.05660376330839634
2024-08-20,377597437.3390168,0.009089249359435307,-0.0480289996683535
2024-08-21,382126404.580376,0.01199416837485846,-0.036610899202393354
2024-08-22,381482431.2216897,-0.0016852364844912864,-0.03823443766381873
2024-08-23,379616689.8525938,-0.004890766170072165,-0.042938208139632894
2024-08-26,377326682.0673096,-0.006032421246213854,-0.048711608026790865
2024-08-27,375491188.4672781,-0.004864468078364174,-0.05333912004286301
2024-08-28,377651977.94248664,0.00575456772775061,-0.0478914958939376
2024-08-29,377585725.4610282,-0.0001754326346160836,-0.04805852679725331
2024-08-30,376589512.2933186,-0.0026383761369506834,-0.050570106463925124
2024-09-04,372239535.0598517,-0.011550978164465733,-0.061536950432851345
2024-09-05,371173770.0979698,-0.002863115981784614,-0.06422387898838144
2024-09-06,372007078.2573606,0.0022450620882258437,-0.06212300349603117
2024-09-09,370463776.12152016,-0.004148582718022194,-0.06601386379535812
2024-09-10,369520756.97060084,-0.0025455097413086547,-0.06839133460331426
2024-09-11,369212599.24666417,-0.0008339388738619468,-0.06916823928461524
2024-09-12,367801924.3120568,-0.003820765969215857,-0.07272472959902176
2024-09-13,367366095.6666854,-0.0011849547720190945,-0.07382350885565869
2024-09-16,365655442.27895904,-0.004656535831435184,-0.0781362828729053
2024-09-17,368380524.96642447,0.007452597096548778,-0.07126600401123029
2024-09-18,369513802.515857,0.0030763774755351333,-0.0684088676652066
2024-09-19,371704064.55136657,0.005927416027756082,-0.06288693945608992
2024-09-20,371934961.21285963,0.0006211841179938318,-0.062304819706115455
2024-09-23,370766247.15350163,-0.003142253838001375,-0.06525129598526935
2024-09-24,372283348.3685218,0.004091799689608967,-0.06142649152831947
2024-09-25,373219761.2899301,0.0025153231416661275,-0.05906567586230593
2024-09-26,373620835.22096765,0.001074632087141755,-0.05805451764569447
2024-09-27,371522466.57157326,-0.005616305226001037,-0.06334477098084901
2024-09-30,368772910.1824604,-0.007400780939268264,-0.07027675114643994
2024-10-01,367422226.62830114,-0.0036626430978647434,-0.0736819955867778
2024-10-02,365000457.56678605,-0.006591242679406683,-0.0797875823521691
2024-10-03,364536762.39473593,-0.0012703961390658632,-0.08095661665466936
2024-10-04,365162828.59163773,0.0017174295201093247,-0.07937822441785092
2024-10-07,365483573.06616074,0.0008783601435010708,-0.07856958694294036
2024-10-08,371336761.58962476,0.016014915456691307,-0.06381295677860743
2024-10-09,371365397.0526757,7.711453864243959e-05,-0.06374076314668631
2024-10-10,371414396.0803054,0.00013194290049248528,-0.063617230387363
2024-10-11,372722385.00955737,0.0035216430570697696,-0.06031962450799688
2024-10-14,370178112.01776004,-0.00682618778513152,-0.06673405920910824
2024-10-15,369534871.56176406,-0.0017376512416950145,-0.06835574992995519
2024-10-16,368798195.10524905,-0.0019935235162018695,-0.07021300465120406
2024-10-17,370247249.7748244,0.003929126250636332,-0.06655975416027882
2024-10-18,370187756.27802086,-0.0001606858574633698,-0.06670974480657244
2024-10-21,371578850.1885471,0.0037578063751019025,-0.06320262073578609
2024-10-22,367590165.89008665,-0.010734422307503455,-0.0732585994213707
2024-10-23,371208450.774758,0.009843258118480884,-0.06413644460639267
2024-10-24,370313175.7477039,-0.0024117851443993844,-0.06639354642647577
2024-10-25,373472036.26054025,0.008530240671178503,-0.058429658685328234
2024-10-28,372456875.54452515,-0.0027181706190899596,-0.060989007522896266
2024-10-29,375431151.50372595,0.007985557938358534,-0.05349048083771479
2024-10-30,377032966.2018424,0.00426660039184464,-0.049452102952372345
2024-10-31,376091410.81500256,-0.002497276024229166,-0.051825883425550834
2024-11-01,374613934.4919045,-0.00392850323248894,-0.05555078850747586
2024-11-04,374194311.47818553,-0.0011201479045036186,-0.05660871131263934
2024-11-05,377001886.5294739,0.007502986991431162,-0.04953045874578854
2024-11-06,377890645.26156354,0.0023574384209882615,-0.04728978533125683
2024-11-07,382029034.6214502,0.010951288188206376,-0.03685638121057144
2024-11-08,386275163.0280138,0.01111467459736692,-0.026151353297196533
2024-11-11,382917811.8984169,-0.008691604977339595,-0.03461566104205405
2024-11-12,388332484.56994826,0.01414056098536315,-0.0209645849227047
2024-11-13,385156985.5641613,-0.008177268531381308,-0.028970420413524156
2024-11-14,382861432.85673326,-0.0059600443285888005,-0.03475779975223048
2024-11-15,386826876.4268781,0.010357385805502904,-0.0247604138885118
2024-11-18,387023418.30860037,0.0005080874512591521,-0.024264906892837446
2024-11-19,380320154.6178729,-0.017320046730046966,-0.04116468430160014
2024-11-20,376308215.71409935,-0.010548846425992192,-0.05127929079472038
2024-11-21,384019358.0126021,0.020491559781307813,-0.0318385236662756
2024-11-22,385230653.64296854,0.0031542566932958997,-0.028784693849358667
2024-11-25,387490756.66506827,0.005866882608449937,-0.023086687660643146
2024-11-26,384571115.2817981,-0.007534738140331351,-0.03044747365492395
2024-11-27,386774730.57043874,0.005730059281820733,-0.024891880202127625
2024-11-28,389959441.0518378,0.008234019003004814,-0.016862821413727636
2024-11-29,395044398.7525965,0.013039709173454133,-0.004042998527352348
2024-12-02,394365999.1473028,-0.0017172743302672439,-0.005753329920031303
2024-12-03,401842996.82802945,0.018959539354035066,0.0
2024-12-04,407391616.1120358,0.01380792828991596,0.0
2024-12-05,401851935.0379337,-0.013597926061832969,-0.013597926061832966
2024-12-06,401152920.66794497,-0.001739482403942523,-0.015313755112660865
2024-12-09,406860361.91444194,0.01422759489571639,-0.001304038121019535
2024-12-10,404588236.28127825,-0.005584534267414068,-0.006881289942860747
2024-12-11,402527234.4090405,-0.005094072658120712,-0.011940308810030942
2024-12-12,392593453.18423086,-0.024678531974100235,-0.03632417149138223
2024-12-13,395701625.04799426,0.007917024185079398,-0.0286947266505031
2024-12-16,394370922.6121954,-0.00336289353281651,-0.031961122872640635
2024-12-17,395711352.89539486,0.0033989074912543723,-0.028670848281347028
2024-12-18,395872184.4138793,0.00040643645249907443,-0.02827606470671351
2024-12-19,394573090.44987404,-0.0032815995039627384,-0.03146487349076077
2024-12-20,396153169.02714837,0.004004526957154604,-0.02758634846770336
2024-12-23,394534832.72804713,-0.004085127737525,-0.03155878244792587
2024-12-24,396015452.0845771,0.003752822903600357,-0.027924394065905855
2024-12-25,393915368.2944777,-0.005303034967561991,-0.03307934499528842
2024-12-26,389822182.7190504,-0.010391027882840478,-0.043126644481936705
2024-12-27,385027520.7002758,-0.012299613083409879,-0.054895816524632934
2024-12-30,385878265.004843,0.002209567521355126,-0.052807545016528956
2024-12-31,386397753.0315399,0.0013462484773284667,-0.05153238861627041
2025-01-02,392096230.8502436,0.014747699162315185,-0.03754467361838354
2025-01-03,391531664.2919389,-0.001439867343484759,-0.03893048161240342
2025-01-06,394993930.45924914,0.008842876536107328,-0.030431862518685793
2025-01-07,398763573.22880816,0.009543546062027232,-0.021178744338358868
2025-01-08,393771069.26362765,-0.01251995994708335,-0.03343354725459646
2025-01-09,393025056.16685,-0.001894535061127677,-0.035264741288232426
2025-01-10,392084157.46018094,-0.002393991660087939,-0.037574309451781196
2025-01-13,394842250.39429927,0.007034441156675491,-0.030804182563946902
2025-01-14,395167228.0452483,0.0008230569312795938,-0.03000647922863897
2025-01-15,396598511.7629576,0.0036219696779748022,-0.02649319210857315
2025-01-16,405427732.786557,0.0222623654948977,-0.004820627739522965
2025-01-17,409534869.42752576,0.01013037912512758,0.0
2025-01-20,409064826.4441023,-0.0011477483811830915,-0.0011477483811831446
2025-01-21,412665544.21612626,0.008802315768197696,0.0
2025-01-22,420036492.043287,0.017861796145743424,0.0
2025-01-23,422369098.5679135,0.0055533425519278595,0.0
2025-01-24,430394152.5074019,0.019000097229409523,0.0
2025-02-03,428299237.09558976,-0.004867434651719852,-0.004867434651719904
2025-02-04,434867520.62715816,0.015335734838356643,0.0
2025-02-05,444880153.64100784,0.02302455929431022,0.0
2025-02-06,447135807.9002386,0.005070251484068029,0.0
2025-02-07,445664331.6087211,-0.0032908934277207347,-0.003290893427720709
2025-02-10,437326807.2988965,-0.01870808076501995,-0.021937407892705818
2025-02-11,442435261.58562666,0.01168109112332264,-0.010512569629987367
2025-02-12,454059095.5742268,0.026272395077512414,0.0
2025-02-13,462595429.8018629,0.018800051162592847,0.0
2025-02-14,462126098.98826045,-0.0010145599877704574,-0.001014559987770447
2025-02-17,463558929.9755418,0.0031005195127871824,0.0
2025-02-18,474069755.7059287,0.022674195341121965,0.0
2025-02-19,470149019.6930875,-0.008270377862436864,-0.008270377862436895
2025-02-20,467200739.0359766,-0.006270949281220585,-0.014489464023545562
2025-02-21,473743852.56593126,0.014004929751300806,-0.0006874581980285122
2025-02-24,478254415.1475858,0.00952109997253592,0.0
2025-02-25,485734528.3364114,0.015640447744778893,0.0
2025-02-26,485545131.2392866,-0.0003899189497058809,-0.0003899189497058586
2025-02-27,480428120.4872919,-0.010538692333160193,-0.010924502047020224
2025-02-28,483231166.92660993,0.005834476209417068,-0.005153764584896248
2025-03-03,482201148.3533436,-0.0021315234690206975,-0.0072743026837504
2025-03-04,485738224.5705611,0.007335271243745844,0.0
2025-03-05,488838076.08568895,0.006381732707711858,0.0
2025-03-06,502550698.3537289,0.02805146108470536,0.0
2025-03-07,504569542.61335796,0.004017195212826214,0.0
2025-03-10,496635657.12459046,-0.0157240673855875,-0.015724067385587515
2025-03-11,500817068.7028026,0.008419475158955725,-0.0074369806213824274
2025-03-12,500053833.87757903,-0.0015239792589347384,-0.00894962607610117
2025-03-13,492768762.4154209,-0.014568574358619241,-0.023387817141748868
2025-03-14,493923379.40348315,0.0023431213098870926,-0.021099496324598288
2025-03-17,499627686.9090728,0.011548972459005323,-0.00979420136754472
2025-03-18,493631009.7718499,-0.012002291494935268,-0.021678940002706537
2025-03-19,487231305.05422056,-0.012964551640682335,-0.03436243390620852
2025-03-20,490292714.1148121,0.006283276605658243,-0.028295065977626654
2025-03-21,489151192.95139337,-0.0023282441907782453,-0.03055743234541486
2025-03-24,494313956.9386952,0.010554536228668355,-0.020325415643491218
2025-03-25,501227080.7617199,0.013985289563414159,-0.006624382903348103
2025-03-26,503612620.47907573,0.0047593991005643954,-0.0018965118848156548
2025-03-27,497964498.1220578,-0.011215212104186346,-0.01309045420595567
2025-03-28,497895766.32124645,-0.00013802550396776127,-0.013226672893384528
2025-03-31,499813035.66331327,0.0038507444163118,-0.009426861013863252
2025-04-01,502189380.3214095,0.004754467147785677,-0.004717213567074774
2025-04-02,502658133.989884,0.0009334201136919409,-0.0037881965954068564
2025-04-03,479917880.8811481,-0.04523999826329989,-0.048856816851309603
2025-04-04,480519897.1950069,0.0012544152611140087,-0.047663688326863296
2025-04-08,459542586.1287803,-0.04365544733668643,-0.08923835602792407
2025-04-09,439919785.1725892,-0.04270072360756596,-0.1281285372595481
2025-04-10,458028985.151047,0.04116477728173379,-0.09223814267753794
2025-04-11,473012680.92903894,0.03271342265173608,-0.06254214537182334
2025-04-14,486091217.3992543,0.027649441542514194,-0.03662195922171074
2025-04-15,489891789.1536133,0.007818639009141738,-0.02908965409153108
2025-04-16,481685290.3808578,-0.016751656089059753,-0.045354010299499814
2025-04-17,495687877.79810035,0.029069991749532134,-0.017602459255182334
2025-04-18,508554570.26193094,0.02595724656609688,0.0
2025-04-21,498899202.6819872,-0.018985902682913107,-0.018985902682913114
2025-04-22,496956074.93467665,-0.003894830332188734,-0.0228067861454484
2025-04-23,499675790.403601,0.0054727482087463,-0.017458853734726887
2025-04-24,506132078.74357826,0.01292095487508481,-0.004763483920919187
2025-04-25,518860824.25556123,0.0251490590036909,0.0
2025-04-28,533686553.9433449,0.02857361549516668,0.0
2025-04-29,529031710.46912974,-0.008722054996179085,-0.008722054996179063
2025-05-05,532897424.0871136,0.007307149158518072,-0.0014786391944868749
2025-05-06,536155992.5102523,0.00611481361299655,0.0
2025-05-07,533288871.94138867,-0.005347549237377601,-0.005347549237377569
2025-05-08,540622963.474339,0.013752568108633623,0.0
2025-05-09,541761170.9150836,0.0021053627345569907,0.0
2025-05-12,546331518.9188881,0.00843609370543244,0.0
2025-05-13,555523437.6182642,0.016824800292623787,0.0
2025-05-14,565650127.7158825,0.01822909604144738,0.0
2025-05-15,566173715.5855099,0.0009256390902652581,0.0
2025-05-16,583053554.6858966,0.029813886861438654,0.0
2025-05-19,596163138.4422463,0.02248435611272809,0.0
2025-05-20,594463411.2749054,-0.002851110807994944,-0.0028511108079949388
2025-05-21,591993979.0616236,-0.004154052489094065,-0.006993319633140427
2025-05-22,575711599.533656,-0.027504299205503676,-0.034305272483014404
2025-05-23,598600229.3722895,0.03975711077764288,0.0
2025-05-26,614744390.7179694,0.026969854927401445,0.0
2025-05-27,629387567.3695643,0.02381994349634144,0.0
2025-05-28,610841898.305348,-0.0294662145007491,-0.029466214500749044
2025-05-29,605752637.6507342,-0.008331551369892819,-0.037552266590852645
2025-05-30,592090565.1945055,-0.022553880259133154,-0.05925919752583664
2025-06-02,592296717.7424903,0.0003481773905941502,-0.05893165284800572
2025-06-03,596154334.631855,0.006512980359013023,-0.052802493186515975
2025-06-04,597634036.2769035,0.0024820781450197184,-0.05045147495583702
2025-06-05,595126047.7998971,-0.004196528853394156,-0.05443628273888279
2025-06-06,594488052.920552,-0.0010720331965028969,-0.055449958433195334
2025-06-09,575189212.3959886,-0.032462957715892984,-0.08611284649312345
2025-06-10,596871700.5807463,0.0376962705792723,-0.05166270907560733
2025-06-11,602835280.5292845,0.009991393364328915,-0.042187498159919734
2025-06-12,600833830.6215816,-0.0033200610056293755,-0.04536749409798324
2025-06-13,583463464.8083584,-0.02891043234907883,-0.07296633257809515
2025-06-16,600556346.612417,0.029295547767798618,-0.04580837349177913
2025-06-17,592184159.3194973,-0.013940719035182925,-0.05911049086265441
2025-06-18,587266735.655194,-0.008303875723312343,-0.06692352041589933
2025-06-19,592293585.6439812,0.008559739013957405,-0.058936629270597285
2025-06-20,591863241.2534363,-0.0007265727689368646,-0.05962038028961314
2025-06-23,600918742.6226511,0.01529998948749919,-0.04523258199378577
2025-06-24,601447213.3374015,0.0008794378961187836,-0.044392923344411694
2025-06-25,599529543.8504355,-0.0031884252590097784,-0.04743980508530876
2025-06-26,600601318.2892432,0.001787692449523557,-0.04573692041714317
2025-06-27,590997641.654915,-0.015990102488758137,-0.060995684860911004
2025-06-30,596927787.306374,0.010034127437215063,-0.05157359589871047
2025-07-01,594775136.9462156,-0.0036062157030285367,-0.05499382609034742
2025-07-02,598254247.7176044,0.005849455626628486,-0.049466054409172955
2025-07-03,606001464.5924726,0.012949706424023745,-0.03715691886770278
2025-07-04,604571167.1571512,-0.002360221086731508,-0.039429441411004795
2025-07-07,602177629.159211,-0.003959067398458998,-0.04323240499343406
2025-07-08,604815588.4671757,0.0043806996145770586,-0.03904109355874896
2025-07-09,599175870.2958624,-0.009324690498812039,-0.048001737943390466
2025-07-10,604536078.436015,0.008945967963472558,-0.039485191989750534
2025-07-11,600530428.9088247,-0.006625989200765776,-0.04584955273480207
2025-07-14,619160576.8100606,0.03102282083372074,-0.01624911436087928
2025-07-15,644841472.7057812,0.04147695582950319,0.0
2025-07-16,669492732.5547938,0.038228403247041354,0.0
2025-07-17,695823298.8263084,0.039329129341011244,0.0
2025-07-18,714316970.9962469,0.026578115738770284,0.0
2025-07-21,684152464.2012942,-0.04222846162101227,-0.04222846162101224
2025-07-22,704267283.2774645,0.02940107670247616,-0.014068947157683032
2025-07-23,692968744.0538111,-0.016042970462965666,-0.02988620991695301
2025-07-24,700041153.928867,0.010205957968151469,-0.01998526935104128
2025-07-25,713552347.8128564,0.01930057084238559,-0.0010704256155696923
2025-07-28,734844526.2054878,0.029839686545626385,0.0
2025-07-29,694183512.1063023,-0.05533281211081018,-0.0553328121108102
2025-07-30,710572392.7132657,0.023608858927282792,-0.033030297738701364
2025-07-31,726384850.9097607,0.02225312770190298,-0.011512197470409546
2025-08-01,705175892.708569,-0.02919796327611803,-0.04037402802755918
2025-08-04,703478352.7211534,-0.002407257543781663,-0.042684094887798674
2025-08-05,704053236.253134,0.0008172014529756363,-0.04190177493918423
2025-08-06,711291670.8366034,0.010281089853362875,-0.03205148099898647
2025-08-07,706272874.6048532,-0.007055890624794281,-0.038881219879489226
2025-08-08,737380625.2829294,0.04404494607764809,0.0
2025-08-11,742877271.1579165,0.007454285733203376,0.0
2025-08-12,750764933.383971,0.010617719147282562,0.0
2025-08-13,763327026.4368691,0.01673239185037085,0.0
2025-08-14,773396220.3413234,0.013191192707346125,0.0
2025-08-15,776203028.7722179,0.0036291985363669913,0.0
2025-08-18,791402907.8500012,0.019582349610032062,0.0
2025-08-19,782228869.4689039,-0.011592121143477175,-0.011592121143477185
2025-08-20,775003546.2874894,-0.00923684034612547,-0.020721886917327348
2025-08-21,762983926.5385482,-0.015509115805364944,-0.03590962457878588
2025-08-22,761244969.2811275,-0.0022791531996092726,-0.038106934242639556
2025-08-25,754243481.1830277,-0.009197417888635087,-0.04695386673259039
2025-08-26,766364124.0071666,0.016069933816501406,-0.03163847844691059
2025-08-27,780862179.4080281,0.018917972471172103,-0.013319041840026857
2025-08-28,778481038.6498666,-0.0030493739112408907,-0.01632780101255804
2025-08-29,782659395.0515356,0.00536731942619389,-0.011048118109925897
2025-09-03,801051942.9974279,0.02350006664735845,0.0
2025-09-04,801440029.7074077,0.0004844713421798899,0.0
2025-09-05,787510490.2228531,-0.017380638560866607,-0.01738063856086658
2025-09-08,760446953.5838828,-0.03436593794618749,-0.0511492745608062
2025-09-09,774158441.9683194,0.018030828212035346,-0.03404071013154697
2025-09-10,781473555.2151017,0.009449116421418106,-0.02491324834322961
2025-09-11,778651092.4167143,-0.0036117188861375113,-0.02843498757981089
2025-09-12,782112739.9272301,0.004445697879613611,-0.024115703064187644
2025-09-15,795417225.0764039,0.01701095567169974,-0.0075149785483047404
2025-09-16,785725004.2375455,-0.012185077885291431,-0.01960848583467878
2025-09-17,781445018.5068495,-0.005447180257231587,-0.02494885513499745
2025-09-18,778883934.4081054,-0.0032773695373191575,-0.02814445805450616
2025-09-19,778620211.9858909,-0.00033859014233605646,-0.028473518760783634
2025-09-22,768219652.1507907,-0.013357680259254096,-0.04145085886057531
2025-09-23,772636865.0419602,0.005749934772955419,-0.03593926382235113
2025-09-24,777207718.4862101,0.005915914255530164,-0.03023596317000088
2025-09-25,779425306.0812473,0.002853275311465616,-0.027468959385766656
2025-09-26,775929880.396507,-0.004484619189893151,-0.031830390753271987
2025-09-29,776032447.4266905,0.00013218595233247343,-0.03170241233145432
2025-09-30,762920480.3505981,-0.016896158297982782,-0.048062921652256896
2025-10-01,768882254.5861194,0.007814411054716475,-0.04062409402382183
2025-10-02,761111338.4658098,-0.010106770020973611,-0.05032028566918623
2025-10-03,755840841.6422306,-0.0069247382836301686,-0.05689656914419983
2025-10-06,772770421.0342346,0.022398338987902236,-0.03577261879923799
2025-10-07,764467218.2742467,-0.010744721244474377,-0.04613297322652976
2025-10-08,773749539.8575739,0.012142210105858605,-0.03455091937439558
2025-10-09,779137852.7486308,0.006963898023188145,-0.02782763043033809
2025-10-10,792655706.6706673,0.01734975893463326,-0.010960674175393259
2025-10-13,813700191.2946678,0.026549338441518487,0.0
2025-10-14,817232673.18325,0.004341257291535872,0.0
2025-10-15,816370257.1891382,-0.001055288196876087,-0.0010552881968760586
2025-10-16,814252822.5981884,-0.002593718441238119,-0.003646269517657119
2025-10-17,814826846.3257296,0.0007049698958482743,-0.0029438701320509963
2025-10-20,788409738.6463066,-0.03242051706880391,-0.03526894540899039
2025-10-21,785551483.1310489,-0.0036253427312621968,-0.03876642612537484
2025-10-22,787153790.1221246,0.002039722444020046,-0.03680577643079719
2025-10-23,790739980.7445992,0.004555895769641513,-0.03241756394229511
2025-10-24,785388872.9404732,-0.006767215436719364,-0.03896540273988325
2025-10-27,764667635.4136078,-0.026383411123824113,-0.06432077362361566
2025-10-28,776366967.6251011,0.015299891965697095,-0.05000498254551
2025-10-29,769864814.7254522,-0.008375102459007145,-0.057961288152237556
2025-10-30,761691279.7385511,-0.01061684445186117,-0.06796276662355694
2025-10-31,746245544.0881834,-0.020278209901089393,-0.08686281327759515
2025-11-03,745497180.4904405,-0.0010028382798014824,-0.08777854220315062
2025-11-04,751689224.2309145,0.008305925096055258,-0.08020169910367558
2025-11-05,753666624.3791778,0.002630608613934167,-0.0777820697702557
2025-11-06,752217758.710449,-0.0019224224900794976,-0.07955496226008396
2025-11-07,738395523.7192149,-0.01837531064798306,-0.09646842576294945
2025-11-10,729105975.2627028,-0.012580721521335457,-0.1078355048841596
2025-11-11,727694794.487579,-0.0019354947332798564,-0.10956228456567552
2025-11-12,743164197.9491307,0.021258092786612223,-0.09063327699027368
2025-11-13,751314940.3715035,0.010967619867676583,-0.08065968845198823
2025-11-14,751876951.8398843,0.0007480371255533804,-0.07997198776793257
2025-11-17,755712183.0300752,0.0051008761218253726,-0.0752790388489275
2025-11-18,757761332.0502565,0.0027115468907290964,-0.07277161460192627
2025-11-19,756114399.310666,-0.002173418819266562,-0.07478687022450858
2025-11-20,770533775.5226634,0.01907036319522977,-0.05714271980669472
2025-11-21,765834579.4945486,-0.006098624326918399,-0.06289285215249374
2025-11-24,772738442.426441,0.009014822674171948,-0.0544449973879495
2025-11-25,780188270.5911493,0.009640814738445662,-0.04532907678275622
2025-11-26,798995368.7858112,0.024105845862578402,-0.022315926658195928
2025-11-27,814171385.6019511,0.018993873317691548,-0.003745919224417027
2025-11-28,811753262.8010919,-0.002970041496940344,-0.00670483518581666
2025-12-01,828207095.6103206,0.020269500060217716,0.0
2025-12-02,840281790.587887,0.01457931843564854,0.0
2025-12-03,833048748.7445617,-0.008607876458045005,-0.00860787645804506
2025-12-04,834636010.6401867,0.0019053649597542321,-0.006718912644471775
2025-12-05,850087728.3266813,0.018513121276234817,0.0
2025-12-08,856761470.541703,0.007850651165331337,0.0
2025-12-09,864362899.9251122,0.008872282011705219,0.0
2025-12-10,835298867.9478083,-0.03362480270708295,-0.0336248027070829
2025-12-11,824125924.6408856,-0.013375982819625694,-0.04655102074338535
2025-12-12,804693972.4963355,-0.023578862845526422,-0.0690322634554843
2025-12-15,807970588.5234714,0.004071878427237468,-0.06524147601259456
2025-12-16,816868991.8620086,0.011013276306008409,-0.05494672210852469
2025-12-17,808393087.0786273,-0.010376088293008722,-0.06475267836152399
2025-12-18,810185919.8225372,0.0022177734725426445,-0.06267851166132754
2025-12-19,819974631.1963034,0.012082055654472864,-0.05135374127308634
2025-12-22,842304713.7489738,0.02723265050296979,-0.025519589258226505
2025-12-23,859883657.8055439,0.020870053045683158,-0.005182131394066536
2025-12-24,857717336.0886534,-0.002519319558205107,-0.007688395507297385
2025-12-25,831978581.0115893,-0.030008435173337577,-0.03746611396246724
2025-12-26,827432505.0634856,-0.005464174261044276,-0.04272556684793649
2025-12-29,834997541.6933516,0.009142783953460432,-0.033973413521455886
2025-12-30,840044475.2494745,0.006044249598493259,-0.02813450771399917
2025-12-31,845348538.4925975,0.006314026696679061,-0.021998123050124163
2026-01-05,840497823.2306103,-0.005738124620924847,-0.027610019699561006
2026-01-06,838237093.8547596,-0.0026897504233397563,-0.030225506060725382
2026-01-07,850274233.3976824,0.01436006546497275,-0.016299480841496572
2026-01-08,850387323.7956486,0.00013300461606867588,-0.016168644131619336
2026-01-09,846468881.8952103,-0.0046078319734925,-0.02070197370971416
2026-01-12,868014331.2114501,0.025453327082739802,0.0
2026-01-13,877544130.3714663,0.010978850022805327,0.0
2026-01-14,876929890.5054793,-0.0006999532499031521,-0.0006999532499031291
2026-01-15,880562131.7767403,0.004141997337058819,0.0
2026-01-16,879131366.6690326,-0.0016248315207705278,-0.001624831520770531
2026-01-19,885155875.4809666,0.006852797022543329,0.0
2026-01-20,887209335.1033244,0.0023198847561646226,0.0
2026-01-21,881092822.5478699,-0.006894103018812537,-0.006894103018812547
2026-01-22,894842870.188256,0.015605674326826175,0.0
2026-01-23,879092784.1061778,-0.017600951638319175,-0.017600951638319207
2026-01-26,874904563.0177257,-0.004764253744512869,-0.022281349983082177
2026-01-27,878800953.5894802,0.004453503543649382,-0.017927076510539708
2026-01-28,873395956.4919212,-0.006150422431248118,-0.023967239848290744
2026-01-29,883997642.7090034,0.012138464963434173,-0.012119700386025278
2026-01-30,882750348.8729918,-0.001410969640359364,-0.013513569497089706
2026-02-02,887836039.8176157,0.0057611882579450165,-0.007830235457054302
2026-02-03,894987877.3074155,0.008055358387196029,0.0
2026-02-04,894212927.6855512,-0.0008658772275170547,-0.0008658772275170756
2026-02-05,885092993.7751951,-0.010198839256284,-0.011055885541141897
2026-02-06,869397585.671436,-0.017733061061542703,-0.02859289190929415
2026-02-09,867345607.035577,-0.002360230428146577,-0.03088563652392773
2026-02-10,853317964.0658461,-0.016173072021053753,-0.04655919292106392
2026-02-11,866593711.5631545,0.0155577968077137,-0.03172575457634719
2026-02-12,864033475.2073011,-0.0029543675677442737,-0.03458639260370888
2026-02-13,865272006.8241385,0.0014334301301697028,-0.03320253965079123
2026-02-23,882770219.978125,0.02022278892184578,-0.013651198679972665
2026-02-24,900124300.5600054,0.019658661097913435,0.0
2026-02-25,896628595.0735593,-0.003883580839081131,-0.0038835808390811355
2026-02-26,893048785.8122709,-0.003992521854597686,-0.007860597412304715
2026-02-27,884012479.3428748,-0.010118491411616621,-0.017899551436514782
2026-03-02,892114064.9873016,0.009164560267801974,-0.00889903268661929
2026-03-03,892020728.8670933,-0.00010462352727236954,-0.009002725165702663
2026-03-04,892313072.5824163,0.00032773197512378564,-0.008677943671479005
2026-03-05,882091058.4128278,-0.011455636461769213,-0.020034168765312055
2026-03-06,876305220.5362675,-0.006559229709199136,-0.02646198975954661
2026-03-09,846185030.874932,-0.03437180214777562,-0.05992424563087062
2026-03-10,843117524.2991328,-0.0036251014422076333,-0.06333211560381857
2026-03-11,858221353.4035729,0.017914263040607076,-0.04655240074105649
2026-03-12,852601521.4174607,-0.0065482313669135055,-0.05279579621723218
2026-03-13,846160497.391178,-0.007554553756336706,-0.05995150129293725
2026-03-16,830606438.5525465,-0.018381925044464592,-0.07723140233433201
2026-03-17,833215235.9536986,0.003140834551798498,-0.07433313883946902
2026-03-18,855200775.05966,0.026386386322852895,-0.04990813543462458
2026-03-19,855365468.5284278,0.00019257871785300027,-0.04972516796150406
2026-03-20,837701754.485606,-0.02065048764852592,-0.06934880664321996
2026-03-23,821806357.5494521,-0.01897500733529503,-0.08700791986376599
2026-03-24,828646690.0002556,0.008323533138878039,-0.0794086000292189
2026-03-25,839809230.1367545,0.013470807608602751,-0.06700749039407816
2026-03-26,835236930.45697,-0.005444450377188618,-0.07208712181491628
2026-03-27,840193720.3344203,0.0059345913676714665,-0.06658033805808794
2026-03-30,831158003.7795265,-0.010754325265960553,-0.07661863671225422
2026-03-31,837856626.5256276,0.00805938547862197,-0.06917675036174276
2026-04-01,852635311.5672686,0.01763868014379064,-0.05275825679096979
2026-04-02,859078100.9538144,0.007556324842684484,-0.04560059047473164
2026-04-03,850713573.735058,-0.00973663187254977,-0.05489322618465797
2026-04-06,844713317.4909242,-0.007053203838972013,-0.06155925690997088
2026-04-07,849310539.5351092,0.005442345881132999,-0.05645193779712743
2026-04-08,873089980.6410742,0.027998523507057,-0.030033985197502222
2026-04-09,868646126.7350087,-0.005089800598562046,-0.034970918800228845
2026-04-10,866956640.1346956,-0.0019449653297406186,-0.0368478669053538
2026-04-13,871007353.337579,0.004672336556824825,-0.03234769598411191
2026-04-14,868584005.5600553,-0.0027822357276753454,-0.035039932796312234
2026-04-15,881557405.446868,0.014936263854464548,-0.0206270346235361
2026-04-16,894665844.9566207,0.014869638016491944,-0.006064113145249794
2026-04-17,887211806.8097351,-0.008331644925203392,-0.014345234032940746
2026-04-20,890739756.491852,0.003976445821661121,-0.010425831257210638
2026-04-21,892840878.1683602,0.00235885022667382,-0.008091574004961188
2026-04-22,911910358.9563532,0.021358207553302776,0.0
2026-04-23,910280547.8807704,-0.001787249217618275,-0.001787249217618303
2026-04-24,905420859.8441608,-0.005338670641620892,-0.007116378324311778
2026-04-28,925973352.7341347,0.02269938080895478,0.0
2026-04-29,909433648.1437439,-0.0178619660507009,-0.017861966050700895
2026-05-04,903959436.0915992,-0.006019363879177032,-0.02377381225662123
2026-05-05,920094305.8913288,0.017849108218274765,-0.006349045386075836
2026-05-06,921273886.7236308,0.0012820216631590513,-0.005075163336642152
2026-05-07,935334969.6365083,0.015262652198776244,0.0
2026-05-08,938647011.6021342,0.0035410222788024425,0.0
2026-05-11,928981464.2558153,-0.010297318615888708,-0.010297318615888673
2026-05-12,938445134.3157285,0.010187146271529106,-0.00021507263530418097
2026-05-13,952110103.7152615,0.014561287495509034,0.0
2026-05-14,958609179.2235107,0.006825970528922041,0.0
2026-05-15,981792307.4096146,0.024184129141015046,0.0
2026-05-18,997520237.4736968,0.01601961020205916,0.0
2026-05-19,973772580.9365435,-0.02380669147855715,-0.023806691478557185
2026-05-20,991406692.9065334,0.018109066033703648,-0.006128742392882747
2026-05-21,981346793.6791134,-0.010147096342397183,-0.016213649795761564
2026-05-22,974986282.3493946,-0.006481410415448533,-0.02258997289255138
2026-05-25,981950497.0228243,0.0071428847764383645,-0.015608445689587414
2026-05-26,970319025.0219116,-0.011845273296544098,-0.027268832681204058
2026-05-27,961313235.102107,-0.00928126697258276,-0.03629701033764188
2026-05-28,971820830.525382,0.010930459541794321,-0.025763293798831244
2026-05-29,966624036.62676,-0.005347481485669087,-0.03097300654790125
