date,equity,portfolio_return,drawdown
2018-01-02,100000000.0,0.0,0.0
2018-01-03,100000000.0,0.0,0.0
2018-01-04,100000000.0,0.0,0.0
2018-01-05,100000000.0,0.0,0.0
2018-01-08,100000000.0,0.0,0.0
2018-01-09,100000000.0,0.0,0.0
2018-01-10,100000000.0,0.0,0.0
2018-01-11,100000000.0,0.0,0.0
2018-01-12,100000000.0,0.0,0.0
2018-01-15,100000000.0,0.0,0.0
2018-01-16,100000000.0,0.0,0.0
2018-01-17,100000000.0,0.0,0.0
2018-01-18,100000000.0,0.0,0.0
2018-01-19,100000000.0,0.0,0.0
2018-01-22,100000000.0,0.0,0.0
2018-01-23,100000000.0,0.0,0.0
2018-01-24,100000000.0,0.0,0.0
2018-01-25,100000000.0,0.0,0.0
2018-01-26,100000000.0,0.0,0.0
2018-01-29,100000000.0,0.0,0.0
2018-01-30,100000000.0,0.0,0.0
2018-01-31,100000000.0,0.0,0.0
2018-02-01,100000000.0,0.0,0.0
2018-02-02,100000000.0,0.0,0.0
2018-02-05,100000000.0,0.0,0.0
2018-02-06,100000000.0,0.0,0.0
2018-02-07,100000000.0,0.0,0.0
2018-02-08,100000000.0,0.0,0.0
2018-02-09,100000000.0,0.0,0.0
2018-02-12,100000000.0,0.0,0.0
2018-02-13,100000000.0,0.0,0.0
2018-02-21,100000000.0,0.0,0.0
2018-02-22,100000000.0,0.0,0.0
2018-02-23,100000000.0,0.0,0.0
2018-02-26,100000000.0,0.0,0.0
2018-02-27,100000000.0,0.0,0.0
2018-02-28,100000000.0,0.0,0.0
2018-03-01,100000000.0,0.0,0.0
2018-03-02,100000000.0,0.0,0.0
2018-03-05,100000000.0,0.0,0.0
2018-03-06,100000000.0,0.0,0.0
2018-03-07,100000000.0,0.0,0.0
2018-03-08,100000000.0,0.0,0.0
2018-03-09,100000000.0,0.0,0.0
2018-03-12,100000000.0,0.0,0.0
2018-03-13,100000000.0,0.0,0.0
2018-03-14,100000000.0,0.0,0.0
2018-03-15,100000000.0,0.0,0.0
2018-03-16,100000000.0,0.0,0.0
2018-03-19,100000000.0,0.0,0.0
2018-03-20,100000000.0,0.0,0.0
2018-03-21,100000000.0,0.0,0.0
2018-03-22,100000000.0,0.0,0.0
2018-03-23,100000000.0,0.0,0.0
2018-03-26,100000000.0,0.0,0.0
2018-03-27,100000000.0,0.0,0.0
2018-03-28,100000000.0,0.0,0.0
2018-03-29,100000000.0,0.0,0.0
2018-03-30,100000000.0,0.0,0.0
2018-04-02,100000000.0,0.0,0.0
2018-04-03,100000000.0,0.0,0.0
2018-04-04,100000000.0,0.0,0.0
2018-04-05,100000000.0,0.0,0.0
2018-04-06,100000000.0,0.0,0.0
2018-04-09,100000000.0,0.0,0.0
2018-04-10,100000000.0,0.0,0.0
2018-04-11,100000000.0,0.0,0.0
2018-04-12,100000000.0,0.0,0.0
2018-04-13,100000000.0,0.0,0.0
2018-04-16,100000000.0,0.0,0.0
2018-04-17,100000000.0,0.0,0.0
2018-04-18,100000000.0,0.0,0.0
2018-04-19,100000000.0,0.0,0.0
2018-04-20,100000000.0,0.0,0.0
2018-04-23,100000000.0,0.0,0.0
2018-04-24,100000000.0,0.0,0.0
2018-04-26,100000000.0,0.0,0.0
2018-04-27,100000000.0,0.0,0.0
2018-05-02,100000000.0,0.0,0.0
2018-05-03,100000000.0,0.0,0.0
2018-05-04,100000000.0,0.0,0.0
2018-05-07,100000000.0,0.0,0.0
2018-05-08,100000000.0,0.0,0.0
2018-05-09,100000000.0,0.0,0.0
2018-05-10,100000000.0,0.0,0.0
2018-05-11,100000000.0,0.0,0.0
2018-05-14,100000000.0,0.0,0.0
2018-05-15,100000000.0,0.0,0.0
2018-05-16,100000000.0,0.0,0.0
2018-05-17,100000000.0,0.0,0.0
2018-05-18,100000000.0,0.0,0.0
2018-05-21,100000000.0,0.0,0.0
2018-05-22,100000000.0,0.0,0.0
2018-05-23,100000000.0,0.0,0.0
2018-05-24,100000000.0,0.0,0.0
2018-05-25,100000000.0,0.0,0.0
2018-05-28,100000000.0,0.0,0.0
2018-05-29,100000000.0,0.0,0.0
2018-05-30,100000000.0,0.0,0.0
2018-05-31,100000000.0,0.0,0.0
2018-06-01,100000000.0,0.0,0.0
2018-06-04,100000000.0,0.0,0.0
2018-06-05,100000000.0,0.0,0.0
2018-06-06,100000000.0,0.0,0.0
2018-06-07,100000000.0,0.0,0.0
2018-06-08,100000000.0,0.0,0.0
2018-06-11,100000000.0,0.0,0.0
2018-06-12,100000000.0,0.0,0.0
2018-06-13,100000000.0,0.0,0.0
2018-06-14,100000000.0,0.0,0.0
2018-06-15,100000000.0,0.0,0.0
2018-06-18,100000000.0,0.0,0.0
2018-06-19,100000000.0,0.0,0.0
2018-06-20,100000000.0,0.0,0.0
2018-06-21,100000000.0,0.0,0.0
2018-06-22,100000000.0,0.0,0.0
2018-06-25,100000000.0,0.0,0.0
2018-06-26,100000000.0,0.0,0.0
2018-06-27,100000000.0,0.0,0.0
2018-06-28,100000000.0,0.0,0.0
2018-06-29,100000000.0,0.0,0.0
2018-07-02,100000000.0,0.0,0.0
2018-07-03,100000000.0,0.0,0.0
2018-07-04,100000000.0,0.0,0.0
2018-07-05,100000000.0,0.0,0.0
2018-07-06,100000000.0,0.0,0.0
2018-07-09,100000000.0,0.0,0.0
2018-07-10,100000000.0,0.0,0.0
2018-07-11,100000000.0,0.0,0.0
2018-07-12,100000000.0,0.0,0.0
2018-07-13,100000000.0,0.0,0.0
2018-07-16,100000000.0,0.0,0.0
2018-07-17,100000000.0,0.0,0.0
2018-07-18,100000000.0,0.0,0.0
2018-07-19,100000000.0,0.0,0.0
2018-07-20,100000000.0,0.0,0.0
2018-07-23,100000000.0,0.0,0.0
2018-07-24,100000000.0,0.0,0.0
2018-07-25,100000000.0,0.0,0.0
2018-07-26,100000000.0,0.0,0.0
2018-07-27,100000000.0,0.0,0.0
2018-07-30,100000000.0,0.0,0.0
2018-07-31,100000000.0,0.0,0.0
2018-08-01,100000000.0,0.0,0.0
2018-08-02,100000000.0,0.0,0.0
2018-08-03,100000000.0,0.0,0.0
2018-08-06,100000000.0,0.0,0.0
2018-08-07,100000000.0,0.0,0.0
2018-08-08,100000000.0,0.0,0.0
2018-08-09,100000000.0,0.0,0.0
2018-08-10,100000000.0,0.0,0.0
2018-08-13,100000000.0,0.0,0.0
2018-08-14,100000000.0,0.0,0.0
2018-08-15,100000000.0,0.0,0.0
2018-08-16,100000000.0,0.0,0.0
2018-08-17,100000000.0,0.0,0.0
2018-08-20,100000000.0,0.0,0.0
2018-08-21,100000000.0,0.0,0.0
2018-08-22,100000000.0,0.0,0.0
2018-08-23,100000000.0,0.0,0.0
2018-08-24,100000000.0,0.0,0.0
2018-08-27,100000000.0,0.0,0.0
2018-08-28,100000000.0,0.0,0.0
2018-08-29,100000000.0,0.0,0.0
2018-08-30,100000000.0,0.0,0.0
2018-08-31,100000000.0,0.0,0.0
2018-09-04,100000000.0,0.0,0.0
2018-09-05,100000000.0,0.0,0.0
2018-09-06,100000000.0,0.0,0.0
2018-09-07,100000000.0,0.0,0.0
2018-09-10,100000000.0,0.0,0.0
2018-09-11,100000000.0,0.0,0.0
2018-09-12,100000000.0,0.0,0.0
2018-09-13,100000000.0,0.0,0.0
2018-09-14,100000000.0,0.0,0.0
2018-09-17,100000000.0,0.0,0.0
2018-09-18,100000000.0,0.0,0.0
2018-09-19,100000000.0,0.0,0.0
2018-09-20,100000000.0,0.0,0.0
2018-09-21,100000000.0,0.0,0.0
2018-09-24,100000000.0,0.0,0.0
2018-09-25,100000000.0,0.0,0.0
2018-09-26,100000000.0,0.0,0.0
2018-09-27,100000000.0,0.0,0.0
2018-09-28,100000000.0,0.0,0.0
2018-10-01,100000000.0,0.0,0.0
2018-10-02,100000000.0,0.0,0.0
2018-10-03,100000000.0,0.0,0.0
2018-10-04,100000000.0,0.0,0.0
2018-10-05,100000000.0,0.0,0.0
2018-10-08,100000000.0,0.0,0.0
2018-10-09,100000000.0,0.0,0.0
2018-10-10,100000000.0,0.0,0.0
2018-10-11,100000000.0,0.0,0.0
2018-10-12,100000000.0,0.0,0.0
2018-10-15,100000000.0,0.0,0.0
2018-10-16,100000000.0,0.0,0.0
2018-10-17,100000000.0,0.0,0.0
2018-10-18,100000000.0,0.0,0.0
2018-10-19,100000000.0,0.0,0.0
2018-10-22,100000000.0,0.0,0.0
2018-10-23,100000000.0,0.0,0.0
2018-10-24,100000000.0,0.0,0.0
2018-10-25,100000000.0,0.0,0.0
2018-10-26,100000000.0,0.0,0.0
2018-10-29,100000000.0,0.0,0.0
2018-10-30,100000000.0,0.0,0.0
2018-10-31,100000000.0,0.0,0.0
2018-11-01,100000000.0,0.0,0.0
2018-11-02,100000000.0,0.0,0.0
2018-11-05,100000000.0,0.0,0.0
2018-11-06,100000000.0,0.0,0.0
2018-11-07,100000000.0,0.0,0.0
2018-11-08,100000000.0,0.0,0.0
2018-11-09,100000000.0,0.0,0.0
2018-11-12,100000000.0,0.0,0.0
2018-11-13,100000000.0,0.0,0.0
2018-11-14,100000000.0,0.0,0.0
2018-11-15,100000000.0,0.0,0.0
2018-11-16,100000000.0,0.0,0.0
2018-11-19,100000000.0,0.0,0.0
2018-11-20,100000000.0,0.0,0.0
2018-11-21,100000000.0,0.0,0.0
2018-11-22,100000000.0,0.0,0.0
2018-11-23,100000000.0,0.0,0.0
2018-11-26,100000000.0,0.0,0.0
2018-11-27,100000000.0,0.0,0.0
2018-11-28,100000000.0,0.0,0.0
2018-11-29,100000000.0,0.0,0.0
2018-11-30,100000000.0,0.0,0.0
2018-12-03,100000000.0,0.0,0.0
2018-12-04,100000000.0,0.0,0.0
2018-12-05,100000000.0,0.0,0.0
2018-12-06,100000000.0,0.0,0.0
2018-12-07,100000000.0,0.0,0.0
2018-12-10,100000000.0,0.0,0.0
2018-12-11,100000000.0,0.0,0.0
2018-12-12,100000000.0,0.0,0.0
2018-12-13,100000000.0,0.0,0.0
2018-12-14,100000000.0,0.0,0.0
2018-12-17,100000000.0,0.0,0.0
2018-12-18,100000000.0,0.0,0.0
2018-12-19,100000000.0,0.0,0.0
2018-12-20,100000000.0,0.0,0.0
2018-12-21,100000000.0,0.0,0.0
2018-12-24,100000000.0,0.0,0.0
2018-12-25,100000000.0,0.0,0.0
2018-12-26,100000000.0,0.0,0.0
2018-12-27,100000000.0,0.0,0.0
2018-12-28,100000000.0,0.0,0.0
2019-01-02,100000000.0,0.0,0.0
2019-01-03,100000000.0,0.0,0.0
2019-01-04,100000000.0,0.0,0.0
2019-01-07,100000000.0,0.0,0.0
2019-01-08,100000000.0,0.0,0.0
2019-01-09,100000000.0,0.0,0.0
2019-01-10,100000000.0,0.0,0.0
2019-01-11,100000000.0,0.0,0.0
2019-01-14,100000000.0,0.0,0.0
2019-01-15,100000000.0,0.0,0.0
2019-01-16,100000000.0,0.0,0.0
2019-01-17,100000000.0,0.0,0.0
2019-01-18,100000000.0,0.0,0.0
2019-01-21,100000000.0,0.0,0.0
2019-01-22,100000000.0,0.0,0.0
2019-01-23,100000000.0,0.0,0.0
2019-01-24,100000000.0,0.0,0.0
2019-01-25,100000000.0,0.0,0.0
2019-01-28,100000000.0,0.0,0.0
2019-01-29,100000000.0,0.0,0.0
2019-01-30,100000000.0,0.0,0.0
2019-01-31,100000000.0,0.0,0.0
2019-02-01,100000000.0,0.0,0.0
2019-02-11,100000000.0,0.0,0.0
2019-02-12,100000000.0,0.0,0.0
2019-02-13,100000000.0,0.0,0.0
2019-02-14,100000000.0,0.0,0.0
2019-02-15,100000000.0,0.0,0.0
2019-02-18,100000000.0,0.0,0.0
2019-02-19,100000000.0,0.0,0.0
2019-02-20,100000000.0,0.0,0.0
2019-02-21,100000000.0,0.0,0.0
2019-02-22,100000000.0,0.0,0.0
2019-02-25,100000000.0,0.0,0.0
2019-02-26,100000000.0,0.0,0.0
2019-02-27,100000000.0,0.0,0.0
2019-02-28,100000000.0,0.0,0.0
2019-03-01,100000000.0,0.0,0.0
2019-03-04,100000000.0,0.0,0.0
2019-03-05,100000000.0,0.0,0.0
2019-03-06,100000000.0,0.0,0.0
2019-03-07,100000000.0,0.0,0.0
2019-03-08,100000000.0,0.0,0.0
2019-03-11,100000000.0,0.0,0.0
2019-03-12,100000000.0,0.0,0.0
2019-03-13,100000000.0,0.0,0.0
2019-03-14,100000000.0,0.0,0.0
2019-03-15,100000000.0,0.0,0.0
2019-03-18,100000000.0,0.0,0.0
2019-03-19,100000000.0,0.0,0.0
2019-03-20,100000000.0,0.0,0.0
2019-03-21,100000000.0,0.0,0.0
2019-03-22,100000000.0,0.0,0.0
2019-03-25,100000000.0,0.0,0.0
2019-03-26,100000000.0,0.0,0.0
2019-03-27,100000000.0,0.0,0.0
2019-03-28,100000000.0,0.0,0.0
2019-03-29,100000000.0,0.0,0.0
2019-04-01,100000000.0,0.0,0.0
2019-04-02,100000000.0,0.0,0.0
2019-04-03,100000000.0,0.0,0.0
2019-04-04,100000000.0,0.0,0.0
2019-04-05,100000000.0,0.0,0.0
2019-04-08,100000000.0,0.0,0.0
2019-04-09,100000000.0,0.0,0.0
2019-04-10,100000000.0,0.0,0.0
2019-04-11,100000000.0,0.0,0.0
2019-04-12,100000000.0,0.0,0.0
2019-04-16,100000000.0,0.0,0.0
2019-04-17,100000000.0,0.0,0.0
2019-04-18,100000000.0,0.0,0.0
2019-04-19,100000000.0,0.0,0.0
2019-04-22,100000000.0,0.0,0.0
2019-04-23,100000000.0,0.0,0.0
2019-04-24,100000000.0,0.0,0.0
2019-04-25,100000000.0,0.0,0.0
2019-04-26,100000000.0,0.0,0.0
2019-05-02,100000000.0,0.0,0.0
2019-05-03,100000000.0,0.0,0.0
2019-05-06,100000000.0,0.0,0.0
2019-05-07,100000000.0,0.0,0.0
2019-05-08,100000000.0,0.0,0.0
2019-05-09,100000000.0,0.0,0.0
2019-05-10,100000000.0,0.0,0.0
2019-05-13,100000000.0,0.0,0.0
2019-05-14,100000000.0,0.0,0.0
2019-05-15,100000000.0,0.0,0.0
2019-05-16,100000000.0,0.0,0.0
2019-05-17,100000000.0,0.0,0.0
2019-05-20,100000000.0,0.0,0.0
2019-05-21,100000000.0,0.0,0.0
2019-05-22,100000000.0,0.0,0.0
2019-05-23,100000000.0,0.0,0.0
2019-05-24,100000000.0,0.0,0.0
2019-05-27,100000000.0,0.0,0.0
2019-05-28,100000000.0,0.0,0.0
2019-05-29,100000000.0,0.0,0.0
2019-05-30,100000000.0,0.0,0.0
2019-05-31,100000000.0,0.0,0.0
2019-06-03,100000000.0,0.0,0.0
2019-06-04,100000000.0,0.0,0.0
2019-06-05,100000000.0,0.0,0.0
2019-06-06,100000000.0,0.0,0.0
2019-06-07,100000000.0,0.0,0.0
2019-06-10,100000000.0,0.0,0.0
2019-06-11,100000000.0,0.0,0.0
2019-06-12,100000000.0,0.0,0.0
2019-06-13,100000000.0,0.0,0.0
2019-06-14,100000000.0,0.0,0.0
2019-06-17,100000000.0,0.0,0.0
2019-06-18,100000000.0,0.0,0.0
2019-06-19,100000000.0,0.0,0.0
2019-06-20,100000000.0,0.0,0.0
2019-06-21,100000000.0,0.0,0.0
2019-06-24,100000000.0,0.0,0.0
2019-06-25,100000000.0,0.0,0.0
2019-06-26,100000000.0,0.0,0.0
2019-06-27,100000000.0,0.0,0.0
2019-06-28,100000000.0,0.0,0.0
2019-07-01,100000000.0,0.0,0.0
2019-07-02,100000000.0,0.0,0.0
2019-07-03,100000000.0,0.0,0.0
2019-07-04,100000000.0,0.0,0.0
2019-07-05,100000000.0,0.0,0.0
2019-07-08,100000000.0,0.0,0.0
2019-07-09,100000000.0,0.0,0.0
2019-07-10,100000000.0,0.0,0.0
2019-07-11,100000000.0,0.0,0.0
2019-07-12,100000000.0,0.0,0.0
2019-07-15,100000000.0,0.0,0.0
2019-07-16,100000000.0,0.0,0.0
2019-07-17,100000000.0,0.0,0.0
2019-07-18,100000000.0,0.0,0.0
2019-07-19,100000000.0,0.0,0.0
2019-07-22,100000000.0,0.0,0.0
2019-07-23,100000000.0,0.0,0.0
2019-07-24,100000000.0,0.0,0.0
2019-07-25,100000000.0,0.0,0.0
2019-07-26,100000000.0,0.0,0.0
2019-07-29,100000000.0,0.0,0.0
2019-07-30,100000000.0,0.0,0.0
2019-07-31,100000000.0,0.0,0.0
2019-08-01,100000000.0,0.0,0.0
2019-08-02,100000000.0,0.0,0.0
2019-08-05,100000000.0,0.0,0.0
2019-08-06,100000000.0,0.0,0.0
2019-08-07,100000000.0,0.0,0.0
2019-08-08,100000000.0,0.0,0.0
2019-08-09,100000000.0,0.0,0.0
2019-08-12,100000000.0,0.0,0.0
2019-08-13,100000000.0,0.0,0.0
2019-08-14,100000000.0,0.0,0.0
2019-08-15,100000000.0,0.0,0.0
2019-08-16,100000000.0,0.0,0.0
2019-08-19,100000000.0,0.0,0.0
2019-08-20,100000000.0,0.0,0.0
2019-08-21,100000000.0,0.0,0.0
2019-08-22,100000000.0,0.0,0.0
2019-08-23,100000000.0,0.0,0.0
2019-08-26,100000000.0,0.0,0.0
2019-08-27,100000000.0,0.0,0.0
2019-08-28,100000000.0,0.0,0.0
2019-08-29,100000000.0,0.0,0.0
2019-08-30,100000000.0,0.0,0.0
2019-09-03,100000000.0,0.0,0.0
2019-09-04,100000000.0,0.0,0.0
2019-09-05,100000000.0,0.0,0.0
2019-09-06,100000000.0,0.0,0.0
2019-09-09,100000000.0,0.0,0.0
2019-09-10,100000000.0,0.0,0.0
2019-09-11,100000000.0,0.0,0.0
2019-09-12,100000000.0,0.0,0.0
2019-09-13,100000000.0,0.0,0.0
2019-09-16,100000000.0,0.0,0.0
2019-09-17,100000000.0,0.0,0.0
2019-09-18,100000000.0,0.0,0.0
2019-09-19,100000000.0,0.0,0.0
2019-09-20,100000000.0,0.0,0.0
2019-09-23,100000000.0,0.0,0.0
2019-09-24,100000000.0,0.0,0.0
2019-09-25,100000000.0,0.0,0.0
2019-09-26,100000000.0,0.0,0.0
2019-09-27,100000000.0,0.0,0.0
2019-09-30,100000000.0,0.0,0.0
2019-10-01,100000000.0,0.0,0.0
2019-10-02,100000000.0,0.0,0.0
2019-10-03,100000000.0,0.0,0.0
2019-10-04,100000000.0,0.0,0.0
2019-10-07,100000000.0,0.0,0.0
2019-10-08,100000000.0,0.0,0.0
2019-10-09,100000000.0,0.0,0.0
2019-10-10,100000000.0,0.0,0.0
2019-10-11,100000000.0,0.0,0.0
2019-10-14,100000000.0,0.0,0.0
2019-10-15,100000000.0,0.0,0.0
2019-10-16,100000000.0,0.0,0.0
2019-10-17,100000000.0,0.0,0.0
2019-10-18,100000000.0,0.0,0.0
2019-10-21,100000000.0,0.0,0.0
2019-10-22,100000000.0,0.0,0.0
2019-10-23,100000000.0,0.0,0.0
2019-10-24,100000000.0,0.0,0.0
2019-10-25,100000000.0,0.0,0.0
2019-10-28,100000000.0,0.0,0.0
2019-10-29,100000000.0,0.0,0.0
2019-10-30,100000000.0,0.0,0.0
2019-10-31,100000000.0,0.0,0.0
2019-11-01,100000000.0,0.0,0.0
2019-11-04,100000000.0,0.0,0.0
2019-11-05,100000000.0,0.0,0.0
2019-11-06,100000000.0,0.0,0.0
2019-11-07,100000000.0,0.0,0.0
2019-11-08,100000000.0,0.0,0.0
2019-11-11,100000000.0,0.0,0.0
2019-11-12,100000000.0,0.0,0.0
2019-11-13,100000000.0,0.0,0.0
2019-11-14,100000000.0,0.0,0.0
2019-11-15,100000000.0,0.0,0.0
2019-11-18,100000000.0,0.0,0.0
2019-11-19,100000000.0,0.0,0.0
2019-11-20,100000000.0,0.0,0.0
2019-11-21,100000000.0,0.0,0.0
2019-11-22,100000000.0,0.0,0.0
2019-11-25,100000000.0,0.0,0.0
2019-11-26,100000000.0,0.0,0.0
2019-11-27,100000000.0,0.0,0.0
2019-11-28,100000000.0,0.0,0.0
2019-11-29,100000000.0,0.0,0.0
2019-12-02,100000000.0,0.0,0.0
2019-12-03,100000000.0,0.0,0.0
2019-12-04,100000000.0,0.0,0.0
2019-12-05,100000000.0,0.0,0.0
2019-12-06,100000000.0,0.0,0.0
2019-12-09,100000000.0,0.0,0.0
2019-12-10,100000000.0,0.0,0.0
2019-12-11,100000000.0,0.0,0.0
2019-12-12,100000000.0,0.0,0.0
2019-12-13,100000000.0,0.0,0.0
2019-12-16,100000000.0,0.0,0.0
2019-12-17,100000000.0,0.0,0.0
2019-12-18,100000000.0,0.0,0.0
2019-12-19,100000000.0,0.0,0.0
2019-12-20,100000000.0,0.0,0.0
2019-12-23,100000000.0,0.0,0.0
2019-12-24,100000000.0,0.0,0.0
2019-12-25,100000000.0,0.0,0.0
2019-12-26,100000000.0,0.0,0.0
2019-12-27,100000000.0,0.0,0.0
2019-12-30,100000000.0,0.0,0.0
2019-12-31,100000000.0,0.0,0.0
2020-01-02,100000000.0,0.0,0.0
2020-01-03,100000000.0,0.0,0.0
2020-01-06,100000000.0,0.0,0.0
2020-01-07,100000000.0,0.0,0.0
2020-01-08,100000000.0,0.0,0.0
2020-01-09,100000000.0,0.0,0.0
2020-01-10,100000000.0,0.0,0.0
2020-01-13,100000000.0,0.0,0.0
2020-01-14,100000000.0,0.0,0.0
2020-01-15,100000000.0,0.0,0.0
2020-01-16,100000000.0,0.0,0.0
2020-01-17,100000000.0,0.0,0.0
2020-01-20,100000000.0,0.0,0.0
2020-01-21,100000000.0,0.0,0.0
2020-01-22,100000000.0,0.0,0.0
2020-01-30,100000000.0,0.0,0.0
2020-01-31,100000000.0,0.0,0.0
2020-02-03,100000000.0,0.0,0.0
2020-02-04,100000000.0,0.0,0.0
2020-02-05,100000000.0,0.0,0.0
2020-02-06,100000000.0,0.0,0.0
2020-02-07,100000000.0,0.0,0.0
2020-02-10,100000000.0,0.0,0.0
2020-02-11,100000000.0,0.0,0.0
2020-02-12,100000000.0,0.0,0.0
2020-02-13,100000000.0,0.0,0.0
2020-02-14,100000000.0,0.0,0.0
2020-02-17,100000000.0,0.0,0.0
2020-02-18,100000000.0,0.0,0.0
2020-02-19,100000000.0,0.0,0.0
2020-02-20,100000000.0,0.0,0.0
2020-02-21,100000000.0,0.0,0.0
2020-02-24,100000000.0,0.0,0.0
2020-02-25,100000000.0,0.0,0.0
2020-02-26,100000000.0,0.0,0.0
2020-02-27,100000000.0,0.0,0.0
2020-02-28,100000000.0,0.0,0.0
2020-03-02,100000000.0,0.0,0.0
2020-03-03,100000000.0,0.0,0.0
2020-03-04,100000000.0,0.0,0.0
2020-03-05,100000000.0,0.0,0.0
2020-03-06,100000000.0,0.0,0.0
2020-03-09,100000000.0,0.0,0.0
2020-03-10,100000000.0,0.0,0.0
2020-03-11,100000000.0,0.0,0.0
2020-03-12,100000000.0,0.0,0.0
2020-03-13,100000000.0,0.0,0.0
2020-03-16,100000000.0,0.0,0.0
2020-03-17,100000000.0,0.0,0.0
2020-03-18,100000000.0,0.0,0.0
2020-03-19,100000000.0,0.0,0.0
2020-03-20,100000000.0,0.0,0.0
2020-03-23,100000000.0,0.0,0.0
2020-03-24,100000000.0,0.0,0.0
2020-03-25,100000000.0,0.0,0.0
2020-03-26,100000000.0,0.0,0.0
2020-03-27,100000000.0,0.0,0.0
2020-03-30,100000000.0,0.0,0.0
2020-03-31,100000000.0,0.0,0.0
2020-04-01,100000000.0,0.0,0.0
2020-04-03,100000000.0,0.0,0.0
2020-04-06,100000000.0,0.0,0.0
2020-04-07,100000000.0,0.0,0.0
2020-04-08,100000000.0,0.0,0.0
2020-04-09,100000000.0,0.0,0.0
2020-04-10,100000000.0,0.0,0.0
2020-04-13,100000000.0,0.0,0.0
2020-04-14,100000000.0,0.0,0.0
2020-04-15,100000000.0,0.0,0.0
2020-04-16,100000000.0,0.0,0.0
2020-04-17,100000000.0,0.0,0.0
2020-04-20,100000000.0,0.0,0.0
2020-04-21,100000000.0,0.0,0.0
2020-04-22,100000000.0,0.0,0.0
2020-04-23,100000000.0,0.0,0.0
2020-04-24,100000000.0,0.0,0.0
2020-04-27,100000000.0,0.0,0.0
2020-04-28,100000000.0,0.0,0.0
2020-04-29,100000000.0,0.0,0.0
2020-05-04,100000000.0,0.0,0.0
2020-05-05,100000000.0,0.0,0.0
2020-05-06,100000000.0,0.0,0.0
2020-05-07,100000000.0,0.0,0.0
2020-05-08,100000000.0,0.0,0.0
2020-05-11,100000000.0,0.0,0.0
2020-05-12,100000000.0,0.0,0.0
2020-05-13,100000000.0,0.0,0.0
2020-05-14,100000000.0,0.0,0.0
2020-05-15,100000000.0,0.0,0.0
2020-05-18,100000000.0,0.0,0.0
2020-05-19,100000000.0,0.0,0.0
2020-05-20,100000000.0,0.0,0.0
2020-05-21,100000000.0,0.0,0.0
2020-05-22,100000000.0,0.0,0.0
2020-05-25,100000000.0,0.0,0.0
2020-05-26,100000000.0,0.0,0.0
2020-05-27,100000000.0,0.0,0.0
2020-05-28,100000000.0,0.0,0.0
2020-05-29,100000000.0,0.0,0.0
2020-06-01,100000000.0,0.0,0.0
2020-06-02,100000000.0,0.0,0.0
2020-06-03,100000000.0,0.0,0.0
2020-06-04,100000000.0,0.0,0.0
2020-06-05,100000000.0,0.0,0.0
2020-06-08,100000000.0,0.0,0.0
2020-06-09,100000000.0,0.0,0.0
2020-06-10,100000000.0,0.0,0.0
2020-06-11,100000000.0,0.0,0.0
2020-06-12,100000000.0,0.0,0.0
2020-06-15,100000000.0,0.0,0.0
2020-06-16,100000000.0,0.0,0.0
2020-06-17,100000000.0,0.0,0.0
2020-06-18,100000000.0,0.0,0.0
2020-06-19,100000000.0,0.0,0.0
2020-06-22,100000000.0,0.0,0.0
2020-06-23,100000000.0,0.0,0.0
2020-06-24,100000000.0,0.0,0.0
2020-06-25,100000000.0,0.0,0.0
2020-06-26,100000000.0,0.0,0.0
2020-06-29,100000000.0,0.0,0.0
2020-06-30,100000000.0,0.0,0.0
2020-07-01,100000000.0,0.0,0.0
2020-07-02,100000000.0,0.0,0.0
2020-07-03,100000000.0,0.0,0.0
2020-07-06,100000000.0,0.0,0.0
2020-07-07,100000000.0,0.0,0.0
2020-07-08,100000000.0,0.0,0.0
2020-07-09,100000000.0,0.0,0.0
2020-07-10,100000000.0,0.0,0.0
2020-07-13,100000000.0,0.0,0.0
2020-07-14,100000000.0,0.0,0.0
2020-07-15,100000000.0,0.0,0.0
2020-07-16,100000000.0,0.0,0.0
2020-07-17,100000000.0,0.0,0.0
2020-07-20,100000000.0,0.0,0.0
2020-07-21,100000000.0,0.0,0.0
2020-07-22,100000000.0,0.0,0.0
2020-07-23,100000000.0,0.0,0.0
2020-07-24,100000000.0,0.0,0.0
2020-07-27,100000000.0,0.0,0.0
2020-07-28,100000000.0,0.0,0.0
2020-07-29,100000000.0,0.0,0.0
2020-07-30,100000000.0,0.0,0.0
2020-07-31,100000000.0,0.0,0.0
2020-08-03,100000000.0,0.0,0.0
2020-08-04,100000000.0,0.0,0.0
2020-08-05,100000000.0,0.0,0.0
2020-08-06,100000000.0,0.0,0.0
2020-08-07,100000000.0,0.0,0.0
2020-08-10,100000000.0,0.0,0.0
2020-08-11,100000000.0,0.0,0.0
2020-08-12,100000000.0,0.0,0.0
2020-08-13,100000000.0,0.0,0.0
2020-08-14,100000000.0,0.0,0.0
2020-08-17,100000000.0,0.0,0.0
2020-08-18,100000000.0,0.0,0.0
2020-08-19,100000000.0,0.0,0.0
2020-08-20,100000000.0,0.0,0.0
2020-08-21,100000000.0,0.0,0.0
2020-08-24,100000000.0,0.0,0.0
2020-08-25,100000000.0,0.0,0.0
2020-08-26,100000000.0,0.0,0.0
2020-08-27,100000000.0,0.0,0.0
2020-08-28,100000000.0,0.0,0.0
2020-08-31,100000000.0,0.0,0.0
2020-09-01,100000000.0,0.0,0.0
2020-09-03,100000000.0,0.0,0.0
2020-09-04,100000000.0,0.0,0.0
2020-09-07,100000000.0,0.0,0.0
2020-09-08,100000000.0,0.0,0.0
2020-09-09,100000000.0,0.0,0.0
2020-09-10,100000000.0,0.0,0.0
2020-09-11,100000000.0,0.0,0.0
2020-09-14,100000000.0,0.0,0.0
2020-09-15,100000000.0,0.0,0.0
2020-09-16,100000000.0,0.0,0.0
2020-09-17,100000000.0,0.0,0.0
2020-09-18,100000000.0,0.0,0.0
2020-09-21,100000000.0,0.0,0.0
2020-09-22,100000000.0,0.0,0.0
2020-09-23,100000000.0,0.0,0.0
2020-09-24,100000000.0,0.0,0.0
2020-09-25,100000000.0,0.0,0.0
2020-09-28,100000000.0,0.0,0.0
2020-09-29,100000000.0,0.0,0.0
2020-09-30,100000000.0,0.0,0.0
2020-10-01,100000000.0,0.0,0.0
2020-10-02,100000000.0,0.0,0.0
2020-10-05,100000000.0,0.0,0.0
2020-10-06,100000000.0,0.0,0.0
2020-10-07,100000000.0,0.0,0.0
2020-10-08,100000000.0,0.0,0.0
2020-10-09,100000000.0,0.0,0.0
2020-10-12,100000000.0,0.0,0.0
2020-10-13,100000000.0,0.0,0.0
2020-10-14,100000000.0,0.0,0.0
2020-10-15,100000000.0,0.0,0.0
2020-10-16,100000000.0,0.0,0.0
2020-10-19,100000000.0,0.0,0.0
2020-10-20,100000000.0,0.0,0.0
2020-10-21,100000000.0,0.0,0.0
2020-10-22,100000000.0,0.0,0.0
2020-10-23,100000000.0,0.0,0.0
2020-10-26,100000000.0,0.0,0.0
2020-10-27,100000000.0,0.0,0.0
2020-10-28,100000000.0,0.0,0.0
2020-10-29,100000000.0,0.0,0.0
2020-10-30,100000000.0,0.0,0.0
2020-11-02,100000000.0,0.0,0.0
2020-11-03,100000000.0,0.0,0.0
2020-11-04,100000000.0,0.0,0.0
2020-11-05,100000000.0,0.0,0.0
2020-11-06,100000000.0,0.0,0.0
2020-11-09,100000000.0,0.0,0.0
2020-11-10,100000000.0,0.0,0.0
2020-11-11,100000000.0,0.0,0.0
2020-11-12,100000000.0,0.0,0.0
2020-11-13,100000000.0,0.0,0.0
2020-11-16,100000000.0,0.0,0.0
2020-11-17,100000000.0,0.0,0.0
2020-11-18,100000000.0,0.0,0.0
2020-11-19,100000000.0,0.0,0.0
2020-11-20,100000000.0,0.0,0.0
2020-11-23,100000000.0,0.0,0.0
2020-11-24,100000000.0,0.0,0.0
2020-11-25,100000000.0,0.0,0.0
2020-11-26,100000000.0,0.0,0.0
2020-11-27,100000000.0,0.0,0.0
2020-11-30,100000000.0,0.0,0.0
2020-12-01,100000000.0,0.0,0.0
2020-12-02,100000000.0,0.0,0.0
2020-12-03,100000000.0,0.0,0.0
2020-12-04,100000000.0,0.0,0.0
2020-12-07,100000000.0,0.0,0.0
2020-12-08,100000000.0,0.0,0.0
2020-12-09,100000000.0,0.0,0.0
2020-12-10,100000000.0,0.0,0.0
2020-12-11,100000000.0,0.0,0.0
2020-12-14,100000000.0,0.0,0.0
2020-12-15,100000000.0,0.0,0.0
2020-12-16,100000000.0,0.0,0.0
2020-12-17,100000000.0,0.0,0.0
2020-12-18,100000000.0,0.0,0.0
2020-12-21,100000000.0,0.0,0.0
2020-12-22,100000000.0,0.0,0.0
2020-12-23,100000000.0,0.0,0.0
2020-12-24,100000000.0,0.0,0.0
2020-12-25,100000000.0,0.0,0.0
2020-12-28,100000000.0,0.0,0.0
2020-12-29,100000000.0,0.0,0.0
2020-12-30,100000000.0,0.0,0.0
2020-12-31,100000000.0,0.0,0.0
2021-01-04,100000000.0,0.0,0.0
2021-01-05,99880000.0,-0.0012,-0.0011999999999999789
2021-01-06,100806428.05495301,0.009275411042781427,0.0
2021-01-07,101749763.833367,0.009357893108758418,0.0
2021-01-08,102316654.98260269,0.0055714247176441994,0.0
2021-01-11,101869361.43277982,-0.004371659236699265,-0.0043716592366992435
2021-01-12,102716785.9795478,0.008318738184367309,0.0
2021-01-13,104283549.0758004,0.015253233259893544,0.0
2021-01-14,106945005.84281248,0.02552134819536633,0.0
2021-01-15,109439710.12140448,0.0233269824891002,0.0
2021-01-18,109786622.78666088,0.0031698975159158973,0.0
2021-01-19,102588135.24256322,-0.06556798416220415,-0.06556798416220411
2021-01-20,101480058.31907561,-0.010801219077309722,-0.07566098907812036
2021-01-21,104622268.03127876,0.030963814608022267,-0.04703992730897255
2021-01-22,104198419.34576696,-0.004051228227867133,-0.05090058605548875
2021-01-25,106009275.00035197,0.01737891674321804,-0.03440626635951005
2021-01-26,102811573.10668308,-0.030164359615309822,-0.06353278298333154
2021-01-27,97190508.4694081,-0.05467346201815478,-0.11473268780413948
2021-01-28,92202934.60398273,-0.05131749945515784,-0.16016239261541954
2021-01-29,93457177.72491273,0.013603071597634634,-0.14873802151178095
2021-02-01,93457177.72491273,0.0,-0.14873802151178095
2021-02-02,93457177.72491273,0.0,-0.14873802151178095
2021-02-03,93457177.72491273,0.0,-0.14873802151178095
2021-02-04,93457177.72491273,0.0,-0.14873802151178095
2021-02-05,93457177.72491273,0.0,-0.14873802151178095
2021-02-08,93382411.9827328,-0.0008000000000000003,-0.14941903109457155
2021-02-09,93932119.49416316,0.00588662789661075,-0.1444119774346866
2021-02-17,95902272.14618742,0.020974216941274198,-0.1264666886370459
2021-02-18,97002269.08020775,0.011469977815995423,-0.11644728093417989
2021-02-19,98849015.49031407,0.01903817743252281,-0.09962604749761683
2021-02-22,98914518.14884457,0.0006626536258919233,-0.09902941143333244
2021-02-23,98166762.30875315,-0.007559616667860772,-0.10584040371191339
2021-02-24,97855857.44519708,-0.003167109276541251,-0.10867230486402568
2021-02-25,98180331.10779239,0.003315832808240775,-0.1057168112496002
2021-02-26,98955779.07306734,0.007898200754931035,-0.09865358309308969
2021-03-01,101310369.62118071,0.023794371285529314,-0.07720661179232513
2021-03-02,101512395.48376802,0.001994128176046708,-0.07536644349623067
2021-03-03,100544437.61486872,-0.009535366240609291,-0.08418316309585117
2021-03-04,98912881.95158404,-0.016227209599941075,-0.09904431486344989
2021-03-05,100485479.74538034,0.015898816845373663,-0.08472018543966575
2021-03-08,100384706.42456418,-0.0010028645041204784,-0.08563808707702625
2021-03-09,101184002.05920267,0.00796232477144447,-0.07835764056769434
2021-03-10,101348903.83372289,0.0016297218054661892,-0.07685561991768619
2021-03-11,101919937.17755353,0.005634331721707671,-0.07165431825327218
2021-03-12,101406035.1217534,-0.005042213231596455,-0.076335235133271
2021-03-15,101197909.35316476,-0.0020524002179825454,-0.07823096489802628
2021-03-16,101285585.21982864,0.0008663802169854935,-0.07743236244138407
2021-03-17,104671070.53143889,0.03342514439998987,-0.04659540593722988
2021-03-18,105144848.68936825,0.004526352463234408,-0.04227996070443485
2021-03-19,105339157.7905598,0.001848013512916854,-0.04051008113022536
2021-03-22,104424007.51493043,-0.008687655140065916,-0.048845798655735795
2021-03-23,103692810.62823127,-0.007002191393531887,-0.055505962418310295
2021-03-24,101553660.29045412,-0.020629688064359886,-0.07499057979226831
2021-03-25,100147320.13644208,-0.013848246828226171,-0.08780033856173941
2021-03-26,100582928.81447172,0.004349678827512931,-0.08383256300791697
2021-03-29,103426302.98708944,0.028268953848643728,-0.05793346801395749
2021-03-30,105691701.6816445,0.021903506449784303,-0.0372989076544753
2021-03-31,107631455.64021318,0.018352944722296535,-0.019630507722563473
2021-04-01,107804070.44255653,0.00160375794712249,-0.018058232358207027
2021-04-02,107908760.64465527,0.0009711154844985781,-0.017104653502774236
2021-04-05,108233349.49972038,0.0030079935412656808,-0.014148110648770418
2021-04-06,107584943.28429386,-0.005990817233538491,-0.020054169137212252
2021-04-07,108128659.29762162,0.0050538299945094515,-0.01510168950420343
2021-04-08,108301274.09996498,0.0015963834515716634,-0.013529414139847096
2021-04-09,109582507.03162278,0.011830266470135834,-0.0018592042441704093
2021-04-12,110746284.02283031,0.010620098250459703,0.0
2021-04-13,109102540.3658527,-0.014842427188245445,-0.014842427188245466
2021-04-14,110468176.70861489,0.012516998579343885,-0.0025112112489308336
2021-04-15,110462564.31372343,-5.080553566353997e-05,-0.002561889201161738
2021-04-16,111288938.16123675,0.007481030814804764,0.0
2021-04-19,114016074.8314129,0.024505011146975272,0.0
2021-04-20,113676087.61435589,-0.0029819235363058973,-0.002981923536305886
2021-04-22,109211088.62038565,-0.039278260605851205,-0.04214305937239138
2021-04-23,113923246.17541099,0.04314724461180542,-0.00081417165201636
2021-04-26,113747905.00667119,-0.0015391166827340727,-0.0023520352295781644
2021-04-27,114025581.68077108,0.0024411585785567387,0.0
2021-04-28,114138435.4349,0.0009897231170884644,0.0
2021-04-29,116218505.64529869,0.01822409955483469,0.0
2021-05-04,117608668.94298023,0.011961634594789472,0.0
2021-05-05,117413470.57656199,-0.0016597277069165688,-0.0016597277069165806
2021-05-06,117198201.3919529,-0.0018334283413308562,-0.003490113056430655
2021-05-07,120234367.19360144,0.025906249119766887,0.0
2021-05-10,124660605.91018538,0.03681342381464699,0.0
2021-05-11,122654822.82307963,-0.01608995137205465,-0.0160899513720546
2021-05-12,124166228.80270214,0.012322434167978888,-0.003965784570623909
2021-05-13,124551846.70583817,0.003105658493895064,-0.0008724424492655425
2021-05-14,123503401.25178197,-0.008417743147015572,-0.009282841599832614
2021-05-17,122951001.29143266,-0.004472750991069051,-0.013714072751936146
2021-05-18,124920624.35586435,0.016019577260400295,0.0
2021-05-19,125800040.47202379,0.007039799238068372,0.0
2021-05-20,129779734.25102752,0.03163507550610661,0.0
2021-05-21,129712998.3778816,-0.0005142241470215881,-0.0005142241470216247
2021-05-24,127891102.43494913,-0.014045592698619921,-0.0145525942627166
2021-05-25,130426531.02670719,0.019824902151013082,0.0
2021-05-26,131916286.55377862,0.011422181632404046,0.0
2021-05-27,131647034.2102721,-0.0020410849224197065,-0.0020410849224197225
2021-05-28,136445847.15799448,0.03645211589087159,0.0
2021-05-31,142849926.5373166,0.04693495267691547,0.0
2021-06-01,143095238.70329565,0.0017172719085366474,0.0
2021-06-02,148304032.42538834,0.036400887753456214,0.0
2021-06-03,155119781.72074658,0.04595794992147122,0.0
2021-06-04,155190882.3050425,0.0004583592337947385,0.0
2021-06-07,150265834.0111608,-0.0317354229883239,-0.03173542298832388
2021-06-08,143987693.31208205,-0.04178022729113817,-0.07218973709382948
2021-06-09,149786977.69247267,0.040276250330791255,-0.034821018685543326
2021-06-10,151272035.44935173,0.009914465060694598,-0.02525178539798434
2021-06-11,154125324.96114048,0.018861976063937358,-0.006866107905795449
2021-06-14,159370617.5601005,0.034032645837291854,0.0
2021-06-15,163759018.6208109,0.027535822649714485,0.0
2021-06-16,165025696.5155481,0.007735011515122999,0.0
2021-06-17,167427289.71438023,0.01455284388759332,0.0
2021-06-18,170232700.37615657,0.01675599399931861,0.0
2021-06-21,169526529.48392138,-0.004148268168658497,-0.004148268168658542
2021-06-22,167055683.8410001,-0.014574979210882829,-0.01866278645722197
2021-06-23,165368194.88691178,-0.010101356118445181,-0.02857562312350026
2021-06-24,161250158.6498957,-0.02490222645190165,-0.052766252937376246
2021-06-25,165085612.54943463,0.023785737215095852,-0.030235599948474134
2021-06-28,166455186.52086848,0.008296143741925005,-0.022190295089845047
2021-06-29,165619298.1327179,-0.005021702270873833,-0.027100564305474806
2021-06-30,164849830.07980564,-0.004646004792845197,-0.031620659746667945
2021-07-01,167393110.05737865,0.015427859260405529,-0.016680639574555234
2021-07-02,170035300.62488976,0.0157843448072948,-0.001159587733911449
2021-07-05,168122910.48821548,-0.011247018293531627,-0.012393564122986755
2021-07-06,159838445.34122598,-0.049276241548115426,-0.061059097411735874
2021-07-07,162847342.8535646,0.018824616980696728,-0.04338389455300207
2021-07-08,162847342.8535646,0.0,-0.04338389455300207
2021-07-09,162847342.8535646,0.0,-0.04338389455300207
2021-07-12,162847342.8535646,0.0,-0.04338389455300207
2021-07-13,162847342.8535646,0.0,-0.04338389455300207
2021-07-14,162651926.0421403,-0.0012000000000000472,-0.04453183387953852
2021-07-15,165417314.0131141,0.01700187657327418,-0.02828708204946584
2021-07-16,165991970.59378755,0.0034739808471796253,-0.024911369983548703
2021-07-19,160690544.66414374,-0.03193784561192638,-0.05605360010695892
2021-07-20,164109693.60907042,0.021277847754346577,-0.03596845232177115
2021-07-21,165066119.4166727,0.005827966566561332,-0.030350108692792088
2021-07-22,167085330.22403303,0.012232739307715066,-0.01848863435267678
2021-07-23,166283280.4678915,-0.004800240422460195,-0.02320012488516121
2021-07-26,166052314.45923308,-0.001388991172224542,-0.024556891288725735
2021-07-27,164207312.0495912,-0.01111097075430901,-0.03539501114210897
2021-07-28,160061611.69546032,-0.025246746337817632,-0.05974814861199751
2021-07-29,165335703.01753697,0.032950382457171225,-0.028766490502699527
2021-07-30,165251777.08511442,-0.0005076092513039764,-0.029259497617296737
2021-08-02,165726844.68657452,0.002874810848269495,-0.02646880229019244
2021-08-03,167257591.48597327,0.00923656515812948,-0.017476717949073906
2021-08-04,166436395.6352258,-0.004909767284412523,-0.022300678615461145
2021-08-05,167086542.12286842,0.003906275938993084,-0.018481515280766914
2021-08-06,167923606.8816444,0.005009767681710937,-0.013564335697018537
2021-08-09,171129722.96832326,0.019092706178819703,0.0
2021-08-10,172592310.73150057,0.008546661198347384,0.0
2021-08-11,171462775.6961148,-0.006544526987317294,-0.006544526987317334
2021-08-12,170068409.30879948,-0.00813218135338356,-0.014623487060367868
2021-08-13,175649639.00166032,0.032817556861643817,0.0
2021-08-16,176896348.71678913,0.007097707243890349,0.0
2021-08-17,177078009.0187717,0.0010269307608684426,0.0
2021-08-18,177046198.49989688,-0.00017964127251652052,-0.00017964127251657303
2021-08-19,176594854.29891562,-0.0025493018477972134,-0.0027284851604857385
2021-08-20,172803066.7224124,-0.021471676462809033,-0.024141576472695325
2021-08-23,172827960.58628482,0.00014405915557273008,-0.024000995132243408
2021-08-24,169518352.3270793,-0.019149726976921595,-0.042691109605208055
2021-08-25,170221693.52254158,0.004149056345859332,-0.03871918107856809
2021-08-26,171085050.84154657,0.00507195822776051,-0.03384360491985117
2021-08-27,172285869.90058506,0.007018842693337654,-0.02706230516562136
2021-08-30,176442080.96603945,0.024123923034736813,-0.00359123109784254
2021-08-31,176683016.66734776,0.0013655228956106222,-0.0022306121105194476
2021-09-01,178590383.45967045,0.010795416720294146,0.0
2021-09-06,181419795.49691004,0.01584302571296356,0.0
2021-09-07,178479521.88258946,-0.016207016473958353,-0.01620701647395839
2021-09-08,179365424.53899232,0.004963609533790864,-0.011323852241651888
2021-09-09,181078151.07789505,0.009548811000251609,-0.001883170566250647
2021-09-10,183094101.63469788,0.011133041423289275,0.0
2021-09-13,184793053.00829917,0.009279115812212062,0.0
2021-09-14,188553773.73068976,0.020350985392409184,0.0
2021-09-15,192018567.19717714,0.018375625148909096,0.0
2021-09-16,188613690.03998488,-0.017732020433711033,-0.017732020433711027
2021-09-17,194047418.53625843,0.02880877042976908,0.0
2021-09-20,193913472.8446653,-0.0006902729889607481,-0.0006902729889607384
2021-09-21,199455374.32681456,0.028579249295321643,0.0
2021-09-22,200071623.0989594,0.003089657394415852,0.0
2021-09-23,197485448.02704862,-0.012926246270474825,-0.012926246270474784
2021-09-24,196307115.80728766,-0.005966678717510183,-0.018815798229465663
2021-09-27,191660243.41311145,-0.02367144143026376,-0.04204184259397692
2021-09-28,195614793.0730128,0.020633124478390497,-0.022276172687128892
2021-09-29,195540201.1478656,-0.00038132047160341457,-0.022648998798057707
2021-09-30,197534166.73830712,0.010197215604446001,-0.012682739917580399
2021-10-01,199221629.18788028,0.008542635825673167,-0.00424844812029479
2021-10-04,202218968.50836155,0.015045250521742118,0.0
2021-10-05,205014682.46724156,0.013825181581639841,0.0
2021-10-06,209431604.8265242,0.021544419678275504,0.0
2021-10-07,211882671.31601453,0.011703422181769512,0.0
2021-10-08,208389718.53677222,-0.016485315941824744,-0.016485315941824785
2021-10-11,211105125.46067622,0.013030426563126453,-0.003669700077448157
2021-10-12,214040599.79708502,0.013905272692943695,0.0
2021-10-13,218987491.21563438,0.02311193027509321,0.0
2021-10-14,221740338.09074357,0.012570795070657713,0.0
2021-10-15,223583018.76840565,0.008310083287182453,0.0
2021-10-18,219520949.32691112,-0.018168058843959632,-0.018168058843959667
2021-10-19,225012981.553302,0.02501826018532801,0.0
2021-10-20,228254465.15585962,0.01440576263725377,0.0
2021-10-21,230226291.85671377,0.008638721260097692,0.0
2021-10-22,228724309.45862675,-0.006523939494372847,-0.006523939494372799
2021-10-25,224213168.9543656,-0.019723047869020422,-0.02611831539245113
2021-10-26,226407812.70440227,0.009788201827178739,-0.01658576490771968
2021-10-27,229860931.88005835,0.015251766864443269,-0.0015869602629173807
2021-10-28,236476646.46671364,0.028781378951806283,0.0
2021-10-29,238962251.00634784,0.0105109936933416,0.0
2021-11-01,244449524.95647064,0.022962932124275304,0.0
2021-11-02,248739337.47658888,0.017548868302698185,0.0
2021-11-03,239872370.83206713,-0.03564762507802488,-0.03564762507802488
2021-11-04,243550419.35021403,0.015333356256864935,-0.02086086655619246
2021-11-05,246083529.65526786,0.010400763471531276,-0.010677072023523304
2021-11-08,254156395.69988412,0.03280538951926333,0.0
2021-11-09,257700106.8242206,0.013943033440405752,0.0
2021-11-10,261945268.17211828,0.01647326188651268,0.0
2021-11-11,261001987.7338108,-0.0036010592781071196,-0.003601059278107166
2021-11-12,266892591.10968134,0.022569189710073014,0.0
2021-11-15,273667677.9224456,0.025385068894550125,0.0
2021-11-16,270344094.6517085,-0.012144595576533442,-0.012144595576533468
2021-11-17,281314231.0054648,0.040578420504762375,0.0
2021-11-18,287819787.94676983,0.023125587774401164,0.0
2021-11-19,285107172.5333092,-0.009424700896389691,-0.009424700896389693
2021-11-22,282249081.61175394,-0.010024619500659417,-0.019354841356655328
2021-11-23,276884316.3949976,-0.019007201674922772,-0.03799416165852598
2021-11-24,278253665.7950118,0.0049455650570714715,-0.0332364991997256
2021-11-25,277813605.5748995,-0.0015815073589596986,-0.03476544279061489
2021-11-26,276884316.3949976,-0.0033450096080746426,-0.03799416165852598
2021-11-29,277457963.4985667,0.0020717934155242545,-0.036001084296954255
2021-11-30,274839984.185243,-0.009435589017927758,-0.04509698187925615
2021-12-01,274449627.3280519,-0.0014203059221833752,-0.04645323629100384
2021-12-02,271966941.100004,-0.009046054287697508,-0.05507907208137364
2021-12-03,265424025.74667624,-0.02405775983972224,-0.07781175283276742
2021-12-06,264678947.9432295,-0.002807122683603069,-0.08040044837994276
2021-12-07,268686200.2269336,0.015140049160855854,-0.06647766596011406
2021-12-08,267171803.04487118,-0.005636304286499829,-0.07173928189300638
2021-12-09,268955145.4182867,0.006674889913873096,-0.06554324378826948
2021-12-10,271180510.8807378,0.008274113733686517,-0.05781144230816182
2021-12-13,276984370.1345223,0.02140219898153747,-0.0376465353183133
2021-12-14,280750245.66747797,0.013595985690913474,-0.024562391382900062
2021-12-15,281393644.92189753,0.0022917139498485448,-0.022326967408025422
2021-12-16,287003489.4520556,0.019935931857007958,-0.0028361444518374412
2021-12-17,281063654.06718236,-0.02069603890953901,-0.023473486405448107
2021-12-20,284431550.6798785,0.011982682797865733,-0.01177207894933896
2021-12-21,290125655.84074473,0.020019245921402203,0.0
2021-12-22,295944667.7831719,0.020056867861494194,0.0
2021-12-23,292788588.51287484,-0.010664423501657402,-0.010664423501657416
2021-12-24,284149491.65407836,-0.029506262189643327,-0.03985601841535946
2021-12-27,290674132.44530493,0.022962000576688058,-0.0178091917565093
2021-12-28,284404306.20571655,-0.0215699490933138,-0.038994997490242156
2021-12-29,290344141.59058976,0.02088518090361397,-0.018924234163547937
2021-12-30,289024178.171729,-0.004546203039019797,-0.023384403791702257
2021-12-31,282274602.6020553,-0.023352979021925745,-0.046191287322440155
2022-01-04,286159868.5127362,0.01376413561427719,-0.03306293485106704
2022-01-05,290408537.13296413,0.014847185394337837,-0.018706640980143963
2022-01-06,291994671.23103565,0.005461733713927635,-0.013347077957931885
2022-01-07,288025874.06161344,-0.013592019171753886,-0.026757683390194686
2022-01-10,277908734.2681196,-0.0351258018969839,-0.06094360020119238
2022-01-11,274959930.1534452,-0.010610692472261254,-0.07090763887356633
2022-01-12,272869577.7082927,-0.007602389351735402,-0.07797096074657262
2022-01-13,266829321.81027237,-0.02213605469964704,-0.09838104599414954
2022-01-14,268145542.57331422,0.004932819054937845,-0.09393352283753631
2022-01-17,261888556.16144106,-0.023334292085658768,-0.11507594266466914
2022-01-18,255117384.47593296,-0.025855164443817916,-0.1379557996873646
2022-01-19,254781875.8785017,-0.0013151146015409757,-0.13908948660236953
2022-01-20,257866755.07260767,0.012107922447266401,-0.12866564887211474
2022-01-21,256126566.80926585,-0.006748400982716165,-0.13454576246354044
2022-01-24,252804389.21561328,-0.012970843419482365,-0.1457714338653534
2022-01-25,254295733.1434638,0.005899201087757098,-0.1407321677788187
2022-01-26,254895877.21207523,0.002360024138796167,-0.13870427495308568
2022-01-27,251741575.97762173,-0.01237486172375043,-0.14936269045379857
2022-01-28,252110722.29968888,0.0014663701084478647,-0.14811534132994952
2022-02-07,259281706.11632448,0.028443787520117142,-0.12388451510709109
2022-02-08,271876740.9185781,0.04857664272157693,-0.08132576621460708
2022-02-09,284060331.53484637,0.044812919910339186,-0.04015729135229007
2022-02-10,284970495.64130604,0.0032041225240491745,-0.037081837709967536
2022-02-11,288025246.04780626,0.01071953220850362,-0.026759805455146446
2022-02-14,287140782.92181695,-0.003070783336272249,-0.029748415226745206
2022-02-15,287168111.394573,9.517447322510508e-05,-0.02965607204326859
2022-02-16,282684579.1176686,-0.015612918353402788,-0.044805972565177155
2022-02-17,285421324.4709573,0.009681268648720555,-0.03555848257392724
2022-02-18,293548982.93439674,0.02847600290028955,-0.008095043126542745
2022-02-21,296037838.79971325,0.008478502771282733,0.0
2022-02-22,299904893.6454519,0.01306270462390092,0.0
2022-02-23,306492958.7631657,0.021967181120766344,0.0
2022-02-24,316013929.79287976,0.03106424065379957,0.0
2022-02-25,315943502.4254769,-0.00022286159173113263,-0.00022286159173112718
2022-02-28,311233870.49217516,-0.014906563664535655,-0.015126103155761239
2022-03-01,314732243.2922129,0.011240334461366715,-0.004055791152962396
2022-03-02,317827527.7950072,0.009834659679022816,0.0
2022-03-03,318913531.45393634,0.003416959086154304,0.0
2022-03-04,319931184.58487093,0.0031910001632576863,0.0
2022-03-07,312050426.91690314,-0.024632664921969177,-0.02463266492196914
2022-03-08,301949700.6612376,-0.03236889100092561,-0.056204223876973214
2022-03-09,305640790.97177887,0.012224189335038844,-0.044667085616035385
2022-03-10,306221143.8958471,0.0018988071658334342,-0.04285309263244663
2022-03-11,310157480.3607841,0.012854554766720715,-0.030549395291893044
2022-03-14,303315035.83770216,-0.02206119457484188,-0.05193663371305668
2022-03-15,304375313.0664183,0.003495630296690825,-0.04862255468668142
2022-03-16,307982826.1824651,0.011852186958603914,-0.037346651336628955
2022-03-17,304470458.7174139,-0.011404426372041487,-0.04832516057325953
2022-03-18,307535161.9394548,0.01006568333411063,-0.03874590300254943
2022-03-21,310022751.9635672,0.008088798719549803,-0.03097051209359447
2022-03-22,307343788.23938143,-0.008641184258955895,-0.039344074450955335
2022-03-23,310479955.6334431,0.010204102096961895,-0.029541443306601467
2022-03-24,310466734.19420975,-4.2583873752455976e-05,-0.029582769191261682
2022-03-25,313770690.0537257,0.010641899745204922,-0.01925568630997576
2022-03-28,311533467.21670055,-0.007130120524138487,-0.02624851146994911
2022-03-29,311493329.5472183,-0.00012883902920873553,-0.026373968666421832
2022-03-30,307301650.38246167,-0.013456722077643245,-0.03947578357763659
2022-03-31,308374877.717803,0.00349242294665719,-0.03612122676338325
2022-04-01,308447051.0844592,0.00023404424896839612,-0.03589563647980443
2022-04-04,301696498.0109849,-0.021885613915711734,-0.05699565235426041
2022-04-05,302280480.65263,0.0019356626460536868,-0.055170314063456405
2022-04-06,302280480.65263,0.0,-0.055170314063456405
2022-04-07,302280480.65263,0.0,-0.055170314063456405
2022-04-08,301917744.0758468,-0.0012000000000000803,-0.056304109686580284
2022-04-12,295350115.04975903,-0.0217530408694292,-0.0768323649568805
2022-04-13,306869138.177162,0.0390012481473464,-0.04082767494096484
2022-04-14,317772160.49618626,0.035529875645982104,-0.006748401508549828
2022-04-15,317642703.0983129,-0.00040739062122748703,-0.007153042894294415
2022-04-18,315058292.0980973,-0.008136220272044765,-0.015231064433735897
2022-04-19,322733232.30490804,0.02436038155257004,0.0
2022-04-20,317735507.3784986,-0.01548562226057877,-0.015485622260578813
2022-04-21,317424602.15166855,-0.0009785032506917873,-0.016448972779549598
2022-04-22,304695967.34811044,-0.04009971097790412,-0.05588908470311038
2022-04-25,291743020.19241875,-0.042511055424941484,-0.09602423615058864
2022-04-26,292868953.8238638,0.0038593335693256417,-0.0925354921393079
2022-04-27,292868953.8238638,0.0,-0.0925354921393079
2022-04-28,292868953.8238638,0.0,-0.0925354921393079
2022-04-29,292868953.8238638,0.0,-0.0925354921393079
2022-05-04,292868953.8238638,0.0,-0.0925354921393079
2022-05-05,292751806.24233425,-0.0004000000000000416,-0.0928984779424522
2022-05-06,288092527.4315001,-0.015915457091927588,-0.10733541329478125
2022-05-09,283331010.731331,-0.01652773413673923,-0.12208913625712736
2022-05-10,283331010.731331,0.0,-0.12208913625712736
2022-05-11,283331010.731331,0.0,-0.12208913625712736
2022-05-12,283331010.731331,0.0,-0.12208913625712736
2022-05-13,283331010.731331,0.0,-0.12208913625712736
2022-05-16,283331010.731331,0.0,-0.12208913625712736
2022-05-17,282991013.51845336,-0.00120000000000012,-0.12314262929361885
2022-05-18,286920478.6550561,0.013885476742697082,-0.11096704666601287
2022-05-19,285065795.1698457,-0.006464102854924383,-0.11671384711778099
2022-05-20,283594688.0024012,-0.005160588160245685,-0.121272123180454
2022-05-23,277980686.49130964,-0.019795862717442707,-0.13866729959596358
2022-05-24,281492368.4040073,0.012632826967306079,-0.12778623263047695
2022-05-25,289371394.1330509,0.02799019303335201,-0.10337280091545675
2022-05-26,289061575.16073817,-0.0010706620578062249,-0.10433278563751369
2022-05-27,294016324.24832416,0.017140808441353034,-0.08898032548892598
2022-05-30,294037134.3453939,7.0778713130786e-05,-0.08891584468872726
2022-05-31,293198989.89298874,-0.0028504714354229124,-0.09151286404870851
2022-06-01,292613626.1815077,-0.001996472469754005,-0.0933266336047609
2022-06-02,284864340.9957691,-0.026482994954348967,-0.11733805979224854
2022-06-03,283626201.2909683,-0.004346418721531643,-0.121174478173951
2022-06-06,282442284.1046584,-0.004174216560110077,-0.12484288622060469
2022-06-07,280149058.207867,-0.00811927259426088,-0.1319485253901862
2022-06-08,282172795.42741656,0.007223787338410217,-0.12567790613881147
2022-06-09,286393604.50794446,0.014958242427780825,-0.11259958429887085
2022-06-10,284658043.8162925,-0.0060600539409175124,-0.11797727868521235
2022-06-13,276539594.0273949,-0.028520008358298748,-0.14313257406931945
2022-06-14,274301984.9151112,-0.008091460176447797,-0.1500658827227329
2022-06-15,271615123.2699444,-0.009795268692635467,-0.1583912157725017
2022-06-16,272596082.3658076,0.0036115776030933235,-0.15535168033681912
2022-06-17,270143684.6261498,-0.008996452620939902,-0.1629505189260254
2022-06-20,265254803.7239414,-0.018097335530808653,-0.17809888424091036
2022-06-21,260578037.0484413,-0.017631223298663973,-0.19259000634227996
2022-06-22,266416757.0373811,0.022406800108999238,-0.17449853200838306
2022-06-23,267650035.09703493,0.004629130965214686,-0.17067717760107293
2022-06-24,266827849.7239324,-0.003071867234407301,-0.17322474720594638
2022-06-27,266827849.7239324,0.0,-0.17322474720594638
2022-06-28,269705498.5297913,0.010784664377561063,-0.16430825358888923
2022-06-29,270322137.55961823,0.002286342077519143,-0.1623975763852341
2022-06-30,267325413.35481232,-0.011085752102507689,-0.171683029213887
2022-07-01,273208515.3840269,0.022007268053509416,-0.15345403560452608
2022-07-04,275752307.77754927,0.009310809327984454,-0.14557200754266508
2022-07-05,270723193.62955445,-0.01823779531902169,-0.1611548903839446
2022-07-06,266509746.41818598,-0.015563672823444764,-0.17421040121955556
2022-07-07,267248984.5288601,0.002773775145596961,-0.17191984655496584
2022-07-08,276460743.0320451,0.03446882508992381,-0.14337689658543173
2022-07-11,279262068.00078934,0.010132812847209599,-0.13469689499793602
2022-07-12,282572114.36790043,0.01185283196822037,-0.12444060269276724
2022-07-13,287067470.7867136,0.015908705035771326,-0.11051158649970871
2022-07-14,287279315.5565735,0.000737961599338809,-0.10985517820748869
2022-07-15,287241504.61192846,-0.0001316173584296957,-0.10997233671755291
2022-07-18,287482355.0193242,0.0008384944498919691,-0.10922605346164027
2022-07-19,286933837.62235177,-0.0019080036996898374,-0.11092565344722283
2022-07-20,289542791.442852,0.00909252753916752,-0.10284172046682427
2022-07-21,290207331.3899676,0.0022951355266144224,-0.10078262062647136
2022-07-22,290603091.58411294,0.0013637153556727932,-0.09955634407813185
2022-07-25,285913387.44484514,-0.016137832924294274,-0.11408755335513976
2022-07-26,281894666.9365343,-0.014055726960620534,-0.12653969681619515
2022-07-27,281596389.2808392,-0.001058117412920887,-0.1274639203724891
2022-07-28,284438077.3795291,0.010091351334252608,-0.11865885224115647
2022-07-29,285228898.0848683,0.0027802912768391127,-0.1162084671361232
2022-08-01,286378482.12556314,0.004030391199536802,-0.11264644151984349
2022-08-02,287148755.31864274,0.0026897034559386457,-0.11025972358696001
2022-08-03,290004614.7874649,0.009945574953487421,-0.10141074497875746
2022-08-04,291398915.9704472,0.004807858605988407,-0.09709045489575485
2022-08-05,291130725.91694736,-0.0009203536416965151,-0.09792145098371408
2022-08-08,297256651.31114316,0.02104183739075131,-0.07894006084162852
2022-08-09,298686714.5722165,0.00481087052136802,-0.07450896073191848
2022-08-10,296266916.08345306,-0.008101460060683055,-0.08200678942306894
2022-08-11,295541915.55378807,-0.002447119439623065,-0.08425322845411376
2022-08-12,302733452.150656,0.02433338967635903,-0.061970005417219975
2022-08-15,305465519.82407457,0.009024663954411493,-0.05350459993695189
2022-08-16,305760096.51844525,0.0009643533402406311,-0.052591843936378724
2022-08-17,304366406.804399,-0.004558115103689354,-0.05691023936189077
2022-08-18,301490890.6398136,-0.009447547759215627,-0.0658201249167466
2022-08-19,306283460.3877338,0.01589623400478067,-0.050970183019866444
2022-08-22,309768081.0813651,0.011377110240363619,-0.04017296617069133
2022-08-23,314661982.5349184,0.01579859821731557,-0.025009044505104328
2022-08-24,317205863.60701996,0.008084488159669037,-0.01712674166962136
2022-08-25,318524609.629294,0.004157382235240726,-0.013040561845945486
2022-08-26,322724269.09319794,0.0131847252518153,-2.7772819198301768e-05
2022-08-29,319246874.14650226,-0.01077512687987982,-0.010802600443427512
2022-08-30,317982697.9089662,-0.003959870369649862,-0.014719693915666188
2022-08-31,320095262.76458246,0.006643647184291355,-0.00817383918441128
2022-09-05,323323479.5786338,0.010085175226181206,0.0
2022-09-06,322490612.92564964,-0.0025759547499289645,-0.002575954749928999
2022-09-07,317695899.453141,-0.0148677613559378,-0.017405417425381153
2022-09-08,313909292.7411455,-0.011918966277227615,-0.02911692911927455
2022-09-09,319708039.7404001,0.018472683457753897,-0.011182113476402855
2022-09-12,320780486.6745694,0.00335445719488371,-0.007865166202524088
2022-09-13,322053198.55152607,0.003967547683933165,-0.003928823940541504
2022-09-14,322766824.1813866,0.002215862575096722,-0.0017216670993787098
2022-09-15,321083214.70367944,-0.005216178837391921,-0.0069288654132818595
2022-09-16,313688054.2334566,-0.02303191238772061,-0.02980119277985749
2022-09-19,304756183.6537807,-0.02847373516183862,-0.0574263766709755
2022-09-20,311226285.0081751,0.021230418614720404,-0.03741514407250657
2022-09-21,307106498.4006196,-0.013237270776943642,-0.05015714045620401
2022-09-22,310545002.5457477,0.011196455180972927,-0.03952226745035481
2022-09-23,307347720.3473028,-0.010295712931248662,-0.04941107046154258
2022-09-26,298422175.860393,-0.029040542343453678,-0.07701668852102239
2022-09-27,294870451.30220735,-0.011901677708586893,-0.08800173842464953
2022-09-28,294870451.30220735,0.0,-0.08800173842464953
2022-09-29,294870451.30220735,0.0,-0.08800173842464953
2022-09-30,294752503.12168646,-0.0004000000000000312,-0.08836653772927971
2022-10-03,289623446.84050894,-0.017401230615028997,-0.10423008184262983
2022-10-04,288308799.3168314,-0.00453916123856327,-0.10829612593380078
2022-10-05,288308799.3168314,0.0,-0.10829612593380078
2022-10-06,288308799.3168314,0.0,-0.10829612593380078
2022-10-07,288308799.3168314,0.0,-0.10829612593380078
2022-10-10,288308799.3168314,0.0,-0.10829612593380078
2022-10-11,288308799.3168314,0.0,-0.10829612593380078
2022-10-12,287962828.7576512,-0.0012000000000000084,-0.10936617058268017
2022-10-13,288588263.3984846,0.002171928382325144,-0.10743177769030976
2022-10-14,291537791.9053726,0.010220542139010356,-0.09830924656225204
2022-10-17,290199554.09877014,-0.0045902721491313326,-0.10244825251488654
2022-10-18,293516929.4486338,0.011431359225088856,-0.09218801606627802
2022-10-19,292446661.9047208,-0.0036463571144720167,-0.09549822275249764
2022-10-20,290988159.051991,-0.00498724397546715,-0.10000919379187456
2022-10-21,280239588.27187407,-0.036938172381771946,-0.1332532093336003
2022-10-24,269284560.1992172,-0.03909165061300641,-0.16713577204427577
2022-10-25,261614958.61316982,-0.02848140116304253,-0.19085691223503043
2022-10-26,264972168.9555238,0.012832639082071839,-0.18047347102398936
2022-10-27,264972168.9555238,0.0,-0.18047347102398936
2022-10-28,264972168.9555238,0.0,-0.18047347102398936
2022-10-31,264972168.9555238,0.0,-0.18047347102398936
2022-11-01,264972168.9555238,0.0,-0.18047347102398936
2022-11-02,264972168.9555238,0.0,-0.18047347102398936
2022-11-03,264866180.0879416,-0.00039999999999997145,-0.18080128163557974
2022-11-04,260662241.05691603,-0.015871935894683706,-0.19380355117846693
2022-11-07,258365322.8595645,-0.008811856247526006,-0.20090763839274828
2022-11-08,258365322.8595645,0.0,-0.20090763839274828
2022-11-09,258365322.8595645,0.0,-0.20090763839274828
2022-11-10,258365322.8595645,0.0,-0.20090763839274828
2022-11-11,258365322.8595645,0.0,-0.20090763839274828
2022-11-14,258365322.8595645,0.0,-0.20090763839274828
2022-11-15,258158630.60127684,-0.0008000000000000643,-0.20154691228203403
2022-11-16,266032607.28401446,0.03050053629583622,-0.17719366489956978
2022-11-17,267854344.01064736,0.006847794882106389,-0.17155925588910437
2022-11-18,266413158.1326275,-0.005380483498757748,-0.17601666764249158
2022-11-21,266937225.7246347,0.0019671235297857364,-0.17439579064125987
2022-11-22,269752005.72410816,0.010544726355915246,-0.16569002017528023
2022-11-23,270474681.9706835,0.002679039381506882,-0.16345487088294552
2022-11-24,272701969.23671424,0.00823473476261317,-0.1565661436277106
2022-11-25,276838822.0431924,0.015169867742638921,-0.14377136357687914
2022-11-28,279455435.8417121,0.00945175889424745,-0.13567849694705747
2022-11-29,284294391.52669346,0.0173156613340032,-0.12071219851649617
2022-11-30,284945309.40157175,0.002289590981316176,-0.11869898909623822
2022-12-01,290701719.68338966,0.020201807476344303,-0.10089511574525278
2022-12-02,296445630.11981523,0.01975877694387704,-0.08312990288811284
2022-12-05,298930784.56671876,0.008383171126182887,-0.07544362396354398
2022-12-06,288148973.47991985,-0.036067918205301135,-0.10879044771061652
2022-12-07,283135654.42889273,-0.01739835818424833,-0.12429603071857076
2022-12-08,291965546.38779426,0.031186082786755075,-0.09698625423587004
2022-12-09,300062456.10405827,0.027732415062116742,-0.07194350223154244
2022-12-12,304109319.8175318,0.013486737947882929,-0.059427047445309245
2022-12-13,309093431.04336035,0.016389209080534057,-0.04401180067039523
2022-12-14,310438903.00358826,0.004352962001444673,-0.039850420364883954
2022-12-15,305195288.49205494,-0.01689097101168635,-0.056068279081383565
2022-12-16,308158243.0487901,0.009708388918370513,-0.046904222822318875
2022-12-19,300644836.39831126,-0.024381650726407005,-0.07014227117027849
2022-12-20,290883499.3656707,-0.032468001611403716,-0.1003328934082981
2022-12-21,293814559.0561705,0.010076404116739521,-0.09126748407174234
2022-12-22,293247548.34546775,-0.0019298250996281556,-0.09302117888982886
2022-12-23,299497913.2155361,0.021314295397637798,-0.07368956437728547
2022-12-26,291020623.709189,-0.028305003581932702,-0.09990878457556807
2022-12-27,291171178.3576637,0.0005173332616630617,-0.09944313745129818
2022-12-28,292582159.433546,0.004845881669473205,-0.09507914545875518
2022-12-29,291621157.4737927,-0.003284554197063428,-0.09805140704954884
2022-12-30,292740304.1592845,0.003837673148226138,-0.09459002315330256
2023-01-03,302401730.861908,0.03300340460590154,-0.06470841135321104
2023-01-04,299320101.7956732,-0.010190513981026304,-0.07423951336365242
2023-01-05,295799840.08459723,-0.01176085966147045,-0.08512725252711717
2023-01-06,293349156.88982624,-0.008284937524205926,-0.09270691608252857
2023-01-09,297538992.9125912,0.014282761427327253,-0.07974826542027136
2023-01-10,296681317.6520215,-0.002882564238636289,-0.08240095016091387
2023-01-11,295776336.6885228,-0.0030503469873359762,-0.0851999456581729
2023-01-12,299526858.5277336,0.012680263340878486,-0.07360004006486853
2023-01-13,303234135.83576894,0.012377111442552161,-0.062133884520375604
2023-01-16,301147479.92360526,-0.006881335791606932,-0.06858765618856089
2023-01-17,307988177.11925817,0.02271543895166661,-0.047430215953883414
2023-01-18,314832686.95254946,0.02222328758626661,-0.026260983697038665
2023-01-19,317757944.13053477,0.009291465909402843,-0.017213520822404238
2023-01-27,317357192.02165663,-0.0012611867501053158,-0.01845299810812573
2023-01-30,314858294.6091788,-0.007874084707389662,-0.02618178234530666
2023-01-31,318042949.8216777,0.01011456667022824,-0.01633203305815545
2023-02-01,311850723.9479804,-0.019469778774122103,-0.03548383076170358
2023-02-02,306523853.854406,-0.017081474194246143,-0.05195918881648076
2023-02-03,306351730.6936188,-0.000561532678853048,-0.05249154471284667
2023-02-06,308157107.042603,0.005893148848536429,-0.046907736350592644
2023-02-07,300257754.82115805,-0.025634171793911836,-0.07133946717242978
2023-02-08,295883037.73824215,-0.014569872093800229,-0.08486993235428786
2023-02-09,296251709.93564314,0.0012460065308885302,-0.08372967431338885
2023-02-10,294165239.24738765,-0.007042898380936764,-0.0901828731066675
2023-02-13,292895760.09369,-0.004315530811681187,-0.0941092169507709
2023-02-14,293257750.1890018,0.0012359007695981294,-0.0929896258348285
2023-02-15,294255736.77121556,0.0034031038619459046,-0.0899029753276821
2023-02-16,295887206.020225,0.005544392326590054,-0.08485704036763642
2023-02-17,294527229.3426994,-0.004596267259465827,-0.08906328199072533
2023-02-20,296161212.41181517,0.0055478166577750425,-0.08400957209237447
2023-02-21,297616454.4077668,0.004913681923776446,-0.07950868648441256
2023-02-22,292566777.4798728,-0.016967062314959883,-0.0951267199612108
2023-02-23,293704233.79629356,0.00388785195030897,-0.0916087066146295
2023-02-24,291922504.6354867,-0.006066406118076598,-0.09711937711443008
2023-02-27,289831928.53980035,-0.007161407779426955,-0.10358527343105661
2023-02-28,290240634.0141165,0.0014101464817050182,-0.10232119735823686
2023-03-01,292737191.2861128,0.008601680741487197,-0.09459965088951194
2023-03-02,293945202.8693368,0.0041266078215641665,-0.0908634187272257
2023-03-03,293022605.8691286,-0.0031386700351027936,-0.09371689847268228
2023-03-06,291318696.28006434,-0.005814942447905368,-0.09898688254957289
2023-03-07,296851122.46092236,0.018990975352777637,-0.0818757646435424
2023-03-08,300647852.0915668,0.012790012714687458,-0.07013294399967063
2023-03-09,300469823.69722086,-0.0005921492307609035,-0.07068356406159115
2023-03-10,302653737.8115505,0.0072683309340585735,-0.063928984662731
2023-03-13,301782689.4284196,-0.002878036099700419,-0.0666230308367548
2023-03-14,298982022.6201544,-0.009280409070413248,-0.07528515092749222
2023-03-15,302367844.08470416,0.011324498492845307,-0.06481321901285897
2023-03-16,302997313.74161625,0.0020818009230364827,-0.06286634630898846
2023-03-17,305756837.1190746,0.009107418621577427,-0.054331477820456
2023-03-20,300363087.6418371,-0.017640650420310666,-0.07101368563371713
2023-03-21,302618438.6400625,0.007508748881003467,-0.06403816068525181
2023-03-22,303907210.63904846,0.004258735868103612,-0.06005214642898582
2023-03-23,305518175.63778085,0.00530084493666633,-0.0550696286086535
2023-03-24,307830208.73781353,0.0075675795562939255,-0.047918792847991165
2023-03-27,310691450.9270071,0.009294871354326814,-0.03906932050864109
2023-03-28,308365362.0376135,-0.007486813307714902,-0.046263629107648474
2023-03-29,305998811.5098944,-0.00767450180552534,-0.053583080608057054
2023-03-30,299155981.9567449,-0.022362274936248244,-0.07474711596381678
2023-03-31,301605129.4915627,0.008186857968870361,-0.06717220201692486
2023-04-03,309557606.76042,0.026367181759353226,-0.042576161917327826
2023-04-04,314394289.21295035,0.015624498790862024,-0.02761689431686265
2023-04-05,317587791.68696415,0.010157635121198825,-0.01773978153131528
2023-04-06,318804086.2371413,0.00382979000457303,-0.013977931164734114
2023-04-07,324474108.6218685,0.017785287671970282,0.0
2023-04-10,324522636.6189221,0.00014955891938415382,0.0
2023-04-11,331576100.7638097,0.02173489103371933,0.0
2023-04-12,329478870.34389365,-0.006325034931905257,-0.006325034931905282
2023-04-13,326395123.86831474,-0.009359466579329482,-0.015625302558176513
2023-04-14,327189016.16030145,0.0024323043879387195,-0.013231003662212859
2023-04-17,332518522.14311326,0.016288768019647383,0.0
2023-04-18,339741298.1993277,0.02172142474850116,0.0
2023-04-19,347730387.940259,0.023515215204258266,0.0
2023-04-20,343728997.52251554,-0.011507163470656738,-0.011507163470656723
2023-04-21,341585141.8887528,-0.00623705200671144,-0.017672444700352008
2023-04-24,335403054.05376256,-0.01809823401804649,-0.035450838678540486
2023-04-25,326364040.14031494,-0.02694970664160599,-0.06144515561756092
2023-04-26,331291495.29459304,0.015098033325484083,-0.047274823299280344
2023-04-27,330346290.8787019,-0.002853089890069802,-0.04999303386894016
2023-04-28,334044185.3138088,0.011193994112271366,-0.03935866148345224
2023-05-04,333658936.94029546,-0.0011532856743230833,-0.04046655537732591
2023-05-05,336330020.0810629,0.008005429632011972,-0.032785077906837046
2023-05-08,335480690.5991965,-0.0025252859725745334,-0.03522757218206374
2023-05-09,333444394.8924834,-0.006069785128545212,-0.041083533516863446
2023-05-10,332947146.4511269,-0.0014912484629314993,-0.04251351622358612
2023-05-11,338292972.092113,0.016056078864069363,-0.02714003772879159
2023-05-12,343573082.44558495,0.015608099455386338,-0.01195554268149912
2023-05-15,339219581.50185966,-0.012671251521617077,-0.02447530251472152
2023-05-16,343935693.9141696,0.013902830701664816,-0.010912747800290945
2023-05-17,338439896.03779864,-0.015979143699294155,-0.026717515134330072
2023-05-18,337447991.47796446,-0.002930814515211296,-0.02957002556837529
2023-05-19,338291718.13742876,0.0025003161398855014,-0.027143643840675247
2023-05-22,341347672.3705714,0.00903348816804659,-0.018355357458101018
2023-05-23,342792487.1615652,0.004232678022849678,-0.014200371753365859
2023-05-24,347823210.3674816,0.0146757102163249,0.0
2023-05-25,348863802.0267561,0.0029917257625651675,0.0
2023-05-26,345483328.00308853,-0.009689953512025042,-0.009689953512025062
2023-05-29,351228448.6794306,0.01662922697181703,0.0
2023-05-30,360985279.84490603,0.02777915969551936,0.0
2023-05-31,357400204.2464004,-0.009931362298335019,-0.009931362298335022
2023-06-01,361491655.83547115,0.011447815475365511,0.0
2023-06-02,361025186.28026146,-0.0012904019987172392,-0.0012904019987172166
2023-06-05,356883008.16707206,-0.011473377123262126,-0.012748973853207501
2023-06-06,363976971.86418736,0.019877560810612527,0.0
2023-06-07,363572498.5708318,-0.0011112606692780206,-0.0011112606692780247
2023-06-08,361880560.6876198,-0.00465364649378821,-0.005759735748748995
2023-06-09,366847200.2944881,0.013724527223653601,0.0
2023-06-12,370460689.1874842,0.009850119859427547,0.0
2023-06-13,365938129.5132276,-0.012207934083845068,-0.012207934083845018
2023-06-14,359531287.5311369,-0.017507992377326514,-0.029502190044288668
2023-06-15,361615479.2086947,0.005796968858732014,-0.0238762444625078
2023-06-16,362644447.2046923,0.0028454755262392185,-0.021098708205545158
2023-06-19,361871787.3393325,-0.0021306264891563617,-0.02318438122811184
2023-06-20,368833074.17374563,0.019236887422465487,-0.004393489137291096
2023-06-21,381963843.3658944,0.035600845237548445,0.0
2023-06-22,384278234.0959018,0.006059187983901365,0.0
2023-06-23,388057416.24183196,0.009834494412158211,0.0
2023-06-26,380388599.01150256,-0.019762068470688097,-0.019762068470688066
2023-06-27,373443017.9276837,-0.0182591725984112,-0.03766040204999144
2023-06-28,370822767.5247013,-0.007016466441179571,-0.04441262554402581
2023-06-29,358996652.60808384,-0.031891555622537905,-0.07488779344868346
2023-06-30,363215771.3716063,0.011752529537172181,-0.06401538491599068
2023-07-03,365250205.10019284,0.0056011712291675906,-0.05877277481903853
2023-07-04,376875532.57702154,0.031828394110387195,-0.028815023748552826
2023-07-05,373910704.46905947,-0.007866862801331243,-0.036455202711437096
2023-07-06,370376540.6360311,-0.0094518926331536,-0.045562524682642325
2023-07-07,373906013.0672119,0.009529416806798372,-0.03646729216431488
2023-07-10,379678709.2168412,0.015438896267740998,-0.02159141063746417
2023-07-11,383199812.4982383,0.009273902370401654,-0.0125177449013536
2023-07-12,381071094.5511968,-0.005555112183285053,-0.018003319607429846
2023-07-13,384968337.3600532,0.01022707537932341,-0.007960365534809721
2023-07-14,388091698.1356385,0.008113292633373318,0.0
2023-07-17,383686757.04267323,-0.011350258493356675,-0.01135025849335669
2023-07-18,381085350.5867317,-0.0067800266967573035,-0.018053330134513934
2023-07-19,383224511.51943576,0.005613338139108648,-0.012541331441987214
2023-07-20,383494672.64440775,0.0007049682806061434,-0.011845204402244236
2023-07-21,390404934.30691576,0.01801918554658905,0.0
2023-07-24,391436263.7490488,0.00264169161684389,0.0
2023-07-25,391716569.6948644,0.0007160960078938122,0.0
2023-07-26,395349132.338395,0.009273446477794559,0.0
2023-07-27,396456588.3351965,0.002801210136092015,0.0
2023-07-28,404161910.8245958,0.01943547595401444,0.0
2023-07-31,407821735.20167285,0.009055342126649307,0.0
2023-08-01,398793095.85570407,-0.02213869091970787,-0.022138690919707882
2023-08-02,406663907.66311693,0.01973657991877766,-0.0028390530435641326
2023-08-03,407025153.44026995,0.0008883153147986605,-0.0019532597030635923
2023-08-04,410711914.9146415,0.009057822208800116,0.0
2023-08-07,413486592.49446034,0.006755775712997047,0.0
2023-08-08,403762452.6842222,-0.02351742471642149,-0.023517424716421487
2023-08-09,403785952.3094243,5.8201610986444354e-05,-0.02346059185743976
2023-08-10,399051039.7088964,-0.011726293531131768,-0.034911779602037174
2023-08-11,403784612.7174496,0.011862074114645333,-0.02346383160450538
2023-08-14,417569649.2323395,0.034139578579077866,0.0
2023-08-15,415338603.3394743,-0.005342931166014432,-0.005342931166014475
2023-08-16,423799515.77876973,0.020371119783392587,0.0
2023-08-17,422393315.03068256,-0.0033180801198018062,-0.003318080119801836
2023-08-18,402017526.51012444,-0.048238899138538745,-0.051396918726107854
2023-08-21,403034134.1941807,0.002528764586164578,-0.04899812484785582
2023-08-22,409381880.4773883,0.015749897451984227,-0.03401994283756482
2023-08-23,407096626.75326663,-0.005582205351777685,-0.03941224188236747
2023-08-24,422694759.0615574,0.03831555282757109,-0.002606790890693267
2023-08-25,426205808.09309155,0.008306346261139278,0.0
2023-08-28,431633790.4828665,0.01273558991150445,0.0
2023-08-29,431654655.93048567,4.8340625963963756e-05,0.0
2023-08-30,440819727.45837235,0.021232416706198222,0.0
2023-08-31,444025635.35703045,0.0072726053281289196,0.0
2023-09-05,443128927.3052527,-0.0020194961289943508,-0.0020194961289943247
2023-09-06,448856830.85754186,0.012926042962533742,0.0
2023-09-07,446265270.5002077,-0.005773690359981725,-0.005773690359981765
2023-09-08,445541777.4607112,-0.0016212174402135205,-0.007385547392689262
2023-09-11,441861598.9618411,-0.008260007669414572,-0.01558455038399742
2023-09-12,459484631.2891843,0.039883602396652444,0.0
2023-09-13,455228877.5596021,-0.009262015396775614,-0.009262015396775625
2023-09-14,447656277.63076085,-0.016634709048855913,-0.025742653514300162
2023-09-15,447527663.27445537,-0.0002873060487081221,-0.026022563542943855
2023-09-18,441334891.0371784,-0.0138377417654272,-0.039500211793989326
2023-09-19,444211642.50035775,0.006518296018741492,-0.03323938984852404
2023-09-20,447920349.25728405,0.008348963426647043,-0.025167940872046435
2023-09-21,436393326.0844573,-0.025734537830085683,-0.05025479337565508
2023-09-22,423824561.5231107,-0.028801459165565008,-0.07760884116193723
2023-09-25,411185946.3923695,-0.029820393337567364,-0.10511490832958281
2023-09-26,413028095.07654536,0.004480086686664139,-0.10110574554429597
2023-09-27,420059123.3004416,0.017023123384846794,-0.08580375774076665
2023-09-28,417041100.0129831,-0.00718475833531638,-0.09237203681245354
2023-09-29,416288700.14458466,-0.0018041384131564123,-0.09400952328569512
2023-10-02,417888414.71881574,0.003842800858335761,-0.09052798230413339
2023-10-03,404289720.46858406,-0.03254144831792436,-0.12012351896458184
2023-10-04,413441365.51380813,0.022636353540270666,-0.1002063238680948
2023-10-05,411997386.5868503,-0.0034925845534670374,-0.10334892936266049
2023-10-06,415346664.73682153,0.008129367464483197,-0.09605972332202728
2023-10-09,419372048.67132545,0.00969162455428537,-0.08729907354096744
2023-10-10,420070019.0862361,0.0016643226870317594,-0.08578004468258682
2023-10-11,428492817.58743095,0.020050939411283525,-0.06744907574993098
2023-10-12,427835545.912863,-0.001533915266698318,-0.06887952984961188
2023-10-13,434769506.7697185,0.016207070504300144,-0.05378879474188736
2023-10-16,430803941.3425408,-0.009121075340911942,-0.062419258433461744
2023-10-17,418641925.1561346,-0.02823097706233828,-0.08888807884271677
2023-10-18,415705154.6333791,-0.007014993831925029,-0.09527952334982848
2023-10-19,405278490.14731395,-0.025081874424339744,-0.1179716087342969
2023-10-20,411027073.97425294,0.014184280603812565,-0.10546067053205477
2023-10-23,409796570.5346813,-0.002993728436605854,-0.1081386783603453
2023-10-24,413819175.4634491,0.009816101983282373,-0.0993840766721854
2023-10-25,412545742.4312384,-0.0030772692705323527,-0.10215551437759429
2023-10-26,394759036.4139668,-0.0431145063149846,-0.14086563612283554
2023-10-27,394826042.28001714,0.00016973865033984028,-0.14071980781545046
2023-10-30,392290046.2715924,-0.006423071775559801,-0.1462390261651687
2023-10-31,388739651.8597977,-0.009050432060508195,-0.15396593185477414
2023-11-01,390966549.6904209,0.005728507035413921,-0.1491194197432043
2023-11-02,401527000.65342647,0.027011136813028188,-0.12613616797833926
2023-11-03,408937403.62429446,0.01845555332221406,-0.11000852743010914
2023-11-06,406592615.20441246,-0.005733856573404181,-0.11511161088537769
2023-11-07,403721373.9888196,-0.0070617151129254,-0.12136044059604056
2023-11-08,410585175.1028146,0.017001331998303112,-0.10642239773977114
2023-11-09,410892096.8484227,0.0007475227168911666,-0.10575442818277647
2023-11-10,406573637.6002947,-0.010509959381674523,-0.11515291281981777
2023-11-13,408413243.2197696,0.004524655435932166,-0.11114928463683926
2023-11-14,412937482.0576446,0.011077600721777988,-0.10130295131077938
2023-11-15,415079120.732936,0.0051863508844480575,-0.09664199307745924
2023-11-16,413279619.2473488,-0.004335321618706636,-0.10055834057430224
2023-11-17,406386160.13652277,-0.016679891264370007,-0.11556092965216735
2023-11-20,405000927.7495693,-0.003408660340421321,-0.1185756820347812
2023-11-21,405976751.46747583,0.002409435759391473,-0.11645194676387849
2023-11-22,402909876.92548394,-0.007554310760175604,-0.1231265433295724
2023-11-23,395614939.74461937,-0.01810563006429781,-0.13900288974924924
2023-11-24,394996283.951632,-0.0015637826857264451,-0.1403493021227198
2023-11-27,395305611.8481257,0.0007831159660518504,-0.1396760959359845
2023-11-28,398089562.9165685,0.007042528577895324,-0.13361724025536725
2023-11-29,398708218.7095558,0.0015540618258232124,-0.1322708278818967
2023-11-30,401801497.67449224,0.007758252325342143,-0.12553876601454428
2023-12-01,403038809.2604668,0.0030794100896481625,-0.12284594126760329
2023-12-04,406750744.01839054,0.009209869304483918,-0.1147674670267802
2023-12-05,401331572.9100874,-0.013323076080367566,-0.12656148741239892
2023-12-06,408782509.006938,0.018565536827375027,-0.11034563254050622
2023-12-07,407095567.1171144,-0.004126746748342221,-0.11401701080856808
2023-12-08,402512266.58288586,-0.011258537071984442,-0.1239918831375274
2023-12-11,407207146.4426867,0.011663942318225077,-0.11377417499214659
2023-12-12,408050617.38759845,0.002071355948146392,-0.11193848585811561
2023-12-13,410608925.0537268,0.006269584108233945,-0.10637070950191752
2023-12-14,407290830.93686587,-0.008080910848264598,-0.11359204812983037
2023-12-15,404992197.0396961,-0.00564371628961635,-0.11859468312704557
2023-12-18,403746817.30684674,-0.0030750709321130235,-0.12130506699637145
2023-12-19,398296599.1949458,-0.013499098638736193,-0.1331666565703451
2023-12-20,400359175.5634692,0.005178493546498583,-0.12867776569550482
2023-12-21,408141265.6674187,0.019437771328699942,-0.11174120335148219
2023-12-22,407878038.7646811,-0.0006449406734385753,-0.1123140775779804
2023-12-25,411812339.9019841,0.009645778304756507,-0.1037516559660443
2023-12-26,411878646.4841902,0.00016101164482325064,-0.10360734954600126
2023-12-27,411709308.05902743,-0.0004111366942867046,-0.10397588945709191
2023-12-28,408509350.9131761,-0.00777237017287093,-0.1109401205280488
2023-12-29,405205270.33220214,-0.008088139411222993,-0.118130960778143
2024-01-02,407572387.0728466,0.005841771847399235,-0.11297928305172378
2024-01-03,416696407.3430595,0.022386257164625153,-0.0931222091717695
2024-01-04,414628360.97516406,-0.0049629570388708315,-0.09762300468715612
2024-01-05,412941419.08534056,-0.004068563679184847,-0.10129438295521787
2024-01-08,416253334.684648,0.008020303719213404,-0.09408649095235566
2024-01-09,420321706.2660069,0.009773787360625215,-0.0852322849478061
2024-01-10,411734780.3850092,-0.02042941335883161,-0.10392045272592132
2024-01-11,419898014.8777669,0.019826438964238864,-0.086154386274789
2024-01-12,414061266.1312696,-0.013900396143088273,-0.09885720231919304
2024-01-15,406241283.1764501,-0.018886052848856277,-0.11587623282055892
2024-01-16,413507608.78738856,0.01788672375717752,-0.10006215522986517
2024-01-17,412579625.09790766,-0.002244175608284969,-0.10208177379007088
2024-01-18,412045482.0494895,-0.001294642333080333,-0.10324425673736659
2024-01-19,414100860.36093605,0.004988231641864435,-0.09877103136380028
2024-01-22,417619026.1784785,0.008495915257157281,-0.09111426641897191
2024-01-23,422792259.42391133,0.01238744626357603,-0.07985549323450603
2024-01-24,414593356.87782955,-0.019392272122610403,-0.09769918590182758
2024-01-25,418198517.53427184,0.008695654661694535,-0.08985308962146399
2024-01-26,420655962.428089,0.005876264000901907,-0.08450482609647458
2024-01-29,421976683.3103926,0.003139669944722042,-0.08163047341443153
2024-01-30,422836229.0851961,0.002036950876196174,-0.07975979980258119
2024-01-31,415256614.6912799,-0.0179256503405932,-0.09625570386067761
2024-02-01,417707953.15290385,0.005903189437322751,-0.09092073007766732
2024-02-02,415149287.3563683,-0.006125489776343666,-0.09648928585146255
2024-02-05,410658812.0890598,-0.010816531315526033,-0.10626213778496352
2024-02-06,411409291.7210472,0.001827501589871243,-0.10462883042083737
2024-02-07,409132692.3178697,-0.005533660636719721,-0.1095835106171913
2024-02-15,410280379.0234761,0.002805169880471743,-0.10708574110009927
2024-02-16,404991150.6281034,-0.012891741028322731,-0.1185969604863335
2024-02-19,408464396.8718463,0.008576104041671683,-0.11103795631681868
2024-02-20,412950185.161028,0.01098207903439159,-0.10127530489451564
2024-02-21,414423371.18467855,0.0035674666741608674,-0.09806913449548149
2024-02-22,413587467.57491314,-0.0020170281598160845,-0.09988835444941135
2024-02-23,408604896.5760382,-0.0120472001438788,-0.11073217959519543
2024-02-26,422223313.8046261,0.03332906027976012,-0.08109371880407279
2024-02-27,427627376.8719784,0.012799063648704386,-0.0693325788238518
2024-02-28,426571488.00451624,-0.0024691797685775074,-0.07163056399149414
2024-02-29,422937245.9244866,-0.00851965539710706,-0.07953995166749328
2024-03-01,427747922.4797039,0.011374445267173865,-0.06907022922711503
2024-03-04,430596219.7819289,0.006658822059761475,-0.0628713335334038
2024-03-05,436963646.47911096,0.014787465390213547,-0.04901357581185206
2024-03-06,431260208.936417,-0.013052430307761598,-0.061426259837195296
2024-03-07,431136879.9850915,-0.0002859734071678735,-0.061694666967547884
2024-03-08,428323665.1640185,-0.006525108269954255,-0.06781721085586012
2024-03-11,433434623.72080266,0.011932468300174373,-0.0566939692744296
2024-03-12,446114225.3996128,0.02925378127377682,-0.029098700977349123
2024-03-13,457109905.51331437,0.024647678750553303,-0.005168237660543973
2024-03-14,455288511.4347757,-0.003984586762549612,-0.009132231131725677
2024-03-15,465300152.8640008,0.02198966408722867,0.0
2024-03-18,445488986.77861345,-0.042577175106103635,-0.04257717510610359
2024-03-19,445807318.9535216,0.000714568001355232,-0.041893031391667335
2024-03-20,450615681.21802783,0.010785740969424338,-0.0315591378072575
2024-03-21,452507232.8217789,0.004197704790561531,-0.0274939089606554
2024-03-22,455786519.58870935,0.00724692674298538,-0.02044622856178624
2024-03-25,444801970.0731765,-0.024100207100124508,-0.044053677319155216
2024-03-26,456021798.1044212,0.025224321801899544,-0.019940579650511103
2024-03-27,452966071.2526156,-0.006700835057682743,-0.02650779617300114
2024-03-28,457839080.3991623,0.01075800033559044,-0.01603496671753568
2024-03-29,456951449.41817755,-0.0019387400922849913,-0.017942619176966934
2024-04-01,455766489.8132876,-0.002593184913624199,-0.02048927556123048
2024-04-02,467508811.10786855,0.025763897866627656,0.0
2024-04-03,459030637.63548756,-0.018134788630592938,-0.018134788630592924
2024-04-04,462501673.0642888,0.0075616639592531055,-0.010710253848936424
2024-04-05,452706652.2639473,-0.021178346740769426,-0.03166177512001145
2024-04-08,446738037.6290843,-0.013184287451961412,-0.04442862462755126
2024-04-09,453528973.50519073,0.01520115885396083,-0.02990283235421687
2024-04-10,451018411.7405722,-0.005535614946968283,-0.03527291673544841
2024-04-11,460344708.5872599,0.020678306259595013,-0.015323994650778272
2024-04-12,467528169.0276052,0.01560452484050577,0.0
2024-04-15,450809476.82846606,-0.035759753757536615,-0.035759753757536594
2024-04-16,456153752.97824526,0.011854844284501828,-0.024328835785482505
2024-04-17,447872130.6920884,-0.01815533081134553,-0.04204246853488769
2024-04-19,434674688.0375838,-0.029466987896993806,-0.07027059152040427
2024-04-22,440888858.15888345,0.01429613983127152,-0.05697904989153457
2024-04-23,440888858.15888345,0.0,-0.05697904989153457
2024-04-24,440888858.15888345,0.0,-0.05697904989153457
2024-04-25,440888858.15888345,0.0,-0.05697904989153457
2024-04-26,440536147.07235634,-0.0008000000000000055,-0.05773346665162138
2024-05-02,443847264.77527124,0.007516109006989284,-0.050651288673337014
2024-05-03,443847264.77527124,0.0,-0.050651288673337014
2024-05-06,450158692.43445945,0.014219818753155578,-0.03715172206473005
2024-05-07,452229182.2307633,0.004599466435062386,-0.03272313372830915
2024-05-08,451202267.1884678,-0.0022707845549239714,-0.034919611096574155
2024-05-09,451280880.2031125,0.0001742300967026073,-0.0347514650470897
2024-05-10,449218720.26266503,-0.004569570817002734,-0.03916223658356521
2024-05-13,443811028.9626882,-0.012037991864664203,-0.050728793762834457
2024-05-14,444650054.37388325,0.0018905014892398669,-0.048934195133750524
2024-05-15,444993871.8945962,0.0007732317073414171,-0.04819880089765971
2024-05-16,446533488.2047323,0.0034598595786972143,-0.04490570240193004
2024-05-17,447541397.36305475,0.0022571860452722295,-0.04274987688147258
2024-05-20,444909430.0210326,-0.005880947231987736,-0.04837941434334636
2024-05-21,446941229.20842147,0.004566770336364518,-0.044033581681295786
2024-05-22,442565775.0544187,-0.009789775183086514,-0.05339227799921631
2024-05-23,442814554.8105876,0.0005621305807895143,-0.052860160850668136
2024-05-24,434483655.03682995,-0.018813518397833944,-0.07067919363982567
2024-05-27,435125169.257851,0.0014764979386087075,-0.0693070533849286
2024-05-28,441407878.61730343,0.014438855307240003,-0.05586891259328475
2024-05-29,437578988.92224944,-0.00867426677350634,-0.0640585575146112
2024-05-30,438398881.05471927,0.0018737008705313183,-0.062304883219060025
2024-05-31,435985301.18523306,-0.005505442586166088,-0.06746730984782578
2024-06-03,438557063.3350954,0.005898735904332032,-0.06196654578646188
2024-06-04,440004841.1936219,0.0033012302835041586,-0.05886988134047211
2024-06-05,438013486.56303084,-0.004525756183020608,-0.06312920679402234
2024-06-06,435840702.25698537,-0.0049605420214219945,-0.06777659373236355
2024-06-07,438002994.24445033,0.0049611979245343845,-0.06315164890398617
2024-06-10,443764588.68496823,0.013154235282013494,-0.05082812527010283
2024-06-11,440807066.3850894,-0.006664619880200497,-0.057153995016154924
2024-06-12,441584809.49986905,0.0017643617221422085,-0.055490473615086744
2024-06-13,442017180.46137387,0.0009791345902376318,-0.05456567166699433
2024-06-14,430926497.2558401,-0.025091068166077573,-0.07828762884574747
2024-06-17,428833188.3707705,-0.00485769359368685,-0.08276502512632544
2024-06-18,431737211.52270305,0.006771917917467036,-0.07655358516545097
2024-06-19,433830520.40777266,0.004848571837684951,-0.072076188884873
2024-06-20,433924540.29782903,0.00021672032195429466,-0.07187508893777905
2024-06-21,435584995.3773232,0.0038265986946820433,-0.06832352736460656
2024-06-24,422169183.4283167,-0.03079952728258034,-0.09701872230207853
2024-06-25,421925875.9995607,-0.0005763268336645695,-0.09753913464271258
2024-06-26,425398073.0922403,0.008229400684311609,-0.09011242257977681
2024-06-27,424855064.8988509,-0.0012764707405517892,-0.09127386744954535
2024-06-28,414706357.65029883,-0.023887457363767756,-0.11298102419618583
2024-07-01,415404776.052846,0.001684127551128893,-0.11148717110066053
2024-07-02,416042374.226708,0.0015348840711953392,-0.1101234069125302
2024-07-03,416042374.226708,0.0,-0.1101234069125302
2024-07-04,418592766.92215586,0.006130127250110618,-0.1046683501600092
2024-07-05,418592766.92215586,0.0,-0.1046683501600092
2024-07-08,416498376.7880286,-0.005003407367802763,-0.10914805913344561
2024-07-09,415890151.02610373,-0.0014603316503065543,-0.11044899841843003
2024-07-10,413468934.30811095,-0.0058217697919006805,-0.11562775956779259
2024-07-11,415437663.494759,0.004761492395897881,-0.11141682786983143
2024-07-12,414351729.1940103,-0.0026139524558596154,-0.11373954203485659
2024-07-15,413026940.6238497,-0.003197256043163094,-0.11657314363990223
2024-07-16,411141327.47603345,-0.004565351463437585,-0.12060629773142584
2024-07-17,409175698.7442055,-0.004780907684213663,-0.12481059784005077
2024-07-18,412703869.0933495,0.008622629251864888,-0.11726416410006424
2024-07-19,410744743.178682,-0.004747050031227966,-0.12145455527743909
2024-07-22,409141821.97577226,-0.0039024752709067912,-0.12488305714983672
2024-07-23,408429412.5522568,-0.0017412285551136474,-0.12640683575979117
2024-07-24,410922845.5345609,0.006104930021378106,-0.12107361062495037
2024-07-25,410566640.8228032,-0.0008668408574226149,-0.1218354999299276
2024-07-26,409141821.97577226,-0.003470371689661646,-0.12488305714983672
2024-07-29,409676129.0434089,0.0013059214163353083,-0.12374022319237077
2024-07-30,408814508.5181917,-0.0021031748352754987,-0.12558315070411674
2024-07-31,412051466.4315312,0.007917913493511583,-0.11865959373412294
2024-08-01,400080114.94337565,-0.029053049105322797,-0.1442652198358706
2024-08-02,399808794.74258655,-0.0006781646741615604,-0.1448455489342293
2024-08-05,388005003.47796345,-0.02952359082601691,-0.1700927790405422
2024-08-06,393682138.8897419,0.014631603615649972,-0.15794990554569777
2024-08-07,393682138.8897419,0.0,-0.15794990554569777
2024-08-08,393682138.8897419,0.0,-0.15794990554569777
2024-08-09,393524666.034186,-0.0003999999999999879,-0.15828672558347956
2024-08-12,396171673.0805106,0.006726406944195619,-0.15262501956942265
2024-08-13,394968488.05945396,-0.0030370294062194068,-0.15519852230308484
2024-08-14,393765303.0383973,-0.003046281051351972,-0.15777202503674714
2024-08-15,392080844.008918,-0.004277824928914744,-0.16137492886387428
2024-08-16,398818680.12683535,0.017184813338557557,-0.1469633135553654
2024-08-19,402187598.185794,0.008447242385655659,-0.13975750590111102
2024-08-20,403390783.20685065,0.002991601497619602,-0.13718400316744883
2024-08-21,403975079.5765586,0.001448462369573592,-0.13593424666417075
2024-08-22,402565984.79581344,-0.0034880735272634724,-0.13894817154419636
2024-08-23,400982498.4751427,-0.0039334826599268895,-0.14233510398072569
2024-08-26,401455014.42108405,0.001178395435556948,-0.14132443558201913
2024-08-27,401284819.5753788,-0.00042394499904478537,-0.14168846679335612
2024-08-28,406329206.2491864,0.012570589336385463,-0.13089898498673203
2024-08-29,405235141.9886149,-0.0026925562911678355,-0.1332390883923663
2024-08-30,403021594.62759686,-0.005462377596758998,-0.13797366377767828
2024-09-04,397003148.8756138,-0.014933308369106765,-0.15084656887877745
2024-09-05,396946406.29038024,-0.00014292729262796686,-0.15096793607971337
2024-09-06,397003148.8756138,0.00014294772375911109,-0.15084656887877745
2024-09-09,394922320.86021006,-0.005241338818840698,-0.15529726972046487
2024-09-10,393614335.7691231,-0.0033120059869950194,-0.1580949302203818
2024-09-11,393141819.82318175,-0.001200454106982745,-0.15910559861908835
2024-09-12,390553247.01487947,-0.006584323208013108,-0.1646423191415889
2024-09-13,393306170.6304747,0.007048779229558779,-0.15875406727150176
2024-09-16,388323737.4109107,-0.012668077929153917,-0.16941103630489018
2024-09-17,392171626.47697777,0.009908972064706251,-0.16118075346638205
2024-09-18,395697273.84996456,0.008990062347597614,-0.15363971614167993
2024-09-19,395556395.12241286,-0.0003560265305368651,-0.15394104285712618
2024-09-20,394049156.70587695,-0.0038104261114763898,-0.15716488799927186
2024-09-23,392996863.2386426,-0.0026704624266454596,-0.1594156474977274
2024-09-24,394785859.1102817,0.004552188678800691,-0.15558914892468956
2024-09-25,399482646.3726398,0.011897050398266778,-0.14554315047260324
2024-09-26,398564853.61029935,-0.0022974533954706606,-0.14750622526283308
2024-09-27,396840714.1490466,-0.004325869292375045,-0.1511940019049095
2024-09-30,396242080.9952716,-0.0015084973200359183,-0.15247442347826634
2024-10-01,398851462.34698915,0.0065853211379350435,-0.14689319538425716
2024-10-02,394238255.94512904,-0.011566226621595692,-0.1567604220188682
2024-10-03,389803244.9191541,-0.011249570428782042,-0.1662465050397034
2024-10-04,388885431.9029096,-0.002354554581593816,-0.16820962315118204
2024-10-07,390878195.4142183,0.0051242945809455,-0.163947284230613
2024-10-08,387934015.75719666,-0.007532217687153563,-0.17024461528372392
2024-10-09,391313795.8038634,0.008712254943846188,-0.16301557483104656
2024-10-10,398409762.02095914,0.018133698053038782,-0.14783795198993654
2024-10-11,397710706.8025503,-0.0017546136793004782,-0.1493331671763557
2024-10-14,394263888.6268593,-0.008666646677435906,-0.15670559605665169
2024-10-15,387623665.8030933,-0.016842077134917262,-0.1709084254553096
2024-10-16,383111031.99637103,-0.011641791265176853,-0.18056053650587578
2024-10-17,390897455.760793,0.020324196157566393,-0.16390608811057017
2024-10-18,388366993.9151667,-0.006473467167242944,-0.16931851459791813
2024-10-21,384395222.0264988,-0.010226852309533439,-0.17781377146538913
2024-10-22,388487450.27034134,0.010645887381920785,-0.16906086946944343
2024-10-23,392352412.6310469,0.009948744439533369,-0.1607940684149869
2024-10-24,389498395.57873344,-0.007274116229271807,-0.16689854990163056
2024-10-25,391850087.3577209,0.006037744457183765,-0.16186849623902733
2024-10-28,390875629.97303617,-0.0024868117071393096,-0.16395277147470244
2024-10-29,395755278.00125945,0.012483889130053693,-0.153515650566304
2024-10-30,395124828.64994204,-0.0015930282837956222,-0.15486412407674222
2024-10-31,392496691.086536,-0.006651410827271575,-0.16048546999237379
2024-11-01,390685481.6836651,-0.004614585151933334,-0.16435948127737932
2024-11-04,391610770.42699283,0.0023683724804417884,-0.16238037326929455
2024-11-05,395625264.3437264,0.010251234694991559,-0.15379373789054684
2024-11-06,395176126.809769,-0.001135259990795742,-0.15475440200388046
2024-11-07,402586124.4060902,0.018751126633437226,-0.13890509475949986
2024-11-08,409413216.2175976,0.01695809020139226,-0.12430256968447218
2024-11-11,404769886.24759203,-0.011341426671330767,-0.1342342278766685
2024-11-12,413928782.16020864,0.022627414300811506,-0.11464418706337187
2024-11-13,410070741.6812961,-0.009320541709562253,-0.12289618284565118
2024-11-14,407621954.8883683,-0.005971620366982876,-0.12813391386412853
2024-11-15,415706866.8618252,0.01983433884387081,-0.1108410264852302
2024-11-18,416121663.4655591,0.0009978103245327661,-0.10995381448130614
2024-11-19,411050469.1970749,-0.012186806681128148,-0.12080063528149798
2024-11-20,403558917.4838203,-0.01822538173448187,-0.13682437932420666
2024-11-21,413391566.42046803,0.024364841193335613,-0.11579324240448208
2024-11-22,414898894.2452039,0.0036462471592919473,-0.11256920602637266
2024-11-25,424263147.01195055,0.022569963180505363,-0.09253992568114122
2024-11-26,420969240.5452171,-0.0077638288640721215,-0.099585290399131
2024-11-27,422917566.0238245,0.00462818964179912,-0.09541800036683268
2024-11-28,427794396.85423404,0.011531398130988952,-0.08498690518693652
2024-11-29,431405602.9343096,0.008441452498280473,-0.07726286561176754
2024-12-02,434035960.537882,0.006097179975599192,-0.07163677123323375
2024-12-03,440051447.9915187,0.013859421800400992,-0.05877019366177305
2024-12-04,449304634.8350177,0.021027511409705317,-0.038978473169841266
2024-12-05,439362574.71584713,-0.022127659828884736,-0.060243630603774356
2024-12-06,439221847.9173639,-0.0003202976461394465,-0.0605446323568366
2024-12-09,447199673.9637139,0.018163545561720253,-0.04348079198344734
2024-12-10,444316305.89535236,-0.006447607715821992,-0.04964805260938676
2024-12-11,441895003.71186256,-0.005449501067962329,-0.054826996561632035
2024-12-12,433501827.4100955,-0.018993598550029814,-0.07277923314926626
2024-12-13,438411563.3428835,0.011325756023038336,-0.062277756964420394
2024-12-16,435100727.14981043,-0.007551890665994307,-0.06935933281889606
2024-12-17,440044250.3611389,0.011361790277188694,-0.058785588734961314
2024-12-18,441614283.0612282,0.003567897316692194,-0.055427432362576856
2024-12-19,441084719.13738215,-0.0011991548827976742,-0.05656012116921594
2024-12-20,442355892.6419485,0.002881925964364334,-0.053841197286596754
2024-12-23,438636903.8238381,-0.008407232456877495,-0.061795774282129234
2024-12-24,435006715.9807819,-0.008276065719527624,-0.0695604141125089
2024-12-25,434125752.7200222,-0.0020251716315998927,-0.07144471396676577
2024-12-26,429146576.2578057,-0.011469433524777977,-0.08209471709400518
2024-12-27,422528613.6595291,-0.015421217281950159,-0.09624993390594838
2024-12-30,423405631.34649456,0.0020756409355797167,-0.09437407327323077
2024-12-31,422454344.0797076,-0.00224675156955682,-0.09640878974553546
2025-01-02,432005365.86549425,0.02260841181925346,-0.07598002754784494
2025-01-03,429950956.11347723,-0.0047555190614383845,-0.0803742221399909
2025-01-06,435715731.8739933,0.013407984512062689,-0.06804389395355026
2025-01-07,441594083.10419285,0.01349125312716403,-0.055470638223471536
2025-01-08,436148024.6354842,-0.01233272518151846,-0.06711925926813644
2025-01-09,434598179.16730595,-0.0035534850111348633,-0.07043423699750351
2025-01-10,429744520.58655083,-0.011168152130905768,-0.0808157688543969
2025-01-13,437918687.41447234,0.01902099139452606,-0.06333197350379238
2025-01-14,435047316.7012633,-0.00655685814679883,-0.06947357288417
2025-01-15,435959271.45700455,0.0020962197000917405,-0.06752298505619381
2025-01-16,447384076.07414913,0.026206128336168047,-0.043086372732049516
2025-01-17,449498495.5771054,0.004726184091107053,-0.03856382277029213
2025-01-20,447597310.38943446,-0.004229569634554702,-0.04263028403106528
2025-01-21,453425796.995695,0.01302171945847805,-0.03016368417167503
2025-01-22,458441665.9672706,0.011062160566976387,-0.019435199122297298
2025-01-23,458242791.5439663,-0.0004338052975283393,-0.019860573327487807
2025-01-24,468111585.4676076,0.021536168393157272,0.0
2025-02-03,461986999.41823626,-0.013083602797938378,-0.01308360279793841
2025-02-04,473645691.4502076,0.02523597427341616,0.0
2025-02-05,487129414.4910796,0.02846795248910129,0.0
2025-02-06,487812213.0875903,0.0014016780268216635,0.0
2025-02-07,485474295.73514336,-0.004792658506127077,-0.00479265850612709
2025-02-10,472788861.39976233,-0.02612998143634309,-0.03079740786467433
2025-02-11,477318901.4283079,0.009581528666165476,-0.021510965444807795
2025-02-12,494673255.82830775,0.0363579869727963,0.0
2025-02-13,500439779.0767286,0.011657236732487296,0.0
2025-02-14,496616975.0276599,-0.007638889250813469,-0.007638889250813463
2025-02-17,503877728.9167594,0.014620430340092742,0.0
2025-02-18,520448860.4815645,0.032887207776437964,0.0
2025-02-19,514173542.29265594,-0.012057511631598362,-0.012057511631598405
2025-02-20,509507398.4923938,-0.009075036765711857,-0.021023126035950468
2025-02-21,519710137.5369703,0.020024712251021096,-0.0014193958344161928
2025-02-24,526948735.8155113,0.013928145240434224,0.0
2025-02-25,538799356.8162742,0.022489134512150857,0.0
2025-02-26,538578205.661747,-0.0004104517789960873,-0.00041045177899612373
2025-02-27,530895124.4587138,-0.01426548850708321,-0.014670084990943355
2025-02-28,542775947.0114408,0.022378850370570434,0.0
2025-03-03,536106700.34923965,-0.012287292203942358,-0.012287292203942313
2025-03-04,545194996.0246835,0.016952400836481578,0.0
2025-03-05,546512277.1641066,0.0024161651317934924,0.0
2025-03-06,568033072.3655922,0.03937842954445353,0.0
2025-03-07,566637327.6306181,-0.00245715399837816,-0.002457153998378203
2025-03-10,559990420.2723422,-0.011730443855631241,-0.014158774346986758
2025-03-11,567307609.2219757,0.013066632365023109,-0.0012771494810950301
2025-03-12,567399578.2412586,0.00016211490519061852,-0.00111524162087151
2025-03-13,557556894.2041106,-0.017347006262600505,-0.018442901780090448
2025-03-14,561066123.8306296,0.006293939978140249,-0.012265040318776843
2025-03-17,567184852.1310276,0.010905538653132207,-0.001493258536923281
2025-03-18,559240802.8056004,-0.014006102764521626,-0.015478446568922721
2025-03-19,550030041.4873884,-0.01647011675829708,-0.0316936315049926
2025-03-20,554647762.6788287,0.008395398147623221,-0.023564314012597842
2025-03-21,551733154.452229,-0.005254881426948819,-0.02869536776350301
2025-03-24,560297115.079522,0.015521924970768614,-0.013618850138168104
2025-03-25,568332487.9329898,0.014341271152765752,0.0
2025-03-26,562009706.0229243,-0.011125146009268838,-0.011125146009268838
2025-03-27,553587123.7606149,-0.014986542353355507,-0.025944960890769142
2025-03-28,554390818.8237708,0.0014517950809553649,-0.024530832576410644
2025-03-31,551866522.1353784,-0.004553280109775451,-0.028972416934139655
2025-04-01,554172205.984132,0.004177973760452321,-0.02491548917141506
2025-04-02,556721186.9920269,0.0045996189999609255,-0.020430471928840288
2025-04-03,529550621.9097756,-0.04880461839265412,-0.06823798893542554
2025-04-04,535645386.32138073,0.011509314047493538,-0.05751404733255916
2025-04-08,518580513.9442908,-0.03185852583233341,-0.08754026040222618
2025-04-09,502558840.8822238,-0.030895246989145798,-0.11573092942475105
2025-04-10,517186986.50108874,0.029107329189922867,-0.08999221849505024
2025-04-11,532858331.43497646,0.03030111998739305,-0.06241796351820739
2025-04-14,549930988.8815814,0.0320397682450205,-0.03237805235863633
2025-04-15,567364869.8542972,0.03170194319867622,-0.0017025563367173424
2025-04-16,562033349.0154028,-0.009396987938755416,-0.011083545374111603
2025-04-17,560667111.5639131,-0.0024308832454215177,-0.013487485814783318
2025-04-18,563399586.4668925,0.0048736136766743205,-0.008679604933439888
2025-04-21,559300874.1124234,-0.0072749651453816195,-0.015891426255455032
2025-04-22,557448573.3508744,-0.0033118145300389257,-0.019150611329118106
2025-04-23,557448573.3508744,0.0,-0.019150611329118106
2025-04-24,557448573.3508744,0.0,-0.019150611329118106
2025-04-25,557225593.9215341,-0.00040000000000002295,-0.01954295108458648
2025-04-28,557939614.3616512,0.0012813848608283162,-0.01828660826541384
2025-04-29,558894257.0746281,0.0017110143972644003,-0.016606882518168775
2025-05-05,561990961.1079563,0.005540769106372618,-0.011158128313406013
2025-05-06,561990961.1079563,0.0,-0.011158128313406013
2025-05-07,560560304.7682346,-0.0025456927935302793,-0.013675415940099467
2025-05-08,561514947.4812117,0.0017030151882976297,-0.01199569019285418
2025-05-09,560798311.581607,-0.0012762543594240772,-0.013256635000375327
2025-05-12,560811903.8676213,2.423738754844758e-05,-0.013232718919026998
2025-05-13,562154884.6689961,0.0023947080868165762,-0.010869699331216398
2025-05-14,571605541.1828756,0.01681148162475579,0.0
2025-05-15,575829623.5463871,0.0073898555195426605,0.0
2025-05-16,575263531.3868232,-0.0009830896786405022,-0.0009830896786404697
2025-05-19,567631869.3010632,-0.013266375616340358,-0.014236423258039421
2025-05-20,566842576.9909258,-0.0013905003450727018,-0.015607127851659297
2025-05-21,567143239.5409766,0.0005304163135502572,-0.015084989813329175
2025-05-22,559353091.6201103,-0.013735767929053353,-0.028613553823094495
2025-05-23,568312278.4718131,0.016017050742945606,-0.013054807823669412
2025-05-26,581278498.9538345,0.022815309422642614,0.0
2025-05-27,590238368.3821621,0.015414073364924442,0.0
2025-05-28,581137377.7127842,-0.01541917834708654,-0.015419178347086504
2025-05-29,575442376.1219298,-0.009799750987053272,-0.025067825225913443
2025-05-30,562698651.707393,-0.022145960991646646,-0.046658635137961535
2025-06-02,570877859.4811252,0.014535680419553283,-0.03280116972758618
2025-06-03,570841175.9905337,-6.425803695534436e-05,-0.032863320025764975
2025-06-04,573488834.434479,0.004638170046775313,-0.028377575645570863
2025-06-05,575486135.689938,0.0034827203870996066,-0.02499368641970845
2025-06-06,574371587.5910664,-0.0019367071242044449,-0.02688198809336373
2025-06-09,563783123.1296425,-0.018434868106607168,-0.04482129029502635
2025-06-10,577572701.5496683,0.02445901243633875,-0.021458562355426425
2025-06-11,591099644.6457969,0.023420329700200235,0.0
2025-06-12,591892010.6538498,0.0013404948137428717,0.0
2025-06-13,586536310.3283279,-0.009048441656790779,-0.009048441656790751
2025-06-16,596521037.0826361,0.017023203130798553,0.0
2025-06-17,590754070.5894468,-0.009667666577851865,-0.009667666577851897
2025-06-18,587008703.013118,-0.006339977602848636,-0.015946351391125102
2025-06-19,591921417.8259934,0.008369066399967165,-0.00771074106478753
2025-06-20,587554416.2212288,-0.0073776712131885455,-0.015031524965590015
2025-06-23,597775954.7832661,0.017396752164294118,0.0
2025-06-24,600447083.7896187,0.004468445050321783,0.0
2025-06-25,604208092.0964875,0.006263679861898626,0.0
2025-06-26,605194247.2445235,0.001632144886729722,0.0
2025-06-27,595880372.8456659,-0.015389892487022275,-0.015389892487022272
2025-06-30,600346193.056089,0.007494491199796183,-0.008010740701035912
2025-07-01,598061114.0552306,-0.0038062688283673953,-0.011786518496780807
2025-07-02,612159634.1661966,0.023573711414489284,0.0
2025-07-03,604911917.306941,-0.01183958636725115,-0.011839586367251131
2025-07-04,603948982.4387219,-0.0015918596421543637,-0.013412599049687723
2025-07-07,608669168.4988239,0.007815537731419072,-0.0057018879922178245
2025-07-08,612101893.69869,0.005639722492158413,-9.432256601693556e-05
2025-07-09,605639371.0405545,-0.010557919726542684,-0.010651246442479168
2025-07-10,602323927.7262079,-0.005474286304489052,-0.016067224774442446
2025-07-11,599300446.424586,-0.005019693162507314,-0.02100626539860906
2025-07-14,616108011.9597483,0.02804530788427707,0.0
2025-07-15,627826286.9176183,0.019019838616602162,0.0
2025-07-16,642595820.4608245,0.02352487280473529,0.0
2025-07-17,660923093.6085863,0.028520685264679737,0.0
2025-07-18,677343422.5070869,0.024844537976191607,0.0
2025-07-21,654233531.055093,-0.034118426021553384,-0.03411842602155335
2025-07-22,670831765.727195,0.025370504390586236,-0.00961352330814691
2025-07-23,665142336.5376453,-0.008481156498876033,-0.018013146011340964
2025-07-24,670248545.9124391,0.007676867182103916,-0.010474563358697897
2025-07-25,681934189.5280781,0.017434791447000882,0.0
2025-07-28,699256954.9864457,0.025402400589938944,0.0
2025-07-29,661663244.6648456,-0.053762368830966856,-0.053762368830966856
2025-07-30,672704251.5113703,0.016686746521816172,-0.03797274133024542
2025-07-31,694139249.1857944,0.031863924787550936,-0.0073187771164185955
2025-08-01,684998611.5939432,-0.01316830535454208,-0.02039070657906983
2025-08-04,690070184.9763132,0.007403771769067974,-0.013137902947723323
2025-08-05,672241907.5859537,-0.025835455260208758,-0.03863393450411312
2025-08-06,685317389.6949586,0.019450560819630258,-0.01993482537725677
2025-08-07,696068042.7672744,0.015687115537956847,-0.004560429748221906
2025-08-08,707446018.8472891,0.016346068747504407,0.0
2025-08-11,715504864.403343,0.011391463576521274,0.0
2025-08-12,727222012.2050135,0.016376056103324245,0.0
2025-08-13,745613217.8346348,0.025289671270891816,0.0
2025-08-14,760482104.6572857,0.019941823008224342,0.0
2025-08-15,764990087.6099563,0.005927796229606369,0.0
2025-08-18,787227742.8803666,0.029069207079384488,0.0
2025-08-19,773789956.3832793,-0.017069757282587732,-0.01706975728258775
2025-08-20,763232755.0168471,-0.013643497540051966,-0.03048036363114548
2025-08-21,749241484.3396294,-0.018331590966518315,-0.04825320103906683
2025-08-22,738486120.2985599,-0.014355003381251813,-0.061915529556246685
2025-08-25,734201291.686959,-0.005802178935832372,-0.06735846351068686
2025-08-26,750789718.9431325,0.022593841013352902,-0.046286508912798174
2025-08-27,762354059.643239,0.015402902315158668,-0.03159655317293297
2025-08-28,761583103.5965652,-0.001011283454087673,-0.03257588355559071
2025-08-29,764666927.7832602,0.004049228734371422,-0.028658562024960088
2025-09-03,777921301.3140894,0.017333525289570332,-0.011821790645012098
2025-09-04,779399491.8172119,0.0019001800061592895,-0.009944074169073502
2025-09-05,768611003.6931078,-0.013842051781365782,-0.023648479560873237
2025-09-08,745778343.9778543,-0.029706391927183818,-0.052652360485739735
2025-09-09,766534054.0930728,0.0278309370107358,-0.026286788003149097
2025-09-10,763271997.6547066,-0.004255592326195719,-0.030430514476038284
2025-09-11,772609593.2346114,0.012233640967566309,-0.018569149497030146
2025-09-12,775963758.904829,0.004341346133401044,-0.014308418468998663
2025-09-15,780363347.9574093,0.005669838316662726,-0.008719706571622243
2025-09-16,765779300.4461133,-0.018688790996488323,-0.02724553679444286
2025-09-17,759566787.4016771,-0.008112667763175431,-0.03513717056957555
2025-09-18,755513897.0141878,-0.005335791999744261,-0.04028547793570103
2025-09-19,755065635.8779892,-0.0005933195113553576,-0.04085489528697284
2025-09-22,739177750.7078757,-0.02104172725545778,-0.061036964978751884
2025-09-23,746452420.6543268,0.009841570501120278,-0.05179609407164443
2025-09-24,753282678.0802877,0.009150291749303482,-0.04311975169457083
2025-09-25,757418310.2637556,0.005490146400296057,-0.03786633904382242
2025-09-26,744116902.1078482,-0.017561508582061406,-0.05476285758779442
2025-09-29,744629545.0628686,0.0006889279810313032,-0.05411165727167666
2025-09-30,738461896.6894785,-0.008282841332691611,-0.06194630033293791
2025-10-01,744581408.8164803,0.008286835318701627,-0.054172803803698266
2025-10-02,732800860.1775205,-0.015821706665608355,-0.06913740425827086
2025-10-03,725387734.7269502,-0.010116152768672407,-0.07855415248343722
2025-10-06,747105477.7344177,0.029939495758971556,-0.05096652843959315
2025-10-07,739598270.657824,-0.010048389819546085,-0.060502786713629186
2025-10-08,755544879.5878668,0.021561176604508937,-0.040246121378517685
2025-10-09,758306774.8337278,0.003655501242186443,-0.036737739883023646
2025-10-10,756628713.7691867,-0.002212905278222057,-0.03886934802274866
2025-10-13,759238414.6283913,0.003449116867643266,-0.035554296079004954
2025-10-14,757873227.3306806,-0.0017981009277288045,-0.037288466793969355
2025-10-15,757656453.5791569,-0.00028602903982666864,-0.03756383024944232
2025-10-16,752793957.8117507,-0.006417810795956233,-0.04374056349008615
2025-10-17,754613639.6754736,0.0024172376051110173,-0.04142905721991219
2025-10-20,727948490.2825553,-0.03533616143538798,-0.07530127480126136
2025-10-21,734545388.7813997,0.009062314967208435,-0.06692136370373425
2025-10-22,734774637.88601,0.000312096581248226,-0.06663015305131048
2025-10-23,734774637.88601,0.0,-0.06663015305131048
2025-10-24,734774637.88601,0.0,-0.06663015305131048
2025-10-27,734774637.88601,0.0,-0.06663015305131048
2025-10-28,734774637.88601,0.0,-0.06663015305131048
2025-10-29,734186818.1757013,-0.0007999999999999758,-0.06737684892886942
2025-10-30,720867828.677993,-0.018141144961990832,-0.08429570070735948
2025-10-31,705084466.8182234,-0.021894945552938562,-0.10434499648296358
2025-11-03,708349620.7677844,0.004630869212443995,-0.10019733530220509
2025-11-04,708349620.7677844,0.0,-0.10019733530220509
2025-11-05,708349620.7677844,0.0,-0.10019733530220509
2025-11-06,708349620.7677844,0.0,-0.10019733530220509
2025-11-07,708349620.7677844,0.0,-0.10019733530220509
2025-11-10,708066280.9194772,-0.0004000000000000268,-0.10055725636808421
2025-11-11,718244584.0721967,0.014374788670210657,-0.08762795700742099
2025-11-12,726250343.8005848,0.011146286245554684,-0.07745839705378421
2025-11-13,722570833.8391452,-0.005066448495134808,-0.08213240656973031
2025-11-14,726250343.8005848,0.00509224810789792,-0.07745839705378421
2025-11-17,727983355.3182595,0.002386245366309304,-0.07525698642852618
2025-11-18,728636374.1510063,0.0008970244003193959,-0.07442746938132772
2025-11-19,720624335.3953803,-0.010995935750478504,-0.08460500546041849
2025-11-20,723125360.7909849,0.003470636880771434,-0.0814280018318958
2025-11-21,710521248.990525,-0.017430050837482666,-0.09743875845785388
2025-11-24,711581623.4010776,0.0014923894423413103,-0.09609178558990994
2025-11-25,702593002.563137,-0.012631890063403458,-0.10750985478174557
2025-11-26,713996099.2581954,0.01623001745456984,-0.09302472414682172
2025-11-27,709323767.4524996,-0.006543917831694152,-0.09895989582738296
2025-11-28,703924758.1829575,-0.007611487894917671,-0.10581815167312825
2025-12-01,700697998.9492509,-0.00458395474260038,-0.10991704079751341
2025-12-02,698203552.7786613,-0.0035599447612670422,-0.11308568696521937
2025-12-03,705935597.4665023,0.011074198429769673,-0.1032638218724693
2025-12-04,709012176.372077,0.004358158048150657,-0.09935570388069492
2025-12-05,707084974.8561511,-0.002718150096923756,-0.10180379026148545
2025-12-08,700163130.8079371,-0.009789267618962112,-0.1105964733329532
2025-12-09,697481040.7887381,-0.0038306644568731826,-0.11400347981037429
2025-12-10,696895771.2030988,-0.0008391189887792683,-0.11474693631445776
2025-12-11,695326146.6054425,-0.002252308971464269,-0.11674079973181295
2025-12-12,682355096.8954556,-0.018654626714831778,-0.1332176704052569
2025-12-15,688509705.5078305,0.009019656540087156,-0.12539959149729563
2025-12-16,701125381.8954527,0.018323164200448237,-0.10937414460252148
2025-12-17,689575630.0586132,-0.01647316176974717,-0.12404556839480363
2025-12-18,691925016.489645,0.00340700327653999,-0.12106118877622496
2025-12-19,694273767.2868038,0.0033945163727058096,-0.11807761659091931
2025-12-22,705524436.6591403,0.01620494666866603,-0.10378611140187233
2025-12-23,708345279.4247371,0.003998221208260685,-0.10020285002534146
2025-12-24,704867805.1704487,-0.004909292622254176,-0.10462021753523743
2025-12-25,698391341.641652,-0.009188195972761952,-0.11284714244657268
2025-12-26,683627942.319715,-0.02113914998893577,-0.13160079976550754
2025-12-29,685406794.7903818,0.0026020768908753046,-0.12934115827452275
2025-12-30,685406794.7903818,0.0,-0.12934115827452275
2025-12-31,685406794.7903818,0.0,-0.12934115827452275
2026-01-05,685406794.7903818,0.0,-0.12934115827452275
2026-01-06,685406794.7903818,0.0,-0.12934115827452275
2026-01-07,684858469.3545494,-0.0008000000000001106,-0.13003768534790316
2026-01-08,691753306.4718277,0.010067535740306218,-0.12127930865242365
2026-01-09,693319466.5139592,0.002264044172219952,-0.11928984619216909
2026-01-12,717436238.0391681,0.034784500782112954,-0.08865478315822584
2026-01-13,718514612.8616126,0.0015030950003191302,-0.08728494471922621
2026-01-14,713325137.8645349,-0.007222504461544204,-0.09387703327811014
2026-01-15,707682334.1139431,-0.007910563431823652,-0.10104497648339594
2026-01-16,707146355.1691988,-0.0007573722260785602,-0.10172582005070119
2026-01-19,706522022.3688861,-0.0008828905017310799,-0.10251889779212864
2026-01-20,719455808.5465387,0.01830627463569659,-0.08608936225476371
2026-01-21,711531233.2748876,-0.011014679675268115,-0.09615579518134743
2026-01-22,720941117.0730901,0.013224835900586773,-0.08420260389292444
2026-01-23,707398261.6332812,-0.018784967480826663,-0.10140582819782162
2026-01-26,708768331.5756172,0.0019367731257533317,-0.09966545515491654
2026-01-27,722791120.4709347,0.019784728338728675,-0.08185258077118363
2026-01-28,713596004.4977169,-0.012721678106984442,-0.09353295669337114
2026-01-29,729712104.7873291,0.022584347709396033,-0.07306098980022613
2026-01-30,740577757.0590585,0.014890327569523064,-0.05925856430138199
2026-02-02,739564936.0074606,-0.0013676093319626716,-0.060545131067807345
2026-02-03,747447534.0236378,0.01065842582901694,-0.050532021027584806
2026-02-04,746239290.2228417,-0.0016164931260015658,-0.05206682948895225
2026-02-05,746361731.4350475,0.00016407768099318957,-0.051911294812598374
2026-02-06,732526276.9393386,-0.018537197062752916,-0.06948620197362743
2026-02-09,732753560.6640586,0.0003102738179845839,-0.0691974879048265
2026-02-10,731878163.6242154,-0.0011946677393827637,-0.07030948763776301
2026-02-11,747560601.5834664,0.02142766206002456,-0.05038839351845392
2026-02-12,747177449.4315618,-0.0005125365770922097,-0.050875104200806986
2026-02-13,749857921.9302305,0.0035874643977918796,-0.0474701524280694
2026-02-23,763328885.0821266,0.01796468738667204,-0.030358251489965293
2026-02-24,777748619.7291446,0.018890592153428774,-0.012041144683924698
2026-02-25,765436312.0499883,-0.01583070334916716,-0.027681228243616296
2026-02-26,766588285.8699859,0.0015049897710136808,-0.026217898437958298
2026-02-27,758228962.9474708,-0.010904579520189672,-0.03683658279977908
2026-03-02,760428721.3923107,0.002901179659886391,-0.0340422726846511
2026-03-03,761020257.1898413,0.0007778977580534524,-0.03329085633419804
2026-03-04,768601796.6908431,0.00996233599483617,-0.023660175035719044
2026-03-05,760124038.084544,-0.011030105111384738,-0.03442930592950599
2026-03-06,751169138.5000129,-0.011780839883838892,-0.045804539672877675
2026-03-09,724924402.5199997,-0.034938517352324214,-0.07914271432102582
2026-03-10,721609944.5775074,-0.004572142875823419,-0.08335300539939305
2026-03-11,731812026.8724929,0.014137945813591455,-0.07039349985953824
2026-03-12,724365291.2290462,-0.010175749195147027,-0.07985294245514596
2026-03-13,733412114.8528097,0.01248931130923391,-0.06836093940319266
2026-03-16,732742912.7345368,-0.0009124503191595143,-0.06921101376137573
2026-03-17,730347408.0061867,-0.00326922947560177,-0.0722539765507525
2026-03-18,734184185.9878007,0.0052533601674417015,-0.06738019254566185
2026-03-19,734479405.3289415,0.0004021052847161876,-0.06700518119245347
2026-03-20,728029826.8030435,-0.008781156393363396,-0.07519795461060019
2026-03-23,702985741.7948363,-0.03439980628016559,-0.10701096581949654
2026-03-24,711763623.8957155,0.01248657202985062,-0.09586059392233492
2026-03-25,726094112.4589697,0.020133774868711016,-0.07765685467043715
2026-03-26,720217939.6966814,-0.008092852787895845,-0.08512124196551407
2026-03-27,726575224.723821,0.008826890690638758,-0.07704570717315629
2026-03-30,714974843.2691715,-0.015965836791447155,-0.09178144477839523
2026-03-31,723304515.9864337,0.01165030181925763,-0.08120042449221343
2026-04-01,741221932.753432,0.024771609150763756,-0.05844028051984684
2026-04-02,737257400.1651444,-0.005348644465444328,-0.06347634870232977
2026-04-03,724566626.7664728,-0.01721349069650425,-0.0795971898609984
2026-04-06,721547196.9639845,-0.004167221744621543,-0.08343271246522044
2026-04-07,721858484.8506216,0.00043141722114212487,-0.08303728955304235
2026-04-08,749111707.5815475,0.03775424588458718,-0.04841805391583043
2026-04-09,738317151.637076,-0.014409808090332635,-0.06213016714112851
2026-04-10,744763428.9732251,0.008731041019236406,-0.053941587159733295
2026-04-13,744367693.7548529,-0.0005313569423216842,-0.054444281865237865
2026-04-14,766164846.7452608,0.02928277674230517,-0.02675578487368757
2026-04-15,788156273.7118278,0.028703257608318284,0.0
2026-04-16,802615372.5268139,0.018345471954300228,0.0
2026-04-17,790441507.720339,-0.015167744380660013,-0.015167744380660042
2026-04-20,801534429.1513506,0.01403382960366549,-0.0013467763171046698
2026-04-21,796972998.3509344,-0.005690873198355044,-0.007029985182212539
2026-04-22,800014923.2268173,0.003816848101726278,-0.0032399694660841805
2026-04-23,790916679.2437457,-0.011372592834111503,-0.014575715446662918
2026-04-24,791745072.269527,0.0010473834318089764,-0.013543598377719568
2026-04-28,782861213.0786862,-0.011220605598940142,-0.02461223660087286
2026-04-29,789645981.9625418,0.008666630522125046,-0.01615891123969071
2026-05-04,784783639.1500533,-0.00615762369917208,-0.022217034444060424
2026-05-05,786402593.8555071,0.002062931264988213,-0.02019993539404219
2026-05-06,783701596.6650206,-0.0034346239592679025,-0.023565180171229994
2026-05-07,782890749.6382619,-0.0010346374566661157,-0.024575436209817947
2026-05-08,779918556.9895012,-0.0037964334744458165,-0.0282785706755877
2026-05-11,774785018.7187388,-0.006582146590508101,-0.03467458356853903
2026-05-12,776406712.772256,0.002093089069015578,-0.032654071491363346
2026-05-13,776675168.8824667,0.0003457673739734957,-0.03231959482993907
2026-05-14,785323290.7185378,0.01113479892567525,-0.02154466809405442
2026-05-15,782622293.5280513,-0.0034393443087817393,-0.024909912871242335
2026-05-18,788024287.9090245,0.006902428445554622,-0.018179423316866394
2026-05-19,786944984.7720551,-0.0013696318165943775,-0.019524156016878624
2026-05-20,795590367.2600629,0.010986006207933312,-0.008752642308151426
2026-05-21,791068156.528154,-0.005684094375706154,-0.014386985838941269
2026-05-22,794066318.6506457,0.003790017456460483,-0.010651495309956238
2026-05-25,785903641.1152776,-0.010279591696117895,-0.020821593983334608
2026-05-26,781589501.2851131,-0.005489400486861654,-0.026196696402046915
2026-05-27,776050428.5891389,-0.007086933341436547,-0.0330979755023163
2026-05-28,770064504.5689046,-0.007713318361432579,-0.04055599864158066
2026-05-29,768603168.467906,-0.0018976801194293732,-0.042376716448664364
