prediction_date,execution_date,symbol,target_weight,realized_forward_return,predicted_class,realized_class,score,class_0_prob,class_1_prob,class_2_prob,class_3_prob,class_4_prob,class_3_4_prob
2021-01-04,2021-01-05,VN:VCI,0.2,-0.013290756882713417,1,1.0,-0.08626202981883196,0.12167460853831147,0.3605185043657272,0.14733027972786786,0.2233475231126689,0.14712908425542462,0.3704766073680935
2021-01-04,2021-01-05,VN:EVF,0.2,0.04123711340206171,1,3.0,-0.091604497596454,0.12383719072352384,0.35323561902211537,0.1577785999410376,0.22099167775393733,0.14415691255938587,0.3651485903133232
2021-01-04,2021-01-05,VN:SZC,0.2,0.10233918128654973,1,3.0,-0.091604497596454,0.12383719072352384,0.35323561902211537,0.1577785999410376,0.22099167775393733,0.14415691255938587,0.3651485903133232
2021-01-04,2021-01-05,VN:ANV,0.2,-0.08183632734530932,1,0.0,-0.09285098314285278,0.12552227079868317,0.3580421805381775,0.14631830155849457,0.2239987552165985,0.14611849188804626,0.3701172471046448
2021-01-04,2021-01-05,VN:DXG,0.2,0.06707317073170738,1,3.0,-0.09285098314285278,0.12552227079868317,0.3580421805381775,0.14631830155849457,0.2239987552165985,0.14611849188804626,0.3701172471046448
2021-01-14,2021-01-15,VN:FTS,0.2,-0.20960698689956336,1,0.0,-0.09109758112125338,0.13104731235049105,0.34845338310162377,0.14797141098890934,0.22560536043659926,0.1469225331223766,0.37252789355897586
2021-01-14,2021-01-15,VN:VIX,0.2,-0.08756510416666674,1,0.0,-0.09109758112125338,0.13104731235049105,0.34845338310162377,0.14797141098890934,0.22560536043659926,0.1469225331223766,0.37252789355897586
2021-01-14,2021-01-15,VN:DGW,0.2,-0.1337306761035575,1,0.0,-0.09989331811507518,0.12977913215427297,0.3547585957461386,0.14653945187538045,0.2234220985088065,0.14550072171540143,0.36892282022420797
2021-01-14,2021-01-15,VN:EVF,0.2,-0.25233644859813087,1,0.0,-0.09989331811507518,0.12977913215427297,0.3547585957461386,0.14653945187538045,0.2234220985088065,0.14550072171540143,0.36892282022420797
2021-01-14,2021-01-15,VN:LPB,0.2,-0.166751398068124,1,0.0,-0.1009439722125518,0.12962762100820038,0.3555118004461438,0.14636839090444406,0.2231613050324308,0.14533088260878096,0.3684921876412118
2021-01-26,2021-01-27,VN:DXG,0.2,0.1045454545454545,1,3.0,-0.054971856401628716,0.13164078600820364,0.335319086820524,0.14876595964583936,0.2249195326155633,0.15935463490986965,0.384274167525433
2021-01-26,2021-01-27,VN:PVT,0.2,0.005617977528090012,1,1.0,-0.07193899369057993,0.12927727786532872,0.34725285611310175,0.14609499711081378,0.22088131966833233,0.15649354924242345,0.3773748689107558
2021-01-26,2021-01-27,VN:HDC,0.2,0.1130653266331656,1,3.0,-0.07370671959400416,0.12903106789429789,0.34849612482619846,0.14581673499122566,0.2204606035557659,0.15619546873251208,0.376656072288278
2021-01-26,2021-01-27,VN:NKG,0.2,-0.07647058823529407,1,0.0,-0.07643058782174306,0.14122104434339636,0.33161964518398573,0.1471246906053321,0.2224380936855362,0.1575965261817496,0.3800346198672858
2021-01-26,2021-01-27,VN:BCM,0.2,0.03281760166221437,1,2.0,-0.08124539135030817,0.13039964243174132,0.3502676434775048,0.14736336250061746,0.2141171661895936,0.15785218540054283,0.37196935159013644
2021-02-05,2021-02-08,VN:HDC,0.2,0.05513784461152893,1,3.0,-0.09492649420876781,0.13035141320083776,0.3520622060317459,0.14730884573784012,0.222716531834499,0.14756100319507728,0.3702775350295763
2021-02-05,2021-02-08,VN:SJS,0.2,0.12569832402234637,1,4.0,-0.09492649420876781,0.13035141320083776,0.3520622060317459,0.14730884573784012,0.222716531834499,0.14756100319507728,0.3702775350295763
2021-02-05,2021-02-08,VN:DXG,0.2,0.02666666666666684,1,2.0,-0.09739303443740255,0.13187753957692475,0.35618406003439335,0.14903349952349812,0.20326369697952723,0.15964120388565653,0.3629049008651838
2021-02-05,2021-02-08,VN:BCM,0.2,-0.013632454390748228,1,1.0,-0.10025451184836098,0.12770166264186278,0.3637106635398068,0.1443144020029546,0.2096870666555802,0.1545862051597956,0.36427327181537583
2021-02-05,2021-02-08,VN:VPB,0.2,0.10130856901646257,1,3.0,-0.10418416870189212,0.12901808705979845,0.3586897360888045,0.14580208497649685,0.2204384422432912,0.14605164963160902,0.3664900918749002
2021-02-24,2021-02-25,VN:SJS,0.2,-0.02676399026763987,1,1.0,-0.07872620342263881,0.1346048881799711,0.34286931668027215,0.15211566019230574,0.20746738027732642,0.16294275467012456,0.370410134947451
2021-02-24,2021-02-25,VN:HDC,0.2,0.08333333333333326,1,3.0,-0.09492649420876781,0.13035141320083776,0.3520622060317459,0.14730884573784012,0.222716531834499,0.14756100319507728,0.3702775350295763
2021-02-24,2021-02-25,VN:NKG,0.2,0.3374233128834354,1,4.0,-0.10418416870189212,0.12901808705979845,0.3586897360888045,0.14580208497649685,0.2204384422432912,0.14605164963160902,0.3664900918749002
2021-02-24,2021-02-25,VN:VPB,0.2,0.12093791801085851,1,4.0,-0.10418416870189212,0.12901808705979845,0.3586897360888045,0.14580208497649685,0.2204384422432912,0.14605164963160902,0.3664900918749002
2021-02-24,2021-02-25,VN:VIB,0.2,0.161850290989364,1,4.0,-0.10840155022738052,0.13650263642515784,0.3495719976786971,0.14626690527399025,0.22114120094267725,0.1465172596794775,0.3676584606221548
2021-03-08,2021-03-09,VN:DGW,0.2,0.06761501755649602,1,3.0,-0.06886464357376099,0.13784322142601013,0.3329240083694458,0.1477033644914627,0.22331300377845764,0.15821640193462372,0.38152940571308136
2021-03-08,2021-03-09,VN:NKG,0.2,0.002309468822170979,1,1.0,-0.06886464357376099,0.13784322142601013,0.3329240083694458,0.1477033644914627,0.22331300377845764,0.15821640193462372,0.38152940571308136
2021-03-08,2021-03-09,VN:VIB,0.2,0.015044786503174201,1,2.0,-0.06886464357376099,0.13784322142601013,0.3329240083694458,0.1477033644914627,0.22331300377845764,0.15821640193462372,0.38152940571308136
2021-03-08,2021-03-09,VN:VIX,0.2,-0.20902347322426584,1,0.0,-0.09116224944591522,0.14779801666736603,0.32907992601394653,0.14599792659282684,0.22073455154895782,0.15638957917690277,0.3771241307258606
2021-03-08,2021-03-09,VN:VPB,0.2,0.06655586613280962,1,3.0,-0.09492649420876781,0.13035141320083776,0.3520622060317459,0.14730884573784012,0.222716531834499,0.14756100319507728,0.3702775350295763
2021-03-18,2021-03-19,VN:NKG,0.2,0.06181015452538641,1,3.0,-0.06886464357376099,0.13784322142601013,0.3329240083694458,0.1477033644914627,0.22331300377845764,0.15821640193462372,0.38152940571308136
2021-03-18,2021-03-19,VN:VIB,0.2,0.16503978344680492,1,4.0,-0.06886464357376099,0.13784322142601013,0.3329240083694458,0.1477033644914627,0.22331300377845764,0.15821640193462372,0.38152940571308136
2021-03-18,2021-03-19,VN:VPB,0.2,0.013080801199073289,1,2.0,-0.07370671959400416,0.12903106789429789,0.34849612482619846,0.14581673499122566,0.2204606035557659,0.15619546873251208,0.376656072288278
2021-03-18,2021-03-19,VN:DCM,0.2,0.028653295128939993,1,2.0,-0.0871947705745697,0.1351296603679657,0.34605592489242554,0.1447957158088684,0.21891692280769348,0.15510177612304688,0.37401869893074036
2021-03-18,2021-03-19,VN:DGW,0.2,-0.023495161554863087,1,1.0,-0.09275603570807084,0.14092430892361132,0.34036556900637055,0.1510048553647058,0.20595238226510235,0.16175288444021,0.36770526670531234
2021-03-30,2021-03-31,VN:NKG,0.2,0.0903225806451613,1,3.0,-0.06886464357376099,0.13784322142601013,0.3329240083694458,0.1477033644914627,0.22331300377845764,0.15821640193462372,0.38152940571308136
2021-03-30,2021-03-31,VN:SHB,0.2,0.10643591130340724,1,3.0,-0.09492649420876781,0.13035141320083776,0.3520622060317459,0.14730884573784012,0.222716531834499,0.14756100319507728,0.3702775350295763
2021-03-30,2021-03-31,VN:VPB,0.2,0.11236970118137601,1,3.0,-0.09492649420876781,0.13035141320083776,0.3520622060317459,0.14730884573784012,0.222716531834499,0.14756100319507728,0.3702775350295763
2021-03-30,2021-03-31,VN:LPB,0.2,0.07222457328255039,1,3.0,-0.10840155022738052,0.13650263642515784,0.3495719976786971,0.14626690527399025,0.22114120094267725,0.1465172596794775,0.3676584606221548
2021-03-30,2021-03-31,VN:HSG,0.2,0.1327967806841046,1,4.0,-0.11597440964021666,0.1334100643782308,0.35168092918871446,0.15558014578252813,0.21613107299609374,0.14319778765443283,0.3593288606505266
2021-04-09,2021-04-12,VN:LPB,0.2,0.1266469481043293,1,4.0,-0.06886464357376099,0.13784322142601013,0.3329240083694458,0.1477033644914627,0.22331300377845764,0.15821640193462372,0.38152940571308136
2021-04-09,2021-04-12,VN:NKG,0.2,0.034482758620689724,1,2.0,-0.06886464357376099,0.13784322142601013,0.3329240083694458,0.1477033644914627,0.22331300377845764,0.15821640193462372,0.38152940571308136
2021-04-09,2021-04-12,VN:VPB,0.2,0.16525479814692257,1,4.0,-0.08565300703048706,0.13274027407169342,0.33993691205978394,0.15991759300231934,0.2150459885597229,0.1523592323064804,0.3674052208662033
2021-04-09,2021-04-12,VN:EVF,0.2,-0.08800000000000008,1,0.0,-0.09492649420876781,0.13035141320083776,0.3520622060317459,0.14730884573784012,0.222716531834499,0.14756100319507728,0.3702775350295763
2021-04-09,2021-04-12,VN:SHB,0.2,0.0829817158931081,1,3.0,-0.09492649420876781,0.13035141320083776,0.3520622060317459,0.14730884573784012,0.222716531834499,0.14756100319507728,0.3702775350295763
2021-04-22,2021-04-23,VN:SHB,0.2,-0.05881813176729678,1,0.0,-0.07370671959400416,0.12903106789429789,0.34849612482619846,0.14581673499122566,0.2204606035557659,0.15619546873251208,0.376656072288278
2021-04-22,2021-04-23,VN:NKG,0.2,0.27091633466135456,1,4.0,-0.0871947705745697,0.1351296603679657,0.34605592489242554,0.1447957158088684,0.21891692280769348,0.15510177612304688,0.37401869893074036
2021-04-22,2021-04-23,VN:LPB,0.2,0.1808151609553479,1,4.0,-0.10756090123115625,0.1354440877520429,0.34686114867238477,0.15288740168679651,0.2194263008322373,0.1453810610565385,0.3648073618887758
2021-04-22,2021-04-23,VN:VND,0.2,0.1885714285714284,1,4.0,-0.11597440964021666,0.1334100643782308,0.35168092918871446,0.15558014578252813,0.21613107299609374,0.14319778765443283,0.3593288606505266
2021-04-22,2021-04-23,VN:SJS,0.2,0.06465517241379315,1,3.0,-0.11745753534264752,0.13511617079030958,0.35617842208807404,0.14478125736769268,0.21889507118180182,0.1450290785721219,0.36392414975392373
2021-05-06,2021-05-07,VN:LPB,0.2,0.12507333098674178,1,4.0,-0.06762293283445836,0.13535778829564699,0.3269210901970159,0.16307101382632616,0.21928648140817053,0.15536362627284048,0.37465010768101104
2021-05-06,2021-05-07,VN:NKG,0.2,0.08896797153024916,1,3.0,-0.06886464357376099,0.13784322142601013,0.3329240083694458,0.1477033644914627,0.22331300377845764,0.15821640193462372,0.38152940571308136
2021-05-06,2021-05-07,VN:HSG,0.2,0.08884607150503099,1,3.0,-0.0871947705745697,0.1351296603679657,0.34605592489242554,0.1447957158088684,0.21891692280769348,0.15510177612304688,0.37401869893074036
2021-05-06,2021-05-07,VN:SHB,0.2,0.19183250023578235,1,4.0,-0.09492649420876781,0.13035141320083776,0.3520622060317459,0.14730884573784012,0.222716531834499,0.14756100319507728,0.3702775350295763
2021-05-06,2021-05-07,VN:VND,0.2,0.17447916666666674,1,4.0,-0.10840155022738052,0.13650263642515784,0.3495719976786971,0.14626690527399025,0.22114120094267725,0.1465172596794775,0.3676584606221548
2021-05-18,2021-05-19,VN:LPB,0.2,0.4717241379310344,1,4.0,-0.06762293283445836,0.13535778829564699,0.3269210901970159,0.16307101382632616,0.21928648140817053,0.15536362627284048,0.37465010768101104
2021-05-18,2021-05-19,VN:HSG,0.2,0.15735522736105723,1,4.0,-0.06886464357376099,0.13784322142601013,0.3329240083694458,0.1477033644914627,0.22331300377845764,0.15821640193462372,0.38152940571308136
2021-05-18,2021-05-19,VN:FTS,0.2,0.4811798099469333,1,4.0,-0.07370671959400416,0.12903106789429789,0.34849612482619846,0.14581673499122566,0.2204606035557659,0.15619546873251208,0.376656072288278
2021-05-18,2021-05-19,VN:SHB,0.2,0.10583596214511037,1,3.0,-0.07643058782174306,0.14122104434339636,0.33161964518398573,0.1471246906053321,0.2224380936855362,0.1575965261817496,0.3800346198672858
2021-05-18,2021-05-19,VN:NKG,0.2,0.09309791332263262,1,3.0,-0.09116224944591522,0.14779801666736603,0.32907992601394653,0.14599792659282684,0.22073455154895782,0.15638957917690277,0.3771241307258606
2021-05-28,2021-05-31,VN:FTS,0.2,0.32173405909797825,1,4.0,-0.06886464357376099,0.13784322142601013,0.3329240083694458,0.1477033644914627,0.22331300377845764,0.15821640193462372,0.38152940571308136
2021-05-28,2021-05-31,VN:LPB,0.2,0.03573296147812455,1,2.0,-0.06886464357376099,0.13784322142601013,0.3329240083694458,0.1477033644914627,0.22331300377845764,0.15821640193462372,0.38152940571308136
2021-05-28,2021-05-31,VN:NKG,0.2,0.029968454258675115,1,2.0,-0.06886464357376099,0.13784322142601013,0.3329240083694458,0.1477033644914627,0.22331300377845764,0.15821640193462372,0.38152940571308136
2021-05-28,2021-05-31,VN:VND,0.2,0.550473826053842,1,4.0,-0.06886464357376099,0.13784322142601013,0.3329240083694458,0.1477033644914627,0.22331300377845764,0.15821640193462372,0.38152940571308136
2021-05-28,2021-05-31,VN:SHB,0.2,-0.07291507268553932,1,0.0,-0.07643058782174306,0.14122104434339636,0.33161964518398573,0.1471246906053321,0.2224380936855362,0.1575965261817496,0.3800346198672858
2021-06-09,2021-06-10,VN:FTS,0.2,0.3007185310032823,1,4.0,-0.07872620342263881,0.1346048881799711,0.34286931668027215,0.15211566019230574,0.20746738027732642,0.16294275467012456,0.370410134947451
2021-06-09,2021-06-10,VN:VND,0.2,0.24653586406733652,1,4.0,-0.09116224944591522,0.14779801666736603,0.32907992601394653,0.14599792659282684,0.22073455154895782,0.15638957917690277,0.3771241307258606
2021-06-09,2021-06-10,VN:LPB,0.2,-0.055989379978135134,1,1.0,-0.09275603570807084,0.14092430892361132,0.34036556900637055,0.1510048553647058,0.20595238226510235,0.16175288444021,0.36770526670531234
2021-06-09,2021-06-10,VN:SHB,0.2,-0.13420936069688472,1,0.0,-0.09454196550634553,0.13845167847794773,0.3447267063747837,0.14423954271913256,0.21807604703193834,0.15450602539619765,0.372582072428136
2021-06-09,2021-06-10,VN:NKG,0.2,0.053968253968254,1,3.0,-0.10840155022738052,0.13650263642515784,0.3495719976786971,0.14626690527399025,0.22114120094267725,0.1465172596794775,0.3676584606221548
2021-06-21,2021-06-22,VN:SJS,0.2,-0.09238249594813619,1,0.0,-0.0871947705745697,0.1351296603679657,0.34605592489242554,0.1447957158088684,0.21891692280769348,0.15510177612304688,0.37401869893074036
2021-06-21,2021-06-22,VN:HSG,0.2,-0.07820554123711343,1,0.0,-0.09275603570807084,0.14092430892361132,0.34036556900637055,0.1510048553647058,0.20595238226510235,0.16175288444021,0.36770526670531234
2021-06-21,2021-06-22,VN:VCI,0.2,0.05079605761940864,1,3.0,-0.09275603570807084,0.14092430892361132,0.34036556900637055,0.1510048553647058,0.20595238226510235,0.16175288444021,0.36770526670531234
2021-06-21,2021-06-22,VN:DCM,0.2,-0.07905704553890625,1,0.0,-0.10619363505225282,0.13372236888773348,0.34245194025194464,0.16365565847324307,0.21663702179899877,0.14353301058808002,0.3601700323870788
2021-06-21,2021-06-22,VN:DBC,0.2,-0.10932475884244364,1,0.0,-0.10713831920715688,0.12787182438564562,0.35550295776869417,0.15727098051799862,0.21460018732249458,0.14475405000516697,0.3593542373276616
2021-07-01,2021-07-02,VN:NKG,0.2,-0.1607142857142856,1,0.0,-0.0871947705745697,0.1351296603679657,0.34605592489242554,0.1447957158088684,0.21891692280769348,0.15510177612304688,0.37401869893074036
2021-07-01,2021-07-02,VN:HCM,0.2,-0.1759320147706004,1,0.0,-0.09275603570807084,0.14092430892361132,0.34036556900637055,0.1510048553647058,0.20595238226510235,0.16175288444021,0.36770526670531234
2021-07-01,2021-07-02,VN:SSI,0.2,-0.14258722761053033,1,0.0,-0.09275603570807084,0.14092430892361132,0.34036556900637055,0.1510048553647058,0.20595238226510235,0.16175288444021,0.36770526670531234
2021-07-01,2021-07-02,VN:VCI,0.2,-0.1084750474954822,1,0.0,-0.09275603570807084,0.14092430892361132,0.34036556900637055,0.1510048553647058,0.20595238226510235,0.16175288444021,0.36770526670531234
2021-07-01,2021-07-02,VN:DBC,0.2,-0.19873817034700303,1,0.0,-0.10713831920715688,0.12787182438564562,0.35550295776869417,0.15727098051799862,0.21460018732249458,0.14475405000516697,0.3593542373276616
2021-07-13,2021-07-14,VN:SJS,0.2,0.04166666666666674,1,2.0,-0.10852356093341764,0.12952512309662814,0.36009936988205654,0.14637507280148457,0.21737481329776626,0.14662562092206446,0.36400043421983075
2021-07-13,2021-07-14,VN:CII,0.2,0.0,1,1.0,-0.1266623995702743,0.13912663939217806,0.3488014832496201,0.15859320287128678,0.2065649865101282,0.14691368797678686,0.35347867448691506
2021-07-13,2021-07-14,VN:FTS,0.2,0.03168529006581955,1,2.0,-0.12854037071884777,0.13186398541521982,0.3666017462790533,0.14901818779165113,0.20324281463750646,0.14927326587656933,0.3525160805140758
2021-07-13,2021-07-14,VN:HDC,0.2,0.19999999999999996,1,4.0,-0.13050489127635956,0.13697759807109833,0.3507883548736572,0.16502246260643005,0.20018450915813446,0.14702707529067993,0.3472115844488144
2021-07-13,2021-07-14,VN:VCI,0.2,-0.09394432220415183,1,0.0,-0.13293041486934443,0.13952343373780599,0.3573080056504608,0.14950378461932815,0.2039050937280818,0.14975968226432326,0.3536647759924051
2021-07-23,2021-07-26,VN:HDC,0.2,0.10499139414802072,1,3.0,-0.09275603570807084,0.14092430892361132,0.34036556900637055,0.1510048553647058,0.20595238226510235,0.16175288444021,0.36770526670531234
2021-07-23,2021-07-26,VN:HDG,0.2,0.11006507592190884,1,3.0,-0.11745753534264752,0.13511617079030958,0.35617842208807404,0.14478125736769268,0.21889507118180182,0.1450290785721219,0.36392414975392373
2021-07-23,2021-07-26,VN:SJS,0.2,0.02400000000000002,1,2.0,-0.11745753534264752,0.13511617079030958,0.35617842208807404,0.14478125736769268,0.21889507118180182,0.1450290785721219,0.36392414975392373
2021-07-23,2021-07-26,VN:VND,0.2,0.23021582733812962,1,4.0,-0.12181820338422661,0.13564344154725794,0.3575683342685799,0.14534624354083073,0.21584694730779372,0.14559503333553772,0.36144198064333144
2021-07-23,2021-07-26,VN:VIX,0.2,0.08057851239669422,1,3.0,-0.14346967851325387,0.13724805619192207,0.35501874022213725,0.15823190150010438,0.21295743007894502,0.13654387200689125,0.3495013020858363
2021-08-04,2021-08-05,VN:HDC,0.2,0.05263157894736836,1,3.0,-0.09275603570807084,0.14092430892361132,0.34036556900637055,0.1510048553647058,0.20595238226510235,0.16175288444021,0.36770526670531234
2021-08-04,2021-08-05,VN:VND,0.2,0.06425702811244971,1,3.0,-0.10840155022738052,0.13650263642515784,0.3495719976786971,0.14626690527399025,0.22114120094267725,0.1465172596794775,0.3676584606221548
2021-08-04,2021-08-05,VN:NKG,0.2,0.09254143646408841,1,3.0,-0.11597440964021666,0.1334100643782308,0.35168092918871446,0.15558014578252813,0.21613107299609374,0.14319778765443283,0.3593288606505266
2021-08-04,2021-08-05,VN:SJS,0.2,-0.020537124802527562,1,1.0,-0.11745753534264752,0.13511617079030958,0.35617842208807404,0.14478125736769268,0.21889507118180182,0.1450290785721219,0.36392414975392373
2021-08-04,2021-08-05,VN:SSI,0.2,0.10035278616058152,1,3.0,-0.11745753534264752,0.13511617079030958,0.35617842208807404,0.14478125736769268,0.21889507118180182,0.1450290785721219,0.36392414975392373
2021-08-16,2021-08-17,VN:NKG,0.2,0.19878373775966374,1,4.0,-0.10756090123115625,0.1354440877520429,0.34686114867238477,0.15288740168679651,0.2194263008322373,0.1453810610565385,0.3648073618887758
2021-08-16,2021-08-17,VN:DCM,0.2,0.10874200426439229,1,3.0,-0.10840155022738052,0.13650263642515784,0.3495719976786971,0.14626690527399025,0.22114120094267725,0.1465172596794775,0.3676584606221548
2021-08-16,2021-08-17,VN:DIG,0.2,0.05162241887905594,1,3.0,-0.10840155022738052,0.13650263642515784,0.3495719976786971,0.14626690527399025,0.22114120094267725,0.1465172596794775,0.3676584606221548
2021-08-16,2021-08-17,VN:SSI,0.2,-0.014500641449286533,1,1.0,-0.10840155022738052,0.13650263642515784,0.3495719976786971,0.14626690527399025,0.22114120094267725,0.1465172596794775,0.3676584606221548
2021-08-16,2021-08-17,VN:VCI,0.2,-0.011507098803758331,1,1.0,-0.10840155022738052,0.13650263642515784,0.3495719976786971,0.14626690527399025,0.22114120094267725,0.1465172596794775,0.3676584606221548
2021-08-26,2021-08-27,VN:FTS,0.2,0.12614732878324308,1,4.0,-0.09275603570807084,0.14092430892361132,0.34036556900637055,0.1510048553647058,0.20595238226510235,0.16175288444021,0.36770526670531234
2021-08-26,2021-08-27,VN:NKG,0.2,0.21468144044321313,1,4.0,-0.10840155022738052,0.13650263642515784,0.3495719976786971,0.14626690527399025,0.22114120094267725,0.1465172596794775,0.3676584606221548
2021-08-26,2021-08-27,VN:CTS,0.2,-0.005244755244755317,1,1.0,-0.11745753534264752,0.13511617079030958,0.35617842208807404,0.14478125736769268,0.21889507118180182,0.1450290785721219,0.36392414975392373
2021-08-26,2021-08-27,VN:DCM,0.2,0.03519668737060022,1,2.0,-0.11745753534264752,0.13511617079030958,0.35617842208807404,0.14478125736769268,0.21889507118180182,0.1450290785721219,0.36392414975392373
2021-08-26,2021-08-27,VN:SSI,0.2,0.02437964280069549,1,2.0,-0.11745753534264752,0.13511617079030958,0.35617842208807404,0.14478125736769268,0.21889507118180182,0.1450290785721219,0.36392414975392373
2021-09-09,2021-09-10,VN:FTS,0.2,-0.04586334959058569,1,1.0,-0.09275603570807084,0.14092430892361132,0.34036556900637055,0.1510048553647058,0.20595238226510235,0.16175288444021,0.36770526670531234
2021-09-09,2021-09-10,VN:NKG,0.2,0.008403361344537785,1,1.0,-0.09275603570807084,0.14092430892361132,0.34036556900637055,0.1510048553647058,0.20595238226510235,0.16175288444021,0.36770526670531234
2021-09-09,2021-09-10,VN:HDC,0.2,0.06717557251908413,1,3.0,-0.10840155022738052,0.13650263642515784,0.3495719976786971,0.14626690527399025,0.22114120094267725,0.1465172596794775,0.3676584606221548
2021-09-09,2021-09-10,VN:DGW,0.2,0.17031956270366866,1,4.0,-0.11100708279034743,0.13808934802083217,0.3536354110728327,0.14796710455319598,0.20180924838212871,0.15849888797101044,0.3603081363531392
2021-09-09,2021-09-10,VN:HSG,0.2,-0.020059800915938175,1,1.0,-0.11597440964021666,0.1334100643782308,0.35168092918871446,0.15558014578252813,0.21613107299609374,0.14319778765443283,0.3593288606505266
2021-09-21,2021-09-22,VN:HDC,0.2,0.2071330589849112,1,4.0,-0.06886464357376099,0.13784322142601013,0.3329240083694458,0.1477033644914627,0.22331300377845764,0.15821640193462372,0.38152940571308136
2021-09-21,2021-09-22,VN:FTS,0.2,-0.05424222161035275,1,1.0,-0.09275603570807084,0.14092430892361132,0.34036556900637055,0.1510048553647058,0.20595238226510235,0.16175288444021,0.36770526670531234
2021-09-21,2021-09-22,VN:NKG,0.2,0.060439560439560225,1,3.0,-0.09275603570807084,0.14092430892361132,0.34036556900637055,0.1510048553647058,0.20595238226510235,0.16175288444021,0.36770526670531234
2021-09-21,2021-09-22,VN:EVF,0.2,0.07633587786259555,1,3.0,-0.10285950013576445,0.12737763307623962,0.354129026953251,0.15666315426418645,0.2176355784426802,0.14419460726364278,0.36183018570632297
2021-09-21,2021-09-22,VN:PVT,0.2,0.012320328542094305,1,1.0,-0.10713831920715688,0.12787182438564562,0.35550295776869417,0.15727098051799862,0.21460018732249458,0.14475405000516697,0.3593542373276616
2021-10-01,2021-10-04,VN:HDC,0.2,0.24966974900924677,1,4.0,-0.06886464357376099,0.13784322142601013,0.3329240083694458,0.1477033644914627,0.22331300377845764,0.15821640193462372,0.38152940571308136
2021-10-01,2021-10-04,VN:DPM,0.2,0.16272965879265078,1,4.0,-0.09321938455104828,0.12800723314285278,0.34573087096214294,0.16264326870441437,0.21871130168437958,0.14490732550621033,0.3636186271905899
2021-10-01,2021-10-04,VN:EVF,0.2,0.21969696969696995,1,4.0,-0.10285950013576445,0.12737763307623962,0.354129026953251,0.15666315426418645,0.2176355784426802,0.14419460726364278,0.36183018570632297
2021-10-01,2021-10-04,VN:DGC,0.2,-0.04341331947917004,1,1.0,-0.10811978578567505,0.14603403210639954,0.3311058282852173,0.16515839099884033,0.20034939050674438,0.15735235810279846,0.35770174860954285
2021-10-01,2021-10-04,VN:DCM,0.2,0.15248226950354615,1,4.0,-0.10840155022738052,0.13650263642515784,0.3495719976786971,0.14626690527399025,0.22114120094267725,0.1465172596794775,0.3676584606221548
2021-10-13,2021-10-14,VN:EVF,0.2,0.19354838709677424,1,4.0,-0.054971856401628716,0.13164078600820364,0.335319086820524,0.14876595964583936,0.2249195326155633,0.15935463490986965,0.384274167525433
2021-10-13,2021-10-14,VN:DCM,0.2,0.07246376811594213,1,3.0,-0.0871947705745697,0.1351296603679657,0.34605592489242554,0.1447957158088684,0.21891692280769348,0.15510177612304688,0.37401869893074036
2021-10-13,2021-10-14,VN:HDC,0.2,0.14132762312633806,1,4.0,-0.09275603570807084,0.14092430892361132,0.34036556900637055,0.1510048553647058,0.20595238226510235,0.16175288444021,0.36770526670531234
2021-10-13,2021-10-14,VN:NKG,0.2,0.12049433573635415,1,4.0,-0.09275603570807084,0.14092430892361132,0.34036556900637055,0.1510048553647058,0.20595238226510235,0.16175288444021,0.36770526670531234
2021-10-13,2021-10-14,VN:FRT,0.2,0.11087420042643936,1,3.0,-0.10418416870189212,0.12901808705979845,0.3586897360888045,0.14580208497649685,0.2204384422432912,0.14605164963160902,0.3664900918749002
2021-10-25,2021-10-26,VN:EVF,0.2,0.034482758620689724,1,2.0,-0.06886464357376099,0.13784322142601013,0.3329240083694458,0.1477033644914627,0.22331300377845764,0.15821640193462372,0.38152940571308136
2021-10-25,2021-10-26,VN:DPM,0.2,0.19866814650388442,1,4.0,-0.0871947705745697,0.1351296603679657,0.34605592489242554,0.1447957158088684,0.21891692280769348,0.15510177612304688,0.37401869893074036
2021-10-25,2021-10-26,VN:HDC,0.2,0.12577319587628888,1,4.0,-0.09275603570807084,0.14092430892361132,0.34036556900637055,0.1510048553647058,0.20595238226510235,0.16175288444021,0.36770526670531234
2021-10-25,2021-10-26,VN:PC1,0.2,0.1310311170184748,1,4.0,-0.10658410032713261,0.1272103022454634,0.3536638266792323,0.16163071749164584,0.2134899763242904,0.14400517725936804,0.35749515358365846
2021-10-25,2021-10-26,VN:FRT,0.2,0.15856236786469347,1,4.0,-0.10852356093341764,0.12952512309662814,0.36009936988205654,0.14637507280148457,0.21737481329776626,0.14662562092206446,0.36400043421983075
2021-11-04,2021-11-05,VN:FTS,0.2,-0.03547694863630069,1,1.0,-0.06886464357376099,0.13784322142601013,0.3329240083694458,0.1477033644914627,0.22331300377845764,0.15821640193462372,0.38152940571308136
2021-11-04,2021-11-05,VN:BSI,0.2,0.1686746987951806,1,4.0,-0.09275603570807084,0.14092430892361132,0.34036556900637055,0.1510048553647058,0.20595238226510235,0.16175288444021,0.36770526670531234
2021-11-04,2021-11-05,VN:EVF,0.2,0.061797752808989026,1,3.0,-0.09275603570807084,0.14092430892361132,0.34036556900637055,0.1510048553647058,0.20595238226510235,0.16175288444021,0.36770526670531234
2021-11-04,2021-11-05,VN:GEX,0.2,0.5355822287957221,1,4.0,-0.09321938455104828,0.12800723314285278,0.34573087096214294,0.16264326870441437,0.21871130168437958,0.14490732550621033,0.3636186271905899
2021-11-04,2021-11-05,VN:PC1,0.2,-0.05817174515235468,1,0.0,-0.09492649420876781,0.13035141320083776,0.3520622060317459,0.14730884573784012,0.222716531834499,0.14756100319507728,0.3702775350295763
2021-11-16,2021-11-17,VN:HAG,0.2,0.06280193236715004,1,3.0,-0.054971856401628716,0.13164078600820364,0.335319086820524,0.14876595964583936,0.2249195326155633,0.15935463490986965,0.384274167525433
2021-11-16,2021-11-17,VN:CTS,0.2,0.020930232558139528,1,2.0,-0.06886464357376099,0.13784322142601013,0.3329240083694458,0.1477033644914627,0.22331300377845764,0.15821640193462372,0.38152940571308136
2021-11-16,2021-11-17,VN:EVF,0.2,0.016393442622950838,1,2.0,-0.06886464357376099,0.13784322142601013,0.3329240083694458,0.1477033644914627,0.22331300377845764,0.15821640193462372,0.38152940571308136
2021-11-16,2021-11-17,VN:VND,0.2,0.11798561151079134,1,4.0,-0.06886464357376099,0.13784322142601013,0.3329240083694458,0.1477033644914627,0.22331300377845764,0.15821640193462372,0.38152940571308136
2021-11-16,2021-11-17,VN:VGC,0.2,-0.015444015444015413,1,1.0,-0.07872620342263881,0.1346048881799711,0.34286931668027215,0.15211566019230574,0.20746738027732642,0.16294275467012456,0.370410134947451
2021-11-26,2021-11-29,VN:CTS,0.2,-0.1329787234042552,1,0.0,-0.09275603570807084,0.14092430892361132,0.34036556900637055,0.1510048553647058,0.20595238226510235,0.16175288444021,0.36770526670531234
2021-11-26,2021-11-29,VN:VIX,0.2,-0.010429638854296375,1,1.0,-0.09275603570807084,0.14092430892361132,0.34036556900637055,0.1510048553647058,0.20595238226510235,0.16175288444021,0.36770526670531234
2021-11-26,2021-11-29,VN:VND,0.2,0.03461538461538449,1,2.0,-0.09275603570807084,0.14092430892361132,0.34036556900637055,0.1510048553647058,0.20595238226510235,0.16175288444021,0.36770526670531234
2021-11-26,2021-11-29,VN:DBC,0.2,0.01953125,1,2.0,-0.09492649420876781,0.13035141320083776,0.3520622060317459,0.14730884573784012,0.222716531834499,0.14756100319507728,0.3702775350295763
2021-11-26,2021-11-29,VN:EVF,0.2,0.0888888888888888,1,3.0,-0.10840155022738052,0.13650263642515784,0.3495719976786971,0.14626690527399025,0.22114120094267725,0.1465172596794775,0.3676584606221548
2021-12-08,2021-12-09,VN:HAG,0.2,0.4387031408308004,1,4.0,-0.054971856401628716,0.13164078600820364,0.335319086820524,0.14876595964583936,0.2249195326155633,0.15935463490986965,0.384274167525433
2021-12-08,2021-12-09,VN:EVF,0.2,-0.09661835748792269,1,0.0,-0.06886464357376099,0.13784322142601013,0.3329240083694458,0.1477033644914627,0.22331300377845764,0.15821640193462372,0.38152940571308136
2021-12-08,2021-12-09,VN:TPB,0.2,0.03693682282425503,1,2.0,-0.10649703284357437,0.12554639390786895,0.3541541940844924,0.16367105895770998,0.21450675704320138,0.14212159600672727,0.3566283530499287
2021-12-08,2021-12-09,VN:SJS,0.2,-0.039215686274509776,1,1.0,-0.10840155022738052,0.13650263642515784,0.3495719976786971,0.14626690527399025,0.22114120094267725,0.1465172596794775,0.3676584606221548
2021-12-08,2021-12-09,VN:DGC,0.2,-0.05383993039124402,1,1.0,-0.11745753534264752,0.13511617079030958,0.35617842208807404,0.14478125736769268,0.21889507118180182,0.1450290785721219,0.36392414975392373
2021-12-20,2021-12-21,VN:POW,0.2,0.054823544991061235,1,3.0,-0.0723944178937202,0.1267337240795411,0.3422912759271644,0.16102515640929807,0.2165353809754664,0.15341446260853,0.3699498435839964
2021-12-20,2021-12-21,VN:FRT,0.2,0.0034403669724771824,1,1.0,-0.09275603570807084,0.14092430892361132,0.34036556900637055,0.1510048553647058,0.20595238226510235,0.16175288444021,0.36770526670531234
2021-12-20,2021-12-21,VN:TPB,0.2,0.055276381909547645,1,3.0,-0.09321938455104828,0.12800723314285278,0.34573087096214294,0.16264326870441437,0.21871130168437958,0.14490732550621033,0.3636186271905899
2021-12-20,2021-12-21,VN:HAG,0.2,0.11372549019607847,1,3.0,-0.10039475560188293,0.14436499774456024,0.3390023708343506,0.1504000723361969,0.2051275074481964,0.16110505163669586,0.3662325590848923
2021-12-20,2021-12-21,VN:CII,0.2,0.4077922077922078,1,4.0,-0.10221679508686066,0.13990412652492523,0.34643930196762085,0.14575272798538208,0.21177692711353302,0.15612691640853882,0.36790384352207184
2021-12-30,2021-12-31,VN:HDG,0.2,-0.14284485724114204,1,0.0,-0.10418416870189212,0.12901808705979845,0.3586897360888045,0.14580208497649685,0.2204384422432912,0.14605164963160902,0.3664900918749002
2021-12-30,2021-12-31,VN:PC1,0.2,-0.16519546027742749,1,0.0,-0.10713831920715688,0.12787182438564562,0.35550295776869417,0.15727098051799862,0.21460018732249458,0.14475405000516697,0.3593542373276616
2021-12-30,2021-12-31,VN:VND,0.2,-0.24637681159420288,1,0.0,-0.10840155022738052,0.13650263642515784,0.3495719976786971,0.14626690527399025,0.22114120094267725,0.1465172596794775,0.3676584606221548
2021-12-30,2021-12-31,VN:SZC,0.2,-0.03443113772455075,1,1.0,-0.10852356093341764,0.12952512309662814,0.36009936988205654,0.14637507280148457,0.21737481329776626,0.14662562092206446,0.36400043421983075
2021-12-30,2021-12-31,VN:HAG,0.2,0.04561403508771922,1,3.0,-0.11526428334808769,0.15106263981852888,0.3363487770609375,0.14922277851734725,0.20352183585646505,0.15984396874672127,0.36336580460318635
2022-01-12,2022-01-13,VN:HAG,0.2,-0.20538720538720534,1,0.0,-0.10039475560188293,0.14436499774456024,0.3390023708343506,0.1504000723361969,0.2051275074481964,0.16110505163669586,0.3662325590848923
2022-01-12,2022-01-13,VN:TPB,0.2,-0.024418604651162745,1,1.0,-0.10232940773648358,0.12672119409089658,0.35230402733254557,0.16100927417021726,0.2165140010348261,0.14345150337151452,0.3599655044063406
2022-01-12,2022-01-13,VN:SJS,0.2,-0.029761904761904767,1,1.0,-0.10840155022738052,0.13650263642515784,0.3495719976786971,0.14626690527399025,0.22114120094267725,0.1465172596794775,0.3676584606221548
2022-01-12,2022-01-13,VN:EVF,0.2,-0.17847769028871385,1,0.0,-0.10852356093341764,0.12952512309662814,0.36009936988205654,0.14637507280148457,0.21737481329776626,0.14662562092206446,0.36400043421983075
2022-01-12,2022-01-13,VN:STB,0.2,0.02449567723342927,1,2.0,-0.10852356093341764,0.12952512309662814,0.36009936988205654,0.14637507280148457,0.21737481329776626,0.14662562092206446,0.36400043421983075
2022-01-24,2022-01-25,VN:SZC,0.2,0.06666666666666687,1,3.0,-0.10713831920715688,0.12787182438564562,0.35550295776869417,0.15727098051799862,0.21460018732249458,0.14475405000516697,0.3593542373276616
2022-01-24,2022-01-25,VN:HSG,0.2,0.21298495645289006,1,4.0,-0.12658508310593786,0.13738809730690862,0.35113457368514794,0.15650072927029027,0.21062751428227894,0.1443490854553742,0.35497659973765316
2022-01-24,2022-01-25,VN:NKG,0.2,0.30148270181219106,1,4.0,-0.12658508310593786,0.13738809730690862,0.35113457368514794,0.15650072927029027,0.21062751428227894,0.1443490854553742,0.35497659973765316
2022-01-24,2022-01-25,VN:HPG,0.2,0.13021629888573294,1,4.0,-0.1266623995702743,0.13912663939217806,0.3488014832496201,0.15859320287128678,0.2065649865101282,0.14691368797678686,0.35347867448691506
2022-01-24,2022-01-25,VN:BID,0.2,-0.03731343283582089,1,1.0,-0.1789996488317821,0.13481630485368,0.3586696711083477,0.175755964038938,0.21221348801414286,0.11854457198489138,0.33075805999903424
2022-02-10,2022-02-11,VN:SZC,0.2,0.03333333333333344,1,2.0,-0.12854037071884777,0.13186398541521982,0.3666017462790533,0.14901818779165113,0.20324281463750646,0.14927326587656933,0.3525160805140758
2022-02-10,2022-02-11,VN:FRT,0.2,0.2608247422680412,1,4.0,-0.13293041486934443,0.13952343373780599,0.3573080056504608,0.14950378461932815,0.2039050937280818,0.14975968226432326,0.3536647759924051
2022-02-10,2022-02-11,VN:BCM,0.2,-0.022279975447623834,1,1.0,-0.14632812796509842,0.1348217040965723,0.3710539208823705,0.14302962167693473,0.20782030557782824,0.14327444776629422,0.35109475334412243
2022-02-10,2022-02-11,VN:MBB,0.2,0.01925925925925931,1,2.0,-0.1786016603679207,0.12999994143843388,0.36671717614161264,0.16947699350760848,0.21949637917413023,0.11430950973821474,0.333805888912345
2022-02-10,2022-02-11,VN:EIB,0.2,-0.03285714285714281,1,1.0,-0.19336422075873944,0.13135977285146375,0.38511154629456323,0.14844839496088616,0.21569370054742248,0.1193865853456644,0.3350802858930869
2022-02-22,2022-02-23,VN:FRT,0.2,0.1051724137931036,1,3.0,-0.09275603570807084,0.14092430892361132,0.34036556900637055,0.1510048553647058,0.20595238226510235,0.16175288444021,0.36770526670531234
2022-02-22,2022-02-23,VN:HDG,0.2,-0.004275599128540253,1,1.0,-0.10649703284357437,0.12554639390786895,0.3541541940844924,0.16367105895770998,0.21450675704320138,0.14212159600672727,0.3566283530499287
2022-02-22,2022-02-23,VN:DXG,0.2,0.03350515463917514,1,2.0,-0.10852356093341764,0.12952512309662814,0.36009936988205654,0.14637507280148457,0.21737481329776626,0.14662562092206446,0.36400043421983075
2022-02-22,2022-02-23,VN:VHC,0.2,0.06133333333333324,1,3.0,-0.12687040298266394,0.13015083386819806,0.3618389504325859,0.16007394373086348,0.20060232875038703,0.14733394321796553,0.34793627196835253
2022-02-22,2022-02-23,VN:SZC,0.2,-0.05641025641025643,1,1.0,-0.12854037071884777,0.13186398541521982,0.3666017462790533,0.14901818779165113,0.20324281463750646,0.14927326587656933,0.3525160805140758
2022-03-04,2022-03-07,VN:HDG,0.2,0.016968236926863778,1,2.0,-0.10649703284357437,0.12554639390786895,0.3541541940844924,0.16367105895770998,0.21450675704320138,0.14212159600672727,0.3566283530499287
2022-03-04,2022-03-07,VN:DPM,0.2,0.09452736318407973,1,3.0,-0.11655586610567964,0.13407894569400114,0.35344417829977937,0.151346425671982,0.21721469708637306,0.14391575324786446,0.3611304503342375
2022-03-04,2022-03-07,VN:DXG,0.2,0.027272727272727337,1,2.0,-0.11933365642031513,0.13325709303106506,0.3599100762592267,0.1505925230770189,0.20539000936433688,0.15085029826835242,0.3562403076326893
2022-03-04,2022-03-07,VN:DCM,0.2,0.10297766749379633,1,3.0,-0.12027407824176312,0.13392406302916815,0.3530359162975575,0.1561795724576839,0.21311093231705033,0.14374951589854015,0.3568604482155905
2022-03-04,2022-03-07,VN:DGC,0.2,0.20158507889304333,1,4.0,-0.12027407824176312,0.13392406302916815,0.3530359162975575,0.1561795724576839,0.21311093231705033,0.14374951589854015,0.3568604482155905
2022-03-16,2022-03-17,VN:HDG,0.2,0.01559708854347197,1,2.0,-0.1063115463601283,0.1268850583864012,0.3527595751398738,0.16377422457596993,0.21294413824296204,0.14363700365479296,0.356581141897755
2022-03-16,2022-03-17,VN:PC1,0.2,0.07256235827664392,1,3.0,-0.10713831920715688,0.12787182438564562,0.35550295776869417,0.15727098051799862,0.21460018732249458,0.14475405000516697,0.3593542373276616
2022-03-16,2022-03-17,VN:DXG,0.2,0.11778846153846145,1,4.0,-0.10768137872219086,0.1285199522972107,0.3573048412799835,0.15299957990646362,0.21568788588047028,0.1454877406358719,0.36117562651634216
2022-03-16,2022-03-17,VN:FRT,0.2,0.11583577712609983,1,3.0,-0.11013097896976798,0.14875045197083872,0.3372648606111875,0.14962921813682886,0.20407615297919285,0.16027931630195205,0.36435546928114493
2022-03-16,2022-03-17,VN:ANV,0.2,0.02168674698795181,1,2.0,-0.1241154931749256,0.12544042988299042,0.36775763726956734,0.15428058343289544,0.2105196949684711,0.14200165444607574,0.3525213494145468
2022-03-28,2022-03-29,VN:ANV,0.2,-0.0848214285714286,1,0.0,-0.10285950013576445,0.12737763307623962,0.354129026953251,0.15666315426418645,0.2176355784426802,0.14419460726364278,0.36183018570632297
2022-03-28,2022-03-29,VN:PC1,0.2,-0.10010319917440669,1,0.0,-0.10285950013576445,0.12737763307623962,0.354129026953251,0.15666315426418645,0.2176355784426802,0.14419460726364278,0.36183018570632297
2022-03-28,2022-03-29,VN:FRT,0.2,0.06990291262135928,1,3.0,-0.11013097896976798,0.14875045197083872,0.3372648606111875,0.14962921813682886,0.20407615297919285,0.16027931630195205,0.36435546928114493
2022-03-28,2022-03-29,VN:DGC,0.2,0.05236847849814463,1,3.0,-0.1278726401385975,0.1457847738660228,0.3504780374253674,0.14664600133988256,0.2000074297186391,0.15708375765008817,0.35709118736872725
2022-03-28,2022-03-29,VN:VHC,0.2,0.06321243523316045,1,3.0,-0.1278726401385975,0.1457847738660228,0.3504780374253674,0.14664600133988256,0.2000074297186391,0.15708375765008817,0.35709118736872725
2022-04-07,2022-04-08,VN:FRT,0.2,-0.046052631578947345,1,1.0,-0.11013097896976798,0.14875045197083872,0.3372648606111875,0.14962921813682886,0.20407615297919285,0.16027931630195205,0.36435546928114493
2022-04-07,2022-04-08,VN:CII,0.2,-0.2698412698412699,1,0.0,-0.13402386409115385,0.1328584740417741,0.35682503452375636,0.15903696891775634,0.21404092651727577,0.13723859599943744,0.35127952251671324
2022-04-07,2022-04-08,VN:VHC,0.2,-0.006681514476614803,1,1.0,-0.14450258231911928,0.13926854937178715,0.36347491090707346,0.1477471761069771,0.20150929989679606,0.1480000637173662,0.3495093636141623
2022-04-07,2022-04-08,VN:DGC,0.2,0.0,1,1.0,-0.158517914392321,0.14577003040567085,0.36072940171851814,0.14663118342505668,0.19998722076396974,0.14688216368678456,0.3468693844507543
2022-04-07,2022-04-08,VN:CMG,0.2,-0.03509519284333318,1,1.0,-0.1962566270587584,0.1276173769150088,0.3796240474199663,0.1663709171050247,0.21417314292877487,0.11221451563122531,0.3263876585600002
2022-04-20,2022-04-21,VN:ANV,0.2,-0.00717948717948691,1,1.0,-0.10418416870189212,0.12901808705979845,0.3586897360888045,0.14580208497649685,0.2204384422432912,0.14605164963160902,0.3664900918749002
2022-04-20,2022-04-21,VN:VCG,0.2,-0.11165048543689304,1,0.0,-0.11981963754237773,0.13828165417070226,0.34668304483046997,0.1576299918404224,0.21138390268731408,0.14602140647109133,0.3574053091584054
2022-04-20,2022-04-21,VN:HCM,0.2,-0.16179366762611724,1,0.0,-0.1224620901804539,0.1368852961991639,0.34984951168747214,0.15592798125958499,0.213516407802212,0.143820803051567,0.357337210853779
2022-04-20,2022-04-21,VN:HHV,0.2,-0.11019424565503144,1,0.0,-0.1224620901804539,0.1368852961991639,0.34984951168747214,0.15592798125958499,0.213516407802212,0.143820803051567,0.357337210853779
2022-04-20,2022-04-21,VN:TCH,0.2,-0.1185897435897435,1,0.0,-0.1224620901804539,0.1368852961991639,0.34984951168747214,0.15592798125958499,0.213516407802212,0.143820803051567,0.357337210853779
2022-05-04,2022-05-05,VN:VCG,0.2,-0.12599681020733655,1,0.0,-0.11981963754237773,0.13828165417070226,0.34668304483046997,0.1576299918404224,0.21138390268731408,0.14602140647109133,0.3574053091584054
2022-05-04,2022-05-05,VN:CTD,0.2,-0.17299853678929766,1,0.0,-0.1224620901804539,0.1368852961991639,0.34984951168747214,0.15592798125958499,0.213516407802212,0.143820803051567,0.357337210853779
2022-05-04,2022-05-05,VN:HCM,0.2,-0.10117043450376784,1,0.0,-0.1224620901804539,0.1368852961991639,0.34984951168747214,0.15592798125958499,0.213516407802212,0.143820803051567,0.357337210853779
2022-05-04,2022-05-05,VN:TCH,0.2,-0.14743589743589736,1,0.0,-0.1224620901804539,0.1368852961991639,0.34984951168747214,0.15592798125958499,0.213516407802212,0.143820803051567,0.357337210853779
2022-05-04,2022-05-05,VN:CTG,0.2,-0.040723981900452455,1,1.0,-0.1266623995702743,0.13912663939217806,0.3488014832496201,0.15859320287128678,0.2065649865101282,0.14691368797678686,0.35347867448691506
2022-05-16,2022-05-17,VN:SIP,0.2,0.16002411626578672,1,4.0,0.0360718215097216,0.12800861704336677,0.3209277045588537,0.14591954431057655,0.19727150801909704,0.20787262606810591,0.40514413408720296
2022-05-16,2022-05-17,VN:MSB,0.2,0.11780821917808182,1,4.0,0.024042591452598572,0.12960608303546906,0.32493269443511963,0.14774052798748016,0.187253937125206,0.21046675741672516,0.39772069454193115
2022-05-16,2022-05-17,VN:OCB,0.2,0.15606936416184958,1,4.0,0.024042591452598572,0.12960608303546906,0.32493269443511963,0.14774052798748016,0.187253937125206,0.21046675741672516,0.39772069454193115
2022-05-16,2022-05-17,VN:PLX,0.2,0.13810741687979533,1,4.0,0.02054332227324429,0.13007077768550482,0.32609773168113426,0.14827025157615917,0.18433986878901523,0.2112213702681865,0.39556123905720175
2022-05-16,2022-05-17,VN:TCB,0.2,0.13034542199827626,1,4.0,0.02054332227324429,0.13007077768550482,0.32609773168113426,0.14827025157615917,0.18433986878901523,0.2112213702681865,0.39556123905720175
2022-05-26,2022-05-27,VN:MSB,0.2,-0.07341772151898729,1,0.0,-0.11981963754237773,0.13828165417070226,0.34668304483046997,0.1576299918404224,0.21138390268731408,0.14602140647109133,0.3574053091584054
2022-05-26,2022-05-27,VN:OCB,0.2,-0.12655086848635255,1,0.0,-0.12106451392173767,0.13802842795848846,0.34604817628860474,0.15990473330020905,0.2109968066215515,0.14502185583114624,0.35601866245269775
2022-05-26,2022-05-27,VN:CTD,0.2,0.08501987159889945,1,3.0,-0.1224620901804539,0.1368852961991639,0.34984951168747214,0.15592798125958499,0.213516407802212,0.143820803051567,0.357337210853779
2022-05-26,2022-05-27,VN:DBC,0.2,-0.09486166007905139,1,0.0,-0.1224620901804539,0.1368852961991639,0.34984951168747214,0.15592798125958499,0.213516407802212,0.143820803051567,0.357337210853779
2022-05-26,2022-05-27,VN:HCM,0.2,-0.14317013567034642,1,0.0,-0.1224620901804539,0.1368852961991639,0.34984951168747214,0.15592798125958499,0.213516407802212,0.143820803051567,0.357337210853779
2022-06-07,2022-06-08,VN:HSG,0.2,-0.2591207512673481,1,0.0,-0.10807218664561868,0.13200376337749825,0.36054749665197,0.13918457303116144,0.22004549711739285,0.14821866982197748,0.36826416693937036
2022-06-07,2022-06-08,VN:SHB,0.2,-0.007261268666940657,1,1.0,-0.10884860482360731,0.13295209804034525,0.3631377030354054,0.1330003927052138,0.22162631814558262,0.14928348807345296,0.3709098062190356
2022-06-07,2022-06-08,VN:DGC,0.2,-0.0408365874644252,1,1.0,-0.11745753534264752,0.13511617079030958,0.35617842208807404,0.14478125736769268,0.21889507118180182,0.1450290785721219,0.36392414975392373
2022-06-07,2022-06-08,VN:OCB,0.2,-0.12041884816753934,1,0.0,-0.11981963754237773,0.13828165417070226,0.34668304483046997,0.1576299918404224,0.21138390268731408,0.14602140647109133,0.3574053091584054
2022-06-07,2022-06-08,VN:CTD,0.2,-0.06498923206935092,1,0.0,-0.1224620901804539,0.1368852961991639,0.34984951168747214,0.15592798125958499,0.213516407802212,0.143820803051567,0.357337210853779
2022-06-17,2022-06-20,VN:HCM,0.2,0.2950572982984143,1,4.0,0.037045954829917405,0.12447176595467851,0.3399750216310839,0.12451698352731055,0.19610794940349574,0.2149282794834313,0.41103622888692704
2022-06-17,2022-06-20,VN:HSG,0.2,0.08512919481076442,1,3.0,0.03679847689868154,0.12364017126232257,0.33770367251557354,0.1303660263838915,0.19479776773752444,0.2134923621006879,0.40829012983821233
2022-06-17,2022-06-20,VN:MSB,0.2,0.07788161993769482,1,3.0,0.024042591452598572,0.12960608303546906,0.32493269443511963,0.14774052798748016,0.187253937125206,0.21046675741672516,0.39772069454193115
2022-06-17,2022-06-20,VN:SSI,0.2,0.05743433207486537,1,3.0,0.019645945115951247,0.1310202686944724,0.33485977358489216,0.1292681751818139,0.19315730898785483,0.21169447355096668,0.4048517825388215
2022-06-17,2022-06-20,VN:VCG,0.2,-0.04901582770867985,1,1.0,-0.057862789732131104,0.1643694377922141,0.3220087361784742,0.12430719564051618,0.18574443874681976,0.20357019164197576,0.38931463038879555
2022-06-29,2022-06-30,VN:HSG,0.2,0.05507389162561571,1,3.0,-0.10807218664561868,0.13200376337749825,0.36054749665197,0.13918457303116144,0.22004549711739285,0.14821866982197748,0.36826416693937036
2022-06-29,2022-06-30,VN:CTR,0.2,0.006389776357827337,1,1.0,-0.11640840942276132,0.13650433922565489,0.34636584440418844,0.16005151212292182,0.21119049506173276,0.14588780918550207,0.35707830424723486
2022-06-29,2022-06-30,VN:MSB,0.2,0.01449275362318847,1,2.0,-0.11981963754237773,0.13828165417070226,0.34668304483046997,0.1576299918404224,0.21138390268731408,0.14602140647109133,0.3574053091584054
2022-06-29,2022-06-30,VN:NAB,0.2,0.029032962235319815,1,2.0,-0.11981963754237773,0.13828165417070226,0.34668304483046997,0.1576299918404224,0.21138390268731408,0.14602140647109133,0.3574053091584054
2022-06-29,2022-06-30,VN:OCB,0.2,0.0,1,1.0,-0.11981963754237773,0.13828165417070226,0.34668304483046997,0.1576299918404224,0.21138390268731408,0.14602140647109133,0.3574053091584054
2022-07-11,2022-07-12,VN:HSG,0.2,-0.07303799885430595,1,0.0,-0.10884860482360731,0.13295209804034525,0.3631377030354054,0.1330003927052138,0.22162631814558262,0.14928348807345296,0.3709098062190356
2022-07-11,2022-07-12,VN:VCG,0.2,0.18518518518518534,1,4.0,-0.10884860482360731,0.13295209804034525,0.3631377030354054,0.1330003927052138,0.22162631814558262,0.14928348807345296,0.3709098062190356
2022-07-11,2022-07-12,VN:CTR,0.2,0.1047297297297296,1,3.0,-0.11640840942276132,0.13650433922565489,0.34636584440418844,0.16005151212292182,0.21119049506173276,0.14588780918550207,0.35707830424723486
2022-07-11,2022-07-12,VN:PTB,0.2,0.0,1,1.0,-0.11951269031297129,0.13792744073379873,0.3457950004071742,0.15978774190265324,0.21084244235094723,0.14564737460542657,0.35648981695637383
2022-07-11,2022-07-12,VN:VPB,0.2,0.007252317588446688,1,1.0,-0.11951269031297129,0.13792744073379873,0.3457950004071742,0.15978774190265324,0.21084244235094723,0.14564737460542657,0.35648981695637383
2022-07-21,2022-07-22,VN:HSG,0.2,0.13391530460624068,1,4.0,-0.10884860482360731,0.13295209804034525,0.3631377030354054,0.1330003927052138,0.22162631814558262,0.14928348807345296,0.3709098062190356
2022-07-21,2022-07-22,VN:PTB,0.2,0.031088510170423245,1,2.0,-0.11951269031297129,0.13792744073379873,0.3457950004071742,0.15978774190265324,0.21084244235094723,0.14564737460542657,0.35648981695637383
2022-07-21,2022-07-22,VN:NKG,0.2,0.1156812339331621,1,3.0,-0.1224620901804539,0.1368852961991639,0.34984951168747214,0.15592798125958499,0.213516407802212,0.143820803051567,0.357337210853779
2022-07-21,2022-07-22,VN:SSI,0.2,0.1572402163985105,1,4.0,-0.1224620901804539,0.1368852961991639,0.34984951168747214,0.15592798125958499,0.213516407802212,0.143820803051567,0.357337210853779
2022-07-21,2022-07-22,VN:VTP,0.2,0.0371693434104865,1,2.0,-0.12322400877547285,0.13733768872432972,0.3484803840065117,0.1610286283799597,0.2063748450986995,0.1467784537904994,0.3531532988891989
2022-08-02,2022-08-03,VN:DXS,0.2,0.05714285714285716,1,3.0,-0.1224620901804539,0.1368852961991639,0.34984951168747214,0.15592798125958499,0.213516407802212,0.143820803051567,0.357337210853779
2022-08-02,2022-08-03,VN:HPG,0.2,0.0545764305017038,1,3.0,-0.12787725031375885,0.1404610425233841,0.3521469235420227,0.15052305161952972,0.2085462063550949,0.14832277595996857,0.3568689823150635
2022-08-02,2022-08-03,VN:NKG,0.2,0.12661498708010366,1,4.0,-0.14231072790356658,0.1381654035498322,0.35312120178703077,0.15738617352802078,0.21551316128710393,0.13581405984801231,0.3513272211351163
2022-08-02,2022-08-03,VN:FRT,0.2,0.17146776406035658,1,4.0,-0.14346967851325387,0.13724805619192207,0.35501874022213725,0.15823190150010438,0.21295743007894502,0.13654387200689125,0.3495013020858363
2022-08-02,2022-08-03,VN:VND,0.2,0.0843373493975903,1,3.0,-0.14346967851325387,0.13724805619192207,0.35501874022213725,0.15823190150010438,0.21295743007894502,0.13654387200689125,0.3495013020858363
2022-08-12,2022-08-15,VN:VGC,0.2,0.018099547511312153,1,2.0,-0.12854037071884777,0.13186398541521982,0.3666017462790533,0.14901818779165113,0.20324281463750646,0.14927326587656933,0.3525160805140758
2022-08-12,2022-08-15,VN:DBC,0.2,0.07663551401869162,1,3.0,-0.2451384998133555,0.128847139013516,0.3986036538869687,0.15847051379785707,0.2169979545026713,0.09708073879898696,0.3140786933016583
2022-08-12,2022-08-15,VN:GMD,0.2,-0.030885201277286334,1,1.0,-0.2451384998133555,0.128847139013516,0.3986036538869687,0.15847051379785707,0.2169979545026713,0.09708073879898696,0.3140786933016583
2022-08-12,2022-08-15,VN:HCM,0.2,-0.04392452830188687,1,1.0,-0.2451384998133555,0.128847139013516,0.3986036538869687,0.15847051379785707,0.2169979545026713,0.09708073879898696,0.3140786933016583
2022-08-12,2022-08-15,VN:PVT,0.2,0.05213270142180093,1,3.0,-0.2451384998133555,0.128847139013516,0.3986036538869687,0.15847051379785707,0.2169979545026713,0.09708073879898696,0.3140786933016583
2022-08-24,2022-08-25,VN:BCM,0.2,0.022468046761992877,1,2.0,-0.1426409993756264,0.1374744387332099,0.358792470043561,0.1587262224581639,0.1989133893957759,0.14609347936928926,0.34500686876506514
2022-08-24,2022-08-25,VN:VGC,0.2,-0.12857142857142856,1,0.0,-0.14450258231911928,0.13926854937178715,0.36347491090707346,0.1477471761069771,0.20150929989679606,0.1480000637173662,0.3495093636141623
2022-08-24,2022-08-25,VN:TLG,0.2,0.19096682053505387,1,4.0,-0.19638510779980972,0.13196145489668307,0.3722504218015977,0.17203418061264533,0.20771966158299376,0.11603428110608016,0.3237539426890739
2022-08-24,2022-08-25,VN:DIG,0.2,-0.1010101010101011,1,0.0,-0.23187259984206254,0.14290855611997014,0.36966075942425786,0.1647578453308665,0.2217404064276754,0.1009324326972301,0.3226728391249055
2022-08-24,2022-08-25,VN:VSC,0.2,-0.015089163237311354,1,1.0,-0.2368958610064973,0.14055876538573775,0.37622180861399923,0.16204878808594336,0.22189779744966176,0.09927284046465784,0.3211706379143196
2022-09-07,2022-09-08,VN:DGC,0.2,-0.008478290816645861,1,1.0,-0.14083092334362635,0.13602178204124515,0.355523358450036,0.1584568070905449,0.21326010564744788,0.13673794677072604,0.34999805241817394
2022-09-07,2022-09-08,VN:TLG,0.2,-0.016670747178882284,1,1.0,-0.19638510779980972,0.13196145489668307,0.3722504218015977,0.17203418061264533,0.20771966158299376,0.11603428110608016,0.3237539426890739
2022-09-07,2022-09-08,VN:GMD,0.2,0.0010311289468549756,1,1.0,-0.22712731836167044,0.14235805828758813,0.3682367935074809,0.16412318509266444,0.2247383345035463,0.10054362860872021,0.32528196311226654
2022-09-07,2022-09-08,VN:VND,0.2,-0.07250000000000012,1,0.0,-0.22712731836167044,0.14235805828758813,0.3682367935074809,0.16412318509266444,0.2247383345035463,0.10054362860872021,0.32528196311226654
2022-09-07,2022-09-08,VN:VSC,0.2,0.017931034482758568,1,2.0,-0.22712731836167044,0.14235805828758813,0.3682367935074809,0.16412318509266444,0.2247383345035463,0.10054362860872021,0.32528196311226654
2022-09-19,2022-09-20,VN:ANV,0.2,-0.19094922737306852,1,0.0,-0.14346967851325387,0.13724805619192207,0.35501874022213725,0.15823190150010438,0.21295743007894502,0.13654387200689125,0.3495013020858363
2022-09-19,2022-09-20,VN:BCM,0.2,-0.0729662606960425,1,0.0,-0.14450258231911928,0.13926854937178715,0.36347491090707346,0.1477471761069771,0.20150929989679606,0.1480000637173662,0.3495093636141623
2022-09-19,2022-09-20,VN:DGC,0.2,-0.18297172003969986,1,0.0,-0.19158404146385313,0.14032885850455934,0.362987827151651,0.16178372984480052,0.2177376663010617,0.11716191819792741,0.3348995844989891
2022-09-19,2022-09-20,VN:TLG,0.2,-0.15688511232685365,1,0.0,-0.19638510779980972,0.13196145489668307,0.3722504218015977,0.17203418061264533,0.20771966158299376,0.11603428110608016,0.3237539426890739
2022-09-19,2022-09-20,VN:VSC,0.2,0.05532001373906348,1,3.0,-0.22712731836167044,0.14235805828758813,0.3682367935074809,0.16412318509266444,0.2247383345035463,0.10054362860872021,0.32528196311226654
2022-09-29,2022-09-30,VN:DGC,0.2,0.1446255449281022,1,4.0,-0.1224620901804539,0.1368852961991639,0.34984951168747214,0.15592798125958499,0.213516407802212,0.143820803051567,0.357337210853779
2022-09-29,2022-09-30,VN:ANV,0.2,-0.0756192959582791,1,0.0,-0.14346967851325387,0.13724805619192207,0.35501874022213725,0.15823190150010438,0.21295743007894502,0.13654387200689125,0.3495013020858363
2022-09-29,2022-09-30,VN:EIB,0.2,0.006802721088435382,1,1.0,-0.20749129973326022,0.12827018285602876,0.3815659696330419,0.16722196838921213,0.21526872263159522,0.10767315649012198,0.3229418791217172
2022-09-29,2022-09-30,VN:KBC,0.2,-0.17967332123411972,1,0.0,-0.22470637318840717,0.1410546399260074,0.3730377713949318,0.16067733762125158,0.22001982405707896,0.10521042700073023,0.32523025105780917
2022-09-29,2022-09-30,VN:DXS,0.2,-0.23290899304891965,1,0.0,-0.22686570744906112,0.14241012289584415,0.37662252048388245,0.1526117564804409,0.22213414145315535,0.10622145868667714,0.3283556001398325
2022-10-11,2022-10-12,VN:GVR,0.2,-0.061889782590166864,1,0.0,0.05210226580119631,0.11968964637481994,0.32691343400949857,0.14167281457510536,0.20505321752081745,0.20667088751975865,0.4117241050405761
2022-10-11,2022-10-12,VN:HT1,0.2,-0.056459330143540654,1,1.0,0.037045954829917405,0.12447176595467851,0.3399750216310839,0.12451698352731055,0.19610794940349574,0.2149282794834313,0.41103622888692704
2022-10-11,2022-10-12,VN:STB,0.2,0.012618296529968598,1,1.0,0.035368562798755276,0.12686807295286873,0.3242476381137263,0.14051755191438053,0.2033811272198298,0.20498560979919464,0.40836673701902443
2022-10-11,2022-10-12,VN:TPB,0.2,0.0852713178294573,1,3.0,0.031431839338419476,0.1273858268169437,0.3255709160204368,0.14109102101759644,0.20013006329730249,0.20582217284772059,0.40595223614502307
2022-10-11,2022-10-12,VN:KDH,0.2,-0.05737704918032793,1,0.0,0.02096128526214619,0.13271700241318352,0.33273203172481153,0.13094221445745868,0.18809018099576774,0.2155185704087785,0.4036087514045462
2022-10-21,2022-10-24,VN:TPB,0.2,0.01990049751243772,1,2.0,0.035368562798755276,0.12686807295286873,0.3242476381137263,0.14051755191438053,0.2033811272198298,0.20498560979919464,0.40836673701902443
2022-10-21,2022-10-24,VN:KDH,0.2,-0.14884696016771493,1,0.0,0.024529934294967914,0.13223324913134052,0.3315191914367555,0.13046492830611658,0.1910496382571703,0.21473299286861708,0.4057826311257874
2022-10-21,2022-10-24,VN:DXS,0.2,-0.3563829787234043,1,0.0,0.01979650630788904,0.1318856228845426,0.3370961672475996,0.12346258474374505,0.19444733092365157,0.21310829420046115,0.4075556251241127
2022-10-21,2022-10-24,VN:MSN,0.2,0.14973262032085577,1,4.0,0.01584696793328183,0.13152799206268775,0.3361573865437118,0.12976910367264008,0.1900306968395516,0.21251482088140877,0.40254551772096037
2022-10-21,2022-10-24,VN:TCB,0.2,0.054554034922132955,1,3.0,-0.010514378704344907,0.14716699938724934,0.32973960533350116,0.12311448340288525,0.1863985983490735,0.21358031352729073,0.39997891187636425
2022-11-02,2022-11-03,VN:DXS,0.2,-0.35058214747736083,1,0.0,0.037045954829917405,0.12447176595467851,0.3399750216310839,0.12451698352731055,0.19610794940349574,0.2149282794834313,0.41103622888692704
2022-11-02,2022-11-03,VN:KBC,0.2,-0.08379888268156421,1,0.0,0.03679847689868154,0.12364017126232257,0.33770367251557354,0.1303660263838915,0.19479776773752444,0.2134923621006879,0.40829012983821233
2022-11-02,2022-11-03,VN:VTP,0.2,-0.2378268010120289,1,0.0,-0.006818801164627075,0.14567014575004578,0.3263857960700989,0.12844474613666534,0.18809133768081665,0.21140797436237335,0.39949931204319
2022-11-02,2022-11-03,VN:TCB,0.2,-0.09915087057209027,1,0.0,-0.010514378704344907,0.14716699938724934,0.32973960533350116,0.12311448340288525,0.1863985983490735,0.21358031352729073,0.39997891187636425
2022-11-02,2022-11-03,VN:KDH,0.2,-0.03913043478260858,1,1.0,-0.026542842388153076,0.15412437915802002,0.3231559693813324,0.12717369198799133,0.18623003363609314,0.2093159258365631,0.39554595947265625
2022-11-14,2022-11-15,VN:HHV,0.2,0.23758292989062224,1,4.0,0.037045954829917405,0.12447176595467851,0.3399750216310839,0.12451698352731055,0.19610794940349574,0.2149282794834313,0.41103622888692704
2022-11-14,2022-11-15,VN:NKG,0.2,0.3836477987421385,1,4.0,0.037045954829917405,0.12447176595467851,0.3399750216310839,0.12451698352731055,0.19610794940349574,0.2149282794834313,0.41103622888692704
2022-11-14,2022-11-15,VN:ANV,0.2,0.2658959537572254,1,4.0,0.03679847689868154,0.12364017126232257,0.33770367251557354,0.1303660263838915,0.19479776773752444,0.2134923621006879,0.40829012983821233
2022-11-14,2022-11-15,VN:CTD,0.2,0.2938976048238513,1,4.0,0.03679847689868154,0.12364017126232257,0.33770367251557354,0.1303660263838915,0.19479776773752444,0.2134923621006879,0.40829012983821233
2022-11-14,2022-11-15,VN:DXG,0.2,0.3958560523446022,1,4.0,0.03679847689868154,0.12364017126232257,0.33770367251557354,0.1303660263838915,0.19479776773752444,0.2134923621006879,0.40829012983821233
2022-11-24,2022-11-25,VN:CTD,0.2,0.3534527653369439,1,4.0,0.03679847689868154,0.12364017126232257,0.33770367251557354,0.1303660263838915,0.19479776773752444,0.2134923621006879,0.40829012983821233
2022-11-24,2022-11-25,VN:SJS,0.2,0.1925465838509317,1,4.0,0.02096128526214619,0.13271700241318352,0.33273203172481153,0.13094221445745868,0.18809018099576774,0.2155185704087785,0.4036087514045462
2022-11-24,2022-11-25,VN:DXS,0.2,0.31910946196660483,1,4.0,0.01979650630788904,0.1318856228845426,0.3370961672475996,0.12346258474374505,0.19444733092365157,0.21310829420046115,0.4075556251241127
2022-11-24,2022-11-25,VN:DIG,0.2,0.460905349794239,1,4.0,0.019665374765832022,0.1310119142826821,0.334862997088939,0.12926940234692685,0.19315917214276873,0.21169651413868326,0.40485568628145197
2022-11-24,2022-11-25,VN:TCB,0.2,0.22804449648711955,1,4.0,-0.006863996335387257,0.14663536737385863,0.32854845875093,0.12266974804796466,0.1893376544912334,0.21280877133601328,0.4021464258272467
2022-12-06,2022-12-07,VN:PDR,0.2,-0.17419354838709677,1,0.0,-0.07952119587781714,0.17368826658326983,0.3184177350644261,0.12292094058366732,0.1836730431841249,0.20130001458451185,0.3849730577686368
2022-12-06,2022-12-07,VN:CTD,0.2,0.0074613448399856175,1,1.0,-0.10807218664561868,0.13200376337749825,0.36054749665197,0.13918457303116144,0.22004549711739285,0.14821866982197748,0.36826416693937036
2022-12-06,2022-12-07,VN:DIG,0.2,-0.10306406685236758,1,0.0,-0.10807218664561868,0.13200376337749825,0.36054749665197,0.13918457303116144,0.22004549711739285,0.14821866982197748,0.36826416693937036
2022-12-06,2022-12-07,VN:VTP,0.2,-0.11003821129815139,1,0.0,-0.10807218664561868,0.13200376337749825,0.36054749665197,0.13918457303116144,0.22004549711739285,0.14821866982197748,0.36826416693937036
2022-12-06,2022-12-07,VN:GVR,0.2,-0.0034364261168383647,1,1.0,-0.10884860482360731,0.13295209804034525,0.3631377030354054,0.1330003927052138,0.22162631814558262,0.14928348807345296,0.3709098062190356
2022-12-16,2022-12-19,VN:PDR,0.2,0.034482758620689724,1,2.0,-0.07952119587781714,0.17368826658326983,0.3184177350644261,0.12292094058366732,0.1836730431841249,0.20130001458451185,0.3849730577686368
2022-12-16,2022-12-19,VN:VTP,0.2,-0.07893395841826334,1,0.0,-0.10884860482360731,0.13295209804034525,0.3631377030354054,0.1330003927052138,0.22162631814558262,0.14928348807345296,0.3709098062190356
2022-12-16,2022-12-19,VN:SJS,0.2,-0.06889352818371586,1,0.0,-0.12035776495400419,0.13890267701592032,0.34823998289942765,0.1538469470464148,0.2123332140992103,0.1466771789390269,0.35901039303823723
2022-12-16,2022-12-19,VN:SIP,0.2,-0.004178272980501441,1,1.0,-0.12505354173561245,0.1397946199744138,0.35731134351061794,0.13793529775642302,0.2180704357932573,0.1468883029652879,0.36495873875854523
2022-12-16,2022-12-19,VN:DXS,0.2,0.008968609865470878,1,1.0,-0.1259438135011141,0.14078984084099058,0.359855096335861,0.13179812228078014,0.21962291656800856,0.14793402397435976,0.3675569405423683
2022-12-28,2022-12-29,VN:PDR,0.2,0.01858736059479571,1,2.0,0.019665374765832022,0.1310119142826821,0.334862997088939,0.12926940234692685,0.19315917214276873,0.21169651413868326,0.40485568628145197
2022-12-28,2022-12-29,VN:CTD,0.2,0.06303854875283443,1,3.0,-0.10884860482360731,0.13295209804034525,0.3631377030354054,0.1330003927052138,0.22162631814558262,0.14928348807345296,0.3709098062190356
2022-12-28,2022-12-29,VN:PAN,0.2,0.0657894736842104,1,3.0,-0.10884860482360731,0.13295209804034525,0.3631377030354054,0.1330003927052138,0.22162631814558262,0.14928348807345296,0.3709098062190356
2022-12-28,2022-12-29,VN:SZC,0.2,0.08550185873605942,1,3.0,-0.10884860482360731,0.13295209804034525,0.3631377030354054,0.1330003927052138,0.22162631814558262,0.14928348807345296,0.3709098062190356
2022-12-28,2022-12-29,VN:VTP,0.2,0.0578981996530894,1,3.0,-0.10884860482360731,0.13295209804034525,0.3631377030354054,0.1330003927052138,0.22162631814558262,0.14928348807345296,0.3709098062190356
2023-01-10,2023-01-11,VN:PDR,0.2,-0.0350877192982455,1,1.0,0.019665374765832022,0.1310119142826821,0.334862997088939,0.12926940234692685,0.19315917214276873,0.21169651413868326,0.40485568628145197
2023-01-10,2023-01-11,VN:SIP,0.2,0.23152443143436163,1,4.0,-0.10884860482360731,0.13295209804034525,0.3631377030354054,0.1330003927052138,0.22162631814558262,0.14928348807345296,0.3709098062190356
2023-01-10,2023-01-11,VN:VTP,0.2,0.03686978392591733,1,2.0,-0.10884860482360731,0.13295209804034525,0.3631377030354054,0.1330003927052138,0.22162631814558262,0.14928348807345296,0.3709098062190356
2023-01-10,2023-01-11,VN:DXS,0.2,0.0852713178294573,1,3.0,-0.10949742794036865,0.13324956595897675,0.3630131185054779,0.13295476138591766,0.22155028581619263,0.14923226833343506,0.3707825541496277
2023-01-10,2023-01-11,VN:DIG,0.2,0.0331125827814569,1,2.0,-0.12267014201476956,0.1392889449106314,0.3604837006258413,0.13202835422712036,0.2200065520404793,0.1481924481959276,0.36819900023640695
2023-01-27,2023-01-30,VN:PDR,0.2,-0.22627737226277367,1,0.0,0.01979650630788904,0.1318856228845426,0.3370961672475996,0.12346258474374505,0.19444733092365157,0.21310829420046115,0.4075556251241127
2023-01-27,2023-01-30,VN:DIG,0.2,-0.1795665634674921,1,0.0,-0.12036849558353424,0.13667547702789307,0.3537199795246124,0.14831402897834778,0.21587859094142914,0.1454119235277176,0.36129051446914673
2023-01-27,2023-01-30,VN:EIB,0.2,-0.17996289424860845,1,0.0,-0.18707648059037685,0.13979801639764022,0.3616147068263196,0.16117173553386133,0.22069682345313446,0.11671871778904436,0.3374155412421788
2023-01-27,2023-01-30,VN:VTP,0.2,-0.06992741848120465,1,0.0,-0.2009060397811684,0.1365309665838701,0.3719526855047992,0.1559589665827078,0.22700618376587467,0.10855119756274817,0.33555738132862284
2023-01-27,2023-01-30,VN:DXS,0.2,-0.028358208955223785,1,1.0,-0.21264369785785675,0.1419571340084076,0.367389053106308,0.15921352803707123,0.22422094643115997,0.10721933841705322,0.3314402848482132
2023-02-08,2023-02-09,VN:PDR,0.2,-0.14574898785425083,1,0.0,0.01979650630788904,0.1318856228845426,0.3370961672475996,0.12346258474374505,0.19444733092365157,0.21310829420046115,0.4075556251241127
2023-02-08,2023-02-09,VN:DGW,0.2,-0.04435363301106354,1,1.0,-0.1392387408244985,0.13674021849810425,0.35370515722915064,0.15764642782072938,0.21586953950317087,0.13603865694884487,0.35190819645201576
2023-02-08,2023-02-09,VN:EIB,0.2,-0.06097608472173399,1,0.0,-0.1392387408244985,0.13674021849810425,0.35370515722915064,0.15764642782072938,0.21586953950317087,0.13603865694884487,0.35190819645201576
2023-02-08,2023-02-09,VN:VTP,0.2,-0.007512666705491666,1,1.0,-0.21264369785785675,0.1419571340084076,0.367389053106308,0.15921352803707123,0.22422094643115997,0.10721933841705322,0.3314402848482132
2023-02-08,2023-02-09,VN:DGC,0.2,-0.08000985241897418,1,0.0,-0.23017423369379864,0.14383204602819785,0.36760390626498846,0.16384111711027735,0.22435209656548716,0.10037083403104918,0.32472293059653634
2023-02-20,2023-02-21,VN:PDR,0.2,0.012820512820512775,1,1.0,0.01979650630788904,0.1318856228845426,0.3370961672475996,0.12346258474374505,0.19444733092365157,0.21310829420046115,0.4075556251241127
2023-02-20,2023-02-21,VN:LPB,0.2,-0.02328235562656933,1,1.0,-0.23338883146767686,0.1320494889926051,0.39375306055887926,0.14922783112290125,0.22547603157481622,0.0994935877507982,0.3249696193256144
2023-02-20,2023-02-21,VN:PVD,0.2,0.006666666666666821,1,1.0,-0.2394230139083568,0.13269552983926325,0.39567942606447415,0.14995791464918598,0.22168678705950937,0.09998034238756723,0.3216671294470766
2023-02-20,2023-02-21,VN:CTR,0.2,-0.04485049833887045,1,1.0,-0.24316439576069404,0.1299855440106737,0.4021254271743915,0.14689538211141637,0.22305517397199215,0.09793847273152634,0.3209936467035185
2023-02-20,2023-02-21,VN:VRE,0.2,-0.07155025553662697,1,0.0,-0.2451384998133555,0.128847139013516,0.3986036538869687,0.15847051379785707,0.2169979545026713,0.09708073879898696,0.3140786933016583
2023-03-02,2023-03-03,VN:PDR,0.2,0.12380952380952359,1,4.0,-0.21404225486391018,0.13862001482784703,0.37122385587621165,0.1604333323111137,0.22502396330165972,0.10469883368316789,0.3297227969848276
2023-03-02,2023-03-03,VN:MSN,0.2,0.03164556962025311,1,2.0,-0.22686570744906112,0.14241012289584415,0.37662252048388245,0.1526117564804409,0.22213414145315535,0.10622145868667714,0.3283556001398325
2023-03-02,2023-03-03,VN:BID,0.2,-0.022629310344827624,1,1.0,-0.23035249746022762,0.13033155611412392,0.38863040549194794,0.16029621063559463,0.2225426352566989,0.09819919250163464,0.32074182775833354
2023-03-02,2023-03-03,VN:VTP,0.2,-0.0038580246913578753,1,1.0,-0.23061540263662053,0.13871691251025703,0.38182862319776223,0.15557942489889673,0.2191030332045123,0.10477200618857173,0.32387503939308404
2023-03-02,2023-03-03,VN:DXG,0.2,0.09359605911330049,1,3.0,-0.23534251311462426,0.1306472777119552,0.399017947868315,0.14923802685311557,0.21722350495562726,0.10387324261098695,0.3210967475666142
2023-03-14,2023-03-15,VN:DIG,0.2,0.17272727272727284,1,4.0,-0.12267014201476956,0.1392889449106314,0.3604837006258413,0.13202835422712036,0.2200065520404793,0.1481924481959276,0.36819900023640695
2023-03-14,2023-03-15,VN:PDR,0.2,0.05084745762711873,1,3.0,-0.12847751187566647,0.13616694307078506,0.35240387391442246,0.15759423140295994,0.21140965504333892,0.1424252965684936,0.35383495161183254
2023-03-14,2023-03-15,VN:VHC,0.2,-0.029090909090908945,1,1.0,-0.2148668000022649,0.14284480469493893,0.36508076578860077,0.16271654741266653,0.22281218903137381,0.10654569307241994,0.32935788210379374
2023-03-14,2023-03-15,VN:GEX,0.2,0.037738347457627164,1,2.0,-0.21640531396261875,0.13749244604270985,0.37457206287127637,0.15705726806734102,0.22860480504326813,0.1022734179754046,0.33087822301867276
2023-03-14,2023-03-15,VN:DGW,0.2,-0.15585142537283592,1,0.0,-0.218755304813385,0.13307908177375793,0.3865948021411896,0.15240828692913055,0.22183799743652344,0.1060798317193985,0.32791782915592194
2023-03-24,2023-03-27,VN:DIG,0.2,0.3725490196078429,1,4.0,-0.11980132758617401,0.13603147864341736,0.35205331444740295,0.1523270308971405,0.2148614078760147,0.14472676813602448,0.3595881760120392
2023-03-24,2023-03-27,VN:DGC,0.2,0.0434840811226882,1,3.0,-0.2002733781913416,0.13622732359001544,0.37208348235425737,0.156013815432684,0.22708600590313965,0.10858937271990349,0.33567537862304314
2023-03-24,2023-03-27,VN:DGW,0.2,0.03323288129917956,1,2.0,-0.2002733781913416,0.13622732359001544,0.37208348235425737,0.156013815432684,0.22708600590313965,0.10858937271990349,0.33567537862304314
2023-03-24,2023-03-27,VN:VHC,0.2,0.032727272727272716,1,2.0,-0.2148668000022649,0.14284480469493893,0.36508076578860077,0.16271654741266653,0.22281218903137381,0.10654569307241994,0.32935788210379374
2023-03-24,2023-03-27,VN:NLG,0.2,0.20281124497991954,1,4.0,-0.215773668650185,0.13718700204510983,0.37470471300624736,0.1571128792000878,0.22868576305082794,0.10230964269772705,0.330995405748555
2023-04-05,2023-04-06,VN:BSI,0.2,0.1423076923076927,1,4.0,-0.19417851251895757,0.13001458734317384,0.38768528067127705,0.14692821046496066,0.21720790020250977,0.11816402131807868,0.3353719215205885
2023-04-05,2023-04-06,VN:VHC,0.2,0.10053859964093359,1,3.0,-0.21695807934771064,0.14423508189882656,0.3686340258982913,0.154567457124798,0.22498075980793447,0.10758267527014966,0.3325634350780841
2023-04-05,2023-04-06,VN:DGW,0.2,0.05351014701520995,1,3.0,-0.2266384545957812,0.13173625069463626,0.392784362923866,0.15087041483626387,0.2195995333731105,0.10500943817212341,0.32460897154523394
2023-04-05,2023-04-06,VN:LPB,0.2,-0.12219286657859962,1,0.0,-0.23035249746022762,0.13033155611412392,0.38863040549194794,0.16029621063559463,0.2225426352566989,0.09819919250163464,0.32074182775833354
2023-04-05,2023-04-06,VN:VPB,0.2,-0.08254781234675534,1,0.0,-0.23035249746022762,0.13033155611412392,0.38863040549194794,0.16029621063559463,0.2225426352566989,0.09819919250163464,0.32074182775833354
2023-04-17,2023-04-18,VN:DGW,0.2,0.007637798616709768,1,1.0,-0.22585757893748343,0.13542300059130785,0.3827450161354239,0.15509265199027503,0.22574522418543028,0.10099410709756293,0.3267393312829932
2023-04-17,2023-04-18,VN:MSN,0.2,-0.05121638924455829,1,1.0,-0.23919197025925026,0.14192112751598926,0.3798683144201221,0.153926992642619,0.22404853164968894,0.10023503377158069,0.3242835654212696
2023-04-17,2023-04-18,VN:BSI,0.2,0.09814814814814832,1,3.0,-0.2394230139083568,0.13269552983926325,0.39567942606447415,0.14995791464918598,0.22168678705950937,0.09998034238756723,0.3216671294470766
2023-04-17,2023-04-18,VN:CTR,0.2,0.01863354037267073,1,2.0,-0.24004969417826705,0.12832055412290003,0.39697457565480876,0.15782285521226277,0.22019804029771506,0.09668397471231335,0.31688201501002844
2023-04-17,2023-04-18,VN:FTS,0.2,0.03702890596414199,1,2.0,-0.2438230812549591,0.1303376406431198,0.403214693069458,0.1445845365524292,0.22365936636924744,0.09820376336574554,0.321863129734993
2023-04-27,2023-04-28,VN:MSN,0.2,0.012448132780083165,1,1.0,-0.12360380405777982,0.1381614634668609,0.3531111426187881,0.1480587549796886,0.21550701237459463,0.14516162656006773,0.3606686389346624
2023-04-27,2023-04-28,VN:BSI,0.2,-0.006968641114982521,1,1.0,-0.14165060433224747,0.12883225275326152,0.37770152654799116,0.14559206583488085,0.20203288200546626,0.14584127285840023,0.3478741548638665
2023-04-27,2023-04-28,VN:CTD,0.2,0.07925431671165906,1,3.0,-0.15713954993666557,0.136093254801832,0.3745534606411022,0.14437858330075196,0.20034898220452718,0.1446257190517867,0.3449747012563139
2023-04-27,2023-04-28,VN:BMP,0.2,0.08143064780232923,1,3.0,-0.20448578165791115,0.13285495835747416,0.3747709235091106,0.17319900442656147,0.20235516884755972,0.11681994485929403,0.31917511370685375
2023-04-27,2023-04-28,VN:HAG,0.2,0.01866666666666661,1,2.0,-0.22712731836167044,0.14235805828758813,0.3682367935074809,0.16412318509266444,0.2247383345035463,0.10054362860872021,0.32528196311226654
2023-05-12,2023-05-15,VN:BSI,0.2,0.1144781144781144,1,3.0,-0.12854037071884777,0.13186398541521982,0.3666017462790533,0.14901818779165113,0.20324281463750646,0.14927326587656933,0.3525160805140758
2023-05-12,2023-05-15,VN:CTD,0.2,0.013933372296902391,1,2.0,-0.1355423649481291,0.140727194260466,0.3568081610919261,0.14929463191769468,0.20361984079509737,0.14955017193481582,0.3531700127299132
2023-05-12,2023-05-15,VN:BMP,0.2,0.0249810882606476,1,2.0,-0.21177990191190996,0.13937061157989256,0.36907307963399943,0.17056577670123174,0.2059466632878779,0.11504386879699836,0.32099053208487627
2023-05-12,2023-05-15,VN:MSN,0.2,-0.021505376344086113,1,1.0,-0.23243009246677443,0.14524169699077896,0.3712066820623482,0.15564617978472053,0.2265508987471729,0.1013545424149794,0.3279054411621523
2023-05-12,2023-05-15,VN:VIX,0.2,0.08720617261797958,1,3.0,-0.23338883146767686,0.1320494889926051,0.39375306055887926,0.14922783112290125,0.22547603157481622,0.0994935877507982,0.3249696193256144
2023-05-24,2023-05-25,VN:FTS,0.2,-0.018722995679308796,1,1.0,-0.12455452607409573,0.1313982566774411,0.36530696257034057,0.14849188481295453,0.20605684202740068,0.14874605391186316,0.35480289593926384
2023-05-24,2023-05-25,VN:BSI,0.2,0.06209150326797386,1,3.0,-0.12854037071884777,0.13186398541521982,0.3666017462790533,0.14901818779165113,0.20324281463750646,0.14927326587656933,0.3525160805140758
2023-05-24,2023-05-25,VN:CTD,0.2,0.02624280420444225,1,2.0,-0.14450258231911928,0.13926854937178715,0.36347491090707346,0.1477471761069771,0.20150929989679606,0.1480000637173662,0.3495093636141623
2023-05-24,2023-05-25,VN:NT2,0.2,-0.01981707317073178,1,1.0,-0.19052911230614283,0.12822374988102353,0.38234523793336533,0.1577038055145101,0.21519078795293245,0.11653641871816856,0.331727206671101
2023-05-24,2023-05-25,VN:NAB,0.2,0.11014435436029246,1,3.0,-0.21056479215621948,0.12859667837619781,0.38253718614578247,0.1676476001739502,0.21327131986618042,0.1079472154378891,0.3212185353040695
2023-06-05,2023-06-06,VN:NT2,0.2,-0.0714285714285714,1,0.0,-0.10713831920715688,0.12787182438564562,0.35550295776869417,0.15727098051799862,0.21460018732249458,0.14475405000516697,0.3593542373276616
2023-06-05,2023-06-06,VN:VIX,0.2,0.1634856070087609,1,4.0,-0.12151967170118794,0.1265605259919245,0.37104145245315806,0.14302481924034385,0.21610357189332802,0.14326963042124555,0.3593732023145736
2023-06-05,2023-06-06,VN:BSI,0.2,0.0644171779141105,1,3.0,-0.12854037071884777,0.13186398541521982,0.3666017462790533,0.14901818779165113,0.20324281463750646,0.14927326587656933,0.3525160805140758
2023-06-05,2023-06-06,VN:SIP,0.2,-0.01185098432881615,1,1.0,-0.14165060433224747,0.12883225275326152,0.37770152654799116,0.14559206583488085,0.20203288200546626,0.14584127285840023,0.3478741548638665
2023-06-05,2023-06-06,VN:CTD,0.2,0.04477124944647737,1,3.0,-0.14450258231911928,0.13926854937178715,0.36347491090707346,0.1477471761069771,0.20150929989679606,0.1480000637173662,0.3495093636141623
2023-06-15,2023-06-16,VN:VIX,0.2,0.02826596367896883,1,2.0,-0.10418416870189212,0.12901808705979845,0.3586897360888045,0.14580208497649685,0.2204384422432912,0.14605164963160902,0.3664900918749002
2023-06-15,2023-06-16,VN:GEX,0.2,0.018411013435063905,1,2.0,-0.1267773844831402,0.12715384743076108,0.3727809003824264,0.14369532894180206,0.21242863572921264,0.14394128751579785,0.3563699232450105
2023-06-15,2023-06-16,VN:BSI,0.2,0.018575851393188847,1,2.0,-0.12854037071884777,0.13186398541521982,0.3666017462790533,0.14901818779165113,0.20324281463750646,0.14927326587656933,0.3525160805140758
2023-06-15,2023-06-16,VN:CTD,0.2,0.05742117990600892,1,3.0,-0.14450258231911928,0.13926854937178715,0.36347491090707346,0.1477471761069771,0.20150929989679606,0.1480000637173662,0.3495093636141623
2023-06-15,2023-06-16,VN:NAB,0.2,0.11282681172135467,1,3.0,-0.18616194329552563,0.1265404624290592,0.37642057327849515,0.1649669943389671,0.22080438506586905,0.11126758488760945,0.3320719699534785
2023-06-27,2023-06-28,VN:CTS,0.2,0.038374717832957206,1,2.0,-0.10418416870189212,0.12901808705979845,0.3586897360888045,0.14580208497649685,0.2204384422432912,0.14605164963160902,0.3664900918749002
2023-06-27,2023-06-28,VN:SSI,0.2,0.06766266103713336,1,3.0,-0.10418416870189212,0.12901808705979845,0.3586897360888045,0.14580208497649685,0.2204384422432912,0.14605164963160902,0.3664900918749002
2023-06-27,2023-06-28,VN:HHV,0.2,0.04266941101963262,1,2.0,-0.10713831920715688,0.12787182438564562,0.35550295776869417,0.15727098051799862,0.21460018732249458,0.14475405000516697,0.3593542373276616
2023-06-27,2023-06-28,VN:VIX,0.2,0.05395531825207245,1,3.0,-0.10852356093341764,0.12952512309662814,0.36009936988205654,0.14637507280148457,0.21737481329776626,0.14662562092206446,0.36400043421983075
2023-06-27,2023-06-28,VN:HPG,0.2,0.04849559367992917,1,3.0,-0.11985329926451144,0.12496481463417963,0.36636324625124794,0.15369560856534217,0.21351308484336481,0.14146324570586546,0.3549763305492303
2023-07-07,2023-07-10,VN:HHV,0.2,0.03193458809009564,1,2.0,-0.10285950013576445,0.12737763307623962,0.354129026953251,0.15666315426418645,0.2176355784426802,0.14419460726364278,0.36183018570632297
2023-07-07,2023-07-10,VN:VCI,0.2,0.053886334211348696,1,3.0,-0.10418416870189212,0.12901808705979845,0.3586897360888045,0.14580208497649685,0.2204384422432912,0.14605164963160902,0.3664900918749002
2023-07-07,2023-07-10,VN:HT1,0.2,-0.005813953488372214,1,1.0,-0.10713831920715688,0.12787182438564562,0.35550295776869417,0.15727098051799862,0.21460018732249458,0.14475405000516697,0.3593542373276616
2023-07-07,2023-07-10,VN:SSI,0.2,0.0888405008165487,1,3.0,-0.10768137872219086,0.1285199522972107,0.3573048412799835,0.15299957990646362,0.21568788588047028,0.1454877406358719,0.36117562651634216
2023-07-07,2023-07-10,VN:CTS,0.2,0.10067114093959728,1,3.0,-0.10852356093341764,0.12952512309662814,0.36009936988205654,0.14637507280148457,0.21737481329776626,0.14662562092206446,0.36400043421983075
2023-07-19,2023-07-20,VN:VIX,0.2,0.2786045957852128,1,4.0,-0.09492649420876781,0.13035141320083776,0.3520622060317459,0.14730884573784012,0.222716531834499,0.14756100319507728,0.3702775350295763
2023-07-19,2023-07-20,VN:BSI,0.2,0.03750000000000009,1,2.0,-0.10713831920715688,0.12787182438564562,0.35550295776869417,0.15727098051799862,0.21460018732249458,0.14475405000516697,0.3593542373276616
2023-07-19,2023-07-20,VN:HHV,0.2,0.05147115907150068,1,3.0,-0.10768137872219086,0.1285199522972107,0.3573048412799835,0.15299957990646362,0.21568788588047028,0.1454877406358719,0.36117562651634216
2023-07-19,2023-07-20,VN:VCG,0.2,0.17136659436008683,1,4.0,-0.10768137872219086,0.1285199522972107,0.3573048412799835,0.15299957990646362,0.21568788588047028,0.1454877406358719,0.36117562651634216
2023-07-19,2023-07-20,VN:CTS,0.2,0.165929203539823,1,4.0,-0.10852356093341764,0.12952512309662814,0.36009936988205654,0.14637507280148457,0.21737481329776626,0.14662562092206446,0.36400043421983075
2023-07-31,2023-08-01,VN:VIX,0.2,0.16242797536260678,1,4.0,-0.07643058782174306,0.14122104434339636,0.33161964518398573,0.1471246906053321,0.2224380936855362,0.1575965261817496,0.3800346198672858
2023-07-31,2023-08-01,VN:CTS,0.2,0.003875968992248069,1,1.0,-0.09492649420876781,0.13035141320083776,0.3520622060317459,0.14730884573784012,0.222716531834499,0.14756100319507728,0.3702775350295763
2023-07-31,2023-08-01,VN:DXS,0.2,0.034782608695652195,1,2.0,-0.09995567351777823,0.12852401456874543,0.35731612038689314,0.14524372762842203,0.22342379882527297,0.1454923385906664,0.36891613741593937
2023-07-31,2023-08-01,VN:BSI,0.2,-0.04692082111436935,1,1.0,-0.10418416870189212,0.12901808705979845,0.3586897360888045,0.14580208497649685,0.2204384422432912,0.14605164963160902,0.3664900918749002
2023-07-31,2023-08-01,VN:CII,0.2,0.07971014492753614,1,3.0,-0.10433720363191373,0.12903596845376397,0.35873944636402866,0.1458222909516779,0.22033040882141616,0.14607188540911334,0.3664022942305295
2023-08-10,2023-08-11,VN:VIX,0.2,0.1682215743440234,1,4.0,-0.054971856401628716,0.13164078600820364,0.335319086820524,0.14876595964583936,0.2249195326155633,0.15935463490986965,0.384274167525433
2023-08-10,2023-08-11,VN:LPB,0.2,0.09498389323515877,1,3.0,-0.09492649420876781,0.13035141320083776,0.3520622060317459,0.14730884573784012,0.222716531834499,0.14756100319507728,0.3702775350295763
2023-08-10,2023-08-11,VN:DXS,0.2,-0.013274336283185861,1,1.0,-0.10433720363191373,0.12903596845376397,0.35873944636402866,0.1458222909516779,0.22033040882141616,0.14607188540911334,0.3664022942305295
2023-08-10,2023-08-11,VN:SHB,0.2,-0.06571671629094011,1,0.0,-0.1077509655393516,0.1274108569709829,0.36288242991443825,0.14398576104662178,0.22148872581886164,0.1442322262490954,0.3657209520679571
2023-08-10,2023-08-11,VN:TCH,0.2,0.09243697478991564,1,3.0,-0.1077509655393516,0.1274108569709829,0.36288242991443825,0.14398576104662178,0.22148872581886164,0.1442322262490954,0.3657209520679571
2023-08-22,2023-08-23,VN:VIX,0.2,0.13533351683640715,1,4.0,-0.07370671959400416,0.12903106789429789,0.34849612482619846,0.14581673499122566,0.2204606035557659,0.15619546873251208,0.376656072288278
2023-08-22,2023-08-23,VN:LPB,0.2,0.05536811142832421,1,3.0,-0.09492649420876781,0.13035141320083776,0.3520622060317459,0.14730884573784012,0.222716531834499,0.14756100319507728,0.3702775350295763
2023-08-22,2023-08-23,VN:SSI,0.2,0.09117343588781535,1,3.0,-0.10418416870189212,0.12901808705979845,0.3586897360888045,0.14580208497649685,0.2204384422432912,0.14605164963160902,0.3664900918749002
2023-08-22,2023-08-23,VN:TCH,0.2,0.05350806226529459,1,3.0,-0.11197244787298294,0.1278964093954441,0.36426531182928945,0.14453446434335518,0.21852194611662787,0.14478186831528342,0.3633038144319113
2023-08-22,2023-08-23,VN:EVF,0.2,0.11914893617021294,1,4.0,-0.11511617298563415,0.12387403944791647,0.363165389432328,0.1573917336632152,0.21534037957055377,0.14022845788598653,0.35556883745654033
2023-09-05,2023-09-06,VN:LPB,0.2,-0.06829992576095023,1,0.0,-0.054971856401628716,0.13164078600820364,0.335319086820524,0.14876595964583936,0.2249195326155633,0.15935463490986965,0.384274167525433
2023-09-05,2023-09-06,VN:VIX,0.2,-0.030481028734719806,1,1.0,-0.07872620342263881,0.1346048881799711,0.34286931668027215,0.15211566019230574,0.20746738027732642,0.16294275467012456,0.370410134947451
2023-09-05,2023-09-06,VN:FTS,0.2,0.12501722949689875,1,4.0,-0.09069028631881304,0.12984709635149086,0.35070008562058336,0.14673891882209358,0.2257238064069123,0.14699009279891986,0.3727138992058322
2023-09-05,2023-09-06,VN:CTS,0.2,0.08173913043478254,1,3.0,-0.09492649420876781,0.13035141320083776,0.3520622060317459,0.14730884573784012,0.222716531834499,0.14756100319507728,0.3702775350295763
2023-09-05,2023-09-06,VN:SSI,0.2,0.04196528797167787,1,2.0,-0.09492649420876781,0.13035141320083776,0.3520622060317459,0.14730884573784012,0.222716531834499,0.14756100319507728,0.3702775350295763
2023-09-15,2023-09-18,VN:VIX,0.2,-0.23977399331529525,1,0.0,-0.07370671959400416,0.12903106789429789,0.34849612482619846,0.14581673499122566,0.2204606035557659,0.15619546873251208,0.376656072288278
2023-09-15,2023-09-18,VN:LPB,0.2,-0.1650927487352445,1,0.0,-0.09492649420876781,0.13035141320083776,0.3520622060317459,0.14730884573784012,0.222716531834499,0.14756100319507728,0.3702775350295763
2023-09-15,2023-09-18,VN:TCH,0.2,-0.16917293233082709,1,0.0,-0.09492649420876781,0.13035141320083776,0.3520622060317459,0.14730884573784012,0.222716531834499,0.14756100319507728,0.3702775350295763
2023-09-15,2023-09-18,VN:VTP,0.2,-0.04882039687025852,1,1.0,-0.09624577771884862,0.12723639228235506,0.3623855005983859,0.14378858674202602,0.21256653331021866,0.15402298706701437,0.366589520377233
2023-09-15,2023-09-18,VN:BSI,0.2,-0.13466042154566749,1,0.0,-0.09739303443740255,0.13187753957692475,0.35618406003439335,0.14903349952349812,0.20326369697952723,0.15964120388565653,0.3629049008651838
2023-09-27,2023-09-28,VN:PVT,0.2,0.1113172541743972,1,3.0,-0.10713831920715688,0.12787182438564562,0.35550295776869417,0.15727098051799862,0.21460018732249458,0.14475405000516697,0.3593542373276616
2023-09-27,2023-09-28,VN:VTP,0.2,0.06806391986166593,1,3.0,-0.1323048154666302,0.1302349846030029,0.3709258977930859,0.14717727680240159,0.20423263007055775,0.14742921073095186,0.35166184080150964
2023-09-27,2023-09-28,VN:DGC,0.2,0.08406287787182576,1,3.0,-0.1421886107651682,0.1343348493327923,0.3697139973895847,0.14251312825848353,0.21068096474827774,0.14275706027086169,0.35343802501913946
2023-09-27,2023-09-28,VN:NAB,0.2,-0.04253056884635831,1,1.0,-0.1755222069060638,0.12966027759268672,0.36575901235819597,0.16903419666711839,0.22153566612649211,0.11401084725550675,0.33554651338199887
2023-09-27,2023-09-28,VN:EVF,0.2,-0.033333333333333215,1,1.0,-0.18432506390121164,0.12837948574614824,0.37637414511009315,0.1631162698702059,0.21545214584592745,0.11667795342762526,0.3321300992735527
2023-10-09,2023-10-10,VN:PVT,0.2,-0.021352313167259607,1,1.0,-0.10713831920715688,0.12787182438564562,0.35550295776869417,0.15727098051799862,0.21460018732249458,0.14475405000516697,0.3593542373276616
2023-10-09,2023-10-10,VN:FRT,0.2,-0.01041666666666674,1,1.0,-0.11933365642031513,0.13325709303106506,0.3599100762592267,0.1505925230770189,0.20539000936433688,0.15085029826835242,0.3562403076326893
2023-10-09,2023-10-10,VN:VTP,0.2,0.019222132399173475,1,2.0,-0.12294201919263653,0.1296971180944776,0.36057753445439145,0.15951590715396127,0.20338912914362936,0.14682031115354036,0.3502094402971697
2023-10-09,2023-10-10,VN:FTS,0.2,-0.10808233330684247,1,0.0,-0.12854037071884777,0.13186398541521982,0.3666017462790533,0.14901818779165113,0.20324281463750646,0.14927326587656933,0.3525160805140758
2023-10-09,2023-10-10,VN:DGC,0.2,-0.07938338566942615,1,0.0,-0.13719863985182879,0.13626354729736526,0.3643277233194154,0.14455923222662162,0.21004281625087834,0.14480668090571938,0.35484949715659775
2023-10-19,2023-10-20,VN:VHM,0.2,-0.03529411764705881,1,1.0,-0.11981963754237773,0.13828165417070226,0.34668304483046997,0.1576299918404224,0.21138390268731408,0.14602140647109133,0.3574053091584054
2023-10-19,2023-10-20,VN:HT1,0.2,-0.016393442622950838,1,1.0,-0.1224620901804539,0.1368852961991639,0.34984951168747214,0.15592798125958499,0.213516407802212,0.143820803051567,0.357337210853779
2023-10-19,2023-10-20,VN:HDC,0.2,0.1473684210526316,1,4.0,-0.1392387408244985,0.13674021849810425,0.35370515722915064,0.15764642782072938,0.21586953950317087,0.13603865694884487,0.35190819645201576
2023-10-19,2023-10-20,VN:FRT,0.2,0.03191489361702127,1,2.0,-0.15787566963023436,0.13380664387633437,0.3682602887114839,0.16213090476198636,0.19360641846647236,0.14219574418372297,0.33580216265019536
2023-10-19,2023-10-20,VN:HDG,0.2,0.07068407205019245,1,3.0,-0.2148668000022649,0.14284480469493893,0.36508076578860077,0.16271654741266653,0.22281218903137381,0.10654569307241994,0.32935788210379374
2023-10-31,2023-11-01,VN:MSN,0.2,0.134020618556701,1,4.0,-0.11981963754237773,0.13828165417070226,0.34668304483046997,0.1576299918404224,0.21138390268731408,0.14602140647109133,0.3574053091584054
2023-10-31,2023-11-01,VN:VHM,0.2,0.055128205128205154,1,3.0,-0.11981963754237773,0.13828165417070226,0.34668304483046997,0.1576299918404224,0.21138390268731408,0.14602140647109133,0.3574053091584054
2023-10-31,2023-11-01,VN:VIC,0.2,0.11358024691358026,1,3.0,-0.11981963754237773,0.13828165417070226,0.34668304483046997,0.1576299918404224,0.21138390268731408,0.14602140647109133,0.3574053091584054
2023-10-31,2023-11-01,VN:ANV,0.2,0.2642276422764227,1,4.0,-0.1224620901804539,0.1368852961991639,0.34984951168747214,0.15592798125958499,0.213516407802212,0.143820803051567,0.357337210853779
2023-10-31,2023-11-01,VN:CII,0.2,0.2517985611510791,1,4.0,-0.1224620901804539,0.1368852961991639,0.34984951168747214,0.15592798125958499,0.213516407802212,0.143820803051567,0.357337210853779
2023-11-10,2023-11-13,VN:VIC,0.2,-0.05672969966629593,1,1.0,-0.11640840942276132,0.13650433922565489,0.34636584440418844,0.16005151212292182,0.21119049506173276,0.14588780918550207,0.35707830424723486
2023-11-10,2023-11-13,VN:VHM,0.2,-0.03664302600472802,1,1.0,-0.11951269031297129,0.13792744073379873,0.3457950004071742,0.15978774190265324,0.21084244235094723,0.14564737460542657,0.35648981695637383
2023-11-10,2023-11-13,VN:MSN,0.2,-0.006482982171799101,1,1.0,-0.1266623995702743,0.13912663939217806,0.3488014832496201,0.15859320287128678,0.2065649865101282,0.14691368797678686,0.35347867448691506
2023-11-10,2023-11-13,VN:EVF,0.2,0.2762645914396886,1,4.0,-0.19154184485847217,0.13085165229881845,0.36911981197834576,0.1705873706761786,0.21960105837580388,0.1098401066708533,0.32944116504665716
2023-11-10,2023-11-13,VN:GMD,0.2,-0.020327624720774318,1,1.0,-0.19463593097711024,0.13119143955758575,0.37007830321322066,0.17103033238468573,0.21757459833773385,0.11012532650677404,0.3276999248445079
2023-11-22,2023-11-23,VN:EVF,0.2,0.005988023952095967,1,1.0,-0.06762293283445836,0.13535778829564699,0.3269210901970159,0.16307101382632616,0.21928648140817053,0.15536362627284048,0.37465010768101104
2023-11-22,2023-11-23,VN:VHM,0.2,0.016666666666666607,1,2.0,-0.11981963754237773,0.13828165417070226,0.34668304483046997,0.1576299918404224,0.21138390268731408,0.14602140647109133,0.3574053091584054
2023-11-22,2023-11-23,VN:BSI,0.2,-0.013015184381778733,1,1.0,-0.12181820338422661,0.13564344154725794,0.3575683342685799,0.14534624354083073,0.21584694730779372,0.14559503333553772,0.36144198064333144
2023-11-22,2023-11-23,VN:VIC,0.2,0.02261904761904776,1,2.0,-0.12329523449086,0.14229279968578815,0.35673928792386184,0.1331953277169962,0.21751551654212947,0.15025706813122433,0.36777258467335383
2023-11-22,2023-11-23,VN:CTD,0.2,-0.025742676208618698,1,1.0,-0.14193016502157096,0.1380752643656025,0.36397880858151327,0.14795200747179996,0.2017886668710212,0.14820525271006305,0.3499939195810843
2023-12-04,2023-12-05,VN:EVF,0.2,-0.098314606741573,1,0.0,-0.09104689820040912,0.13832758160937456,0.3340938339517439,0.16664883246051024,0.20215740498665863,0.15877234699171264,0.3609297519783713
2023-12-04,2023-12-05,VN:HAG,0.2,0.024590163934426368,1,2.0,-0.09492649420876781,0.13035141320083776,0.3520622060317459,0.14730884573784012,0.222716531834499,0.14756100319507728,0.3702775350295763
2023-12-04,2023-12-05,VN:MWG,0.2,0.061326658322903516,1,3.0,-0.11640840942276132,0.13650433922565489,0.34636584440418844,0.16005151212292182,0.21119049506173276,0.14588780918550207,0.35707830424723486
2023-12-04,2023-12-05,VN:BSI,0.2,-0.04870466321243527,1,1.0,-0.12087943789722205,0.13459813193684422,0.3548127903100017,0.15193248832427,0.2141835625713002,0.14447302685758392,0.3586565894288841
2023-12-04,2023-12-05,VN:VIC,0.2,0.006984866123399325,1,1.0,-0.13035962374090032,0.14318767616712083,0.35898281213589944,0.13403298360207627,0.21259451546056615,0.15120201263433733,0.3637965280949035
2023-12-14,2023-12-15,VN:HAG,0.2,0.011152416356877248,1,1.0,-0.09739303443740255,0.13187753957692475,0.35618406003439335,0.14903349952349812,0.20326369697952723,0.15964120388565653,0.3629049008651838
2023-12-14,2023-12-15,VN:EVF,0.2,0.018987341772151778,1,2.0,-0.18016503751277924,0.13017237186431885,0.36720362305641174,0.16970181465148926,0.2184610515832901,0.11446113884449005,0.33292219042778015
2023-12-14,2023-12-15,VN:CII,0.2,0.02077151335311589,1,2.0,-0.23187259984206254,0.14290855611997014,0.36966075942425786,0.1647578453308665,0.2217404064276754,0.1009324326972301,0.3226728391249055
2023-12-14,2023-12-15,VN:MWG,0.2,0.020432692307692513,1,2.0,-0.23898676993727452,0.1448256341034405,0.3674802996036343,0.16980824985038676,0.2176268350118361,0.10025898143070233,0.31788581644253844
2023-12-14,2023-12-15,VN:CTS,0.2,0.03165735567970196,1,2.0,-0.2404498660664975,0.13517317478000762,0.38612387447336033,0.1618077642129607,0.21777001510046456,0.09912517143320676,0.3168951865336713
2023-12-26,2023-12-27,VN:HAG,0.2,0.01098901098901095,1,1.0,-0.11933365642031513,0.13325709303106506,0.3599100762592267,0.1505925230770189,0.20539000936433688,0.15085029826835242,0.3562403076326893
2023-12-26,2023-12-27,VN:CTD,0.2,-0.027330953894294185,1,1.0,-0.14193016502157096,0.1380752643656025,0.36397880858151327,0.14795200747179996,0.2017886668710212,0.14820525271006305,0.3499939195810843
2023-12-26,2023-12-27,VN:EVF,0.2,0.052959501557632516,1,3.0,-0.1755222069060638,0.12966027759268672,0.36575901235819597,0.16903419666711839,0.22153566612649211,0.11401084725550675,0.33554651338199887
2023-12-26,2023-12-27,VN:VTP,0.2,0.060996140796187426,1,3.0,-0.1786016603679207,0.12999994143843388,0.36671717614161264,0.16947699350760848,0.21949637917413023,0.11430950973821474,0.333805888912345
2023-12-26,2023-12-27,VN:FRT,0.2,-0.0541586073500967,1,1.0,-0.19463593097711024,0.13119143955758575,0.37007830321322066,0.17103033238468573,0.21757459833773385,0.11012532650677404,0.3276999248445079
2024-01-08,2024-01-09,VN:HAG,0.2,0.11284046692607008,1,3.0,-0.12854037071884777,0.13186398541521982,0.3666017462790533,0.14901818779165113,0.20324281463750646,0.14927326587656933,0.3525160805140758
2024-01-08,2024-01-09,VN:CTD,0.2,-0.04149854973830469,1,1.0,-0.14193016502157096,0.1380752643656025,0.36397880858151327,0.14795200747179996,0.2017886668710212,0.14820525271006305,0.3499939195810843
2024-01-08,2024-01-09,VN:EVF,0.2,-0.11111111111111116,1,0.0,-0.1755222069060638,0.12966027759268672,0.36575901235819597,0.16903419666711839,0.22153566612649211,0.11401084725550675,0.33554651338199887
2024-01-08,2024-01-09,VN:BMP,0.2,0.02641527434915858,1,2.0,-0.20158390700817108,0.13253487646579742,0.37386801838874817,0.17278173565864563,0.20427687466144562,0.11653849482536316,0.3208153694868088
2024-01-08,2024-01-09,VN:VTP,0.2,0.0899658173531479,1,3.0,-0.20448578165791115,0.13285495835747416,0.3747709235091106,0.17319900442656147,0.20235516884755972,0.11681994485929403,0.31917511370685375
2024-01-18,2024-01-19,VN:HAG,0.2,-0.003731343283582156,1,1.0,-0.10852356093341764,0.12952512309662814,0.36009936988205654,0.14637507280148457,0.21737481329776626,0.14662562092206446,0.36400043421983075
2024-01-18,2024-01-19,VN:BSI,0.2,0.01338432122370925,1,2.0,-0.11745753534264752,0.13511617079030958,0.35617842208807404,0.14478125736769268,0.21889507118180182,0.1450290785721219,0.36392414975392373
2024-01-18,2024-01-19,VN:EVF,0.2,-0.07624633431085048,1,0.0,-0.1755222069060638,0.12966027759268672,0.36575901235819597,0.16903419666711839,0.22153566612649211,0.11401084725550675,0.33554651338199887
2024-01-18,2024-01-19,VN:NKG,0.2,-0.0357142857142857,1,1.0,-0.19299940189720977,0.12988622099500235,0.3873024765460945,0.14678313890745823,0.2179808104640004,0.11804735308744452,0.33602816355144494
2024-01-18,2024-01-19,VN:VTP,0.2,0.17483648122289996,1,4.0,-0.20448578165791115,0.13285495835747416,0.3747709235091106,0.17319900442656147,0.20235516884755972,0.11681994485929403,0.31917511370685375
2024-01-30,2024-01-31,VN:HAG,0.2,-0.15719063545150502,1,0.0,-0.09321938455104828,0.12800723314285278,0.34573087096214294,0.16264326870441437,0.21871130168437958,0.14490732550621033,0.3636186271905899
2024-01-30,2024-01-31,VN:HCM,0.2,-0.014845423936333035,1,1.0,-0.10852356093341764,0.12952512309662814,0.36009936988205654,0.14637507280148457,0.21737481329776626,0.14662562092206446,0.36400043421983075
2024-01-30,2024-01-31,VN:SZC,0.2,0.06926952141057963,1,3.0,-0.10852356093341764,0.12952512309662814,0.36009936988205654,0.14637507280148457,0.21737481329776626,0.14662562092206446,0.36400043421983075
2024-01-30,2024-01-31,VN:BSI,0.2,0.0038022813688212143,1,1.0,-0.12181820338422661,0.13564344154725794,0.3575683342685799,0.14534624354083073,0.21584694730779372,0.14559503333553772,0.36144198064333144
2024-01-30,2024-01-31,VN:FRT,0.2,0.11257695690413394,1,3.0,-0.1786016603679207,0.12999994143843388,0.36671717614161264,0.16947699350760848,0.21949637917413023,0.11430950973821474,0.333805888912345
2024-02-16,2024-02-19,VN:GVR,0.2,0.11444652908067532,1,3.0,-0.09321938455104828,0.12800723314285278,0.34573087096214294,0.16264326870441437,0.21871130168437958,0.14490732550621033,0.3636186271905899
2024-02-16,2024-02-19,VN:HCM,0.2,0.0760636669727579,1,3.0,-0.10852356093341764,0.12952512309662814,0.36009936988205654,0.14637507280148457,0.21737481329776626,0.14662562092206446,0.36400043421983075
2024-02-16,2024-02-19,VN:BSI,0.2,0.12713472485768484,1,4.0,-0.12027407824176312,0.13392406302916815,0.3530359162975575,0.1561795724576839,0.21311093231705033,0.14374951589854015,0.3568604482155905
2024-02-16,2024-02-19,VN:SZC,0.2,0.04171632896305133,1,2.0,-0.12854037071884777,0.13186398541521982,0.3666017462790533,0.14901818779165113,0.20324281463750646,0.14927326587656933,0.3525160805140758
2024-02-16,2024-02-19,VN:VTP,0.2,0.31378027983809664,1,4.0,-0.1923179732490039,0.1411440340918891,0.3560464600612269,0.17447052506050784,0.21066140657675103,0.1176775742096251,0.32833898078637613
2024-02-28,2024-02-29,VN:GVR,0.2,0.19723183391003474,1,4.0,-0.09562143540946488,0.1294786463755571,0.3497049756392095,0.16451282554100713,0.19956627190759374,0.15673728053663252,0.3563035524442263
2024-02-28,2024-02-29,VN:FTS,0.2,0.20075469199960305,1,4.0,-0.11745753534264752,0.13511617079030958,0.35617842208807404,0.14478125736769268,0.21889507118180182,0.1450290785721219,0.36392414975392373
2024-02-28,2024-02-29,VN:BSI,0.2,0.13172541743970312,1,4.0,-0.12087943789722205,0.13459813193684422,0.3548127903100017,0.15193248832427,0.2141835625713002,0.14447302685758392,0.3586565894288841
2024-02-28,2024-02-29,VN:SZC,0.2,0.042873696407879525,1,3.0,-0.12854037071884777,0.13186398541521982,0.3666017462790533,0.14901818779165113,0.20324281463750646,0.14927326587656933,0.3525160805140758
2024-02-28,2024-02-29,VN:DBC,0.2,0.04304635761589415,1,3.0,-0.16991928219795227,0.1323150247335434,0.3678557276725769,0.15751752257347107,0.22205695509910583,0.1202547699213028,0.34231172502040863
2024-03-11,2024-03-12,VN:CTS,0.2,0.014864864864864824,1,2.0,-0.10840155022738052,0.13650263642515784,0.3495719976786971,0.14626690527399025,0.22114120094267725,0.1465172596794775,0.3676584606221548
2024-03-11,2024-03-12,VN:FTS,0.2,0.018077524769685382,1,2.0,-0.11100708279034743,0.13808934802083217,0.3536354110728327,0.14796710455319598,0.20180924838212871,0.15849888797101044,0.3603081363531392
2024-03-11,2024-03-12,VN:GVR,0.2,0.1302876480541455,1,4.0,-0.11714065074920654,0.13080821931362152,0.3532959818840027,0.1662021428346634,0.20161554217338562,0.14807811379432678,0.3496936559677124
2024-03-11,2024-03-12,VN:SZC,0.2,0.0011574074074074403,1,1.0,-0.1258740294854943,0.1291287113596307,0.3589972907155348,0.16667019079134152,0.19902693031768398,0.14617687681580896,0.34520380713349297
2024-03-11,2024-03-12,VN:BSI,0.2,0.078125,1,3.0,-0.14009924441723887,0.13629408383807665,0.35928348242168845,0.15894343195771324,0.1991855978844404,0.14629340389808124,0.34547900178252167
2024-03-21,2024-03-22,VN:GVR,0.2,-0.046616541353383445,1,1.0,-0.07726508378982544,0.1321066915988922,0.33650583028793335,0.16785196959972382,0.2036168873310089,0.1599186211824417,0.3635355085134506
2024-03-21,2024-03-22,VN:TCH,0.2,0.08000000000000007,1,3.0,-0.1063115463601283,0.1268850583864012,0.3527595751398738,0.16377422457596993,0.21294413824296204,0.14363700365479296,0.356581141897755
2024-03-21,2024-03-22,VN:SZC,0.2,-0.07816091954022986,1,0.0,-0.10658410032713261,0.1272103022454634,0.3536638266792323,0.16163071749164584,0.2134899763242904,0.14400517725936804,0.35749515358365846
2024-03-21,2024-03-22,VN:DBC,0.2,-0.033280507131537185,1,1.0,-0.10713831920715688,0.12787182438564562,0.35550295776869417,0.15727098051799862,0.21460018732249458,0.14475405000516697,0.3593542373276616
2024-03-21,2024-03-22,VN:DIG,0.2,0.012618296529968598,1,1.0,-0.12087943789722205,0.13459813193684422,0.3548127903100017,0.15193248832427,0.2141835625713002,0.14447302685758392,0.3586565894288841
2024-04-02,2024-04-03,VN:GVR,0.2,-0.20283687943262396,1,0.0,-0.07872620342263881,0.1346048881799711,0.34286931668027215,0.15211566019230574,0.20746738027732642,0.16294275467012456,0.370410134947451
2024-04-02,2024-04-03,VN:TCH,0.2,-0.07763975155279501,1,0.0,-0.10285950013576445,0.12737763307623962,0.354129026953251,0.15666315426418645,0.2176355784426802,0.14419460726364278,0.36183018570632297
2024-04-02,2024-04-03,VN:SZC,0.2,-0.11399548532731385,1,0.0,-0.1063115463601283,0.1268850583864012,0.3527595751398738,0.16377422457596993,0.21294413824296204,0.14363700365479296,0.356581141897755
2024-04-02,2024-04-03,VN:DBC,0.2,-0.1937984496124031,1,0.0,-0.10713831920715688,0.12787182438564562,0.35550295776869417,0.15727098051799862,0.21460018732249458,0.14475405000516697,0.3593542373276616
2024-04-02,2024-04-03,VN:PDR,0.2,-0.20485584218512898,1,0.0,-0.12027407824176312,0.13392406302916815,0.3530359162975575,0.1561795724576839,0.21311093231705033,0.14374951589854015,0.3568604482155905
2024-04-12,2024-04-15,VN:TCH,0.2,0.017595307917888547,1,2.0,-0.094185189816135,0.12933342351516222,0.34931275769044096,0.1539680086667539,0.2209772053506554,0.1464086047769875,0.36738581012764293
2024-04-12,2024-04-15,VN:CTS,0.2,-0.07901234567901239,1,0.0,-0.10418416870189212,0.12901808705979845,0.3586897360888045,0.14580208497649685,0.2204384422432912,0.14605164963160902,0.3664900918749002
2024-04-12,2024-04-15,VN:BSI,0.2,-0.13216560509554154,1,0.0,-0.10852356093341764,0.12952512309662814,0.36009936988205654,0.14637507280148457,0.21737481329776626,0.14662562092206446,0.36400043421983075
2024-04-12,2024-04-15,VN:FTS,0.2,-0.05203821107891793,1,1.0,-0.10852356093341764,0.12952512309662814,0.36009936988205654,0.14637507280148457,0.21737481329776626,0.14662562092206446,0.36400043421983075
2024-04-12,2024-04-15,VN:DIG,0.2,-0.16369047619047605,1,0.0,-0.12687040298266394,0.13015083386819806,0.3618389504325859,0.16007394373086348,0.20060232875038703,0.14733394321796553,0.34793627196835253
2024-04-25,2024-04-26,VN:FRT,0.2,0.0823529411764703,1,3.0,-0.18282432717960828,0.13515154916680194,0.36149397223074753,0.1670631157825655,0.22360998225502682,0.11268138056485816,0.336291362819885
2024-04-25,2024-04-26,VN:EVF,0.2,0.02583025830258312,1,2.0,-0.23187259984206254,0.14290855611997014,0.36966075942425786,0.1647578453308665,0.2217404064276754,0.1009324326972301,0.3226728391249055
2024-04-25,2024-04-26,VN:TCH,0.2,0.1803797468354429,1,4.0,-0.2350635940572084,0.13083059890820684,0.39011850371780243,0.16090999303892264,0.21956570119312852,0.0985752031419396,0.31814090433506814
2024-04-25,2024-04-26,VN:BSI,0.2,0.11196911196911197,1,3.0,-0.24978695064148154,0.12932816533232228,0.4000917494324371,0.15906212207860118,0.2140747968576788,0.09744316629896063,0.31151796315663943
2024-04-25,2024-04-26,VN:CTS,0.2,0.19295774647887298,1,4.0,-0.24978695064148154,0.12932816533232228,0.4000917494324371,0.15906212207860118,0.2140747968576788,0.09744316629896063,0.31151796315663943
2024-05-10,2024-05-13,VN:TCH,0.2,0.043010752688172005,1,3.0,-0.09492649420876781,0.13035141320083776,0.3520622060317459,0.14730884573784012,0.222716531834499,0.14756100319507728,0.3702775350295763
2024-05-10,2024-05-13,VN:PVT,0.2,0.0235294117647058,1,2.0,-0.18321361728280144,0.1305086434518849,0.3681521631445252,0.17014017320856065,0.2164422076245649,0.11475681257046433,0.3311990201950292
2024-05-10,2024-05-13,VN:MWG,0.2,0.04414261460101865,1,3.0,-0.19638510779980972,0.13196145489668307,0.3722504218015977,0.17203418061264533,0.20771966158299376,0.11603428110608016,0.3237539426890739
2024-05-10,2024-05-13,VN:DGC,0.2,0.02503810711563781,1,2.0,-0.1988218322132937,0.13639016754307226,0.36480692844406354,0.16859418530600187,0.22165200609681024,0.10855671261005206,0.3302087187068623
2024-05-10,2024-05-13,VN:CTR,0.2,0.034161490683229934,1,2.0,-0.20800492942351587,0.13265958922578355,0.3742197891406636,0.17294431376994826,0.20881857755849426,0.1113577303051103,0.32017630786360457
2024-05-22,2024-05-23,VN:TCH,0.2,0.03626943005181338,1,2.0,-0.09492649420876781,0.13035141320083776,0.3520622060317459,0.14730884573784012,0.222716531834499,0.14756100319507728,0.3702775350295763
2024-05-22,2024-05-23,VN:DBC,0.2,0.02911208151382838,1,2.0,-0.10713831920715688,0.12787182438564562,0.35550295776869417,0.15727098051799862,0.21460018732249458,0.14475405000516697,0.3593542373276616
2024-05-22,2024-05-23,VN:CTS,0.2,0.02188940092165903,1,2.0,-0.12181820338422661,0.13564344154725794,0.3575683342685799,0.14534624354083073,0.21584694730779372,0.14559503333553772,0.36144198064333144
2024-05-22,2024-05-23,VN:FTS,0.2,0.006436106289224197,1,1.0,-0.12181820338422661,0.13564344154725794,0.3575683342685799,0.14534624354083073,0.21584694730779372,0.14559503333553772,0.36144198064333144
2024-05-22,2024-05-23,VN:DCM,0.2,0.00903225806451613,1,1.0,-0.19463593097711024,0.13119143955758575,0.37007830321322066,0.17103033238468573,0.21757459833773385,0.11012532650677404,0.3276999248445079
2024-06-03,2024-06-04,VN:TCH,0.2,-0.002512562814070418,1,1.0,-0.09492649420876781,0.13035141320083776,0.3520622060317459,0.14730884573784012,0.222716531834499,0.14756100319507728,0.3702775350295763
2024-06-03,2024-06-04,VN:DBC,0.2,0.008426966292134797,1,1.0,-0.10713831920715688,0.12787182438564562,0.35550295776869417,0.15727098051799862,0.21460018732249458,0.14475405000516697,0.3593542373276616
2024-06-03,2024-06-04,VN:GVR,0.2,-0.04000000000000015,1,1.0,-0.10713831920715688,0.12787182438564562,0.35550295776869417,0.15727098051799862,0.21460018732249458,0.14475405000516697,0.3593542373276616
2024-06-03,2024-06-04,VN:PVT,0.2,-0.006557377049180246,1,1.0,-0.18321361728280144,0.1305086434518849,0.3681521631445252,0.17014017320856065,0.2164422076245649,0.11475681257046433,0.3311990201950292
2024-06-03,2024-06-04,VN:FTS,0.2,-0.01086808857492183,1,1.0,-0.19052911230614283,0.12822374988102353,0.38234523793336533,0.1577038055145101,0.21519078795293245,0.11653641871816856,0.331727206671101
2024-06-13,2024-06-14,VN:TCH,0.2,-0.03307888040712481,1,1.0,-0.10418416870189212,0.12901808705979845,0.3586897360888045,0.14580208497649685,0.2204384422432912,0.14605164963160902,0.3664900918749002
2024-06-13,2024-06-14,VN:CTS,0.2,-0.12389380530973448,1,0.0,-0.10713831920715688,0.12787182438564562,0.35550295776869417,0.15727098051799862,0.21460018732249458,0.14475405000516697,0.3593542373276616
2024-06-13,2024-06-14,VN:DBC,0.2,-0.04958677685950419,1,1.0,-0.10713831920715688,0.12787182438564562,0.35550295776869417,0.15727098051799862,0.21460018732249458,0.14475405000516697,0.3593542373276616
2024-06-13,2024-06-14,VN:FTS,0.2,-0.11474504025680143,1,0.0,-0.10713831920715688,0.12787182438564562,0.35550295776869417,0.15727098051799862,0.21460018732249458,0.14475405000516697,0.3593542373276616
2024-06-13,2024-06-14,VN:GVR,0.2,-0.02970297029702973,1,1.0,-0.10713831920715688,0.12787182438564562,0.35550295776869417,0.15727098051799862,0.21460018732249458,0.14475405000516697,0.3593542373276616
2024-06-25,2024-06-26,VN:GEE,0.2,0.03155281007751953,1,2.0,-0.10418416870189212,0.12901808705979845,0.3586897360888045,0.14580208497649685,0.2204384422432912,0.14605164963160902,0.3664900918749002
2024-06-25,2024-06-26,VN:TCH,0.2,0.022670025188917142,1,2.0,-0.17128781122296344,0.13338068624513919,0.3708184201575227,0.15073220993325898,0.22384538590332068,0.12122329776075846,0.34506868366407917
2024-06-25,2024-06-26,VN:FRT,0.2,0.017045454545454364,1,2.0,-0.21742800688102865,0.13910542946701607,0.3720695216979653,0.17195057019407192,0.2008965835309246,0.1159778951100221,0.3168744786409467
2024-06-25,2024-06-26,VN:CTR,0.2,-0.02659574468085124,1,1.0,-0.21991429388267678,0.1403061789365464,0.3715505710706285,0.17171074961753932,0.20061636568952695,0.11581613468575878,0.31643250037528575
2024-06-25,2024-06-26,VN:LPB,0.2,0.10225782274686157,1,3.0,-0.22063123347256283,0.12797999763429158,0.39119048092336894,0.1668436576975482,0.20145248477019323,0.11253337897459802,0.31398586374479126
2024-07-05,2024-07-08,VN:GEE,0.2,-0.12118914821032112,1,0.0,-0.09492649420876781,0.13035141320083776,0.3520622060317459,0.14730884573784012,0.222716531834499,0.14756100319507728,0.3702775350295763
2024-07-05,2024-07-08,VN:DXG,0.2,-0.09999999999999998,1,0.0,-0.17270404486441715,0.1401255758134777,0.35813099946374444,0.1596190369044029,0.2185706694104672,0.12355371840790774,0.34212438781837495
2024-07-05,2024-07-08,VN:LPB,0.2,-0.013981111065286322,1,1.0,-0.1923179732490039,0.1411440340918891,0.3560464600612269,0.17447052506050784,0.21066140657675103,0.1176775742096251,0.32833898078637613
2024-07-05,2024-07-08,VN:MWG,0.2,-0.047256097560975596,1,1.0,-0.19638510779980972,0.13196145489668307,0.3722504218015977,0.17203418061264533,0.20771966158299376,0.11603428110608016,0.3237539426890739
2024-07-05,2024-07-08,VN:CTR,0.2,-0.18666666666666676,1,0.0,-0.20158390700817108,0.13253487646579742,0.37386801838874817,0.17278173565864563,0.20427687466144562,0.11653849482536316,0.3208153694868088
2024-07-17,2024-07-18,VN:GEE,0.2,-0.21374173105786876,1,0.0,-0.10418416870189212,0.12901808705979845,0.3586897360888045,0.14580208497649685,0.2204384422432912,0.14605164963160902,0.3664900918749002
2024-07-17,2024-07-18,VN:DXG,0.2,-0.029629629629629672,1,1.0,-0.1224620901804539,0.1368852961991639,0.34984951168747214,0.15592798125958499,0.213516407802212,0.143820803051567,0.357337210853779
2024-07-17,2024-07-18,VN:FRT,0.2,-0.02243958573072513,1,1.0,-0.18321361728280144,0.1305086434518849,0.3681521631445252,0.17014017320856065,0.2164422076245649,0.11475681257046433,0.3311990201950292
2024-07-17,2024-07-18,VN:LPB,0.2,-0.10935424966799479,1,0.0,-0.1923179732490039,0.1411440340918891,0.3560464600612269,0.17447052506050784,0.21066140657675103,0.1176775742096251,0.32833898078637613
2024-07-17,2024-07-18,VN:DXS,0.2,0.02752293577981635,1,2.0,-0.2148668000022649,0.14284480469493893,0.36508076578860077,0.16271654741266653,0.22281218903137381,0.10654569307241994,0.32935788210379374
2024-07-29,2024-07-30,VN:LPB,0.2,-0.0335576451713534,1,1.0,-0.17000846564769745,0.12905210256576538,0.3640434443950653,0.16824135184288025,0.2251870185136795,0.11347608268260956,0.33866310119628906
2024-07-29,2024-07-30,VN:DXS,0.2,-0.01243339253996456,1,1.0,-0.2148668000022649,0.14284480469493893,0.36508076578860077,0.16271654741266653,0.22281218903137381,0.10654569307241994,0.32935788210379374
2024-07-29,2024-07-30,VN:PDR,0.2,-0.0843989769820972,1,0.0,-0.22470637318840717,0.1410546399260074,0.3730377713949318,0.16067733762125158,0.22001982405707896,0.10521042700073023,0.32523025105780917
2024-07-29,2024-07-30,VN:VIX,0.2,-0.0008976660682227244,1,1.0,-0.22470637318840717,0.1410546399260074,0.3730377713949318,0.16067733762125158,0.22001982405707896,0.10521042700073023,0.32523025105780917
2024-07-29,2024-07-30,VN:DGW,0.2,-0.0264849865770298,1,1.0,-0.2451384998133555,0.128847139013516,0.3986036538869687,0.15847051379785707,0.2169979545026713,0.09708073879898696,0.3140786933016583
2024-08-08,2024-08-09,VN:VGC,0.2,0.13358778625954204,1,4.0,-0.11981963754237773,0.13828165417070226,0.34668304483046997,0.1576299918404224,0.21138390268731408,0.14602140647109133,0.3574053091584054
2024-08-08,2024-08-09,VN:PDR,0.2,0.2658959537572254,1,4.0,-0.1224620901804539,0.1368852961991639,0.34984951168747214,0.15592798125958499,0.213516407802212,0.143820803051567,0.357337210853779
2024-08-08,2024-08-09,VN:DXS,0.2,0.11090909090909107,1,3.0,-0.17435260827753207,0.1414631839932568,0.36154959969745876,0.15159698643101813,0.22065710035009234,0.12473312952817397,0.3453902298782663
2024-08-08,2024-08-09,VN:LPB,0.2,0.11111111111111116,1,3.0,-0.1860015621035709,0.13024323693501813,0.3674035233481406,0.1697941955255644,0.22322965326794783,0.10932939092332904,0.33255904419127685
2024-08-08,2024-08-09,VN:DXG,0.2,0.21538461538461529,1,4.0,-0.2148668000022649,0.14284480469493893,0.36508076578860077,0.16271654741266653,0.22281218903137381,0.10654569307241994,0.32935788210379374
2024-08-20,2024-08-21,VN:HAG,0.2,-0.01886792452830177,1,1.0,-0.1392387408244985,0.13674021849810425,0.35370515722915064,0.15764642782072938,0.21586953950317087,0.13603865694884487,0.35190819645201576
2024-08-20,2024-08-21,VN:LPB,0.2,-0.012854345790414556,1,1.0,-0.17000846564769745,0.12905210256576538,0.3640434443950653,0.16824135184288025,0.2251870185136795,0.11347608268260956,0.33866310119628906
2024-08-20,2024-08-21,VN:MWG,0.2,-0.02877697841726623,1,1.0,-0.1786016603679207,0.12999994143843388,0.36671717614161264,0.16947699350760848,0.21949637917413023,0.11430950973821474,0.333805888912345
2024-08-20,2024-08-21,VN:DXS,0.2,-0.060702875399361034,1,0.0,-0.22712731836167044,0.14235805828758813,0.3682367935074809,0.16412318509266444,0.2247383345035463,0.10054362860872021,0.32528196311226654
2024-08-20,2024-08-21,VN:EVF,0.2,-0.06799999999999995,1,0.0,-0.22712731836167044,0.14235805828758813,0.3682367935074809,0.16412318509266444,0.2247383345035463,0.10054362860872021,0.32528196311226654
2024-08-30,2024-09-04,VN:DXS,0.2,0.005042016806722671,1,1.0,-0.1392387408244985,0.13674021849810425,0.35370515722915064,0.15764642782072938,0.21586953950317087,0.13603865694884487,0.35190819645201576
2024-08-30,2024-09-04,VN:LPB,0.2,-0.022288952799864536,1,1.0,-0.1786016603679207,0.12999994143843388,0.36671717614161264,0.16947699350760848,0.21949637917413023,0.11430950973821474,0.333805888912345
2024-08-30,2024-09-04,VN:MWG,0.2,-0.022922636103151928,1,1.0,-0.1786016603679207,0.12999994143843388,0.36671717614161264,0.16947699350760848,0.21949637917413023,0.11430950973821474,0.333805888912345
2024-08-30,2024-09-04,VN:EVF,0.2,-0.05327868852459028,1,1.0,-0.18707648059037685,0.13979801639764022,0.3616147068263196,0.16117173553386133,0.22069682345313446,0.11671871778904436,0.3374155412421788
2024-08-30,2024-09-04,VN:HAG,0.2,-0.009389671361502261,1,1.0,-0.19158404146385313,0.14032885850455934,0.362987827151651,0.16178372984480052,0.2177376663010617,0.11716191819792741,0.3348995844989891
2024-09-13,2024-09-16,VN:CMG,0.2,0.015655624073808605,1,2.0,-0.12046433446715771,0.13700025661288545,0.3476241969634207,0.16063299057038172,0.20832473598459053,0.14641781986872168,0.3547425558533122
2024-09-13,2024-09-16,VN:LPB,0.2,0.041039731344585606,1,2.0,-0.18321361728280144,0.1305086434518849,0.3681521631445252,0.17014017320856065,0.2164422076245649,0.11475681257046433,0.3311990201950292
2024-09-13,2024-09-16,VN:DXS,0.2,0.02941176470588225,1,2.0,-0.18707648059037685,0.13979801639764022,0.3616147068263196,0.16117173553386133,0.22069682345313446,0.11671871778904436,0.3374155412421788
2024-09-13,2024-09-16,VN:DIG,0.2,0.040909090909091006,1,2.0,-0.23017423369379864,0.14383204602819785,0.36760390626498846,0.16384111711027735,0.22435209656548716,0.10037083403104918,0.32472293059653634
2024-09-13,2024-09-16,VN:EVF,0.2,0.0387931034482758,1,2.0,-0.23017423369379864,0.14383204602819785,0.36760390626498846,0.16384111711027735,0.22435209656548716,0.10037083403104918,0.32472293059653634
2024-09-25,2024-09-26,VN:LPB,0.2,0.03303403633326374,1,2.0,-0.21190607863524674,0.1247289497364901,0.39239428032032075,0.16260537747450735,0.21059668377930946,0.10967470868937237,0.32027139246868186
2024-09-25,2024-09-26,VN:HCM,0.2,0.0,1,1.0,-0.21549751391272934,0.12760400201660385,0.3860746151473545,0.16635348649232895,0.2141506874195924,0.10581720892412026,0.31996789634371264
2024-09-25,2024-09-26,VN:BMP,0.2,-0.004855783237836309,1,1.0,-0.21991429388267678,0.1403061789365464,0.3715505710706285,0.17171074961753932,0.20061636568952695,0.11581613468575878,0.31643250037528575
2024-09-25,2024-09-26,VN:DXS,0.2,-0.05369127516778527,1,1.0,-0.2368958610064973,0.14055876538573775,0.37622180861399923,0.16204878808594336,0.22189779744966176,0.09927284046465784,0.3211706379143196
2024-09-25,2024-09-26,VN:HAG,0.2,0.032863849765258246,1,2.0,-0.24161820883696655,0.14109541055275768,0.37765817708795735,0.16266747824348574,0.2189270788750923,0.09965185524070694,0.31857893411579924
2024-10-07,2024-10-08,VN:EVF,0.2,0.03976757548507437,1,2.0,-0.2398877888917923,0.14201720058918,0.37558338046073914,0.16177380084991455,0.22152124345302582,0.0991043746471405,0.3206256181001663
2024-10-07,2024-10-08,VN:DIG,0.2,-0.03456221198156684,1,1.0,-0.24540119449044778,0.14264870648649683,0.37725348855355795,0.1624931632543667,0.21805957637505322,0.09954506533052529,0.3176046417055785
2024-10-07,2024-10-08,VN:BSI,0.2,-0.06896551724137934,1,0.0,-0.24978695064148154,0.12932816533232228,0.4000917494324371,0.15906212207860118,0.2140747968576788,0.09744316629896063,0.31151796315663943
2024-10-07,2024-10-08,VN:CTS,0.2,-0.06527093596059119,1,0.0,-0.24978695064148154,0.12932816533232228,0.4000917494324371,0.15906212207860118,0.2140747968576788,0.09744316629896063,0.31151796315663943
2024-10-07,2024-10-08,VN:FTS,0.2,-0.07299875570302783,1,0.0,-0.24978695064148154,0.12932816533232228,0.4000917494324371,0.15906212207860118,0.2140747968576788,0.09744316629896063,0.31151796315663943
2024-10-17,2024-10-18,VN:BMP,0.2,0.0,1,1.0,-0.21135040572361974,0.13484283394408975,0.37655188336455303,0.16502454124500787,0.212274337363586,0.11130640408276338,0.3235807414463494
2024-10-17,2024-10-18,VN:DIG,0.2,-0.004750593824227933,1,1.0,-0.23737073121496088,0.139805288164357,0.3800302474202979,0.16217291475961293,0.21371300677741323,0.10427854287831889,0.3179915496557321
2024-10-17,2024-10-18,VN:EVF,0.2,0.03301886792452824,1,2.0,-0.2398877888917923,0.14201720058918,0.37558338046073914,0.16177380084991455,0.22152124345302582,0.0991043746471405,0.3206256181001663
2024-10-17,2024-10-18,VN:TCH,0.2,-0.07012195121951215,1,0.0,-0.24161820883696655,0.14109541055275768,0.37765817708795735,0.16266747824348574,0.2189270788750923,0.09965185524070694,0.31857893411579924
2024-10-17,2024-10-18,VN:VTP,0.2,0.07368573404306655,1,3.0,-0.24608670725122186,0.12894526412215673,0.3989071935171007,0.15859119948576092,0.21640167123977105,0.09715467163521062,0.3135563428749817
2024-10-29,2024-10-30,VN:BMP,0.2,-0.05039317265177523,1,1.0,-0.21135040572361974,0.13484283394408975,0.37655188336455303,0.16502454124500787,0.212274337363586,0.11130640408276338,0.3235807414463494
2024-10-29,2024-10-30,VN:GEE,0.2,-0.0265444670739986,1,1.0,-0.22250359755025492,0.13836698852629908,0.37161950938192795,0.16563086952109052,0.22291537625709368,0.10146725631358876,0.32438263257068245
2024-10-29,2024-10-30,VN:FTS,0.2,-0.0024034850533273255,1,1.0,-0.24978695064148154,0.12932816533232228,0.4000917494324371,0.15906212207860118,0.2140747968576788,0.09744316629896063,0.31151796315663943
2024-10-29,2024-10-30,VN:HAG,0.2,0.15196078431372562,1,4.0,-0.251598911371819,0.1413875083728694,0.3784400252881648,0.16599169497185717,0.2187454120721326,0.09543535929497599,0.3141807713671086
2024-10-29,2024-10-30,VN:BSI,0.2,-0.07395833333333346,1,0.0,-0.256002625584661,0.1324202596937178,0.3986708610952838,0.1584972327611722,0.21331453800159406,0.09709710844823215,0.3104116464498262
2024-11-08,2024-11-11,VN:VTP,0.2,0.1297038845390035,1,4.0,-0.09739303443740255,0.13187753957692475,0.35618406003439335,0.14903349952349812,0.20326369697952723,0.15964120388565653,0.3629049008651838
2024-11-08,2024-11-11,VN:GEE,0.2,-0.013396537510304896,1,1.0,-0.2324196994304657,0.1366022676229477,0.3796338140964508,0.16351842880249023,0.22007232904434204,0.10017316043376923,0.32024548947811127
2024-11-08,2024-11-11,VN:BMP,0.2,-0.04766620932789367,1,1.0,-0.25062301011750127,0.13604922998098223,0.38641689379265587,0.16650096078219892,0.21417348725120686,0.09685942819295609,0.31103291544416295
2024-11-08,2024-11-11,VN:EVF,0.2,-0.03603603603603611,1,1.0,-0.25918871743653826,0.13370149136412496,0.3983655660979204,0.15837586280053548,0.21253432808520634,0.09702275165221284,0.3095570797374192
2024-11-08,2024-11-11,VN:SIP,0.2,-0.0394132230099955,1,1.0,-0.2670360982252911,0.1307214440082858,0.39550666233122367,0.17041759921233657,0.2167951367738037,0.08655915767435024,0.3033542944481539
2024-11-20,2024-11-21,VN:VTP,0.2,0.2555162478573252,1,4.0,-0.14977181180971577,0.14728513579495453,0.3540850036454946,0.14815521461002848,0.2020658284733568,0.14840881747616555,0.3504746459495224
2024-11-20,2024-11-21,VN:CMG,0.2,0.07621231383944793,1,3.0,-0.25515676495271783,0.1298838306175109,0.40181078023503647,0.15974555014616065,0.2106980014852435,0.09786183751604846,0.30855983900129197
2024-11-20,2024-11-21,VN:HAG,0.2,0.02145922746781115,1,2.0,-0.26288832528227324,0.12942245506180483,0.40038343965721546,0.1670493173074028,0.20994955144860183,0.09319523652497502,0.30314478797357686
2024-11-20,2024-11-21,VN:GEE,0.2,-0.015366095453901774,1,1.0,-0.2647792677225227,0.13678634064803763,0.39666455688577473,0.15769959868714511,0.21224103709875763,0.09660846668028483,0.30884950377904247
2024-11-20,2024-11-21,VN:VIX,0.2,0.053702511268512554,1,3.0,-0.26623992026806054,0.14825783338566498,0.3716940796741676,0.1690020225420142,0.22012230261886934,0.09092376177928384,0.3110460643981532
2024-12-02,2024-12-03,VN:VTP,0.2,0.04612882105004701,1,3.0,-0.11013097896976798,0.14875045197083872,0.3372648606111875,0.14962921813682886,0.20407615297919285,0.16027931630195205,0.36435546928114493
2024-12-02,2024-12-03,VN:CMG,0.2,-0.012430849332899507,1,1.0,-0.25515676495271783,0.1298838306175109,0.40181078023503647,0.15974555014616065,0.2106980014852435,0.09786183751604846,0.30855983900129197
2024-12-02,2024-12-03,VN:GEE,0.2,-0.06249550521395175,1,0.0,-0.2584124726530172,0.13361908097210284,0.39811997419238165,0.1582782221353584,0.21301978191674406,0.09696294078341303,0.3099827227001571
2024-12-02,2024-12-03,VN:DXS,0.2,0.06675567423230966,1,3.0,-0.2589621077555261,0.12988844417118695,0.3929863542840901,0.16933163874349266,0.2217859907315225,0.08600757206970772,0.3077935628012302
2024-12-02,2024-12-03,VN:BMP,0.2,-0.007997722806824314,1,1.0,-0.2670360982252911,0.1307214440082858,0.39550666233122367,0.17041759921233657,0.2167951367738037,0.08655915767435024,0.3033542944481539
2024-12-12,2024-12-13,VN:VTP,0.2,0.0,1,1.0,-0.14977181180971577,0.14728513579495453,0.3540850036454946,0.14815521461002848,0.2020658284733568,0.14840881747616555,0.3504746459495224
2024-12-12,2024-12-13,VN:IMP,0.2,-0.045454545454545636,1,1.0,-0.23887392344607583,0.1290975631230124,0.3905934902147914,0.16830059509797554,0.214102010113701,0.09790634145051968,0.3120083515642207
2024-12-12,2024-12-13,VN:GEE,0.2,0.159767496661692,1,4.0,-0.24810300028017154,0.1367979455948488,0.39195804619914154,0.1558284713080981,0.21338013668715547,0.10203540021075606,0.3154155368979115
2024-12-12,2024-12-13,VN:CMG,0.2,-0.021357775633716214,1,1.0,-0.25515676495271783,0.1298838306175109,0.40181078023503647,0.15974555014616065,0.2106980014852435,0.09786183751604846,0.30855983900129197
2024-12-12,2024-12-13,VN:DXS,0.2,-0.07822685788787476,1,0.0,-0.2579110731028845,0.12978001035586006,0.39265826637043255,0.16919027394943142,0.22243568466928365,0.08593576465499225,0.3083714493242759
2024-12-24,2024-12-25,VN:VTP,0.2,0.04107348043702652,1,2.0,-0.14977181180971577,0.14728513579495453,0.3540850036454946,0.14815521461002848,0.2020658284733568,0.14840881747616555,0.3504746459495224
2024-12-24,2024-12-25,VN:BMP,0.2,-0.03845762021189891,1,1.0,-0.21056479215621948,0.12859667837619781,0.38253718614578247,0.1676476001739502,0.21327131986618042,0.1079472154378891,0.3212185353040695
2024-12-24,2024-12-25,VN:CMG,0.2,-0.09873198463280841,1,0.0,-0.24978695064148154,0.12932816533232228,0.4000917494324371,0.15906212207860118,0.2140747968576788,0.09744316629896063,0.31151796315663943
2024-12-24,2024-12-25,VN:GEE,0.2,-0.07613401718510626,1,0.0,-0.24978695064148154,0.12932816533232228,0.4000917494324371,0.15906212207860118,0.2140747968576788,0.09744316629896063,0.31151796315663943
2024-12-24,2024-12-25,VN:SZC,0.2,-0.05747126436781602,1,0.0,-0.2670360982252911,0.1307214440082858,0.39550666233122367,0.17041759921233657,0.2167951367738037,0.08655915767435024,0.3033542944481539
2025-01-06,2025-01-07,VN:VTP,0.2,0.10247173378036178,1,3.0,-0.1278726401385975,0.1457847738660228,0.3504780374253674,0.14664600133988256,0.2000074297186391,0.15708375765008817,0.35709118736872725
2025-01-06,2025-01-07,VN:CMG,0.2,-0.05305462628258384,1,1.0,-0.25515676495271783,0.1298838306175109,0.40181078023503647,0.15974555014616065,0.2106980014852435,0.09786183751604846,0.30855983900129197
2025-01-06,2025-01-07,VN:GEE,0.2,0.06777217015140602,1,3.0,-0.2584124726530172,0.13361908097210284,0.39811997419238165,0.1582782221353584,0.21301978191674406,0.09696294078341303,0.3099827227001571
2025-01-06,2025-01-07,VN:EVF,0.2,0.0776470588235294,1,3.0,-0.2592827788102212,0.1480035312771271,0.3710565213701647,0.16392694169391778,0.22624520620338312,0.09076779945540726,0.31701300565879037
2025-01-06,2025-01-07,VN:BMP,0.2,-0.04427290967555397,1,1.0,-0.27299510145928785,0.13133624293905677,0.39736676512186797,0.17121909686341208,0.2131116406106326,0.08696625446503053,0.3000778950756631
2025-01-16,2025-01-17,VN:VTP,0.2,-0.05639408663289558,1,1.0,-0.14977181180971577,0.14728513579495453,0.3540850036454946,0.14815521461002848,0.2020658284733568,0.14840881747616555,0.3504746459495224
2025-01-16,2025-01-17,VN:GEE,0.2,0.3921582429959174,1,4.0,-0.24978695064148154,0.12932816533232228,0.4000917494324371,0.15906212207860118,0.2140747968576788,0.09744316629896063,0.31151796315663943
2025-01-16,2025-01-17,VN:CMG,0.2,-0.044459823878958526,1,1.0,-0.2637925924155447,0.13419034477217445,0.39982206822237065,0.15895491127871372,0.20965518610230746,0.09737748962443368,0.30703267572674114
2025-01-16,2025-01-17,VN:GVR,0.2,0.012302284710017597,1,1.0,-0.27145961331515933,0.14561407485029212,0.37761357989331457,0.16869263602335208,0.21877730218734298,0.08930240704569826,0.30807970923304123
2025-01-16,2025-01-17,VN:TCH,0.2,0.09420289855072439,1,3.0,-0.28375769718578825,0.14167219928175953,0.39075000549666605,0.16412601486317868,0.21656685384239457,0.08688492651600117,0.30345178035839576
2025-02-04,2025-02-05,VN:GEE,0.2,0.3127244599149124,1,4.0,-0.10285950013576445,0.12737763307623962,0.354129026953251,0.15666315426418645,0.2176355784426802,0.14419460726364278,0.36183018570632297
2025-02-04,2025-02-05,VN:VTP,0.2,-0.06625952137934532,1,0.0,-0.14977181180971577,0.14728513579495453,0.3540850036454946,0.14815521461002848,0.2020658284733568,0.14840881747616555,0.3504746459495224
2025-02-04,2025-02-05,VN:CMG,0.2,-0.01100152664356513,1,1.0,-0.2584124726530172,0.13361908097210284,0.39811997419238165,0.1582782221353584,0.21301978191674406,0.09696294078341303,0.3099827227001571
2025-02-04,2025-02-05,VN:EVF,0.2,0.1850311850311852,1,4.0,-0.29936280177467767,0.13898889409775525,0.4089597670221381,0.1507467295807586,0.21503446515572522,0.08627014414362287,0.3013046092993481
2025-02-14,2025-02-17,VN:GEE,0.2,0.253501971984224,1,4.0,-0.07872620342263881,0.1346048881799711,0.34286931668027215,0.15211566019230574,0.20746738027732642,0.16294275467012456,0.370410134947451
2025-02-14,2025-02-17,VN:VTP,0.2,0.006407657459147842,1,1.0,-0.158517914392321,0.14577003040567085,0.36072940171851814,0.14663118342505668,0.19998722076396974,0.14688216368678456,0.3468693844507543
2025-02-14,2025-02-17,VN:CTD,0.2,-0.0065184467195734674,1,1.0,-0.24344241981867581,0.13377213677424396,0.3944172023894966,0.16371420269778672,0.19767386015763672,0.11042259798083601,0.30809645813847275
2025-02-14,2025-02-17,VN:CMG,0.2,-0.01889790729513019,1,1.0,-0.2647792677225227,0.13678634064803763,0.39666455688577473,0.15769959868714511,0.21224103709875763,0.09660846668028483,0.30884950377904247
2025-02-14,2025-02-17,VN:NKG,0.2,0.14963503649635035,1,4.0,-0.28416985061638167,0.14409434688020983,0.38666256974143853,0.16693204516968096,0.2139406635318647,0.08837037467680592,0.3023110382086706
2025-02-26,2025-02-27,VN:GEE,0.2,0.12279751588677068,1,4.0,-0.07872620342263881,0.1346048881799711,0.34286931668027215,0.15211566019230574,0.20746738027732642,0.16294275467012456,0.370410134947451
2025-02-26,2025-02-27,VN:CTD,0.2,-0.1036718364002267,1,0.0,-0.21177990191190996,0.13937061157989256,0.36907307963399943,0.17056577670123174,0.2059466632878779,0.11504386879699836,0.32099053208487627
2025-02-26,2025-02-27,VN:VTP,0.2,-0.02007233772329442,1,1.0,-0.2350635940572084,0.13083059890820684,0.39011850371780243,0.16090999303892264,0.21956570119312852,0.0985752031419396,0.31814090433506814
2025-02-26,2025-02-27,VN:SJS,0.2,0.01936799184505622,1,2.0,-0.24311153047282552,0.12022775142875869,0.41570388341611886,0.15673729427000968,0.20161428596941489,0.10571678491569791,0.3073310708851128
2025-02-26,2025-02-27,VN:BSI,0.2,0.04166666666666674,1,2.0,-0.2589621077555261,0.12988844417118695,0.3929863542840901,0.16933163874349266,0.2217859907315225,0.08600757206970772,0.3077935628012302
2025-03-10,2025-03-11,VN:GEE,0.2,0.06036667654125938,1,3.0,-0.1336573431696091,0.15934739057139213,0.3330663542111901,0.1477665217061924,0.2015356748380855,0.15828405867313988,0.35981973351122537
2025-03-10,2025-03-11,VN:SJS,0.2,0.04945598417408492,1,3.0,-0.1964563771290267,0.12763868557599228,0.3796874369611018,0.16639869287011086,0.2140419382015304,0.11223324639126464,0.32627518459279503
2025-03-10,2025-03-11,VN:FTS,0.2,-0.02558677360625894,1,1.0,-0.19741828298378844,0.12774130416494672,0.37999268516914503,0.16653248295487874,0.21341004490680893,0.11232348280422055,0.3257335277110295
2025-03-10,2025-03-11,VN:VCI,0.2,-0.021644413211524882,1,1.0,-0.19928595572178032,0.1279405513997417,0.3805853752835495,0.1667922300606387,0.21218316415088745,0.11249867910518258,0.32468184325607
2025-03-10,2025-03-11,VN:BSI,0.2,-0.005357142857142727,1,1.0,-0.2132979168497181,0.12943534456614147,0.3850319952887893,0.16874095671816947,0.2029786392824453,0.11381306414445441,0.3167917034268997
2025-03-20,2025-03-21,VN:GEE,0.2,-0.022217071717104964,1,1.0,-0.11811862885951996,0.1523483395576477,0.3358393609523773,0.14899678528308868,0.2032136172056198,0.15960189700126648,0.3628155142068863
2025-03-20,2025-03-21,VN:SJS,0.2,-0.136,1,0.0,-0.1964563771290267,0.12763868557599228,0.3796874369611018,0.16639869287011086,0.2140419382015304,0.11223324639126464,0.32627518459279503
2025-03-20,2025-03-21,VN:FTS,0.2,-0.1858818267653929,1,0.0,-0.20866987977415677,0.12839538966431052,0.38193838650171796,0.16738518573685926,0.21450279013804227,0.10777824795906997,0.3222810380971122
2025-03-20,2025-03-21,VN:CMG,0.2,-0.2466581114319325,1,0.0,-0.2398877888917923,0.14201720058918,0.37558338046073914,0.16177380084991455,0.22152124345302582,0.0991043746471405,0.3206256181001663
2025-03-20,2025-03-21,VN:VTP,0.2,-0.2537906445281015,1,0.0,-0.24978695064148154,0.12932816533232228,0.4000917494324371,0.15906212207860118,0.2140747968576788,0.09744316629896063,0.31151796315663943
2025-04-01,2025-04-02,VN:GEE,0.2,0.2570869373066482,1,4.0,-0.1336573431696091,0.15934739057139213,0.3330663542111901,0.1477665217061924,0.2015356748380855,0.15828405867313988,0.35981973351122537
2025-04-01,2025-04-02,VN:SJS,0.2,-0.16981132075471683,1,0.0,-0.1964563771290267,0.12763868557599228,0.3796874369611018,0.16639869287011086,0.2140419382015304,0.11223324639126464,0.32627518459279503
2025-04-01,2025-04-02,VN:CMG,0.2,-0.15695899089637844,1,0.0,-0.2148668000022649,0.14284480469493893,0.36508076578860077,0.16271654741266653,0.22281218903137381,0.10654569307241994,0.32935788210379374
2025-04-01,2025-04-02,VN:VTP,0.2,-0.26223811341220893,1,0.0,-0.24978695064148154,0.12932816533232228,0.4000917494324371,0.15906212207860118,0.2140747968576788,0.09744316629896063,0.31151796315663943
2025-04-01,2025-04-02,VN:CTR,0.2,-0.13056680161943324,1,0.0,-0.26623992026806054,0.14825783338566498,0.3716940796741676,0.1690020225420142,0.22012230261886934,0.09092376177928384,0.3110460643981532
2025-04-14,2025-04-15,VN:CTR,0.2,-0.0022988505747124632,1,1.0,-0.12135087315293763,0.13835490162238184,0.346866677608093,0.15791768306248435,0.2114958677141627,0.14536486999287815,0.35686073770704085
2025-04-14,2025-04-15,VN:CMG,0.2,-0.03725078698845752,1,1.0,-0.1224620901804539,0.1368852961991639,0.34984951168747214,0.15592798125958499,0.213516407802212,0.143820803051567,0.357337210853779
2025-04-14,2025-04-15,VN:VTP,0.2,-0.006277772990805008,1,1.0,-0.14346967851325387,0.13724805619192207,0.35501874022213725,0.15823190150010438,0.21295743007894502,0.13654387200689125,0.3495013020858363
2025-04-14,2025-04-15,VN:GEE,0.2,0.2996900888014782,1,4.0,-0.15474808907872833,0.14957854820393987,0.35313268094357914,0.1477567470561004,0.2015223593200308,0.14800966447634986,0.34953202379638065
2025-04-14,2025-04-15,VN:TLG,0.2,0.036911208746296165,1,2.0,-0.20192732067352026,0.14370130109564438,0.3602705326696525,0.16647669797000808,0.21335712234196902,0.11619434592272598,0.329551468264695
2025-04-24,2025-04-25,VN:CMG,0.2,0.1312613882490461,1,4.0,-0.1224620901804539,0.1368852961991639,0.34984951168747214,0.15592798125958499,0.213516407802212,0.143820803051567,0.357337210853779
2025-04-24,2025-04-25,VN:SZC,0.2,0.11202635914332792,1,3.0,-0.1266623995702743,0.13912663939217806,0.3488014832496201,0.15859320287128678,0.2065649865101282,0.14691368797678686,0.35347867448691506
2025-04-24,2025-04-25,VN:VHC,0.2,0.11941848390446497,1,4.0,-0.1266623995702743,0.13912663939217806,0.3488014832496201,0.15859320287128678,0.2065649865101282,0.14691368797678686,0.35347867448691506
2025-04-24,2025-04-25,VN:CTR,0.2,0.1241217798594847,1,4.0,-0.12723231126021872,0.1374287882830383,0.3512385733241055,0.1568606323471571,0.21008017346143465,0.14439183258426438,0.35447200604569906
2025-04-24,2025-04-25,VN:GEE,0.2,0.23779006667011204,1,4.0,-0.1336573431696091,0.15934739057139213,0.3330663542111901,0.1477665217061924,0.2015356748380855,0.15828405867313988,0.35981973351122537
2025-05-09,2025-05-12,VN:CTR,0.2,0.010683760683760868,1,1.0,-0.11951269031297129,0.13792744073379873,0.3457950004071742,0.15978774190265324,0.21084244235094723,0.14564737460542657,0.35648981695637383
2025-05-09,2025-05-12,VN:CMG,0.2,0.025235048315487063,1,2.0,-0.1224620901804539,0.1368852961991639,0.34984951168747214,0.15592798125958499,0.213516407802212,0.143820803051567,0.357337210853779
2025-05-09,2025-05-12,VN:SZC,0.2,0.10971786833855801,1,3.0,-0.1266623995702743,0.13912663939217806,0.3488014832496201,0.15859320287128678,0.2065649865101282,0.14691368797678686,0.35347867448691506
2025-05-09,2025-05-12,VN:VHC,0.2,0.12959381044487417,1,4.0,-0.1266623995702743,0.13912663939217806,0.3488014832496201,0.15859320287128678,0.2065649865101282,0.14691368797678686,0.35347867448691506
2025-05-09,2025-05-12,VN:GEE,0.2,0.36474308300395264,1,4.0,-0.1336573431696091,0.15934739057139213,0.3330663542111901,0.1477665217061924,0.2015356748380855,0.15828405867313988,0.35981973351122537
2025-05-21,2025-05-22,VN:GEE,0.2,-0.015167412152336746,1,1.0,-0.1336573431696091,0.15934739057139213,0.3330663542111901,0.1477665217061924,0.2015356748380855,0.15828405867313988,0.35981973351122537
2025-05-21,2025-05-22,VN:GEX,0.2,0.10768672951414082,1,3.0,-0.1789996488317821,0.13481630485368,0.3586696711083477,0.175755964038938,0.21221348801414286,0.11854457198489138,0.33075805999903424
2025-05-21,2025-05-22,VN:VTP,0.2,-0.035252216891990096,1,1.0,-0.19158404146385313,0.14032885850455934,0.362987827151651,0.16178372984480052,0.2177376663010617,0.11716191819792741,0.3348995844989891
2025-05-21,2025-05-22,VN:VHM,0.2,0.12927191679049033,1,4.0,-0.19487617909908295,0.14235946536064148,0.3555426001548767,0.1742236167192459,0.21036328375339508,0.11751103401184082,0.3278743177652359
2025-05-21,2025-05-22,VN:VIC,0.2,0.03743315508021383,1,2.0,-0.2163936048746109,0.15258271992206573,0.35130444169044495,0.17214684188365936,0.2078557163476944,0.11611028015613556,0.32396599650382996
2025-06-02,2025-06-03,VN:GEE,0.2,-0.02041498708970324,1,1.0,-0.11013097896976798,0.14875045197083872,0.3372648606111875,0.14962921813682886,0.20407615297919285,0.16027931630195205,0.36435546928114493
2025-06-02,2025-06-03,VN:VTP,0.2,0.06746470461159193,1,3.0,-0.14346967851325387,0.13724805619192207,0.35501874022213725,0.15823190150010438,0.21295743007894502,0.13654387200689125,0.3495013020858363
2025-06-02,2025-06-03,VN:GEX,0.2,-0.002819746643659804,1,1.0,-0.17871745621930998,0.13045639706597936,0.3659935429993178,0.17007207110201994,0.21876709675339923,0.11471089207928366,0.33347798883268287
2025-06-02,2025-06-03,VN:CTR,0.2,0.10520487264673317,1,3.0,-0.19438892458089496,0.14280001712739454,0.35801094503692577,0.16543257113223842,0.21829087869606256,0.11546558800737866,0.3337564667034412
2025-06-02,2025-06-03,VN:VHM,0.2,-0.07272727272727264,1,0.0,-0.19487617909908295,0.14235946536064148,0.3555426001548767,0.1742236167192459,0.21036328375339508,0.11751103401184082,0.3278743177652359
2025-06-12,2025-06-13,VN:DXS,0.2,-0.01980198019801982,1,1.0,-0.11569901069325972,0.12450123856591966,0.3650041602180338,0.15312543853652713,0.21643069870242548,0.14093846397709395,0.35736916267951946
2025-06-12,2025-06-13,VN:SIP,0.2,0.05683460167613896,1,3.0,-0.11640840942276132,0.13650433922565489,0.34636584440418844,0.16005151212292182,0.21119049506173276,0.14588780918550207,0.35707830424723486
2025-06-12,2025-06-13,VN:BCM,0.2,0.0844617816882045,1,3.0,-0.12322400877547285,0.13733768872432972,0.3484803840065117,0.1610286283799597,0.2063748450986995,0.1467784537904994,0.3531532988891989
2025-06-12,2025-06-13,VN:SZC,0.2,0.14648729446935715,1,4.0,-0.12322400877547285,0.13733768872432972,0.3484803840065117,0.1610286283799597,0.2063748450986995,0.1467784537904994,0.3531532988891989
2025-06-12,2025-06-13,VN:GEE,0.2,-0.009148656406837374,1,1.0,-0.1278726401385975,0.1457847738660228,0.3504780374253674,0.14664600133988256,0.2000074297186391,0.15708375765008817,0.35709118736872725
2025-06-24,2025-06-25,VN:DXS,0.2,0.06888888888888878,1,3.0,-0.12473255767621266,0.12606408077669384,0.3695860019202829,0.15007594675052008,0.2115663353075485,0.1427076352449547,0.3542739705525032
2025-06-24,2025-06-25,VN:GEE,0.2,-0.040399396859254866,1,1.0,-0.13293041486934443,0.13952343373780599,0.3573080056504608,0.14950378461932815,0.2039050937280818,0.14975968226432326,0.3536647759924051
2025-06-24,2025-06-25,VN:VIC,0.2,0.06054279749478075,1,3.0,-0.1789996488317821,0.13481630485368,0.3586696711083477,0.175755964038938,0.21221348801414286,0.11854457198489138,0.33075805999903424
2025-06-24,2025-06-25,VN:DXG,0.2,0.051204819277108404,1,3.0,-0.18016503751277924,0.13017237186431885,0.36720362305641174,0.16970181465148926,0.2184610515832901,0.11446113884449005,0.33292219042778015
2025-06-24,2025-06-25,VN:SIP,0.2,0.05653228816722655,1,3.0,-0.19130273305850276,0.1413348774711406,0.3586228516595278,0.16571533803429706,0.2186639921267628,0.11566294070827171,0.3343269328350345
2025-07-04,2025-07-07,VN:DXS,0.2,0.23913043478260887,1,4.0,-0.1256893277168274,0.12703105807304382,0.37242093682289124,0.14355656504631042,0.21318915486335754,0.14380228519439697,0.3569914400577545
2025-07-04,2025-07-07,VN:GEE,0.2,0.26527570789865873,1,4.0,-0.14193016502157096,0.1380752643656025,0.36397880858151327,0.14795200747179996,0.2017886668710212,0.14820525271006305,0.3499939195810843
2025-07-04,2025-07-07,VN:DXG,0.2,0.14035087719298245,1,4.0,-0.1755222069060638,0.12966027759268672,0.36575901235819597,0.16903419666711839,0.22153566612649211,0.11401084725550675,0.33554651338199887
2025-07-04,2025-07-07,VN:GEX,0.2,0.1875092060686403,1,4.0,-0.1789996488317821,0.13481630485368,0.3586696711083477,0.175755964038938,0.21221348801414286,0.11854457198489138,0.33075805999903424
2025-07-04,2025-07-07,VN:VIX,0.2,0.4192523821158074,1,4.0,-0.19470298000122638,0.12745162654740175,0.3791310134659557,0.166154844073134,0.21519374526748442,0.11206877064602419,0.32726251591350863
2025-07-16,2025-07-17,VN:GEE,0.2,0.07678712020180933,1,3.0,-0.0871947705745697,0.1351296603679657,0.34605592489242554,0.1447957158088684,0.21891692280769348,0.15510177612304688,0.37401869893074036
2025-07-16,2025-07-17,VN:TCH,0.2,-0.04761904761904767,1,1.0,-0.10649703284357437,0.12554639390786895,0.3541541940844924,0.16367105895770998,0.21450675704320138,0.14212159600672727,0.3566283530499287
2025-07-16,2025-07-17,VN:DXS,0.2,0.06280193236714982,1,3.0,-0.11197244787298294,0.1278964093954441,0.36426531182928945,0.14453446434335518,0.21852194611662787,0.14478186831528342,0.3633038144319113
2025-07-16,2025-07-17,VN:VIX,0.2,0.5380084540225905,1,4.0,-0.15245664460487612,0.13178116377698995,0.35059488603312267,0.17179914202837218,0.2299490473408039,0.11587576082071127,0.3458248081615152
2025-07-16,2025-07-17,VN:DXG,0.2,0.03684210526315779,1,2.0,-0.1755222069060638,0.12966027759268672,0.36575901235819597,0.16903419666711839,0.22153566612649211,0.11401084725550675,0.33554651338199887
2025-07-28,2025-07-29,VN:DXS,0.2,0.06751054852320681,1,3.0,-0.054971856401628716,0.13164078600820364,0.335319086820524,0.14876595964583936,0.2249195326155633,0.15935463490986965,0.384274167525433
2025-07-28,2025-07-29,VN:GEE,0.2,-0.0038959015116099005,1,1.0,-0.09275603570807084,0.14092430892361132,0.34036556900637055,0.1510048553647058,0.20595238226510235,0.16175288444021,0.36770526670531234
2025-07-28,2025-07-29,VN:VSC,0.2,0.2057026476578412,1,4.0,-0.15800308945770425,0.13241539698220198,0.3522821910339267,0.17262595634719793,0.22624301573272027,0.11643343990395308,0.34267645563667337
2025-07-28,2025-07-29,VN:EVF,0.2,0.03728813559322042,1,2.0,-0.1738707423210144,0.12991997599601746,0.3644886314868927,0.1693727672100067,0.22197940945625305,0.11423921585083008,0.33621862530708313
2025-07-28,2025-07-29,VN:CTS,0.2,0.05529411764705894,1,3.0,-0.17871745621930998,0.13045639706597936,0.3659935429993178,0.17007207110201994,0.21876709675339923,0.11471089207928366,0.33347798883268287
2025-08-07,2025-08-08,VN:DXS,0.2,-0.057613168724279906,1,0.0,-0.09492649420876781,0.13035141320083776,0.3520622060317459,0.14730884573784012,0.222716531834499,0.14756100319507728,0.3702775350295763
2025-08-07,2025-08-08,VN:VSC,0.2,0.13872832369942212,1,4.0,-0.09739303443740255,0.13187753957692475,0.35618406003439335,0.14903349952349812,0.20326369697952723,0.15964120388565653,0.3629049008651838
2025-08-07,2025-08-08,VN:SJS,0.2,-0.11267605633802813,1,0.0,-0.11013097896976798,0.14875045197083872,0.3372648606111875,0.14962921813682886,0.20407615297919285,0.16027931630195205,0.36435546928114493
2025-08-07,2025-08-08,VN:EVF,0.2,-0.06896551724137934,1,0.0,-0.12342311074068812,0.12316810717677751,0.36638878684077303,0.16057054219929748,0.21044323711266408,0.1394293266704879,0.349872563783152
2025-08-07,2025-08-08,VN:GEE,0.2,0.01857957652941633,1,2.0,-0.14193016502157096,0.1380752643656025,0.36397880858151327,0.14795200747179996,0.2017886668710212,0.14820525271006305,0.3499939195810843
2025-08-19,2025-08-20,VN:DXS,0.2,-0.02692307692307694,1,1.0,-0.09492649420876781,0.13035141320083776,0.3520622060317459,0.14730884573784012,0.222716531834499,0.14756100319507728,0.3702775350295763
2025-08-19,2025-08-20,VN:PDR,0.2,-0.08949416342412453,1,0.0,-0.09562143540946488,0.1294786463755571,0.3497049756392095,0.16451282554100713,0.19956627190759374,0.15673728053663252,0.3563035524442263
2025-08-19,2025-08-20,VN:EVF,0.2,-0.16242038216560506,1,0.0,-0.11935923815728366,0.12669873048814043,0.3608542030922442,0.1609807288500558,0.20804024922787773,0.14342608834168183,0.3514663375695596
2025-08-19,2025-08-20,VN:VSC,0.2,-0.1757142857142857,1,0.0,-0.1336573431696091,0.15934739057139213,0.3330663542111901,0.1477665217061924,0.2015356748380855,0.15828405867313988,0.35981973351122537
2025-08-19,2025-08-20,VN:GEE,0.2,-0.12942485976654605,1,0.0,-0.14193016502157096,0.1380752643656025,0.36397880858151327,0.14795200747179996,0.2017886668710212,0.14820525271006305,0.3499939195810843
2025-08-29,2025-09-03,VN:DXS,0.2,-0.0038610038610037423,1,1.0,-0.10418416870189212,0.12901808705979845,0.3586897360888045,0.14580208497649685,0.2204384422432912,0.14605164963160902,0.3664900918749002
2025-08-29,2025-09-03,VN:ANV,0.2,0.018416206261510082,1,2.0,-0.12854037071884777,0.13186398541521982,0.3666017462790533,0.14901818779165113,0.20324281463750646,0.14927326587656933,0.3525160805140758
2025-08-29,2025-09-03,VN:PDR,0.2,-0.044806517311609007,1,1.0,-0.13023335323780866,0.12823959268210497,0.36175142355642126,0.16718209537187645,0.19765652109637205,0.14517036729322524,0.3428268883895973
2025-08-29,2025-09-03,VN:VIX,0.2,-0.018576143328618566,1,1.0,-0.1336573431696091,0.15934739057139213,0.3330663542111901,0.1477665217061924,0.2015356748380855,0.15828405867313988,0.35981973351122537
2025-08-29,2025-09-03,VN:VSC,0.2,-0.018333333333333313,1,1.0,-0.14450258231911928,0.13926854937178715,0.36347491090707346,0.1477471761069771,0.20150929989679606,0.1480000637173662,0.3495093636141623
2025-09-12,2025-09-15,VN:DXS,0.2,-0.09926470588235292,1,0.0,-0.10418416870189212,0.12901808705979845,0.3586897360888045,0.14580208497649685,0.2204384422432912,0.14605164963160902,0.3664900918749002
2025-09-12,2025-09-15,VN:GEX,0.2,0.009096661920582116,1,1.0,-0.11538083851337433,0.1327272653579712,0.34988102316856384,0.15990190207958221,0.2150249034166336,0.14246490597724915,0.35748980939388275
2025-09-12,2025-09-15,VN:CII,0.2,0.06694560669456062,1,3.0,-0.11935923815728366,0.12669873048814043,0.3608542030922442,0.1609807288500558,0.20804024922787773,0.14342608834168183,0.3514663375695596
2025-09-12,2025-09-15,VN:ANV,0.2,0.010507880910682887,1,1.0,-0.12854037071884777,0.13186398541521982,0.3666017462790533,0.14901818779165113,0.20324281463750646,0.14927326587656933,0.3525160805140758
2025-09-12,2025-09-15,VN:VSC,0.2,-0.02640264026402639,1,1.0,-0.12854037071884777,0.13186398541521982,0.3666017462790533,0.14901818779165113,0.20324281463750646,0.14927326587656933,0.3525160805140758
2025-09-24,2025-09-25,VN:ANV,0.2,0.1651865008880995,1,4.0,-0.10852356093341764,0.12952512309662814,0.36009936988205654,0.14637507280148457,0.21737481329776626,0.14662562092206446,0.36400043421983075
2025-09-24,2025-09-25,VN:DXS,0.2,-0.07307692307692304,1,0.0,-0.10852356093341764,0.12952512309662814,0.36009936988205654,0.14637507280148457,0.21737481329776626,0.14662562092206446,0.36400043421983075
2025-09-24,2025-09-25,VN:GEX,0.2,0.06477542677200154,1,3.0,-0.11965615334176105,0.13323601286196632,0.3512221365438618,0.16051482197553982,0.21201604831123064,0.1430109803074014,0.355027028618632
2025-09-24,2025-09-25,VN:CII,0.2,0.09836065573770503,1,3.0,-0.12152229249477386,0.12899480760097504,0.36739370226860046,0.14577576518058777,0.2118104249238968,0.14602530002593994,0.35783572494983673
2025-09-24,2025-09-25,VN:PDR,0.2,-0.05210420841683372,1,1.0,-0.12854037071884777,0.13186398541521982,0.3666017462790533,0.14901818779165113,0.20324281463750646,0.14927326587656933,0.3525160805140758
2025-10-06,2025-10-07,VN:ANV,0.2,-0.009493670886075889,1,1.0,-0.09492649420876781,0.13035141320083776,0.3520622060317459,0.14730884573784012,0.222716531834499,0.14756100319507728,0.3702775350295763
2025-10-06,2025-10-07,VN:VIC,0.2,0.1296605453533668,1,4.0,-0.10811978578567505,0.14603403210639954,0.3311058282852173,0.16515839099884033,0.20034939050674438,0.15735235810279846,0.35770174860954285
2025-10-06,2025-10-07,VN:GEX,0.2,0.005438209331652066,1,1.0,-0.12181820338422661,0.13564344154725794,0.3575683342685799,0.14534624354083073,0.21584694730779372,0.14559503333553772,0.36144198064333144
2025-10-06,2025-10-07,VN:CII,0.2,0.06153846153846154,1,3.0,-0.13089508918240395,0.12761851764862187,0.3741432018833398,0.14422043728171477,0.20955053837446755,0.14446730481185602,0.35401784318632357
2025-10-06,2025-10-07,VN:VIX,0.2,-0.082995066508462,1,0.0,-0.15474808907872833,0.14957854820393987,0.35313268094357914,0.1477567470561004,0.2015223593200308,0.14800966447634986,0.34953202379638065
2025-10-16,2025-10-17,VN:GEE,0.2,-0.019167217448777252,1,1.0,-0.09275603570807084,0.14092430892361132,0.34036556900637055,0.1510048553647058,0.20595238226510235,0.16175288444021,0.36770526670531234
2025-10-16,2025-10-17,VN:TCH,0.2,-0.20980392156862748,1,0.0,-0.10713831920715688,0.12787182438564562,0.35550295776869417,0.15727098051799862,0.21460018732249458,0.14475405000516697,0.3593542373276616
2025-10-16,2025-10-17,VN:GEX,0.2,-0.3256907179919287,1,0.0,-0.10840155022738052,0.13650263642515784,0.3495719976786971,0.14626690527399025,0.22114120094267725,0.1465172596794775,0.3676584606221548
2025-10-16,2025-10-17,VN:PDR,0.2,-0.18631178707224338,1,0.0,-0.10852356093341764,0.12952512309662814,0.36009936988205654,0.14637507280148457,0.21737481329776626,0.14662562092206446,0.36400043421983075
2025-10-16,2025-10-17,VN:VIC,0.2,-0.08305959643359917,1,0.0,-0.11013097896976798,0.14875045197083872,0.3372648606111875,0.14962921813682886,0.20407615297919285,0.16027931630195205,0.36435546928114493
2025-10-28,2025-10-29,VN:VIC,0.2,-0.040436165379373,1,1.0,-0.11013097896976798,0.14875045197083872,0.3372648606111875,0.14962921813682886,0.20407615297919285,0.16027931630195205,0.36435546928114493
2025-10-28,2025-10-29,VN:GEE,0.2,-0.03833323463808458,1,1.0,-0.1278726401385975,0.1457847738660228,0.3504780374253674,0.14664600133988256,0.2000074297186391,0.15708375765008817,0.35709118736872725
2025-10-28,2025-10-29,VN:VJC,0.2,-0.059733333333333305,1,0.0,-0.1940872457960507,0.13779447098647674,0.3629049224960024,0.168636836199619,0.21692092196289847,0.11374284835500337,0.33066377031790184
2025-10-28,2025-10-29,VN:LPB,0.2,-0.07387661843107385,1,0.0,-0.19638510779980972,0.13196145489668307,0.3722504218015977,0.17203418061264533,0.20771966158299376,0.11603428110608016,0.3237539426890739
2025-10-28,2025-10-29,VN:BMP,0.2,0.017667890276509723,1,2.0,-0.21973350136280811,0.13577600430440923,0.3791577985506266,0.1661665811911187,0.2068229261110541,0.1120766898427914,0.3188996159538455
2025-11-07,2025-11-10,VN:VIC,0.2,0.2168252378567852,1,4.0,-0.14977181180971577,0.14728513579495453,0.3540850036454946,0.14815521461002848,0.2020658284733568,0.14840881747616555,0.3504746459495224
2025-11-07,2025-11-10,VN:GEE,0.2,0.10254834745488628,1,3.0,-0.158517914392321,0.14577003040567085,0.36072940171851814,0.14663118342505668,0.19998722076396974,0.14688216368678456,0.3468693844507543
2025-11-07,2025-11-10,VN:GEX,0.2,0.026166435689302325,1,2.0,-0.19158404146385313,0.14032885850455934,0.362987827151651,0.16178372984480052,0.2177376663010617,0.11716191819792741,0.3348995844989891
2025-11-07,2025-11-10,VN:VJC,0.2,0.23089887640449436,1,4.0,-0.21135040572361974,0.13484283394408975,0.37655188336455303,0.16502454124500787,0.212274337363586,0.11130640408276338,0.3235807414463494
2025-11-07,2025-11-10,VN:DXS,0.2,0.021671826625387025,1,2.0,-0.23187259984206254,0.14290855611997014,0.36966075942425786,0.1647578453308665,0.2217404064276754,0.1009324326972301,0.3226728391249055
2025-11-19,2025-11-20,VN:BSI,0.2,-0.04825090470446325,1,1.0,-0.11640840942276132,0.13650433922565489,0.34636584440418844,0.16005151212292182,0.21119049506173276,0.14588780918550207,0.35707830424723486
2025-11-19,2025-11-20,VN:VIC,0.2,0.2952380952380953,1,4.0,-0.1278726401385975,0.1457847738660228,0.3504780374253674,0.14664600133988256,0.2000074297186391,0.15708375765008817,0.35709118736872725
2025-11-19,2025-11-20,VN:VIX,0.2,-0.024030713811735605,1,1.0,-0.14346967851325387,0.13724805619192207,0.35501874022213725,0.15823190150010438,0.21295743007894502,0.13654387200689125,0.3495013020858363
2025-11-19,2025-11-20,VN:VSC,0.2,0.008928571428571619,1,1.0,-0.14346967851325387,0.13724805619192207,0.35501874022213725,0.15823190150010438,0.21295743007894502,0.13654387200689125,0.3495013020858363
2025-11-19,2025-11-20,VN:VGC,0.2,-0.03816793893129766,1,1.0,-0.14417481422424316,0.13733269274234772,0.3552376627922058,0.15832948684692383,0.2124720811843872,0.13662807643413544,0.34910015761852264
2025-12-01,2025-12-02,VN:BSI,0.2,-0.03069053708439906,1,1.0,-0.11640840942276132,0.13650433922565489,0.34636584440418844,0.16005151212292182,0.21119049506173276,0.14588780918550207,0.35707830424723486
2025-12-01,2025-12-02,VN:EIB,0.2,-0.0045977011494253706,1,1.0,-0.12046433446715771,0.13700025661288545,0.3476241969634207,0.16063299057038172,0.20832473598459053,0.14641781986872168,0.3547425558533122
2025-12-01,2025-12-02,VN:VCI,0.2,0.023949128747212667,1,2.0,-0.1263359636068344,0.13876809179782867,0.3479025661945343,0.16076162457466125,0.2060326486825943,0.14653506875038147,0.35256771743297577
2025-12-01,2025-12-02,VN:GEE,0.2,-0.15615119347739936,1,0.0,-0.1278726401385975,0.1457847738660228,0.3504780374253674,0.14664600133988256,0.2000074297186391,0.15708375765008817,0.35709118736872725
2025-12-01,2025-12-02,VN:VIC,0.2,0.058910707669507456,1,3.0,-0.1336573431696091,0.15934739057139213,0.3330663542111901,0.1477665217061924,0.2015356748380855,0.15828405867313988,0.35981973351122537
2025-12-11,2025-12-12,VN:VIC,0.2,0.09383561643835603,1,3.0,-0.1336573431696091,0.15934739057139213,0.3330663542111901,0.1477665217061924,0.2015356748380855,0.15828405867313988,0.35981973351122537
2025-12-11,2025-12-12,VN:SJS,0.2,0.01565217391304352,1,2.0,-0.14083092334362635,0.13602178204124515,0.355523358450036,0.1584568070905449,0.21326010564744788,0.13673794677072604,0.34999805241817394
2025-12-11,2025-12-12,VN:DXS,0.2,-0.055384615384615254,1,1.0,-0.14346967851325387,0.13724805619192207,0.35501874022213725,0.15823190150010438,0.21295743007894502,0.13654387200689125,0.3495013020858363
2025-12-11,2025-12-12,VN:VIX,0.2,-0.025624145439813617,1,1.0,-0.14346967851325387,0.13724805619192207,0.35501874022213725,0.15823190150010438,0.21295743007894502,0.13654387200689125,0.3495013020858363
2025-12-11,2025-12-12,VN:VSC,0.2,-0.04245283018867918,1,1.0,-0.14346967851325387,0.13724805619192207,0.35501874022213725,0.15823190150010438,0.21295743007894502,0.13654387200689125,0.3495013020858363
2025-12-23,2025-12-24,VN:VIC,0.2,-0.03649205414949985,1,1.0,-0.1336573431696091,0.15934739057139213,0.3330663542111901,0.1477665217061924,0.2015356748380855,0.15828405867313988,0.35981973351122537
2025-12-23,2025-12-24,VN:DXS,0.2,-0.08794788273615639,1,0.0,-0.1392387408244985,0.13674021849810425,0.35370515722915064,0.15764642782072938,0.21586953950317087,0.13603865694884487,0.35190819645201576
2025-12-23,2025-12-24,VN:VIX,0.2,-0.04392880162625812,1,1.0,-0.14346967851325387,0.13724805619192207,0.35501874022213725,0.15823190150010438,0.21295743007894502,0.13654387200689125,0.3495013020858363
2025-12-23,2025-12-24,VN:VSC,0.2,-0.012019230769230727,1,1.0,-0.14346967851325387,0.13724805619192207,0.35501874022213725,0.15823190150010438,0.21295743007894502,0.13654387200689125,0.3495013020858363
2025-12-23,2025-12-24,VN:VGC,0.2,0.10012062726176119,1,3.0,-0.14417481422424316,0.13733269274234772,0.3552376627922058,0.15832948684692383,0.2124720811843872,0.13662807643413544,0.34910015761852264
2026-01-06,2026-01-07,VN:PAN,0.2,0.08239311163895491,1,3.0,0.019261136651039124,0.12845391035079956,0.32830068469047546,0.14632366597652435,0.18937383592128754,0.20754790306091309,0.3969217389822006
2026-01-06,2026-01-07,VN:VIC,0.2,-0.06932409012131713,1,0.0,-0.11013097896976798,0.14875045197083872,0.3372648606111875,0.14962921813682886,0.20407615297919285,0.16027931630195205,0.36435546928114493
2026-01-06,2026-01-07,VN:BSI,0.2,0.04786860288089945,1,3.0,-0.11981963754237773,0.13828165417070226,0.34668304483046997,0.1576299918404224,0.21138390268731408,0.14602140647109133,0.3574053091584054
2026-01-06,2026-01-07,VN:CTS,0.2,0.06280113659761977,1,3.0,-0.1224620901804539,0.1368852961991639,0.34984951168747214,0.15592798125958499,0.213516407802212,0.143820803051567,0.357337210853779
2026-01-06,2026-01-07,VN:DXG,0.2,-0.05406698564593304,1,1.0,-0.1224620901804539,0.1368852961991639,0.34984951168747214,0.15592798125958499,0.213516407802212,0.143820803051567,0.357337210853779
2026-01-16,2026-01-19,VN:CTS,0.2,-0.06802103431316908,1,0.0,-0.1224620901804539,0.1368852961991639,0.34984951168747214,0.15592798125958499,0.213516407802212,0.143820803051567,0.357337210853779
2026-01-16,2026-01-19,VN:DXG,0.2,-0.04087037434686136,1,1.0,-0.1224620901804539,0.1368852961991639,0.34984951168747214,0.15592798125958499,0.213516407802212,0.143820803051567,0.357337210853779
2026-01-16,2026-01-19,VN:HDC,0.2,0.01646068325327854,1,2.0,-0.1224620901804539,0.1368852961991639,0.34984951168747214,0.15592798125958499,0.213516407802212,0.143820803051567,0.357337210853779
2026-01-16,2026-01-19,VN:PAN,0.2,0.11347982945227941,1,3.0,-0.1224620901804539,0.1368852961991639,0.34984951168747214,0.15592798125958499,0.213516407802212,0.143820803051567,0.357337210853779
2026-01-16,2026-01-19,VN:GVR,0.2,0.19220055710306405,1,4.0,-0.12620241563909007,0.12946557612819742,0.35993384242254967,0.16449622319649984,0.1995461374656517,0.14655822078710137,0.3461043582527531
2026-01-28,2026-01-29,VN:CTS,0.2,-0.0032278088144009898,1,1.0,-0.1224620901804539,0.1368852961991639,0.34984951168747214,0.15592798125958499,0.213516407802212,0.143820803051567,0.357337210853779
2026-01-28,2026-01-29,VN:DXG,0.2,0.036163522012578664,1,2.0,-0.1224620901804539,0.1368852961991639,0.34984951168747214,0.15592798125958499,0.213516407802212,0.143820803051567,0.357337210853779
2026-01-28,2026-01-29,VN:DXS,0.2,0.011019283746556585,1,1.0,-0.1224620901804539,0.1368852961991639,0.34984951168747214,0.15592798125958499,0.213516407802212,0.143820803051567,0.357337210853779
2026-01-28,2026-01-29,VN:HDC,0.2,-0.009303320322942787,1,1.0,-0.1224620901804539,0.1368852961991639,0.34984951168747214,0.15592798125958499,0.213516407802212,0.143820803051567,0.357337210853779
2026-01-28,2026-01-29,VN:PAN,0.2,0.0729956480775269,1,3.0,-0.1224620901804539,0.1368852961991639,0.34984951168747214,0.15592798125958499,0.213516407802212,0.143820803051567,0.357337210853779
2026-02-09,2026-02-10,VN:CTS,0.2,0.03997954138607107,1,2.0,-0.1224620901804539,0.1368852961991639,0.34984951168747214,0.15592798125958499,0.213516407802212,0.143820803051567,0.357337210853779
2026-02-09,2026-02-10,VN:DXG,0.2,-0.029969650986342966,1,1.0,-0.1224620901804539,0.1368852961991639,0.34984951168747214,0.15592798125958499,0.213516407802212,0.143820803051567,0.357337210853779
2026-02-09,2026-02-10,VN:DXS,0.2,-0.0720461095100865,1,0.0,-0.1224620901804539,0.1368852961991639,0.34984951168747214,0.15592798125958499,0.213516407802212,0.143820803051567,0.357337210853779
2026-02-09,2026-02-10,VN:HDC,0.2,-0.11692729766803844,1,0.0,-0.1224620901804539,0.1368852961991639,0.34984951168747214,0.15592798125958499,0.213516407802212,0.143820803051567,0.357337210853779
2026-02-09,2026-02-10,VN:NLG,0.2,-0.06204895469087135,1,0.0,-0.12727224447511892,0.1374718952932389,0.35134874727282683,0.15659617910992565,0.21014606326383165,0.144437115060177,0.35458317832400865
2026-02-26,2026-02-27,VN:PC1,0.2,-0.06914893617021278,1,0.0,-0.10852356093341764,0.12952512309662814,0.36009936988205654,0.14637507280148457,0.21737481329776626,0.14662562092206446,0.36400043421983075
2026-02-26,2026-02-27,VN:PVD,0.2,-0.005347593582887611,1,1.0,-0.11714065074920654,0.13080821931362152,0.3532959818840027,0.1662021428346634,0.20161554217338562,0.14807811379432678,0.3496936559677124
2026-02-26,2026-02-27,VN:VIC,0.2,-0.14328004736530497,1,0.0,-0.12181820338422661,0.13564344154725794,0.3575683342685799,0.14534624354083073,0.21584694730779372,0.14559503333553772,0.36144198064333144
2026-02-26,2026-02-27,VN:CTS,0.2,-0.14620612006916234,1,0.0,-0.1224620901804539,0.1368852961991639,0.34984951168747214,0.15592798125958499,0.213516407802212,0.143820803051567,0.357337210853779
2026-02-26,2026-02-27,VN:DXS,0.2,-0.13324175824175832,1,0.0,-0.1224620901804539,0.1368852961991639,0.34984951168747214,0.15592798125958499,0.213516407802212,0.143820803051567,0.357337210853779
2026-03-10,2026-03-11,VN:CTS,0.2,-0.06296858470171562,1,0.0,-0.1224620901804539,0.1368852961991639,0.34984951168747214,0.15592798125958499,0.213516407802212,0.143820803051567,0.357337210853779
2026-03-10,2026-03-11,VN:DIG,0.2,0.07539682539682557,1,3.0,-0.1224620901804539,0.1368852961991639,0.34984951168747214,0.15592798125958499,0.213516407802212,0.143820803051567,0.357337210853779
2026-03-10,2026-03-11,VN:DXG,0.2,0.04526324830370165,1,3.0,-0.1224620901804539,0.1368852961991639,0.34984951168747214,0.15592798125958499,0.213516407802212,0.143820803051567,0.357337210853779
2026-03-10,2026-03-11,VN:DXS,0.2,0.06218487394957983,1,3.0,-0.1224620901804539,0.1368852961991639,0.34984951168747214,0.15592798125958499,0.213516407802212,0.143820803051567,0.357337210853779
2026-03-10,2026-03-11,VN:HDC,0.2,0.03798063995697776,1,2.0,-0.1224620901804539,0.1368852961991639,0.34984951168747214,0.15592798125958499,0.213516407802212,0.143820803051567,0.357337210853779
2026-03-20,2026-03-23,VN:CTS,0.2,0.045691460860246336,1,3.0,-0.1224620901804539,0.1368852961991639,0.34984951168747214,0.15592798125958499,0.213516407802212,0.143820803051567,0.357337210853779
2026-03-20,2026-03-23,VN:DXG,0.2,-0.007153308405137282,1,1.0,-0.1224620901804539,0.1368852961991639,0.34984951168747214,0.15592798125958499,0.213516407802212,0.143820803051567,0.357337210853779
2026-03-20,2026-03-23,VN:DXS,0.2,0.1298076923076923,1,4.0,-0.1224620901804539,0.1368852961991639,0.34984951168747214,0.15592798125958499,0.213516407802212,0.143820803051567,0.357337210853779
2026-03-20,2026-03-23,VN:HDC,0.2,0.022858644245927318,1,2.0,-0.1224620901804539,0.1368852961991639,0.34984951168747214,0.15592798125958499,0.213516407802212,0.143820803051567,0.357337210853779
2026-03-20,2026-03-23,VN:BMP,0.2,-0.038608840509885,1,1.0,-0.1266623995702743,0.13912663939217806,0.3488014832496201,0.15859320287128678,0.2065649865101282,0.14691368797678686,0.35347867448691506
2026-04-01,2026-04-02,VN:DBC,0.2,0.0,1,1.0,-0.11951269031297129,0.13792744073379873,0.3457950004071742,0.15978774190265324,0.21084244235094723,0.14564737460542657,0.35648981695637383
2026-04-01,2026-04-02,VN:CTS,0.2,-0.03203494721514377,1,1.0,-0.1224620901804539,0.1368852961991639,0.34984951168747214,0.15592798125958499,0.213516407802212,0.143820803051567,0.357337210853779
2026-04-01,2026-04-02,VN:HDC,0.2,-0.007991639515583682,1,1.0,-0.1224620901804539,0.1368852961991639,0.34984951168747214,0.15592798125958499,0.213516407802212,0.143820803051567,0.357337210853779
2026-04-01,2026-04-02,VN:DXG,0.2,0.031109710955343983,1,2.0,-0.14231072790356658,0.1381654035498322,0.35312120178703077,0.15738617352802078,0.21551316128710393,0.13581405984801231,0.3513272211351163
2026-04-01,2026-04-02,VN:VJC,0.2,0.06530713985262282,1,3.0,-0.14346967851325387,0.13724805619192207,0.35501874022213725,0.15823190150010438,0.21295743007894502,0.13654387200689125,0.3495013020858363
2026-04-13,2026-04-14,VN:VRE,0.2,0.22323049001814899,1,4.0,-0.14346967851325387,0.13724805619192207,0.35501874022213725,0.15823190150010438,0.21295743007894502,0.13654387200689125,0.3495013020858363
2026-04-13,2026-04-14,VN:BMP,0.2,0.11940180720514526,1,4.0,-0.19883457863213164,0.14222844686805552,0.3608901986944034,0.1667630461405316,0.21372410279563606,0.1163942055013734,0.33011830829700944
2026-04-13,2026-04-14,VN:VJC,0.2,0.07853407222079345,1,3.0,-0.23187259984206254,0.14290855611997014,0.36966075942425786,0.1647578453308665,0.2217404064276754,0.1009324326972301,0.3226728391249055
2026-04-13,2026-04-14,VN:DGC,0.2,-0.016574585635359074,1,1.0,-0.23267776467435844,0.1396043491245612,0.3794840389336359,0.15902530130819384,0.21775764875881817,0.10412866187479085,0.321886310633609
2026-04-13,2026-04-14,VN:VHM,0.2,0.15541090317331152,1,4.0,-0.24175472917787327,0.14256797943365543,0.37568241917613776,0.16181646528566576,0.2208026233435068,0.09913051276103427,0.3199331361045411
2026-04-23,2026-04-24,VN:BCM,0.2,-0.016574585635359074,1,1.0,-0.12322400877547285,0.13733768872432972,0.3484803840065117,0.1610286283799597,0.2063748450986995,0.1467784537904994,0.3531532988891989
2026-04-23,2026-04-24,VN:PLX,0.2,0.013994910941475869,1,2.0,-0.14346967851325387,0.13724805619192207,0.35501874022213725,0.15823190150010438,0.21295743007894502,0.13654387200689125,0.3495013020858363
2026-04-23,2026-04-24,VN:GAS,0.2,0.08010335917312639,1,3.0,-0.14835693163211539,0.13783465531222008,0.35653612548911756,0.15890819071096465,0.209593552493953,0.13712747599374467,0.3467210284876977
2026-04-23,2026-04-24,VN:VIC,0.2,0.07132867132867138,1,3.0,-0.14977181180971577,0.14728513579495453,0.3540850036454946,0.14815521461002848,0.2020658284733568,0.14840881747616555,0.3504746459495224
2026-04-23,2026-04-24,VN:FPT,0.2,-0.00537590394323928,1,1.0,-0.15622808271986366,0.13441668651128838,0.37084696249435783,0.15322423209584105,0.1995719849999545,0.14194013389855822,0.34151211889851274
2026-05-08,2026-05-11,VN:PLX,0.2,0.06382978723404253,1,3.0,-0.1392387408244985,0.13674021849810425,0.35370515722915064,0.15764642782072938,0.21586953950317087,0.13603865694884487,0.35190819645201576
2026-05-08,2026-05-11,VN:FPT,0.2,0.036165982826445564,1,2.0,-0.14078203682792406,0.13687730651362578,0.35932972188769113,0.1560291442888465,0.20322535653265456,0.14453847077718204,0.34776382730983657
2026-05-08,2026-05-11,VN:GAS,0.2,0.10441767068273089,1,3.0,-0.14346967851325387,0.13724805619192207,0.35501874022213725,0.15823190150010438,0.21295743007894502,0.13654387200689125,0.3495013020858363
2026-05-08,2026-05-11,VN:VIC,0.2,-0.05752212389380529,1,0.0,-0.14977181180971577,0.14728513579495453,0.3540850036454946,0.14815521461002848,0.2020658284733568,0.14840881747616555,0.3504746459495224
2026-05-08,2026-05-11,VN:VHM,0.2,-0.062195121951219456,1,0.0,-0.158517914392321,0.14577003040567085,0.36072940171851814,0.14663118342505668,0.19998722076396974,0.14688216368678456,0.3468693844507543
2026-05-20,2026-05-21,VN:VIC,0.2,,1,,-0.14977181180971577,0.14728513579495453,0.3540850036454946,0.14815521461002848,0.2020658284733568,0.14840881747616555,0.3504746459495224
2026-05-20,2026-05-21,VN:VHM,0.2,,1,,-0.158517914392321,0.14577003040567085,0.36072940171851814,0.14663118342505668,0.19998722076396974,0.14688216368678456,0.3468693844507543
2026-05-20,2026-05-21,VN:LPB,0.2,,1,,-0.19638510779980972,0.13196145489668307,0.3722504218015977,0.17203418061264533,0.20771966158299376,0.11603428110608016,0.3237539426890739
2026-05-20,2026-05-21,VN:DGC,0.2,,1,,-0.19938139023240242,0.1729665049026458,0.3388508755311109,0.14207945340635023,0.20680383721578607,0.13929932894410701,0.3461031661598931
2026-05-20,2026-05-21,VN:HCM,0.2,,1,,-0.20800492942351587,0.13265958922578355,0.3742197891406636,0.17294431376994826,0.20881857755849426,0.1113577303051103,0.32017630786360457
