date,symbol,realized_forward_return,predicted_class,realized_class,score,class_0_prob,class_1_prob,class_2_prob,class_3_prob,class_4_prob,class_3_4_prob,score_prob,target_weight
2021-01-04,VN:PVD,0.2341040462427746,4,4.0,0.587169218636935,0.17396635529549323,0.16124119633848089,0.15867958253564315,0.2109977359623729,0.29511512986800986,0.5061128658303827,0.2971738959717258,0.25
2021-01-04,VN:HCM,-0.03129085679421251,4,0.0,0.5876465326109588,0.17523463777148854,0.16241671909019118,0.1563494135581219,0.20873258074823406,0.29726664883196435,0.5059992295801984,0.29734869276662007,0.25
2021-01-04,VN:HDG,0.024108601363149962,4,2.0,0.5822232278850195,0.1746360484564893,0.1652778511452995,0.1558153308061461,0.20801956641644886,0.2962512031756162,0.5042707695920651,0.293598155199955,0.25
2021-01-04,VN:KBC,0.4252873563218391,4,4.0,0.5631359899511337,0.1757268931824996,0.16730647038380012,0.1567886048076839,0.2093189240890581,0.29085910753695826,0.5001780316260164,0.2816682509915262,0.25
2021-01-14,VN:HDC,-0.10594315245478036,4,0.0,0.7436497620291973,0.1615192616212258,0.1433101913826196,0.1537667982841551,0.207106384740865,0.33429736397113446,0.5414037487119995,0.40261476889139375,0.25
2021-01-14,VN:KBC,0.028485757121439415,4,2.0,0.7416496089346649,0.16108483316130687,0.14292474304027472,0.15604286128346415,0.2065493346236547,0.3333982278912995,0.5399475625149542,0.40045189858444136,0.25
2021-01-14,VN:CTS,-0.30232558139534893,4,0.0,0.7382104286818143,0.1603378480622493,0.14226196494308166,0.15995648264949794,0.2055915116430594,0.3318521927021117,0.5374437043451711,0.396746547376991,0.25
2021-01-14,VN:NKG,-0.09968847352024945,4,0.0,0.7382104286818143,0.1603378480622493,0.14226196494308166,0.15995648264949794,0.2055915116430594,0.3318521927021117,0.5374437043451711,0.396746547376991,0.25
2021-01-26,VN:NKG,-0.07647058823529407,4,0.0,0.7703036035642565,0.156987103178905,0.1414915344341328,0.1597268903214766,0.19980703592012877,0.3419874361453568,0.5417944720654856,0.41734623422323747,0.25
2021-01-26,VN:HDC,0.1130653266331656,4,4.0,0.755542732610025,0.15567814839845454,0.14864980731458047,0.158395077037958,0.19814103251275322,0.33913593473625375,0.537276967249007,0.4059357080037416,0.25
2021-01-26,VN:HDG,-0.02243192235103808,4,0.0,0.755542732610025,0.15567814839845454,0.14864980731458047,0.158395077037958,0.19814103251275322,0.33913593473625375,0.537276967249007,0.4059357080037416,0.25
2021-01-26,VN:PTB,0.024861878453038555,4,2.0,0.7337261259380226,0.15627568261583077,0.1473095202158606,0.1601246523801393,0.2076417114894817,0.32864843329868765,0.5362901447881694,0.3934900903141647,0.25
2021-02-05,VN:VIB,0.23173963744301918,4,4.0,0.7459144854881845,0.15876378899378527,0.14309284941437023,0.15937034073306586,0.20489207484310532,0.3338809460156733,0.5387730208587787,0.4018786006487908,0.25
2021-02-05,VN:SJS,0.12569832402234637,4,4.0,0.7411185574864911,0.15834244067497374,0.14271308907011418,0.1644175995712757,0.20153204207217817,0.3329948286114582,0.5345268706836364,0.3961477833388248,0.25
2021-02-05,VN:DXG,0.02666666666666684,4,2.0,0.7535618731481674,0.15693964765696142,0.14985435380880627,0.1596786004161209,0.19164333604171885,0.34188406207639255,0.5335273981181115,0.40204590550175207,0.25
2021-02-05,VN:HDC,0.05513784461152893,4,3.0,0.7297977209091187,0.15731288492679596,0.14828722178936005,0.16334854066371918,0.20022167265415192,0.3308296799659729,0.5310513526201248,0.3875600668278718,0.25
2021-02-24,VN:VIB,0.161850290989364,4,4.0,0.7459144854881845,0.15876378899378527,0.14309284941437023,0.15937034073306586,0.20489207484310532,0.3338809460156733,0.5387730208587787,0.4018786006487908,0.25
2021-02-24,VN:SJS,-0.02676399026763987,4,0.0,0.755542732610025,0.15567814839845454,0.14864980731458047,0.158395077037958,0.19814103251275322,0.33913593473625375,0.537276967249007,0.4059357080037416,0.25
2021-02-24,VN:HDC,0.08333333333333326,4,4.0,0.7411185574864911,0.15834244067497374,0.14271308907011418,0.1644175995712757,0.20153204207217817,0.3329948286114582,0.5345268706836364,0.3961477833388248,0.25
2021-02-24,VN:NKG,0.3374233128834354,4,4.0,0.7323462694442096,0.15725935208466732,0.14823675818309598,0.1608363014833466,0.20295051647501514,0.330717071773875,0.5336675882488902,0.3908294673773632,0.25
2021-03-08,VN:VIB,0.015044786503174201,4,1.0,0.7503086179494858,0.1630716621875763,0.14047029614448547,0.15857402980327606,0.19836489856243134,0.33951911330223083,0.5378840118646622,0.4035790095592995,0.25
2021-03-08,VN:DCM,0.014925373134328401,4,1.0,0.7436799632406246,0.15828820591306073,0.1426641898553315,0.1618885498676136,0.2042782990849525,0.33288075527904165,0.5371590543639941,0.39947442580378384,0.25
2021-03-08,VN:VPB,0.06655586613280962,4,3.0,0.7411185574864911,0.15834244067497374,0.14271308907011418,0.1644175995712757,0.20153204207217817,0.3329948286114582,0.5345268706836364,0.3961477833388248,0.25
2021-03-08,VN:DGW,0.06761501755649602,4,3.0,0.7482829615985465,0.16439458237902574,0.1416098731276431,0.15986047208725,0.19186160886700127,0.3422734635390799,0.5341350724060812,0.39968417387367644,0.25
2021-03-18,VN:VPB,0.013080801199073289,4,1.0,0.7703036035642565,0.156987103178905,0.1414915344341328,0.1597268903214766,0.19980703592012877,0.3419874361453568,0.5417944720654856,0.41734623422323747,0.25
2021-03-18,VN:VIB,0.16503978344680492,4,4.0,0.7509988323151717,0.16262087710561982,0.14008199095970364,0.15813567215608573,0.20058090092482866,0.3385805588537621,0.5391614597785908,0.4049096267230651,0.25
2021-03-18,VN:NKG,0.06181015452538641,4,3.0,0.7503086179494858,0.1630716621875763,0.14047029614448547,0.15857402980327606,0.19836489856243134,0.33951911330223083,0.5378840118646622,0.4035790095592995,0.25
2021-03-18,VN:DCM,0.028653295128939993,4,2.0,0.7485654465640403,0.16209396961471392,0.1396280994955912,0.16086344660615096,0.19993098378078616,0.3374835005027577,0.5374144842835439,0.4022899134176945,0.25
2021-03-30,VN:NKG,0.0903225806451613,4,4.0,0.7503086179494858,0.1630716621875763,0.14047029614448547,0.15857402980327606,0.19836489856243134,0.33951911330223083,0.5378840118646622,0.4035790095592995,0.25
2021-03-30,VN:LPB,0.07222457328255039,4,3.0,0.7436799632406246,0.15828820591306073,0.1426641898553315,0.1618885498676136,0.2042782990849525,0.33288075527904165,0.5371590543639941,0.39947442580378384,0.25
2021-03-30,VN:VPB,0.11236970118137601,4,4.0,0.7418456000639677,0.15789776020937443,0.1423122925255386,0.16395585727560094,0.2037744284801015,0.33205966150938454,0.535834089989486,0.39750616202298034,0.25
2021-03-30,VN:SHB,0.10643591130340724,4,4.0,0.7415380593446765,0.1596109199697858,0.14385635507748923,0.16324134931379486,0.19762893627752648,0.3356624393614036,0.5332913756389301,0.3954558517565452,0.25
2021-04-09,VN:LPB,0.1266469481043293,4,4.0,0.7527897394777874,0.16300868745135236,0.1404160538253776,0.15612804657030036,0.20105923412651966,0.33938797802645,0.5404472121529696,0.4068431160381305,0.25
2021-04-09,VN:NKG,0.034482758620689724,4,2.0,0.7503086179494858,0.1630716621875763,0.14047029614448547,0.15857402980327606,0.19836489856243134,0.33951911330223083,0.5378840118646622,0.4035790095592995,0.25
2021-04-09,VN:EVF,-0.08800000000000008,4,0.0,0.7436799632406246,0.15828820591306073,0.1426641898553315,0.1618885498676136,0.2042782990849525,0.33288075527904165,0.5371590543639941,0.39947442580378384,0.25
2021-04-09,VN:DCM,-0.09776536312849171,4,0.0,0.7401203849893752,0.15796506169490424,0.1444143929419757,0.16155805943074733,0.20386127823797945,0.33220120769439326,0.5360624859323727,0.3967507734666292,0.25
2021-04-22,VN:SHB,-0.05881813176729678,4,0.0,0.7684265707667683,0.1582699990530312,0.14264780070412456,0.16103216765773046,0.193267864089193,0.34478216849592075,0.5380500325851137,0.41345194144032693,0.25
2021-04-22,VN:NKG,0.27091633466135456,4,4.0,0.7503086179494858,0.1630716621875763,0.14047029614448547,0.15857402980327606,0.19836489856243134,0.33951911330223083,0.5378840118646622,0.4035790095592995,0.25
2021-04-22,VN:SJS,0.06465517241379315,4,3.0,0.7297977209091187,0.15731288492679596,0.14828722178936005,0.16334854066371918,0.20022167265415192,0.3308296799659729,0.5310513526201248,0.3875600668278718,0.25
2021-04-22,VN:LPB,0.1808151609553479,4,4.0,0.7052778320883736,0.16067584577243832,0.14039108784754967,0.17780498465023867,0.19818181685426012,0.32294626487551326,0.5211280817297734,0.3675400837227474,0.25
2021-05-06,VN:HSG,0.08884607150503099,4,4.0,0.7503086179494858,0.1630716621875763,0.14047029614448547,0.15857402980327606,0.19836489856243134,0.33951911330223083,0.5378840118646622,0.4035790095592995,0.25
2021-05-06,VN:NKG,0.08896797153024916,4,4.0,0.7503086179494858,0.1630716621875763,0.14047029614448547,0.15857402980327606,0.19836489856243134,0.33951911330223083,0.5378840118646622,0.4035790095592995,0.25
2021-05-06,VN:LPB,0.12507333098674178,4,4.0,0.7482366263866425,0.16262134909629822,0.14008238911628723,0.1608976125717163,0.1978171169757843,0.33858153223991394,0.5363986492156982,0.4013531156875061,0.25
2021-05-06,VN:STB,0.18442622950819665,4,4.0,0.7327602992540554,0.15734824303763742,0.1483205534768022,0.16036192833837973,0.20306524331770476,0.33090403182947586,0.5339692751471806,0.3912714858493191,0.25
2021-05-18,VN:FTS,0.4811798099469333,4,4.0,0.767782699581723,0.15647334093560786,0.14102848084313394,0.1624767953526496,0.1991531431548766,0.340868239713732,0.5400213828686086,0.4146190751707155,0.25
2021-05-18,VN:SHB,0.10583596214511037,4,4.0,0.7684265707667683,0.1582699990530312,0.14264780070412456,0.16103216765773046,0.193267864089193,0.34478216849592075,0.5380500325851137,0.41345194144032693,0.25
2021-05-18,VN:HSG,0.15735522736105723,4,4.0,0.7503086179494858,0.1630716621875763,0.14047029614448547,0.15857402980327606,0.19836489856243134,0.33951911330223083,0.5378840118646622,0.4035790095592995,0.25
2021-05-18,VN:NKG,0.09309791332263262,4,4.0,0.735818937420845,0.16172170639038086,0.14758577942848206,0.15726129710674286,0.19672276079654694,0.3367084562778473,0.5334312170743942,0.3925087913347889,0.25
2021-05-28,VN:FTS,0.32173405909797825,4,4.0,0.7703036035642565,0.156987103178905,0.1414915344341328,0.1597268903214766,0.19980703592012877,0.3419874361453568,0.5417944720654856,0.41734623422323747,0.25
2021-05-28,VN:NKG,0.029968454258675115,4,2.0,0.7503086179494858,0.1630716621875763,0.14047029614448547,0.15857402980327606,0.19836489856243134,0.33951911330223083,0.5378840118646622,0.4035790095592995,0.25
2021-05-28,VN:VND,0.550473826053842,4,4.0,0.7503086179494858,0.1630716621875763,0.14047029614448547,0.15857402980327606,0.19836489856243134,0.33951911330223083,0.5378840118646622,0.4035790095592995,0.25
2021-05-28,VN:LPB,0.03573296147812455,4,2.0,0.7482366263866425,0.16262134909629822,0.14008238911628723,0.1608976125717163,0.1978171169757843,0.33858153223991394,0.5363986492156982,0.4013531156875061,0.25
2021-06-09,VN:FTS,0.3007185310032823,4,4.0,0.755542732610025,0.15567814839845454,0.14864980731458047,0.158395077037958,0.19814103251275322,0.33913593473625375,0.537276967249007,0.4059357080037416,0.25
2021-06-09,VN:NKG,0.053968253968254,4,3.0,0.7411185574864911,0.15834244067497374,0.14271308907011418,0.1644175995712757,0.20153204207217817,0.3329948286114582,0.5345268706836364,0.3961477833388248,0.25
2021-06-09,VN:SJS,0.10056925996204935,4,4.0,0.7323462694442096,0.15725935208466732,0.14823675818309598,0.1608363014833466,0.20295051647501514,0.330717071773875,0.5336675882488902,0.3908294673773632,0.25
2021-06-09,VN:HSG,0.05080641674233588,4,3.0,0.735818937420845,0.16172170639038086,0.14758577942848206,0.15726129710674286,0.19672276079654694,0.3367084562778473,0.5334312170743942,0.3925087913347889,0.25
2021-06-21,VN:SJS,-0.09238249594813619,4,0.0,0.7478707358875651,0.16254183165604377,0.14001389920670093,0.16130791123783852,0.1977203876459483,0.3384159702534684,0.5361363578994167,0.4009606925183158,0.25
2021-06-21,VN:HCM,0.16439039600873095,4,4.0,0.7323462694442096,0.15725935208466732,0.14823675818309598,0.1608363014833466,0.20295051647501514,0.330717071773875,0.5336675882488902,0.3908294673773632,0.25
2021-06-21,VN:FTS,0.03734524051146737,4,2.0,0.735818937420845,0.16172170639038086,0.14758577942848206,0.15726129710674286,0.19672276079654694,0.3367084562778473,0.5334312170743942,0.3925087913347889,0.25
2021-06-21,VN:HSG,-0.07820554123711343,4,0.0,0.735818937420845,0.16172170639038086,0.14758577942848206,0.15726129710674286,0.19672276079654694,0.3367084562778473,0.5334312170743942,0.3925087913347889,0.25
2021-07-01,VN:NKG,-0.1607142857142856,4,0.0,0.7503086179494858,0.1630716621875763,0.14047029614448547,0.15857402980327606,0.19836489856243134,0.33951911330223083,0.5378840118646622,0.4035790095592995,0.25
2021-07-01,VN:LPB,-0.14544564152791384,4,0.0,0.7411185574864911,0.15834244067497374,0.14271308907011418,0.1644175995712757,0.20153204207217817,0.3329948286114582,0.5345268706836364,0.3961477833388248,0.25
2021-07-01,VN:FTS,-0.20431423052157116,4,0.0,0.735818937420845,0.16172170639038086,0.14758577942848206,0.15726129710674286,0.19672276079654694,0.3367084562778473,0.5334312170743942,0.3925087913347889,0.25
2021-07-01,VN:HCM,-0.1759320147706004,4,0.0,0.735818937420845,0.16172170639038086,0.14758577942848206,0.15726129710674286,0.19672276079654694,0.3367084562778473,0.5334312170743942,0.3925087913347889,0.25
2021-07-13,VN:SJS,0.04166666666666674,4,2.0,0.7305516222283728,0.15687396099787834,0.14787348055462482,0.16289277860202725,0.20245315737882724,0.3299066224666423,0.5323597798454696,0.3889163007752472,0.25
2021-07-13,VN:FTS,0.03168529006581955,4,2.0,0.714687937060358,0.1559387696999678,0.1557269198975885,0.16192169004912108,0.19847273235104285,0.32793988800227974,0.5264126203533226,0.3762207496828536,0.25
2021-07-13,VN:SSI,0.04245898583146901,4,2.0,0.714687937060358,0.1559387696999678,0.1557269198975885,0.16192169004912108,0.19847273235104285,0.32793988800227974,0.5264126203533226,0.3762207496828536,0.25
2021-07-13,VN:VCI,-0.09394432220415183,4,0.0,0.706795149839069,0.16309616973709554,0.14884011003851563,0.16185804719155886,0.1983947098733571,0.32781096315947283,0.52620567303283,0.3719196175174072,0.25
2021-07-23,VN:HDG,0.11006507592190884,4,4.0,0.7345323741972019,0.15772876848558046,0.14867924818452813,0.1583313714711981,0.20355633811159454,0.33170427374709877,0.5352606118586933,0.39316624804281297,0.25
2021-07-23,VN:HDC,0.10499139414802072,4,4.0,0.7379664253582485,0.16219369060378344,0.14801650190402574,0.15480177565818357,0.1972968935160903,0.3376911383179169,0.5349880318340072,0.39480320546198716,0.25
2021-07-23,VN:SJS,0.02400000000000002,4,2.0,0.7125912947566615,0.16335241253148894,0.14716499824576082,0.15967343509683854,0.20148317215616746,0.3283259819697442,0.5298091541259117,0.37753739111251505,0.25
2021-07-23,VN:VND,0.23021582733812962,4,4.0,0.6447752469066494,0.1621716743384052,0.15820409121805293,0.171828461113148,0.1980323165948344,0.30976345673555944,0.5077957733303938,0.3274141451272577,0.25
2021-08-04,VN:HDC,0.05263157894736836,4,3.0,0.7338037709535292,0.16127880398269903,0.14718158981745214,0.15956928311494836,0.196184000259161,0.33578632282573945,0.5319703230849004,0.3903618291150672,0.25
2021-08-04,VN:VCI,0.16290596676737157,4,4.0,0.7297977209091187,0.15731288492679596,0.14828722178936005,0.16334854066371918,0.20022167265415192,0.3308296799659729,0.5310513526201248,0.3875600668278718,0.25
2021-08-04,VN:FTS,0.3275402765444628,4,4.0,0.7211646205533928,0.16446927679983606,0.1416742098830405,0.16322072336735496,0.20006499290660001,0.33057079704316844,0.5306357899497685,0.3826757581111746,0.25
2021-08-04,VN:DGW,0.06344110187176932,4,3.0,0.7125912947566615,0.16335241253148894,0.14716499824576082,0.15967343509683854,0.20148317215616746,0.3283259819697442,0.5298091541259117,0.37753739111251505,0.25
2021-08-16,VN:FTS,0.0722519654656828,4,3.0,0.735818937420845,0.16172170639038086,0.14758577942848206,0.15726129710674286,0.19672276079654694,0.3367084562778473,0.5334312170743942,0.3925087913347889,0.25
2021-08-16,VN:HDC,-0.004524886877827927,4,1.0,0.7338037709535292,0.16127880398269903,0.14718158981745214,0.15956928311494836,0.196184000259161,0.33578632282573945,0.5319703230849004,0.3903618291150672,0.25
2021-08-16,VN:DCM,0.10874200426439229,4,4.0,0.7297977209091187,0.15731288492679596,0.14828722178936005,0.16334854066371918,0.20022167265415192,0.3308296799659729,0.5310513526201248,0.3875600668278718,0.25
2021-08-16,VN:DIG,0.05162241887905594,4,3.0,0.7211646205533928,0.16446927679983606,0.1416742098830405,0.16322072336735496,0.20006499290660001,0.33057079704316844,0.5306357899497685,0.3826757581111746,0.25
2021-08-26,VN:FTS,0.12614732878324308,4,4.0,0.735818937420845,0.16172170639038086,0.14758577942848206,0.15726129710674286,0.19672276079654694,0.3367084562778473,0.5334312170743942,0.3925087913347889,0.25
2021-08-26,VN:NKG,0.21468144044321313,4,4.0,0.7237141579389572,0.16441334784030914,0.1416260302066803,0.16071048378944397,0.20279176533222198,0.3304583728313446,0.5332501381635666,0.3859206747118782,0.25
2021-08-26,VN:DCM,0.03519668737060022,4,2.0,0.7297977209091187,0.15731288492679596,0.14828722178936005,0.16334854066371918,0.20022167265415192,0.3308296799659729,0.5310513526201248,0.3875600668278718,0.25
2021-08-26,VN:SSI,0.02437964280069549,4,2.0,0.7108576128993506,0.16295497881077325,0.1468069487747424,0.1617179142660835,0.20099297757478157,0.3275271805736193,0.5285201581484009,0.3757025779905595,0.25
2021-09-09,VN:FTS,-0.04586334959058569,4,0.0,0.735818937420845,0.16172170639038086,0.14758577942848206,0.15726129710674286,0.19672276079654694,0.3367084562778473,0.5334312170743942,0.3925087913347889,0.25
2021-09-09,VN:NKG,0.008403361344537785,4,1.0,0.735818937420845,0.16172170639038086,0.14758577942848206,0.15726129710674286,0.19672276079654694,0.3367084562778473,0.5334312170743942,0.3925087913347889,0.25
2021-09-09,VN:DGW,0.17031956270366866,4,4.0,0.7334479202843893,0.16120058538318552,0.14711021106109337,0.1599768573042282,0.1960888683213125,0.3356234779301804,0.5317123462514929,0.3899833145476906,0.25
2021-09-09,VN:DCM,-0.08064516129032251,4,0.0,0.7172194188004559,0.15588614809173787,0.15567438768370115,0.1594318646023233,0.2011783480995401,0.32782925152269754,0.5290075996222376,0.37941452314208557,0.25
2021-09-21,VN:HDC,0.2071330589849112,4,4.0,0.7532027921138945,0.163098134259963,0.1404931035417421,0.155665003255084,0.20116955632703498,0.3395742026161759,0.5407437589432109,0.40728970905418915,0.25
2021-09-21,VN:DCM,0.18016194331983804,4,4.0,0.7323462694442096,0.15725935208466732,0.14823675818309598,0.1608363014833466,0.20295051647501514,0.330717071773875,0.5336675882488902,0.3908294673773632,0.25
2021-09-21,VN:FTS,-0.05424222161035275,4,0.0,0.735818937420845,0.16172170639038086,0.14758577942848206,0.15726129710674286,0.19672276079654694,0.3367084562778473,0.5334312170743942,0.3925087913347889,0.25
2021-09-21,VN:NKG,0.060439560439560225,4,3.0,0.735818937420845,0.16172170639038086,0.14758577942848206,0.15726129710674286,0.19672276079654694,0.3367084562778473,0.5334312170743942,0.3925087913347889,0.25
2021-10-01,VN:HDC,0.24966974900924677,4,4.0,0.7482366263866425,0.16262134909629822,0.14008238911628723,0.1608976125717163,0.1978171169757843,0.33858153223991394,0.5363986492156982,0.4013531156875061,0.25
2021-10-01,VN:DCM,0.15248226950354615,4,4.0,0.7411185574864911,0.15834244067497374,0.14271308907011418,0.1644175995712757,0.20153204207217817,0.3329948286114582,0.5345268706836364,0.3961477833388248,0.25
2021-10-01,VN:NKG,0.1875,4,4.0,0.735818937420845,0.16172170639038086,0.14758577942848206,0.15726129710674286,0.19672276079654694,0.3367084562778473,0.5334312170743942,0.3925087913347889,0.25
2021-10-01,VN:DPM,0.16272965879265078,4,4.0,0.7389967856259592,0.15788912067312952,0.14230450351665153,0.16680981963232966,0.20095506902239907,0.3320414871554902,0.5329965561778893,0.3938827417651662,0.25
2021-10-13,VN:EVF,0.19354838709677424,4,4.0,0.7703036035642565,0.156987103178905,0.1414915344341328,0.1597268903214766,0.19980703592012877,0.3419874361453568,0.5417944720654856,0.41734623422323747,0.25
2021-10-13,VN:DCM,0.07246376811594213,4,3.0,0.755542732610025,0.15567814839845454,0.14864980731458047,0.158395077037958,0.19814103251275322,0.33913593473625375,0.537276967249007,0.4059357080037416,0.25
2021-10-13,VN:HDG,0.024851776902048428,4,2.0,0.7323462694442096,0.15725935208466732,0.14823675818309598,0.1608363014833466,0.20295051647501514,0.330717071773875,0.5336675882488902,0.3908294673773632,0.25
2021-10-13,VN:HDC,0.14132762312633806,4,4.0,0.735818937420845,0.16172170639038086,0.14758577942848206,0.15726129710674286,0.19672276079654694,0.3367084562778473,0.5334312170743942,0.3925087913347889,0.25
2021-10-25,VN:EVF,0.034482758620689724,4,2.0,0.7703036035642565,0.156987103178905,0.1414915344341328,0.1597268903214766,0.19980703592012877,0.3419874361453568,0.5417944720654856,0.41734623422323747,0.25
2021-10-25,VN:FRT,0.15856236786469347,4,4.0,0.7323462694442096,0.15725935208466732,0.14823675818309598,0.1608363014833466,0.20295051647501514,0.330717071773875,0.5336675882488902,0.3908294673773632,0.25
2021-10-25,VN:DPM,0.19866814650388442,4,4.0,0.735818937420845,0.16172170639038086,0.14758577942848206,0.15726129710674286,0.19672276079654694,0.3367084562778473,0.5334312170743942,0.3925087913347889,0.25
2021-10-25,VN:NKG,-0.06130268199233713,4,0.0,0.735818937420845,0.16172170639038086,0.14758577942848206,0.15726129710674286,0.19672276079654694,0.3367084562778473,0.5334312170743942,0.3925087913347889,0.25
2021-11-04,VN:EVF,0.061797752808989026,4,3.0,0.755542732610025,0.15567814839845454,0.14864980731458047,0.158395077037958,0.19814103251275322,0.33913593473625375,0.537276967249007,0.4059357080037416,0.25
2021-11-04,VN:FTS,-0.03547694863630069,4,0.0,0.7482829615985465,0.16439458237902574,0.1416098731276431,0.15986047208725,0.19186160886700127,0.3422734635390799,0.5341350724060812,0.39968417387367644,0.25
2021-11-04,VN:DGW,0.2612665684830633,4,4.0,0.7297977209091187,0.15731288492679596,0.14828722178936005,0.16334854066371918,0.20022167265415192,0.3308296799659729,0.5310513526201248,0.3875600668278718,0.25
2021-11-04,VN:GEX,0.5355822287957221,4,4.0,0.7347301503230654,0.15638329321717162,0.14094731421690157,0.1719747658368165,0.20181991460651033,0.32887471212259994,0.5306946267291103,0.38991734287232227,0.25
2021-11-16,VN:HAG,0.06280193236715004,4,3.0,0.7703036035642565,0.156987103178905,0.1414915344341328,0.1597268903214766,0.19980703592012877,0.3419874361453568,0.5417944720654856,0.41734623422323747,0.25
2021-11-16,VN:EVF,0.016393442622950838,4,1.0,0.755542732610025,0.15567814839845454,0.14864980731458047,0.158395077037958,0.19814103251275322,0.33913593473625375,0.537276967249007,0.4059357080037416,0.25
2021-11-16,VN:PVD,-0.13707165109034258,4,0.0,0.755542732610025,0.15567814839845454,0.14864980731458047,0.158395077037958,0.19814103251275322,0.33913593473625375,0.537276967249007,0.4059357080037416,0.25
2021-11-16,VN:VND,0.11798561151079134,4,4.0,0.7489559911035895,0.16395500546626754,0.14123121114419715,0.15943300961603238,0.19402255407009356,0.34135821970340935,0.5353807737735029,0.40097663803934047,0.25
2021-11-26,VN:EVF,0.0888888888888888,4,4.0,0.7411185574864911,0.15834244067497374,0.14271308907011418,0.1644175995712757,0.20153204207217817,0.3329948286114582,0.5345268706836364,0.3961477833388248,0.25
2021-11-26,VN:DBC,0.01953125,4,2.0,0.7311936398984897,0.15742516048475622,0.15031793265587293,0.15802660113493797,0.20316451182471182,0.3310657938997211,0.5342303057244329,0.39062580178673106,0.25
2021-11-26,VN:HDG,0.027404553853863423,4,2.0,0.7323462694442096,0.15725935208466732,0.14823675818309598,0.1608363014833466,0.20295051647501514,0.330717071773875,0.5336675882488902,0.3908294673773632,0.25
2021-11-26,VN:SSI,-0.014939684503556983,4,1.0,0.7202208703822157,0.16408014786482297,0.14336561093823944,0.16038479388906937,0.20238078243675178,0.3297886648711164,0.5321694473078682,0.3832795425308955,0.25
2021-12-08,VN:EVF,-0.09661835748792269,4,0.0,0.7703036035642565,0.156987103178905,0.1414915344341328,0.1597268903214766,0.19980703592012877,0.3419874361453568,0.5417944720654856,0.41734623422323747,0.25
2021-12-08,VN:HAG,0.4387031408308004,4,4.0,0.7703036035642565,0.156987103178905,0.1414915344341328,0.1597268903214766,0.19980703592012877,0.3419874361453568,0.5417944720654856,0.41734623422323747,0.25
2021-12-08,VN:SJS,-0.039215686274509776,4,0.0,0.7436799632406246,0.15828820591306073,0.1426641898553315,0.1618885498676136,0.2042782990849525,0.33288075527904165,0.5371590543639941,0.39947442580378384,0.25
2021-12-08,VN:HDG,0.029605657437372646,4,2.0,0.7305516222283728,0.15687396099787834,0.14787348055462482,0.16289277860202725,0.20245315737882724,0.3299066224666423,0.5323597798454696,0.3889163007752472,0.25
2021-12-20,VN:POW,0.054823544991061235,4,3.0,0.7681610366154026,0.1565504418775571,0.14109798196250148,0.1620640952010183,0.19925127027187556,0.34103621068704754,0.5402874809589231,0.415027791443731,0.25
2021-12-20,VN:HAG,0.11372549019607847,4,4.0,0.755542732610025,0.15567814839845454,0.14864980731458047,0.158395077037958,0.19814103251275322,0.33913593473625375,0.537276967249007,0.4059357080037416,0.25
2021-12-20,VN:SSI,-0.029879369007114076,4,0.0,0.7286719977855682,0.15692579746246338,0.15004335343837738,0.16049516201019287,0.20252005755901337,0.330015629529953,0.5325356870889664,0.38804384300322736,0.25
2021-12-20,VN:EVF,-0.1428571428571428,4,0.0,0.7305516222283728,0.15687396099787834,0.14787348055462482,0.16289277860202725,0.20245315737882724,0.3299066224666423,0.5323597798454696,0.3889163007752472,0.25
2021-12-30,VN:SJS,0.07848101265822782,4,4.0,0.7286719977855682,0.15692579746246338,0.15004335343837738,0.16049516201019287,0.20252005755901337,0.330015629529953,0.5325356870889664,0.38804384300322736,0.25
2021-12-30,VN:POW,-0.11744339034692897,4,0.0,0.718680954536228,0.15491953953860818,0.1547090904327956,0.15873511608645666,0.20583981889008937,0.3257964350520502,0.5316362539421395,0.38207685044920137,0.25
2021-12-30,VN:HAG,0.04561403508771922,4,2.0,0.7336936702384602,0.16302272920344366,0.14877307636697704,0.1585264378566509,0.19026053235323032,0.33941722421969805,0.5296777565729284,0.3886212172636655,0.25
2021-12-30,VN:FRT,-0.2535885167464116,4,0.0,0.7143448782809843,0.16830153512505389,0.14642734607417365,0.1560269272919457,0.1951786399606073,0.33406555154821943,0.5292441915088267,0.37806287756429074,0.25
2022-01-12,VN:SJS,-0.029761904761904767,4,0.0,0.7345323741972019,0.15772876848558046,0.14867924818452813,0.1583313714711981,0.20355633811159454,0.33170427374709877,0.5352606118586933,0.39316624804281297,0.25
2022-01-12,VN:STB,0.02449567723342927,4,2.0,0.7323462694442096,0.15725935208466732,0.14823675818309598,0.1608363014833466,0.20295051647501514,0.330717071773875,0.5336675882488902,0.3908294673773632,0.25
2022-01-12,VN:EVF,-0.17847769028871385,4,0.0,0.7297977209091187,0.15731288492679596,0.14828722178936005,0.16334854066371918,0.20022167265415192,0.3308296799659729,0.5310513526201248,0.3875600668278718,0.25
2022-01-12,VN:HAG,-0.20538720538720534,4,0.0,0.7336936702384602,0.16302272920344366,0.14877307636697704,0.1585264378566509,0.19026053235323032,0.33941722421969805,0.5296777565729284,0.3886212172636655,0.25
2022-01-24,VN:HSG,0.21298495645289006,4,4.0,0.6374153440805577,0.16792662691960672,0.1523712151105883,0.17275916297374908,0.19759458597890417,0.3093484090171517,0.5069429949960559,0.3231332435846394,0.25
2022-01-24,VN:NKG,0.30148270181219106,4,4.0,0.6324690282344818,0.17021743953227997,0.15444982051849365,0.1751158982515335,0.1866483986377716,0.31356844305992126,0.5002168416976929,0.31637165977506143,0.25
2022-01-24,VN:SZC,0.06666666666666687,4,3.0,0.619799518880241,0.15602213376793464,0.16356189792695489,0.18104481966860322,0.2013538807832283,0.2980172678532789,0.4993711486365072,0.30950999766758047,0.25
2022-01-24,VN:HPG,0.13021629888573294,4,4.0,0.5504843540706196,0.17701003746733238,0.15854125433599595,0.18434553672427847,0.1886319155379496,0.29147125593444356,0.4801031714723932,0.2642892842352363,0.25
2022-02-10,VN:SZC,0.03333333333333344,4,2.0,0.7172194188004559,0.15588614809173787,0.15567438768370115,0.1594318646023233,0.2011783480995401,0.32782925152269754,0.5290075996222376,0.37941452314208557,0.25
2022-02-10,VN:FRT,0.2608247422680412,4,4.0,0.706795149839069,0.16309616973709554,0.14884011003851563,0.16185804719155886,0.1983947098733571,0.32781096315947283,0.52620567303283,0.3719196175174072,0.25
2022-02-10,VN:BCM,-0.022279975447623834,4,0.0,0.6609815952620625,0.1713962184516885,0.15226953412307206,0.16160885221997734,0.19406630966363742,0.3206590855416247,0.5147253952052622,0.34022401284466974,0.25
2022-02-10,VN:NKG,0.154248366013072,4,4.0,0.6243266109276804,0.165955233066607,0.15058243499074034,0.18807633501405024,0.1896692393670863,0.3057167575615161,0.4953859969286024,0.30928266056346465,0.25
2022-02-22,VN:FRT,0.1051724137931036,4,4.0,0.735818937420845,0.16172170639038086,0.14758577942848206,0.15726129710674286,0.19672276079654694,0.3367084562778473,0.5334312170743942,0.3925087913347889,0.25
2022-02-22,VN:BCM,-0.101596404215747,4,0.0,0.6648455064044743,0.17095070567873996,0.15187374794859446,0.15820610051732956,0.19914383592772972,0.3198256099276063,0.518969445855336,0.34503450403814023,0.25
2022-02-22,VN:DXG,0.03350515463917514,4,2.0,0.6587478271313336,0.162236255970057,0.15292812655973245,0.16846082853584246,0.2064879505859621,0.30988683834840597,0.5163747889343681,0.34016077019591595,0.25
2022-02-22,VN:SZC,-0.05641025641025643,4,0.0,0.6426428694714399,0.15977423607293828,0.15955721555160948,0.1692882702926518,0.2061961385397377,0.3051841395430627,0.5113802780828004,0.32863488929823376,0.25
2022-03-04,VN:DXG,0.027272727272727337,4,2.0,0.7272385331732691,0.1565736313205824,0.14950484859176658,0.16258092987920658,0.20206556310956644,0.329275027098878,0.5313405902084445,0.3864113514386083,0.25
2022-03-04,VN:FRT,0.09999999999999987,4,4.0,0.7143448782809843,0.16830153512505389,0.14642734607417365,0.1560269272919457,0.1951786399606073,0.33406555154821943,0.5292441915088267,0.37806287756429074,0.25
2022-03-04,VN:VHC,0.06483790523690769,4,3.0,0.7172194188004559,0.15588614809173787,0.15567438768370115,0.1594318646023233,0.2011783480995401,0.32782925152269754,0.5290075996222376,0.37941452314208557,0.25
2022-03-04,VN:DPM,0.09452736318407973,4,4.0,0.708985041215793,0.16300843898964582,0.14896081609965586,0.15933722495045102,0.2010589122930007,0.32763460766724656,0.5286935199602473,0.37483579703953857,0.25
2022-03-16,VN:VHC,0.13668224299065423,4,4.0,0.7154770833927828,0.15550745791930767,0.15529620416021042,0.16147385297009567,0.20068962572977506,0.32703285922061115,0.5277224849503862,0.37757334437309403,0.25
2022-03-16,VN:FRT,0.11583577712609983,4,4.0,0.7120649857511374,0.1696447853796961,0.14759601432687022,0.1572722024131983,0.18875521140165313,0.3367317864785822,0.5254869978802353,0.3741808916579977,0.25
2022-03-16,VN:DPM,0.09350237717908083,4,4.0,0.6977440312840935,0.16193623599505072,0.15455861159326714,0.15828916194604095,0.19973642826473076,0.3254795622009104,0.5252159904656412,0.36646632248236444,0.25
2022-03-16,VN:DCM,0.006849315068492956,4,1.0,0.6780517000250266,0.15486712523002735,0.15687434141525117,0.17346292475666217,0.19986326694692275,0.31493234165113654,0.5147956085980593,0.34905803757533227,0.25
2022-03-28,VN:VHC,0.06321243523316045,4,3.0,0.7347160845376811,0.16205962767930504,0.14752628739805726,0.15719790053973046,0.19664346292718665,0.3365727214557206,0.5332161843829073,0.3917625072019319,0.25
2022-03-28,VN:DGC,0.05236847849814463,4,3.0,0.7143448782809843,0.16830153512505389,0.14642734607417365,0.1560269272919457,0.1951786399606073,0.33406555154821943,0.5292441915088267,0.37806287756429074,0.25
2022-03-28,VN:FRT,0.06990291262135928,4,3.0,0.7120649857511374,0.1696447853796961,0.14759601432687022,0.1572722024131983,0.18875521140165313,0.3367317864785822,0.5254869978802353,0.3741808916579977,0.25
2022-03-28,VN:DXG,-0.13019693654266962,4,0.0,0.7110417697144082,0.15681595077562185,0.15884839471722825,0.16038281203457153,0.19416823071742745,0.3297846117551509,0.5239528424725783,0.3725523563585967,0.25
2022-04-07,VN:FRT,-0.046052631578947345,4,0.0,0.7120649857511374,0.1696447853796961,0.14759601432687022,0.1572722024131983,0.18875521140165313,0.3367317864785822,0.5254869978802353,0.3741808916579977,0.25
2022-04-07,VN:VHC,-0.006681514476614803,4,1.0,0.6949754817027815,0.16188328691795262,0.154123745297957,0.16025473893827524,0.19917444285040092,0.32456378599541424,0.5237382288458152,0.363985227878282,0.25
2022-04-07,VN:DGC,0.0,4,1.0,0.674922033775358,0.16811976575316046,0.15297689350052654,0.1590622741403159,0.19769237051789296,0.32214869608810415,0.5198410666059972,0.35085218991367095,0.25
2022-04-07,VN:CII,-0.2698412698412699,4,0.0,0.6237097121390616,0.16375539194808578,0.1501561597036171,0.19441445751233272,0.18682265838452156,0.30485133245144286,0.4916739908359644,0.30666184329056295,0.25
2022-04-20,VN:ANV,-0.00717948717948691,4,1.0,0.7275849729776382,0.15860113501548767,0.14950156211853027,0.16468621790409088,0.19367222487926483,0.33353886008262634,0.5272110849618912,0.38359086300550893,0.25
2022-04-20,VN:VHC,-0.041353383458646586,4,0.0,0.7056947096333697,0.163436410375887,0.14877959864169957,0.1617922460765802,0.19831405284532827,0.32767769206050495,0.5259917449058332,0.3711895916908714,0.25
2022-04-20,VN:FRT,-0.2682926829268293,4,0.0,0.7120649857511374,0.1696447853796961,0.14759601432687022,0.1572722024131983,0.18875521140165313,0.3367317864785822,0.5254869978802353,0.3741808916579977,0.25
2022-04-20,VN:VCG,-0.11165048543689304,4,0.0,0.6796213978698226,0.16940820949934976,0.15724673164277977,0.14809795552054247,0.20002838075034107,0.3252187225869869,0.525247103337328,0.35696917059719,0.25
2022-05-04,VN:VHC,-0.14326923076923093,4,0.0,0.6941359444578878,0.16232887152327405,0.15454796186906042,0.160695838342545,0.19697016771093262,0.3254571605541879,0.5224273282651205,0.3626355869159204,0.25
2022-05-04,VN:FRT,-0.3119847812301837,4,0.0,0.6927682459354401,0.16329586505889893,0.15585629642009735,0.16205620765686035,0.19057931005954742,0.32821232080459595,0.5187916308641434,0.3594023681197389,0.25
2022-05-04,VN:DGC,-0.11027458875942442,4,0.0,0.6740339696407318,0.16857905685901642,0.15339481830596924,0.15949682891368866,0.19550049304962158,0.3230288028717041,0.5185292959213257,0.3495063597048649,0.25
2022-05-04,VN:VCG,-0.12599681020733655,4,0.0,0.6616348424797482,0.1666041786462691,0.16138141097696737,0.1554611944475948,0.19671751851912617,0.31983569741004253,0.5165532159291687,0.3417696056537029,0.25
2022-05-16,VN:MSB,0.11780821917808182,4,4.0,0.7982549548409141,0.16976068660973478,0.1575739062193944,0.14840608614078035,0.1387138644052466,0.38554545662484385,0.5242593210300904,0.41849260063380317,0.25
2022-05-16,VN:HSG,0.14144708608703116,4,4.0,0.7742962024896205,0.17395990115284626,0.15784560614364165,0.14636955101399277,0.14270660706480168,0.37911833462471767,0.5218249416895193,0.4040470707145625,0.25
2022-05-16,VN:SHB,0.22225642604278906,4,4.0,0.7779130786657333,0.17213670909404755,0.15784145891666412,0.14821061491966248,0.1427028477191925,0.37910836935043335,0.5218112170696259,0.4059237703529459,0.25
2022-05-16,VN:VCG,0.19127653606440487,4,4.0,0.7690331855704431,0.1732637234549605,0.1593782705253878,0.1476213739031144,0.14213549667193007,0.37760113544460727,0.5197366321165373,0.39969471785423416,0.25
2022-05-26,VN:HSG,-0.0714229775236902,4,0.0,0.65164819878864,0.16856485354058662,0.15456621118536276,0.1611343002150312,0.20192989406094114,0.31380474099807826,0.5157346350590194,0.3360775459891266,0.25
2022-05-26,VN:VCG,-0.10780669144981414,4,0.0,0.65164819878864,0.16856485354058662,0.15456621118536276,0.1611343002150312,0.20192989406094114,0.31380474099807826,0.5157346350590194,0.3360775459891266,0.25
2022-05-26,VN:PLX,-0.012925969447708519,4,1.0,0.646113941760569,0.17726317312215525,0.16044533491798244,0.14705272238035086,0.1923153429078362,0.32292342667167523,0.5152387695795114,0.3329029523608837,0.25
2022-05-26,VN:TCB,-0.0190812720848057,4,0.0,0.646113941760569,0.17726317312215525,0.16044533491798244,0.14705272238035086,0.1923153429078362,0.32292342667167523,0.5152387695795114,0.3329029523608837,0.25
2022-06-07,VN:DGC,-0.0408365874644252,4,0.0,0.708480600886336,0.16429461293973605,0.1480138279793586,0.16304738576639613,0.19442443259918046,0.3302197407153287,0.5246441733145092,0.37170021916137846,0.25
2022-06-07,VN:HPG,-0.1319905721019926,4,0.0,0.6598980578825746,0.18212526222503503,0.1563126374939395,0.1377252874795219,0.19552460928896326,0.3283122035125403,0.5238368128015036,0.34567889541511004,0.25
2022-06-07,VN:ANV,-0.035472972972972916,4,0.0,0.7123720668332536,0.15720451431247506,0.1569909508829742,0.1632360122659199,0.1919667606373572,0.3306017619012736,0.5225685225386308,0.3722632184628441,0.25
2022-06-07,VN:VHC,-0.17894736842105263,4,0.0,0.7123720668332536,0.15720451431247506,0.1569909508829742,0.1632360122659199,0.1919667606373572,0.3306017619012736,0.5225685225386308,0.3722632184628441,0.25
2022-06-17,VN:VIB,0.16708373435996138,4,4.0,0.7179098511365101,0.17028569667679974,0.15640876721117594,0.13570057941375435,0.19896242919676216,0.33864252750150775,0.5376049566982699,0.3859518944335049,0.25
2022-06-17,VN:MSB,0.07788161993769482,4,4.0,0.7982549548409141,0.16976068660973478,0.1575739062193944,0.14840608614078035,0.1387138644052466,0.38554545662484385,0.5242593210300904,0.41849260063380317,0.25
2022-06-17,VN:OCB,0.05882352941176472,4,3.0,0.7982549548409141,0.16976068660973478,0.1575739062193944,0.14840608614078035,0.1387138644052466,0.38554545662484385,0.5242593210300904,0.41849260063380317,0.25
2022-06-17,VN:ANV,-0.2990580847723705,4,0.0,0.7123720668332536,0.15720451431247506,0.1569909508829742,0.1632360122659199,0.1919667606373572,0.3306017619012736,0.5225685225386308,0.3722632184628441,0.25
2022-06-29,VN:HPG,0.019810762862211728,4,2.0,0.6508917555478737,0.17974959849565025,0.1609949666558196,0.1359287838914628,0.19929701683810402,0.3240296341189633,0.5233266509570673,0.3406290025664349,0.25
2022-06-29,VN:SSI,0.06834886716678046,4,3.0,0.682317600353849,0.1679145768842657,0.15236028219879935,0.15685746774930362,0.19904799159085712,0.3238196815767742,0.5228676731676314,0.35676181605833884,0.25
2022-06-29,VN:VCG,0.07567448869995741,4,3.0,0.7779130786657333,0.17213670909404755,0.15784145891666412,0.14821061491966248,0.1427028477191925,0.37910836935043335,0.5218112170696259,0.4059237703529459,0.25
2022-06-29,VN:OCB,0.0,4,1.0,0.6681928933349055,0.16825553036878393,0.16298099590753,0.147090262789589,0.1986673414111439,0.3230058695229532,0.5216732109340971,0.34857833218936485,0.25
2022-07-11,VN:MSB,0.09696969696969693,4,4.0,0.6681928933349055,0.16825553036878393,0.16298099590753,0.147090262789589,0.1986673414111439,0.3230058695229532,0.5216732109340971,0.34857833218936485,0.25
2022-07-11,VN:OCB,0.047761194029850795,4,2.0,0.6681928933349055,0.16825553036878393,0.16298099590753,0.147090262789589,0.1986673414111439,0.3230058695229532,0.5216732109340971,0.34857833218936485,0.25
2022-07-11,VN:NAB,0.05199732202633345,4,3.0,0.663458297602211,0.16973141088681534,0.16269180421071952,0.14682926456375814,0.1983148187147799,0.32243270162392706,0.520747520338707,0.3454942633244913,0.25
2022-07-11,VN:HPG,-0.03630262355094571,4,0.0,0.6486703455448151,0.18089336156845093,0.16201940178871155,0.13679370284080505,0.19420206546783447,0.326091468334198,0.5202935338020325,0.3374989863560973,0.25
2022-07-21,VN:HPG,0.03964914360220484,4,2.0,0.6411676513800724,0.17880108419653523,0.16014542698426762,0.1467778340942313,0.1919558587087435,0.32231979601622235,0.5142756547249658,0.32973691370195535,0.25
2022-07-21,VN:HSG,0.13391530460624068,4,4.0,0.6459038800880892,0.17194544035115003,0.15601775282647837,0.15972768008303165,0.19555743330057612,0.3167516934387638,0.5123091267393399,0.3309024527654803,0.25
2022-07-21,VN:VCG,0.14216867469879513,4,4.0,0.6457779854536057,0.16704636812210083,0.15317384898662567,0.168691024184227,0.20011085271835327,0.31097790598869324,0.5110887587070465,0.33004986898582045,0.25
2022-07-21,VN:SSI,0.1572402163985105,4,4.0,0.6439784308066263,0.16658087819431178,0.15274701205255145,0.17100756634805647,0.1995532154837198,0.3101113279213605,0.5096645434050803,0.3282129728997793,0.25
2022-08-02,VN:HPG,0.0545764305017038,4,3.0,0.6440567821264267,0.17960678040981293,0.16086706519126892,0.14293313026428223,0.19282083213329315,0.3237721920013428,0.5165930241346359,0.3327152407931131,0.25
2022-08-02,VN:DXS,0.05714285714285716,4,3.0,0.6412987655594762,0.16856159520986072,0.15294736851673377,0.16815795254942703,0.19981496333800203,0.3105181203859764,0.5103330837239785,0.32727597661634816,0.25
2022-08-02,VN:HSG,0.15304606240713214,4,4.0,0.6405462229170469,0.17051917060436053,0.15472359724754695,0.1666976337626929,0.193935316891442,0.3141242814939576,0.5080595983853996,0.3254356567625195,0.25
2022-08-02,VN:NKG,0.12661498708010366,4,4.0,0.6388391512978331,0.1673552791072345,0.15345710058638154,0.1752867944453122,0.19234783374226588,0.3115529921188059,0.5039008258610718,0.32191157593136427,0.25
2022-08-12,VN:VGC,0.018099547511312153,4,2.0,0.6200484597668512,0.16871380303162922,0.16062686858693156,0.16701654592107099,0.19641270648203174,0.30723007597833646,0.5036427824603682,0.3122829315372426,0.25
2022-08-12,VN:HDG,0.03667977018445723,4,2.0,0.31864006276846113,0.19548883126642796,0.18291691490760192,0.17762928240386494,0.21968013702869824,0.22428483439340693,0.44396497142210517,0.14146502636093763,0.25
2022-08-12,VN:DBC,0.07663551401869162,3,4.0,0.3228749084901051,0.19074116931469992,0.1803601411038658,0.18648097196938054,0.2212678823063952,0.22114983530565852,0.44241771761205373,0.142845580088393,0.25
2022-08-24,VN:VGC,-0.12857142857142856,4,0.0,0.6916721864293842,0.16363643353635718,0.1557928495972283,0.1619902575312593,0.19050173745306936,0.3280787218820858,0.5185804593351552,0.35868768014790114,0.25
2022-08-24,VN:BCM,0.022468046761992877,4,2.0,0.6087645979041547,0.16330926363630985,0.15771076318190638,0.18066272408757691,0.20092892946196989,0.29738831963223694,0.4983172490942068,0.30335789977353933,0.25
2022-08-24,VN:TLG,0.19096682053505387,4,4.0,0.4851932227611542,0.15786735713481903,0.1713818460702896,0.20758210122585297,0.20859815180301666,0.25457054376602173,0.4631686955690384,0.22472631208522165,0.25
2022-09-07,VN:DGC,-0.008478290816645861,4,1.0,0.6186311954667809,0.16649323205670022,0.15107059028534323,0.1931636275898329,0.18256470016942322,0.3067078498987004,0.48927255006812365,0.30267926255772376,0.25
2022-09-07,VN:VSC,0.017931034482758568,4,2.0,0.49770776192660204,0.17573685158475408,0.16114261026042953,0.18703298924715864,0.2089692856832168,0.267118263224441,0.4760875489076578,0.23695246844795206,0.25
2022-09-07,VN:TLG,-0.016670747178882284,4,1.0,0.48684154490108655,0.1584036452053891,0.1719640591155273,0.2048901407453376,0.209306785186923,0.255435369746823,0.46474215493374604,0.22625578868860505,0.25
2022-09-07,VN:GMD,0.0010311289468549756,4,1.0,0.3768929411572043,0.18714139702058122,0.16785376524271511,0.1924689051122474,0.21928914871614347,0.2332467839083128,0.45253593262445624,0.17055759862614975,0.25
2022-09-19,VN:BCM,-0.0729662606960425,4,0.0,0.6941359444578878,0.16232887152327405,0.15454796186906042,0.160695838342545,0.19697016771093262,0.3254571605541879,0.5224273282651205,0.3626355869159204,0.25
2022-09-19,VN:ANV,-0.19094922737306852,4,0.0,0.6308567633969557,0.16978352755953288,0.15405611234736108,0.17721864052955388,0.186172613913637,0.31276910564991517,0.49894171956355216,0.31476075832757405,0.25
2022-09-19,VN:DGC,-0.18297172003969986,4,0.0,0.5649276971817017,0.17428910732269287,0.15814431011676788,0.18294110894203186,0.19111309945583344,0.29351237416267395,0.4846254736185074,0.2737783528068949,0.25
2022-09-19,VN:VSC,0.05532001373906348,4,3.0,0.44471460580825806,0.18230275809764862,0.16351383924484253,0.18749253451824188,0.21361932158470154,0.25307154655456543,0.46669086813926697,0.20754424545886785,0.25
2022-09-29,VN:DGC,0.1446255449281022,4,4.0,0.6392117494462171,0.16782547283432672,0.15388823816346767,0.17439193763744923,0.1914660604079655,0.31242829095679087,0.5038943513647564,0.3220951898719327,0.25
2022-09-29,VN:ANV,-0.0756192959582791,4,0.0,0.6312362159604399,0.16915388153264102,0.1534847892301561,0.1775509688623105,0.18820115643439955,0.3116092039404928,0.49981036037489235,0.3154984005808708,0.25
2022-09-29,VN:FRT,0.12394366197183104,4,4.0,0.4761367291212082,0.18321265280246735,0.1626119762659073,0.18810927867889404,0.1965121328830719,0.2695539593696594,0.4660660922527313,0.22191118471951876,0.25
2022-10-11,VN:KDH,-0.05737704918032793,4,0.0,0.7780195590558583,0.18064540893801165,0.15504250161413105,0.14045642525637783,0.13860705701421286,0.3852486071772666,0.5238556641914794,0.4075699528631686,0.25
2022-10-11,VN:KBC,-0.1954022988505747,4,0.0,0.6856764601815275,0.16612229993757158,0.15232650708665688,0.1587994224011984,0.19900387229019595,0.32374789828437717,0.5227517705745731,0.3584385836011993,0.25
2022-10-11,VN:NLG,-0.012738853503184822,4,1.0,0.7779130786657333,0.17213670909404755,0.15784145891666412,0.14821061491966248,0.1427028477191925,0.37910836935043335,0.5218112170696259,0.4059237703529459,0.25
2022-10-11,VN:TCB,-0.04791066282420753,4,0.0,0.7770390957593918,0.18144328892230988,0.1557273119688034,0.14107680320739746,0.13480240106582642,0.38695019483566284,0.5217525959014893,0.40542216532940856,0.25
2022-10-21,VN:KDH,-0.14884696016771493,4,0.0,0.8026147037744522,0.17326976358890533,0.1591496616601944,0.13807860016822815,0.14010101556777954,0.3894009590148926,0.5295019745826721,0.4249860704776589,0.25
2022-10-21,VN:TCB,0.054554034922132955,4,3.0,0.7800557380898077,0.18214770608700198,0.1563318772217072,0.13774224705272176,0.13532574071509418,0.38845242892347487,0.523778169638569,0.40857616671274244,0.25
2022-10-21,VN:DXS,-0.3563829787234043,4,0.0,0.7742962024896205,0.17395990115284626,0.15784560614364165,0.14636955101399277,0.14270660706480168,0.37911833462471767,0.5218249416895193,0.4040470707145625,0.25
2022-10-21,VN:GVR,-0.13576158940397343,4,0.0,0.7742962024896205,0.17395990115284626,0.15784560614364165,0.14636955101399277,0.14270660706480168,0.37911833462471767,0.5218249416895193,0.4040470707145625,0.25
2022-11-02,VN:KDH,-0.03913043478260858,4,0.0,0.8026147037744522,0.17326976358890533,0.1591496616601944,0.13807860016822815,0.14010101556777954,0.3894009590148926,0.5295019745826721,0.4249860704776589,0.25
2022-11-02,VN:TCB,-0.09915087057209027,4,0.0,0.7810266814094788,0.1813436231617759,0.15564175645895703,0.13713420050446096,0.1391427877162153,0.3867376321585908,0.5258804198748062,0.4107266391530432,0.25
2022-11-02,VN:VTP,-0.2378268010120289,4,0.0,0.7962570874767627,0.1718972674577614,0.15788901322749296,0.14490600362139952,0.13899125573012994,0.3863164599632162,0.5253077156933461,0.4182799917270551,0.25
2022-11-02,VN:HT1,-0.15940594059405944,4,0.0,0.682317600353849,0.1679145768842657,0.15236028219879935,0.15685746774930362,0.19904799159085712,0.3238196815767742,0.5228676731676314,0.35676181605833884,0.25
2022-11-14,VN:NAB,0.06242707117852975,4,3.0,0.6946217657738396,0.17756691045859724,0.15240032516716942,0.1380628157239313,0.19687696704635121,0.3350929816039508,0.531969948650302,0.3695179050700916,0.25
2022-11-14,VN:MBB,0.14473684210526327,4,4.0,0.6734267321187228,0.16957343356728105,0.16425759356062442,0.1404095974381448,0.2002234667439699,0.32553590868997984,0.5257593754339498,0.3540604180792655,0.25
2022-11-14,VN:PLX,0.1132075471698113,4,4.0,0.7767280571677702,0.1809059435399158,0.1576796668076416,0.1368032138587002,0.13880695816299193,0.38580421763075046,0.5246111757937424,0.40748021934277306,0.25
2022-11-14,VN:TCB,0.1666828935838769,4,4.0,0.7767280571677702,0.1809059435399158,0.1576796668076416,0.1368032138587002,0.13880695816299193,0.38580421763075046,0.5246111757937424,0.40748021934277306,0.25
2022-11-24,VN:TCB,0.22804449648711955,4,4.0,0.8026147037744522,0.17326976358890533,0.1591496616601944,0.13807860016822815,0.14010101556777954,0.3894009590148926,0.5295019745826721,0.4249860704776589,0.25
2022-11-24,VN:NAB,0.16878787878787893,4,4.0,0.6801467293544627,0.17223752058260205,0.1582015352905254,0.14112453583254028,0.2012429595364022,0.32719344875793005,0.5284364082943322,0.3594142947732096,0.25
2022-11-24,VN:PLX,0.13090909090909086,4,4.0,0.6712246588237483,0.17171825980300484,0.16459623469699128,0.13684219529754504,0.2006362587403136,0.3262070514621452,0.5268433102024588,0.35363022114421955,0.25
2022-11-24,VN:PDR,0.11913357400722036,4,4.0,0.7962570874767627,0.1718972674577614,0.15788901322749296,0.14490600362139952,0.13899125573012994,0.3863164599632162,0.5253077156933461,0.4182799917270551,0.25
2022-12-06,VN:SJS,-0.0486257928118391,4,0.0,0.6686457395553589,0.1710585057735443,0.16396385431289673,0.1401585042476654,0.1998654007911682,0.32495373487472534,0.5248191356658936,0.3509180791001256,0.25
2022-12-06,VN:PDR,-0.17419354838709677,4,0.0,0.7742962024896205,0.17395990115284626,0.15784560614364165,0.14636955101399277,0.14270660706480168,0.37911833462471767,0.5218249416895193,0.4040470707145625,0.25
2022-12-06,VN:HT1,0.0,4,1.0,0.6459237678624323,0.16977726429037046,0.15405041438491388,0.16215873247858084,0.20125602785515867,0.3127575609909761,0.5140135888461348,0.3320135940399865,0.25
2022-12-06,VN:PTB,0.06380528865242585,4,3.0,0.6453372783264113,0.16962309434448322,0.1539105348871728,0.16291950885831577,0.20107329191376705,0.31247356999626114,0.5135468619100282,0.331410934158087,0.25
2022-12-16,VN:SJS,-0.06889352818371586,4,0.0,0.6686457395553589,0.1710585057735443,0.16396385431289673,0.1401585042476654,0.1998654007911682,0.32495373487472534,0.5248191356658936,0.3509180791001256,0.25
2022-12-16,VN:PDR,0.034482758620689724,4,2.0,0.7742962024896205,0.17395990115284626,0.15784560614364165,0.14636955101399277,0.14270660706480168,0.37911833462471767,0.5218249416895193,0.4040470707145625,0.25
2022-12-16,VN:EVF,0.11724137931034484,4,4.0,0.6488078385591507,0.17053531110286713,0.15473826229572296,0.15841776132583618,0.20215463638305664,0.3141540288925171,0.5163086652755737,0.334985109146805,0.25
2022-12-16,VN:DIG,-0.17368421052631566,4,0.0,0.6459038800880892,0.17194544035115003,0.15601775282647837,0.15972768008303165,0.19555743330057612,0.3167516934387638,0.5123091267393399,0.3309024527654803,0.25
2022-12-28,VN:SJS,0.03076923076923066,4,2.0,0.6664489606983806,0.17049651101971433,0.16342516486980266,0.14298343871509192,0.1992087542892807,0.32388613110611036,0.5230948853953911,0.34861604271839686,0.25
2022-12-28,VN:PDR,0.01858736059479571,4,2.0,0.7742962024896205,0.17395990115284626,0.15784560614364165,0.14636955101399277,0.14270660706480168,0.37911833462471767,0.5218249416895193,0.4040470707145625,0.25
2022-12-28,VN:MWG,-0.025581395348837188,4,0.0,0.6453372783264113,0.16962309434448322,0.1539105348871728,0.16291950885831577,0.20107329191376705,0.31247356999626114,0.5135468619100282,0.331410934158087,0.25
2022-12-28,VN:CTD,0.06303854875283443,4,3.0,0.6459038800880892,0.17194544035115003,0.15601775282647837,0.15972768008303165,0.19555743330057612,0.3167516934387638,0.5123091267393399,0.3309024527654803,0.25
2023-01-10,VN:PDR,-0.0350877192982455,4,0.0,0.7742962024896205,0.17395990115284626,0.15784560614364165,0.14636955101399277,0.14270660706480168,0.37911833462471767,0.5218249416895193,0.4040470707145625,0.25
2023-01-10,VN:VTP,0.03686978392591733,4,2.0,0.6459038800880892,0.17194544035115003,0.15601775282647837,0.15972768008303165,0.19555743330057612,0.3167516934387638,0.5123091267393399,0.3309024527654803,0.25
2023-01-10,VN:SIP,0.23152443143436163,4,4.0,0.6453262067634793,0.1717916454641766,0.15587820344981854,0.1604792350602036,0.19538252346787638,0.31646839255792486,0.5118509160258012,0.3303108100673425,0.25
2023-01-10,VN:MWG,0.18246445497630326,4,4.0,0.6428741120863839,0.16897566364741826,0.1533230818312901,0.16611453643270527,0.20030581652662433,0.31128090156196203,0.5115867180885864,0.32888585714638713,0.25
2023-01-27,VN:PDR,-0.22627737226277367,4,0.0,0.7742962024896205,0.17395990115284626,0.15784560614364165,0.14636955101399277,0.14270660706480168,0.37911833462471767,0.5218249416895193,0.4040470707145625,0.25
2023-01-27,VN:DIG,-0.1795665634674921,4,0.0,0.6359969878793212,0.17194823664503936,0.15445703037892236,0.16641044368728333,0.19360118815897126,0.31358310112978366,0.5071842892887549,0.32256768028736243,0.25
2023-01-27,VN:EIB,-0.17996289424860845,4,0.0,0.6384087055921555,0.16724252700805664,0.1533537060022354,0.17584244906902313,0.19221824407577515,0.31134307384490967,0.5035613179206848,0.32147792916002427,0.25
2023-01-27,VN:VTP,-0.06992741848120465,4,0.0,0.49164847297000186,0.18244757976461082,0.1638883476870008,0.17657163476092166,0.2054226665880879,0.2716697711993788,0.4770924377874667,0.2345617685037436,0.25
2023-02-08,VN:PDR,-0.14574898785425083,4,0.0,0.7701993538350157,0.17303947330834835,0.15701044394029182,0.15088614146920407,0.14195153972723157,0.3771124015549242,0.5190639412821558,0.39978271217457295,0.25
2023-02-08,VN:EIB,-0.06097608472173399,4,0.0,0.6391191780567169,0.16798870265483856,0.152427539229393,0.170985147356987,0.19913585484027863,0.3094627559185028,0.5085986107587814,0.3250551260689405,0.25
2023-02-08,VN:DGW,-0.04435363301106354,4,0.0,0.6384087055921555,0.16724252700805664,0.1533537060022354,0.17584244906902313,0.19221824407577515,0.31134307384490967,0.5035613179206848,0.32147792916002427,0.25
2023-02-08,VN:DGC,-0.08000985241897418,4,0.0,0.48546040058135986,0.1806209534406662,0.16200534999370575,0.18576283752918243,0.20306245982646942,0.2685483992099762,0.4716108590364456,0.22894839654635213,0.25
2023-02-20,VN:PDR,0.012820512820512775,4,1.0,0.7701993538350157,0.17303947330834835,0.15701044394029182,0.15088614146920407,0.14195153972723157,0.3771124015549242,0.5190639412821558,0.39978271217457295,0.25
2023-02-20,VN:BID,0.016949152542372836,4,1.0,0.3997731149230434,0.1733193222683769,0.1794982078746228,0.1850208612528315,0.23028742923904316,0.2318741793651256,0.46216160860416877,0.18475978586953296,0.25
2023-02-20,VN:HT1,0.009708737864077666,4,1.0,0.36849658740306784,0.18373319780429,0.1795762804087442,0.18510133303852874,0.2196141514124595,0.23197503733597752,0.451589188748437,0.16640907496191892,0.25
2023-03-02,VN:BID,-0.022629310344827624,4,0.0,0.361095772434582,0.18035609336299122,0.1766796042030873,0.1944903967301725,0.22346707687379763,0.22500682882995138,0.448473905703749,0.16194203139684915,0.25
2023-03-02,VN:MSN,0.03164556962025311,4,2.0,0.34060557186603546,0.19016696512699127,0.17973819375038147,0.182865709066391,0.22050485014915466,0.2267242819070816,0.44722913205623627,0.15232873427916505,0.25
2023-03-02,VN:SBT,-0.07569990696100815,3,0.0,0.3261420276526523,0.1926712479891441,0.18218516627781836,0.17824911377947542,0.22350686297596378,0.22338760897759835,0.44689447195356213,0.1457510692296961,0.25
2023-03-14,VN:PDR,0.05084745762711873,4,3.0,0.764361709356308,0.16957297921180725,0.1523233950138092,0.15398240089416504,0.15826630592346191,0.3658549189567566,0.5241212248802185,0.4006181953593657,0.25
2023-03-14,VN:DIG,0.17272727272727284,4,4.0,0.6307152007626773,0.17052027837217268,0.15317432810625922,0.17333309610684358,0.19199340331544584,0.31097889409927865,0.5029722974147245,0.31723227354199296,0.25
2023-03-14,VN:VIC,0.013207547169811429,4,1.0,0.6196986919551697,0.17565426753921115,0.1557506071254792,0.17213342106739943,0.18131363932232974,0.3151480649455805,0.49646170426791025,0.3076566687406583,0.25
2023-03-14,VN:VHC,-0.029090909090908945,4,0.0,0.4974926635996601,0.1781624082004665,0.16336673254718284,0.18289687957023262,0.20476886324928906,0.27080511643282895,0.475573979682118,0.2365945658907475,0.25
2023-03-24,VN:DIG,0.3725490196078429,4,4.0,0.6307152007626773,0.17052027837217268,0.15317432810625922,0.17333309610684358,0.19199340331544584,0.31097889409927865,0.5029722974147245,0.31723227354199296,0.25
2023-03-24,VN:DGW,0.03323288129917956,4,2.0,0.4890527801356796,0.1819575401848921,0.1632041906833024,0.179737505618669,0.2045651196753216,0.27053564383781487,0.47510076351313646,0.23234934924068343,0.25
2023-03-24,VN:VHC,0.032727272727272716,4,2.0,0.4876010792314846,0.18141737309966424,0.16271970923662618,0.18217250433307133,0.2039578526622377,0.2697325606684005,0.4736904133306382,0.2309719567616272,0.25
2023-03-24,VN:GEX,0.08121957468613883,4,4.0,0.4339469288877685,0.1884731976460397,0.16560496636636504,0.1820395317977597,0.20757431101164686,0.2563079931781887,0.46388230418983556,0.20130030126856074,0.25
2023-04-05,VN:BSI,0.1423076923076927,4,4.0,0.42524468487897443,0.1731547337850302,0.17895642613069299,0.18484517105615864,0.21931021425231334,0.24373345477580483,0.46304366902811817,0.19690685912106623,0.25
2023-04-05,VN:CTS,0.00867052023121384,4,1.0,0.3652215410835009,0.18496540740029238,0.17863357599477697,0.18412963104634378,0.22151411239844895,0.23075727316013792,0.45227138555858687,0.1651792524216773,0.25
2023-04-05,VN:VHC,0.10053859964093359,4,4.0,0.37444296295450796,0.19041950149448955,0.17079403232958768,0.18737549242188814,0.21407846149451457,0.23733251225952004,0.4514109737540346,0.16902766252264034,0.25
2023-04-17,VN:BSI,0.09814814814814832,4,4.0,0.3937627375125885,0.1752719283103943,0.18114455044269562,0.18710529804229736,0.22199176251888275,0.23448646068572998,0.45647822320461273,0.1797441147839307,0.25
2023-04-17,VN:MSN,-0.05121638924455829,4,0.0,0.37479245104204933,0.19005857124837383,0.16868813084530634,0.18646794279712522,0.22037917047174022,0.23440618463745438,0.4547853551091946,0.17045011793940384,0.25
2023-04-17,VN:DGW,0.007637798616709768,4,1.0,0.3499340914179994,0.19422994843467994,0.17239047843799707,0.1857317564745509,0.21607949161647994,0.23156832503629216,0.4476478166527721,0.15664723199563899,0.25
2023-04-27,VN:CTD,0.07925431671165906,4,4.0,0.691536083817482,0.1619449108839035,0.15418240427970886,0.16363903880119324,0.19554631412029266,0.32468733191490173,0.5202336460351944,0.35976033824926845,0.25
2023-04-27,VN:MSN,0.012448132780083165,4,1.0,0.6461956553728037,0.16715441395112254,0.15327290962229803,0.16815335798035028,0.20024028122067034,0.3111790372255588,0.5114193184462291,0.3304769416536736,0.25
2023-04-27,VN:BSI,-0.006968641114982521,4,1.0,0.5003256946705075,0.17307018717914263,0.17052696137049908,0.1761383063751964,0.21190030241309696,0.26836424266206493,0.4802645450751619,0.24028869214034562,0.25
2023-04-27,VN:DGW,-0.010468594217347915,4,1.0,0.4798323965122581,0.18510297879269783,0.16264365128744687,0.17878435019301325,0.20386252689771275,0.2696064928291293,0.4734690197268421,0.22718577440984025,0.25
2023-05-12,VN:CTD,0.013933372296902391,4,1.0,0.7049802050736578,0.16383318847169262,0.149140792327237,0.16218501571096502,0.196367818063018,0.3284731854270873,0.5248410034901053,0.37000251827151875,0.25
2023-05-12,VN:BSI,0.1144781144781144,4,4.0,0.6293842306916646,0.15917659821580057,0.16450994716555037,0.17215121769454428,0.20011966824174915,0.30404256868235563,0.5041622369241048,0.3173117616302664,0.25
2023-05-12,VN:BMP,0.0249810882606476,4,2.0,0.46355908526961126,0.16511791206369197,0.17089312504709697,0.2069901433442469,0.20315421209540016,0.253844607449564,0.45699881954496413,0.21184595475755572,0.25
2023-05-12,VN:MSN,-0.021505376344086113,4,0.0,0.37861508695207663,0.1879965094923453,0.1686207528206818,0.18877901418177806,0.22029115587906772,0.23431256762612712,0.45460372350519485,0.17211982830365716,0.25
2023-05-24,VN:CTD,0.02624280420444225,4,2.0,0.6925308005134643,0.16318075115709377,0.1553589976525456,0.16153913495631314,0.19275602411097253,0.32716509212307493,0.5199211162340475,0.3600613868294188,0.25
2023-05-24,VN:BSI,0.06209150326797386,4,3.0,0.6293842306916646,0.15917659821580057,0.16450994716555037,0.17215121769454428,0.20011966824174915,0.30404256868235563,0.5041622369241048,0.3173117616302664,0.25
2023-05-24,VN:FTS,-0.018722995679308796,4,0.0,0.6293842306916646,0.15917659821580057,0.16450994716555037,0.17215121769454428,0.20011966824174915,0.30404256868235563,0.5041622369241048,0.3173117616302664,0.25
2023-05-24,VN:NT2,-0.01981707317073178,4,0.0,0.5242232985563069,0.16482848420228016,0.16310149917308983,0.19126351747702114,0.21271886565443474,0.2680876334931741,0.48080649914760887,0.25204996895046966,0.25
2023-06-05,VN:VIX,0.1634856070087609,4,4.0,0.7270692925591873,0.15693466131486503,0.14793069440229692,0.1663338368187273,0.198766556400559,0.3300342510635517,0.5288008074641107,0.384474828987658,0.25
2023-06-05,VN:BSI,0.0644171779141105,4,3.0,0.7116003738582191,0.15579343074252353,0.1555817895469336,0.16512425489908836,0.1958662747720819,0.3276342500393726,0.5235005248114545,0.3725231691708049,0.25
2023-06-05,VN:CTD,0.04477124944647737,4,2.0,0.6910907282097747,0.16217872742084752,0.15440501502759776,0.16387531405501535,0.1943848162052753,0.32515612729126403,0.5195409434965393,0.3590499289758168,0.25
2023-06-05,VN:NT2,-0.0714285714285714,4,0.0,0.6374980509281158,0.15813660621643066,0.15647974610328674,0.17924484610557556,0.2040826976299286,0.30205610394477844,0.506138801574707,0.3226624995029681,0.25
2023-06-15,VN:VIX,0.02826596367896883,4,2.0,0.7291353940963745,0.15769848227500916,0.14865069091320038,0.16374891996383667,0.1982613354921341,0.3316405713558197,0.5299019068479538,0.3863702356820031,0.25
2023-06-15,VN:CTD,0.05742117990600892,4,3.0,0.6933983920037268,0.1627202827549065,0.1549206124222461,0.16108331564317094,0.19503389880162175,0.3262418903780547,0.5212757891796764,0.3614517940076613,0.25
2023-06-15,VN:GEX,0.018411013435063905,4,2.0,0.6016421794157246,0.16878270348387792,0.1627740191173247,0.16813024126901144,0.19947875144427635,0.3008342846855096,0.500313036129786,0.3010094254472226,0.25
2023-06-15,VN:BSI,0.018575851393188847,4,2.0,0.5172963810369913,0.16670281936671108,0.17228832584189882,0.18029089003367885,0.20958177433041075,0.27113619042730047,0.4807179647577112,0.24867366346863193,0.25
2023-06-27,VN:SSI,0.06766266103713336,4,3.0,0.7172194188004559,0.15588614809173787,0.15567438768370115,0.1594318646023233,0.2011783480995401,0.32782925152269754,0.5290075996222376,0.37941452314208557,0.25
2023-06-27,VN:CTS,0.038374717832957206,4,2.0,0.7275849729776382,0.15860113501548767,0.14950156211853027,0.16468621790409088,0.19367222487926483,0.33353886008262634,0.5272110849618912,0.38359086300550893,0.25
2023-06-27,VN:VIX,0.05395531825207245,4,3.0,0.7275849729776382,0.15860113501548767,0.14950156211853027,0.16468621790409088,0.19367222487926483,0.33353886008262634,0.5272110849618912,0.38359086300550893,0.25
2023-06-27,VN:BSI,0.024601366518085754,4,2.0,0.7123720668332536,0.15720451431247506,0.1569909508829742,0.1632360122659199,0.1919667606373572,0.3306017619012736,0.5225685225386308,0.3722632184628441,0.25
2023-07-07,VN:HPG,0.029111938835522544,4,2.0,0.7245535552501678,0.15517868101596832,0.15029747784137726,0.16199828684329987,0.20618413388729095,0.3263414204120636,0.5325255542993546,0.38584328362916365,0.25
2023-07-07,VN:VCI,0.053886334211348696,4,3.0,0.7301243761218899,0.1585648554135816,0.14946735350690346,0.16217150277410455,0.19633371223013735,0.333462576075273,0.5297962883054104,0.38681718447068064,0.25
2023-07-07,VN:VTP,0.023790203599882043,4,2.0,0.7152093052864075,0.15384387969970703,0.15363489091396332,0.16305795311927795,0.20592893660068512,0.3235343396663666,0.5294632762670517,0.3786770619936233,0.25
2023-07-07,VN:DBC,0.028629856850715507,4,2.0,0.7233569431805156,0.1568635427484444,0.1497816614774117,0.1662584717014204,0.19721164103167715,0.3298846830410463,0.5270963240727234,0.3812787857429316,0.25
2023-07-19,VN:SSI,0.02455289481661116,4,2.0,0.7274104343301317,0.15597536599489248,0.14893358343443772,0.1628299750584349,0.20424423839117517,0.3280168371210597,0.5322610755122349,0.38717226011537786,0.25
2023-07-19,VN:VTP,0.035036919067612526,4,2.0,0.7169680870934687,0.15422221328814864,0.15401270297112898,0.1609997826367714,0.20643534333547905,0.32432995776847195,0.530765301103951,0.3805417826280887,0.25
2023-07-19,VN:VIX,0.2786045957852128,4,4.0,0.7389846185001043,0.1596476709895183,0.14388948464558296,0.1657729124162657,0.19495017536058762,0.3357397565880454,0.530689931948633,0.3921716969029069,0.25
2023-07-19,VN:HPG,-0.0018166642117151133,4,1.0,0.716536670923233,0.15445730090141296,0.1542474776506424,0.161245197057724,0.20522566139698029,0.32482436299324036,0.5300500243902206,0.37980027989934717,0.25
2023-07-31,VN:VIX,0.16242797536260678,4,4.0,0.7684265707667683,0.1582699990530312,0.14264780070412456,0.16103216765773046,0.193267864089193,0.34478216849592075,0.5380500325851137,0.41345194144032693,0.25
2023-07-31,VN:SHB,0.023827740736692693,4,2.0,0.7399170431457629,0.15621904237057457,0.14079927537438014,0.1668859049775856,0.20756646428554346,0.32852931299191623,0.5360957772774597,0.3966664023660675,0.25
2023-07-31,VN:HPG,-0.008873622441677442,4,1.0,0.7282254031829416,0.15550906492742703,0.14848835323785683,0.1623431991832495,0.20662313083937375,0.3270362518120929,0.5336593826514666,0.38862431909372397,0.25
2023-07-31,VN:TCH,0.20642201834862384,4,4.0,0.7386846989393234,0.15775415301322937,0.1421828716993332,0.167202427983284,0.20110288262367249,0.33175766468048096,0.5328605473041534,0.3936159329620117,0.25
2023-08-10,VN:LPB,0.09498389323515877,4,4.0,0.7452182509717605,0.15733827416094728,0.14180803087639762,0.16091702638690134,0.20905358777860422,0.3308830807971495,0.5399366685757537,0.40237065979154235,0.25
2023-08-10,VN:SHB,-0.06571671629094011,4,0.0,0.7399170431457629,0.15621904237057457,0.14079927537438014,0.1668859049775856,0.20756646428554346,0.32852931299191623,0.5360957772774597,0.3966664023660675,0.25
2023-08-10,VN:VIX,0.1682215743440234,4,4.0,0.7535618731481674,0.15693964765696142,0.14985435380880627,0.1596786004161209,0.19164333604171885,0.34188406207639255,0.5335273981181115,0.40204590550175207,0.25
2023-08-10,VN:TCH,0.09243697478991564,4,4.0,0.737958442958067,0.15819259770843694,0.14257802921929824,0.1676671131998101,0.19888255601156252,0.3326797038608922,0.5315622598724548,0.3922708576307481,0.25
2023-08-22,VN:LPB,0.05536811142832421,4,3.0,0.7418456000639677,0.15789776020937443,0.1423122925255386,0.16395585727560094,0.2037744284801015,0.33205966150938454,0.535834089989486,0.39750616202298034,0.25
2023-08-22,VN:SSI,0.09117343588781535,4,4.0,0.7321542868660178,0.15594089495959565,0.1469939394889456,0.1619239050723286,0.20719688258161792,0.32794437789751224,0.5351412604791301,0.3918059679386794,0.25
2023-08-22,VN:VIX,0.13533351683640715,4,4.0,0.7510965094297084,0.15642619599181998,0.14936407355559092,0.16242784745776198,0.19101633700777104,0.34076554598705605,0.5317818829948271,0.39941951609537224,0.25
2023-08-22,VN:TCH,0.05350806226529459,4,3.0,0.737958442958067,0.15819259770843694,0.14257802921929824,0.1676671131998101,0.19888255601156252,0.3326797038608922,0.5315622598724548,0.3922708576307481,0.25
2023-09-05,VN:LPB,-0.06829992576095023,4,0.0,0.7727950181483481,0.15692603821942266,0.14143648954386248,0.1572626852581305,0.2025203884023486,0.34185439857623573,0.5443747869785843,0.4206901233826182,0.25
2023-09-05,VN:SSI,0.04196528797167787,4,2.0,0.7436799632406246,0.15828820591306073,0.1426641898553315,0.1618885498676136,0.2042782990849525,0.33288075527904165,0.5371590543639941,0.39947442580378384,0.25
2023-09-05,VN:DGC,0.03296088025511823,4,2.0,0.7342673013886005,0.16036390246045298,0.1459826274509021,0.1587776291006097,0.20182489460184855,0.33305094638618665,0.5348758409880352,0.3927418403402428,0.25
2023-09-05,VN:FTS,0.12501722949689875,4,4.0,0.7405474853678788,0.15815198892807927,0.14254142768804515,0.16510226324505398,0.20161003475219114,0.33259428538663044,0.5342043201388216,0.3956036659514616,0.25
2023-09-15,VN:VTP,-0.04882039687025852,4,0.0,0.7573833131400244,0.15396994581773796,0.1470187328311612,0.1574988686665724,0.20609771022346185,0.33541474246106656,0.5415124526845284,0.41013249552078884,0.25
2023-09-15,VN:SSI,-0.14930034475765563,4,0.0,0.7562177442940734,0.15524828665328452,0.1482393465673826,0.15795770522889055,0.20035516024165095,0.33819950130879134,0.5385546615504423,0.4072645913367336,0.25
2023-09-15,VN:LPB,-0.1650927487352445,4,0.0,0.7436799632406246,0.15828820591306073,0.1426641898553315,0.1618885498676136,0.2042782990849525,0.33288075527904165,0.5371590543639941,0.39947442580378384,0.25
2023-09-15,VN:BSI,-0.13466042154566749,4,0.0,0.7535618731481674,0.15693964765696142,0.14985435380880627,0.1596786004161209,0.19164333604171885,0.34188406207639255,0.5335273981181115,0.40204590550175207,0.25
2023-09-27,VN:VTP,0.06806391986166593,4,3.0,0.7286418148470466,0.155270774819576,0.1482608064490797,0.1620944190649515,0.20783891403195007,0.3265350856344427,0.5343739996663928,0.3893672409239955,0.25
2023-09-27,VN:DGC,0.08406287787182576,4,4.0,0.6944669543047832,0.1604061770560198,0.1527174160694306,0.16208421176922952,0.20318993041485342,0.32160226469046665,0.52479219510532,0.36445083737771317,0.25
2023-09-27,VN:PVT,0.1113172541743972,4,4.0,0.6396714353610362,0.1571885025920197,0.15554156667677213,0.17817018660649378,0.20885461257614774,0.30024513154856663,0.5090997441247144,0.3256565640661923,0.25
2023-09-27,VN:EVF,-0.033333333333333215,4,0.0,0.5388504255160562,0.1666953066976277,0.1626170378143478,0.17807751363284846,0.22148617441993432,0.2711239674352417,0.49261014185517604,0.2654431845521864,0.25
2023-10-09,VN:DGC,-0.07938338566942615,4,0.0,0.7058901532606758,0.16148754713702876,0.14700549621871864,0.16317689175640207,0.2045597254550498,0.3237703394328007,0.5283300648878505,0.3729429904759076,0.25
2023-10-09,VN:FRT,-0.01041666666666674,4,1.0,0.7022777811711035,0.16249815355978103,0.15004653409331445,0.16172780819510557,0.19993094503570846,0.3257965591160905,0.525727504151799,0.36920674511634755,0.25
2023-10-09,VN:FTS,-0.10808233330684247,4,0.0,0.7131416244336721,0.15678392117047427,0.15657093887670429,0.1627992814362156,0.19412858494924629,0.3297172735673595,0.5238458585166058,0.3735762864953838,0.25
2023-10-09,VN:VTP,0.019222132399173475,4,2.0,0.6788141881889487,0.15370228083590928,0.15569440226380835,0.17381726982372717,0.20422249455254501,0.3125635525240102,0.5167860470765552,0.3508017010136476,0.25
2023-10-19,VN:VHM,-0.03529411764705881,4,0.0,0.6539991303086541,0.16468144462461934,0.15951895238402627,0.1652077834246223,0.1944472433791386,0.31614457618759345,0.510591819566732,0.33392660593935597,0.25
2023-10-19,VN:HT1,-0.016393442622950838,4,1.0,0.6402254551649094,0.16598930954933167,0.15220457315444946,0.17541758716106415,0.197378471493721,0.3090100586414337,0.5063885301351547,0.32420282719606885,0.25
2023-10-19,VN:HDC,0.1473684210526316,4,4.0,0.6388391512978331,0.1673552791072345,0.15345710058638154,0.1752867944453122,0.19234783374226588,0.3115529921188059,0.5039008258610718,0.32191157593136427,0.25
2023-10-19,VN:FRT,0.03191489361702127,4,2.0,0.6413518285952782,0.15647129947649388,0.15110722409348523,0.1937290160913619,0.19533786468711295,0.30335459565154604,0.498692460338659,0.3198373213448772,0.25
2023-10-31,VN:VHM,0.055128205128205154,4,3.0,0.6681928933349055,0.16825553036878393,0.16298099590753,0.147090262789589,0.1986673414111439,0.3230058695229532,0.5216732109340971,0.34857833218936485,0.25
2023-10-31,VN:VIC,0.11358024691358026,4,4.0,0.663458297602211,0.16973141088681534,0.16269180421071952,0.14682926456375814,0.1983148187147799,0.32243270162392706,0.520747520338707,0.3454942633244913,0.25
2023-10-31,VN:MSN,0.134020618556701,4,4.0,0.6554174078876551,0.17691061863569563,0.15582638514559313,0.1467602507245466,0.19822160308892717,0.3222811424052375,0.5205027454941646,0.34114656025019324,0.25
2023-10-31,VN:MWG,0.10079575596816981,4,4.0,0.6352837031376914,0.16854359460687032,0.15442638329306815,0.16875927401720395,0.19900748430203624,0.3092632637808213,0.5082707480828575,0.3228961230386424,0.25
2023-11-10,VN:VIC,-0.05672969966629593,4,0.0,0.6568513112321888,0.16804114484909607,0.1610716331324468,0.1553255365885954,0.19633991111337873,0.31922177431648296,0.5155616854298617,0.3386473690956819,0.25
2023-11-10,VN:VHM,-0.03664302600472802,4,0.0,0.6579640460621106,0.1656798372960139,0.16048605261784635,0.16014678298989585,0.1956261040083735,0.3180612230878704,0.5136873270962439,0.33798779214707547,0.25
2023-11-10,VN:MWG,-0.035532994923857975,4,0.0,0.6352623755445723,0.16853794204387154,0.15442119308678517,0.16878717886228592,0.19900080265103576,0.3092528833560216,0.5082536860070573,0.3228744439521284,0.25
2023-11-10,VN:MSN,-0.006482982171799101,4,1.0,0.6346458847128469,0.17243520658559788,0.15607541566974795,0.16415409499177194,0.19320706735242804,0.31412821540045416,0.5073352827528822,0.32197824936874525,0.25
2023-11-22,VN:EVF,0.005988023952095967,4,1.0,0.7631040697827329,0.15551984078407524,0.14016909688459192,0.16758040834098445,0.19793955686778492,0.33879109712256344,0.5367306539903484,0.4095813464371827,0.25
2023-11-22,VN:VIC,0.02261904761904776,4,2.0,0.6649907032398985,0.17012344554250605,0.16306756679814408,0.1448586902746363,0.19877286551554302,0.32317743186917053,0.5219502973847135,0.3470920953141348,0.25
2023-11-22,VN:VHM,0.016666666666666607,4,1.0,0.6681928933349055,0.16825553036878393,0.16298099590753,0.147090262789589,0.1986673414111439,0.3230058695229532,0.5216732109340971,0.34857833218936485,0.25
2023-11-22,VN:CTD,-0.025742676208618698,4,0.0,0.6294563114643097,0.1606612503528595,0.16604433953762054,0.17022809386253357,0.19618789851665497,0.3068784177303314,0.5030663162469864,0.316658267846766,0.25
2023-12-04,VN:HAG,0.024590163934426368,4,2.0,0.7452182509717605,0.15733827416094728,0.14180803087639762,0.16091702638690134,0.20905358777860422,0.3308830807971495,0.5399366685757537,0.40237065979154235,0.25
2023-12-04,VN:EVF,-0.098314606741573,4,0.0,0.7396375387907028,0.1524008959531784,0.14552050828933716,0.17611205577850342,0.19396989047527313,0.3319966495037079,0.525966539978981,0.3890245971163153,0.25
2023-12-04,VN:VIC,0.006984866123399325,4,1.0,0.6400357580190266,0.17848545578845523,0.15986271440778246,0.14828403515046887,0.1916169999780804,0.321750794675213,0.5133677946532934,0.32857374559347663,0.25
2023-12-04,VN:MWG,0.061326658322903516,4,3.0,0.6279717032309131,0.17127657191867487,0.15743653710836972,0.16736051689625556,0.1919088690267335,0.31201750504996634,0.5039263740766998,0.31645150343192346,0.25
2023-12-14,VN:HAG,0.011152416356877248,4,1.0,0.755542732610025,0.15567814839845454,0.14864980731458047,0.158395077037958,0.19814103251275322,0.33913593473625375,0.537276967249007,0.4059357080037416,0.25
2023-12-14,VN:MWG,0.020432692307692513,4,2.0,0.5233640748763693,0.17865827945855675,0.16170807423752656,0.17871754137750775,0.20017980337410873,0.28073630155230017,0.4809161049264089,0.2516942123479569,0.25
2023-12-14,VN:EVF,0.018987341772151778,4,2.0,0.5248588252791588,0.1617672765518319,0.16917924835054945,0.19068378494208732,0.20876822186661098,0.26960146828892034,0.4783696901555313,0.25107655362418735,0.25
2023-12-14,VN:CII,0.02077151335311589,4,2.0,0.4938985631779051,0.1775590005880743,0.1611113077236517,0.18533459029593183,0.2089287160496605,0.2670663853426816,0.47599510139234213,0.23509329665739903,0.25
2023-12-26,VN:HAG,0.01098901098901095,4,1.0,0.7264767952703475,0.1570108728710077,0.14992236047751786,0.1630349505852148,0.19983727335444906,0.33019454271181053,0.5300318160662596,0.38505581512713855,0.25
2023-12-26,VN:CTD,-0.027330953894294185,4,0.0,0.633543381594768,0.15888916192783656,0.16421288496573097,0.16835049045608177,0.20505389876744,0.30349356388291066,0.5085474626503507,0.3221868791889421,0.25
2023-12-26,VN:EVF,0.052959501557632516,4,3.0,0.5135382337340977,0.16231319066415442,0.15652732317853982,0.20994700178582965,0.20947275743674104,0.2617397269347351,0.4712124843714761,0.24198562693758396,0.25
2023-12-26,VN:BMP,0.004731521972901387,4,1.0,0.4826688324609747,0.15900271657101164,0.17373041290848218,0.20566501600548578,0.20520044251679057,0.25640141199822986,0.46160185451502045,0.2228008281805856,0.25
2024-01-08,VN:HAG,0.11284046692607008,4,4.0,0.6339009404182434,0.15894410014152527,0.16426965594291687,0.1679244339466095,0.20526331663131714,0.3035984933376312,0.5088618099689484,0.32256797988224584,0.25
2024-01-08,VN:CTD,-0.04149854973830469,4,0.0,0.5218636464794928,0.16638760020751356,0.1719625417595723,0.17629541193998735,0.2147309748123441,0.2706234712805827,0.4853544460929268,0.2532888410730892,0.25
2024-01-08,VN:EVF,-0.11111111111111116,4,0.0,0.5121298207025258,0.16278312857772217,0.15698051218717526,0.21055484994419144,0.20718396891379404,0.2624975403771171,0.4696815092909111,0.240537907140446,0.25
2024-01-08,VN:VTP,0.0899658173531479,4,4.0,0.4430173122433229,0.1570073938815684,0.18490144334880346,0.20580541780880962,0.20746184576359622,0.2448238991972223,0.4522857449608185,0.20037041509851086,0.25
2024-01-18,VN:BSI,0.01338432122370925,4,1.0,0.7301243761218899,0.1585648554135816,0.14946735350690346,0.16217150277410455,0.19633371223013735,0.333462576075273,0.5297962883054104,0.38681718447068064,0.25
2024-01-18,VN:HAG,-0.003731343283582156,4,1.0,0.6497738659381866,0.16133372485637665,0.1573866307735443,0.16777749359607697,0.205339252948761,0.3081628978252411,0.5135021507740021,0.33366027767599693,0.25
2024-01-18,VN:EVF,-0.07624633431085048,4,0.0,0.5140233486890793,0.16338498890399933,0.15756092965602875,0.2076359987258911,0.20794999599456787,0.26346808671951294,0.4714180827140808,0.24231990150927718,0.25
2024-01-18,VN:NKG,-0.0357142857142857,4,0.0,0.44265197046554,0.17442165834968265,0.17015436798794173,0.18480788722061775,0.2250993020862133,0.24551678435554458,0.4706160864417579,0.20831913799622503,0.25
2024-01-30,VN:HAG,-0.15719063545150502,4,0.0,0.7389967856259592,0.15788912067312952,0.14230450351665153,0.16680981963232966,0.20095506902239907,0.3320414871554902,0.5329965561778893,0.3938827417651662,0.25
2024-01-30,VN:HCM,-0.014845423936333035,4,1.0,0.7320102860333069,0.1577898287443791,0.14873680694009075,0.16081197799462046,0.2008287042502866,0.33183268207062305,0.5326613863209096,0.3899136137596668,0.25
2024-01-30,VN:BSI,0.0038022813688212143,4,1.0,0.7297977209091187,0.15731288492679596,0.14828722178936005,0.16334854066371918,0.20022167265415192,0.3308296799659729,0.5310513526201248,0.3875600668278718,0.25
2024-01-30,VN:SZC,0.06926952141057963,4,3.0,0.6477251044388908,0.16082500640265673,0.15689036951469046,0.17040161060102033,0.2046917768430014,0.30719123663863107,0.5118830134816325,0.3315594783678845,0.25
2024-02-16,VN:SZC,0.04171632896305133,4,2.0,0.7172194188004559,0.15588614809173787,0.15567438768370115,0.1594318646023233,0.2011783480995401,0.32782925152269754,0.5290075996222376,0.37941452314208557,0.25
2024-02-16,VN:GVR,0.11444652908067532,4,4.0,0.7087174952030182,0.15403828024864197,0.15382902324199677,0.16939595341682434,0.19879357516765594,0.323943167924881,0.5227367430925369,0.3704726752151264,0.25
2024-02-16,VN:HCM,0.0760636669727579,4,4.0,0.6595618030494184,0.16172830519485018,0.15244932245538648,0.16818782436567806,0.20871795402887533,0.30891659395520993,0.5176345479840853,0.3414119757890539,0.25
2024-02-16,VN:BSI,0.12713472485768484,4,4.0,0.6750731222353317,0.16265731044582457,0.14863996650695702,0.17194292461702004,0.20062584282832868,0.3161339556018697,0.5167597984301984,0.3488506505719747,0.25
2024-02-28,VN:FTS,0.20075469199960305,4,4.0,0.7125912947566615,0.16335241253148894,0.14716499824576082,0.15967343509683854,0.20148317215616746,0.3283259819697442,0.5298091541259117,0.37753739111251505,0.25
2024-02-28,VN:SZC,0.042873696407879525,4,2.0,0.7134653074523016,0.15507019825175108,0.1548595405390927,0.16383163386834212,0.20012531876377287,0.3261133085770412,0.5262386273408141,0.37545300404899107,0.25
2024-02-28,VN:GVR,0.19723183391003474,4,4.0,0.7396375387907028,0.1524008959531784,0.14552050828933716,0.17611205577850342,0.19396989047527313,0.3319966495037079,0.525966539978981,0.3890245971163153,0.25
2024-02-28,VN:BSI,0.13172541743970312,4,4.0,0.6999025896177082,0.16092019022882267,0.14705252866525245,0.17010663703242893,0.1984832167399409,0.323437427333555,0.5219206440734959,0.365293610361982,0.25
2024-03-11,VN:CTS,0.014864864864864824,4,1.0,0.7436799632406246,0.15828820591306073,0.1426641898553315,0.1618885498676136,0.2042782990849525,0.33288075527904165,0.5371590543639941,0.39947442580378384,0.25
2024-03-11,VN:FTS,0.018077524769685382,4,2.0,0.735942713497362,0.1611468541963951,0.1470611884314176,0.15751755707018247,0.19876279529222235,0.33551160500978244,0.5342744003020048,0.3931953519104332,0.25
2024-03-11,VN:GVR,0.1302876480541455,4,4.0,0.7141320130586034,0.15375181229793186,0.1468104338710204,0.17767313917010155,0.19842388622867552,0.3233407284322707,0.5217646146609463,0.37260881461056805,0.25
2024-03-11,VN:BSI,0.078125,4,4.0,0.6589816906896486,0.16088520230181816,0.15575725072260574,0.17222771305185128,0.1984400778776419,0.3126897560460829,0.5111298339237248,0.3368252021209755,0.25
2024-03-21,VN:VCI,-0.0796087029853263,4,0.0,0.7172194188004559,0.15588614809173787,0.15567438768370115,0.1594318646023233,0.2011783480995401,0.32782925152269754,0.5290075996222376,0.37941452314208557,0.25
2024-03-21,VN:GVR,-0.046616541353383445,4,0.0,0.7279568233477123,0.16056871892716643,0.14616907078531596,0.16495150819276297,0.19483438714845142,0.3334763149463032,0.5283107020947546,0.38458738043749713,0.25
2024-03-21,VN:CTS,-0.022757697456492587,4,0.0,0.7154770833927828,0.15550745791930767,0.15529620416021042,0.16147385297009567,0.20068962572977506,0.32703285922061115,0.5277224849503862,0.37757334437309403,0.25
2024-03-21,VN:FTS,-0.0609504432495277,4,0.0,0.7154770833927828,0.15550745791930767,0.15529620416021042,0.16147385297009567,0.20068962572977506,0.32703285922061115,0.5277224849503862,0.37757334437309403,0.25
2024-04-02,VN:GVR,-0.20283687943262396,4,0.0,0.7577637321090143,0.15613578027284472,0.14908677117397232,0.15592109924672395,0.1987234920453505,0.3401328572611085,0.538856349306459,0.408325798321101,0.25
2024-04-02,VN:BSI,-0.21574803149606292,4,0.0,0.7290216833353043,0.15695753693580627,0.14987142384052277,0.16052763164043427,0.20256102085113525,0.33008238673210144,0.5326434075832367,0.3883085936137838,0.25
2024-04-02,VN:CTS,-0.11772151898734173,4,0.0,0.7272385331732691,0.1565736313205824,0.14950484859176658,0.16258092987920658,0.20206556310956644,0.329275027098878,0.5313405902084445,0.3864113514386083,0.25
2024-04-02,VN:FTS,-0.21384781824738552,4,0.0,0.7272385331732691,0.1565736313205824,0.14950484859176658,0.16258092987920658,0.20206556310956644,0.329275027098878,0.5313405902084445,0.3864113514386083,0.25
2024-04-12,VN:TCH,0.017595307917888547,4,2.0,0.7328470051288605,0.15641270577907562,0.1429951936006546,0.1697976440191269,0.20185787975788116,0.3289365768432617,0.5307944566011429,0.38899112785914847,0.25
2024-04-12,VN:BSI,-0.13216560509554154,4,0.0,0.7172194188004559,0.15588614809173787,0.15567438768370115,0.1594318646023233,0.2011783480995401,0.32782925152269754,0.5290075996222376,0.37941452314208557,0.25
2024-04-12,VN:CTS,-0.07901234567901239,4,0.0,0.7172194188004559,0.15588614809173787,0.15567438768370115,0.1594318646023233,0.2011783480995401,0.32782925152269754,0.5290075996222376,0.37941452314208557,0.25
2024-04-12,VN:GVR,-0.02499999999999991,4,0.0,0.6436464935541153,0.16073451936244965,0.1605161726474762,0.16715434193611145,0.20457659661769867,0.30701836943626404,0.5115949660539627,0.32928630602056974,0.25
2024-04-25,VN:FRT,0.0823529411764703,4,4.0,0.49986615777015686,0.1604136973619461,0.16437801718711853,0.20749007165431976,0.2090415358543396,0.258676677942276,0.4677182137966156,0.233796506449635,0.25
2024-04-25,VN:EVF,0.02583025830258312,4,2.0,0.434973548279395,0.18498275347131102,0.1641830579556648,0.18992670521467753,0.20680016844867907,0.2541073149096676,0.46090748335834664,0.20048256346490623,0.25
2024-04-25,VN:TCH,0.1803797468354429,4,4.0,0.357344944556208,0.1811849122886386,0.17774694628277582,0.19633867751542694,0.21836333816160744,0.2263661257515512,0.44472946391315865,0.15892182562455978,0.25
2024-05-10,VN:TCH,0.043010752688172005,4,2.0,0.7418456000639677,0.15789776020937443,0.1423122925255386,0.16395585727560094,0.2037744284801015,0.33205966150938454,0.535834089989486,0.39750616202298034,0.25
2024-05-10,VN:PVT,0.0235294117647058,4,2.0,0.48116891029980513,0.15789352827946926,0.17551501618370463,0.2033459753795259,0.20863272871472624,0.254612751442574,0.46324548015730027,0.22289932288859818,0.25
2024-05-10,VN:VTP,-0.0340595274624117,4,0.0,0.4362789438491588,0.1701662169471182,0.16798073804292402,0.2005840480588696,0.21960743753347267,0.2416615594176155,0.46126899695108814,0.20124195082018156,0.25
2024-05-10,VN:FRT,-0.012765957446808307,4,1.0,0.4677192042428137,0.16487503297440756,0.17064175264003503,0.20331465010813848,0.20769733500029647,0.25347122927712246,0.4611685642774189,0.21569739390563528,0.25
2024-05-22,VN:TCH,0.03626943005181338,4,2.0,0.7418456000639677,0.15789776020937443,0.1423122925255386,0.16395585727560094,0.2037744284801015,0.33205966150938454,0.535834089989486,0.39750616202298034,0.25
2024-05-22,VN:CTS,0.02188940092165903,4,2.0,0.7305516222283728,0.15687396099787834,0.14787348055462482,0.16289277860202725,0.20245315737882724,0.3299066224666423,0.5323597798454696,0.3889163007752472,0.25
2024-05-22,VN:FTS,0.006436106289224197,4,1.0,0.6614010382116151,0.16217931098280283,0.1528744594119328,0.16586819785440557,0.20929998783171141,0.3097780439191474,0.5190780317508588,0.3433187491128597,0.25
2024-05-22,VN:DBC,0.02911208151382838,4,2.0,0.5242232985563069,0.16482848420228016,0.16310149917308983,0.19126351747702114,0.21271886565443474,0.2680876334931741,0.48080649914760887,0.25204996895046966,0.25
2024-06-03,VN:TCH,-0.002512562814070418,4,1.0,0.7297977209091187,0.15731288492679596,0.14828722178936005,0.16334854066371918,0.20022167265415192,0.3308296799659729,0.5310513526201248,0.3875600668278718,0.25
2024-06-03,VN:DBC,0.008426966292134797,4,1.0,0.6434363020490499,0.15829888457950606,0.15135622475612834,0.18368670891781774,0.2042921246377267,0.3023660571088212,0.5066581817465479,0.3260022668658942,0.25
2024-06-03,VN:GVR,-0.04000000000000015,4,0.0,0.6434363020490499,0.15829888457950606,0.15135622475612834,0.18368670891781774,0.2042921246377267,0.3023660571088212,0.5066581817465479,0.3260022668658942,0.25
2024-06-03,VN:CTS,0.0011614401858304202,4,1.0,0.5366860628128052,0.16800814867019653,0.16389776766300201,0.17801246047019958,0.21682237088680267,0.2732592523097992,0.49008162319660187,0.263019976810293,0.25
2024-06-13,VN:TCH,-0.03307888040712481,4,0.0,0.7297977209091187,0.15731288492679596,0.14828722178936005,0.16334854066371918,0.20022167265415192,0.3308296799659729,0.5310513526201248,0.3875600668278718,0.25
2024-06-13,VN:CTS,-0.12389380530973448,4,0.0,0.6475678287808921,0.15931530059404223,0.15232807170855892,0.17844521733455035,0.205603864705505,0.30430754565734347,0.5099114103628485,0.3302022248792723,0.25
2024-06-13,VN:DBC,-0.04958677685950419,4,0.0,0.6434363020490499,0.15829888457950606,0.15135622475612834,0.18368670891781774,0.2042921246377267,0.3023660571088212,0.5066581817465479,0.3260022668658942,0.25
2024-06-13,VN:FTS,-0.11474504025680143,4,0.0,0.6347979267001771,0.1574668092290518,0.15581696761199929,0.18272119215961719,0.2032182901138577,0.30077674088547407,0.5039950309993317,0.3199350007455673,0.25
2024-06-25,VN:GEE,0.03155281007751953,4,2.0,0.7284794409346498,0.15642899507923416,0.14745404045960367,0.165267201740551,0.20187890830455585,0.3289708544160553,0.5308497627206111,0.3867131383670023,0.25
2024-06-25,VN:TCH,0.022670025188917142,4,2.0,0.5366860628128052,0.16800814867019653,0.16389776766300201,0.17801246047019958,0.21682237088680267,0.2732592523097992,0.49008162319660187,0.263019976810293,0.25
2024-06-25,VN:VND,0.009146341463414531,4,1.0,0.48010238171081465,0.18081898305500968,0.16205669173851722,0.18329825326643526,0.20884058813038117,0.2649854838096567,0.4738260719400379,0.227485025655092,0.25
2024-06-25,VN:LPB,0.10225782274686157,4,4.0,0.47019084498570635,0.15982002258032593,0.17350167294594157,0.20672217319491765,0.2082679153720724,0.25168821590674245,0.45995613127881485,0.21626716202234242,0.25
2024-07-05,VN:GEE,-0.12118914821032112,4,0.0,0.7290216833353043,0.15695753693580627,0.14987142384052277,0.16052763164043427,0.20256102085113525,0.33008238673210144,0.5326434075832367,0.3883085936137838,0.25
2024-07-05,VN:DXG,-0.09999999999999998,4,0.0,0.5772812962532043,0.17091014981269836,0.1567167341709137,0.17828044295310974,0.2032298445701599,0.2908628284931183,0.4940926730632782,0.28523045877517994,0.25
2024-07-05,VN:LPB,-0.013981111065286322,4,1.0,0.48535697162151337,0.15886190533638,0.17246153950691223,0.20548288524150848,0.20701934397220612,0.25617432594299316,0.4631936699151993,0.224814276904296,0.25
2024-07-05,VN:MWG,-0.047256097560975596,4,0.0,0.47828474576129754,0.15853256459631218,0.1761735879234549,0.20505689695647053,0.20459369434695526,0.25564325617680717,0.46023695052376246,0.2201243128712126,0.25
2024-07-17,VN:GEE,-0.21374173105786876,4,0.0,0.7172194188004559,0.15588614809173787,0.15567438768370115,0.1594318646023233,0.2011783480995401,0.32782925152269754,0.5290075996222376,0.37941452314208557,0.25
2024-07-17,VN:DXG,-0.029629629629629672,4,0.0,0.6435551600588811,0.16647137205388032,0.15264659665088068,0.1715525039567797,0.1994220405989277,0.30990748673953156,0.5093295273384593,0.32778164548901645,0.25
2024-07-17,VN:DXS,0.02752293577981635,4,2.0,0.5014564022204817,0.17650995885565937,0.16185152289492602,0.18189748850617574,0.21144762320149507,0.2682934065417438,0.47974102974323884,0.24056921077259366,0.25
2024-07-17,VN:PDR,-0.14081145584725518,4,0.0,0.48422978771417696,0.1808708364030968,0.16053346277873107,0.18430781913721023,0.208179360871892,0.2661085208090699,0.4742878816809619,0.22966432026177888,0.25
2024-07-29,VN:DXS,-0.01243339253996456,4,1.0,0.4463782094958692,0.18298470701300043,0.16412551456502802,0.1844531270198058,0.21441840805979956,0.25401824334236617,0.4684366514021657,0.2090999137151394,0.25
2024-07-29,VN:LPB,-0.0335576451713534,4,0.0,0.48684154490108655,0.1584036452053891,0.1719640591155273,0.2048901407453376,0.209306785186923,0.255435369746823,0.46474215493374604,0.22625578868860505,0.25
2024-07-29,VN:PDR,-0.0843989769820972,4,0.0,0.35798621287880295,0.18947593224686082,0.1699477212107653,0.1902645911394622,0.22202473381272259,0.2282870215901891,0.4503117554029117,0.1612053999314942,0.25
2024-08-08,VN:VGC,0.13358778625954204,4,4.0,0.7811499121613814,0.16612305989678114,0.1541974223524716,0.1666540329656894,0.1357415000238791,0.37728398476117875,0.5130254847850578,0.40074981237639806,0.25
2024-08-08,VN:PDR,0.2658959537572254,4,4.0,0.6439784308066263,0.16658087819431178,0.15274701205255145,0.17100756634805647,0.1995532154837198,0.3101113279213605,0.5096645434050803,0.3282129728997793,0.25
2024-08-08,VN:DXS,0.11090909090909107,4,4.0,0.5787214997601287,0.1737793509098984,0.15768179062483026,0.16988475367598602,0.20600016108155011,0.2926539437077352,0.4986541047892853,0.28858185138519954,0.25
2024-08-08,VN:DXG,0.21538461538461529,4,4.0,0.491640664512525,0.17974134057374805,0.1612164104166092,0.18118372829532217,0.2106179030331657,0.26724061768115487,0.47785852071432056,0.23493468066696077,0.25
2024-08-20,VN:HAG,-0.01886792452830177,4,0.0,0.6351898163557053,0.16734033823013306,0.1518392264842987,0.17564739286899567,0.19690470397472382,0.30826833844184875,0.5051730424165726,0.32088077204043564,0.25
2024-08-20,VN:PDR,0.06112469437652801,4,3.0,0.49018668397982895,0.1792097810028526,0.16073962806553202,0.18360528076283214,0.20999502822764177,0.26645028194114145,0.4764453101687832,0.23354714668937693,0.25
2024-08-20,VN:EVF,-0.06799999999999995,4,0.0,0.48711191843616847,0.1786499795116481,0.1602375233208764,0.1876989780023542,0.20779557835751145,0.26561794080760986,0.4734135191651213,0.23060536753414004,0.25
2024-08-20,VN:LPB,-0.012854345790414556,4,1.0,0.5014479532622107,0.15998634457608543,0.16394009941905588,0.20668792416620368,0.21139807684126383,0.2579875549973912,0.469385631838655,0.23537246437618312,0.25
2024-08-30,VN:DXS,0.005042016806722671,4,1.0,0.6391191780567169,0.16798870265483856,0.152427539229393,0.170985147356987,0.19913585484027863,0.3094627559185028,0.5085986107587814,0.3250551260689405,0.25
2024-08-30,VN:HAG,-0.009389671361502261,4,1.0,0.6358122338112524,0.16750430561589283,0.15198802495038435,0.17483961061121195,0.19709765323705514,0.30857040558545573,0.5056680588225109,0.3215099380469404,0.25
2024-08-30,VN:EVF,-0.05327868852459028,4,0.0,0.5752016007900238,0.17029443383216858,0.1561521589756012,0.1812407374382019,0.2024976909160614,0.2898149788379669,0.4923126697540283,0.2831790357317274,0.25
2024-08-30,VN:LPB,-0.022288952799864536,4,0.0,0.45981326699256897,0.15923219919204712,0.17700310051441193,0.20507004857063293,0.21040159463882446,0.24829305708408356,0.458694651722908,0.21091388636072894,0.25
2024-09-13,VN:DXS,0.02941176470588225,4,2.0,0.5747017946049839,0.17257233221191662,0.1565865599600458,0.17565053963140456,0.20456934280051803,0.29062122539611496,0.495190568196633,0.2845869082140667,0.25
2024-09-13,VN:CMG,0.015655624073808605,4,1.0,0.574405448866053,0.16581720607928055,0.1606190997546643,0.18844754065416874,0.19434474987819045,0.29077140363369597,0.4851161535118864,0.2786533619101682,0.25
2024-09-13,VN:EVF,0.0387931034482758,4,2.0,0.491640664512525,0.17974134057374805,0.1612164104166092,0.18118372829532217,0.2106179030331657,0.26724061768115487,0.47785852071432056,0.23493468066696077,0.25
2024-09-13,VN:VIX,0.09288472145615012,4,4.0,0.4898406790220637,0.1790833148496849,0.16062620042821465,0.1841814341518069,0.2098468212806162,0.2662622292896773,0.4761090505702935,0.23321758061990264,0.25
2024-09-25,VN:LPB,0.03303403633326374,4,2.0,0.46607069077771796,0.15883996372640294,0.17656706974355565,0.20456487516023777,0.2098832930676657,0.2501447983021379,0.4600280913698036,0.21440561032187952,0.25
2024-09-25,VN:HCM,0.0,4,1.0,0.4221784283737051,0.16536044335244104,0.17298787058944087,0.20866683682798579,0.21653368101118442,0.23645116821894788,0.45298484923013227,0.19124043172507701,0.25
2024-09-25,VN:DXS,-0.05369127516778527,4,0.0,0.35634511606342567,0.18860734156039322,0.1691686435415457,0.19397658732638118,0.22100691999464095,0.22724050757703895,0.4482474275716799,0.15973078160316226,0.25
2024-10-07,VN:CMG,0.023892362716235516,4,2.0,0.39127635307767117,0.18323522408218526,0.17361622593499576,0.19467317728240355,0.20703154546210442,0.241443827238311,0.44847537270041543,0.1754778082753679,0.25
2024-10-07,VN:DIG,-0.03456221198156684,4,0.0,0.34749595366406305,0.19078782769405328,0.17099114271972007,0.1912972388058078,0.2203543102846834,0.22656948049573541,0.44692379078041883,0.15530420889239982,0.25
2024-10-07,VN:EVF,0.03976757548507437,4,2.0,0.35130770424122937,0.18802983218298114,0.17097242902342547,0.195747336935371,0.21870570397202505,0.22654469788619735,0.4452504018582224,0.1564198964892969,0.25
2024-10-17,VN:BMP,0.0,4,1.0,0.4602753806196267,0.16366294514128402,0.17339259902812837,0.20516621187824644,0.20617043096335028,0.25160781298899093,0.45777824395234124,0.21070405547454818,0.25
2024-10-17,VN:EVF,0.03301886792452824,4,2.0,0.35319365472225894,0.18816911333043368,0.1710990739867505,0.19352588682505995,0.2204934111016954,0.22671251475606047,0.44720592585775587,0.15795029536715235,0.25
2024-10-17,VN:VIX,-0.061077844311377194,4,0.0,0.3320150822401047,0.18830156326293945,0.1797153204679489,0.19088344275951385,0.21748274564743042,0.22361692786216736,0.4410996735095978,0.14645174437637243,0.25
2024-10-29,VN:BMP,-0.05039317265177523,4,0.0,0.4677192042428137,0.16487503297440756,0.17064175264003503,0.20331465010813848,0.20769733500029647,0.25347122927712246,0.4611685642774189,0.21569739390563528,0.25
2024-10-29,VN:VTP,0.27647996566418365,4,4.0,0.38593492251828543,0.1712542870266948,0.17990266740612187,0.19871988300323834,0.221011661857019,0.22911150070692596,0.45012316256394497,0.17371824786780168,0.25
2024-10-29,VN:GEE,-0.0265444670739986,4,0.0,0.36700601178371833,0.19011977671862978,0.1687424380336739,0.1941130790643049,0.21254305764776124,0.2344816485356302,0.4470247061833914,0.16406075458515498,0.25
2024-11-08,VN:VTP,0.1297038845390035,4,4.0,0.7347160845376811,0.16205962767930504,0.14752628739805726,0.15719790053973046,0.19664346292718665,0.3365727214557206,0.5332161843829073,0.3917625072019319,0.25
2024-11-08,VN:GEE,-0.013396537510304896,4,1.0,0.33364329734976145,0.18893830196651368,0.17857691379521914,0.1929068089588462,0.2143185553801275,0.2252594198992935,0.439577975279421,0.14666224511455794,0.25
2024-11-08,VN:EVF,-0.03603603603603611,3,0.0,0.31523468150989165,0.18948590190750653,0.1808456426606881,0.1920840086911914,0.21885060611812454,0.21873384062248943,0.437584446740614,0.13794179370195958,0.25
2024-11-20,VN:VTP,0.2555162478573252,4,4.0,0.7056947096333697,0.163436410375887,0.14877959864169957,0.1617922460765802,0.19831405284532827,0.32767769206050495,0.5259917449058332,0.3711895916908714,0.25
2024-11-20,VN:VIX,0.053702511268512554,4,3.0,0.32895331065148015,0.19648348673359245,0.17214090401564108,0.19129208585435536,0.21309469102746356,0.2269888323689475,0.4400835233964111,0.14476693198441756,0.25
2024-11-20,VN:GEE,-0.015366095453901774,4,1.0,0.3221234136187012,0.18712081947562637,0.17872759167171742,0.1973551005913287,0.21764841027115553,0.21914807799017197,0.4367964882613275,0.14070237585539977,0.25
2024-12-02,VN:VTP,0.04612882105004701,4,2.0,0.7347160845376811,0.16205962767930504,0.14752628739805726,0.15719790053973046,0.19664346292718665,0.3365727214557206,0.5332161843829073,0.3917625072019319,0.25
2024-12-02,VN:GEE,-0.06249550521395175,4,0.0,0.3221234136187012,0.18712081947562637,0.17872759167171742,0.1973551005913287,0.21764841027115553,0.21914807799017197,0.4367964882613275,0.14070237585539977,0.25
2024-12-02,VN:CMG,-0.012430849332899507,4,1.0,0.30386363422667434,0.19160175608995195,0.18103280933250201,0.19718593652823474,0.21121926920442685,0.21896022884488447,0.4301794980493113,0.1307159056470703,0.25
2024-12-12,VN:VTP,0.0,4,1.0,0.7056947096333697,0.163436410375887,0.14877959864169957,0.1617922460765802,0.19831405284532827,0.32767769206050495,0.5259917449058332,0.3711895916908714,0.25
2024-12-12,VN:GEE,0.159767496661692,3,4.0,0.3260603048223347,0.18846192027514935,0.18000853598143268,0.18997429877443012,0.2208365267764487,0.22071871819253916,0.44155524496898785,0.14397363777048885,0.25
2024-12-12,VN:CMG,-0.021357775633716214,4,0.0,0.30661975880533815,0.1933396280804332,0.18267480756826984,0.18990423992418887,0.21313507537342496,0.22094624905368315,0.4340813244271081,0.13309791099774163,0.25
2024-12-24,VN:VTP,0.04107348043702652,4,2.0,0.7056947096333697,0.163436410375887,0.14877959864169957,0.1617922460765802,0.19831405284532827,0.32767769206050495,0.5259917449058332,0.3711895916908714,0.25
2024-12-24,VN:BMP,-0.03845762021189891,4,0.0,0.41526830196380615,0.17066439986228943,0.17702601850032806,0.20081597566604614,0.210428848862648,0.24106475710868835,0.45149360597133636,0.18749098309923262,0.25
2024-12-24,VN:GEE,-0.07613401718510626,4,0.0,0.3221234136187012,0.18712081947562637,0.17872759167171742,0.1973551005913287,0.21764841027115553,0.21914807799017197,0.4367964882613275,0.14070237585539977,0.25
2025-01-06,VN:VTP,0.10247173378036178,4,4.0,0.712061064484465,0.16776346420184363,0.14595920499976897,0.15872516447567184,0.19455465054011273,0.33299751578260284,0.5275521663227156,0.3756493571228384,0.25
2025-01-06,VN:EVF,0.0776470588235294,4,4.0,0.3944070276264564,0.1863060704652113,0.17468037752392157,0.18316141862639299,0.21292842703631085,0.24292370634816327,0.4558521333844741,0.17979128496534938,0.25
2025-01-06,VN:CMG,-0.05305462628258384,4,0.0,0.31541741444416593,0.19057118324723293,0.18188143724556455,0.18907947274805686,0.21848125104662028,0.21998665571252538,0.43846790675914565,0.13830041346671534,0.25
2025-01-16,VN:VTP,-0.05639408663289558,4,0.0,0.7056947096333697,0.163436410375887,0.14877959864169957,0.1617922460765802,0.19831405284532827,0.32767769206050495,0.5259917449058332,0.3711895916908714,0.25
2025-01-16,VN:GEE,0.3921582429959174,4,4.0,0.3221234136187012,0.18712081947562637,0.17872759167171742,0.1973551005913287,0.21764841027115553,0.21914807799017197,0.4367964882613275,0.14070237585539977,0.25
2025-01-16,VN:CMG,-0.044459823878958526,4,0.0,0.3128297636138009,0.18900776554609394,0.18038930682587742,0.19573215265279326,0.21668886169692003,0.21818191327831538,0.4348707749752354,0.13604052173805328,0.25
2025-02-04,VN:VTP,-0.06625952137934532,4,0.0,0.6853697597980499,0.1697206050157547,0.1476619839668274,0.16057686507701874,0.1968243420124054,0.3252162039279938,0.5220405459403992,0.3577908035760142,0.25
2025-02-04,VN:GEE,0.3127244599149124,4,4.0,0.6957710281644609,0.15687834982755258,0.14999800696972002,0.1716424946242199,0.2024588554731182,0.31902229310538927,0.5214811485785075,0.3628314749148521,0.25
2025-02-04,VN:CMG,-0.01100152664356513,4,1.0,0.3191190159058277,0.1868024524093405,0.18087983670472613,0.19626439202619766,0.2172780995749861,0.2187752192847496,0.4360533188597357,0.13915290599698896,0.25
2025-02-14,VN:GEE,0.253501971984224,4,4.0,0.755542732610025,0.15567814839845454,0.14864980731458047,0.158395077037958,0.19814103251275322,0.33913593473625375,0.537276967249007,0.4059357080037416,0.25
2025-02-14,VN:VTP,0.006407657459147842,4,1.0,0.6121437424953099,0.1658415422212388,0.1634045617250549,0.16752179708234383,0.20123245412562246,0.30199964484574,0.5032320989713625,0.3080503804081,0.25
2025-02-14,VN:CMG,-0.01889790729513019,4,0.0,0.33587818837347355,0.18563468477674297,0.1797490838207441,0.1950374812627214,0.21591980433583552,0.223658945803956,0.43957875013979153,0.14764491424442897,0.25
2025-02-26,VN:GEE,0.12279751588677068,4,4.0,0.7347160845376811,0.16205962767930504,0.14752628739805726,0.15719790053973046,0.19664346292718665,0.3365727214557206,0.5332161843829073,0.3917625072019319,0.25
2025-02-26,VN:CTD,-0.1036718364002267,4,0.0,0.4661478042834489,0.16432110230679353,0.1700684501200117,0.20599127385059265,0.20699953107537936,0.25261964264722275,0.4596191737226021,0.214250468637364,0.25
2025-02-26,VN:VTP,-0.02007233772329442,4,0.0,0.3598474359535064,0.18245376374641412,0.17899171741319123,0.19071058644785605,0.21989255815904502,0.2279513742334936,0.4478439323925386,0.1611554907787905,0.25
2025-03-10,VN:GEE,0.06036667654125938,4,3.0,0.7347160845376811,0.16205962767930504,0.14752628739805726,0.15719790053973046,0.19664346292718665,0.3365727214557206,0.5332161843829073,0.3917625072019319,0.25
2025-03-10,VN:CTD,-0.052567894595321296,4,0.0,0.4661478042834489,0.16432110230679353,0.1700684501200117,0.20599127385059265,0.20699953107537936,0.25261964264722275,0.4596191737226021,0.214250468637364,0.25
2025-03-10,VN:BSI,-0.005357142857142727,4,1.0,0.44039230527247364,0.15890399331915347,0.17611206365132617,0.21174501829199574,0.2127022093252335,0.24053671541229107,0.4532389247375246,0.19960293490437564,0.25
2025-03-10,VN:SJS,0.04945598417408492,4,3.0,0.43585677253773125,0.17453863246854046,0.16856453325046697,0.20416968179254777,0.20234144337002763,0.2503857091184172,0.4527271524884448,0.19732419552381086,0.25
2025-03-20,VN:GEE,-0.022217071717104964,4,0.0,0.7347160845376811,0.16205962767930504,0.14752628739805726,0.15719790053973046,0.19664346292718665,0.3365727214557206,0.5332161843829073,0.3917625072019319,0.25
2025-03-20,VN:SJS,-0.136,4,0.0,0.4594415506803759,0.16908681140710694,0.17128780228960808,0.19958412349843796,0.20561040631517163,0.2544308564896754,0.46004126280484703,0.21136207116001726,0.25
2025-03-20,VN:FTS,-0.1858818267653929,4,0.0,0.43951334419766996,0.1591535860804566,0.17638868532248228,0.21207760500445336,0.2114655845483789,0.24091453904422885,0.45238012359260776,0.1988271009687423,0.25
2025-04-01,VN:GEE,0.2570869373066482,4,4.0,0.7347160845376811,0.16205962767930504,0.14752628739805726,0.15719790053973046,0.19664346292718665,0.3365727214557206,0.5332161843829073,0.3917625072019319,0.25
2025-04-01,VN:CMG,-0.15695899089637844,4,0.0,0.4868073688923215,0.17935047776474836,0.16308045144259256,0.18229922380597555,0.20861038254781988,0.2666594644388636,0.4752698469866835,0.23136486372544363,0.25
2025-04-01,VN:CTR,-0.13056680161943324,4,0.0,0.4161368931491109,0.1913474592164916,0.1676411876785401,0.18050404845166063,0.2075244573496444,0.25298284730366327,0.4605073046533077,0.19163407903089857,0.25
2025-04-01,VN:SJS,-0.16981132075471683,4,0.0,0.4573832520452627,0.16832927120222554,0.17052041248262542,0.2031700790400815,0.2046892524464317,0.2532909848286358,0.45798023727506754,0.20947249029733142,0.25
2025-04-14,VN:GEE,0.2996900888014782,4,4.0,0.706795149839069,0.16309616973709554,0.14884011003851563,0.16185804719155886,0.1983947098733571,0.32781096315947283,0.52620567303283,0.3719196175174072,0.25
2025-04-14,VN:CTR,-0.0022988505747124632,4,1.0,0.6365593333077628,0.1721783229059481,0.15814716642656426,0.15587092471507416,0.20117380615550856,0.3126297797969049,0.5138035859524135,0.3270664681250061,0.25
2025-04-14,VN:CMG,-0.03725078698845752,4,0.0,0.6439784308066263,0.16658087819431178,0.15274701205255145,0.17100756634805647,0.1995532154837198,0.3101113279213605,0.5096645434050803,0.3282129728997793,0.25
2025-04-14,VN:VTP,-0.006277772990805008,4,1.0,0.6363375078540299,0.16645443935556528,0.15263106383773875,0.1787889355060141,0.19224961674957325,0.3098759445511086,0.5021255613006819,0.3195213283078818,0.25
2025-04-24,VN:GEE,0.23779006667011204,4,4.0,0.7143448782809843,0.16830153512505389,0.14642734607417365,0.1560269272919457,0.1951786399606073,0.33406555154821943,0.5292441915088267,0.37806287756429074,0.25
2025-04-24,VN:VHC,0.11941848390446497,4,4.0,0.6572144776582718,0.1784585565328598,0.15478378534317017,0.1480443775653839,0.1936122328042984,0.3251010477542877,0.5187132805585861,0.34090587773671976,0.25
2025-04-24,VN:CTR,0.1241217798594847,4,4.0,0.6363450993196638,0.1715705939659299,0.155556405915129,0.16088294503441616,0.20046373604346107,0.3115263190410638,0.5119900550845249,0.32580236245344213,0.25
2025-04-24,VN:CMG,0.1312613882490461,4,4.0,0.6439784308066263,0.16658087819431178,0.15274701205255145,0.17100756634805647,0.1995532154837198,0.3101113279213605,0.5096645434050803,0.3282129728997793,0.25
2025-05-09,VN:GEE,0.36474308300395264,4,4.0,0.7143448782809843,0.16830153512505389,0.14642734607417365,0.1560269272919457,0.1951786399606073,0.33406555154821943,0.5292441915088267,0.37806287756429074,0.25
2025-05-09,VN:CMG,0.025235048315487063,4,2.0,0.640694920441357,0.16840288544901863,0.15280335106859658,0.1689411899131891,0.19962683914979812,0.31022573441939755,0.5098525735691957,0.3266599540597369,0.25
2025-05-09,VN:CTR,0.010683760683760868,4,1.0,0.6494183495814101,0.1661395828086262,0.1592489284500799,0.1648839364980478,0.19411810654049794,0.3156094457027481,0.5097275522432461,0.33102642571398083,0.25
2025-05-09,VN:SCS,0.051674290942360424,4,3.0,0.6456497758626938,0.1772352159023285,0.14904522895812988,0.16695968806743622,0.18555708229541779,0.3212027847766876,0.5067598670721054,0.32718939459131335,0.25
2025-05-21,VN:GEE,-0.015167412152336746,4,1.0,0.7143448782809843,0.16830153512505389,0.14642734607417365,0.1560269272919457,0.1951786399606073,0.33406555154821943,0.5292441915088267,0.37806287756429074,0.25
2025-05-21,VN:VTP,-0.035252216891990096,4,0.0,0.6373595053351,0.16598665466924525,0.15220212709602524,0.1782864901678787,0.19451962121546834,0.30900510685138244,0.5035247280668508,0.32092627160467874,0.25
2025-05-21,VN:PVD,0.06267029972752036,4,3.0,0.5939246239088587,0.18360635091047434,0.151546861185227,0.168480391249645,0.18820750152446325,0.3081588951301904,0.49636639665465365,0.29480422545411056,0.25
2025-05-21,VN:CMG,0.01169214955672615,4,1.0,0.47912549258581566,0.18382037902146012,0.16302431876921178,0.17650007938593507,0.2100875495361157,0.2665676732872773,0.476655222823393,0.2283776684288599,0.25
2025-06-02,VN:GEE,-0.02041498708970324,4,0.0,0.7143448782809843,0.16830153512505389,0.14642734607417365,0.1560269272919457,0.1951786399606073,0.33406555154821943,0.5292441915088267,0.37806287756429074,0.25
2025-06-02,VN:VTP,0.06746470461159193,4,3.0,0.6373595053351,0.16598665466924525,0.15220212709602524,0.1782864901678787,0.19451962121546834,0.30900510685138244,0.5035247280668508,0.32092627160467874,0.25
2025-06-02,VN:CTR,0.10520487264673317,4,4.0,0.5406290957237916,0.17296479384653576,0.16579106203032937,0.1757324162761507,0.20209271904688003,0.2834190088001041,0.48551172784698415,0.26248176638921067,0.25
2025-06-02,VN:SZC,-0.057306590257879764,4,0.0,0.5203176218318586,0.179800170359018,0.16274163369449426,0.1798598197081658,0.1950677662352885,0.2825306100030334,0.4775983762383219,0.2485028513150809,0.25
2025-06-12,VN:GEE,-0.009148656406837374,4,1.0,0.7120649857511374,0.1696447853796961,0.14759601432687022,0.1572722024131983,0.18875521140165313,0.3367317864785822,0.5254869978802353,0.3741808916579977,0.25
2025-06-12,VN:DXS,-0.01980198019801982,4,0.0,0.6936047329545727,0.1550564192988935,0.14825597626352274,0.17534861229879575,0.2060217143002408,0.3153172778385472,0.521338992138788,0.3616031924212301,0.25
2025-06-12,VN:SIP,0.05683460167613896,4,3.0,0.6615270128618627,0.16657700886462615,0.16135510561831137,0.15559887654186969,0.19668544535807603,0.31978356361711674,0.5164690089751928,0.3416582007430858,0.25
2025-06-12,VN:BCM,0.0844617816882045,4,4.0,0.6296439413673273,0.17274460453904575,0.15635547274880815,0.16879499210111784,0.18741308431942885,0.31469184629159935,0.5021049306110282,0.3161473274898962,0.25
2025-06-24,VN:DXS,0.06888888888888878,4,3.0,0.7197378087004693,0.15373890330998455,0.1469962320774232,0.1716801549744629,0.2042711407582632,0.3233135688798661,0.5275847096381293,0.37972266281882056,0.25
2025-06-24,VN:GEE,-0.040399396859254866,4,0.0,0.703307718038559,0.1647619605064392,0.14998626708984375,0.16310444474220276,0.19181203842163086,0.3303352892398834,0.5221473276615143,0.36723024549755134,0.25
2025-06-24,VN:SIP,0.05653228816722655,4,3.0,0.5426801306808036,0.17066422613454538,0.16531417266470708,0.17990640341956626,0.20151141886447127,0.28260377891671,0.4841151977811813,0.2627196987964545,0.25
2025-06-24,VN:VTP,0.06824333265166183,4,3.0,0.48711191843616847,0.1786499795116481,0.1602375233208764,0.1876989780023542,0.20779557835751145,0.26561794080760986,0.4734135191651213,0.23060536753414004,0.25
2025-07-04,VN:GEE,0.26527570789865873,4,4.0,0.7123720668332536,0.15720451431247506,0.1569909508829742,0.1632360122659199,0.1919667606373572,0.3306017619012736,0.5225685225386308,0.3722632184628441,0.25
2025-07-04,VN:DXS,0.23913043478260887,4,4.0,0.6572572290897369,0.159669890999794,0.15050899982452393,0.1726847141981125,0.21215158700942993,0.30498480796813965,0.5171363949775696,0.33989163402441314,0.25
2025-07-04,VN:DXG,0.14035087719298245,4,4.0,0.4937162770884675,0.1582301282618959,0.16552867241991567,0.2108470679945807,0.21023859396932415,0.2551555373542836,0.46539413132360774,0.22977265789591295,0.25
2025-07-04,VN:ANV,-0.0020920502092049986,4,1.0,0.49643710255622864,0.16072271764278412,0.16420404613018036,0.2113366574048996,0.20456157624721527,0.25917500257492065,0.4637365788221359,0.2302160435397993,0.25
2025-07-16,VN:DXS,0.06280193236714982,4,3.0,0.7408941719335693,0.1582945059967565,0.14266987782731105,0.16467057904618587,0.20147102481742316,0.3328940123123234,0.5343650371297466,0.3959079416944946,0.25
2025-07-16,VN:GEE,0.07678712020180933,4,4.0,0.7482829615985465,0.16439458237902574,0.1416098731276431,0.15986047208725,0.19186160886700127,0.3422734635390799,0.5341350724060812,0.39968417387367644,0.25
2025-07-16,VN:TCH,-0.04761904761904767,4,0.0,0.6259791348275414,0.1557382815441233,0.15911163626777583,0.1835770634349743,0.20407586103790792,0.2974971577152186,0.5015730187531265,0.31397424433192034,0.25
2025-07-16,VN:VIX,0.5380084540225905,4,4.0,0.5165313405315379,0.1613144999546632,0.15556423134261024,0.208655235042345,0.21433676459883505,0.2601292690615465,0.47446603366038154,0.24507657640327868,0.25
2025-07-28,VN:DXS,0.06751054852320681,4,3.0,0.7577637321090143,0.15613578027284472,0.14908677117397232,0.15592109924672395,0.1987234920453505,0.3401328572611085,0.538856349306459,0.408325798321101,0.25
2025-07-28,VN:GEE,-0.0038959015116099005,4,1.0,0.7336936702384602,0.16302272920344366,0.14877307636697704,0.1585264378566509,0.19026053235323032,0.33941722421969805,0.5296777565729284,0.3886212172636655,0.25
2025-07-28,VN:VSC,0.2057026476578412,4,4.0,0.5121298207025258,0.16278312857772217,0.15698051218717526,0.21055484994419144,0.20718396891379404,0.2624975403771171,0.4696815092909111,0.240537907140446,0.25
2025-07-28,VN:CII,0.4170397299585127,4,4.0,0.4996091648878033,0.15939967571794503,0.1633389318486889,0.20959697976107866,0.21062289492224,0.2570415177500474,0.4676644126722874,0.23364942666294655,0.25
2025-08-07,VN:VSC,0.13872832369942212,4,4.0,0.7553427851894083,0.15563693410699167,0.14861045556350863,0.15861785175475698,0.19808858337866392,0.33904617519607877,0.5371347585747427,0.40572086456388656,0.25
2025-08-07,VN:DXS,-0.057613168724279906,4,0.0,0.7411185574864911,0.15834244067497374,0.14271308907011418,0.1644175995712757,0.20153204207217817,0.3329948286114582,0.5345268706836364,0.3961477833388248,0.25
2025-08-07,VN:SJS,-0.11267605633802813,4,0.0,0.7164132637319973,0.16878886269347573,0.14685132880730437,0.15358318159605291,0.1957437813916239,0.33503284551154305,0.530776626903167,0.3802554155923585,0.25
2025-08-07,VN:GEE,0.01857957652941633,4,2.0,0.6935843183634329,0.16286212448570317,0.15544231467608086,0.1616257751230266,0.19272923756732402,0.32734054814786534,0.5200697857151894,0.36071224782668626,0.25
2025-08-19,VN:DXS,-0.02692307692307694,4,0.0,0.7530907020893902,0.15517290398993802,0.1481673612644482,0.16112645450611277,0.19749798469239427,0.3380352955471067,0.535533280239501,0.40330513400779994,0.25
2025-08-19,VN:PDR,-0.08949416342412453,4,0.0,0.7459909729062166,0.15370999505683772,0.14677050928429528,0.16903496040455937,0.19563606672936779,0.3348484685249398,0.5304845352543076,0.3957366745660631,0.25
2025-08-19,VN:VSC,-0.1757142857142857,4,0.0,0.7143448782809843,0.16830153512505389,0.14642734607417365,0.1560269272919457,0.1951786399606073,0.33406555154821943,0.5292441915088267,0.37806287756429074,0.25
2025-08-19,VN:SJS,0.12671755725190836,4,4.0,0.7078138055745902,0.16392718744060955,0.1492263570197331,0.15927523849234695,0.1989095568331944,0.32866166021411597,0.5275712170473104,0.3734221908498748,0.25
2025-08-29,VN:DXS,-0.0038610038610037423,4,1.0,0.7297977209091187,0.15731288492679596,0.14828722178936005,0.16334854066371918,0.20022167265415192,0.3308296799659729,0.5310513526201248,0.3875600668278718,0.25
2025-08-29,VN:VIX,-0.018576143328618566,4,0.0,0.7164132637319973,0.16878886269347573,0.14685132880730437,0.15358318159605291,0.1957437813916239,0.33503284551154305,0.530776626903167,0.3802554155923585,0.25
2025-08-29,VN:VSC,-0.018333333333333313,4,0.0,0.6941359444578878,0.16232887152327405,0.15454796186906042,0.160695838342545,0.19697016771093262,0.3254571605541879,0.5224273282651205,0.3626355869159204,0.25
2025-08-29,VN:SJS,0.19726858877086495,4,4.0,0.6918313148071971,0.16178991908461096,0.15403484839097117,0.16348243762605078,0.19631619166385555,0.3243766032345115,0.5206927948983671,0.3602315809051715,0.25
2025-09-12,VN:SJS,-0.1144736842105264,4,0.0,0.7347160845376811,0.16205962767930504,0.14752628739805726,0.15719790053973046,0.19664346292718665,0.3365727214557206,0.5332161843829073,0.3917625072019319,0.25
2025-09-12,VN:DXS,-0.09926470588235292,4,0.0,0.7297977209091187,0.15731288492679596,0.14828722178936005,0.16334854066371918,0.20022167265415192,0.3308296799659729,0.5310513526201248,0.3875600668278718,0.25
2025-09-12,VN:VIX,0.03141822121407056,4,2.0,0.7143448782809843,0.16830153512505389,0.14642734607417365,0.1560269272919457,0.1951786399606073,0.33406555154821943,0.5292441915088267,0.37806287756429074,0.25
2025-09-12,VN:ANV,0.010507880910682887,4,1.0,0.7168357414478699,0.15640739863503875,0.1561949229807418,0.15940306843216615,0.19906918407873536,0.3289254258733179,0.5279946099520533,0.37848540770545896,0.25
2025-09-24,VN:CII,0.09836065573770503,4,4.0,0.7262586951255798,0.15696373581886292,0.14987735450267792,0.1632862091064453,0.199777290225029,0.33009541034698486,0.5298727005720139,0.38482465610009786,0.25
2025-09-24,VN:VIX,0.014820019802612716,4,1.0,0.7143448782809843,0.16830153512505389,0.14642734607417365,0.1560269272919457,0.1951786399606073,0.33406555154821943,0.5292441915088267,0.37806287756429074,0.25
2025-09-24,VN:SJS,-0.05070422535211261,4,0.0,0.6941359444578878,0.16232887152327405,0.15454796186906042,0.160695838342545,0.19697016771093262,0.3254571605541879,0.5224273282651205,0.3626355869159204,0.25
2025-09-24,VN:DXS,-0.07307692307692304,4,0.0,0.6487298362146343,0.16036629437854447,0.1564428782993126,0.16991558417803668,0.20696021308064144,0.3063150300634648,0.5132752431441062,0.33297696441790264,0.25
2025-10-06,VN:ANV,-0.009493670886075889,4,1.0,0.7172194188004559,0.15588614809173787,0.15567438768370115,0.1594318646023233,0.2011783480995401,0.32782925152269754,0.5290075996222376,0.37941452314208557,0.25
2025-10-06,VN:VIC,0.1296605453533668,4,4.0,0.712403804063797,0.16784422099590302,0.14602947235107422,0.15832020342350006,0.19464829564094543,0.33315780758857727,0.5278061032295227,0.3760110757488011,0.25
2025-10-06,VN:VIX,-0.082995066508462,4,0.0,0.706795149839069,0.16309616973709554,0.14884011003851563,0.16185804719155886,0.1983947098733571,0.32781096315947283,0.52620567303283,0.3719196175174072,0.25
2025-10-06,VN:CII,0.06153846153846154,4,3.0,0.712297003154412,0.15541708700980375,0.1552059673548634,0.16472538061030775,0.1978087752730962,0.3268427897519289,0.5246515650250251,0.3737077374675975,0.25
2025-10-16,VN:CII,-0.2533333333333334,4,0.0,0.735818937420845,0.16172170639038086,0.14758577942848206,0.15726129710674286,0.19672276079654694,0.3367084562778473,0.5334312170743942,0.3925087913347889,0.25
2025-10-16,VN:VIX,-0.3413231064237775,4,0.0,0.735818937420845,0.16172170639038086,0.14758577942848206,0.15726129710674286,0.19672276079654694,0.3367084562778473,0.5334312170743942,0.3925087913347889,0.25
2025-10-16,VN:VIC,-0.08305959643359917,4,0.0,0.7164132637319973,0.16878886269347573,0.14685132880730437,0.15358318159605291,0.1957437813916239,0.33503284551154305,0.530776626903167,0.3802554155923585,0.25
2025-10-16,VN:GEX,-0.3256907179919287,4,0.0,0.7211646205533928,0.16446927679983606,0.1416742098830405,0.16322072336735496,0.20006499290660001,0.33057079704316844,0.5306357899497685,0.3826757581111746,0.25
2025-10-28,VN:VIC,-0.040436165379373,4,0.0,0.7143448782809843,0.16830153512505389,0.14642734607417365,0.1560269272919457,0.1951786399606073,0.33406555154821943,0.5292441915088267,0.37806287756429074,0.25
2025-10-28,VN:GEE,-0.03833323463808458,4,0.0,0.7120649857511374,0.1696447853796961,0.14759601432687022,0.1572722024131983,0.18875521140165313,0.3367317864785822,0.5254869978802353,0.3741808916579977,0.25
2025-10-28,VN:LPB,-0.07387661843107385,4,0.0,0.48535697162151337,0.15886190533638,0.17246153950691223,0.20548288524150848,0.20701934397220612,0.25617432594299316,0.4631936699151993,0.224814276904296,0.25
2025-10-28,VN:VJC,-0.059733333333333305,4,0.0,0.4406876415014267,0.17647317051887512,0.17043283581733704,0.19534896314144135,0.20458413660526276,0.25316089391708374,0.4577450305223465,0.20172257790989145,0.25
2025-11-07,VN:VIC,0.2168252378567852,4,4.0,0.6853697597980499,0.1697206050157547,0.1476619839668274,0.16057686507701874,0.1968243420124054,0.3252162039279938,0.5220405459403992,0.3577908035760142,0.25
2025-11-07,VN:GEE,0.10254834745488628,4,4.0,0.6739195782852236,0.16988880679177035,0.1545865959735722,0.1583178317797507,0.19166825426119188,0.32553851119371485,0.5172067654549067,0.34855576526163534,0.25
2025-11-07,VN:GEX,0.026166435689302325,4,2.0,0.633116046087683,0.16829158616500475,0.15270237852189508,0.1766458776093405,0.1923394380858457,0.31002071961791394,0.5023601577037596,0.3180522767573892,0.25
2025-11-07,VN:DXS,0.021671826625387025,4,2.0,0.4804537898166838,0.1817028468339787,0.1612719398357886,0.18655912022116422,0.20313342800338782,0.26733266510568066,0.4704660931090685,0.22603721741450078,0.25
2025-11-19,VN:VIC,0.2952380952380953,4,4.0,0.7143448782809843,0.16830153512505389,0.14642734607417365,0.1560269272919457,0.1951786399606073,0.33406555154821943,0.5292441915088267,0.37806287756429074,0.25
2025-11-19,VN:BSI,-0.04825090470446325,4,0.0,0.6511558637367447,0.1639654983271807,0.15882546182946747,0.16883700099101664,0.19360189716821602,0.31477014168411915,0.5083720388523352,0.33102943405850227,0.25
2025-11-19,VN:GEE,0.34082834016608854,4,4.0,0.6226486302211474,0.16867466773613296,0.16058959545462118,0.16446573032336623,0.19911122915480223,0.3071587773310774,0.5062700064858796,0.31522832606048434,0.25
2025-11-19,VN:VGC,-0.03816793893129766,4,0.0,0.6286558415195966,0.16717131186766457,0.1531690336291636,0.176982608780524,0.1959318191419271,0.30674522658072073,0.5026770457226478,0.3160108611913559,0.25
2025-12-01,VN:VIC,0.058910707669507456,4,3.0,0.7143448782809843,0.16830153512505389,0.14642734607417365,0.1560269272919457,0.1951786399606073,0.33406555154821943,0.5292441915088267,0.37806287756429074,0.25
2025-12-01,VN:GEE,-0.15615119347739936,4,0.0,0.709770383848525,0.1690980989278496,0.14712037759301796,0.15998790204597102,0.188146952501121,0.33564666893204037,0.5237936214331613,0.3717731997420239,0.25
2025-12-01,VN:BSI,-0.03069053708439906,4,0.0,0.6615270128618627,0.16657700886462615,0.16135510561831137,0.15559887654186969,0.19668544535807603,0.31978356361711674,0.5164690089751928,0.3416582007430858,0.25
2025-12-01,VN:VCI,0.023949128747212667,4,2.0,0.6396699291369297,0.1754952423422111,0.15884514626399118,0.1555595593321192,0.19039729804984623,0.3197027540118323,0.5101000520616785,0.326295664155038,0.25
2025-12-11,VN:VIC,0.09383561643835603,4,4.0,0.7143448782809843,0.16830153512505389,0.14642734607417365,0.1560269272919457,0.1951786399606073,0.33406555154821943,0.5292441915088267,0.37806287756429074,0.25
2025-12-11,VN:VGC,-0.021327014218009643,4,0.0,0.6319726556539536,0.16766515374183655,0.15362150967121124,0.17309166491031647,0.19797027111053467,0.3076514005661011,0.5056216716766357,0.3195390706056749,0.25
2025-12-11,VN:DXS,-0.055384615384615254,4,0.0,0.637955904006958,0.165400892496109,0.15166501700878143,0.17834067344665527,0.1966787725687027,0.3079146444797516,0.5045934170484543,0.32190834952910663,0.25
2025-12-11,VN:DXG,-0.019444444444444486,4,0.0,0.6253968179225922,0.16901129484176636,0.15323598682880402,0.17485594749450684,0.19601745903491974,0.30687931180000305,0.5028967708349228,0.31451004022370777,0.25
2025-12-23,VN:VIC,-0.03649205414949985,4,0.0,0.7143448782809843,0.16830153512505389,0.14642734607417365,0.1560269272919457,0.1951786399606073,0.33406555154821943,0.5292441915088267,0.37806287756429074,0.25
2025-12-23,VN:DGC,-0.07142857142857129,4,0.0,0.7601567173027503,0.17302158732744435,0.14849920792131435,0.16175982597112396,0.14772951823069927,0.368989860549418,0.5167193787801173,0.39278770674021035,0.25
2025-12-23,VN:HDC,-0.2215670103092784,4,0.0,0.6417528050615549,0.16600514453634188,0.15221909725013086,0.17387267429016012,0.198863530192866,0.3090395537305011,0.5079030839233671,0.3259482288072352,0.25
2025-12-23,VN:VGC,0.10012062726176119,4,4.0,0.6319726556539536,0.16766515374183655,0.15362150967121124,0.17309166491031647,0.19797027111053467,0.3076514005661011,0.5056216716766357,0.3195390706056749,0.25
2026-01-06,VN:VIC,-0.06932409012131713,4,0.0,0.7143448782809843,0.16830153512505389,0.14642734607417365,0.1560269272919457,0.1951786399606073,0.33406555154821943,0.5292441915088267,0.37806287756429074,0.25
2026-01-06,VN:VHM,-0.15021156558533155,4,0.0,0.7093282447655238,0.16304117684127653,0.148789914679377,0.15936921774401094,0.20109927953927637,0.32770041119605914,0.5287996907353355,0.37509255646184736,0.25
2026-01-06,VN:DGC,0.17142857142857149,4,4.0,0.7770390957593918,0.18144328892230988,0.1557273119688034,0.14107680320739746,0.13480240106582642,0.38695019483566284,0.5217525959014893,0.40542216532940856,0.25
2026-01-06,VN:PAN,0.08239311163895491,4,4.0,0.7694835914902275,0.17027143372872022,0.15613108175406984,0.1574406255435664,0.14115651810959645,0.3750003408640471,0.5161568589736436,0.39717423361535414,0.25
2026-01-16,VN:GVR,0.19220055710306405,4,4.0,0.7104188564544576,0.15313853779848033,0.1529305026808531,0.1684065213324583,0.2034734399161768,0.3220509982720315,0.5255244381882083,0.3733424704165382,0.25
2026-01-16,VN:PAN,0.11347982945227941,4,4.0,0.6777217883211109,0.1641950731844444,0.15055933370352784,0.16855838643672486,0.19669517581619061,0.31999203085911226,0.5166872066753029,0.3501701777106257,0.25
2026-01-16,VN:VIC,-0.1826141338336461,4,0.0,0.6714280596801061,0.16992675274392224,0.15462112887564686,0.16077191116726133,0.18906896379795562,0.3256112434152139,0.5146802072131695,0.3455707328848934,0.25
2026-01-16,VN:HDC,0.01646068325327854,4,1.0,0.6439784308066263,0.16658087819431178,0.15274701205255145,0.17100756634805647,0.1995532154837198,0.3101113279213605,0.5096645434050803,0.3282129728997793,0.25
2026-01-28,VN:GVR,-0.047120418848167644,4,0.0,0.6975402922171268,0.16180097574588728,0.1540453686104605,0.15776353604306173,0.2019913732412048,0.32439874635938565,0.5263901196005905,0.3671783178464042,0.25
2026-01-28,VN:HDC,-0.009303320322942787,4,1.0,0.6439784308066263,0.16658087819431178,0.15274701205255145,0.17100756634805647,0.1995532154837198,0.3101113279213605,0.5096645434050803,0.3282129728997793,0.25
2026-01-28,VN:PAN,0.0729956480775269,4,3.0,0.6439784308066263,0.16658087819431178,0.15274701205255145,0.17100756634805647,0.1995532154837198,0.3101113279213605,0.5096645434050803,0.3282129728997793,0.25
2026-01-28,VN:NLG,0.0,4,1.0,0.6405286639928818,0.16623131930828094,0.15452490746974945,0.1706487238407135,0.1991344690322876,0.3094605803489685,0.5085950493812561,0.3257697074935697,0.25
2026-02-09,VN:BVH,0.045751633986928164,4,2.0,0.6909372405568177,0.16158084330587322,0.15383578607684692,0.1645634745871503,0.19606248742248883,0.3239574086076407,0.5200198960301295,0.35930111199770093,0.25
2026-02-09,VN:HDC,-0.11692729766803844,4,0.0,0.6439784308066263,0.16658087819431178,0.15274701205255145,0.17100756634805647,0.1995532154837198,0.3101113279213605,0.5096645434050803,0.3282129728997793,0.25
2026-02-09,VN:DXG,-0.029969650986342966,4,0.0,0.6421092205925403,0.16647769262674908,0.1526523954771102,0.17299143712235335,0.19795921149910672,0.3099192632746806,0.5078784747737873,0.3261134515927247,0.25
2026-02-09,VN:DXS,-0.0720461095100865,4,0.0,0.6421092205925403,0.16647769262674908,0.1526523954771102,0.17299143712235335,0.19795921149910672,0.3099192632746806,0.5078784747737873,0.3261134515927247,0.25
2026-02-26,VN:PVD,-0.005347593582887611,4,1.0,0.7189538287960564,0.1547899418292931,0.14780168455543644,0.17212081211985367,0.1997636437380857,0.3255239177573311,0.5252875614954168,0.3776575035560738,0.25
2026-02-26,VN:BVH,-0.1428571428571429,4,0.0,0.69393053072898,0.16228083782551175,0.1545022381990481,0.16094418880509767,0.1969118804659879,0.32536085470435455,0.5222727351703425,0.3624209963020318,0.25
2026-02-26,VN:VIC,-0.14328004736530497,4,0.0,0.6979135156921437,0.16245857402929223,0.14635973296405477,0.1750501438945446,0.18960212531077114,0.32652942380133726,0.5161315491121083,0.3602151840004638,0.25
2026-02-26,VN:PC1,-0.06914893617021278,4,0.0,0.6481380410214967,0.16002498805560153,0.15834833917540816,0.16641648361707453,0.20954710557381967,0.3056630835780961,0.5152101891519157,0.3339273227112375,0.25
2026-03-10,VN:PVD,-0.12262958280657377,4,0.0,0.6941359444578878,0.16232887152327405,0.15454796186906042,0.160695838342545,0.19697016771093262,0.3254571605541879,0.5224273282651205,0.3626355869159204,0.25
2026-03-10,VN:DXS,0.06218487394957983,4,3.0,0.6772827010941909,0.1640886837853295,0.15046178028675586,0.16909709824766364,0.19656773204457362,0.31978470563567735,0.516352437680251,0.3497165737086502,0.25
2026-03-10,VN:HDC,0.03798063995697776,4,2.0,0.7694835914902275,0.17027143372872022,0.15613108175406984,0.1574406255435664,0.14115651810959645,0.3750003408640471,0.5161568589736436,0.39717423361535414,0.25
2026-03-10,VN:DBC,-0.008691809074837908,4,1.0,0.6542815216523636,0.16475256032873034,0.1595878326831435,0.16484730191301258,0.19453122011618645,0.3162810849589271,0.5108123050751135,0.3342150522432967,0.25
2026-03-20,VN:DGC,-0.023423423423423406,4,0.0,0.6442439301086642,0.17196448659791014,0.15447164042209507,0.1581448065681698,0.20180632775444768,0.3136127386573773,0.515419066411825,0.3320556049980927,0.25
2026-03-20,VN:DIG,0.01872659176029967,4,2.0,0.6439784308066263,0.16658087819431178,0.15274701205255145,0.17100756634805647,0.1995532154837198,0.3101113279213605,0.5096645434050803,0.3282129728997793,0.25
2026-03-20,VN:DXG,-0.007153308405137282,4,1.0,0.6439784308066263,0.16658087819431178,0.15274701205255145,0.17100756634805647,0.1995532154837198,0.3101113279213605,0.5096645434050803,0.3282129728997793,0.25
2026-03-20,VN:HDC,0.022858644245927318,4,2.0,0.6439784308066263,0.16658087819431178,0.15274701205255145,0.17100756634805647,0.1995532154837198,0.3101113279213605,0.5096645434050803,0.3282129728997793,0.25
2026-04-01,VN:DBC,0.0,4,1.0,0.6526692904929712,0.16434657818595436,0.1591945761322167,0.16690527151383863,0.1940518497534372,0.3155017244145531,0.5095535741679903,0.3325699697203798,0.25
2026-04-01,VN:DXG,0.031109710955343983,4,2.0,0.6413238644599915,0.16589421033859253,0.15211735665798187,0.17442479729652405,0.19873063266277313,0.3088330030441284,0.5075636357069016,0.3255126723109134,0.25
2026-04-01,VN:CTS,-0.03203494721514377,4,0.0,0.6410727894466042,0.16794042539507784,0.15399365356555064,0.1724032487333305,0.1930203615579063,0.3126423107481347,0.505662672306041,0.32416657985425784,0.25
2026-04-01,VN:HDC,-0.007991639515583682,4,1.0,0.6410727894466042,0.16794042539507784,0.15399365356555064,0.1724032487333305,0.1930203615579063,0.3126423107481347,0.505662672306041,0.32416657985425784,0.25
2026-04-13,VN:VRE,0.22323049001814899,4,4.0,0.633116046087683,0.16829158616500475,0.15270237852189508,0.1766458776093405,0.1923394380858457,0.31002071961791394,0.5023601577037596,0.3180522767573892,0.25
2026-04-13,VN:BMP,0.11940180720514526,4,4.0,0.45396605134010315,0.18180307745933533,0.16455450654029846,0.19341617822647095,0.19927600026130676,0.2609502375125885,0.46022623777389526,0.20892708788532666,0.25
2026-04-13,VN:VJC,0.07853407222079345,4,4.0,0.4338922927943555,0.1845119352493267,0.16549532608673947,0.19385785442167086,0.19999658167352025,0.2561383025687427,0.45613488424226295,0.1979134107473634,0.25
2026-04-13,VN:FPT,-0.030253311457041132,4,0.0,0.4102968783720862,0.19169505226157685,0.16794571530738048,0.18561129548566482,0.20130555631675656,0.2534423806286213,0.45474793694537785,0.18658165897483484,0.25
2026-04-23,VN:VIC,0.07132867132867138,4,3.0,0.685343285123359,0.17104822142350343,0.1488170452592217,0.15939827025833322,0.1929763079736187,0.3277601550853229,0.5207364630589416,0.3568832382763337,0.25
2026-04-23,VN:FPT,-0.00537590394323928,4,1.0,0.6432517266758043,0.17948407202190267,0.1607571566217714,0.14733849685398484,0.18714189808282103,0.32527837641952,0.5124202745023411,0.32961522635732055,0.25
2026-04-23,VN:BCM,-0.016574585635359074,4,1.0,0.6396699291369297,0.1754952423422111,0.15884514626399118,0.1555595593321192,0.19039729804984623,0.3197027540118323,0.5101000520616785,0.326295664155038,0.25
2026-04-23,VN:VHM,0.05369127516778516,4,3.0,0.6551402360200882,0.1625296026468277,0.15695783495903015,0.17355525493621826,0.19185732305049896,0.3150999844074249,0.5069573074579239,0.3321281300600927,0.25
2026-05-08,VN:VHM,-0.062195121951219456,4,0.0,0.6916721864293842,0.16363643353635718,0.1557928495972283,0.1619902575312593,0.19050173745306936,0.3280787218820858,0.5185804593351552,0.35868768014790114,0.25
2026-05-08,VN:VIC,-0.05752212389380529,4,0.0,0.6828373419815699,0.17108668131997165,0.14885051326676438,0.16186935958460927,0.19035955979884328,0.3278338860298114,0.5181934458286547,0.35384183518190915,0.25
2026-05-08,VN:FPT,0.036165982826445564,4,2.0,0.6452197038349554,0.17849394413092814,0.15987032413675897,0.14652569373658755,0.19162609887680265,0.32348393911892265,0.5151100379957253,0.3323591461580145,0.25
2026-05-08,VN:PLX,0.06382978723404253,4,3.0,0.6383921504020691,0.1655139923095703,0.1517687290906906,0.17777881026268005,0.19681327044963837,0.30812519788742065,0.504938468337059,0.3223487546224222,0.25
2026-05-20,VN:VIC,,4,,0.6828373419815699,0.17108668131997165,0.14885051326676438,0.16186935958460927,0.19035955979884328,0.3278338860298114,0.5181934458286547,0.35384183518190915,0.25
2026-05-20,VN:DGC,,4,,0.6428741120863839,0.16897566364741826,0.1533230818312901,0.16611453643270527,0.20030581652662433,0.31128090156196203,0.5115867180885864,0.32888585714638713,0.25
2026-05-20,VN:VHM,,4,,0.6179433074900016,0.16814101981906562,0.1600815331923733,0.16984456524484506,0.19574588245532093,0.30618699928839505,0.501932881743716,0.31016606508269967,0.25
2026-05-20,VN:GEX,,4,,0.516276404261589,0.16833190619945526,0.1739720106124878,0.17835551500320435,0.20555473864078522,0.2737858295440674,0.4793405681848526,0.24747222495918275,0.25
