date,equity,portfolio_return,drawdown
2018-01-02,100000000.0,0.0,0.0
2018-01-03,100000000.0,0.0,0.0
2018-01-04,100000000.0,0.0,0.0
2018-01-05,100000000.0,0.0,0.0
2018-01-08,100000000.0,0.0,0.0
2018-01-09,100000000.0,0.0,0.0
2018-01-10,100000000.0,0.0,0.0
2018-01-11,100000000.0,0.0,0.0
2018-01-12,100000000.0,0.0,0.0
2018-01-15,100000000.0,0.0,0.0
2018-01-16,100000000.0,0.0,0.0
2018-01-17,100000000.0,0.0,0.0
2018-01-18,100000000.0,0.0,0.0
2018-01-19,100000000.0,0.0,0.0
2018-01-22,100000000.0,0.0,0.0
2018-01-23,100000000.0,0.0,0.0
2018-01-24,100000000.0,0.0,0.0
2018-01-25,100000000.0,0.0,0.0
2018-01-26,100000000.0,0.0,0.0
2018-01-29,100000000.0,0.0,0.0
2018-01-30,100000000.0,0.0,0.0
2018-01-31,100000000.0,0.0,0.0
2018-02-01,100000000.0,0.0,0.0
2018-02-02,100000000.0,0.0,0.0
2018-02-05,100000000.0,0.0,0.0
2018-02-06,100000000.0,0.0,0.0
2018-02-07,100000000.0,0.0,0.0
2018-02-08,100000000.0,0.0,0.0
2018-02-09,100000000.0,0.0,0.0
2018-02-12,100000000.0,0.0,0.0
2018-02-13,100000000.0,0.0,0.0
2018-02-21,100000000.0,0.0,0.0
2018-02-22,100000000.0,0.0,0.0
2018-02-23,100000000.0,0.0,0.0
2018-02-26,100000000.0,0.0,0.0
2018-02-27,100000000.0,0.0,0.0
2018-02-28,100000000.0,0.0,0.0
2018-03-01,100000000.0,0.0,0.0
2018-03-02,100000000.0,0.0,0.0
2018-03-05,100000000.0,0.0,0.0
2018-03-06,100000000.0,0.0,0.0
2018-03-07,100000000.0,0.0,0.0
2018-03-08,100000000.0,0.0,0.0
2018-03-09,100000000.0,0.0,0.0
2018-03-12,100000000.0,0.0,0.0
2018-03-13,100000000.0,0.0,0.0
2018-03-14,100000000.0,0.0,0.0
2018-03-15,100000000.0,0.0,0.0
2018-03-16,100000000.0,0.0,0.0
2018-03-19,100000000.0,0.0,0.0
2018-03-20,100000000.0,0.0,0.0
2018-03-21,100000000.0,0.0,0.0
2018-03-22,100000000.0,0.0,0.0
2018-03-23,100000000.0,0.0,0.0
2018-03-26,100000000.0,0.0,0.0
2018-03-27,100000000.0,0.0,0.0
2018-03-28,100000000.0,0.0,0.0
2018-03-29,100000000.0,0.0,0.0
2018-03-30,100000000.0,0.0,0.0
2018-04-02,100000000.0,0.0,0.0
2018-04-03,100000000.0,0.0,0.0
2018-04-04,100000000.0,0.0,0.0
2018-04-05,100000000.0,0.0,0.0
2018-04-06,100000000.0,0.0,0.0
2018-04-09,100000000.0,0.0,0.0
2018-04-10,100000000.0,0.0,0.0
2018-04-11,100000000.0,0.0,0.0
2018-04-12,100000000.0,0.0,0.0
2018-04-13,100000000.0,0.0,0.0
2018-04-16,100000000.0,0.0,0.0
2018-04-17,100000000.0,0.0,0.0
2018-04-18,100000000.0,0.0,0.0
2018-04-19,100000000.0,0.0,0.0
2018-04-20,100000000.0,0.0,0.0
2018-04-23,100000000.0,0.0,0.0
2018-04-24,100000000.0,0.0,0.0
2018-04-26,100000000.0,0.0,0.0
2018-04-27,100000000.0,0.0,0.0
2018-05-02,100000000.0,0.0,0.0
2018-05-03,100000000.0,0.0,0.0
2018-05-04,100000000.0,0.0,0.0
2018-05-07,100000000.0,0.0,0.0
2018-05-08,100000000.0,0.0,0.0
2018-05-09,100000000.0,0.0,0.0
2018-05-10,100000000.0,0.0,0.0
2018-05-11,100000000.0,0.0,0.0
2018-05-14,100000000.0,0.0,0.0
2018-05-15,100000000.0,0.0,0.0
2018-05-16,100000000.0,0.0,0.0
2018-05-17,100000000.0,0.0,0.0
2018-05-18,100000000.0,0.0,0.0
2018-05-21,100000000.0,0.0,0.0
2018-05-22,100000000.0,0.0,0.0
2018-05-23,100000000.0,0.0,0.0
2018-05-24,100000000.0,0.0,0.0
2018-05-25,100000000.0,0.0,0.0
2018-05-28,100000000.0,0.0,0.0
2018-05-29,100000000.0,0.0,0.0
2018-05-30,100000000.0,0.0,0.0
2018-05-31,100000000.0,0.0,0.0
2018-06-01,100000000.0,0.0,0.0
2018-06-04,100000000.0,0.0,0.0
2018-06-05,100000000.0,0.0,0.0
2018-06-06,100000000.0,0.0,0.0
2018-06-07,100000000.0,0.0,0.0
2018-06-08,100000000.0,0.0,0.0
2018-06-11,100000000.0,0.0,0.0
2018-06-12,100000000.0,0.0,0.0
2018-06-13,100000000.0,0.0,0.0
2018-06-14,100000000.0,0.0,0.0
2018-06-15,100000000.0,0.0,0.0
2018-06-18,100000000.0,0.0,0.0
2018-06-19,100000000.0,0.0,0.0
2018-06-20,100000000.0,0.0,0.0
2018-06-21,100000000.0,0.0,0.0
2018-06-22,100000000.0,0.0,0.0
2018-06-25,100000000.0,0.0,0.0
2018-06-26,100000000.0,0.0,0.0
2018-06-27,100000000.0,0.0,0.0
2018-06-28,100000000.0,0.0,0.0
2018-06-29,100000000.0,0.0,0.0
2018-07-02,100000000.0,0.0,0.0
2018-07-03,100000000.0,0.0,0.0
2018-07-04,100000000.0,0.0,0.0
2018-07-05,100000000.0,0.0,0.0
2018-07-06,100000000.0,0.0,0.0
2018-07-09,100000000.0,0.0,0.0
2018-07-10,100000000.0,0.0,0.0
2018-07-11,100000000.0,0.0,0.0
2018-07-12,100000000.0,0.0,0.0
2018-07-13,100000000.0,0.0,0.0
2018-07-16,100000000.0,0.0,0.0
2018-07-17,100000000.0,0.0,0.0
2018-07-18,100000000.0,0.0,0.0
2018-07-19,100000000.0,0.0,0.0
2018-07-20,100000000.0,0.0,0.0
2018-07-23,100000000.0,0.0,0.0
2018-07-24,100000000.0,0.0,0.0
2018-07-25,100000000.0,0.0,0.0
2018-07-26,100000000.0,0.0,0.0
2018-07-27,100000000.0,0.0,0.0
2018-07-30,100000000.0,0.0,0.0
2018-07-31,100000000.0,0.0,0.0
2018-08-01,100000000.0,0.0,0.0
2018-08-02,100000000.0,0.0,0.0
2018-08-03,100000000.0,0.0,0.0
2018-08-06,100000000.0,0.0,0.0
2018-08-07,100000000.0,0.0,0.0
2018-08-08,100000000.0,0.0,0.0
2018-08-09,100000000.0,0.0,0.0
2018-08-10,100000000.0,0.0,0.0
2018-08-13,100000000.0,0.0,0.0
2018-08-14,100000000.0,0.0,0.0
2018-08-15,100000000.0,0.0,0.0
2018-08-16,100000000.0,0.0,0.0
2018-08-17,100000000.0,0.0,0.0
2018-08-20,100000000.0,0.0,0.0
2018-08-21,100000000.0,0.0,0.0
2018-08-22,100000000.0,0.0,0.0
2018-08-23,100000000.0,0.0,0.0
2018-08-24,100000000.0,0.0,0.0
2018-08-27,100000000.0,0.0,0.0
2018-08-28,100000000.0,0.0,0.0
2018-08-29,100000000.0,0.0,0.0
2018-08-30,100000000.0,0.0,0.0
2018-08-31,100000000.0,0.0,0.0
2018-09-04,100000000.0,0.0,0.0
2018-09-05,100000000.0,0.0,0.0
2018-09-06,100000000.0,0.0,0.0
2018-09-07,100000000.0,0.0,0.0
2018-09-10,100000000.0,0.0,0.0
2018-09-11,100000000.0,0.0,0.0
2018-09-12,100000000.0,0.0,0.0
2018-09-13,100000000.0,0.0,0.0
2018-09-14,100000000.0,0.0,0.0
2018-09-17,100000000.0,0.0,0.0
2018-09-18,100000000.0,0.0,0.0
2018-09-19,100000000.0,0.0,0.0
2018-09-20,100000000.0,0.0,0.0
2018-09-21,100000000.0,0.0,0.0
2018-09-24,100000000.0,0.0,0.0
2018-09-25,100000000.0,0.0,0.0
2018-09-26,100000000.0,0.0,0.0
2018-09-27,100000000.0,0.0,0.0
2018-09-28,100000000.0,0.0,0.0
2018-10-01,100000000.0,0.0,0.0
2018-10-02,100000000.0,0.0,0.0
2018-10-03,100000000.0,0.0,0.0
2018-10-04,100000000.0,0.0,0.0
2018-10-05,100000000.0,0.0,0.0
2018-10-08,100000000.0,0.0,0.0
2018-10-09,100000000.0,0.0,0.0
2018-10-10,100000000.0,0.0,0.0
2018-10-11,100000000.0,0.0,0.0
2018-10-12,100000000.0,0.0,0.0
2018-10-15,100000000.0,0.0,0.0
2018-10-16,100000000.0,0.0,0.0
2018-10-17,100000000.0,0.0,0.0
2018-10-18,100000000.0,0.0,0.0
2018-10-19,100000000.0,0.0,0.0
2018-10-22,100000000.0,0.0,0.0
2018-10-23,100000000.0,0.0,0.0
2018-10-24,100000000.0,0.0,0.0
2018-10-25,100000000.0,0.0,0.0
2018-10-26,100000000.0,0.0,0.0
2018-10-29,100000000.0,0.0,0.0
2018-10-30,100000000.0,0.0,0.0
2018-10-31,100000000.0,0.0,0.0
2018-11-01,100000000.0,0.0,0.0
2018-11-02,100000000.0,0.0,0.0
2018-11-05,100000000.0,0.0,0.0
2018-11-06,100000000.0,0.0,0.0
2018-11-07,100000000.0,0.0,0.0
2018-11-08,100000000.0,0.0,0.0
2018-11-09,100000000.0,0.0,0.0
2018-11-12,100000000.0,0.0,0.0
2018-11-13,100000000.0,0.0,0.0
2018-11-14,100000000.0,0.0,0.0
2018-11-15,100000000.0,0.0,0.0
2018-11-16,100000000.0,0.0,0.0
2018-11-19,100000000.0,0.0,0.0
2018-11-20,100000000.0,0.0,0.0
2018-11-21,100000000.0,0.0,0.0
2018-11-22,100000000.0,0.0,0.0
2018-11-23,100000000.0,0.0,0.0
2018-11-26,100000000.0,0.0,0.0
2018-11-27,100000000.0,0.0,0.0
2018-11-28,100000000.0,0.0,0.0
2018-11-29,100000000.0,0.0,0.0
2018-11-30,100000000.0,0.0,0.0
2018-12-03,100000000.0,0.0,0.0
2018-12-04,100000000.0,0.0,0.0
2018-12-05,100000000.0,0.0,0.0
2018-12-06,100000000.0,0.0,0.0
2018-12-07,100000000.0,0.0,0.0
2018-12-10,100000000.0,0.0,0.0
2018-12-11,100000000.0,0.0,0.0
2018-12-12,100000000.0,0.0,0.0
2018-12-13,100000000.0,0.0,0.0
2018-12-14,100000000.0,0.0,0.0
2018-12-17,100000000.0,0.0,0.0
2018-12-18,100000000.0,0.0,0.0
2018-12-19,100000000.0,0.0,0.0
2018-12-20,100000000.0,0.0,0.0
2018-12-21,100000000.0,0.0,0.0
2018-12-24,100000000.0,0.0,0.0
2018-12-25,100000000.0,0.0,0.0
2018-12-26,100000000.0,0.0,0.0
2018-12-27,100000000.0,0.0,0.0
2018-12-28,100000000.0,0.0,0.0
2019-01-02,100000000.0,0.0,0.0
2019-01-03,100000000.0,0.0,0.0
2019-01-04,100000000.0,0.0,0.0
2019-01-07,100000000.0,0.0,0.0
2019-01-08,100000000.0,0.0,0.0
2019-01-09,100000000.0,0.0,0.0
2019-01-10,100000000.0,0.0,0.0
2019-01-11,100000000.0,0.0,0.0
2019-01-14,100000000.0,0.0,0.0
2019-01-15,100000000.0,0.0,0.0
2019-01-16,100000000.0,0.0,0.0
2019-01-17,100000000.0,0.0,0.0
2019-01-18,100000000.0,0.0,0.0
2019-01-21,100000000.0,0.0,0.0
2019-01-22,100000000.0,0.0,0.0
2019-01-23,100000000.0,0.0,0.0
2019-01-24,100000000.0,0.0,0.0
2019-01-25,100000000.0,0.0,0.0
2019-01-28,100000000.0,0.0,0.0
2019-01-29,100000000.0,0.0,0.0
2019-01-30,100000000.0,0.0,0.0
2019-01-31,100000000.0,0.0,0.0
2019-02-01,100000000.0,0.0,0.0
2019-02-11,100000000.0,0.0,0.0
2019-02-12,100000000.0,0.0,0.0
2019-02-13,100000000.0,0.0,0.0
2019-02-14,100000000.0,0.0,0.0
2019-02-15,100000000.0,0.0,0.0
2019-02-18,100000000.0,0.0,0.0
2019-02-19,100000000.0,0.0,0.0
2019-02-20,100000000.0,0.0,0.0
2019-02-21,100000000.0,0.0,0.0
2019-02-22,100000000.0,0.0,0.0
2019-02-25,100000000.0,0.0,0.0
2019-02-26,100000000.0,0.0,0.0
2019-02-27,100000000.0,0.0,0.0
2019-02-28,100000000.0,0.0,0.0
2019-03-01,100000000.0,0.0,0.0
2019-03-04,100000000.0,0.0,0.0
2019-03-05,100000000.0,0.0,0.0
2019-03-06,100000000.0,0.0,0.0
2019-03-07,100000000.0,0.0,0.0
2019-03-08,100000000.0,0.0,0.0
2019-03-11,100000000.0,0.0,0.0
2019-03-12,100000000.0,0.0,0.0
2019-03-13,100000000.0,0.0,0.0
2019-03-14,100000000.0,0.0,0.0
2019-03-15,100000000.0,0.0,0.0
2019-03-18,100000000.0,0.0,0.0
2019-03-19,100000000.0,0.0,0.0
2019-03-20,100000000.0,0.0,0.0
2019-03-21,100000000.0,0.0,0.0
2019-03-22,100000000.0,0.0,0.0
2019-03-25,100000000.0,0.0,0.0
2019-03-26,100000000.0,0.0,0.0
2019-03-27,100000000.0,0.0,0.0
2019-03-28,100000000.0,0.0,0.0
2019-03-29,100000000.0,0.0,0.0
2019-04-01,100000000.0,0.0,0.0
2019-04-02,100000000.0,0.0,0.0
2019-04-03,100000000.0,0.0,0.0
2019-04-04,100000000.0,0.0,0.0
2019-04-05,100000000.0,0.0,0.0
2019-04-08,100000000.0,0.0,0.0
2019-04-09,100000000.0,0.0,0.0
2019-04-10,100000000.0,0.0,0.0
2019-04-11,100000000.0,0.0,0.0
2019-04-12,100000000.0,0.0,0.0
2019-04-16,100000000.0,0.0,0.0
2019-04-17,100000000.0,0.0,0.0
2019-04-18,100000000.0,0.0,0.0
2019-04-19,100000000.0,0.0,0.0
2019-04-22,100000000.0,0.0,0.0
2019-04-23,100000000.0,0.0,0.0
2019-04-24,100000000.0,0.0,0.0
2019-04-25,100000000.0,0.0,0.0
2019-04-26,100000000.0,0.0,0.0
2019-05-02,100000000.0,0.0,0.0
2019-05-03,100000000.0,0.0,0.0
2019-05-06,100000000.0,0.0,0.0
2019-05-07,100000000.0,0.0,0.0
2019-05-08,100000000.0,0.0,0.0
2019-05-09,100000000.0,0.0,0.0
2019-05-10,100000000.0,0.0,0.0
2019-05-13,100000000.0,0.0,0.0
2019-05-14,100000000.0,0.0,0.0
2019-05-15,100000000.0,0.0,0.0
2019-05-16,100000000.0,0.0,0.0
2019-05-17,100000000.0,0.0,0.0
2019-05-20,100000000.0,0.0,0.0
2019-05-21,100000000.0,0.0,0.0
2019-05-22,100000000.0,0.0,0.0
2019-05-23,100000000.0,0.0,0.0
2019-05-24,100000000.0,0.0,0.0
2019-05-27,100000000.0,0.0,0.0
2019-05-28,100000000.0,0.0,0.0
2019-05-29,100000000.0,0.0,0.0
2019-05-30,100000000.0,0.0,0.0
2019-05-31,100000000.0,0.0,0.0
2019-06-03,100000000.0,0.0,0.0
2019-06-04,100000000.0,0.0,0.0
2019-06-05,100000000.0,0.0,0.0
2019-06-06,100000000.0,0.0,0.0
2019-06-07,100000000.0,0.0,0.0
2019-06-10,100000000.0,0.0,0.0
2019-06-11,100000000.0,0.0,0.0
2019-06-12,100000000.0,0.0,0.0
2019-06-13,100000000.0,0.0,0.0
2019-06-14,100000000.0,0.0,0.0
2019-06-17,100000000.0,0.0,0.0
2019-06-18,100000000.0,0.0,0.0
2019-06-19,100000000.0,0.0,0.0
2019-06-20,100000000.0,0.0,0.0
2019-06-21,100000000.0,0.0,0.0
2019-06-24,100000000.0,0.0,0.0
2019-06-25,100000000.0,0.0,0.0
2019-06-26,100000000.0,0.0,0.0
2019-06-27,100000000.0,0.0,0.0
2019-06-28,100000000.0,0.0,0.0
2019-07-01,100000000.0,0.0,0.0
2019-07-02,100000000.0,0.0,0.0
2019-07-03,100000000.0,0.0,0.0
2019-07-04,100000000.0,0.0,0.0
2019-07-05,100000000.0,0.0,0.0
2019-07-08,100000000.0,0.0,0.0
2019-07-09,100000000.0,0.0,0.0
2019-07-10,100000000.0,0.0,0.0
2019-07-11,100000000.0,0.0,0.0
2019-07-12,100000000.0,0.0,0.0
2019-07-15,100000000.0,0.0,0.0
2019-07-16,100000000.0,0.0,0.0
2019-07-17,100000000.0,0.0,0.0
2019-07-18,100000000.0,0.0,0.0
2019-07-19,100000000.0,0.0,0.0
2019-07-22,100000000.0,0.0,0.0
2019-07-23,100000000.0,0.0,0.0
2019-07-24,100000000.0,0.0,0.0
2019-07-25,100000000.0,0.0,0.0
2019-07-26,100000000.0,0.0,0.0
2019-07-29,100000000.0,0.0,0.0
2019-07-30,100000000.0,0.0,0.0
2019-07-31,100000000.0,0.0,0.0
2019-08-01,100000000.0,0.0,0.0
2019-08-02,100000000.0,0.0,0.0
2019-08-05,100000000.0,0.0,0.0
2019-08-06,100000000.0,0.0,0.0
2019-08-07,100000000.0,0.0,0.0
2019-08-08,100000000.0,0.0,0.0
2019-08-09,100000000.0,0.0,0.0
2019-08-12,100000000.0,0.0,0.0
2019-08-13,100000000.0,0.0,0.0
2019-08-14,100000000.0,0.0,0.0
2019-08-15,100000000.0,0.0,0.0
2019-08-16,100000000.0,0.0,0.0
2019-08-19,100000000.0,0.0,0.0
2019-08-20,100000000.0,0.0,0.0
2019-08-21,100000000.0,0.0,0.0
2019-08-22,100000000.0,0.0,0.0
2019-08-23,100000000.0,0.0,0.0
2019-08-26,100000000.0,0.0,0.0
2019-08-27,100000000.0,0.0,0.0
2019-08-28,100000000.0,0.0,0.0
2019-08-29,100000000.0,0.0,0.0
2019-08-30,100000000.0,0.0,0.0
2019-09-03,100000000.0,0.0,0.0
2019-09-04,100000000.0,0.0,0.0
2019-09-05,100000000.0,0.0,0.0
2019-09-06,100000000.0,0.0,0.0
2019-09-09,100000000.0,0.0,0.0
2019-09-10,100000000.0,0.0,0.0
2019-09-11,100000000.0,0.0,0.0
2019-09-12,100000000.0,0.0,0.0
2019-09-13,100000000.0,0.0,0.0
2019-09-16,100000000.0,0.0,0.0
2019-09-17,100000000.0,0.0,0.0
2019-09-18,100000000.0,0.0,0.0
2019-09-19,100000000.0,0.0,0.0
2019-09-20,100000000.0,0.0,0.0
2019-09-23,100000000.0,0.0,0.0
2019-09-24,100000000.0,0.0,0.0
2019-09-25,100000000.0,0.0,0.0
2019-09-26,100000000.0,0.0,0.0
2019-09-27,100000000.0,0.0,0.0
2019-09-30,100000000.0,0.0,0.0
2019-10-01,100000000.0,0.0,0.0
2019-10-02,100000000.0,0.0,0.0
2019-10-03,100000000.0,0.0,0.0
2019-10-04,100000000.0,0.0,0.0
2019-10-07,100000000.0,0.0,0.0
2019-10-08,100000000.0,0.0,0.0
2019-10-09,100000000.0,0.0,0.0
2019-10-10,100000000.0,0.0,0.0
2019-10-11,100000000.0,0.0,0.0
2019-10-14,100000000.0,0.0,0.0
2019-10-15,100000000.0,0.0,0.0
2019-10-16,100000000.0,0.0,0.0
2019-10-17,100000000.0,0.0,0.0
2019-10-18,100000000.0,0.0,0.0
2019-10-21,100000000.0,0.0,0.0
2019-10-22,100000000.0,0.0,0.0
2019-10-23,100000000.0,0.0,0.0
2019-10-24,100000000.0,0.0,0.0
2019-10-25,100000000.0,0.0,0.0
2019-10-28,100000000.0,0.0,0.0
2019-10-29,100000000.0,0.0,0.0
2019-10-30,100000000.0,0.0,0.0
2019-10-31,100000000.0,0.0,0.0
2019-11-01,100000000.0,0.0,0.0
2019-11-04,100000000.0,0.0,0.0
2019-11-05,100000000.0,0.0,0.0
2019-11-06,100000000.0,0.0,0.0
2019-11-07,100000000.0,0.0,0.0
2019-11-08,100000000.0,0.0,0.0
2019-11-11,100000000.0,0.0,0.0
2019-11-12,100000000.0,0.0,0.0
2019-11-13,100000000.0,0.0,0.0
2019-11-14,100000000.0,0.0,0.0
2019-11-15,100000000.0,0.0,0.0
2019-11-18,100000000.0,0.0,0.0
2019-11-19,100000000.0,0.0,0.0
2019-11-20,100000000.0,0.0,0.0
2019-11-21,100000000.0,0.0,0.0
2019-11-22,100000000.0,0.0,0.0
2019-11-25,100000000.0,0.0,0.0
2019-11-26,100000000.0,0.0,0.0
2019-11-27,100000000.0,0.0,0.0
2019-11-28,100000000.0,0.0,0.0
2019-11-29,100000000.0,0.0,0.0
2019-12-02,100000000.0,0.0,0.0
2019-12-03,100000000.0,0.0,0.0
2019-12-04,100000000.0,0.0,0.0
2019-12-05,100000000.0,0.0,0.0
2019-12-06,100000000.0,0.0,0.0
2019-12-09,100000000.0,0.0,0.0
2019-12-10,100000000.0,0.0,0.0
2019-12-11,100000000.0,0.0,0.0
2019-12-12,100000000.0,0.0,0.0
2019-12-13,100000000.0,0.0,0.0
2019-12-16,100000000.0,0.0,0.0
2019-12-17,100000000.0,0.0,0.0
2019-12-18,100000000.0,0.0,0.0
2019-12-19,100000000.0,0.0,0.0
2019-12-20,100000000.0,0.0,0.0
2019-12-23,100000000.0,0.0,0.0
2019-12-24,100000000.0,0.0,0.0
2019-12-25,100000000.0,0.0,0.0
2019-12-26,100000000.0,0.0,0.0
2019-12-27,100000000.0,0.0,0.0
2019-12-30,100000000.0,0.0,0.0
2019-12-31,100000000.0,0.0,0.0
2020-01-02,100000000.0,0.0,0.0
2020-01-03,100000000.0,0.0,0.0
2020-01-06,100000000.0,0.0,0.0
2020-01-07,100000000.0,0.0,0.0
2020-01-08,100000000.0,0.0,0.0
2020-01-09,100000000.0,0.0,0.0
2020-01-10,100000000.0,0.0,0.0
2020-01-13,100000000.0,0.0,0.0
2020-01-14,100000000.0,0.0,0.0
2020-01-15,100000000.0,0.0,0.0
2020-01-16,100000000.0,0.0,0.0
2020-01-17,100000000.0,0.0,0.0
2020-01-20,100000000.0,0.0,0.0
2020-01-21,100000000.0,0.0,0.0
2020-01-22,100000000.0,0.0,0.0
2020-01-30,100000000.0,0.0,0.0
2020-01-31,100000000.0,0.0,0.0
2020-02-03,100000000.0,0.0,0.0
2020-02-04,100000000.0,0.0,0.0
2020-02-05,100000000.0,0.0,0.0
2020-02-06,100000000.0,0.0,0.0
2020-02-07,100000000.0,0.0,0.0
2020-02-10,100000000.0,0.0,0.0
2020-02-11,100000000.0,0.0,0.0
2020-02-12,100000000.0,0.0,0.0
2020-02-13,100000000.0,0.0,0.0
2020-02-14,100000000.0,0.0,0.0
2020-02-17,100000000.0,0.0,0.0
2020-02-18,100000000.0,0.0,0.0
2020-02-19,100000000.0,0.0,0.0
2020-02-20,100000000.0,0.0,0.0
2020-02-21,100000000.0,0.0,0.0
2020-02-24,100000000.0,0.0,0.0
2020-02-25,100000000.0,0.0,0.0
2020-02-26,100000000.0,0.0,0.0
2020-02-27,100000000.0,0.0,0.0
2020-02-28,100000000.0,0.0,0.0
2020-03-02,100000000.0,0.0,0.0
2020-03-03,100000000.0,0.0,0.0
2020-03-04,100000000.0,0.0,0.0
2020-03-05,100000000.0,0.0,0.0
2020-03-06,100000000.0,0.0,0.0
2020-03-09,100000000.0,0.0,0.0
2020-03-10,100000000.0,0.0,0.0
2020-03-11,100000000.0,0.0,0.0
2020-03-12,100000000.0,0.0,0.0
2020-03-13,100000000.0,0.0,0.0
2020-03-16,100000000.0,0.0,0.0
2020-03-17,100000000.0,0.0,0.0
2020-03-18,100000000.0,0.0,0.0
2020-03-19,100000000.0,0.0,0.0
2020-03-20,100000000.0,0.0,0.0
2020-03-23,100000000.0,0.0,0.0
2020-03-24,100000000.0,0.0,0.0
2020-03-25,100000000.0,0.0,0.0
2020-03-26,100000000.0,0.0,0.0
2020-03-27,100000000.0,0.0,0.0
2020-03-30,100000000.0,0.0,0.0
2020-03-31,100000000.0,0.0,0.0
2020-04-01,100000000.0,0.0,0.0
2020-04-03,100000000.0,0.0,0.0
2020-04-06,100000000.0,0.0,0.0
2020-04-07,100000000.0,0.0,0.0
2020-04-08,100000000.0,0.0,0.0
2020-04-09,100000000.0,0.0,0.0
2020-04-10,100000000.0,0.0,0.0
2020-04-13,100000000.0,0.0,0.0
2020-04-14,100000000.0,0.0,0.0
2020-04-15,100000000.0,0.0,0.0
2020-04-16,100000000.0,0.0,0.0
2020-04-17,100000000.0,0.0,0.0
2020-04-20,100000000.0,0.0,0.0
2020-04-21,100000000.0,0.0,0.0
2020-04-22,100000000.0,0.0,0.0
2020-04-23,100000000.0,0.0,0.0
2020-04-24,100000000.0,0.0,0.0
2020-04-27,100000000.0,0.0,0.0
2020-04-28,100000000.0,0.0,0.0
2020-04-29,100000000.0,0.0,0.0
2020-05-04,100000000.0,0.0,0.0
2020-05-05,100000000.0,0.0,0.0
2020-05-06,100000000.0,0.0,0.0
2020-05-07,100000000.0,0.0,0.0
2020-05-08,100000000.0,0.0,0.0
2020-05-11,100000000.0,0.0,0.0
2020-05-12,100000000.0,0.0,0.0
2020-05-13,100000000.0,0.0,0.0
2020-05-14,100000000.0,0.0,0.0
2020-05-15,100000000.0,0.0,0.0
2020-05-18,100000000.0,0.0,0.0
2020-05-19,100000000.0,0.0,0.0
2020-05-20,100000000.0,0.0,0.0
2020-05-21,100000000.0,0.0,0.0
2020-05-22,100000000.0,0.0,0.0
2020-05-25,100000000.0,0.0,0.0
2020-05-26,100000000.0,0.0,0.0
2020-05-27,100000000.0,0.0,0.0
2020-05-28,100000000.0,0.0,0.0
2020-05-29,100000000.0,0.0,0.0
2020-06-01,100000000.0,0.0,0.0
2020-06-02,100000000.0,0.0,0.0
2020-06-03,100000000.0,0.0,0.0
2020-06-04,100000000.0,0.0,0.0
2020-06-05,100000000.0,0.0,0.0
2020-06-08,100000000.0,0.0,0.0
2020-06-09,100000000.0,0.0,0.0
2020-06-10,100000000.0,0.0,0.0
2020-06-11,100000000.0,0.0,0.0
2020-06-12,100000000.0,0.0,0.0
2020-06-15,100000000.0,0.0,0.0
2020-06-16,100000000.0,0.0,0.0
2020-06-17,100000000.0,0.0,0.0
2020-06-18,100000000.0,0.0,0.0
2020-06-19,100000000.0,0.0,0.0
2020-06-22,100000000.0,0.0,0.0
2020-06-23,100000000.0,0.0,0.0
2020-06-24,100000000.0,0.0,0.0
2020-06-25,100000000.0,0.0,0.0
2020-06-26,100000000.0,0.0,0.0
2020-06-29,100000000.0,0.0,0.0
2020-06-30,100000000.0,0.0,0.0
2020-07-01,100000000.0,0.0,0.0
2020-07-02,100000000.0,0.0,0.0
2020-07-03,100000000.0,0.0,0.0
2020-07-06,100000000.0,0.0,0.0
2020-07-07,100000000.0,0.0,0.0
2020-07-08,100000000.0,0.0,0.0
2020-07-09,100000000.0,0.0,0.0
2020-07-10,100000000.0,0.0,0.0
2020-07-13,100000000.0,0.0,0.0
2020-07-14,100000000.0,0.0,0.0
2020-07-15,100000000.0,0.0,0.0
2020-07-16,100000000.0,0.0,0.0
2020-07-17,100000000.0,0.0,0.0
2020-07-20,100000000.0,0.0,0.0
2020-07-21,100000000.0,0.0,0.0
2020-07-22,100000000.0,0.0,0.0
2020-07-23,100000000.0,0.0,0.0
2020-07-24,100000000.0,0.0,0.0
2020-07-27,100000000.0,0.0,0.0
2020-07-28,100000000.0,0.0,0.0
2020-07-29,100000000.0,0.0,0.0
2020-07-30,100000000.0,0.0,0.0
2020-07-31,100000000.0,0.0,0.0
2020-08-03,100000000.0,0.0,0.0
2020-08-04,100000000.0,0.0,0.0
2020-08-05,100000000.0,0.0,0.0
2020-08-06,100000000.0,0.0,0.0
2020-08-07,100000000.0,0.0,0.0
2020-08-10,100000000.0,0.0,0.0
2020-08-11,100000000.0,0.0,0.0
2020-08-12,100000000.0,0.0,0.0
2020-08-13,100000000.0,0.0,0.0
2020-08-14,100000000.0,0.0,0.0
2020-08-17,100000000.0,0.0,0.0
2020-08-18,100000000.0,0.0,0.0
2020-08-19,100000000.0,0.0,0.0
2020-08-20,100000000.0,0.0,0.0
2020-08-21,100000000.0,0.0,0.0
2020-08-24,100000000.0,0.0,0.0
2020-08-25,100000000.0,0.0,0.0
2020-08-26,100000000.0,0.0,0.0
2020-08-27,100000000.0,0.0,0.0
2020-08-28,100000000.0,0.0,0.0
2020-08-31,100000000.0,0.0,0.0
2020-09-01,100000000.0,0.0,0.0
2020-09-03,100000000.0,0.0,0.0
2020-09-04,100000000.0,0.0,0.0
2020-09-07,100000000.0,0.0,0.0
2020-09-08,100000000.0,0.0,0.0
2020-09-09,100000000.0,0.0,0.0
2020-09-10,100000000.0,0.0,0.0
2020-09-11,100000000.0,0.0,0.0
2020-09-14,100000000.0,0.0,0.0
2020-09-15,100000000.0,0.0,0.0
2020-09-16,100000000.0,0.0,0.0
2020-09-17,100000000.0,0.0,0.0
2020-09-18,100000000.0,0.0,0.0
2020-09-21,100000000.0,0.0,0.0
2020-09-22,100000000.0,0.0,0.0
2020-09-23,100000000.0,0.0,0.0
2020-09-24,100000000.0,0.0,0.0
2020-09-25,100000000.0,0.0,0.0
2020-09-28,100000000.0,0.0,0.0
2020-09-29,100000000.0,0.0,0.0
2020-09-30,100000000.0,0.0,0.0
2020-10-01,100000000.0,0.0,0.0
2020-10-02,100000000.0,0.0,0.0
2020-10-05,100000000.0,0.0,0.0
2020-10-06,100000000.0,0.0,0.0
2020-10-07,100000000.0,0.0,0.0
2020-10-08,100000000.0,0.0,0.0
2020-10-09,100000000.0,0.0,0.0
2020-10-12,100000000.0,0.0,0.0
2020-10-13,100000000.0,0.0,0.0
2020-10-14,100000000.0,0.0,0.0
2020-10-15,100000000.0,0.0,0.0
2020-10-16,100000000.0,0.0,0.0
2020-10-19,100000000.0,0.0,0.0
2020-10-20,100000000.0,0.0,0.0
2020-10-21,100000000.0,0.0,0.0
2020-10-22,100000000.0,0.0,0.0
2020-10-23,100000000.0,0.0,0.0
2020-10-26,100000000.0,0.0,0.0
2020-10-27,100000000.0,0.0,0.0
2020-10-28,100000000.0,0.0,0.0
2020-10-29,100000000.0,0.0,0.0
2020-10-30,100000000.0,0.0,0.0
2020-11-02,100000000.0,0.0,0.0
2020-11-03,100000000.0,0.0,0.0
2020-11-04,100000000.0,0.0,0.0
2020-11-05,100000000.0,0.0,0.0
2020-11-06,100000000.0,0.0,0.0
2020-11-09,100000000.0,0.0,0.0
2020-11-10,100000000.0,0.0,0.0
2020-11-11,100000000.0,0.0,0.0
2020-11-12,100000000.0,0.0,0.0
2020-11-13,100000000.0,0.0,0.0
2020-11-16,100000000.0,0.0,0.0
2020-11-17,100000000.0,0.0,0.0
2020-11-18,100000000.0,0.0,0.0
2020-11-19,100000000.0,0.0,0.0
2020-11-20,100000000.0,0.0,0.0
2020-11-23,100000000.0,0.0,0.0
2020-11-24,100000000.0,0.0,0.0
2020-11-25,100000000.0,0.0,0.0
2020-11-26,100000000.0,0.0,0.0
2020-11-27,100000000.0,0.0,0.0
2020-11-30,100000000.0,0.0,0.0
2020-12-01,100000000.0,0.0,0.0
2020-12-02,100000000.0,0.0,0.0
2020-12-03,100000000.0,0.0,0.0
2020-12-04,100000000.0,0.0,0.0
2020-12-07,100000000.0,0.0,0.0
2020-12-08,100000000.0,0.0,0.0
2020-12-09,100000000.0,0.0,0.0
2020-12-10,100000000.0,0.0,0.0
2020-12-11,100000000.0,0.0,0.0
2020-12-14,100000000.0,0.0,0.0
2020-12-15,100000000.0,0.0,0.0
2020-12-16,100000000.0,0.0,0.0
2020-12-17,100000000.0,0.0,0.0
2020-12-18,100000000.0,0.0,0.0
2020-12-21,100000000.0,0.0,0.0
2020-12-22,100000000.0,0.0,0.0
2020-12-23,100000000.0,0.0,0.0
2020-12-24,100000000.0,0.0,0.0
2020-12-25,100000000.0,0.0,0.0
2020-12-28,100000000.0,0.0,0.0
2020-12-29,100000000.0,0.0,0.0
2020-12-30,100000000.0,0.0,0.0
2020-12-31,100000000.0,0.0,0.0
2021-01-04,100000000.0,0.0,0.0
2021-01-05,99880000.0,-0.0012,-0.0011999999999999789
2021-01-06,100205423.51745832,0.003258144948521422,0.0
2021-01-07,102736780.11624363,0.025261672571487957,0.0
2021-01-08,104208665.15354653,0.014326758495229283,0.0
2021-01-11,106481917.5698779,0.021814427936312553,0.0
2021-01-12,106985427.85119969,0.004728598928464725,0.0
2021-01-13,106919215.62478557,-0.0006188901399376117,-0.0006188901399376556
2021-01-14,109178262.55585964,0.02112854006525638,0.0
2021-01-15,110121698.50481725,0.008641243475320103,0.0
2021-01-18,110121090.04077187,-5.5253783190509764e-06,-5.52537831910449e-06
2021-01-19,106571731.04215807,-0.03223141904334283,-0.03223676633087791
2021-01-20,106017105.74149917,-0.005204244082696712,-0.037273242413151886
2021-01-21,106496856.20716277,0.00452521753266279,-0.032916694410556224
2021-01-22,106496856.20716277,0.0,-0.032916694410556224
2021-01-25,106496856.20716277,0.0,-0.032916694410556224
2021-01-26,106496856.20716277,0.0,-0.032916694410556224
2021-01-27,106369059.97971418,-0.001199999999999881,-0.03407719437726353
2021-01-28,100861095.92607863,-0.051781637016308925,-0.0840942584837947
2021-01-29,102442459.7620621,0.015678630312945002,-0.06973411096105842
2021-02-01,97132344.02782631,-0.05183510574198755,-0.11795454168755604
2021-02-02,97132344.02782631,0.0,-0.11795454168755604
2021-02-03,97132344.02782631,0.0,-0.11795454168755604
2021-02-04,97132344.02782631,0.0,-0.11795454168755604
2021-02-05,97132344.02782631,0.0,-0.11795454168755604
2021-02-08,97054638.15260404,-0.0008000000000000481,-0.11866017805420603
2021-02-09,98803788.86098775,0.018022329913109654,-0.10277638101753761
2021-02-17,101745930.82981026,0.029777622930654647,-0.07605919440700049
2021-02-18,101536458.446744,-0.002058778973840731,-0.07796138431062882
2021-02-19,101641194.63827711,0.0010315131444933424,-0.07701028935881471
2021-02-22,101709273.16277365,0.0006697926440044291,-0.07639207764013556
2021-02-23,101361025.325926,-0.0034239536476710296,-0.07955446835491742
2021-02-24,101499800.7797074,0.0013691204615892962,-0.07829426754376367
2021-02-25,102151167.75714296,0.006417421240552673,-0.07237929359875994
2021-02-26,104741321.56619453,0.02535608614097763,-0.048858463061095536
2021-03-01,109024247.35446909,0.04089050743519432,-0.009965802972973115
2021-03-02,109647382.80659619,0.0057155675663699565,-0.004307195626848337
2021-03-03,110454370.89075592,0.0073598481195228755,0.0
2021-03-04,108253949.00138626,-0.019921546532060533,-0.019921546532060574
2021-03-05,110359475.6770704,0.019449883307787474,-0.0008591349796323033
2021-03-08,112423317.30021325,0.01870108217242701,0.0
2021-03-09,111853905.3712011,-0.005064891720741543,-0.005064891720741538
2021-03-10,111229704.05744672,-0.005580505317922428,-0.01061713238348172
2021-03-11,111427307.13279393,0.0017765315211587637,-0.008859462532666451
2021-03-12,110909275.13952452,-0.004649057817147524,-0.013467332196270831
2021-03-15,111481541.96864378,0.005159774314631035,-0.008377046276392686
2021-03-16,111010768.08792615,-0.004222886339785728,-0.0125645573018901
2021-03-17,113601771.46618885,0.02334010855785173,0.0
2021-03-18,113180125.0912664,-0.003711617957013535,-0.00371161795701358
2021-03-19,111786086.78083673,-0.012316988599416509,-0.01598289060036817
2021-03-22,111264394.18080139,-0.0046668831073597645,-0.02057518342557829
2021-03-23,109890305.20643064,-0.012349763682152381,-0.0326708484547078
2021-03-24,108186096.77458762,-0.01550826916570707,-0.04767244930870729
2021-03-25,107229367.62472165,-0.008843365075453032,-0.05609422951088239
2021-03-26,107535310.60949802,0.0028531641242827096,-0.0534011114298194
2021-03-29,109450396.85887712,0.017808906102791774,-0.03654322070626592
2021-03-30,111231263.183055,0.016270990104075046,-0.020866824984673626
2021-03-31,112091975.98446207,0.007738047530671127,-0.013290245937548018
2021-04-01,113524081.90667221,0.012776168049786697,-0.0006838763032824824
2021-04-02,113802785.97163974,0.002455021527473349,0.0
2021-04-05,113885686.8460681,0.000728460851995495,0.0
2021-04-06,113561978.6697288,-0.0028423956100544386,-0.0028423956100543935
2021-04-07,113561978.6697288,0.0,-0.0028423956100543935
2021-04-08,113640931.88347009,0.0006952433786919692,-0.0021491283880900047
2021-04-09,114694957.28691635,0.00927505068796055,0.0
2021-04-12,115731329.0528221,0.009035896524318906,0.0
2021-04-13,114564528.15243256,-0.010081979615536826,-0.010081979615536807
2021-04-14,115580282.58466552,0.008866221059990404,-0.0013051476155401254
2021-04-15,114906765.21578482,-0.005827268750509719,-0.00712481092013495
2021-04-16,115630757.45032637,0.006300692854610922,-0.0008690093107790453
2021-04-19,116948392.34073101,0.011395193800150296,0.0
2021-04-20,116713666.0461164,-0.002007092957128767,-0.0020070929571287532
2021-04-22,113866885.40369302,-0.024391150915425316,-0.02634928856533547
2021-04-23,118026485.4645636,0.036530375324867415,0.0
2021-04-26,117832643.20672071,-0.001642362365361484,-0.0016423623653615271
2021-04-27,118119571.87125237,0.0024350524330366357,0.0
2021-04-28,118221585.76630402,0.000863649380331619,0.0
2021-04-29,120446815.82818441,0.01882253606612202,0.0
2021-05-04,122030023.72751221,0.013144456235241802,0.0
2021-05-05,121811862.74446142,-0.0017877648171071203,-0.0017877648171070737
2021-05-06,121530328.27005577,-0.002311223784470427,-0.0040948566770112604
2021-05-07,124780625.42483568,0.026744741012772872,0.0
2021-05-10,129446019.16009246,0.03738876704113875,0.0
2021-05-11,127339379.42200029,-0.016274272100146866,-0.01627427210014687
2021-05-12,128946810.81198123,0.01262320734777531,-0.003856498263525854
2021-05-13,129378615.97470915,0.0033487075795735816,-0.0005207049689178733
2021-05-14,128275789.54546008,-0.008524024012319453,-0.009040290479578994
2021-05-17,127666550.57217608,-0.004749446294135504,-0.013746800399598302
2021-05-18,129694453.80877687,0.01588437400017567,0.0
2021-05-19,130524956.62670296,0.006403533794518289,0.0
2021-05-20,133080795.60839051,0.019581228354644546,0.0
2021-05-21,133105838.90032989,0.00018818111076726121,0.0
2021-05-24,131710210.15187158,-0.010485105386724338,-0.010485105386724314
2021-05-25,133941723.15154503,0.016942596911054632,0.0
2021-05-26,136137591.78103694,0.016394209196543257,0.0
2021-05-27,137147425.85966182,0.007417746012791872,0.0
2021-05-28,142180574.95952243,0.036698822951375366,0.0
2021-05-31,147178383.92098498,0.0351511376493265,0.0
2021-06-01,146935284.97750217,-0.0016517299416287088,-0.0016517299416286546
2021-06-02,150785525.91689017,0.026203651083383628,0.0
2021-06-03,157492952.9998631,0.0444832290247136,0.0
2021-06-04,157118068.43639314,-0.0023803259531889804,-0.002380325953188933
2021-06-07,152174080.0673396,-0.03146670792388872,-0.033772132855545034
2021-06-08,148685534.38268125,-0.02292470362307831,-0.055922620342190754
2021-06-09,150794665.24442908,0.014185178608696588,-0.04253071409131448
2021-06-10,150794665.24442908,0.0,-0.04253071409131448
2021-06-11,150794665.24442908,0.0,-0.04253071409131448
2021-06-14,150794665.24442908,0.0,-0.04253071409131448
2021-06-15,150794665.24442908,0.0,-0.04253071409131448
2021-06-16,150794665.24442908,0.0,-0.04253071409131448
2021-06-17,150794665.24442908,0.0,-0.04253071409131448
2021-06-18,150794665.24442908,0.0,-0.04253071409131448
2021-06-21,150794665.24442908,0.0,-0.04253071409131448
2021-06-22,150674029.51223356,-0.0007999999999998879,-0.04329668952004129
2021-06-23,149728325.0917468,-0.006276492528594415,-0.04930143070035031
2021-06-24,148641433.94382614,-0.007259088400639425,-0.056202635657257916
2021-06-25,150724805.0955783,0.014016086204735562,-0.042974290438827834
2021-06-28,151963150.62557113,0.00821593717906985,-0.03511142733031847
2021-06-29,151213286.99876693,-0.004934509607870829,-0.03987267926268179
2021-06-30,150549059.4531849,-0.004392653309543114,-0.044090185715701335
2021-07-01,152760743.46556705,0.014690785983089455,-0.030047119214915874
2021-07-02,155056916.34639758,0.015031171155226106,-0.015467591451330698
2021-07-05,153119608.41038394,-0.012494172989263424,-0.027768509677273956
2021-07-06,147868451.13848585,-0.034294479501437776,-0.06111068259279895
2021-07-07,150282942.5544846,0.01632864480157076,-0.04577989242086755
2021-07-08,149814453.21081093,-0.0031173820242695,-0.048754561031431276
2021-07-09,149814453.21081093,0.0,-0.048754561031431276
2021-07-12,149814453.21081093,0.0,-0.048754561031431276
2021-07-13,149814453.21081093,0.0,-0.048754561031431276
2021-07-14,149694601.6482423,-0.0007999999999999066,-0.049515557382606046
2021-07-15,150242972.80426347,0.0036632660762861697,-0.046033679967927954
2021-07-16,150655471.29222104,0.002745542638423229,-0.04341452476066021
2021-07-19,148536560.4600907,-0.014064612549121213,-0.05686852884001847
2021-07-20,149745944.33746746,0.008141994628330622,-0.049189557468024336
2021-07-21,149919884.778911,0.0011615702997040142,-0.048085124297330806
2021-07-22,151309846.55565396,0.009271363693967359,-0.0392595752789936
2021-07-23,151745576.14634082,0.002879717352212039,-0.036492914406953014
2021-07-26,152173875.20427236,0.002822481345475918,-0.033773433631632765
2021-07-27,150762948.57383126,-0.009271805876975438,-0.04273209878817674
2021-07-28,148024510.8876493,-0.018163863947254267,-0.06011978270686191
2021-07-29,152638981.72563288,0.03117369420991342,-0.030820244219018633
2021-07-30,153357890.04675132,0.004709860567667276,-0.02625554270428443
2021-08-02,153246276.99968538,-0.0007277946184048184,-0.02696422868000581
2021-08-03,159318875.39732555,0.039626400827033705,0.0
2021-08-04,158459655.38213998,-0.005393083606965935,-0.005393083606965887
2021-08-05,159264385.4357437,0.005078453892020833,-0.00034201824137891634
2021-08-06,158618584.91847605,-0.004054895986323302,-0.004395527379307929
2021-08-09,162892471.6835792,0.02694442626190227,0.0
2021-08-10,162936248.4814097,0.00026874659938569336,0.0
2021-08-11,160826523.74792266,-0.012948160726357646,-0.012948160726357627
2021-08-12,159146957.07410952,-0.010443343763654711,-0.023256282396439953
2021-08-13,163982808.5419931,0.030386075591955487,0.0
2021-08-16,165335120.2601897,0.008246667624614427,0.0
2021-08-17,166089656.7062901,0.004563679180279191,0.0
2021-08-18,165664156.53544962,-0.0025618703733786305,-0.0025618703733786274
2021-08-19,165563914.81738144,-0.0006050899613081497,-0.003165410172641714
2021-08-20,162330271.65827858,-0.019531086605856087,-0.02263467287827281
2021-08-23,159417085.71842438,-0.01794604241152723,-0.04017451249035553
2021-08-24,160476814.50630307,0.00664752327583301,-0.033794050221397365
2021-08-25,161777848.31739223,0.008107300827796884,-0.02596072792493509
2021-08-26,161452589.86461994,-0.0020105252737331776,-0.02791905849905063
2021-08-27,162038265.52745646,0.003627539597398954,-0.02439279639187908
2021-08-30,164309205.988787,0.014014840592981631,-0.010719816951946681
2021-08-31,165172625.77642828,0.0052548473011318035,-0.0055213006519935215
2021-09-01,166349495.75758743,0.007125090950313519,0.0
2021-09-06,169585577.05959547,0.01945350833358586,0.0
2021-09-07,166977569.88623822,-0.015378708605866565,-0.015378708605866542
2021-09-08,168154439.86739737,0.007048072276779162,-0.008439026578865083
2021-09-09,168470237.54414546,0.0018780216389000942,-0.00657685361449134
2021-09-10,168316518.23529804,-0.000912441930920571,-0.007483294548400576
2021-09-13,170413969.57096207,0.012461351729792213,0.0
2021-09-14,173941056.41264263,0.020697169666080942,0.0
2021-09-15,177439939.81151792,0.02011533947784501,0.0
2021-09-16,173997594.5801529,-0.01940005860586736,-0.019400058605867354
2021-09-17,177721605.3907771,0.02140265685632066,0.0
2021-09-20,175998287.04033983,-0.00969672959372623,-0.00969672959372625
2021-09-21,178166332.707019,0.012318561181122433,0.0
2021-09-22,178357078.29164505,0.001070603978472832,0.0
2021-09-23,175994208.56870854,-0.01324797280583844,-0.013247972805838448
2021-09-24,174899206.92744184,-0.006221804968310718,-0.019387351471125802
2021-09-27,170596511.95345426,-0.024600997623577463,-0.0435114009072346
2021-09-28,174181599.2704031,0.021015009485815223,-0.02341078392422602
2021-09-29,174059339.0798591,-0.0007019122057444207,-0.024096263814987973
2021-09-30,175548935.66611913,0.008557981399530581,-0.015744497792984258
2021-10-01,176504542.89073858,0.005443537558307623,-0.010386665999749356
2021-10-04,176015232.2839608,-0.0027722267017267913,-0.013130098508649768
2021-10-05,179019566.36511374,0.01706860276902701,0.0
2021-10-06,182101432.99195987,0.01721525020656463,0.0
2021-10-07,184391571.71145296,0.012576170773978507,0.0
2021-10-08,181162083.03081605,-0.017514296617041753,-0.017514296617041736
2021-10-11,183100396.67314565,0.010699334043315743,-0.007002353883765466
2021-10-12,185764759.00186622,0.014551373875375865,0.0
2021-10-13,190638833.5924812,0.026237886113619692,0.0
2021-10-14,192405443.24195763,0.009266787968566935,0.0
2021-10-15,194195806.10109577,0.009305157011003463,0.0
2021-10-18,190523966.01374757,-0.018907926803716252,-0.018907926803716224
2021-10-19,197602860.5036196,0.037154876827208444,0.0
2021-10-20,203183678.65968302,0.02824259801624269,0.0
2021-10-21,205866958.2845308,0.013206177004709399,0.0
2021-10-22,204420584.3497206,-0.007025770171486885,-0.007025770171486867
2021-10-25,200064533.17451242,-0.021309258992019582,-0.02818531520730383
2021-10-26,203231368.00340414,0.015829066644857816,-0.012802395795268762
2021-10-27,204950925.7099434,0.00846108414971881,-0.004449633793691787
2021-10-28,210798155.5164948,0.028529901908453358,0.0
2021-10-29,213121738.80770662,0.011022787583309736,0.0
2021-11-01,214925242.6407359,0.008462317561403334,0.0
2021-11-02,214175579.28960094,-0.0034880190987527505,-0.003488019098752737
2021-11-03,204113119.59591934,-0.04698229241194432,-0.05030643637746102
2021-11-04,205119901.63091296,0.004932470960155501,-0.04562210045384629
2021-11-05,208587090.39038414,0.016903229437531326,-0.029490031847708376
2021-11-08,214910901.3297739,0.030317364931618476,-6.672697346199463e-05
2021-11-09,217912238.9879341,0.013965497513570766,0.0
2021-11-10,221801619.01532137,0.017848378069313574,0.0
2021-11-11,221882701.79895145,0.000365564435417724,0.0
2021-11-12,226505225.9826026,0.020833188645050987,0.0
2021-11-15,231288959.7356283,0.02111975002904851,0.0
2021-11-16,230234042.62437135,-0.004561035306063747,-0.0045610353060637765
2021-11-17,238422043.45622033,0.035563814710093795,0.0
2021-11-18,244324108.07399157,0.024754693535100878,0.0
2021-11-19,242345405.92115563,-0.008098677483912891,-0.008098677483912908
2021-11-22,240179454.58388698,-0.008937455731978343,-0.016963751644391234
2021-11-23,235282383.26981843,-0.020389218230813185,-0.037007092240913586
2021-11-24,236621712.2678419,0.0056924321294703865,-0.031525320472333584
2021-11-25,236191299.53777692,-0.001818990852275577,-0.03328696705505496
2021-11-26,235282383.26981843,-0.0038482207843270624,-0.037007092240913586
2021-11-29,235857666.94972265,0.002445077578309361,-0.03465249987408092
2021-11-30,230817577.84678483,-0.021369197652634307,-0.05528120140774806
2021-12-01,229552617.15838367,-0.00548034816152882,-0.06045858933877479
2021-12-02,227627778.10816568,-0.008385175799977532,-0.06833680923852814
2021-12-03,223832135.98952153,-0.016674775592812358,-0.08387208387255918
2021-12-06,220209724.48822662,-0.016183607797338316,-0.09869833875935852
2021-12-07,220209724.48822662,0.0,-0.09869833875935852
2021-12-08,220209724.48822662,0.0,-0.09869833875935852
2021-12-09,220033556.70863605,-0.00079999999999998,-0.09941938008835105
2021-12-10,221853449.37209553,0.008270977803032764,-0.09197069777122024
2021-12-13,226599816.229106,0.02139415398067494,-0.07254417906037292
2021-12-14,229679530.26689768,0.013590982062747543,-0.059939143633991665
2021-12-15,230205698.9356177,0.002290881856596345,-0.057785575274046375
2021-12-16,234793401.5291224,0.019928709909079113,-0.03900845733153302
2021-12-17,229935834.07717624,-0.020688688099029327,-0.05889011162360591
2021-12-20,232579978.0968145,0.011499486499136898,-0.04806783116801738
2021-12-21,232652577.54699594,0.00031214832323702487,-0.04777068713768107
2021-12-22,232555688.18670833,-0.0004164551336983792,-0.048167247923480705
2021-12-23,227907820.91310662,-0.019986039945280334,-0.06719061532770809
2021-12-24,224772556.4680723,-0.013756721609960429,-0.08002301434780335
2021-12-27,228485656.26470354,0.016519364529978427,-0.06482557916262388
2021-12-28,227455618.89077237,-0.004508105194742982,-0.06904144382719168
2021-12-29,227798964.68208277,0.001509506746787731,-0.06763615560566905
2021-12-30,230408392.6960417,0.011454959936278288,-0.05695596512209755
2021-12-31,229585058.2627613,-0.003573369978612558,-0.06032581036483997
2022-01-04,230584384.53637606,0.004352749613483252,-0.05623564389910529
2022-01-05,234289542.37719557,0.016068554894856712,-0.04107071453528899
2022-01-06,229908104.5661666,-0.018700953386878192,-0.05900360640407698
2022-01-07,235088534.06265122,0.02253260930605298,-0.037800502308775186
2022-01-10,232057817.66892648,-0.012891808636303173,-0.05020499410295742
2022-01-11,236579123.58122134,0.019483531982298248,-0.03169963272893528
2022-01-12,236579123.58122134,0.0,-0.03169963272893528
2022-01-13,236389860.28235638,-0.0007999999999999306,-0.032474273022752076
2022-01-14,237905361.9092726,0.006411026365961871,-0.02627144007735449
2022-01-17,234754093.02492958,-0.013245892648459068,-0.0391693440508285
2022-01-18,230586550.94651285,-0.017752798363239463,-0.05622677694711331
2022-01-19,229722435.1985589,-0.003747468117316143,-0.05976353701048065
2022-01-20,229722435.1985589,0.0,-0.05976353701048065
2022-01-21,229722435.1985589,0.0,-0.05976353701048065
2022-01-24,229722435.1985589,0.0,-0.05976353701048065
2022-01-25,229446768.27632064,-0.0011999999999999557,-0.06089182076606803
2022-01-26,230646443.6560362,0.005228556447876414,-0.055981640640280994
2022-01-27,225191022.8347815,-0.023652741983702066,-0.07831026332209412
2022-01-28,227362843.65189657,0.00964434900545966,-0.06942116582682223
2022-02-07,231140562.2947351,0.01661537383224502,-0.05395925061666007
2022-02-08,238564586.81465694,0.032119089986703486,-0.023573282656128236
2022-02-09,245267677.09572303,0.028097591392614293,0.0
2022-02-10,244776664.1731366,-0.00200194713139803,-0.0020019471313980075
2022-02-11,245872688.45149174,0.004477650196180083,0.0
2022-02-14,246255360.02667004,0.0015563809774414726,0.0
2022-02-15,245846352.01638412,-0.001660910082288635,-0.0016609100822886358
2022-02-16,243358669.47127822,-0.010118850756590098,-0.011762954337635967
2022-02-17,244824942.56323412,0.0060251524843619895,-0.00580867544682484
2022-02-18,251504877.8871588,0.027284537490290136,0.0
2022-02-21,254294001.55699056,0.011089739862155406,0.0
2022-02-22,258173072.87254152,0.015254277693536563,0.0
2022-02-23,259479525.11112404,0.005060373740942028,0.0
2022-02-24,263981058.06036463,0.01734831658610744,0.0
2022-02-25,263869934.50413197,-0.0004209527647519708,-0.0004209527647519584
2022-02-28,263869934.50413197,0.0,-0.0004209527647519584
2022-03-01,263869934.50413197,0.0,-0.0004209527647519584
2022-03-02,263869934.50413197,0.0,-0.0004209527647519584
2022-03-03,263869934.50413197,0.0,-0.0004209527647519584
2022-03-04,263869934.50413197,0.0,-0.0004209527647519584
2022-03-07,263869934.50413197,0.0,-0.0004209527647519584
2022-03-08,263869934.50413197,0.0,-0.0004209527647519584
2022-03-09,263869934.50413197,0.0,-0.0004209527647519584
2022-03-10,263869934.50413197,0.0,-0.0004209527647519584
2022-03-11,263869934.50413197,0.0,-0.0004209527647519584
2022-03-14,263869934.50413197,0.0,-0.0004209527647519584
2022-03-15,263869934.50413197,0.0,-0.0004209527647519584
2022-03-16,263869934.50413197,0.0,-0.0004209527647519584
2022-03-17,263658838.5565287,-0.0007999999999999232,-0.001220616002540087
2022-03-18,266582367.4927364,0.01108830241464067,0.0
2022-03-21,268756865.8775681,0.00815694753288953,0.0
2022-03-22,272757744.924015,0.014886611485748817,0.0
2022-03-23,272812189.87598723,0.0001996091879532641,0.0
2022-03-24,272960676.1086389,0.0005442800511192282,0.0
2022-03-25,275224266.23306155,0.008292733432129088,0.0
2022-03-28,277794727.9049643,0.009339516849601093,0.0
2022-03-29,276431370.771352,-0.004907786205643001,-0.004907786205643028
2022-03-30,273810675.5526068,-0.009480455172046516,-0.01434171333057288
2022-03-31,271877505.3882939,-0.007060243945607161,-0.021300701281468326
2022-04-01,278360228.6564777,0.023844279646913706,0.0
2022-04-04,271346073.25770044,-0.02519812342672474,-0.025198123426724783
2022-04-05,273386202.34314585,0.0075185502445353995,-0.017869026539241162
2022-04-06,273750657.42408895,0.001333114392092308,-0.016559733603600968
2022-04-07,264100476.01010016,-0.03525171959327547,-0.05122769411134298
2022-04-08,264984299.8618806,0.0033465439560458944,-0.04805258588540762
2022-04-12,259215472.18834767,-0.021770450840068088,-0.06877691026671928
2022-04-13,269239585.1920476,0.03867096712659321,-0.032765612776119
2022-04-14,278508397.91252613,0.03442589140028249,0.0
2022-04-15,278384379.38453245,-0.0004452954701661483,-0.00044529547016614046
2022-04-18,276152952.6175049,-0.00801563209818352,-0.008457358243685875
2022-04-19,282768155.99471056,0.023954852970079533,0.0
2022-04-20,278530312.72685874,-0.014986989086320958,-0.014986989086321012
2022-04-21,278424743.132359,-0.00037902371726137484,-0.01536033237926826
2022-04-22,266053174.3946379,-0.04443415695939011,-0.05911196591876955
2022-04-25,251880557.5444868,-0.05326986562892429,-0.10923294506613945
2022-04-26,252838477.63471413,0.0038030727721338684,-0.10584529313320667
2022-04-27,252838477.63471413,0.0,-0.10584529313320667
2022-04-28,252838477.63471413,0.0,-0.10584529313320667
2022-04-29,252838477.63471413,0.0,-0.10584529313320667
2022-05-04,252838477.63471413,0.0,-0.10584529313320667
2022-05-05,252737342.24366024,-0.0003999999999999983,-0.10620295501595334
2022-05-06,250700108.05707818,-0.008060677415124482,-0.11340756467016122
2022-05-09,246507539.15135866,-0.016723442754819136,-0.12823444250925553
2022-05-10,246621949.04227176,0.00046412329337663775,-0.1278298358076606
2022-05-11,249924240.70342833,0.013390096355902784,-0.1161513932703816
2022-05-12,249924240.70342833,0.0,-0.1161513932703816
2022-05-13,249924240.70342833,0.0,-0.1161513932703816
2022-05-16,249924240.70342833,0.0,-0.1161513932703816
2022-05-17,249724301.31086558,-0.0008000000000000174,-0.11685847215576528
2022-05-18,248404646.9812438,-0.005284444976698682,-0.12152538496629572
2022-05-19,248463744.2463987,0.00023790724478419442,-0.1213163894910202
2022-05-20,248301669.05333105,-0.0006523092274859705,-0.12188956291819597
2022-05-23,245575500.79315826,-0.010979258699977764,-0.13153056457406764
2022-05-24,246477210.67761838,0.0036718234577463316,-0.12834169812873497
2022-05-25,251329042.72945458,0.01968470853146006,-0.11118335851737171
2022-05-26,252790738.28415716,0.005815864091266346,-0.10601412172845293
2022-05-27,255453147.28590664,0.010532067036240558,-0.09659860252904462
2022-05-30,256050503.03398225,0.0023384160830362986,-0.09448607417176103
2022-05-31,254583765.78649512,-0.005728312306000301,-0.0996731407363376
2022-06-01,254933386.90209284,0.0013733048315851067,-0.09843671751050498
2022-06-02,249841735.31710896,-0.01997247848489666,-0.1164431707727992
2022-06-03,246992497.22150788,-0.011404171892997448,-0.12651940473053802
2022-06-06,245186744.22735938,-0.0073109629420405305,-0.13290538899314452
2022-06-07,242707774.73643288,-0.010110536353579454,-0.1416721805797222
2022-06-08,245976829.98176685,0.013469099821313847,-0.13011127750053986
2022-06-09,249403584.76676363,0.013931209639748539,-0.11799267534414681
2022-06-10,244621346.06520006,-0.01917469913688612,-0.1349049004309526
2022-06-13,237656637.30534714,-0.02847138596807729,-0.1595353569098752
2022-06-14,238695658.74958476,0.004371943725277317,-0.15586089278719994
2022-06-15,237022777.71924987,-0.007008426709971742,-0.16177697985312178
2022-06-16,237022777.71924987,0.0,-0.16177697985312178
2022-06-17,237022777.71924987,0.0,-0.16177697985312178
2022-06-20,236927968.60816216,-0.000400000000000041,-0.1621122690611806
2022-06-21,232937316.34195918,-0.01684331440330219,-0.17622507554805256
2022-06-22,236775420.738659,0.01647698383828446,-0.16265174943147387
2022-06-23,240149779.6120692,0.014251305574216023,-0.15071844364058662
2022-06-24,240918620.87436518,0.003201507257420575,-0.14799946257430852
2022-06-27,241223716.61337152,0.0012663850469467968,-0.14692050183372196
2022-06-28,245525566.533361,0.017833445153671953,-0.1317071553914516
2022-06-29,246446955.66516018,0.003752721742214152,-0.12844869395488012
2022-06-30,243479698.3319085,-0.01204014602348428,-0.1389422989466218
2022-07-01,243933202.28030133,0.0018625945058245773,-0.13733849760344186
2022-07-04,243555282.32330728,-0.001549276414449692,-0.13867499872275857
2022-07-05,243252946.35771206,-0.0012413443170322207,-0.13974419961821183
2022-07-06,240305170.69315848,-0.012118149887560969,-0.15016890834888208
2022-07-07,241514514.55553943,0.005032533669136658,-0.1458921047670687
2022-07-08,242043602.4953311,0.002190708665130802,-0.1440210032000253
2022-07-11,242270354.46952754,0.0009368228362937539,-0.14321910252843528
2022-07-12,243435698.98409984,0.004810099515163206,-0.1390979011489062
2022-07-13,245259283.31280273,0.007491030840230239,-0.1326488569759937
2022-07-14,245441641.745673,0.0007435332534903056,-0.13200395255870256
2022-07-15,246353433.91002446,0.0037149041127106856,-0.12877943047224616
2022-07-18,246718150.77576503,0.0014804618711902055,-0.12748962163766375
2022-07-19,246718150.77576503,0.0,-0.12748962163766375
2022-07-20,248177018.23872736,0.005913093375477882,-0.12233038629933368
2022-07-21,248906451.97020853,0.002939167118123343,-0.11975076863016876
2022-07-22,248964962.8025915,0.00023507157777485067,-0.11954384705451548
2022-07-25,246676241.56029013,-0.009192945129858052,-0.12763783215778923
2022-07-26,246676241.56029013,0.0,-0.12763783215778923
2022-07-27,246856986.19469598,0.0007327200757665005,-0.12699863488407204
2022-07-28,249289680.87474927,0.009854672203340556,-0.11839549259778581
2022-07-29,249966681.74744943,0.0027157196010864993,-0.11600130195662739
2022-08-01,250950810.50576103,0.003937039734383085,-0.11252096395728772
2022-08-02,251610221.19191486,0.0026276491589123244,-0.11018898041467773
2022-08-03,254050415.85039362,0.009698312917969722,-0.10155931470888158
2022-08-04,255367264.79400653,0.005183415816128305,-0.09690232305089053
2022-08-05,257497003.6698975,0.00833990557720441,-0.08937057369814227
2022-08-08,256532922.94490975,-0.0037440463820839808,-0.09278001250710699
2022-08-09,256413490.2508731,-0.0004655647807915503,-0.09320238218171384
2022-08-10,261817371.70619738,0.0210748718799357,-0.07409173856516249
2022-08-11,259687632.8303064,-0.008134444487056006,-0.08162348791791074
2022-08-12,264421937.40757823,0.018230766423772915,-0.0648807802370629
2022-08-15,263044802.43350896,-0.0052080965277346136,-0.06975097139852815
2022-08-16,263298467.23419774,0.0009643406687455587,-0.06885389442818668
2022-08-17,262098338.26849365,-0.004558055268269363,-0.07309810984021681
2022-08-18,259622184.3543987,-0.009447423171215918,-0.08185494423475614
2022-08-19,263749144.40631574,0.01589602237643728,-0.06726008988349663
2022-08-22,266749808.17442065,0.011376961145634173,-0.056648344167118836
2022-08-23,270964026.61236787,0.01579839350884049,-0.04174490349105475
2022-08-24,273154604.1341549,0.008084385035068935,-0.03399800032905931
2022-08-25,274290196.48081523,0.0041573245681137795,-0.029982016482980267
2022-08-26,277906625.7871711,0.01318468305741594,-0.017192636810314577
2022-08-29,274912187.17869806,-0.0107749809850388,-0.027782367460639557
2022-08-30,273823554.85051054,-0.003959927493064882,-0.03163227879297459
2022-08-31,275642720.41223973,0.006643568566343155,-0.02519886143970229
2022-09-05,278422651.17386323,0.010085268195967423,-0.015367730519587286
2022-09-06,277705481.20689213,-0.0025758319732515473,-0.017903977801210114
2022-09-07,273576691.4108249,-0.014867512798536613,-0.03250530298064258
2022-09-08,270315978.2252373,-0.011918826742045191,-0.044036704648263814
2022-09-09,275309437.923715,0.018472676795734767,-0.02637750366464564
2022-09-12,276232951.9141225,0.0033544581594163194,-0.02311152773762226
2022-09-13,277328918.98151046,0.003967546448725862,-0.019235677348696356
2022-09-14,277943441.07870966,0.0022158601398513792,-0.017062440779544996
2022-09-15,276493638.6546531,-0.005216177861329802,-0.022189617915020277
2022-09-16,270125463.96242213,-0.023031903096276788,-0.04471045188173495
2022-09-19,262433984.6773792,-0.02847372910431326,-0.07191110769103626
2022-09-20,268005567.25278863,0.021230415650087455,-0.05220739474708769
2022-09-21,264351619.65278858,-0.01363384961534613,-0.065129456593643
2022-09-22,266613198.2103629,0.008555190849765897,-0.05713146067497732
2022-09-23,265608052.18477434,-0.003770053516988655,-0.06068612552771757
2022-09-26,262466970.85481,-0.011826001900647191,-0.07179445319253108
2022-09-27,262592614.10800856,0.00047870119729490334,-0.07135012008593855
2022-09-28,261127714.29031575,-0.0055786025157976435,-0.07653068864232226
2022-09-29,261127714.29031575,0.0,-0.07653068864232226
2022-09-30,261023263.20459962,-0.0004000000000000078,-0.07690007636686536
2022-10-03,256481137.20568895,-0.017401230615029052,-0.09296315101872121
2022-10-04,255412401.67653346,-0.004166916681667721,-0.09674269799562873
2022-10-05,258974853.44038498,0.01394784176675643,-0.08414420807260437
2022-10-06,255412401.67653346,-0.013755975595798864,-0.09674269799562873
2022-10-07,252295256.3831634,-0.012204361545911818,-0.10776637667827493
2022-10-10,256117197.13349387,0.015148682559952921,-0.09425021274925749
2022-10-11,256117197.13349387,0.0,-0.09425021274925749
2022-10-12,255809856.49693367,-0.0012000000000000352,-0.09533711249395838
2022-10-13,257917071.99034604,0.008237428855434404,-0.08788501631997547
2022-10-14,260950358.20193037,0.011760703501231849,-0.07715790243788379
2022-10-17,259899240.9982783,-0.004028035105583957,-0.08087514280377472
2022-10-18,260918445.39425415,0.003921536638818463,-0.07727076100063102
2022-10-19,260499998.43311444,-0.0016037461840132659,-0.0787505844965537
2022-10-20,259360516.1834492,-0.004374212117155932,-0.08278032485277165
2022-10-21,252656722.23163542,-0.025847395935440314,-0.10648806495607799
2022-10-24,247390238.03465998,-0.020844425394496855,-0.12511280782519363
2022-10-25,243942473.34322423,-0.013936543005196162,-0.13730571080363307
2022-10-26,245894929.03817853,0.00800375460737099,-0.130400917411725
2022-10-27,249520918.18595082,0.01474609160081255,-0.11757772968389579
2022-10-28,249520918.18595082,0.0,-0.11757772968389579
2022-10-31,248684151.45954183,-0.0033534932962430166,-0.12053692685185635
2022-11-01,248963073.70167816,0.0011215923511784665,-0.1195505277958695
2022-11-02,249520918.18595082,0.00224067158224878,-0.11757772968389579
2022-11-03,249460651.00357336,-0.0002415315830656916,-0.11779086253177762
2022-11-04,240076654.4028991,-0.037617141472704056,-0.15097704846443194
2022-11-07,233835325.69351953,-0.02599723294587941,-0.1730492959119002
2022-11-08,236001269.2342227,0.009262687467256382,-0.1653895099891045
2022-11-09,237447183.76848382,0.006126723550906371,-0.16027608224412127
2022-11-10,233220651.56930292,-0.017799883460828333,-0.17522307011944616
2022-11-11,233665549.69553247,0.0019076274902582984,-0.17364970297467508
2022-11-14,232108406.25372896,-0.0066639838171800745,-0.17915648798137385
2022-11-15,227722970.19674405,-0.01889391309761943,-0.19466543396419855
2022-11-16,235406332.84942025,0.03373995449838925,-0.16749348235017048
2022-11-17,239959894.23958403,0.01934341075300003,-0.15138996682472017
2022-11-18,239959894.23958403,0.0,-0.15138996682472017
2022-11-21,239959894.23958403,0.0,-0.15138996682472017
2022-11-22,239959894.23958403,0.0,-0.15138996682472017
2022-11-23,239959894.23958403,0.0,-0.15138996682472017
2022-11-24,239959894.23958403,0.0,-0.15138996682472017
2022-11-25,239959894.23958403,0.0,-0.15138996682472017
2022-11-28,239959894.23958403,0.0,-0.15138996682472017
2022-11-29,239959894.23958403,0.0,-0.15138996682472017
2022-11-30,239959894.23958403,0.0,-0.15138996682472017
2022-12-01,239959894.23958403,0.0,-0.15138996682472017
2022-12-02,239959894.23958403,0.0,-0.15138996682472017
2022-12-05,239959894.23958403,0.0,-0.15138996682472017
2022-12-06,239959894.23958403,0.0,-0.15138996682472017
2022-12-07,239671942.36649653,-0.001199999999999978,-0.15240829886453056
2022-12-08,245394730.5676274,0.02387758927734567,-0.13216985234993106
2022-12-09,251549968.377016,0.02508300726405496,-0.11040206245245843
2022-12-12,247416558.5500817,-0.016431764446653674,-0.12501972621446855
2022-12-13,255741640.0434349,0.033648036906422485,-0.09557835766974143
2022-12-14,255789051.746224,0.00018538906210598192,-0.0954106877897214
2022-12-15,253146321.63345325,-0.010331677977338406,-0.10475661326522012
2022-12-16,253146321.63345325,0.0,-0.10475661326522012
2022-12-19,253075835.37258053,-0.0002784407864112015,-0.10500588553785195
2022-12-20,242411496.30987316,-0.04213890688934101,-0.14271995919368063
2022-12-21,246931516.58208933,0.01864606399045636,-0.1267350606950649
2022-12-22,252580969.2317366,0.02287862127866199,-0.10675596287277356
2022-12-23,257349810.49376974,0.01888044565090668,-0.08989111737679645
2022-12-26,259557607.37434062,0.008578972241459403,-0.08208331853606643
2022-12-27,259557607.37434062,0.0,-0.08208331853606643
2022-12-28,259380983.62389493,-0.0006804799606237795,-0.08270794244332491
2022-12-29,259052244.29468992,-0.0012673995009660451,-0.08387051793931233
2022-12-30,259531611.03189808,0.0018504635561575943,-0.08217525372003753
2023-01-03,268254633.0226098,0.033610634003422436,-0.051326582093537576
2023-01-04,268182001.69879037,-0.0002707551515552276,-0.05158344030857931
2023-01-05,271036412.7248934,0.01064355925461755,-0.04148891245744313
2023-01-06,269540207.45421344,-0.005520310926630455,-0.04678019168730074
2023-01-09,264034753.1087018,-0.02042535470871021,-0.06625004438745641
2023-01-10,266591375.7071452,0.009682901846602254,-0.05720863521799091
2023-01-11,269882825.453632,0.012346422451799385,-0.045568534744483746
2023-01-12,265288181.4812802,-0.0170245882250154,-0.06181733742945705
2023-01-13,263862874.41688323,-0.005372674562577726,-0.06685788755570121
2023-01-16,263774745.24925664,-0.0003339960872530789,-0.06716955337010866
2023-01-17,266698417.79538774,0.011083974485003673,-0.05683008450082838
2023-01-18,271276496.13472706,0.017165749902767098,-0.04063986561555566
2023-01-19,271058492.40428233,-0.0008036218896621981,-0.041410828419616186
2023-01-27,269532466.2911692,-0.005629877520446935,-0.04680756804804043
2023-01-30,273019938.8849627,0.012938970365173084,-0.034474239418706754
2023-01-31,275947891.8729192,0.010724319256368381,-0.024119632911985156
2023-02-01,270176919.50361466,-0.020913268552753477,-0.044528481104256445
2023-02-02,265326034.17192253,-0.017954477164831357,-0.06168347267191676
2023-02-03,265185556.4063241,-0.0005294533800155516,-0.0621802675288351
2023-02-06,266748508.41160634,0.0058938051772603256,-0.05665294073425964
2023-02-07,259909874.23880082,-0.02563700998190086,-0.0808375387090523
2023-02-08,256122590.3070416,-0.014571527699172927,-0.09423113997379329
2023-02-09,256545389.79841268,0.0016507700115957757,-0.09273592390222474
2023-02-10,250272897.3490317,-0.024449834995319036,-0.11491838085999584
2023-02-13,244880591.15666765,-0.021545705705575874,-0.13398808895140102
2023-02-14,245193937.4825392,0.001279588244995239,-0.13287995028999733
2023-02-15,246057815.89483786,0.0035232453998181265,-0.12982487356376649
2023-02-16,247470050.37741175,0.005739441673242636,-0.12483055418007927
2023-02-17,246292825.63924152,-0.004757039231110487,-0.1289937695677138
2023-02-20,247707236.1379673,0.005742800242170009,-0.1239917547766557
2023-02-21,248973849.52885365,0.005113348364925809,-0.11951241944828139
2023-02-22,243550361.76024008,-0.021783363107718858,-0.13869240012727635
2023-02-23,248238366.1979133,0.019248603877206533,-0.1221134313208988
2023-02-24,246958288.33948278,-0.005156647934952713,-0.12664038328240057
2023-02-27,244824825.24209857,-0.008638961306904735,-0.13418530321823707
2023-02-28,241922192.5543416,-0.011855957355985634,-0.14445036534146727
2023-03-01,246406471.47797027,0.01853603787350505,-0.12859186491077335
2023-03-02,247417059.26094174,0.004101303739751097,-0.1250179554674823
2023-03-03,246644636.73866516,-0.0031219452877820136,-0.1277496015383045
2023-03-06,245211242.57423937,-0.005811576458257058,-0.13281875141970978
2023-03-07,249858895.23558637,0.018953668732949278,-0.11638248530269368
2023-03-08,253045567.62940007,0.012753888112764835,-0.10511292638576486
2023-03-09,252898622.2790208,-0.0005807070708881106,-0.10563259363705901
2023-03-10,254741029.7733472,0.0072851622429706275,-0.09911698197688013
2023-03-13,254015317.85629255,-0.0028488222635369995,-0.10168343757546683
2023-03-14,251667887.26977152,-0.009241295392465553,-0.10998504628477612
2023-03-15,254503919.04199523,0.011268945764159693,-0.0999555160420682
2023-03-16,255033744.25431475,0.002081795888699449,-0.09808180713571801
2023-03-17,257356437.72064447,0.009107396643220586,-0.08986768041356619
2023-03-20,252816513.6264562,-0.0176406082334582,-0.10592296810399904
2023-03-21,254714844.71893758,0.007508730601697223,-0.09920958453432693
2023-03-22,255799605.34321266,0.004258725577898909,-0.09537336535165708
2023-03-23,257155556.1235565,0.005300832182772596,-0.09057809137331996
2023-03-24,259101596.59534627,0.0075675614446174206,-0.0836959852007062
2023-03-27,261509905.89965126,0.009294845481273437,-0.07517908096927628
2023-03-28,259552036.26729748,-0.007486789556281943,-0.08210302056730667
2023-03-29,257560094.13503408,-0.007674538643233788,-0.08914745640647037
2023-03-30,251800467.6029661,-0.02236226287853551,-0.10951618042989164
2023-03-31,253861914.6216157,0.008186827603116512,-0.10222594291570641
2023-04-03,260555535.94279617,0.026367174182694506,-0.0785541779758605
2023-04-04,264626586.3874408,0.015624501816527941,-0.0641570460558123
2023-04-05,267314556.22528392,0.010157595555828442,-0.05465113182587544
2023-04-06,268131158.66654474,0.003054837165592318,-0.05176324496892648
2023-04-07,272833255.37747973,0.01753655462617328,-0.035134439315778754
2023-04-10,270937489.40195996,-0.006948441724586984,-0.04183875143625404
2023-04-11,276380550.0153562,0.020089728540006367,-0.022589552055054862
2023-04-12,275668608.23861414,-0.0025759474633887383,-0.02510731001912825
2023-04-13,272878048.8013553,-0.010122877084515107,-0.03497602889039697
2023-04-14,269841994.70324594,-0.011126047373343302,-0.04571293130937426
2023-04-17,274051071.69047296,0.015598302228146076,-0.030827673199526284
2023-04-18,278054656.89789736,0.014608901847120862,-0.016669129804352423
2023-04-19,284098676.12732065,0.021736802745377752,0.0
2023-04-20,281459884.3174204,-0.00928829322920756,-0.009288293229207545
2023-04-21,281117839.9381074,-0.0012152509056221534,-0.010492256528071287
2023-04-24,278700130.0006957,-0.008600343322017428,-0.01900236284172452
2023-04-25,272984772.03709745,-0.020507195183525694,-0.039119872861506866
2023-04-26,276917071.4933423,0.014404830814923419,-0.025278557196654727
2023-04-27,276323078.99124444,-0.0021450194417216564,-0.027369353641730876
2023-04-28,276212549.75964797,-0.000399999999999899,-0.02775840590027412
2023-05-04,273519483.6853162,-0.009749977242797936,-0.03723773931724805
2023-05-05,276914550.5682557,0.012412523002732549,-0.02528743061036054
2023-05-08,276212549.75964797,-0.002535080974138711,-0.02775840590027412
2023-05-09,274925253.5665334,-0.004660527532998577,-0.03228956461830235
2023-05-10,275041958.99063444,0.00042449874133811187,-0.03187877275650297
2023-05-11,279724322.0666885,0.01702417730457438,-0.015397305331587563
2023-05-12,282769272.67732483,0.010885541121842144,-0.004679372210097954
2023-05-15,281017639.9111265,-0.006194565447700428,-0.010844950980388846
2023-05-16,284642148.47213364,0.01289779731319861,0.0
2023-05-17,283734962.2321523,-0.003187111412876953,-0.003187111412876975
2023-05-18,283734962.2321523,0.0,-0.003187111412876975
2023-05-19,279116360.21762913,-0.01627787417591563,-0.01941310619022918
2023-05-22,280047125.2517456,0.0033346846218212448,-0.01614315815508227
2023-05-23,282639684.3019968,0.009257581372851766,-0.007035023382465977
2023-05-24,279787242.2222584,-0.010092149963947175,-0.01705617483543742
2023-05-25,282332791.7783135,0.009098161645386911,-0.008113193025755305
2023-05-26,281836034.13317645,-0.0017594755536831993,-0.009858393614647354
2023-05-29,283462465.131014,0.005770841201480303,-0.004144443637218886
2023-05-30,286062635.942773,0.009172892822184473,0.0
2023-05-31,283814349.6673187,-0.007859419556995392,-0.007859419556995428
2023-06-01,285788307.67825794,0.00695510291587819,-0.0009589797129951894
2023-06-02,284949328.24560094,-0.0029356674507535524,-0.0038918319182194017
2023-06-05,283760603.5570575,-0.0041717055304614165,-0.008047301871943913
2023-06-06,287863215.4094523,0.01445800368679397,0.0
2023-06-07,289217296.76799273,0.004703905487244665,0.0
2023-06-08,288412600.85719085,-0.0027823229101245858,-0.0027823229101245905
2023-06-09,293033893.9110632,0.016023200928591212,0.0
2023-06-12,295521569.7810068,0.008489379289000053,0.0
2023-06-13,292715058.75312626,-0.009496806036731212,-0.009496806036731198
2023-06-14,288076494.90679467,-0.01584668676114722,-0.025192999887382994
2023-06-15,288887311.8465493,0.002814589020936748,-0.022449318807333696
2023-06-16,290021992.6787946,0.00392776278401617,-0.018609731622255543
2023-06-19,288266106.5252743,-0.006054320699275472,-0.0245513830381624
2023-06-20,290124252.2952903,0.0064459391095744315,-0.018263700648707748
2023-06-21,293908199.97214484,0.013042507294437506,-0.00545939780320448
2023-06-22,295284180.9455465,0.0046816692202942085,-0.0008032876775668774
2023-06-23,298046892.7437045,0.009356111760919095,0.0
2023-06-26,293220209.485444,-0.01619437536767422,-0.016194375367674207
2023-06-27,290468247.5386407,-0.009385307894133893,-0.025427694062829298
2023-06-28,290799801.54279625,0.001141446636474336,-0.024315271782216263
2023-06-29,284952254.6646434,-0.020108496797898532,-0.04393482501534207
2023-06-30,287577165.2890389,0.009211755939551041,-0.03512778596107924
2023-07-03,288137610.4143525,0.0019488512752752333,-0.03324739351627193
2023-07-04,293497195.51211154,0.01860078276505378,-0.015265038295518507
2023-07-05,291173067.28250617,-0.007918740843673474,-0.023062899256961034
2023-07-06,290450004.3636673,-0.0024832754127541543,-0.025488903139043506
2023-07-07,292193073.4359169,0.0060012706010054845,-0.01964059834309828
2023-07-10,295476554.75796556,0.011237368783037868,-0.008623938206761328
2023-07-11,299475161.0585692,0.013532736307552444,0.0
2023-07-12,298326405.7797851,-0.003835895019551992,-0.0038358950195519492
2023-07-13,301569882.3670111,0.010872241023210674,0.0
2023-07-14,302068368.26875496,0.0016529697787832495,0.0
2023-07-17,299131636.5181896,-0.009722076387529905,-0.009722076387529865
2023-07-18,299438168.6574308,0.0010247399533167697,-0.008707299034316662
2023-07-19,300660094.62409234,0.004080728826722971,-0.00466210233376585
2023-07-20,301889127.04170287,0.004087780319324232,-0.0005933796646082623
2023-07-21,306623831.6363897,0.015683587683609272,0.0
2023-07-24,302619133.3034698,-0.013060623212317277,-0.013060623212317268
2023-07-25,301780515.36748534,-0.0027711993185290684,-0.015795628940700857
2023-07-26,303290882.3790859,0.005004852648493041,-0.010869831087546244
2023-07-27,304792100.6958673,0.004949764084582721,-0.0059738701024861784
2023-07-28,309785468.45623064,0.016382864742764135,0.0
2023-07-31,312308684.93890256,0.008145044682844509,0.0
2023-08-01,307419738.67379284,-0.015654211685038954,-0.015654211685039
2023-08-02,314500872.0337804,0.023034088151058646,0.0
2023-08-03,316255765.20321655,0.005579931012870656,0.0
2023-08-04,318154831.09146166,0.00600484195766304,0.0
2023-08-07,318990883.16128033,0.0026278151016928333,0.0
2023-08-08,312766284.9076874,-0.019513404871968645,-0.01951340487196862
2023-08-09,317227812.88199615,0.014264734370667682,-0.005527024038466943
2023-08-10,311830907.2986828,-0.01701271251811994,-0.022445706885539707
2023-08-11,315444429.1546281,0.0115880811406681,-0.011117728417520789
2023-08-14,326251015.41999954,0.03425828851798853,0.0
2023-08-15,324515237.5142823,-0.00532037548904698,-0.005320375489046958
2023-08-16,331176769.4686118,0.020527639951071045,0.0
2023-08-17,330075884.81184375,-0.003324160262008847,-0.0033241602620088795
2023-08-18,314099248.2442112,-0.04840291976113271,-0.05156618096070642
2023-08-21,314867558.0789164,0.0024460734592647465,-0.049246242168085264
2023-08-22,319702810.51715326,0.015356464374221163,-0.03464602595728261
2023-08-23,319574929.3929465,-0.00039999999999975,-0.03503216754689942
2023-08-24,325416391.83991283,0.01827885077863458,-0.01739366453130675
2023-08-25,326218834.42316675,0.0024658947839624446,-0.014970660693986004
2023-08-28,327422746.03835094,0.0036905030861047396,-0.011335406877373444
2023-08-29,327437780.5722091,4.591780516195126e-05,-0.011290009569215997
2023-08-30,330734943.8504236,0.010069587182189376,-0.0013341081226715401
2023-08-31,331295192.8812215,0.0016939517314846356,0.0
2023-09-05,331431668.81960505,0.0004119466304254818,0.0
2023-09-06,333419009.0925747,0.005996229268155279,0.0
2023-09-07,332495318.88078356,-0.00277035857764994,-0.002770358577649956
2023-09-08,332484069.9625474,-3.383180934396777e-05,-0.0028040966607506546
2023-09-11,332377856.8678684,-0.0003194531836997855,-0.0031226540668447544
2023-09-12,338972485.12891567,0.019840756912001014,0.0
2023-09-13,338972485.12891567,0.0,0.0
2023-09-14,336932082.4711509,-0.006019375457535441,-0.006019375457535392
2023-09-15,335171707.4407909,-0.0052247177456326436,-0.011212643665397426
2023-09-18,333395281.61699927,-0.005300047063505306,-0.016453263189769807
2023-09-19,337569488.058432,0.012520292492405443,-0.004138970364954808
2023-09-20,342388223.77570474,0.014274796412994097,0.0
2023-09-21,327906522.0566281,-0.04229614429894487,-0.042296144298944904
2023-09-22,311706835.0234978,-0.04940336938565885,-0.08960994164421376
2023-09-25,295638393.3089862,-0.051549853609402965,-0.1365404158799104
2023-09-26,295638393.3089862,0.0,-0.1365404158799104
2023-09-27,295638393.3089862,0.0,-0.1365404158799104
2023-09-28,295283627.23701537,-0.0012000000000001252,-0.13757656738085466
2023-09-29,294751115.7158435,-0.001803389934466081,-0.13913185311848764
2023-10-02,295883314.79926157,0.003841203724261978,-0.13582508318658792
2023-10-03,286258829.64809275,-0.0325279752854548,-0.16393494352300453
2023-10-04,292852071.31570804,0.023032448206822407,-0.14467831841216405
2023-10-05,289097221.32225925,-0.012821661040603985,-0.15564496309416276
2023-10-06,291467675.22234476,0.008199504267954008,-0.14872167036538486
2023-10-09,294316643.4535943,0.00977455983438386,-0.14040079939665695
2023-10-10,294811630.1761186,0.0016818169598428814,-0.13895511088241486
2023-10-11,300729579.9151375,0.020073664446289215,-0.1216707847050762
2023-10-12,300262943.8943578,-0.001551679821158292,-0.12303367042478308
2023-10-13,305156020.3894652,0.016295971895982458,-0.10874265176430242
2023-10-16,302378266.82993084,-0.009102732287533352,-0.11685552880458894
2023-10-17,293816047.80109775,-0.02831625142440813,-0.14186286969503414
2023-10-18,291633569.80058205,-0.007428042194595013,-0.1482371485076881
2023-10-19,289126848.34612364,-0.00859544892644733,-0.15555843259513547
2023-10-20,288779896.12810826,-0.0012000000000000845,-0.15657176247602134
2023-10-23,287916049.457759,-0.0029913670651298438,-0.159094765927551
2023-10-24,290743722.4360765,0.009821171774352076,-0.15083609117777375
2023-10-25,289860824.8398739,-0.0030366867040327156,-0.1534147359292387
2023-10-26,277259512.8227652,-0.04347366369384344,-0.19021889898761457
2023-10-27,277417282.53716266,0.000569032646675472,-0.1897581071044777
2023-10-30,274554834.912084,-0.010318202236355718,-0.19811834681574148
2023-10-31,272062362.0815139,-0.009078233247534045,-0.20539801550026637
2023-11-01,273626379.2468131,0.005748745079374979,-0.20083005125181186
2023-11-02,279089964.62701356,0.0199673196540464,-0.18487276942724895
2023-11-03,280725578.39849496,0.005860525202571476,-0.18009569574917506
2023-11-06,281688341.038306,0.0034295508279063203,-0.1772837922637277
2023-11-07,279301379.2108371,-0.008473768629083146,-0.18425529905548155
2023-11-08,282983896.4461844,0.013184744184766225,-0.17349991385344943
2023-11-09,285901531.67307556,0.010310251797123065,-0.16497848985493457
2023-11-10,283872436.0414051,-0.0070971834945981254,-0.1709047907343706
2023-11-13,283963469.67958784,0.0003206850212448288,-0.17063891231957318
2023-11-14,284908424.4872036,0.003327733699979097,-0.1678790194786478
2023-11-15,289354826.49240386,0.015606425163465018,-0.15489258566919217
2023-11-16,289076454.4595257,-0.0009620438554719193,-0.15570561606436284
2023-11-17,281972981.4281169,-0.02457299071517207,-0.1764524541216852
2023-11-20,282245085.10406244,0.0009649991093734898,-0.17565773147338593
2023-11-21,283111100.7832718,0.0030683109287449792,-0.17312839308183925
2023-11-22,283456430.2652046,0.001219766660429104,-0.1721198026632651
2023-11-23,281385443.92591774,-0.007306189305175503,-0.17816845210701326
2023-11-24,280945420.9993111,-0.0015637728820205176,-0.17945360999519733
2023-11-27,281165432.4626144,0.0007831110488320329,-0.1788110310511053
2023-11-28,283145535.6323441,0.007042484392148729,-0.173027820554278
2023-11-29,283585558.5589508,0.0015540521436227465,-0.17174266266609395
2023-11-30,285785673.1919838,0.007758204064455859,-0.16531687322517463
2023-12-01,286665719.045197,0.003079391081378659,-0.16274655744880706
2023-12-04,289305856.6048367,0.009209812629264668,-0.1550356101197038
2023-12-05,285451435.463989,-0.013322997280737537,-0.16629306838839897
2023-12-06,290750987.8059273,0.018565513020889397,-0.150814871493958
2023-12-07,289551132.08437824,-0.004126746844794636,-0.15431924354366688
2023-12-08,286291220.72601545,-0.011258499785153047,-0.16384034015853854
2023-12-11,289630515.8361726,0.011663980130752533,-0.15408739050001097
2023-12-12,290114981.6810056,0.0016727030417853174,-0.15267242990501584
2023-12-13,292814657.054491,0.009305535887332425,-0.14478759279317077
2023-12-14,292214729.19371647,-0.0020488313898264806,-0.14653977881802516
2023-12-15,289699091.74351805,-0.008608866011441651,-0.15388710350827617
2023-12-18,289463492.1274866,-0.0008132563157638529,-0.15457521016519726
2023-12-19,284931851.01449966,-0.015655311416581268,-0.16781059852935887
2023-12-20,286062575.5286072,0.003968403357089007,-0.16450813531482888
2023-12-21,286279502.93710315,0.000758321524914989,-0.1638745638499468
2023-12-22,285628720.71161526,-0.002273240727370089,-0.16577527824459315
2023-12-25,286713357.7540951,0.003797366874653042,-0.16260742092018254
2023-12-26,287364139.979583,0.002269800858201042,-0.16070670652553598
2023-12-27,286482052.236186,-0.003069581832512815,-0.16328298597133506
2023-12-28,285351012.3961768,-0.003948030360648013,-0.16658637014599098
2023-12-29,285556020.647301,0.0007184423472084025,-0.1659876105015632
2024-01-02,284424980.8072918,-0.003960833455534787,-0.1692909946762191
2024-01-03,287819265.1469281,0.011933847477117407,-0.15937744010881716
2024-01-04,286790729.432481,-0.003573547149187622,-0.16238144446125913
2024-01-05,286790729.432481,0.0,-0.16238144446125913
2024-01-08,286688225.30691886,-0.0003574178487741665,-0.16268082428347308
2024-01-09,286584556.3617481,-0.00036160866062697773,-0.16298360614912122
2024-01-10,284424980.8072918,-0.007535561517593846,-0.1692909946762191
2024-01-11,285762193.7180339,0.004701460845480778,-0.16538544881370099
2024-01-12,284322476.6817297,-0.005038164837595092,-0.16959037449843306
2024-01-15,282676586.5746926,-0.00578881461024791,-0.174397461871027
2024-01-16,284733658.00358677,0.007277119954717633,-0.16838945316614318
2024-01-17,284733658.00358677,0.0,-0.16838945316614318
2024-01-18,285351012.3961768,0.002168182001799974,-0.16658637014599098
2024-01-19,285534355.2710741,0.0006425169946225769,-0.16605088772525967
2024-01-22,287069210.8037393,0.005375379544811926,-0.16156809472572398
2024-01-23,287069210.8037393,0.0,-0.16156809472572398
2024-01-24,286650613.8402852,-0.0014581743624895727,-0.16279067463468821
2024-01-25,286092484.5556796,-0.0019470716532863904,-0.16442078117997405
2024-01-26,286371549.19798243,0.0009754350686150209,-0.16360572790733097
2024-01-29,287069210.8037393,0.0024362113055949974,-0.16156809472572398
2024-01-30,287487807.76719344,0.0014581743624895727,-0.16034551481675974
2024-01-31,287372812.6440866,-0.0003999999999998605,-0.16068137661083293
2024-02-01,288192548.2607894,0.0028525162459193515,-0.1582872066021126
2024-02-02,288464748.13065976,0.0009445069676959422,-0.1574922030039495
2024-02-05,289150248.19509774,0.0023763737818233823,-0.1554900895641863
2024-02-06,289961551.0358223,0.0028058175491418535,-0.15312054883706128
2024-02-07,289263889.4300654,-0.0024060486752972596,-0.15515818201866838
2024-02-15,288307757.49930286,-0.0033053967871564936,-0.15795071944947925
2024-02-16,288731651.23164356,0.0014702820902823554,-0.15671266947315077
2024-02-19,289786468.750214,0.0036532798329205842,-0.15363190487517953
2024-02-20,292967523.2239736,0.010977236057566068,-0.14434112250340192
2024-02-21,294008848.7441227,0.0035544059924793054,-0.1412997634617098
2024-02-22,293436485.5847442,-0.001946754874294955,-0.14297144233274894
2024-02-23,289909976.87886953,-0.012017962588555569,-0.1532711794761178
2024-02-26,299441331.3282782,0.03287694529185193,-0.12543332236671978
2024-02-27,303273571.7035848,0.01279796732905022,-0.114240646599293
2024-02-28,302511222.6061983,-0.002513734029325801,-0.11646721002772997
2024-02-29,299971409.40246737,-0.008395765227649777,-0.12388514390326755
2024-03-01,303417071.94419336,0.011486636505091047,-0.11382153101457426
2024-03-04,305436915.12263566,0.006656985928642154,-0.1079222534162727
2024-03-05,310085682.08951217,0.015220056046630726,-0.09434478011531633
2024-03-06,306027504.7580531,-0.013087277374798539,-0.10619734118388136
2024-03-07,305929788.2444937,-0.0003193063108384856,-0.10648273801348551
2024-03-08,303869830.0083132,-0.006733434648522233,-0.11249917810439825
2024-03-11,307548892.25457466,0.012107362702512543,-0.10175388375493022
2024-03-12,316564126.0092832,0.02931317257760154,-0.0754234403322781
2024-03-13,324300481.16107094,0.024438508713273754,-0.05282816802274981
2024-03-14,322990183.68566054,-0.004040380916855975,-0.056655103017654196
2024-03-15,330195949.9333974,0.022309551843066672,-0.03560950113253425
2024-03-18,316130289.03206253,-0.042597920732135,-0.07669053115811464
2024-03-19,316057923.9219029,-0.00022890913231125455,-0.07690188512748197
2024-03-20,316814757.63666695,0.002394604461652638,-0.07469143026306513
2024-03-21,316941638.5829656,0.0004004893813821952,-0.07432085400638355
2024-03-22,317825306.1681509,0.0027881082117708943,-0.0717399603779737
2024-03-25,315308636.0733263,-0.007918406892033717,-0.07909030107331616
2024-03-26,317086219.7737437,0.005637599155400283,-0.0738985813324472
2024-03-27,316492792.7417379,-0.0018715005414906573,-0.07563178063895881
2024-03-28,317825306.1681509,0.0042102488807710305,-0.0717399603779737
2024-03-29,317973662.92615235,0.0004667871158219102,-0.07130666055134582
2024-04-01,317679646.8057495,-0.0009246555758649615,-0.07216538202593559
2024-04-02,317679646.8057495,0.0,-0.07216538202593559
2024-04-03,315207368.5798721,-0.007782299718398768,-0.07938606911211576
2024-04-04,318974768.97196597,0.011952133000784388,-0.06838276896776885
2024-04-05,319225928.9981055,0.0007873977836837349,-0.06764921562481252
2024-04-08,317718968.841268,-0.004720669657277327,-0.07205053568255115
2024-04-09,317467808.8151284,-0.0007905100128443895,-0.0727840890255077
2024-04-10,316965488.7628492,-0.0015822708266200662,-0.07425119571142058
2024-04-11,321737529.25950146,0.015055394564493563,-0.06031368219524791
2024-04-12,321988689.2856411,0.0007806363986124872,-0.05958012885229136
2024-04-15,316085523.88095665,-0.018333455804864115,-0.07682127499799396
2024-04-16,313556203.77300805,-0.008002011850758429,-0.08420856209582805
2024-04-17,307696517.78683877,-0.01868783304447475,-0.10132271959094064
2024-04-19,302696584.3161875,-0.016249561439999935,-0.11592583127367972
2024-04-22,306501506.6606857,0.012570086818435033,-0.10481294221885407
2024-04-23,306501506.6606857,0.0,-0.10481294221885407
2024-04-24,306501506.6606857,0.0,-0.10481294221885407
2024-04-25,306501506.6606857,0.0,-0.10481294221885407
2024-04-26,306256305.4553572,-0.0007999999999999202,-0.10552909186507897
2024-05-02,308558161.2312374,0.007516109006989107,-0.09880615101595636
2024-05-03,308558161.2312374,0.0,-0.09880615101595636
2024-05-06,312945802.3587526,0.014219818753155722,-0.08599133782194446
2024-05-07,314385186.0726954,0.004599466435062438,-0.08178738565890009
2024-05-08,313671285.04786456,-0.002270784554924107,-0.08387244868168242
2024-05-09,313725936.02619123,0.00017423009670247254,-0.08371283168982446
2024-05-10,312292343.14438915,-0.004569570817002517,-0.08789987079412842
2024-05-13,308287008.8425088,-0.012825592397020387,-0.09959809527659258
2024-05-14,308156389.8578088,-0.0004236927958475617,-0.09997958907699134
2024-05-15,310662650.74914753,0.00813308103880357,-0.09265965013837718
2024-05-16,310533658.1595106,-0.00041521756582538216,-0.09303639378982187
2024-05-17,314312705.2454002,0.012169524902026593,-0.0819990775988153
2024-05-20,311834454.4912584,-0.007884666170929708,-0.08923720841655414
2024-05-21,312457655.7174669,0.001998500220975351,-0.0874170487763185
2024-05-22,308804091.26605684,-0.011692990664673334,-0.09808787270571706
2024-05-23,308929097.82784456,0.000404808632149962,-0.09772277089114767
2024-05-24,303153203.3005821,-0.01869650534013845,-0.11459220192346664
2024-05-27,303601885.9489387,0.001480052473375118,-0.11328175192197787
2024-05-28,307962419.95757747,0.014362671019020336,-0.10054610943827114
2024-05-29,305303623.9244916,-0.008633508054171473,-0.10831155184679164
2024-05-30,305883532.11664784,0.001899447457262019,-0.10661783649127721
2024-05-31,304198567.23212695,-0.005508517810230894,-0.11153904805030757
2024-06-03,305981457.8033935,0.005860943355154099,-0.10633182873766411
2024-06-04,306993146.59224224,0.0033063728636093114,-0.10337702854713093
2024-06-05,305603778.0693107,-0.004525731399394783,-0.10743490328245386
2024-06-06,304087826.0256292,-0.004960514733354133,-0.11186248559519896
2024-06-07,305596457.57654446,0.004961170496802757,-0.1074562839616301
2024-06-10,309616323.1668219,0.013154162918497034,-0.09571561850898058
2024-06-11,307552859.26832986,-0.006664583693089849,-0.10174229745178154
2024-06-12,308095490.7946295,0.0017643520778528256,-0.10015745460784331
2024-06-13,308397156.1007062,0.0009791292475545828,-0.09927639245345588
2024-06-14,300659183.5437571,-0.02509093357016018,-0.12187638865548123
2024-06-17,299198680.53517056,-0.004857669708844827,-0.12614202312293088
2024-06-18,301224821.013383,0.006771889750945091,-0.12022435324553549
2024-06-19,302685324.02196944,0.004848548016969619,-0.11595871877808595
2024-06-20,302750917.2991446,0.00021670451775992677,-0.11576714303855884
2024-06-21,303909417.63026464,0.003826579094970383,-0.1123835560730243
2024-06-24,294549173.98956895,-0.030799452395000596,-0.1397216564827729
2024-06-25,294491622.16160834,-0.00019538954117945858,-0.13988974587359937
2024-06-26,296363543.9335871,0.006356451698824493,-0.1344224965875812
2024-06-27,295985102.0423093,-0.0012769515651445853,-0.1355277971353177
2024-06-28,288912103.8593638,-0.02389646686316816,-0.15618562848520356
2024-07-01,289398856.70099854,0.0016847782946182524,-0.15476398834738847
2024-07-02,289843221.7432376,0.001535476149783755,-0.15346614861055752
2024-07-03,289843221.7432376,0.0,-0.15346614861055752
2024-07-04,291620681.912194,0.006132488309597219,-0.14827478966323349
2024-07-05,291620681.912194,0.0,-0.14827478966323349
2024-07-08,290161115.5961012,-0.0050050164704445056,-0.15253768836926174
2024-07-09,289737384.07009983,-0.0014603318750373846,-0.15377526459582902
2024-07-10,288050599.4599767,-0.005821770689125337,-0.1587017909568179
2024-07-11,289422150.4115541,0.004761493134014449,-0.15469595531080005
2024-07-12,288665614.55398476,-0.0026139528591490107,-0.1569055402352657
2024-07-15,287742676.53063166,-0.003197256537738743,-0.15960112950867977
2024-07-16,286429029.8773824,-0.004565352171906343,-0.16343784631734493
2024-07-17,285059638.913978,-0.004780908429535374,-0.16743737336971665
2024-07-18,287517602.8978911,0.008622630665209184,-0.16025849333462727
2024-07-19,286152742.45190763,-0.004747050031813828,-0.16424478828055844
2024-07-22,285036038.4506485,-0.003902475271390514,-0.1675063023272294
2024-07-23,284539725.56119996,-0.0017412285553304017,-0.1689558641257498
2024-07-24,286276820.6742698,0.006104930022139249,-0.16388239783092828
2024-07-25,286028664.22954553,-0.0008668408575300548,-0.16460717873018849
2024-07-26,285036038.4506485,-0.003470371690092007,-0.1675063023272294
2024-07-29,285408273.1177349,0.0013059214164979059,-0.16641913097833894
2024-07-30,284808009.61988795,-0.002103174835437738,-0.16817229728536764
2024-07-31,287063094.8027036,0.007917913494867526,-0.16158595749263882
2024-08-01,278723036.61269987,-0.029053049106628683,-0.18594444184129222
2024-08-02,278642030.15207005,-0.00029063424973509996,-0.1861810342676804
2024-08-05,266566218.72921875,-0.043338082974276604,-0.22145038813062756
2024-08-06,270521297.6302743,0.014837134727387053,-0.20989894264736686
2024-08-07,270521297.6302743,0.0,-0.20989894264736686
2024-08-08,270521297.6302743,0.0,-0.20989894264736686
2024-08-09,270413089.11122215,-0.000400000000000141,-0.21021498307030795
2024-08-12,272231997.59162134,0.006726406944195907,-0.20490256764801018
2024-08-13,271405221.00962174,-0.003037029406219389,-0.20731730193087272
2024-08-14,270578444.4276221,-0.0030462810513521735,-0.20973203621373548
2024-08-15,269420957.2128226,-0.004277824928914779,-0.21311266420974306
2024-08-16,274050906.0720205,0.017184813338557543,-0.19959015222571264
2024-08-19,276365880.5016194,0.008447242385655727,-0.19282889623369748
2024-08-20,277192657.083619,0.0029916014976195853,-0.19041416195083494
2024-08-21,277594160.21652675,0.0014484623695736256,-0.18924150732948097
2024-08-22,276575568.5101007,-0.003669355672437456,-0.19221646860353836
2024-08-23,275646005.384699,-0.003360973387523877,-0.19493140755544192
2024-08-26,275130163.31229305,-0.0018713932447017008,-0.19643800748086415
2024-08-27,275735033.9657234,0.002198489057500285,-0.19467138523328775
2024-08-28,278421602.32251805,0.009743297099956557,-0.18682482927651922
2024-08-29,277447524.9066042,-0.0034985698228455994,-0.1896697793894997
2024-08-30,276148755.0187191,-0.0046811370486087136,-0.19346304620680677
2024-09-04,272041464.2059191,-0.014873472134689047,-0.2054590511146468
2024-09-05,271996949.9154069,-0.00016363053566903875,-0.20558906227572393
2024-09-06,272041464.2059191,0.00016365731500315886,-0.2054590511146468
2024-09-09,270647224.2393015,-0.005125100949913385,-0.2095311536865242
2024-09-10,269775477.28576773,-0.0032209713437259765,-0.2120772311886081
2024-09-11,269348127.5281098,-0.0015840941584370255,-0.21332537504398175
2024-09-12,267572260.43612295,-0.006593203777893356,-0.21851208115321463
2024-09-13,268603132.87678826,0.0038526880140155747,-0.21550125201517556
2024-09-16,266823063.76100984,-0.006627134600827449,-0.22070023081225165
2024-09-17,268515624.69980717,0.006343383195364742,-0.21575683375223442
2024-09-18,270749510.66047215,0.00831938909760804,-0.20923240970507917
2024-09-19,272413271.7507504,0.0061450197498774915,-0.20437312724515388
2024-09-20,271365897.2489859,-0.0038447998331111073,-0.20743215331274045
2024-09-23,269468195.52095234,-0.006993147434043076,-0.2129746971161065
2024-09-24,270624289.31104493,0.004290279184367403,-0.2095981388415732
2024-09-25,271257177.96065784,0.00233862470816685,-0.2077496855196871
2024-09-26,271045212.0391103,-0.0007814205070668207,-0.20836876616215216
2024-09-27,267705682.95913523,-0.012320929983788805,-0.21812239916724863
2024-09-30,265263666.7358961,-0.009122018614793071,-0.22525470119653468
2024-10-01,265977860.77740818,0.0026923930076829692,-0.223168782371301
2024-10-02,263353981.82362312,-0.009865027661008734,-0.2308322438211432
2024-10-03,262144912.5703053,-0.004591042235038568,-0.23436352547559014
2024-10-04,261884548.2153564,-0.0009932077353553468,-0.23512396154455806
2024-10-07,262185238.43760163,0.0011481785553760458,-0.2342457472796825
2024-10-08,264220402.438762,0.007762313444068053,-0.22830172274893934
2024-10-09,266533382.8566761,0.008753981133043534,-0.22154629058948128
2024-10-10,271375798.79364145,0.01816814045979852,-0.2074032342554598
2024-10-11,270897403.6053377,-0.001762851331734073,-0.20880046451948076
2024-10-14,268567490.1504362,-0.008600722723410956,-0.21560535234304024
2024-10-15,264034933.8256033,-0.016876786994189194,-0.22884341373092876
2024-10-16,260980739.47642002,-0.011567387333679888,-0.2377636806592215
2024-10-17,266385107.7639331,0.020707920049407975,-0.22197935189955764
2024-10-18,262541656.09390652,-0.014428177694650204,-0.23320477206045775
2024-10-21,264793438.68282264,0.008576858325715368,-0.2266280780255857
2024-10-22,264800171.56281048,2.542691397992201e-05,-0.2266084135642511
2024-10-23,269256785.21194875,0.016830101063892874,-0.213592155002573
2024-10-24,267480841.7306422,-0.006595724151978556,-0.21877908421912795
2024-10-25,269579177.4950993,0.007844807691199681,-0.21265055637048413
2024-10-28,270000982.33208394,0.0015646788483591335,-0.2114186073497697
2024-10-29,271774987.0284541,0.006570363859596156,-0.2062373406671506
2024-10-30,272276132.06020087,0.0018439704007575817,-0.20477366581811418
2024-10-31,270434831.1231124,-0.006762623382211753,-0.21015148201980316
2024-11-01,269190208.5753649,-0.0046023011998069605,-0.2137866028017692
2024-11-04,269724668.3288442,0.0019854353407125127,-0.21222562693763014
2024-11-05,272535651.6163262,0.010421676685704236,-0.20401569712029077
2024-11-06,273153643.24539155,0.0022675625203536273,-0.20221075294829094
2024-11-07,277448242.3750626,0.015722283908228607,-0.18966768390721211
2024-11-08,282771528.07430434,0.01918659009576851,-0.17412016991698498
2024-11-11,280227157.2001824,-0.008997974058595374,-0.1815514152035892
2024-11-12,286799355.4130695,0.023453109536390182,-0.16235625089445538
2024-11-13,285005819.3481152,-0.006253626554951975,-0.16759456208745138
2024-11-14,284658308.6478503,-0.0012193108935802817,-0.1686095231057736
2024-11-15,289495648.8565808,0.016993497332673236,-0.15448129125426158
2024-11-18,288489503.8550503,-0.0034755099273665537,-0.1574198999202816
2024-11-19,283879435.67573583,-0.01598002047807879,-0.17088434717397716
2024-11-20,278797557.75910366,-0.017901535926811558,-0.185726790820524
2024-11-21,285318614.1304425,0.023389933626941573,-0.1666809945036194
2024-11-22,284033899.2094334,-0.004502737842480109,-0.17043321152452584
2024-11-25,287399913.83313686,0.011850749622042604,-0.16060222321954098
2024-11-26,289156207.20887583,0.00611097391197784,-0.15547268530386338
2024-11-27,288795256.66920245,-0.0012482890931428306,-0.15652689953965981
2024-11-28,289218105.5440661,0.0014641822020919563,-0.1552919012380225
2024-11-29,289386216.5452422,0.0005812602944061017,-0.15480090595984886
2024-12-02,289187156.3764709,-0.000687870248789635,-0.155382293270943
2024-12-03,287300810.99823666,-0.0065229223934778644,-0.1608916690240939
2024-12-04,284967965.53905123,-0.008119870776138323,-0.16770512023879935
2024-12-05,285807033.18503946,0.0029444279619325925,-0.16525448792225716
2024-12-06,286917793.8592206,0.003886400771187551,-0.16201033232037287
2024-12-09,285437784.38561696,-0.005158304940577679,-0.16633293856331777
2024-12-10,284322402.4494606,-0.003907618392418183,-0.16959059130574095
2024-12-11,284486324.4157293,0.0005765355274732401,-0.1691118307792806
2024-12-12,278262779.03050786,-0.021876430784513734,-0.18728869830290906
2024-12-13,276531231.6218426,-0.006222705798806812,-0.19234596163273543
2024-12-16,278381997.03282565,0.006692789816645209,-0.18694050290937858
2024-12-17,277518406.983564,-0.00310217635646819,-0.189462756857655
2024-12-18,278258411.7203659,0.0026665068628968073,-0.18730145373618245
2024-12-19,279369172.3945471,0.003991831432206531,-0.18405729813429805
2024-12-20,279369172.3945471,0.0,-0.18405729813429805
2024-12-23,278505582.3452854,-0.0030912145454691023,-0.1865795520825746
2024-12-24,277518406.983564,-0.00354454425440391,-0.189462756857655
2024-12-25,278517715.9906821,0.003600874687844723,-0.18654411381526825
2024-12-26,275923968.21627885,-0.00931268506628874,-0.19411957229862553
2024-12-27,274681416.162524,-0.004503240736161458,-0.19774864586912555
2024-12-30,274370902.4987503,-0.001130450207049794,-0.19865555107850874
2024-12-31,273766816.89981455,-0.0022017116007355566,-0.20041988044788428
2025-01-02,274848133.2146104,0.003949771294566943,-0.19726172184397095
2025-01-03,275018636.63152087,0.0006203550117523807,-0.19676373912999134
2025-01-06,273372601.9102099,-0.005985175192023024,-0.20157124887188382
2025-01-07,273750679.6038661,0.0013830123831516479,-0.20046701202200934
2025-01-08,278092627.15700555,0.015860956251953457,-0.1877856542776969
2025-01-09,275028771.5354873,-0.011017392488397264,-0.19673413850922628
2025-01-10,274945987.7882736,-0.000301000316263419,-0.1969759217875786
2025-01-13,278165247.1853584,0.011708697489937088,-0.18757355577865376
2025-01-14,276383819.7869822,-0.006404205472832316,-0.19277650165900984
2025-01-15,278518457.8401372,0.007723455210946279,-0.1865419471243498
2025-01-16,278813548.47694445,0.0010595011874460318,-0.18568008735139052
2025-01-17,279600918.85550773,0.0028240032913192303,-0.183380445237884
2025-01-20,278348745.76817983,-0.004478429800779718,-0.1870376185878302
2025-01-21,279997114.91610414,0.005921956441280798,-0.1822232907767074
2025-01-22,279863646.1096444,-0.00047667922042595443,-0.18261310794094243
2025-01-23,281485631.97405875,0.005795629003485776,-0.17787583676225593
2025-01-24,286098007.6671292,0.016385829929307157,-0.16440465004266824
2025-02-03,288249597.82109416,0.007520465352098082,-0.1581205841649399
2025-02-04,295018938.9408569,0.023484303780240478,-0.13834963221713792
2025-02-05,301378409.1647413,0.021556142282646136,-0.11977577429131614
2025-02-06,305018059.3047409,0.012076678452470365,-0.10914558935135765
2025-02-07,302839766.74473083,-0.0071415199643433645,-0.1155076439103283
2025-02-10,301512982.3076399,-0.004381143372789955,-0.11938273173449399
2025-02-11,301898751.7884125,0.0012794456736824882,-0.11825602978044158
2025-02-12,302931956.7840445,0.0034223559703755266,-0.11523838803961806
2025-02-13,302784356.0703828,-0.00048724048538382683,-0.11566947971687858
2025-02-14,302416165.27916074,-0.0012160165604343483,-0.11674484027444043
2025-02-17,301525361.50137115,-0.002945622225476243,-0.11934657630369461
2025-02-18,302886869.20137405,0.004515400274204521,-0.11537007359285711
2025-02-19,303909187.61393726,0.0033752483732912082,-0.11238422787278668
2025-02-20,303993747.40828496,0.00027824033558051457,-0.11213725736248348
2025-02-21,306974242.6315293,0.009804462258367752,-0.10343224061168299
2025-02-24,306207503.82210684,-0.002497730111978072,-0.10567162490173598
2025-02-25,306548593.3296442,0.0011139162276556196,-0.10467541801186109
2025-02-26,304930555.9164517,-0.005278241193729991,-0.10940115710226994
2025-02-27,305781854.5202218,0.0027917786107450157,-0.10691480230191386
2025-02-28,304419396.71017003,-0.004455652910436834,-0.11089407996230538
2025-03-03,301865500.8988597,-0.008389399095162947,-0.11835314436337363
2025-03-04,303993747.40828496,0.007050313808924967,-0.11213725736248348
2025-03-05,303909187.61393726,-0.0002781629394309012,-0.11238422787278668
2025-03-06,307825541.2352994,0.012886591722054756,-0.10094588581132691
2025-03-07,306122944.02775913,-0.005531045931756591,-0.10591859541203918
2025-03-10,303823677.7095407,-0.007510924493166749,-0.1126339733326438
2025-03-11,303625902.5324774,-0.0006509537984476032,-0.11321160761831628
2025-03-12,301184957.6702843,-0.00803931694178171,-0.12034078056496578
2025-03-13,301855142.73376757,0.0022251611390797558,-0.11838339705424572
2025-03-14,300521801.3370491,-0.0044171564699642465,-0.12227763553597537
2025-03-17,302761608.82386667,0.007453061564427038,-0.11573591671715056
2025-03-18,300612861.9571886,-0.007097157645004143,-0.122011678316024
2025-03-19,300887488.1270833,0.0009135542907469003,-0.12120958831752393
2025-03-20,300815756.5151261,-0.00023840011561695695,-0.12141909205327217
2025-03-21,301568216.2859387,0.002501397465111621,-0.11922141199723868
2025-03-24,302654733.56066906,0.0036028905436777813,-0.11604806315144967
2025-03-25,302980318.0248624,0.0010757620089496423,-0.11509714124005055
2025-03-26,304229940.404775,0.0041244341812660965,-0.11144741764228094
2025-03-27,304086477.1808606,-0.00047156181841789797,-0.11186642511377753
2025-03-28,303384662.831261,-0.002307943306476545,-0.11391618705319317
2025-03-31,304943742.1592232,0.005138952356432604,-0.1093626445546535
2025-04-01,305330515.1400016,0.0012683420818534019,-0.10823301171707145
2025-04-02,304084100.54655206,-0.004082181543099356,-0.11187336645738533
2025-04-03,293570248.3365855,-0.034575474979024697,-0.1425807666536435
2025-04-04,283736429.1545179,-0.03349732896227589,-0.17130202077162882
2025-04-08,274483332.32617235,-0.03261159258230625,-0.19832718164400487
2025-04-09,274483332.32617235,0.0,-0.19832718164400487
2025-04-10,274483332.32617235,0.0,-0.19832718164400487
2025-04-11,274483332.32617235,0.0,-0.19832718164400487
2025-04-14,274483332.32617235,0.0,-0.19832718164400487
2025-04-15,274373538.9932419,-0.00039999999999991523,-0.19864785077134728
2025-04-16,276834549.7638173,0.008969563098561124,-0.1914600721046733
2025-04-17,276906416.88745946,0.0002596031590112591,-0.19125017258520494
2025-04-18,276689062.65985876,-0.0007849374891482959,-0.19188499064408493
2025-04-21,275675911.50217175,-0.0036616957242451686,-0.19484406191854187
2025-04-22,273575989.20648134,-0.007617358673987279,-0.200977223487399
2025-04-23,273214900.73159635,-0.0013198836488989374,-0.20203184058521584
2025-04-24,275241203.04697037,0.007416514655489586,-0.19611369803630208
2025-04-25,275632020.8640251,0.001419910292239403,-0.19497225160235354
2025-04-28,274205039.6342808,-0.005177124287922535,-0.19913998031103453
2025-04-29,274616513.55690837,0.0015006067108626776,-0.19793820439102772
2025-05-05,275658402.24633646,0.003793976829482186,-0.1948952005226744
2025-05-06,276333624.1482713,0.0024494878314337176,-0.19292310611332575
2025-05-07,275625377.17136073,-0.0025630141069281154,-0.19499165557773301
2025-05-08,278921105.67190194,0.011957275249340349,-0.18536594922546024
2025-05-09,279609728.8059268,0.0024688814149291865,-0.18335471435753448
2025-05-12,280911203.28727293,0.0046546108638782936,-0.17955354833904813
2025-05-13,281576957.1172224,0.0023699796311386955,-0.17760910696017163
2025-05-14,286281006.8430726,0.016706089070675754,-0.1638701714501356
2025-05-15,288370319.13380957,0.007298117027659637,-0.1577679981110618
2025-05-16,288108288.23757994,-0.000908661116777546,-0.1585333015824839
2025-05-19,284305643.07257086,-0.013198666335740203,-0.16963953976753365
2025-05-20,283905796.9840616,-0.0014063951886005945,-0.17080735472360875
2025-05-21,284056461.42103094,0.0005306846093663882,-0.17036731494856083
2025-05-22,280272399.1066079,-0.013321514657659045,-0.18141927892294663
2025-05-23,279884660.7976897,-0.0013834337956723048,-0.18255173115697043
2025-05-26,283498296.2433623,0.0129111593160323,-0.17199752632532317
2025-05-27,284661503.8335361,0.004103049667625703,-0.16860019105091906
2025-05-28,284535764.61630905,-0.0004417148632102053,-0.168967432703802
2025-05-29,283307924.1925408,-0.004315241092535209,-0.1725535385874336
2025-05-30,279953661.3425407,-0.011839636535265175,-0.18235020394294965
2025-06-02,283828417.9357046,0.013840706974797884,-0.1710333527077208
2025-06-03,283441557.5709863,-0.0013630078606362563,-0.17216324076418543
2025-06-04,285505988.3328047,0.007283444176323313,-0.16613373794118302
2025-06-05,287244679.7866994,0.006089859845139222,-0.16105560927565465
2025-06-06,286022092.3549687,-0.0042562578796535066,-0.1646263729492663
2025-06-09,285373232.89855915,-0.002268564120579554,-0.16652147158687203
2025-06-10,287625409.21518016,0.007892037714068231,-0.1599436276067695
2025-06-11,292775972.79906994,0.017907192545831407,-0.1449005763969713
2025-06-12,294133056.8802839,0.004635230371671613,-0.14093699357788758
2025-06-13,294693841.69892627,0.0019065684917918791,-0.13929913111737924
2025-06-16,295267274.35526,0.0019458589735973904,-0.13762432860808094
2025-06-17,295132251.0088029,-0.0004572919459224127,-0.13801868605696788
2025-06-18,294800140.4255542,-0.0011252941083648939,-0.13898866855106862
2025-06-19,295333474.32133806,0.0018091371836321233,-0.13743098093581574
2025-06-20,293003781.01119703,-0.007888348300153069,-0.14423522579111536
2025-06-23,298417523.2852195,0.018476697656729473,-0.12842351879277847
2025-06-24,300383607.00425076,0.006588365513482746,-0.12268125436163013
2025-06-25,301542920.2248092,0.003859442371440925,-0.11929529322145405
2025-06-26,301249464.86238515,-0.0009731794140790833,-0.12015237691197345
2025-06-27,298107467.4789919,-0.010429885360389055,-0.12932908675539234
2025-06-30,298794436.92693055,0.002304435557244244,-0.1273226817442532
2025-07-01,297120633.7463547,-0.005601855234624639,-0.13221129374766227
2025-07-02,305042883.5136272,0.02666341164994795,-0.10907308624768053
2025-07-03,301410847.8947488,-0.011906639410966986,-0.119681031751255
2025-07-04,301364438.8285674,-0.00015397278002955985,-0.11981657691010905
2025-07-07,304156008.5825324,0.009263102723121948,-0.11166334744683826
2025-07-08,308274504.47819895,0.013540734950001786,-0.0996346162882441
2025-07-09,309439436.03621835,0.003778877400163928,-0.09623224588784585
2025-07-10,310178634.2632288,0.0023888300614790074,-0.0940732983082273
2025-07-11,309281281.5742492,-0.0028930190214779277,-0.09669416148828636
2025-07-14,314271180.9961471,0.016133855228803954,-0.08212035586240507
2025-07-15,316098292.67764336,0.005813806012071665,-0.07678398166895972
2025-07-16,323757024.43207586,0.02422895640959018,-0.05441542100418151
2025-07-17,329929023.79128635,0.01906367705855097,-0.0363891019586593
2025-07-18,335312454.6541404,0.016316936294333506,-0.02066592432279324
2025-07-21,329773904.93079185,-0.016517578295924977,-0.036842151595658845
2025-07-22,334436298.33680403,0.014138151431328846,-0.02322488008264545
2025-07-23,334799140.6638535,0.001084937038395523,-0.022165140576863807
2025-07-24,335801789.9400257,0.0029947785235770524,-0.019236741740258467
2025-07-25,339392292.9143474,0.01069232827783017,-0.008750099020110924
2025-07-28,344083312.22201836,0.013821820370136765,0.0
2025-07-29,331347902.84729886,-0.037012574926917785,-0.037012574926917785
2025-07-30,326463039.6144382,-0.014742399728154807,-0.05120932048053173
2025-07-31,331675047.2847858,0.01596507732239201,-0.03606180391923852
2025-08-01,331249903.57290065,-0.0012818079483685534,-0.03729738756071088
2025-08-04,332525334.7085562,0.003850359266217352,-0.03359063663629358
2025-08-05,332950478.4204413,0.0012785302877982936,-0.03235505299482122
2025-08-06,333163050.27638394,0.000638448867684691,-0.03173726117408493
2025-08-07,335076196.9798672,0.005742373597240702,-0.02617713478745909
2025-08-08,338060995.59065926,0.008907820482907594,-0.01750249552199501
2025-08-11,341839807.53409576,0.011177899824953699,-0.006520236838672866
2025-08-12,348749511.9482188,0.020213281957906178,0.0
2025-08-13,355154959.7438603,0.0183669011029112,0.0
2025-08-14,361705507.0223127,0.01844419484716386,0.0
2025-08-15,366237591.1982959,0.012529762715787509,0.0
2025-08-18,372597545.7567524,0.01736565200106109,0.0
2025-08-19,365547051.7454463,-0.01892254549606967,-0.018922545496069643
2025-08-20,362064149.92803836,-0.009527916586325888,-0.028270169647307997
2025-08-21,358090251.79185665,-0.010975674164292543,-0.0389355596409825
2025-08-22,359014737.610367,0.00258171177205829,-0.03645436826160098
2025-08-25,355919115.3368014,-0.008622549297475414,-0.04476258797163246
2025-08-26,355919115.3368014,0.0,-0.04476258797163246
2025-08-27,355919115.3368014,0.0,-0.04476258797163246
2025-08-28,355919115.3368014,0.0,-0.04476258797163246
2025-08-29,355919115.3368014,0.0,-0.04476258797163246
2025-09-03,355634380.04453194,-0.0008000000000000764,-0.045526777901255144
2025-09-04,358072400.1096259,0.0068554116303059616,-0.038983471073663845
2025-09-05,353845236.8622925,-0.011805331117503549,-0.05032858940703322
2025-09-08,349398714.2001004,-0.01256629226274587,-0.06226243790611852
2025-09-09,355010439.7809927,0.01606109396750222,-0.0472013468044723
2025-09-10,353519158.57148093,-0.004200668606905572,-0.051203738195652604
2025-09-11,355673231.42966455,0.0060932280640401916,-0.04542250618616994
2025-09-12,356501720.9905044,0.002329355958303733,-0.043198955413291995
2025-09-15,358357503.40201885,0.005205535632081537,-0.03821829348288308
2025-09-16,354828295.0984647,-0.009848289124826612,-0.04769019780363282
2025-09-17,354387144.0605204,-0.001243280324704369,-0.0488741858437266
2025-09-18,355571369.90677804,0.003341616269396587,-0.04569588834889893
2025-09-19,355571369.90677804,0.0,-0.04569588834889893
2025-09-22,355571369.90677804,0.0,-0.04569588834889893
2025-09-23,355571369.90677804,0.0,-0.04569588834889893
2025-09-24,355571369.90677804,0.0,-0.04569588834889893
2025-09-25,355429141.3588153,-0.0004000000000000392,-0.046077609993559476
2025-09-26,354597849.1910158,-0.002338840773217074,-0.04830868257379117
2025-09-29,358585642.0539381,0.011245958970197124,-0.037606001065723205
2025-09-30,358751900.487498,0.0004636505594802542,-0.03715978654967689
2025-10-01,359583192.6552975,0.0023171784363230203,-0.03492871396944519
2025-10-02,356592950.39373463,-0.008315856587961775,-0.042954108381235034
2025-10-03,353766557.02321625,-0.00792610557050442,-0.05053975515402298
2025-10-06,358106378.26473075,0.012267471741908322,-0.03889227843030951
2025-10-07,357819893.162119,-0.0007999999999999876,-0.0396611646075653
2025-10-08,363110573.42309064,0.01478587513460185,-0.025461714500543797
2025-10-09,365143109.2101736,0.005597567065927028,-0.02000667108914711
2025-10-10,371657171.1282354,0.01783975037116844,-0.0025238347359670676
2025-10-13,379955083.84847414,0.022326792982492082,0.0
2025-10-14,378585460.5733945,-0.0036046978532490765,-0.003604697853249128
2025-10-15,376055554.81649935,-0.006682522231739707,-0.010263131611445764
2025-10-16,375619056.9922463,-0.0011607269688278287,-0.011411945886627528
2025-10-17,374799808.7520783,-0.002181061436893353,-0.013568117168427651
2025-10-20,363717335.3715958,-0.029569047586716628,-0.04273596845292893
2025-10-21,365954398.22296965,0.00615055328360506,-0.036848265020420046
2025-10-22,365056107.26897216,-0.0024546527063467063,-0.039212468033310244
2025-10-23,365056107.26897216,0.0,-0.039212468033310244
2025-10-24,365056107.26897216,0.0,-0.039212468033310244
2025-10-27,365056107.26897216,0.0,-0.039212468033310244
2025-10-28,365056107.26897216,0.0,-0.039212468033310244
2025-10-29,364764062.383157,-0.0007999999999999065,-0.0399810980588835
2025-10-30,359530460.2284698,-0.014347910593203459,-0.05375536343171994
2025-10-31,356925193.1984805,-0.007246304049825822,-0.060612139773810636
2025-11-03,355815352.4051688,-0.0031094493032733338,-0.06353311870129441
2025-11-04,358012955.88315415,0.006176246930129535,-0.05774926800050528
2025-11-05,356918279.7749435,-0.0030576438372469286,-0.060630335144344905
2025-11-06,356918279.7749435,0.0,-0.060630335144344905
2025-11-07,348806521.0029144,-0.02272721581294169,-0.0819795922456501
2025-11-10,341299233.8277219,-0.021522783328726265,-0.10173794657309598
2025-11-11,344823935.0694362,0.010327304876088492,-0.09246132048873501
2025-11-12,348684318.3317269,0.011195229999081594,-0.08230121623854358
2025-11-13,346910055.9068623,-0.005088449154678114,-0.08697087983902374
2025-11-14,348684318.3317269,0.005114473895045984,-0.08230121623854358
2025-11-17,349519977.7673287,0.0023966074516914514,-0.0801018524949727
2025-11-18,349834863.9314685,0.0009009103461016561,-0.07927310673652566
2025-11-19,345971452.91759944,-0.011043527710336717,-0.08944117969593313
2025-11-20,347318364.4608409,0.003893129135027904,-0.08589625662345068
2025-11-21,345783317.1365421,-0.004419712521339686,-0.08993633238385557
2025-11-24,344672349.9529048,-0.0032128998959153527,-0.09286027584681578
2025-11-25,339352458.2106417,-0.015434634495601505,-0.10686164592556091
2025-11-26,344971992.324007,0.016559579803830844,-0.09207165007540319
2025-11-27,344741534.5192822,-0.0006680478701247745,-0.09267818967579622
2025-11-28,342713222.4879444,-0.005883573135932506,-0.09801648390466533
2025-12-01,340578890.4214413,-0.006227749402281047,-0.10363381120789539
2025-12-02,342134271.0049585,0.004566873130605731,-0.09954022054511724
2025-12-03,341745012.6818844,-0.0011377355502292285,-0.10056470564775466
2025-12-04,342778207.17374575,0.0030232906217218134,-0.0978454513574939
2025-12-05,344364740.9930802,0.004628455911522615,-0.09366986880372252
2025-12-08,342790803.7442932,-0.004570552851166064,-0.09781229856895934
2025-12-09,340175124.68274605,-0.00763054035573936,-0.10469647823318062
2025-12-10,335197080.50826883,-0.014633768942158367,-0.11779814310381687
2025-12-11,328779523.01596695,-0.01914562466525889,-0.13468844873494568
2025-12-12,325106810.25060725,-0.01117074668053867,-0.14435462487387152
2025-12-15,324732003.56003106,-0.0011528724676277238,-0.14534107486890746
2025-12-16,329710001.490463,0.015329557530080994,-0.13223953170751324
2025-12-17,326610010.22871304,-0.00940217538969515,-0.14039836782664317
2025-12-18,326209156.9012182,-0.0012273148860751598,-0.14145336970590405
2025-12-19,327774162.4584531,0.004797552503128703,-0.13733444717068388
2025-12-22,330057878.6072758,0.006967346454930342,-0.13132395738938796
2025-12-23,327975472.05904526,-0.00630921630175146,-0.13680462243836777
2025-12-24,329715642.32009876,0.005305793906259614,-0.13222468566418988
2025-12-25,329107761.7391292,-0.0018436510221114158,-0.13382456050942815
2025-12-26,323810559.69374996,-0.01609564605035996,-0.14776621380098331
2025-12-29,324715525.684108,0.002794738970878354,-0.14538444282639373
2025-12-30,324715525.684108,0.0,-0.14538444282639373
2025-12-31,325817872.33471894,0.003394807341867959,-0.14248318765842616
2026-01-05,325116379.01160294,-0.002153022847056551,-0.14432944094713274
2026-01-06,326118512.33034015,0.003082383366177452,-0.14169193624898035
2026-01-07,329721843.59752643,0.011049146647450383,-0.13220836458390617
2026-01-08,326782010.0609119,-0.008916101840686759,-0.13994568318177214
2026-01-09,328033199.7410804,0.003828820564312242,-0.13665268952711307
2026-01-12,328433712.36759096,0.0012209514976736769,-0.13559858433537864
2026-01-13,328433712.36759096,0.0,-0.13559858433537864
2026-01-14,327356757.32976043,-0.003279063620074353,-0.13843301157062526
2026-01-15,325416340.5435371,-0.005927529347648955,-0.1435399751795059
2026-01-16,324771116.37990296,-0.001982765101950366,-0.14523813422793552
2026-01-19,324240030.0168673,-0.0016352635325317458,-0.14663589513603137
2026-01-20,324629065.8109525,0.0011998388788237114,-0.14561199570522299
2026-01-21,326674904.4983668,0.006302081060744208,-0.14022757324482982
2026-01-22,338842770.455655,0.0372476299517799,-0.10820308805030943
2026-01-23,336469251.18966216,-0.007004780603112934,-0.11444992976105073
2026-01-26,327360463.2676565,-0.02707168007120859,-0.13842325794959576
2026-01-27,325854228.32521164,-0.004601151059629742,-0.1423875026892334
2026-01-28,327602995.8749496,0.005366717377663153,-0.13778493879661458
2026-01-29,327462627.6997114,-0.00042847036506275566,-0.13815437239865103
2026-01-30,329189783.80603,0.005274360981132857,-0.1336086874486705
2026-02-02,328325398.2781604,-0.002625796942650286,-0.13588365510830658
2026-02-03,328595417.82128084,0.0008224144234241687,-0.13517299336275101
2026-02-04,329405476.4506422,0.0024652158412080244,-0.13304100812608433
2026-02-05,326221183.7811255,-0.009666787279396896,-0.14142171628048994
2026-02-06,319157330.4175452,-0.021653570383460143,-0.16001300157672071
2026-02-09,322931467.21343344,0.01182531759790897,-0.15007988854225118
2026-02-10,320934813.3768767,-0.0061829026876377285,-0.15533486188366064
2026-02-11,332804232.8032471,0.03698389495823257,-0.124095855140685
2026-02-12,330941110.779832,-0.005598252184840933,-0.12899938743335482
2026-02-13,330101333.46213746,-0.002537543056272723,-0.13120958898978263
2026-02-23,338884334.17749274,0.02660698344728948,-0.10809369690486992
2026-02-24,341195660.46352327,0.006820398740592003,-0.10201054027851386
2026-02-25,340904412.3954737,-0.0008536101181764209,-0.10277707316734785
2026-02-26,338877524.0042732,-0.005945620876415075,-0.10811162053192236
2026-02-27,329990018.02311295,-0.026226307003612767,-0.13150255898480678
2026-03-02,334536313.39813644,0.013777069386095962,-0.11953720947829372
2026-03-03,334480219.29708344,-0.00016767716629387586,-0.11968484298403559
2026-03-04,334512219.9582878,9.567280621732452e-05,-0.11960062076260825
2026-03-05,324205098.35260427,-0.03081239186708563,-0.14672783143520973
2026-03-06,324312130.2423738,0.0003301363560086481,-0.14644613527079609
2026-03-09,318318344.4152798,-0.018481534510024582,-0.16222112047795378
2026-03-10,318289916.745357,-8.930578592649936e-05,-0.16229593897922212
2026-03-11,318035284.8119607,-0.0007999999999999818,-0.16296610222803865
2026-03-12,316822273.27068424,-0.0038140784975907675,-0.16615861521928532
2026-03-13,317085664.0629418,0.0008313518792048863,-0.16546539961708906
2026-03-16,317321896.83569473,0.0007450124667447855,-0.16484366093587388
2026-03-17,316822273.27068424,-0.0015745007514221018,-0.16615861521928532
2026-03-18,316489615.52971077,-0.0010499821794071244,-0.1670341338137572
2026-03-19,316396928.28891695,-0.00029286029065659215,-0.1672780764394356
2026-03-20,315071266.9626128,-0.004189867877268435,-0.1707670712776591
2026-03-23,307066761.65962094,-0.025405380122909473,-0.19183404904228374
2026-03-24,315283748.20766294,0.02675960922514437,-0.17020784400558797
2026-03-25,322953633.5049096,0.024326928808886254,-0.15002154930053968
2026-03-26,316756638.89563257,-0.019188496323831582,-0.16633135767712237
2026-03-27,323775736.8513672,0.02215927653547087,-0.14785786369293918
2026-03-30,325124253.4944648,0.004164971273671105,-0.14430871617413554
2026-03-31,330671469.7302433,0.017061834594486663,-0.1297090530255547
2026-04-01,330613752.3275322,-0.0001745460615584344,-0.12986095888275906
2026-04-02,332105549.61104935,0.004512205777935364,-0.1259347124738227
2026-04-03,328455279.0546851,-0.010991296473784645,-0.1355418231864668
2026-04-06,323396925.17415375,-0.015400434101986823,-0.1488548543724072
2026-04-07,323671875.5494624,0.000850194772756631,-0.1481312152187375
2026-04-08,337221569.3448527,0.04186243791614107,-0.11246991110313331
2026-04-09,335822203.9399404,-0.004149691277550697,-0.11615288697159243
2026-04-10,338423359.0534517,0.00774563171521715,-0.10930693274151648
2026-04-13,339277170.93230945,0.0025229105970869994,-0.10705979376337815
2026-04-14,348304538.09240854,0.026607646884382254,-0.08330075606696663
2026-04-15,351104329.55951244,0.008038343348719409,-0.07593201279672146
2026-04-16,356418316.62592274,0.015135065617325515,-0.06194618317552991
2026-04-17,353309129.7609425,-0.008723420542506669,-0.07012922111119324
2026-04-20,360613742.0113336,0.020674847138350324,-0.050904284899248475
2026-04-21,356308291.65976864,-0.011939229846181596,-0.06223575678786242
2026-04-22,357132672.3821021,0.0023136725740882146,-0.0600660773773819
2026-04-23,353087457.43625224,-0.01132692486203501,-0.07071263829420615
2026-04-24,349695552.9959801,-0.009606414413303083,-0.07963975779979704
2026-04-28,355455027.6933116,0.016469968371023855,-0.06448145372081182
2026-04-29,351354982.91808695,-0.011534637171490976,-0.07527232071934298
2026-05-04,348775427.9518177,-0.007341734404463074,-0.08206142573707709
2026-05-05,352259723.2167276,0.009990082401651496,-0.07289114374053596
2026-05-06,351879647.03269005,-0.0010789657715245648,-0.07389146246291722
2026-05-07,350925080.9723774,-0.0027127629243755276,-0.07640377536749543
2026-05-08,349055086.52991956,-0.0053287568881548505,-0.0813253951113797
2026-05-11,345087703.279792,-0.011366066283602162,-0.09176711156360584
2026-05-12,349047198.68002194,0.011473881458533544,-0.08134615506494514
2026-05-13,355264490.4303964,0.017812180627394016,-0.06498292684491191
2026-05-14,357376023.4776933,0.005943552210182498,-0.05942560405320263
2026-05-15,364179852.1856502,0.019038290934426917,-0.041518675057694576
2026-05-18,368402918.28024423,0.011596100303871789,-0.030404029474275673
2026-05-19,360777937.83167183,-0.020697394266491864,-0.05047213955544849
2026-05-20,364531774.36019975,0.01040483947297061,-0.04059245459240968
2026-05-21,361263168.8817625,-0.008966585928412053,-0.04919506478867375
2026-05-22,358809803.27474827,-0.006791075920106316,-0.055652053288905656
2026-05-25,361582660.5105471,0.007727930537270188,-0.048354197953708544
2026-05-26,357679439.5342364,-0.010794823432073497,-0.05862704635667226
2026-05-27,353775157.515616,-0.010915589735055659,-0.06890268730632032
2026-05-28,359321225.6679836,0.015676816290083294,-0.054306045787031354
2026-05-29,356286880.4496591,-0.008444658989135944,-0.06229210873844737
