date,equity,portfolio_return,drawdown
2018-01-02,100000000.0,0.0,0.0
2018-01-03,100000000.0,0.0,0.0
2018-01-04,100000000.0,0.0,0.0
2018-01-05,100000000.0,0.0,0.0
2018-01-08,100000000.0,0.0,0.0
2018-01-09,100000000.0,0.0,0.0
2018-01-10,100000000.0,0.0,0.0
2018-01-11,100000000.0,0.0,0.0
2018-01-12,100000000.0,0.0,0.0
2018-01-15,100000000.0,0.0,0.0
2018-01-16,100000000.0,0.0,0.0
2018-01-17,100000000.0,0.0,0.0
2018-01-18,100000000.0,0.0,0.0
2018-01-19,100000000.0,0.0,0.0
2018-01-22,100000000.0,0.0,0.0
2018-01-23,100000000.0,0.0,0.0
2018-01-24,100000000.0,0.0,0.0
2018-01-25,100000000.0,0.0,0.0
2018-01-26,100000000.0,0.0,0.0
2018-01-29,100000000.0,0.0,0.0
2018-01-30,100000000.0,0.0,0.0
2018-01-31,100000000.0,0.0,0.0
2018-02-01,100000000.0,0.0,0.0
2018-02-02,100000000.0,0.0,0.0
2018-02-05,100000000.0,0.0,0.0
2018-02-06,100000000.0,0.0,0.0
2018-02-07,100000000.0,0.0,0.0
2018-02-08,100000000.0,0.0,0.0
2018-02-09,100000000.0,0.0,0.0
2018-02-12,100000000.0,0.0,0.0
2018-02-13,100000000.0,0.0,0.0
2018-02-21,100000000.0,0.0,0.0
2018-02-22,100000000.0,0.0,0.0
2018-02-23,100000000.0,0.0,0.0
2018-02-26,100000000.0,0.0,0.0
2018-02-27,100000000.0,0.0,0.0
2018-02-28,100000000.0,0.0,0.0
2018-03-01,100000000.0,0.0,0.0
2018-03-02,100000000.0,0.0,0.0
2018-03-05,100000000.0,0.0,0.0
2018-03-06,100000000.0,0.0,0.0
2018-03-07,100000000.0,0.0,0.0
2018-03-08,100000000.0,0.0,0.0
2018-03-09,100000000.0,0.0,0.0
2018-03-12,100000000.0,0.0,0.0
2018-03-13,100000000.0,0.0,0.0
2018-03-14,100000000.0,0.0,0.0
2018-03-15,100000000.0,0.0,0.0
2018-03-16,100000000.0,0.0,0.0
2018-03-19,100000000.0,0.0,0.0
2018-03-20,100000000.0,0.0,0.0
2018-03-21,100000000.0,0.0,0.0
2018-03-22,100000000.0,0.0,0.0
2018-03-23,100000000.0,0.0,0.0
2018-03-26,100000000.0,0.0,0.0
2018-03-27,100000000.0,0.0,0.0
2018-03-28,100000000.0,0.0,0.0
2018-03-29,100000000.0,0.0,0.0
2018-03-30,100000000.0,0.0,0.0
2018-04-02,100000000.0,0.0,0.0
2018-04-03,100000000.0,0.0,0.0
2018-04-04,100000000.0,0.0,0.0
2018-04-05,100000000.0,0.0,0.0
2018-04-06,100000000.0,0.0,0.0
2018-04-09,100000000.0,0.0,0.0
2018-04-10,100000000.0,0.0,0.0
2018-04-11,100000000.0,0.0,0.0
2018-04-12,100000000.0,0.0,0.0
2018-04-13,100000000.0,0.0,0.0
2018-04-16,100000000.0,0.0,0.0
2018-04-17,100000000.0,0.0,0.0
2018-04-18,100000000.0,0.0,0.0
2018-04-19,100000000.0,0.0,0.0
2018-04-20,100000000.0,0.0,0.0
2018-04-23,100000000.0,0.0,0.0
2018-04-24,100000000.0,0.0,0.0
2018-04-26,100000000.0,0.0,0.0
2018-04-27,100000000.0,0.0,0.0
2018-05-02,100000000.0,0.0,0.0
2018-05-03,100000000.0,0.0,0.0
2018-05-04,100000000.0,0.0,0.0
2018-05-07,100000000.0,0.0,0.0
2018-05-08,100000000.0,0.0,0.0
2018-05-09,100000000.0,0.0,0.0
2018-05-10,100000000.0,0.0,0.0
2018-05-11,100000000.0,0.0,0.0
2018-05-14,100000000.0,0.0,0.0
2018-05-15,100000000.0,0.0,0.0
2018-05-16,100000000.0,0.0,0.0
2018-05-17,100000000.0,0.0,0.0
2018-05-18,100000000.0,0.0,0.0
2018-05-21,100000000.0,0.0,0.0
2018-05-22,100000000.0,0.0,0.0
2018-05-23,100000000.0,0.0,0.0
2018-05-24,100000000.0,0.0,0.0
2018-05-25,100000000.0,0.0,0.0
2018-05-28,100000000.0,0.0,0.0
2018-05-29,100000000.0,0.0,0.0
2018-05-30,100000000.0,0.0,0.0
2018-05-31,100000000.0,0.0,0.0
2018-06-01,100000000.0,0.0,0.0
2018-06-04,100000000.0,0.0,0.0
2018-06-05,100000000.0,0.0,0.0
2018-06-06,100000000.0,0.0,0.0
2018-06-07,100000000.0,0.0,0.0
2018-06-08,100000000.0,0.0,0.0
2018-06-11,100000000.0,0.0,0.0
2018-06-12,100000000.0,0.0,0.0
2018-06-13,100000000.0,0.0,0.0
2018-06-14,100000000.0,0.0,0.0
2018-06-15,100000000.0,0.0,0.0
2018-06-18,100000000.0,0.0,0.0
2018-06-19,100000000.0,0.0,0.0
2018-06-20,100000000.0,0.0,0.0
2018-06-21,100000000.0,0.0,0.0
2018-06-22,100000000.0,0.0,0.0
2018-06-25,100000000.0,0.0,0.0
2018-06-26,100000000.0,0.0,0.0
2018-06-27,100000000.0,0.0,0.0
2018-06-28,100000000.0,0.0,0.0
2018-06-29,100000000.0,0.0,0.0
2018-07-02,100000000.0,0.0,0.0
2018-07-03,100000000.0,0.0,0.0
2018-07-04,100000000.0,0.0,0.0
2018-07-05,100000000.0,0.0,0.0
2018-07-06,100000000.0,0.0,0.0
2018-07-09,100000000.0,0.0,0.0
2018-07-10,100000000.0,0.0,0.0
2018-07-11,100000000.0,0.0,0.0
2018-07-12,100000000.0,0.0,0.0
2018-07-13,100000000.0,0.0,0.0
2018-07-16,100000000.0,0.0,0.0
2018-07-17,100000000.0,0.0,0.0
2018-07-18,100000000.0,0.0,0.0
2018-07-19,100000000.0,0.0,0.0
2018-07-20,100000000.0,0.0,0.0
2018-07-23,100000000.0,0.0,0.0
2018-07-24,100000000.0,0.0,0.0
2018-07-25,100000000.0,0.0,0.0
2018-07-26,100000000.0,0.0,0.0
2018-07-27,100000000.0,0.0,0.0
2018-07-30,100000000.0,0.0,0.0
2018-07-31,100000000.0,0.0,0.0
2018-08-01,100000000.0,0.0,0.0
2018-08-02,100000000.0,0.0,0.0
2018-08-03,100000000.0,0.0,0.0
2018-08-06,100000000.0,0.0,0.0
2018-08-07,100000000.0,0.0,0.0
2018-08-08,100000000.0,0.0,0.0
2018-08-09,100000000.0,0.0,0.0
2018-08-10,100000000.0,0.0,0.0
2018-08-13,100000000.0,0.0,0.0
2018-08-14,100000000.0,0.0,0.0
2018-08-15,100000000.0,0.0,0.0
2018-08-16,100000000.0,0.0,0.0
2018-08-17,100000000.0,0.0,0.0
2018-08-20,100000000.0,0.0,0.0
2018-08-21,100000000.0,0.0,0.0
2018-08-22,100000000.0,0.0,0.0
2018-08-23,100000000.0,0.0,0.0
2018-08-24,100000000.0,0.0,0.0
2018-08-27,100000000.0,0.0,0.0
2018-08-28,100000000.0,0.0,0.0
2018-08-29,100000000.0,0.0,0.0
2018-08-30,100000000.0,0.0,0.0
2018-08-31,100000000.0,0.0,0.0
2018-09-04,100000000.0,0.0,0.0
2018-09-05,100000000.0,0.0,0.0
2018-09-06,100000000.0,0.0,0.0
2018-09-07,100000000.0,0.0,0.0
2018-09-10,100000000.0,0.0,0.0
2018-09-11,100000000.0,0.0,0.0
2018-09-12,100000000.0,0.0,0.0
2018-09-13,100000000.0,0.0,0.0
2018-09-14,100000000.0,0.0,0.0
2018-09-17,100000000.0,0.0,0.0
2018-09-18,100000000.0,0.0,0.0
2018-09-19,100000000.0,0.0,0.0
2018-09-20,100000000.0,0.0,0.0
2018-09-21,100000000.0,0.0,0.0
2018-09-24,100000000.0,0.0,0.0
2018-09-25,100000000.0,0.0,0.0
2018-09-26,100000000.0,0.0,0.0
2018-09-27,100000000.0,0.0,0.0
2018-09-28,100000000.0,0.0,0.0
2018-10-01,100000000.0,0.0,0.0
2018-10-02,100000000.0,0.0,0.0
2018-10-03,100000000.0,0.0,0.0
2018-10-04,100000000.0,0.0,0.0
2018-10-05,100000000.0,0.0,0.0
2018-10-08,100000000.0,0.0,0.0
2018-10-09,100000000.0,0.0,0.0
2018-10-10,100000000.0,0.0,0.0
2018-10-11,100000000.0,0.0,0.0
2018-10-12,100000000.0,0.0,0.0
2018-10-15,100000000.0,0.0,0.0
2018-10-16,100000000.0,0.0,0.0
2018-10-17,100000000.0,0.0,0.0
2018-10-18,100000000.0,0.0,0.0
2018-10-19,100000000.0,0.0,0.0
2018-10-22,100000000.0,0.0,0.0
2018-10-23,100000000.0,0.0,0.0
2018-10-24,100000000.0,0.0,0.0
2018-10-25,100000000.0,0.0,0.0
2018-10-26,100000000.0,0.0,0.0
2018-10-29,100000000.0,0.0,0.0
2018-10-30,100000000.0,0.0,0.0
2018-10-31,100000000.0,0.0,0.0
2018-11-01,100000000.0,0.0,0.0
2018-11-02,100000000.0,0.0,0.0
2018-11-05,100000000.0,0.0,0.0
2018-11-06,100000000.0,0.0,0.0
2018-11-07,100000000.0,0.0,0.0
2018-11-08,100000000.0,0.0,0.0
2018-11-09,100000000.0,0.0,0.0
2018-11-12,100000000.0,0.0,0.0
2018-11-13,100000000.0,0.0,0.0
2018-11-14,100000000.0,0.0,0.0
2018-11-15,100000000.0,0.0,0.0
2018-11-16,100000000.0,0.0,0.0
2018-11-19,100000000.0,0.0,0.0
2018-11-20,100000000.0,0.0,0.0
2018-11-21,100000000.0,0.0,0.0
2018-11-22,100000000.0,0.0,0.0
2018-11-23,100000000.0,0.0,0.0
2018-11-26,100000000.0,0.0,0.0
2018-11-27,100000000.0,0.0,0.0
2018-11-28,100000000.0,0.0,0.0
2018-11-29,100000000.0,0.0,0.0
2018-11-30,100000000.0,0.0,0.0
2018-12-03,100000000.0,0.0,0.0
2018-12-04,100000000.0,0.0,0.0
2018-12-05,100000000.0,0.0,0.0
2018-12-06,100000000.0,0.0,0.0
2018-12-07,100000000.0,0.0,0.0
2018-12-10,100000000.0,0.0,0.0
2018-12-11,100000000.0,0.0,0.0
2018-12-12,100000000.0,0.0,0.0
2018-12-13,100000000.0,0.0,0.0
2018-12-14,100000000.0,0.0,0.0
2018-12-17,100000000.0,0.0,0.0
2018-12-18,100000000.0,0.0,0.0
2018-12-19,100000000.0,0.0,0.0
2018-12-20,100000000.0,0.0,0.0
2018-12-21,100000000.0,0.0,0.0
2018-12-24,100000000.0,0.0,0.0
2018-12-25,100000000.0,0.0,0.0
2018-12-26,100000000.0,0.0,0.0
2018-12-27,100000000.0,0.0,0.0
2018-12-28,100000000.0,0.0,0.0
2019-01-02,100000000.0,0.0,0.0
2019-01-03,100000000.0,0.0,0.0
2019-01-04,100000000.0,0.0,0.0
2019-01-07,100000000.0,0.0,0.0
2019-01-08,100000000.0,0.0,0.0
2019-01-09,100000000.0,0.0,0.0
2019-01-10,100000000.0,0.0,0.0
2019-01-11,100000000.0,0.0,0.0
2019-01-14,100000000.0,0.0,0.0
2019-01-15,100000000.0,0.0,0.0
2019-01-16,100000000.0,0.0,0.0
2019-01-17,100000000.0,0.0,0.0
2019-01-18,100000000.0,0.0,0.0
2019-01-21,100000000.0,0.0,0.0
2019-01-22,100000000.0,0.0,0.0
2019-01-23,100000000.0,0.0,0.0
2019-01-24,100000000.0,0.0,0.0
2019-01-25,100000000.0,0.0,0.0
2019-01-28,100000000.0,0.0,0.0
2019-01-29,100000000.0,0.0,0.0
2019-01-30,100000000.0,0.0,0.0
2019-01-31,100000000.0,0.0,0.0
2019-02-01,100000000.0,0.0,0.0
2019-02-11,100000000.0,0.0,0.0
2019-02-12,100000000.0,0.0,0.0
2019-02-13,100000000.0,0.0,0.0
2019-02-14,100000000.0,0.0,0.0
2019-02-15,100000000.0,0.0,0.0
2019-02-18,100000000.0,0.0,0.0
2019-02-19,100000000.0,0.0,0.0
2019-02-20,100000000.0,0.0,0.0
2019-02-21,100000000.0,0.0,0.0
2019-02-22,100000000.0,0.0,0.0
2019-02-25,100000000.0,0.0,0.0
2019-02-26,100000000.0,0.0,0.0
2019-02-27,100000000.0,0.0,0.0
2019-02-28,100000000.0,0.0,0.0
2019-03-01,100000000.0,0.0,0.0
2019-03-04,100000000.0,0.0,0.0
2019-03-05,100000000.0,0.0,0.0
2019-03-06,100000000.0,0.0,0.0
2019-03-07,100000000.0,0.0,0.0
2019-03-08,100000000.0,0.0,0.0
2019-03-11,100000000.0,0.0,0.0
2019-03-12,100000000.0,0.0,0.0
2019-03-13,100000000.0,0.0,0.0
2019-03-14,100000000.0,0.0,0.0
2019-03-15,100000000.0,0.0,0.0
2019-03-18,100000000.0,0.0,0.0
2019-03-19,100000000.0,0.0,0.0
2019-03-20,100000000.0,0.0,0.0
2019-03-21,100000000.0,0.0,0.0
2019-03-22,100000000.0,0.0,0.0
2019-03-25,100000000.0,0.0,0.0
2019-03-26,100000000.0,0.0,0.0
2019-03-27,100000000.0,0.0,0.0
2019-03-28,100000000.0,0.0,0.0
2019-03-29,100000000.0,0.0,0.0
2019-04-01,100000000.0,0.0,0.0
2019-04-02,100000000.0,0.0,0.0
2019-04-03,100000000.0,0.0,0.0
2019-04-04,100000000.0,0.0,0.0
2019-04-05,100000000.0,0.0,0.0
2019-04-08,100000000.0,0.0,0.0
2019-04-09,100000000.0,0.0,0.0
2019-04-10,100000000.0,0.0,0.0
2019-04-11,100000000.0,0.0,0.0
2019-04-12,100000000.0,0.0,0.0
2019-04-16,100000000.0,0.0,0.0
2019-04-17,100000000.0,0.0,0.0
2019-04-18,100000000.0,0.0,0.0
2019-04-19,100000000.0,0.0,0.0
2019-04-22,100000000.0,0.0,0.0
2019-04-23,100000000.0,0.0,0.0
2019-04-24,100000000.0,0.0,0.0
2019-04-25,100000000.0,0.0,0.0
2019-04-26,100000000.0,0.0,0.0
2019-05-02,100000000.0,0.0,0.0
2019-05-03,100000000.0,0.0,0.0
2019-05-06,100000000.0,0.0,0.0
2019-05-07,100000000.0,0.0,0.0
2019-05-08,100000000.0,0.0,0.0
2019-05-09,100000000.0,0.0,0.0
2019-05-10,100000000.0,0.0,0.0
2019-05-13,100000000.0,0.0,0.0
2019-05-14,100000000.0,0.0,0.0
2019-05-15,100000000.0,0.0,0.0
2019-05-16,100000000.0,0.0,0.0
2019-05-17,100000000.0,0.0,0.0
2019-05-20,100000000.0,0.0,0.0
2019-05-21,100000000.0,0.0,0.0
2019-05-22,100000000.0,0.0,0.0
2019-05-23,100000000.0,0.0,0.0
2019-05-24,100000000.0,0.0,0.0
2019-05-27,100000000.0,0.0,0.0
2019-05-28,100000000.0,0.0,0.0
2019-05-29,100000000.0,0.0,0.0
2019-05-30,100000000.0,0.0,0.0
2019-05-31,100000000.0,0.0,0.0
2019-06-03,100000000.0,0.0,0.0
2019-06-04,100000000.0,0.0,0.0
2019-06-05,100000000.0,0.0,0.0
2019-06-06,100000000.0,0.0,0.0
2019-06-07,100000000.0,0.0,0.0
2019-06-10,100000000.0,0.0,0.0
2019-06-11,100000000.0,0.0,0.0
2019-06-12,100000000.0,0.0,0.0
2019-06-13,100000000.0,0.0,0.0
2019-06-14,100000000.0,0.0,0.0
2019-06-17,100000000.0,0.0,0.0
2019-06-18,100000000.0,0.0,0.0
2019-06-19,100000000.0,0.0,0.0
2019-06-20,100000000.0,0.0,0.0
2019-06-21,100000000.0,0.0,0.0
2019-06-24,100000000.0,0.0,0.0
2019-06-25,100000000.0,0.0,0.0
2019-06-26,100000000.0,0.0,0.0
2019-06-27,100000000.0,0.0,0.0
2019-06-28,100000000.0,0.0,0.0
2019-07-01,100000000.0,0.0,0.0
2019-07-02,100000000.0,0.0,0.0
2019-07-03,100000000.0,0.0,0.0
2019-07-04,100000000.0,0.0,0.0
2019-07-05,100000000.0,0.0,0.0
2019-07-08,100000000.0,0.0,0.0
2019-07-09,100000000.0,0.0,0.0
2019-07-10,100000000.0,0.0,0.0
2019-07-11,100000000.0,0.0,0.0
2019-07-12,100000000.0,0.0,0.0
2019-07-15,100000000.0,0.0,0.0
2019-07-16,100000000.0,0.0,0.0
2019-07-17,100000000.0,0.0,0.0
2019-07-18,100000000.0,0.0,0.0
2019-07-19,100000000.0,0.0,0.0
2019-07-22,100000000.0,0.0,0.0
2019-07-23,100000000.0,0.0,0.0
2019-07-24,100000000.0,0.0,0.0
2019-07-25,100000000.0,0.0,0.0
2019-07-26,100000000.0,0.0,0.0
2019-07-29,100000000.0,0.0,0.0
2019-07-30,100000000.0,0.0,0.0
2019-07-31,100000000.0,0.0,0.0
2019-08-01,100000000.0,0.0,0.0
2019-08-02,100000000.0,0.0,0.0
2019-08-05,100000000.0,0.0,0.0
2019-08-06,100000000.0,0.0,0.0
2019-08-07,100000000.0,0.0,0.0
2019-08-08,100000000.0,0.0,0.0
2019-08-09,100000000.0,0.0,0.0
2019-08-12,100000000.0,0.0,0.0
2019-08-13,100000000.0,0.0,0.0
2019-08-14,100000000.0,0.0,0.0
2019-08-15,100000000.0,0.0,0.0
2019-08-16,100000000.0,0.0,0.0
2019-08-19,100000000.0,0.0,0.0
2019-08-20,100000000.0,0.0,0.0
2019-08-21,100000000.0,0.0,0.0
2019-08-22,100000000.0,0.0,0.0
2019-08-23,100000000.0,0.0,0.0
2019-08-26,100000000.0,0.0,0.0
2019-08-27,100000000.0,0.0,0.0
2019-08-28,100000000.0,0.0,0.0
2019-08-29,100000000.0,0.0,0.0
2019-08-30,100000000.0,0.0,0.0
2019-09-03,100000000.0,0.0,0.0
2019-09-04,100000000.0,0.0,0.0
2019-09-05,100000000.0,0.0,0.0
2019-09-06,100000000.0,0.0,0.0
2019-09-09,100000000.0,0.0,0.0
2019-09-10,100000000.0,0.0,0.0
2019-09-11,100000000.0,0.0,0.0
2019-09-12,100000000.0,0.0,0.0
2019-09-13,100000000.0,0.0,0.0
2019-09-16,100000000.0,0.0,0.0
2019-09-17,100000000.0,0.0,0.0
2019-09-18,100000000.0,0.0,0.0
2019-09-19,100000000.0,0.0,0.0
2019-09-20,100000000.0,0.0,0.0
2019-09-23,100000000.0,0.0,0.0
2019-09-24,100000000.0,0.0,0.0
2019-09-25,100000000.0,0.0,0.0
2019-09-26,100000000.0,0.0,0.0
2019-09-27,100000000.0,0.0,0.0
2019-09-30,100000000.0,0.0,0.0
2019-10-01,100000000.0,0.0,0.0
2019-10-02,100000000.0,0.0,0.0
2019-10-03,100000000.0,0.0,0.0
2019-10-04,100000000.0,0.0,0.0
2019-10-07,100000000.0,0.0,0.0
2019-10-08,100000000.0,0.0,0.0
2019-10-09,100000000.0,0.0,0.0
2019-10-10,100000000.0,0.0,0.0
2019-10-11,100000000.0,0.0,0.0
2019-10-14,100000000.0,0.0,0.0
2019-10-15,100000000.0,0.0,0.0
2019-10-16,100000000.0,0.0,0.0
2019-10-17,100000000.0,0.0,0.0
2019-10-18,100000000.0,0.0,0.0
2019-10-21,100000000.0,0.0,0.0
2019-10-22,100000000.0,0.0,0.0
2019-10-23,100000000.0,0.0,0.0
2019-10-24,100000000.0,0.0,0.0
2019-10-25,100000000.0,0.0,0.0
2019-10-28,100000000.0,0.0,0.0
2019-10-29,100000000.0,0.0,0.0
2019-10-30,100000000.0,0.0,0.0
2019-10-31,100000000.0,0.0,0.0
2019-11-01,100000000.0,0.0,0.0
2019-11-04,100000000.0,0.0,0.0
2019-11-05,100000000.0,0.0,0.0
2019-11-06,100000000.0,0.0,0.0
2019-11-07,100000000.0,0.0,0.0
2019-11-08,100000000.0,0.0,0.0
2019-11-11,100000000.0,0.0,0.0
2019-11-12,100000000.0,0.0,0.0
2019-11-13,100000000.0,0.0,0.0
2019-11-14,100000000.0,0.0,0.0
2019-11-15,100000000.0,0.0,0.0
2019-11-18,100000000.0,0.0,0.0
2019-11-19,100000000.0,0.0,0.0
2019-11-20,100000000.0,0.0,0.0
2019-11-21,100000000.0,0.0,0.0
2019-11-22,100000000.0,0.0,0.0
2019-11-25,100000000.0,0.0,0.0
2019-11-26,100000000.0,0.0,0.0
2019-11-27,100000000.0,0.0,0.0
2019-11-28,100000000.0,0.0,0.0
2019-11-29,100000000.0,0.0,0.0
2019-12-02,100000000.0,0.0,0.0
2019-12-03,100000000.0,0.0,0.0
2019-12-04,100000000.0,0.0,0.0
2019-12-05,100000000.0,0.0,0.0
2019-12-06,100000000.0,0.0,0.0
2019-12-09,100000000.0,0.0,0.0
2019-12-10,100000000.0,0.0,0.0
2019-12-11,100000000.0,0.0,0.0
2019-12-12,100000000.0,0.0,0.0
2019-12-13,100000000.0,0.0,0.0
2019-12-16,100000000.0,0.0,0.0
2019-12-17,100000000.0,0.0,0.0
2019-12-18,100000000.0,0.0,0.0
2019-12-19,100000000.0,0.0,0.0
2019-12-20,100000000.0,0.0,0.0
2019-12-23,100000000.0,0.0,0.0
2019-12-24,100000000.0,0.0,0.0
2019-12-25,100000000.0,0.0,0.0
2019-12-26,100000000.0,0.0,0.0
2019-12-27,100000000.0,0.0,0.0
2019-12-30,100000000.0,0.0,0.0
2019-12-31,100000000.0,0.0,0.0
2020-01-02,100000000.0,0.0,0.0
2020-01-03,100000000.0,0.0,0.0
2020-01-06,100000000.0,0.0,0.0
2020-01-07,100000000.0,0.0,0.0
2020-01-08,100000000.0,0.0,0.0
2020-01-09,100000000.0,0.0,0.0
2020-01-10,100000000.0,0.0,0.0
2020-01-13,100000000.0,0.0,0.0
2020-01-14,100000000.0,0.0,0.0
2020-01-15,100000000.0,0.0,0.0
2020-01-16,100000000.0,0.0,0.0
2020-01-17,100000000.0,0.0,0.0
2020-01-20,100000000.0,0.0,0.0
2020-01-21,100000000.0,0.0,0.0
2020-01-22,100000000.0,0.0,0.0
2020-01-30,100000000.0,0.0,0.0
2020-01-31,100000000.0,0.0,0.0
2020-02-03,100000000.0,0.0,0.0
2020-02-04,100000000.0,0.0,0.0
2020-02-05,100000000.0,0.0,0.0
2020-02-06,100000000.0,0.0,0.0
2020-02-07,100000000.0,0.0,0.0
2020-02-10,100000000.0,0.0,0.0
2020-02-11,100000000.0,0.0,0.0
2020-02-12,100000000.0,0.0,0.0
2020-02-13,100000000.0,0.0,0.0
2020-02-14,100000000.0,0.0,0.0
2020-02-17,100000000.0,0.0,0.0
2020-02-18,100000000.0,0.0,0.0
2020-02-19,100000000.0,0.0,0.0
2020-02-20,100000000.0,0.0,0.0
2020-02-21,100000000.0,0.0,0.0
2020-02-24,100000000.0,0.0,0.0
2020-02-25,100000000.0,0.0,0.0
2020-02-26,100000000.0,0.0,0.0
2020-02-27,100000000.0,0.0,0.0
2020-02-28,100000000.0,0.0,0.0
2020-03-02,100000000.0,0.0,0.0
2020-03-03,100000000.0,0.0,0.0
2020-03-04,100000000.0,0.0,0.0
2020-03-05,100000000.0,0.0,0.0
2020-03-06,100000000.0,0.0,0.0
2020-03-09,100000000.0,0.0,0.0
2020-03-10,100000000.0,0.0,0.0
2020-03-11,100000000.0,0.0,0.0
2020-03-12,100000000.0,0.0,0.0
2020-03-13,100000000.0,0.0,0.0
2020-03-16,100000000.0,0.0,0.0
2020-03-17,100000000.0,0.0,0.0
2020-03-18,100000000.0,0.0,0.0
2020-03-19,100000000.0,0.0,0.0
2020-03-20,100000000.0,0.0,0.0
2020-03-23,100000000.0,0.0,0.0
2020-03-24,100000000.0,0.0,0.0
2020-03-25,100000000.0,0.0,0.0
2020-03-26,100000000.0,0.0,0.0
2020-03-27,100000000.0,0.0,0.0
2020-03-30,100000000.0,0.0,0.0
2020-03-31,100000000.0,0.0,0.0
2020-04-01,100000000.0,0.0,0.0
2020-04-03,100000000.0,0.0,0.0
2020-04-06,100000000.0,0.0,0.0
2020-04-07,100000000.0,0.0,0.0
2020-04-08,100000000.0,0.0,0.0
2020-04-09,100000000.0,0.0,0.0
2020-04-10,100000000.0,0.0,0.0
2020-04-13,100000000.0,0.0,0.0
2020-04-14,100000000.0,0.0,0.0
2020-04-15,100000000.0,0.0,0.0
2020-04-16,100000000.0,0.0,0.0
2020-04-17,100000000.0,0.0,0.0
2020-04-20,100000000.0,0.0,0.0
2020-04-21,100000000.0,0.0,0.0
2020-04-22,100000000.0,0.0,0.0
2020-04-23,100000000.0,0.0,0.0
2020-04-24,100000000.0,0.0,0.0
2020-04-27,100000000.0,0.0,0.0
2020-04-28,100000000.0,0.0,0.0
2020-04-29,100000000.0,0.0,0.0
2020-05-04,100000000.0,0.0,0.0
2020-05-05,100000000.0,0.0,0.0
2020-05-06,100000000.0,0.0,0.0
2020-05-07,100000000.0,0.0,0.0
2020-05-08,100000000.0,0.0,0.0
2020-05-11,100000000.0,0.0,0.0
2020-05-12,100000000.0,0.0,0.0
2020-05-13,100000000.0,0.0,0.0
2020-05-14,100000000.0,0.0,0.0
2020-05-15,100000000.0,0.0,0.0
2020-05-18,100000000.0,0.0,0.0
2020-05-19,100000000.0,0.0,0.0
2020-05-20,100000000.0,0.0,0.0
2020-05-21,100000000.0,0.0,0.0
2020-05-22,100000000.0,0.0,0.0
2020-05-25,100000000.0,0.0,0.0
2020-05-26,100000000.0,0.0,0.0
2020-05-27,100000000.0,0.0,0.0
2020-05-28,100000000.0,0.0,0.0
2020-05-29,100000000.0,0.0,0.0
2020-06-01,100000000.0,0.0,0.0
2020-06-02,100000000.0,0.0,0.0
2020-06-03,100000000.0,0.0,0.0
2020-06-04,100000000.0,0.0,0.0
2020-06-05,100000000.0,0.0,0.0
2020-06-08,100000000.0,0.0,0.0
2020-06-09,100000000.0,0.0,0.0
2020-06-10,100000000.0,0.0,0.0
2020-06-11,100000000.0,0.0,0.0
2020-06-12,100000000.0,0.0,0.0
2020-06-15,100000000.0,0.0,0.0
2020-06-16,100000000.0,0.0,0.0
2020-06-17,100000000.0,0.0,0.0
2020-06-18,100000000.0,0.0,0.0
2020-06-19,100000000.0,0.0,0.0
2020-06-22,100000000.0,0.0,0.0
2020-06-23,100000000.0,0.0,0.0
2020-06-24,100000000.0,0.0,0.0
2020-06-25,100000000.0,0.0,0.0
2020-06-26,100000000.0,0.0,0.0
2020-06-29,100000000.0,0.0,0.0
2020-06-30,100000000.0,0.0,0.0
2020-07-01,100000000.0,0.0,0.0
2020-07-02,100000000.0,0.0,0.0
2020-07-03,100000000.0,0.0,0.0
2020-07-06,100000000.0,0.0,0.0
2020-07-07,100000000.0,0.0,0.0
2020-07-08,100000000.0,0.0,0.0
2020-07-09,100000000.0,0.0,0.0
2020-07-10,100000000.0,0.0,0.0
2020-07-13,100000000.0,0.0,0.0
2020-07-14,100000000.0,0.0,0.0
2020-07-15,100000000.0,0.0,0.0
2020-07-16,100000000.0,0.0,0.0
2020-07-17,100000000.0,0.0,0.0
2020-07-20,100000000.0,0.0,0.0
2020-07-21,100000000.0,0.0,0.0
2020-07-22,100000000.0,0.0,0.0
2020-07-23,100000000.0,0.0,0.0
2020-07-24,100000000.0,0.0,0.0
2020-07-27,100000000.0,0.0,0.0
2020-07-28,100000000.0,0.0,0.0
2020-07-29,100000000.0,0.0,0.0
2020-07-30,100000000.0,0.0,0.0
2020-07-31,100000000.0,0.0,0.0
2020-08-03,100000000.0,0.0,0.0
2020-08-04,100000000.0,0.0,0.0
2020-08-05,100000000.0,0.0,0.0
2020-08-06,100000000.0,0.0,0.0
2020-08-07,100000000.0,0.0,0.0
2020-08-10,100000000.0,0.0,0.0
2020-08-11,100000000.0,0.0,0.0
2020-08-12,100000000.0,0.0,0.0
2020-08-13,100000000.0,0.0,0.0
2020-08-14,100000000.0,0.0,0.0
2020-08-17,100000000.0,0.0,0.0
2020-08-18,100000000.0,0.0,0.0
2020-08-19,100000000.0,0.0,0.0
2020-08-20,100000000.0,0.0,0.0
2020-08-21,100000000.0,0.0,0.0
2020-08-24,100000000.0,0.0,0.0
2020-08-25,100000000.0,0.0,0.0
2020-08-26,100000000.0,0.0,0.0
2020-08-27,100000000.0,0.0,0.0
2020-08-28,100000000.0,0.0,0.0
2020-08-31,100000000.0,0.0,0.0
2020-09-01,100000000.0,0.0,0.0
2020-09-03,100000000.0,0.0,0.0
2020-09-04,100000000.0,0.0,0.0
2020-09-07,100000000.0,0.0,0.0
2020-09-08,100000000.0,0.0,0.0
2020-09-09,100000000.0,0.0,0.0
2020-09-10,100000000.0,0.0,0.0
2020-09-11,100000000.0,0.0,0.0
2020-09-14,100000000.0,0.0,0.0
2020-09-15,100000000.0,0.0,0.0
2020-09-16,100000000.0,0.0,0.0
2020-09-17,100000000.0,0.0,0.0
2020-09-18,100000000.0,0.0,0.0
2020-09-21,100000000.0,0.0,0.0
2020-09-22,100000000.0,0.0,0.0
2020-09-23,100000000.0,0.0,0.0
2020-09-24,100000000.0,0.0,0.0
2020-09-25,100000000.0,0.0,0.0
2020-09-28,100000000.0,0.0,0.0
2020-09-29,100000000.0,0.0,0.0
2020-09-30,100000000.0,0.0,0.0
2020-10-01,100000000.0,0.0,0.0
2020-10-02,100000000.0,0.0,0.0
2020-10-05,100000000.0,0.0,0.0
2020-10-06,100000000.0,0.0,0.0
2020-10-07,100000000.0,0.0,0.0
2020-10-08,100000000.0,0.0,0.0
2020-10-09,100000000.0,0.0,0.0
2020-10-12,100000000.0,0.0,0.0
2020-10-13,100000000.0,0.0,0.0
2020-10-14,100000000.0,0.0,0.0
2020-10-15,100000000.0,0.0,0.0
2020-10-16,100000000.0,0.0,0.0
2020-10-19,100000000.0,0.0,0.0
2020-10-20,100000000.0,0.0,0.0
2020-10-21,100000000.0,0.0,0.0
2020-10-22,100000000.0,0.0,0.0
2020-10-23,100000000.0,0.0,0.0
2020-10-26,100000000.0,0.0,0.0
2020-10-27,100000000.0,0.0,0.0
2020-10-28,100000000.0,0.0,0.0
2020-10-29,100000000.0,0.0,0.0
2020-10-30,100000000.0,0.0,0.0
2020-11-02,100000000.0,0.0,0.0
2020-11-03,100000000.0,0.0,0.0
2020-11-04,100000000.0,0.0,0.0
2020-11-05,100000000.0,0.0,0.0
2020-11-06,100000000.0,0.0,0.0
2020-11-09,100000000.0,0.0,0.0
2020-11-10,100000000.0,0.0,0.0
2020-11-11,100000000.0,0.0,0.0
2020-11-12,100000000.0,0.0,0.0
2020-11-13,100000000.0,0.0,0.0
2020-11-16,100000000.0,0.0,0.0
2020-11-17,100000000.0,0.0,0.0
2020-11-18,100000000.0,0.0,0.0
2020-11-19,100000000.0,0.0,0.0
2020-11-20,100000000.0,0.0,0.0
2020-11-23,100000000.0,0.0,0.0
2020-11-24,100000000.0,0.0,0.0
2020-11-25,100000000.0,0.0,0.0
2020-11-26,100000000.0,0.0,0.0
2020-11-27,100000000.0,0.0,0.0
2020-11-30,100000000.0,0.0,0.0
2020-12-01,100000000.0,0.0,0.0
2020-12-02,100000000.0,0.0,0.0
2020-12-03,100000000.0,0.0,0.0
2020-12-04,100000000.0,0.0,0.0
2020-12-07,100000000.0,0.0,0.0
2020-12-08,100000000.0,0.0,0.0
2020-12-09,100000000.0,0.0,0.0
2020-12-10,100000000.0,0.0,0.0
2020-12-11,100000000.0,0.0,0.0
2020-12-14,100000000.0,0.0,0.0
2020-12-15,100000000.0,0.0,0.0
2020-12-16,100000000.0,0.0,0.0
2020-12-17,100000000.0,0.0,0.0
2020-12-18,100000000.0,0.0,0.0
2020-12-21,100000000.0,0.0,0.0
2020-12-22,100000000.0,0.0,0.0
2020-12-23,100000000.0,0.0,0.0
2020-12-24,100000000.0,0.0,0.0
2020-12-25,100000000.0,0.0,0.0
2020-12-28,100000000.0,0.0,0.0
2020-12-29,100000000.0,0.0,0.0
2020-12-30,100000000.0,0.0,0.0
2020-12-31,100000000.0,0.0,0.0
2021-01-04,100000000.0,0.0,0.0
2021-01-05,99840255.59105432,-0.0015974440894567967,-0.0015974440894568342
2021-01-06,99975361.9649934,0.0013532254413738455,-0.0002463803500659667
2021-01-07,102566179.80785944,0.02591456326783007,0.0
2021-01-08,103804545.19942634,0.01207381803521173,0.0
2021-01-11,105119202.72106923,0.012664739478576886,0.0
2021-01-12,106340097.99582428,0.011614388647853961,0.0
2021-01-13,105747442.71352816,-0.005573206095027233,-0.0055732060950272055
2021-01-14,108627401.97054352,0.027234315867261463,0.0
2021-01-15,109946426.54343155,0.012142650463514827,0.0
2021-01-18,111516279.48460802,0.01427834437671645,0.0
2021-01-19,109328779.48460802,-0.019615970063832058,-0.01961597006383209
2021-01-20,109189073.60225508,-0.0012778509282875222,-0.02086875470656424
2021-01-21,111600838.30813743,0.022087967470698876,0.0
2021-01-22,113442750.07284331,0.016504461728327157,0.0
2021-01-25,116402308.89637272,0.026088567331354624,0.0
2021-01-26,116358191.2493139,-0.0003790100684178915,-0.0003790100684178954
2021-01-27,113970136.79747926,-0.02052330331190783,-0.020894534841733314
2021-01-28,107837108.84519726,-0.053812587442797946,-0.07358273330128395
2021-01-29,110289672.38853098,0.02274322419803036,-0.052513017703828546
2021-02-01,107887456.89490542,-0.02178096499519,-0.07315019849861959
2021-02-02,111437918.90837748,0.03290894155500038,-0.042648552550746954
2021-02-03,115544506.57126236,0.036850900511353306,-0.007369289606394491
2021-02-04,115720049.60829043,0.001519267702439905,-0.005861217827643483
2021-02-05,116495008.84044549,0.006696844970065888,0.0
2021-02-08,114374981.74401203,-0.0181984371479563,-0.018198437147956326
2021-02-09,117394804.4258182,0.026402825475985495,0.0
2021-02-17,121608103.61434972,0.035889997084103516,0.0
2021-02-18,122139420.79470456,0.004369093543632386,0.0
2021-02-19,125289112.74262337,0.025787677126886906,0.0
2021-02-22,127505364.24498948,0.017689098867823185,0.0
2021-02-23,128515964.30859554,0.007925941544422251,0.0
2021-02-24,126116450.94077246,-0.018670936180825843,-0.018670936180825826
2021-02-25,128285071.80717832,0.017195384505581272,-0.0017966056019530496
2021-02-26,129152114.64541674,0.006758719670373228,0.0
2021-03-01,132185205.34065992,0.02348463827766537,0.0
2021-03-02,133881945.4072037,0.012836081482576278,0.0
2021-03-03,133333895.78060664,-0.004093529003706673,-0.004093529003706631
2021-03-04,132717498.55344133,-0.004622959702456742,-0.008697564486538467
2021-03-05,135145470.20041656,0.018294284276293555,0.0
2021-03-08,135308186.08670634,0.0012040054768278413,0.0
2021-03-09,135213517.2855807,-0.0006996531685450374,-0.0006996531685450336
2021-03-10,135340039.53782117,0.0009357219217458479,0.0
2021-03-11,135171336.98139846,-0.0012465088454150037,-0.0012465088454149953
2021-03-12,134993188.21431655,-0.001317947806541502,-0.0025628138183578786
2021-03-15,134828069.56703785,-0.0012231628089007889,-0.0037828418887099202
2021-03-16,134903686.1662559,0.0005608372163219572,-0.003224126230902624
2021-03-17,138379476.3504421,0.025764975613065465,0.0
2021-03-18,138069679.08730757,-0.0022387515208540485,-0.0022387515208540654
2021-03-19,137981163.8300562,-0.0006410912072549235,-0.002878407484193768
2021-03-22,136577460.2121163,-0.010173153921710313,-0.013022278923517927
2021-03-23,134914719.27731043,-0.012174343645162924,-0.025038084870022792
2021-03-24,131175962.18510914,-0.02771200290248883,-0.0520562322919208
2021-03-25,129738676.32355544,-0.010956930199798884,-0.062442785988032545
2021-03-26,130249273.71986955,0.003935583518986542,-0.05875295126846014
2021-03-29,132771687.67648247,0.01936605007132658,-0.040524713793236744
2021-03-30,134182024.31400807,0.010622269417574126,-0.030332908803644476
2021-03-31,136006634.94228905,0.013598025798232799,-0.01714735068185913
2021-04-01,139675131.69249672,0.02697292490005576,0.0
2021-04-02,139746384.9288281,0.0005101354512286538,0.0
2021-04-05,137328312.62151974,-0.017303290589877184,-0.01730329058987723
2021-04-06,137800558.85000065,0.003438811847797385,-0.013923981502766192
2021-04-07,138557222.17232004,0.005491003292251052,-0.008509434838788077
2021-04-08,138495573.1957018,-0.00044493513691808216,-0.008950583829151038
2021-04-09,140317098.08442286,0.013152224628487834,0.0
2021-04-12,142100954.16237217,0.01271303427951485,0.0
2021-04-13,139937858.83545977,-0.015222243507532922,-0.015222243507532873
2021-04-14,140381904.49594426,0.003173163175282007,-0.012097382994794237
2021-04-15,140441614.55038646,0.0004253401081613204,-0.011677188388824367
2021-04-16,139979361.1483077,-0.0032914275698027124,-0.014930181338826287
2021-04-19,143482990.50262734,0.0250296138343391,0.0
2021-04-20,143699939.42183304,0.0015120183824278656,0.0
2021-04-22,138245761.17906523,-0.03795532736278336,-0.0379553273627834
2021-04-23,142907868.76550186,0.03372333116527134,-0.0055119762716534515
2021-04-26,140954256.00300318,-0.013670435220781079,-0.019107060377874352
2021-04-27,141854227.55483323,0.006384848371026686,-0.012844207690176468
2021-04-28,143126654.7293195,0.008969963013576224,-0.0039894567445198925
2021-04-29,143409919.87545747,0.0019791222443762313,-0.002018230122729725
2021-05-04,143332709.5711649,-0.0005383888670993746,-0.0025555323971997446
2021-05-05,143428340.806655,0.0006671975697396737,-0.0018900398724648326
2021-05-06,144567627.37237036,0.007943245800013538,0.0
2021-05-07,145407509.17181852,0.005809611838512332,0.0
2021-05-10,151113344.58419216,0.03924030777276723,0.0
2021-05-11,150184755.9053336,-0.006144981314613079,-0.006144981314613052
2021-05-12,155134345.50275248,0.03295667105214569,0.0
2021-05-13,154466082.3661796,-0.0043076414472064195,-0.004307641447206412
2021-05-14,155287011.3733659,0.00531462308495801,0.0
2021-05-17,155774647.67665225,0.003140225953050835,0.0
2021-05-18,159445507.8997949,0.02356519676271332,0.0
2021-05-19,162642887.17927215,0.02005311608707511,0.0
2021-05-20,164275339.93940645,0.010037037514803511,0.0
2021-05-21,164033008.48659587,-0.0014751541704309992,-0.0014751541704309812
2021-05-24,164202989.90928066,0.001036263519477416,-0.0004404192994059697
2021-05-25,165805195.21970043,0.009757467335430123,0.0
2021-05-26,168133948.75795445,0.014045118038480665,0.0
2021-05-27,167324244.4672191,-0.004815828669443695,-0.004815828669443745
2021-05-28,171469269.65097007,0.02477241237185457,0.0
2021-05-31,179025731.24484697,0.044068897063936074,0.0
2021-06-01,178486997.75255555,-0.003009251734626988,-0.003009251734626961
2021-06-02,185870913.81864882,0.041369489985651035,0.0
2021-06-03,194802878.21332538,0.04805466445057314,0.0
2021-06-04,194064467.7519012,-0.003790552111943392,-0.003790552111943346
2021-06-07,187116248.67055464,-0.035803664430880865,-0.039458500887000425
2021-06-08,180181565.41452152,-0.037060828791211184,-0.07505696493248071
2021-06-09,188946134.46326244,0.04864298425078814,-0.030064975444815123
2021-06-10,193196429.07804906,0.022494742360622502,-0.008246536960902162
2021-06-11,193794340.40643898,0.0030948363344146684,-0.005177222308707208
2021-06-14,199215436.2778343,0.02797344783147857,0.0
2021-06-15,201171187.3830335,0.009817266883233106,0.0
2021-06-16,198749161.953528,-0.012039623869664534,-0.012039623869664506
2021-06-17,200772549.56367472,0.01018060951934904,-0.00198158505969237
2021-06-18,206640585.8655288,0.02922728388221735,0.0
2021-06-21,207297308.28008732,0.0031780901694979293,0.0
2021-06-22,206009732.10072637,-0.006211253730421152,-0.006211253730421196
2021-06-23,207885236.31497216,0.009103959289305748,0.0
2021-06-24,204728548.19939718,-0.015184763341212975,-0.015184763341212992
2021-06-25,208129153.61595085,0.01661031373720106,0.0
2021-06-28,210441786.91362798,0.011111529824142288,0.0
2021-06-29,213876446.08339453,0.016321184210321492,0.0
2021-06-30,213244561.4185773,-0.0029544378373055164,-0.0029544378373055347
2021-07-01,216048702.12718844,0.013149881478603754,0.0
2021-07-02,214062999.08959395,-0.009190997298495727,-0.009190997298495707
2021-07-05,213062901.93498147,-0.004671975814904382,-0.013820032996306741
2021-07-06,204014224.05588368,-0.04246951391781519,-0.05570261683044053
2021-07-07,205263147.38363743,0.006121746331822661,-0.04992186778887253
2021-07-08,203584941.16124243,-0.00817587688674787,-0.057689589630622096
2021-07-09,199298239.34923184,-0.021056084932212407,-0.07753095766386764
2021-07-12,196245142.1158702,-0.015319238360212836,-0.09166248080333217
2021-07-13,197659472.40862262,0.007206956959563072,-0.08511613139772545
2021-07-14,198433592.97680762,0.0039164354672800985,-0.08153304776628911
2021-07-15,201500334.28575906,0.015454748679120424,-0.06733837184943936
2021-07-16,204205554.4464153,0.01342538795404586,-0.05481702766166607
2021-07-19,202264530.62486145,-0.009505244981292573,-0.06380122336588823
2021-07-20,206092022.18374035,0.018923196998774438,-0.04608534948562926
2021-07-21,206625227.42716715,0.002587219232345749,-0.043617363155802114
2021-07-22,208966678.71696627,0.011331875197206773,-0.03277975447430814
2021-07-23,208188293.57743278,-0.0037249246832686145,-0.03638257704102388
2021-07-26,208579611.35967213,0.0018796339386575663,-0.03457132902894844
2021-07-27,206648129.5969901,-0.009260165699280152,-0.04351135849297627
2021-07-28,202238560.01502693,-0.021338540980568393,-0.0639214305672221
2021-07-29,208003378.87725514,0.02850504306300377,-0.037238470635185816
2021-07-30,208125854.3452466,0.0005888148002814189,-0.03667158239755419
2021-08-02,208263053.80058736,0.0006592138961897146,-0.03603654291807623
2021-08-03,212759575.36492473,0.021590586915347976,-0.015224006114729627
2021-08-04,211466111.9532321,-0.00607946039314129,-0.02121091276567144
2021-08-05,212393763.58236873,0.004386762590791765,-0.016917197413516716
2021-08-06,211371485.05819204,-0.004813128723434649,-0.021648901488160344
2021-08-09,218292004.9769887,0.03274102898454534,0.0
2021-08-10,219254847.12032798,0.004410798936226613,0.0
2021-08-11,217707865.997917,-0.007055630207171626,-0.007055630207171593
2021-08-12,218501789.71371827,0.0036467387715281956,-0.003434621475877475
2021-08-13,223844330.1833577,0.024450785856899544,0.0
2021-08-16,230647756.17186525,0.03039355959087584,0.0
2021-08-17,230976857.7191178,0.0014268577883207697,0.0
2021-08-18,231787004.3945312,0.0035074798549670663,0.0
2021-08-19,235068061.4966671,0.014155483439231635,0.0
2021-08-20,233835868.57237536,-0.005241855981822527,-0.005241855981822474
2021-08-23,237477203.5243324,0.015572183062368829,0.0
2021-08-24,229967234.00221717,-0.03162395973450034,-0.031623959734500384
2021-08-25,231977618.07957798,0.008742045735704357,-0.023158372101139024
2021-08-26,229266223.42029208,-0.011688173547655712,-0.034575866576595504
2021-08-27,231558913.58865216,0.010000121841572417,-0.02492150761356693
2021-08-30,234499155.9055251,0.012697599376787778,-0.012540351556321827
2021-08-31,234263141.478479,-0.0010064617338800816,-0.013534191906231063
2021-09-01,237040465.41497034,0.011855573689326984,-0.0018390738263739381
2021-09-06,242390161.96543306,0.022568705900477284,0.0
2021-09-07,241767552.7395289,-0.0025686241589002947,-0.0025686241589002456
2021-09-08,241757048.26034692,-4.3448672342281806e-05,-0.0026119612279331683
2021-09-09,242504194.95785895,0.0030904856875462517,0.0
2021-09-10,241655495.42407042,-0.003499731350775249,-0.0034997313507753036
2021-09-13,240836679.8758464,-0.003388358898220498,-0.006876231903131913
2021-09-14,237873053.63145357,-0.012305543515716087,-0.0190971596479399
2021-09-15,238314239.6425858,0.0018547120171744538,-0.017277867362258337
2021-09-16,237732264.00171387,-0.0024420514768432044,-0.019677725397592938
2021-09-17,241750999.7892006,0.016904461009372124,-0.0031059057299575032
2021-09-20,242223135.41899216,0.0019529831529269599,-0.0011589883585957361
2021-09-21,243957046.40999174,0.007158321140547945,0.0
2021-09-22,243626686.0217366,-0.0013541744053580187,-0.0013541744053580107
2021-09-23,243423581.61135823,-0.0008336706199757014,-0.0021867160899176064
2021-09-24,241947940.07001007,-0.006062032000269054,-0.008235492147274148
2021-09-27,238080597.42987448,-0.015984193289748743,-0.024088047738704654
2021-09-28,240222782.75941598,0.008997731661743141,-0.01530705386676956
2021-09-29,243152427.44573095,0.012195532216646663,-0.003298199318697126
2021-09-30,247817003.78546238,0.019183753946986647,0.0
2021-10-01,252724641.43997613,0.01980347425539184,0.0
2021-10-04,253395396.1533091,0.0026540930457400204,0.0
2021-10-05,257705389.17784762,0.01700896342225132,0.0
2021-10-06,261638368.65902603,0.015261533698327804,0.0
2021-10-07,264722426.29878873,0.011787482300739782,0.0
2021-10-08,259436204.04604685,-0.019968924909956,-0.019968924909956054
2021-10-11,262042550.4053021,0.010046193702374162,-0.010123342895255405
2021-10-12,266231437.47393405,0.0159855224357761,0.0
2021-10-13,274776024.94784975,0.032094584903228314,0.0
2021-10-14,279280921.4746969,0.016394794734009698,0.0
2021-10-15,280653377.70191395,0.0049142498526933,0.0
2021-10-18,281480416.05565125,0.002946831997923446,0.0
2021-10-19,287824729.37153625,0.022539093144692095,0.0
2021-10-20,291759683.98840034,0.01367135695899389,0.0
2021-10-21,294434587.7844301,0.009168174846721092,0.0
2021-10-22,294543344.54904914,0.00036937496181215824,0.0
2021-10-25,291439881.90194213,-0.010536522737794192,-0.010536522737794152
2021-10-26,295733531.7425776,0.014732540421767396,0.0
2021-10-27,297568298.4272964,0.0062041212368026885,0.0
2021-10-28,302336616.86755705,0.016024282376389202,0.0
2021-10-29,301057853.3439194,-0.004229601881792021,-0.004229601881792
2021-11-01,306929535.45602095,0.019503500894872596,0.0
2021-11-02,308430439.19679177,0.004890059663175937,0.0
2021-11-03,304260403.8555863,-0.01352018092658104,-0.013520180926581027
2021-11-04,311783467.9192661,0.02472574139897136,0.0
2021-11-05,315869708.3276732,0.013106020135311319,0.0
2021-11-08,326090645.81660116,0.03235808062457539,0.0
2021-11-09,329527351.53317887,0.010539111626374494,0.0
2021-11-10,336401404.09385324,0.020860339904083036,0.0
2021-11-11,333991917.28696954,-0.007162534928693299,-0.007162534928693343
2021-11-12,337960862.0653726,0.01188335577292693,0.0
2021-11-15,350940505.88333374,0.0384057601777879,0.0
2021-11-16,344164877.8218527,-0.019307056175879397,-0.019307056175879356
2021-11-17,353992914.72698706,0.028556187857790613,0.0
2021-11-18,361166347.7219026,0.020264340602545595,0.0
2021-11-19,354161717.7829995,-0.019394470119061716,-0.019394470119061702
2021-11-22,339797328.36401737,-0.04055884274816918,-0.05916669560348775
2021-11-23,337473281.26481557,-0.006839509628845869,-0.06560153404804658
2021-11-24,333111631.3925532,-0.012924430212416634,-0.07767810181183177
2021-11-25,343689792.45915294,0.03175560403693608,-0.04838921281837305
2021-11-26,340832587.1356727,-0.008313326104440018,-0.056300263616716806
2021-11-29,346917847.64544857,0.01785410415393632,-0.039451350233287386
2021-11-30,345484403.6393868,-0.004131940791719594,-0.04342028038168966
2021-12-01,341427016.8334353,-0.011744052012798056,-0.0546544023632749
2021-12-02,342351448.0081186,0.002707551333391742,-0.05209483062987752
2021-12-03,334039617.0962809,-0.02427864979160435,-0.07510868827266615
2021-12-06,331432608.0242518,-0.0078044906609913605,-0.08232699387747422
2021-12-07,336268291.2045537,0.014590245688644084,-0.06893791925630999
2021-12-08,336189505.5765734,-0.00023429395527640084,-0.06915606147381526
2021-12-09,335652205.66312516,-0.001598205489867186,-0.07064374136657736
2021-12-10,334905306.1038549,-0.0022252186837106113,-0.07271176227711185
2021-12-13,336750293.65026397,0.005508982726708234,-0.06760334739281681
2021-12-14,333249227.9724368,-0.010396622494005166,-0.07729712340464778
2021-12-15,331911050.2662456,-0.004015546305487206,-0.0810022795318226
2021-12-16,331579834.63996196,-0.0009979047880989736,-0.0819193517573299
2021-12-17,331579834.63996196,0.0,-0.0819193517573299
2021-12-20,329663693.9879066,-0.005778821423612743,-0.08722477587599886
2021-12-21,328444673.67233753,-0.003697769386803516,-0.09060000815679736
2021-12-22,330461134.1173446,0.006139421968580145,-0.08501681786864856
2021-12-23,324843072.6948461,-0.017000672219758185,-0.100572147034655
2021-12-24,324771305.41141856,-0.00022092908687313724,-0.10077085680891884
2021-12-27,330869759.6033043,0.01877768783840149,-0.08388541266288352
2021-12-28,334045022.2644831,0.0095967146256755,-0.07509372240379075
2021-12-29,332624555.26271725,-0.004252322013770886,-0.07902672172868797
2021-12-30,329670379.98163605,-0.008881410690644591,-0.08720626364812478
2021-12-31,329830316.659515,0.0004851411821950306,-0.0867634298157709
2022-01-04,332703025.90471745,0.008709657966850663,-0.07880945164664643
2022-01-05,335467616.3251605,0.008309483849524131,-0.07115483366276998
2022-01-06,334540093.0337775,-0.0027648668492758553,-0.07372296687128588
2022-01-07,331067112.51406026,-0.01038135814521508,-0.08333898049388233
2022-01-10,320558179.8593167,-0.03174260522267141,-0.11243618935907651
2022-01-11,313695742.4860833,-0.021407774951321144,-0.13143695567221436
2022-01-12,318780656.13837,0.016209699283732656,-0.11735780991469758
2022-01-13,309047091.2698281,-0.03053373748097483,-0.1443081748363949
2022-01-14,310266203.2880957,0.003944745162487967,-0.14093268864850028
2022-01-17,304470847.71626693,-0.01867865565250606,-0.1569789111395592
2022-01-18,298287897.328397,-0.020307199964286166,-0.17409830896515843
2022-01-19,301831847.4456143,0.011880971869655265,-0.16428579420687273
2022-01-20,303590610.2940818,0.005826962473813942,-0.15941611889088292
2022-01-21,301882246.29063994,-0.005627196446513988,-0.16414624951965717
2022-01-24,291909154.24461585,-0.03303636490243417,-0.19175981902559391
2022-01-25,296895879.1550076,0.017083139866908528,-0.1779525389679526
2022-01-26,297957357.3439418,0.0035752540316668236,-0.1750135104686763
2022-01-27,294094452.8459455,-0.012964621959434467,-0.18570914842709085
2022-01-28,296466103.28396297,0.008064247438423537,-0.17914250551316235
2022-02-07,301970459.78785664,0.018566562729842532,-0.1639020033495111
2022-02-08,311586393.7736944,0.03184395583790958,-0.13727733566800826
2022-02-09,319318996.40012455,0.024816881548577353,-0.1158672494980082
2022-02-10,321810547.50591695,0.007802702419465049,-0.10896862474653801
2022-02-11,325938988.29844254,0.012828792668610969,-0.09753776797218405
2022-02-14,324055907.0897853,-0.005777403981302911,-0.10275165686447707
2022-02-15,327131277.97880447,0.009490247891599479,-0.09423654766779399
2022-02-16,323281730.0664951,-0.011767593536435758,-0.10489520381499817
2022-02-17,327292182.33181775,0.012405440494573337,-0.09379103452951798
2022-02-18,330679759.52806294,0.01035031503688889,-0.08441148624764527
2022-02-21,332507519.0824462,0.0055272797978074195,-0.07935077235247745
2022-02-22,335787665.3066745,0.009864878344044127,-0.07026867972419637
2022-02-23,341305761.80243564,0.01643329123099708,-0.05499013417152476
2022-02-24,344122808.86968637,0.008253734283224238,-0.047190273843951136
2022-02-25,345379203.37973183,0.00365100620378013,-0.04371155962273332
2022-02-28,341279858.0958447,-0.011869114421982343,-0.05506185654199014
2022-03-01,340651734.86711395,-0.0018404931138782197,-0.05680100868806548
2022-03-02,342990669.4588746,0.006866058065645956,-0.050324949646259
2022-03-03,347370697.8852564,0.012770109558058991,-0.03819749520868654
2022-03-04,347658000.9713226,0.0008270792205999151,-0.037402008342652726
2022-03-07,344712992.48141456,-0.008470992992193399,-0.045556169184281514
2022-03-08,334538914.8057295,-0.029514633615771214,-0.0737262291576406
2022-03-09,336532250.8412976,0.005958457887405029,-0.06820706590186854
2022-03-10,341646926.4999387,0.015198173862549317,-0.054045514885550205
2022-03-11,345321837.37094486,0.010756458161805798,-0.04387039504344403
2022-03-14,339945655.45466566,-0.015568612622966268,-0.0587560064803625
2022-03-15,344749191.1834723,0.014130304805284393,-0.04545594195578684
2022-03-16,348516564.5476668,0.010927867158329465,-0.03502481129270696
2022-03-17,344811051.8202964,-0.010632242780711723,-0.045284661776406
2022-03-18,345077070.0184326,0.0007714897673142157,-0.04454810866226855
2022-03-21,347285756.47461957,0.006400559898311908,-0.03843268160180602
2022-03-22,349901804.97985494,0.007532841345961048,-0.031189347548851165
2022-03-23,357619799.4749578,0.02205760126200902,-0.009819708478696954
2022-03-24,362115410.3827312,0.012570922847039343,0.0
2022-03-25,370531634.0428747,0.023241826828767444,0.0
2022-03-28,373534872.08923197,0.008105213618575318,0.0
2022-03-29,369892313.21494544,-0.00975158986874023,-0.009751589868740251
2022-03-30,367410476.00833774,-0.006709620930039433,-0.016395781327295245
2022-03-31,362876392.99558055,-0.012340647065965231,-0.028534093842529584
2022-04-01,367497766.0064813,0.01273539172044465,-0.01616209498455745
2022-04-04,359737054.5533086,-0.021117710557826394,-0.036938499098491895
2022-04-05,358863173.38410723,-0.002429222005741073,-0.03927798928936377
2022-04-06,356522369.5219656,-0.0065228310836903365,-0.04554461668361265
2022-04-07,356790257.2233821,0.0007513910046533215,-0.04482744749424572
2022-04-08,353256660.76357573,-0.009903847956235083,-0.05428733122623175
2022-04-12,356834024.1971943,0.010126810987472843,-0.04471027778110126
2022-04-13,366595025.25470173,0.02735445724232091,-0.018578845920635745
2022-04-14,380380886.01804626,0.03760514958915885,0.0
2022-04-15,381803230.42788064,0.0037392636226387705,0.0
2022-04-18,380089827.413761,-0.0044876598141913105,-0.004487659814191303
2022-04-19,384535619.7589551,0.011696688583971146,0.0
2022-04-20,383298274.59472936,-0.0032177647548005638,-0.0032177647548005117
2022-04-21,380479481.98562485,-0.007354044606866264,-0.010548145776125617
2022-04-22,368027242.53563154,-0.03272775547582295,-0.04293068411626422
2022-04-25,353511775.01214993,-0.03944128544254778,-0.08067872819233857
2022-04-26,354680816.8510825,0.0033069388958610916,-0.07763858892080533
2022-04-27,364549966.45771074,0.027825439487391093,-0.05197347729131652
2022-04-28,364173138.6207098,-0.0010336795272882836,-0.052953432899166764
2022-04-29,376399184.7852738,0.03357207017208804,-0.021159119092222567
2022-05-04,374118934.5105716,-0.006058063797356565,-0.027088999596222574
2022-05-05,366824216.83566964,-0.019498392094067705,-0.046059199754727054
2022-05-06,354637146.3386435,-0.0332231895760735,-0.077752155805627
2022-05-09,341350640.4399587,-0.03746507108986687,-0.11230423685084567
2022-05-10,346447373.95317566,0.014931079392872719,-0.09904998093454886
2022-05-11,355059166.8095554,0.0248574343575301,-0.07665467497621392
2022-05-12,343774468.52822113,-0.03178258537227713,-0.10600097659687546
2022-05-13,331339838.42672265,-0.03617089469946399,-0.13833772113381348
2022-05-16,331417982.7499423,0.00023584342767445072,-0.13813450374846792
2022-05-17,342326407.74853724,0.03291440285793255,-0.109766715595493
2022-05-18,356414515.99093205,0.04115402120172835,-0.07313003613462565
2022-05-19,369054010.0860376,0.0354629049267654,-0.04026053472659341
2022-05-20,369489050.29437214,0.0011787982150177536,-0.03912919555804706
2022-05-23,360265488.37938035,-0.024963018275219195,-0.06311543100945605
2022-05-24,362965195.02977085,0.007493658808493915,-0.05609473770649809
2022-05-25,380064238.962261,0.04710932113225811,-0.0116280015866852
2022-05-26,383431566.2836347,0.008859889924313727,-0.0028711344764692504
2022-05-27,386849480.4018136,0.008914013395680053,0.0
2022-05-30,390665518.68344396,0.009864400690590787,0.0
2022-05-31,393137198.98721623,0.006326845307724923,0.0
2022-06-01,395309986.4942521,0.0055267919510880595,0.0
2022-06-02,393955077.3048419,-0.0034274600584367236,-0.0034274600584367487
2022-06-03,393050193.95139843,-0.00229692014539832,-0.005716507601779219
2022-06-06,391136384.28955024,-0.00486912280237886,-0.010557796026644306
2022-06-07,392123906.4656583,0.0025247515081006115,-0.008059700329984265
2022-06-08,404051488.47523385,0.030417890398682305,0.0
2022-06-09,411453504.8233444,0.01831948788517892,0.0
2022-06-10,407394169.34929484,-0.009865842498516143,-0.009865842498516186
2022-06-13,389018551.3935197,-0.045105255151602595,-0.05452609630693761
2022-06-14,397012538.8447363,0.020549116289135777,-0.035097443111605786
2022-06-15,389934246.2813049,-0.017828889193345004,-0.05230058388074421
2022-06-16,394386174.8219295,0.011417126305476963,-0.041480579947283935
2022-06-17,385092531.21478164,-0.02356483112356581,-0.06406792820948437
2022-06-20,364755746.05836904,-0.05281012615918525,-0.11349461899716917
2022-06-21,358646620.529252,-0.016748538152266564,-0.12834228819308469
2022-06-22,383194920.5607949,0.06844704125558793,-0.06867989683228537
2022-06-23,395036379.6463385,0.030901920798464638,-0.03990031676617878
2022-06-24,399302452.24870265,0.010799189194127843,-0.029532018641714508
2022-06-27,419148681.0462689,0.049702246219127034,0.0
2022-06-28,420280952.79825544,0.0027013606464422447,0.0
2022-06-29,425967451.9178901,0.013530232768755236,0.0
2022-06-30,403291254.1115083,-0.053234578614595296,-0.05323457861459535
2022-07-01,414180721.6900266,0.027001496976444175,-0.02767049495165541
2022-07-04,414415582.37642735,0.0005670488125146037,-0.027119136660444854
2022-07-05,408780442.08405465,-0.013597800208328363,-0.04034817626664211
2022-07-06,399473031.00168127,-0.022768728941438846,-0.06219822851938439
2022-07-07,401050493.4465717,0.003948858427150744,-0.058494982091076286
2022-07-08,414418467.7267525,0.03333239703883248,-0.027112363020082908
2022-07-11,413236405.3019025,-0.002852340126959403,-0.029887369466063407
2022-07-12,426153737.17283654,0.031258939689732604,0.0
2022-07-13,425681984.66057086,-0.0011070007631409132,-0.001107000763140964
2022-07-14,426102137.2590335,0.0009870105233550379,-0.00012108286118850398
2022-07-15,425798393.1736926,-0.0007128433743486877,-0.0008338399224218085
2022-07-18,426421615.5626222,0.0014636560375073545,0.0
2022-07-19,426577810.1033687,0.00036629133009691923,0.0
2022-07-20,440094121.9967411,0.03168545473590652,0.0
2022-07-21,444375812.31104326,0.00972903317789337,0.0
2022-07-22,439057984.04229885,-0.011966961570406462,-0.011966961570406442
2022-07-25,439057984.04229885,0.0,-0.011966961570406442
2022-07-26,437390404.7100511,-0.00379808451925812,-0.015719594558181504
2022-07-27,440533400.91243213,0.007185791385763314,-0.008646760899582051
2022-07-28,442047901.67316496,0.003437879528762173,-0.005238607893106595
2022-07-29,438119970.6679095,-0.008885758738788534,-0.014077817626029887
2022-08-01,446648401.29582113,0.019465970964323127,0.0
2022-08-02,447376990.1564145,0.0016312357963883643,0.0
2022-08-03,449702239.75703394,0.005197517198652681,0.0
2022-08-04,451908243.885808,0.004905477299748187,0.0
2022-08-05,453731902.2725198,0.004035461648211607,0.0
2022-08-08,460892530.55633247,0.015781628419664958,0.0
2022-08-09,461966943.98498315,0.0023311582579864727,0.0
2022-08-10,464973180.38214505,0.006507470797000624,0.0
2022-08-11,461382153.8039726,-0.007723083243685383,-0.007723083243685425
2022-08-12,472958820.84223527,0.025091276164056493,0.0
2022-08-15,475527976.37611973,0.005432091380195355,0.0
2022-08-16,475529432.22636604,3.0615448903866945e-06,0.0
2022-08-17,472220751.7142846,-0.006957887962035576,-0.006957887962035558
2022-08-18,471683872.193012,-0.001136924879568691,-0.00808690224567099
2022-08-19,478070835.382854,0.013540770771209354,0.0
2022-08-22,476815532.035535,-0.002625768514646414,-0.002625768514646465
2022-08-23,477830107.8148037,0.0021278161282571846,-0.0005035395389837438
2022-08-24,483868309.97085863,0.012636713462173016,0.0
2022-08-25,485997968.3078558,0.004401318071698913,0.0
2022-08-26,491162583.5894072,0.01062682483948141,0.0
2022-08-29,486994104.0144008,-0.008486964834624112,-0.008486964834624078
2022-08-30,485274774.86842084,-0.003530492734526205,-0.011987494401463517
2022-08-31,487779307.47918934,0.005161060785505665,-0.006888301803229746
2022-09-05,491832505.389784,0.00830949129749127,0.0
2022-09-06,490918659.45591,-0.0018580429797939362,-0.0018580429797939724
2022-09-07,485027467.8842978,-0.01200034151918671,-0.013836087348665815
2022-09-08,480633291.70287585,-0.009059643983854037,-0.022770381307011367
2022-09-09,488582788.82372236,0.01653963064581226,-0.006607364357681389
2022-09-12,491022188.81352997,0.004992807863086078,-0.0016475457953146755
2022-09-13,493812818.29554844,0.0056833062651639905,0.0
2022-09-14,495220070.4408299,0.002849768359879207,0.0
2022-09-15,500036321.40557325,0.009725476110966374,0.0
2022-09-16,491241119.78615785,-0.017589125515307766,-0.01758912551530778
2022-09-19,483183062.25685155,-0.016403467064837824,-0.03370406993905595
2022-09-20,486274026.05147195,0.0063970863965783905,-0.02752259138979396
2022-09-21,487096940.45267296,0.001692285331139411,-0.02587688213633854
2022-09-22,491201730.05896485,0.008427048633229338,-0.017667899247348462
2022-09-23,482887440.2793411,-0.016926426091019027,-0.034295270947573675
2022-09-26,467977082.960971,-0.030877500789303503,-0.06411381948112405
2022-09-27,455856841.64178336,-0.025899219770551162,-0.08835254135060411
2022-09-28,449536988.0007545,-0.01386368057626978,-0.10099133051548748
2022-09-29,430914590.33777535,-0.04142572949513972,-0.13823342047133835
2022-09-30,444963271.0373271,0.03260200748491623,-0.11013809999529434
2022-10-03,432704470.25104004,-0.027550140841307108,-0.13465392066973703
2022-10-04,427508264.5776006,-0.012008671115472382,-0.14504557713747768
2022-10-05,439805215.8542322,0.028764242227648142,-0.12045346102466092
2022-10-06,434572909.2326844,-0.01189687259935089,-0.1309173141440506
2022-10-07,425609752.61735785,-0.020625207933813842,-0.14884232525150698
2022-10-10,434030845.5662776,0.019785949210827204,-0.13200136272852747
2022-10-11,426095228.29765165,-0.01828353295552628,-0.14787144441843236
2022-10-12,430783593.07246536,0.011003091476862592,-0.13849539597132154
2022-10-13,437285739.5081559,0.015093765269274651,-0.12549204769971334
2022-10-14,454783624.146924,0.04001476164864,-0.09049882042857704
2022-10-17,460365231.2454624,0.01227310483970985,-0.07933641709985728
2022-10-18,462055471.6821145,0.0036715206143594368,-0.07595618177634933
2022-10-19,458314777.0391097,-0.008095769603997468,-0.08343702763268612
2022-10-20,450418147.33823276,-0.017229707826337665,-0.09922913985101456
2022-10-21,421590265.79616296,-0.0640024868279165,-0.15688071496267098
2022-10-24,394686176.8877252,-0.06381572605247436,-0.21068498428617122
2022-10-25,387992549.1887367,-0.016959366937476017,-0.22407126726692173
2022-10-26,395833791.4415796,0.020209775340372778,-0.208389921898246
2022-10-27,415579867.62597626,0.049884766311849786,-0.16890063814203493
2022-10-28,421455342.05310464,0.014138015059998834,-0.15715054284773156
2022-10-31,422184744.13707083,0.0017306746674818248,-0.1556918446437373
2022-11-01,426834513.9194868,0.011013590251632456,-0.14639298057453176
2022-11-02,421960964.12084407,-0.011417890633750497,-0.1561393721665335
2022-11-03,428987261.23965657,0.016651533474078096,-0.142087798674708
2022-11-04,414987217.9807861,-0.03263510253990798,-0.17008585133519705
2022-11-07,401876219.701518,-0.031593740026650954,-0.19630594319255223
2022-11-08,399248442.29685605,-0.0065387730744896014,-0.2015611162513321
2022-11-09,400287443.43565404,0.0026023924672584258,-0.19948326491469837
2022-11-10,383730449.26642334,-0.04136276178718613,-0.23259484793468765
2022-11-11,386967826.6697328,0.008436592429655639,-0.22612056343829467
2022-11-14,381091502.495543,-0.015185562646801381,-0.23787235810327378
2022-11-15,370014407.82515633,-0.029066758502483855,-0.2600249382183535
2022-11-16,381751242.2237115,0.0317199388735727,-0.23655297449067147
2022-11-17,385420851.25899625,0.009612566062415891,-0.2292142895228081
2022-11-18,391004842.0043684,0.01448803490296852,-0.21804711924670517
2022-11-21,398397681.074823,0.01890728266319526,-0.2032625151010028
2022-11-22,396604546.1515477,-0.004500866868596514,-0.20684852444975366
2022-11-23,398825371.66680765,0.005599596718720857,-0.20240719604981383
2022-11-24,399831775.1152394,0.002523418819183134,-0.2003945353582809
2022-11-25,407434307.26925284,0.019014327092493476,-0.18519057550863804
2022-11-28,419265313.99249697,0.029037826496593016,-0.161530280812469
2022-11-29,433426716.2398823,0.033776708386706066,-0.13320953361638854
2022-11-30,452847055.7253711,0.04480651228416788,-0.09437167593657159
2022-12-01,466064782.1785311,0.02918805871882685,-0.06793814323637548
2022-12-02,487736282.83240515,0.04649890204656686,-0.02459829025738247
2022-12-05,499237330.51882035,0.02358046364651358,-0.0015978657000494945
2022-12-06,469896270.62485236,-0.058771766653499244,-0.060275722963481826
2022-12-07,457427678.6024561,-0.026534775442707704,-0.08521109563270668
2022-12-08,472759495.45109063,0.03351746640141382,-0.05454968926618975
2022-12-09,480401024.9638802,0.01616367219763247,-0.039267740364338666
2022-12-12,483548567.40544724,0.006551906174229576,-0.03297311274065029
2022-12-13,484161724.96664566,0.001268037178743808,-0.03174688669476056
2022-12-14,484444355.6648146,0.0005837526669180718,-0.031181666357616877
2022-12-15,477734020.37188476,-0.013851612088081973,-0.04460136209905319
2022-12-16,483761640.6680859,0.01261710499810962,-0.03254699716960596
2022-12-19,469953912.39454234,-0.028542420714620424,-0.060160447798013994
2022-12-20,460467740.11813307,-0.020185324616353664,-0.0791314142464995
2022-12-21,455993456.3510797,-0.009716823519288207,-0.08807933177872274
2022-12-22,460240129.4538626,0.009313013254105329,-0.07958660250888538
2022-12-23,463040880.8800685,0.006085413346135951,-0.07398550653583069
2022-12-26,457077374.34887147,-0.012879006535800043,-0.08591165324940131
2022-12-27,457755683.90562457,0.0014840147310275055,-0.08455513267736281
2022-12-28,464896326.08436894,0.015599243067436298,-0.07027488567716
2022-12-29,464011678.9687153,-0.0019028911738336455,-0.07204405139129644
2022-12-30,464562585.8640984,0.0011872694596987998,-0.07094231763356751
2023-01-03,477001247.09387916,0.02677499568038718,-0.04606680220137571
2023-01-04,480205158.30383337,0.00671677742872575,-0.039659445229889734
2023-01-05,481511234.24598074,0.002719829055482572,-0.037047483085867805
2023-01-06,475766362.44804204,-0.011930919549436573,-0.04853639209509775
2023-01-09,474031936.9013403,-0.0036455405081126224,-0.05200499121971003
2023-01-10,476532045.0590486,0.0052741344265768994,-0.04700513810767881
2023-01-11,479544195.49238235,0.006320981903662973,-0.040981274831373704
2023-01-12,472068365.1906183,-0.015589450090388647,-0.05593184938313811
2023-01-13,465931671.5649561,-0.012999586666190159,-0.06820434512587192
2023-01-16,463908644.57738805,-0.004341896271556735,-0.07225010520562258
2023-01-17,470738909.4648148,0.014723297285501062,-0.05859056769797266
2023-01-18,483176317.35148233,0.02642103220404639,-0.03371755876992777
2023-01-19,483376716.1824561,0.0004147530079127741,-0.03331679022093437
2023-01-27,478362169.8175093,-0.010373992368829748,-0.04334515446225817
2023-01-30,480694485.6390149,0.004875627649225195,-0.038680861646589126
2023-01-31,482653294.49830914,0.004074955960208859,-0.03476352849409303
2023-02-01,471886252.8865055,-0.022308024692953527,-0.05629604753498618
2023-02-02,465348901.7092645,-0.013853658879130946,-0.06936980017532401
2023-02-03,461795631.5983809,-0.0076357118236062066,-0.07647582419553034
2023-02-06,465434526.7220053,0.007879882083399818,-0.06919856258902213
2023-02-07,453118861.1019106,-0.02646057589846706,-0.09382810467003755
2023-02-08,449753895.9291459,-0.007426230646373175,-0.100557546170019
2023-02-09,446355911.3370595,-0.007555208799395687,-0.10735302171174532
2023-02-10,437675295.5313536,-0.01944774469257753,-0.12471299224609611
2023-02-13,425281625.9225491,-0.028317041732405988,-0.1494985309724961
2023-02-14,424325815.5893384,-0.0022474762015342177,-0.1514100127835053
2023-02-15,423438336.53559965,-0.002091503795276206,-0.153184841962402
2023-02-16,429664543.41369677,0.014703928154067038,-0.14073333271884225
2023-02-17,431403592.9423183,0.004047458779830324,-0.13725548630213957
2023-02-20,437901251.67181766,0.015061670407478786,-0.12426111279096186
2023-02-21,444083368.548982,0.014117604947604745,-0.11189777714408966
2023-02-22,433626784.2261203,-0.023546444346763187,-0.13280942670880302
2023-02-23,434352067.30597734,0.001672597510671396,-0.13135896591463847
2023-02-24,430010898.69434464,-0.009994584896437451,-0.14004067247433383
2023-02-27,425301028.75162,-0.010952908303081082,-0.1494597281331017
2023-02-28,425291361.1322312,-2.2731239134774645e-05,-0.14947906196741534
2023-03-01,432282304.09217334,0.01643800838401828,-0.13549819165725252
2023-03-02,434968070.9328508,0.006212992794876858,-0.13012704815086107
2023-03-03,432219242.6015022,-0.006319609449616257,-0.1356243054773325
2023-03-06,434866780.72562873,0.006125451768855031,-0.13032961385036335
2023-03-07,438480940.49237525,0.008310958497947005,-0.12310181936418008
2023-03-08,444364230.97541153,0.013417437201329357,-0.11133609309353909
2023-03-09,445795401.9288483,0.0032207159210255703,-0.10847395910012458
2023-03-10,441519590.1951661,-0.009591421793903251,-0.11702496139864393
2023-03-13,439238914.37735575,-0.005165514437994072,-0.12158598170892765
2023-03-14,436065083.2090284,-0.007225751326761209,-0.12793318296704004
2023-03-15,443156565.02474725,0.01626243900000477,-0.11375124955111315
2023-03-16,443785460.679379,0.001419127469310117,-0.11249354960470936
2023-03-17,446869849.4541542,0.00695017986856397,-0.10632522013995138
2023-03-20,436579387.0177257,-0.023027873661644785,-0.12690465006516682
2023-03-21,436490761.0740292,-0.00020300075159732756,-0.12708188907741969
2023-03-22,440318234.1876334,0.008768737977835561,-0.1194274988866324
2023-03-23,441267399.2870339,0.002155634324687202,-0.11752930657785676
2023-03-24,444321967.2672189,0.006922260708858868,-0.11142061437006123
2023-03-27,448046776.99577755,0.008383132059546649,-0.10397153603493459
2023-03-28,445481959.2049223,-0.005724442005927877,-0.10910079901256331
2023-03-29,448915544.9767379,0.007707575359378681,-0.10223412628334239
2023-03-30,447446469.95319295,-0.0032724975554613337,-0.10517206291045667
2023-03-31,450799356.91491395,0.007493381190540505,-0.09846677607789978
2023-04-03,457125266.82619804,0.014032650699805839,-0.08581587525233114
2023-04-04,464028522.5359567,0.015101452951152013,-0.07201036670376404
2023-04-05,467407677.38609976,0.007282213670133242,-0.06525254791043233
2023-04-06,465719603.8548776,-0.0036115656907101676,-0.06862844973787774
2023-04-07,471422591.5125558,0.012245539183820334,-0.05722330292444744
2023-04-10,469281822.33022785,-0.004541083140413964,-0.06150453028871239
2023-04-11,476499215.66985875,0.015379656735461853,-0.04707079211676679
2023-04-12,474260699.41608,-0.004697838275834028,-0.05154749942372083
2023-04-13,470750268.19724804,-0.007401901998529659,-0.05856785188324676
2023-04-14,470268645.82144225,-0.0010230952765044239,-0.0595310266671345
2023-04-17,469967625.9391463,-0.0006401019608061672,-0.06013302270104215
2023-04-18,474949401.4158698,0.010600252446683544,-0.050170195475371826
2023-04-19,483993936.87782985,0.019043155828805024,-0.032082438496965904
2023-04-20,479533918.64504075,-0.009215029141811132,-0.04100182703308719
2023-04-21,477346403.9885841,-0.0045617516747045485,-0.04537653855465762
2023-04-24,470698894.62703085,-0.013925965097900327,-0.058670591560382235
2023-04-25,460591451.68176013,-0.021473266796769478,-0.07888400909145132
2023-04-26,466381480.6857695,0.012570856412701975,-0.06730479223029628
2023-04-27,466251653.9274487,-0.0002783703120670884,-0.06756442688634656
2023-04-28,471302843.4620154,0.010833612046237787,-0.057462781629121884
2023-05-04,468362060.19279,-0.0062396892147382746,-0.06334392094508001
2023-05-05,473834384.6687419,0.01168396191975789,-0.0524000669854926
2023-05-08,474028409.62596536,0.0004094784243214389,-0.05201204525803471
2023-05-09,471187616.69085854,-0.005992874851843493,-0.057693218431858484
2023-05-10,470601266.33884823,-0.001244409511710509,-0.05886583395379119
2023-05-11,476831164.31304973,0.013238166617502833,-0.04640694305424686
2023-05-12,483481565.75256366,0.013947077995824519,-0.033107106312747714
2023-05-15,478041915.7627243,-0.01125099771151002,-0.043985616046898324
2023-05-16,481484949.0194866,0.007202366870421615,-0.037100049720267925
2023-05-17,476524649.07820463,-0.010302087222836993,-0.04701992899491514
2023-05-18,479880287.4423226,0.007041898820153731,-0.04030913975727446
2023-05-19,472658152.00473803,-0.015049868949769302,-0.054752361436218755
2023-05-22,476721907.5193448,0.008597663020029829,-0.046625440769368476
2023-05-23,478772257.4628987,0.004300935013083418,-0.04252503874699043
2023-05-24,482340710.9853238,0.007453342307958694,-0.03538865010947234
2023-05-25,485799855.3588312,0.007171578709251212,-0.02847086388989528
2023-05-26,481760526.7110936,-0.008314800021408018,-0.0365489343716221
2023-05-29,488849870.93566555,0.014715494175020577,-0.022371275827450354
2023-05-30,500235291.30370176,0.023290218623243892,0.0
2023-05-31,496041603.2000437,-0.00838343111044522,-0.00838343111044526
2023-06-01,501181889.0812608,0.010362610410208169,0.0
2023-06-02,500591590.47244686,-0.0011778131286747902,-0.0011778131286748206
2023-06-05,495211713.3490784,-0.010747038555503973,-0.011912193681073768
2023-06-06,504189201.6391473,0.01812858631585026,0.0
2023-06-07,504073037.8565055,-0.00023039720458929605,-0.00023039720458928326
2023-06-08,499221359.0471566,-0.009624952030721525,-0.009853131673268622
2023-06-09,507704609.70998025,0.016992964161259668,0.0
2023-06-12,510865849.50453377,0.006226533567145148,0.0
2023-06-13,507941162.0054177,-0.0057249618504595454,-0.0057249618504595645
2023-06-14,500042940.38236487,-0.015549481345181065,-0.021185423008144966
2023-06-15,501162250.96925175,0.002238428935784967,-0.018994416136238312
2023-06-16,501488805.4242872,0.0006515942779087795,-0.018355198511196158
2023-06-19,496201456.82458776,-0.010543303344979054,-0.028704977430314305
2023-06-20,502361741.66457176,0.012414886645852236,-0.016646459825431226
2023-06-21,517759543.39453375,0.03065082479995689,0.0
2023-06-22,521260530.5324899,0.0067618012697612095,0.0
2023-06-23,528808023.4876408,0.0144793102739638,0.0
2023-06-26,519339993.99524957,-0.017904473971379734,-0.01790447397137973
2023-06-27,512594715.67393094,-0.012988174219796995,-0.030660101763922643
2023-06-28,511576322.61279196,-0.0019867412402019423,-0.0325859293155214
2023-06-29,498617703.1628109,-0.025330764691760977,-0.05709126749952853
2023-06-30,506253800.32651347,0.015314532787876516,-0.042651060799674956
2023-07-03,507042629.0779052,0.0015581685527752006,-0.04115934978858038
2023-07-04,516424540.75600654,0.01850320099350042,-0.023417728516979763
2023-07-05,509998444.9069196,-0.012443436246619151,-0.03556976775175724
2023-07-06,507929105.5995408,-0.004057540425944723,-0.03948298240710779
2023-07-07,508022535.5984071,0.0001839429909337027,-0.03930630203404906
2023-07-10,517463984.2529047,0.01858470440366667,-0.021452093634886427
2023-07-11,522242601.3976914,0.009234685485765556,-0.012415511486850273
2023-07-12,519618145.1143192,-0.005025358475827753,-0.01737847756679578
2023-07-13,526824892.465014,0.013869314261743586,-0.0037501908718167165
2023-07-14,535855072.65847504,0.017140762182304717,0.0
2023-07-17,534451854.8432819,-0.0026186517340061675,-0.0026186517340062165
2023-07-18,532858052.60754436,-0.0029821249964693546,-0.00559296758368244
2023-07-19,536287009.1985127,0.0064350281921961945,0.0
2023-07-20,538166320.8630095,0.0035043020477140275,0.0
2023-07-21,547712050.5484078,0.017737508490108973,0.0
2023-07-24,550716852.0759711,0.005486097164659268,0.0
2023-07-25,547409557.7114489,-0.006005435192431662,-0.006005435192431685
2023-07-26,554621467.6886611,0.013174614647509936,0.0
2023-07-27,551644854.7946318,-0.00536692693565225,-0.0053669269356522165
2023-07-28,557964576.5489373,0.011456141935119124,0.0
2023-07-31,561392770.0479593,0.006144105993655909,0.0
2023-08-01,556608635.9331539,-0.008521901901937133,-0.008521901901937134
2023-08-02,560587604.9851633,0.007148593814644513,-0.0014342277025177763
2023-08-03,561649233.1316786,0.0018937774169005173,0.0
2023-08-04,576359064.4717591,0.026190423617353683,0.0
2023-08-07,585651069.9894458,0.016121904018639794,0.0
2023-08-08,584424819.4508307,-0.0020938244655426073,-0.0020938244655426264
2023-08-09,589699040.804785,0.009024636152363222,0.0
2023-08-10,578061732.0491798,-0.019734318610597257,-0.019734318610597268
2023-08-11,586689555.3066409,0.014925435778071953,-0.005103426137571754
2023-08-14,597291139.0662186,0.018070176405367736,0.0
2023-08-15,592838006.4851596,-0.0074555477049614875,-0.007455547704961485
2023-08-16,593230810.0619301,0.0006625816369285997,-0.0067979059770354455
2023-08-17,591295130.8301933,-0.0032629445384583194,-0.010038669325313054
2023-08-18,569166487.9525179,-0.03742402351023294,-0.04708700543870403
2023-08-21,576165787.5045867,0.012297455490128468,-0.03536860030212141
2023-08-22,586649676.6274613,0.018195959132320326,-0.017816206775465915
2023-08-23,586069817.3887044,-0.0009884250547795353,-0.018787021845087404
2023-08-24,596675020.2258904,0.018095459828384567,-0.0010315218157955774
2023-08-25,597858363.2049074,0.0019832286234624454,0.0
2023-08-28,601633838.626898,0.006314999763073721,0.0
2023-08-29,601161483.1097023,-0.0007851212595916366,-0.0007851212595916257
2023-08-30,609004782.3946246,0.013046909200420223,0.0
2023-08-31,608344047.548039,-0.001084941967101806,-0.001084941967101849
2023-09-05,608549322.881518,0.00033743296134221957,-0.0007478751009404316
2023-09-06,618973185.4514849,0.017129034867065976,0.0
2023-09-07,625443513.2895066,0.01045332494218165,0.0
2023-09-08,632655539.5261425,0.011531059293755287,0.0
2023-09-11,631405901.5040216,-0.001975226555444072,-0.0019752265554440207
2023-09-12,651322854.790934,0.031543818705954026,0.0
2023-09-13,650230074.8673931,-0.0016777853187596166,-0.001677785318759617
2023-09-14,637950677.4965693,-0.018884696118259527,-0.0205307969711227
2023-09-15,635152417.8463731,-0.004386326010620536,-0.024827068212969983
2023-09-18,633529432.6228927,-0.0025552689053494272,-0.02731889728290382
2023-09-19,634712574.2688904,0.0018675401411096025,-0.02550237627908092
2023-09-20,637896157.9834293,0.0050157880016888316,-0.020614502790347267
2023-09-21,632003705.5147834,-0.00923732239942257,-0.02966140238139159
2023-09-22,616538567.5228628,-0.024470011579004643,-0.053405599100674106
2023-09-25,594885445.6429756,-0.03512046613220879,-0.08665043569839737
2023-09-26,588801259.2350445,-0.010227492456728474,-0.09599171147764818
2023-09-27,598052293.735289,0.015711641840343897,-0.08178825702768278
2023-09-28,600757133.498872,0.004522747913379437,-0.07763541678311414
2023-09-29,599889866.1119001,-0.0014436239515307875,-0.07896696438748985
2023-10-02,601733806.1987685,0.00307379769359939,-0.07613589516689523
2023-10-03,586059024.0463829,-0.026049362676505164,-0.10020196629749756
2023-10-04,596797014.2032226,0.018322369789138992,-0.08371553398846021
2023-10-05,590864081.1704546,-0.009941291413277271,-0.09282458488254008
2023-10-06,598566341.5439512,0.013035587403179033,-0.08099902046876117
2023-10-09,605340525.753218,0.011317349037357274,-0.07059836561773292
2023-10-10,604018199.3624845,-0.002184433941686367,-0.07262858209333634
2023-10-11,615887826.7983245,0.01965110893739278,-0.054404705334628045
2023-10-12,616283950.822252,0.0006431756022631734,-0.053796521511484396
2023-10-13,626065038.8485665,0.01587107373681316,-0.038779256334364076
2023-10-16,618429570.8121468,-0.012195966173838094,-0.0505022720097017
2023-10-17,595841452.6759502,-0.036524964526733386,-0.08518264284276134
2023-10-18,593613307.364927,-0.0037394936203522223,-0.08860359651363825
2023-10-19,579947261.2387516,-0.023021798798344872,-0.10958558114023642
2023-10-20,587780647.2713878,0.013507066169955291,-0.0975586946660153
2023-10-23,584134290.8661954,-0.006203600649527329,-0.10315708013394553
2023-10-24,589721005.7321715,0.009564093314384474,-0.09457959076000155
2023-10-25,588856412.3817136,-0.001466105738228649,-0.09590703281749757
2023-10-26,573915936.6683714,-0.025372018371869823,-0.11884569619073038
2023-10-27,580930295.463362,0.012221927196706648,-0.10807629244050876
2023-10-30,568644547.3868133,-0.02114840312597113,-0.12693905456558763
2023-10-31,563429629.1794221,-0.009170787324623304,-0.1349457108176012
2023-11-01,566385809.565151,0.005246760611496793,-0.13040697804631263
2023-11-02,582535918.4647167,0.028514324735581076,-0.10561112023052988
2023-11-03,586114097.6530867,0.006142418132430943,-0.10011740975798933
2023-11-06,590004088.3460727,0.006636917126822714,-0.09414496358268254
2023-11-07,586797865.7164869,-0.005434237987356287,-0.09906759543261956
2023-11-08,604202402.7152411,0.02966019138038787,-0.07234576789235803
2023-11-09,603996592.7205477,-0.0003406308776140305,-0.07266175556756316
2023-11-10,600194531.9421338,-0.006294838123653123,-0.07849919970213803
2023-11-13,598755844.7914461,-0.0023970347514368925,-0.08070806914392892
2023-11-14,602338208.5638722,0.005983012614555619,-0.0752079339251579
2023-11-15,605023413.0857215,0.004457968104416764,-0.07108524039137853
2023-11-16,603349896.0191383,-0.0027660368679749718,-0.07365465286366213
2023-11-17,587278970.9274564,-0.0266361612021761,-0.09832893685887134
2023-11-20,587920246.8192486,0.0010919442437713161,-0.0973443623316993
2023-11-21,588785103.9113498,0.0014710449194091284,-0.09601651534193123
2023-11-22,587588231.67585,-0.002032782805727956,-0.0978541174262062
2023-11-23,583554908.1985135,-0.006864200574325927,-0.10404662771149509
2023-11-24,592976533.2965765,0.0161452246664301,-0.08958125922525151
2023-11-27,586869517.364381,-0.010298916718077152,-0.09895758601506721
2023-11-28,590620899.5580045,0.006392191249719228,-0.09319795058076685
2023-11-29,591876618.2548116,0.0021260993265678077,-0.09126999935416635
2023-11-30,590034058.3639805,-0.003113081061157688,-0.09409894950888276
2023-12-01,593360254.1525147,0.005637294561871374,-0.08899211844335553
2023-12-04,606470809.2822872,0.02209543871201502,-0.0688629996302581
2023-12-05,602374475.7490158,-0.0067543787278387495,-0.075152251578259
2023-12-06,610765805.6550208,0.013930420766203482,-0.06226873329806826
2023-12-07,604107392.1702223,-0.010901745682467734,-0.07249164108615114
2023-12-08,598731811.6282729,-0.00889838563742436,-0.08074496814570109
2023-12-11,608042119.1449265,0.015550046508024917,-0.06645050964763088
2023-12-12,610008879.545227,0.0032345792147858202,-0.06343086987016322
2023-12-13,610284977.7306261,0.00045261338753772206,-0.06300696614351187
2023-12-14,609835084.9851707,-0.0007371846954652759,-0.0636977030678284
2023-12-15,606404400.7155704,-0.005625593466278995,-0.06896495915191203
2023-12-18,605985939.6753057,-0.0006900692669296802,-0.06960743782003598
2023-12-19,598366186.2406828,-0.012574142295620977,-0.0813063262876742
2023-12-20,600484044.7430856,0.003539402043602292,-0.07805470002149228
2023-12-21,609473061.5869832,0.014969618131558336,-0.06425353094262909
2023-12-22,609873064.4921999,0.0006563094095990755,-0.06363939172998756
2023-12-25,614237196.3005915,0.007155803498266133,-0.0569389792136904
2023-12-26,614314200.3868723,0.0001253653909997645,-0.056820752000082964
2023-12-27,614828519.3129349,0.0008372245436271618,-0.05603109918461757
2023-12-28,611352628.4047194,-0.005653431483789656,-0.06136776268820554
2023-12-29,606668825.9222935,-0.007661376208764906,-0.06855897737992589
2024-01-02,608808974.2820287,0.003527704520636201,-0.06527312867372304
2024-01-03,615811046.6467837,0.011501263385633584,-0.054522588732970334
2024-01-04,610126080.9474877,-0.009231672166733271,-0.06325092623483919
2024-01-05,608099985.0258248,-0.003320782351274881,-0.06636166602657168
2024-01-08,605657057.8576043,-0.004017311673041356,-0.07011238220404203
2024-01-09,610544337.9480096,0.008069385185889125,-0.0626087608364575
2024-01-10,605602751.7916791,-0.008093738405532905,-0.07019576030988561
2024-01-11,616464864.328037,0.017936035634287095,-0.053518758333892524
2024-01-12,610895245.9486315,-0.009034770189987275,-0.06206999884147957
2024-01-15,602945611.7674043,-0.013013088960747404,-0.07427536538550927
2024-01-16,608635734.7514048,0.009437207723132909,-0.06553910971423105
2024-01-17,608591459.2680273,-7.27454548746482e-05,-0.06560708749675748
2024-01-18,608652929.8947856,0.00010100474763853856,-0.06551270937643483
2024-01-19,611992299.4057221,0.005486492131917867,-0.060385652209051344
2024-01-22,617603743.181651,0.009169141149942365,-0.05177019562764518
2024-01-23,624173796.4325966,0.010637975115078227,-0.041682950565356536
2024-01-24,619689114.6424522,-0.007184988885749575,-0.048568447914568824
2024-01-25,623320498.7746501,0.0058600095538116565,-0.04299304992955033
2024-01-26,623410467.0901387,0.0001443371679022917,-0.04285491825671428
2024-01-29,624621286.4351757,0.0019422505860202562,-0.040995902660792005
2024-01-30,627782991.880846,0.005061795866283679,-0.0361416196851313
2024-01-31,619934808.0407459,-0.012501427948194182,-0.04819122577890078
2024-02-01,622865830.7732772,0.004727953156549752,-0.04369111848039042
2024-02-02,619789893.4684832,-0.004938362569953838,-0.04841371846620124
2024-02-05,614384884.5678943,-0.008720711579114703,-0.05671222797009978
2024-02-06,615279988.0381804,0.001456909980647637,-0.055337942600406476
2024-02-07,612564355.2463554,-0.004413653693635851,-0.05950735377928584
2024-02-15,613955095.2843853,0.0022703574344782014,-0.057372099307866575
2024-02-16,607588960.2925588,-0.010369056370283444,-0.06714626114634525
2024-02-19,611720547.4363852,0.006799970726652068,-0.06080288302989245
2024-02-20,617093117.8416705,0.00878272019437776,-0.052554177544177794
2024-02-21,618856774.9871597,0.002858008126322554,-0.049846369684348635
2024-02-22,617860218.022898,-0.0016103192281969397,-0.05137642034498713
2024-02-23,611894195.7520177,-0.009655941743540317,-0.06053627436668452
2024-02-26,628176432.8805984,0.026609562963037795,-0.03553755520795476
2024-02-27,634648809.0678504,0.010303436818811972,-0.025600277343923006
2024-02-28,633381129.076143,-0.0019974511471458497,-0.027546593187721014
2024-02-29,629025211.2829224,-0.00687724593180449,-0.03423439442359022
2024-03-01,634922335.9565717,0.009375021172238688,-0.025180321423891372
2024-03-04,638333704.6625566,0.005372891317243383,-0.01994272123699181
2024-03-05,646487793.6886294,0.012774022374994674,-0.007423447629296809
2024-03-06,639602875.7513198,-0.010649726111651282,-0.01799411605689183
2024-03-07,639414558.2114819,-0.0002944288510532837,-0.018283246921028784
2024-03-08,635787943.3611739,-0.005671773974699811,-0.023851322451668877
2024-03-11,642125689.1307759,0.009968332737007816,-0.014120747633077024
2024-03-12,657392149.2076781,0.023774878244737174,0.0
2024-03-13,670778690.8385017,0.020363099326570513,0.0
2024-03-14,668411336.6052251,-0.003529262729436609,-0.003529262729436655
2024-03-15,680732561.5196474,0.01843359655896949,0.0
2024-03-18,656490724.38787,-0.03561139646039649,-0.03561139646039646
2024-03-19,656812215.5167437,0.0004897116089088282,-0.03513912416574372
2024-03-20,662671506.565395,0.008920800969028218,-0.026531792329624104
2024-03-21,664950609.0097616,0.003439264283715907,-0.023183777891650492
2024-03-22,669005072.5089946,0.006097390459226555,-0.017227747978549313
2024-03-25,657585757.0936207,-0.017069101393428363,-0.03400278719495131
2024-03-26,669477111.8864841,0.018083352117327738,-0.01653431945144046
2024-03-27,667048749.9392787,-0.0036272516327894642,-0.020101596947002642
2024-03-28,674695857.2479056,0.011464090607055338,-0.00886795286869424
2024-03-29,671654099.408066,-0.004508339286752038,-0.013336312415135332
2024-04-01,671168315.2447858,-0.0007232653886998889,-0.014049932110652419
2024-04-02,685466331.2528096,0.021303174901528454,0.0
2024-04-03,680194297.46756,-0.007691163730265244,-0.007691163730265238
2024-04-04,682500512.9010726,0.0033905245046876578,-0.004326716304674627
2024-04-05,674353413.3108875,-0.011937133285885273,-0.016212201001340798
2024-04-08,671186507.8670478,-0.004696210297640588,-0.02083227539369148
2024-04-09,674973674.0141824,0.0056424944523539855,-0.015307326939676291
2024-04-10,668600608.7885282,-0.009441946361778156,-0.02460474234154786
2024-04-11,677985682.4236479,0.01403689065154304,-0.010913225767762436
2024-04-12,680354898.8988252,0.003494493374414437,-0.007456868588486931
2024-04-15,650208470.1827439,-0.044309857641760445,-0.05143631344463828
2024-04-16,652559909.3448646,0.003616438834547661,-0.04800589089153773
2024-04-17,635677229.4954748,-0.02587146345894755,-0.07263537169847067
2024-04-19,612617890.1666212,-0.036275232553406665,-0.10627573925191214
2024-04-22,626427626.5371015,0.02254216958424818,-0.08612925540457195
2024-04-23,609938968.4977286,-0.02632172870555278,-0.11018391321575427
2024-04-24,628824489.6009145,0.03096296855683885,-0.08263256569928434
2024-04-25,627390920.1135035,-0.002279760904860499,-0.08472394411139528
2024-04-26,627024882.5529263,-0.0005834282085417065,-0.08525794198100345
2024-05-02,629565919.672586,0.004052529955930699,-0.0815509223889318
2024-05-03,627329081.3439118,-0.003552985094614865,-0.08481415827184668
2024-05-06,636067386.2171025,0.013929379544259136,-0.07206618732888292
2024-05-07,644142762.7589476,0.012695787768450048,-0.06028533658004176
2024-05-08,644977444.2819362,0.001295802066320683,-0.05906765237743039
2024-05-09,645304398.6368386,0.0005069237037682616,-0.0585906714667781
2024-05-10,647501515.8192457,0.003404776392425653,-0.05538538320937891
2024-05-13,639552810.3730819,-0.012275964228603763,-0.06698143845491689
2024-05-14,643798159.379746,0.006637996015039824,-0.06078806496142242
2024-05-15,649961931.5767685,0.009574075519198309,-0.051795978966830636
2024-05-16,650749798.1303155,0.001212173383194471,-0.05064659129069626
2024-05-17,654072614.4894199,0.005106135059359613,-0.04579906456676319
2024-05-20,651544723.6689708,-0.0038648473647263583,-0.0494869055374918
2024-05-21,659913333.9389244,0.012844260671513678,-0.03727826758052821
2024-05-22,653476534.1528138,-0.009754007769005575,-0.046668662837938246
2024-05-23,657251753.6783186,0.005777130972880508,-0.04116114284260164
2024-05-24,636951480.5305556,-0.030886601723239614,-0.07077641674038848
2024-05-27,644220045.6059192,0.011411489410950432,-0.06017259165961597
2024-05-28,653846779.4652749,0.014943238610809281,-0.04612852644380716
2024-05-29,652772245.7709742,-0.0016434029011805173,-0.04769612159080272
2024-05-30,654613084.9881614,0.0028200329121118085,-0.04501059331135704
2024-05-31,650012894.7720854,-0.007027342290536722,-0.051721630755994785
2024-06-03,654800850.7073361,0.007365939927898577,-0.04473666925321784
2024-06-04,657384245.6722559,0.0039453140021567515,-0.04096785545867565
2024-06-05,651968253.7980548,-0.008238700440200761,-0.04886903401007492
2024-06-06,647203091.7209537,-0.00730888666640064,-0.055820742445399474
2024-06-07,654992351.6982661,0.012035263856049132,-0.04445729595332126
2024-06-10,660141336.0623102,0.007861136623494561,-0.0369456442072269
2024-06-11,653137120.0119613,-0.010610176439076609,-0.047163820842609505
2024-06-12,656235426.0787978,0.004743729872189372,-0.042643823396237734
2024-06-13,656752041.7460344,0.0007872413568458184,-0.04189015302078347
2024-06-14,637452049.5677366,-0.029387030342512513,-0.07004615616542176
2024-06-17,635969135.1166837,-0.0023263152923556915,-0.07220952201351905
2024-06-18,641201948.6651227,0.008228093565388108,-0.0645755751515702
2024-06-19,647139667.6008539,0.009260294589079976,-0.05591326941165298
2024-06-20,656092084.8514125,0.013833825522932296,-0.04285293830217818
2024-06-21,652804188.5637543,-0.005011333566694126,-0.04764952150072721
2024-06-24,623917384.6465342,-0.044250334822107176,-0.089791349042314
2024-06-25,627951961.3257326,0.006466523899609047,-0.0839054630472652
2024-06-26,622688750.1465496,-0.00838155066523132,-0.09158375582287615
2024-06-27,620733757.6238192,-0.003139598270034979,-0.0944358178915663
2024-06-28,602151988.1374727,-0.02993516827162398,-0.12154403406373782
2024-07-01,607138387.085811,0.00828096402000065,-0.11426957181666475
2024-07-02,613734135.4410882,0.010863665509499333,-0.10464729271329531
2024-07-03,622031096.641418,0.013518819829642991,-0.0925431807795033
2024-07-04,628167336.4558877,0.009864844133358579,-0.08359126070013978
2024-07-05,632977566.3258226,0.0076575612751120965,-0.0765738046259028
2024-07-08,619431911.0807476,-0.021399897825292623,-0.09633503085610728
2024-07-09,623665372.8145324,0.006834426283267365,-0.09015899923972226
2024-07-10,611424005.3092023,-0.01962810192601548,-0.10801745113911287
2024-07-11,611513086.3874347,0.00014569444028838632,-0.1078874942409096
2024-07-12,611837068.2883302,0.0005298037083873819,-0.10741484972705961
2024-07-15,610524022.0907879,-0.0021460716677655306,-0.10933040142912864
2024-07-16,613804046.9808317,0.005372474745237951,-0.1045453015044554
2024-07-17,619031518.5793903,0.00851651536719469,-0.09691914780409139
2024-07-18,625761050.166738,0.01087106453447037,-0.08710169758002517
2024-07-19,621810889.7018476,-0.006312570051839971,-0.0928644320642571
2024-07-22,624852279.8052765,0.004891181794656697,-0.08842746708908422
2024-07-23,620497877.188165,-0.0069686912536648365,-0.09477993462626166
2024-07-24,627538476.4668533,0.011346693578700611,-0.08450867992317446
2024-07-25,626156358.0313979,-0.002202444132568381,-0.08652499840949501
2024-07-26,622374859.9998723,-0.006039223243559227,-0.09204167787151063
2024-07-29,621594637.648968,-0.001253621251514731,-0.09317991371962053
2024-07-30,617982019.3093232,-0.005811855702791531,-0.09845022120947511
2024-07-31,623053118.0669382,0.008205900170497833,-0.09105219372598561
2024-08-01,609060240.6989262,-0.022458562460012627,-0.11146585480608207
2024-08-02,615091912.0503746,0.009903242648915615,-0.10266648556437985
2024-08-05,601172024.7810898,-0.02263058088812073,-0.12297366424643685
2024-08-06,617228167.2523134,0.026708066592204222,-0.09954998646801383
2024-08-07,625358426.1450758,0.013172209766374609,-0.08768907000563564
2024-08-08,620088384.671914,-0.00842723349175634,-0.09537732722977954
2024-08-09,629218848.0981504,0.014724454855040188,-0.08205725152372856
2024-08-12,632025487.9609367,0.004460514606753312,-0.07796275448598688
2024-08-13,635948387.1921837,0.006206868719651269,-0.07223979034845263
2024-08-14,616635222.5044128,-0.030369075662007333,-0.1004150103515602
2024-08-15,611658695.2833606,-0.008070455659085476,-0.10767507112209684
2024-08-16,636032791.8494346,0.03984917855991948,-0.07211665569777381
2024-08-19,640929544.9998951,0.007698900454836406,-0.06497297419629022
2024-08-20,647910427.866038,0.010891810060252428,-0.05478883743003349
2024-08-21,657379948.8508105,0.014615478587003823,-0.040974123923295136
2024-08-22,655923763.8782358,-0.0022151344517281368,-0.04309849518149145
2024-08-23,652204105.5053337,-0.005670869966517425,-0.04852495918608202
2024-08-26,647803264.1981145,-0.006747644288147092,-0.054945174310544576
2024-08-27,644004139.4289732,-0.005864627394003758,-0.0604875687301184
2024-08-28,648605985.5549991,0.007145677868012291,-0.05377411554327083
2024-08-29,649103403.3912601,0.0007669029385157517,-0.05304845213198128
2024-08-30,646108007.9384868,-0.004614666071882846,-0.05741831731164482
2024-09-04,638754293.4474292,-0.011381556025780988,-0.06814636354203718
2024-09-05,638542531.3844848,-0.0003315235061693416,-0.06845529492683244
2024-09-06,640081741.8646832,0.002410505807437877,-0.06620980100536555
2024-09-09,637737305.9607023,-0.003662713292135238,-0.06963000677928877
2024-09-10,635298650.0620745,-0.003823919152658178,-0.07318766641542396
2024-09-11,634668936.5591081,-0.0009912086274776047,-0.07410633079652562
2024-09-12,632265977.5051169,-0.003786161438779359,-0.0776119137032737
2024-09-13,631881272.0462961,-0.0006084551003975323,-0.07817314543892684
2024-09-16,630346062.9738585,-0.0024295847026230013,-0.08041280186323552
2024-09-17,635944749.8952417,0.008881925739283071,-0.07224509665858947
2024-09-18,638309647.6270713,0.003718715709531512,-0.06879503992493885
2024-09-19,642806614.9228089,0.007045118795329491,-0.06223459035840995
2024-09-20,643262358.3782798,0.0007089899899764524,-0.06156972407002792
2024-09-23,640835943.3875735,-0.00377204566550968,-0.06510952592473263
2024-09-24,643960290.9043872,0.004875424902507645,-0.06055153762630883
2024-09-25,645879860.210666,0.002980881481966589,-0.05775115310155721
2024-09-26,646690332.4899925,0.0012548344193023873,-0.05656878681692101
2024-09-27,642318827.2362369,-0.006759812284379894,-0.06294620472126344
2024-09-30,636631955.9018055,-0.008853658172999261,-0.07124255871437302
2024-10-01,633848500.3164073,-0.004372158135630124,-0.0753032331173169
2024-10-02,628850386.5937221,-0.00788534440042098,-0.08259478559014266
2024-10-03,627894022.8219345,-0.0015208128867789281,-0.08398998726261542
2024-10-04,629173801.4054878,0.0020382079412089717,-0.0821229683804271
2024-10-07,629838225.4723909,0.0010560262767122252,-0.08115366611624619
2024-10-08,641890197.00274,0.019135027127497577,-0.06357151659137894
2024-10-09,641926085.542084,5.5910714186837685e-05,-0.06351916020608661
2024-10-10,642045391.4765722,0.00018585618683407708,-0.06334510944815941
2024-10-11,644773384.1514709,0.004248909362350413,-0.05936534771440238
2024-10-14,639524192.3222005,-0.008141142234303544,-0.06702318820917408
2024-10-15,638154651.6968352,-0.002141499323727513,-0.0690211574206776
2024-10-16,636650020.8591487,-0.0023577840162813963,-0.07121620445520727
2024-10-17,639635635.2757139,0.004689569337539866,-0.0668606084464165
2024-10-18,639485796.4670181,-0.00023425650547315952,-0.06707920241940113
2024-10-21,642374807.4117781,0.004517709323210852,-0.06286453743435405
2024-10-22,634171856.2577543,-0.0127697273606894,-0.0748315017913509
2024-10-23,641648768.5763147,0.011790041208516556,-0.06392372707264948
2024-10-24,639811618.8421633,-0.002863170357558103,-0.0666038729097086
2024-10-25,646342752.6211953,0.010207901180117789,-0.05707585748246624
2024-10-28,644295344.4809191,-0.0031676817477616654,-0.06006274107824283
2024-10-29,650374248.5427394,0.00943496505739581,-0.05119446588417165
2024-10-30,653684607.5983744,0.00508992947222669,-0.04636511263266374
2024-10-31,651703329.769357,-0.003030938477038002,-0.04925552130583111
2024-11-01,648649153.9179919,-0.004686451199268825,-0.05371113890820567
2024-11-04,647806686.9101344,-0.0012988022920692103,-0.05494018104995124
2024-11-05,653633991.4727778,0.008995437497624641,-0.046438954517069586
2024-11-06,655467521.6983368,0.0028051329176251353,-0.04376408903942042
2024-11-07,664044947.6408217,0.013085966365290651,-0.03125081807130725
2024-11-08,672882523.5737894,0.01330870141300715,-0.018358024464923295
2024-11-11,665973472.8671083,-0.010267840915210448,-0.02843736810541031
2024-11-12,677165130.8370258,0.01680496059660721,-0.012110296359285733
2024-11-13,670584975.4998102,-0.009717209344612869,-0.021709827418950223
2024-11-14,665798086.7922676,-0.007138377509837324,-0.028693231984997625
2024-11-15,674009927.0133607,0.012333829706025146,-0.016713299715990892
2024-11-18,674435335.9913181,0.0006311612943779908,-0.01609268720949497
2024-11-19,660510815.5518825,-0.020646190518722834,-0.03640662504213232
2024-11-20,652194377.1342016,-0.012590919364026086,-0.048539151525936575
2024-11-21,668172686.472098,0.024499305572222834,-0.02522902145916417
2024-11-22,670670365.9986005,0.003738074867576602,-0.0215852545626376
2024-11-25,675347639.1101241,0.006974026807579849,-0.014761763899026059
2024-11-26,669305806.061811,-0.008946256266290052,-0.023575957642532952
2024-11-27,673884206.601825,0.006840521176640158,-0.01689670830340606
2024-11-28,680494450.0540543,0.009809168084770128,-0.00725328287046334
2024-11-29,691081421.7558928,0.015557763477714667,0.0
2024-12-02,689637134.9652597,-0.002089893817378932,-0.002089893817378896
2024-12-03,705168635.2912695,0.022521264500630852,0.0
2024-12-04,716648801.7727697,0.01628002992044346,0.0
2024-12-05,705222927.3618338,-0.01594347800857514,-0.015943478008575096
2024-12-06,703713572.9876177,-0.0021402514235639197,-0.018049606380634686
2024-12-09,715610245.5840005,0.0169055608034891,-0.001449184295292394
2024-12-10,710929066.109626,-0.006541521035035157,-0.007981225460776287
2024-12-11,706628603.7178582,-0.006049073806056375,-0.01398202024495765
2024-12-12,685919780.356619,-0.029306517245808787,-0.042878773173326334
2024-12-13,692376642.7540824,0.00941343664722197,-0.03386897314088211
2024-12-16,689616309.8858073,-0.003986750415634077,-0.03772069641376963
2024-12-17,692364647.1337398,0.003985313584575236,-0.03388571163303178
2024-12-18,692719583.3641121,0.0005126434918964729,-0.033390439430672325
2024-12-19,690006575.5632772,-0.003916458933728259,-0.0371761260795912
2024-12-20,693283002.3158036,0.004748399317574238,-0.03260425385372334
2024-12-23,689922402.3656238,-0.004847371043216487,-0.03729357998092364
2024-12-24,693009008.788068,0.004473845771438626,-0.032986579934584426
2024-12-25,688621671.5912822,-0.006330851606761027,-0.039108598398765015
2024-12-26,680067566.2414608,-0.01242206817286832,-0.05104485689617855
2024-12-27,670101791.7809885,-0.01465409461526056,-0.0649509353488601
2024-12-30,671823863.1794143,0.0025698653839574385,-0.06254798512531135
2024-12-31,672899339.5149825,0.0016008308047863696,-0.06104728306189089
2025-01-02,684729473.5816523,0.01758083768546546,-0.044539707751075186
2025-01-03,683539781.1912637,-0.0017374633870594445,-0.0461997850266469
2025-01-06,690622704.0756576,0.010362122409393512,-0.036316390444987134
2025-01-07,698481813.3676114,0.011379743593099189,-0.025349918063378718
2025-01-08,688177906.5951829,-0.014751861215612725,-0.03972782080589332
2025-01-09,686580578.614541,-0.0023210974449103636,-0.04195670610743929
2025-01-10,684645848.6844282,-0.00281792114483773,-0.04465639656296916
2025-01-13,690392733.9681001,0.008393953304054503,-0.03663728696639157
2025-01-14,691075959.0236323,0.0009896179694784937,-0.03568392591444791
2025-01-15,694091249.7283261,0.004363182751942153,-0.03147643865257732
2025-01-16,712438643.0445888,0.026433690560778666,-0.005874786531096188
2025-01-17,721017604.3454888,0.012041684409815286,0.0
2025-01-20,720027323.0600007,-0.0013734495240058206,-0.0013734495240058653
2025-01-21,727537452.8772206,0.010430340039462842,0.0
2025-01-22,742936796.0169413,0.021166392298871073,0.0
2025-01-23,747892501.0346985,0.006670426130898181,0.0
2025-01-24,764712487.7456338,0.022489845382411437,0.0
2025-02-03,760477666.744736,-0.005537795012844765,-0.005537795012844793
2025-02-04,774261857.3258333,0.018125700706111865,0.0
2025-02-05,795222375.9278255,0.027071614601274743,0.0
2025-02-06,800159866.6123536,0.006208943352187866,0.0
2025-02-07,797058001.5974741,-0.0038765566036345566,-0.0038765566036345067
2025-02-10,779751056.1620761,-0.02171353326948751,-0.02550591613233799
2025-02-11,790493373.562982,0.013776598718287583,-0.012080702185547909
2025-02-12,814834902.8538051,0.030792831546593236,0.0
2025-02-13,833062561.2004378,0.022369756478022473,0.0
2025-02-14,832194514.9318306,-0.0010419940938844862,-0.0010419940938845018
2025-02-17,835148278.1951016,0.003549366416471673,0.0
2025-02-18,857257928.5524055,0.026473921978366042,0.0
2025-02-19,849075221.4978464,-0.009545210119405609,-0.009545210119405567
2025-02-20,842917976.6696839,-0.0072517071188351115,-0.01672769817006703
2025-02-21,856813306.7326152,0.01648479501864568,-0.0005186558268887032
2025-02-24,866347194.4603797,0.01112714713094403,0.0
2025-02-25,882099452.2266417,0.018182384460855232,0.0
2025-02-26,881586430.2657175,-0.0005815919731376679,-0.000581591973137674
2025-02-27,870896883.2669966,-0.01212535337629796,-0.012699893341240553
2025-02-28,876702934.8885734,0.0066667497991226435,-0.00611781055349947
2025-03-03,874610774.5983722,-0.0023863959009867977,-0.008489606936458394
2025-03-04,882187332.1827762,0.008662776408034995,0.0
2025-03-05,888933940.4591477,0.007647591424463666,0.0
2025-03-06,917945993.3299854,0.03263690534287905,0.0
2025-03-07,922104979.2413318,0.004530752289967623,0.0
2025-03-10,904920589.3366575,-0.01863604501822869,-0.018636045018228686
2025-03-11,913674990.8560569,0.009674220724513216,-0.009142113506653837
2025-03-12,911811784.6504357,-0.002039243959031355,-0.011162714465943968
2025-03-13,896434764.3430686,-0.016864248265076136,-0.027838711942954175
2025-03-14,898675506.0845263,0.0024996149531302217,-0.025408683050472503
2025-03-17,910917218.5491366,0.013621949615547801,-0.01213284923523561
2025-03-18,898073870.7520208,-0.014099357807257223,-0.026061141659903808
2025-03-19,884674091.5509362,-0.014920575731553162,-0.040592870153669636
2025-03-20,891108968.1442013,0.007273725606662644,-0.03361440594609166
2025-03-21,888763976.9284422,-0.0026315426054376407,-0.03615749081012565
2025-03-24,899730520.5546196,0.01233909554264064,-0.024264546001173337
2025-03-25,914279417.2999449,0.016170282560112523,-0.008486628006092567
2025-03-26,919376550.3662493,0.005575027688315818,-0.002958913503891214
2025-03-27,907486488.2308012,-0.01293274461993999,-0.01585339125113283
2025-03-28,907295495.2628205,-0.00021046370437216602,-0.016060518392055467
2025-03-31,911467814.6052613,0.004598633371625226,-0.011535741456273563
2025-04-01,916490926.8805208,0.005511014426148339,-0.006088300667707047
2025-04-02,917393024.7174518,0.0009842954365096438,-0.005109997917760678
2025-04-03,868607837.8138005,-0.053178066095146866,-0.05801632420589087
2025-04-04,869112020.4737233,0.0005804491255706555,-0.057469550604974384
2025-04-08,824161315.5132271,-0.05172026608951409,-0.10621747624515432
2025-04-09,782116446.544891,-0.05101533908098277,-0.1518140947591643
2025-04-10,820926441.224182,0.04962176009817924,-0.10972561725064656
2025-04-11,852853189.5564421,0.038891119507187905,-0.07510184983695356
2025-04-14,880528528.3237957,0.0324502963772078,-0.04508863074543146
2025-04-15,887876599.3749008,0.008345068688567287,-0.03711982977750827
2025-04-16,870085273.9453797,-0.020038060967083555,-0.05641408133242232
2025-04-17,899654487.8782578,0.033984271218379734,-0.02434700155457936
2025-04-18,927037028.1563597,0.030436729485650446,0.0
2025-04-21,906406528.3480821,-0.022254234924473742,-0.02225423492447376
2025-04-22,902088705.8445156,-0.004763671011323911,-0.02691189408200878
2025-04-23,908313167.8403549,0.006900055344349038,-0.02019753229624688
2025-04-24,922235521.8523369,0.01532770249834026,-0.005179411564144032
2025-04-25,949000797.019357,0.029022168993513987,0.0
2025-04-28,980315990.0458939,0.03299806820488708,0.0
2025-04-29,970386859.312453,-0.01012850023284435,-0.010128500232844395
2025-05-05,978726491.814224,0.008594131733894091,-0.0016214141642181268
2025-05-06,985945222.7845304,0.007375636636671947,0.0
2025-05-07,979807718.4121468,-0.006224995294413929,-0.006224995294413893
2025-05-08,995330521.2870107,0.015842703198970253,0.0
2025-05-09,997801797.9319713,0.0024828703552315077,0.0
2025-05-12,1007425623.6981001,0.009645027485493583,0.0
2025-05-13,1026881098.9698982,0.019312071098986108,0.0
2025-05-14,1048563574.1295242,0.021114883876406417,0.0
2025-05-15,1049611557.7343721,0.0009994468916373548,0.0
2025-05-16,1085182294.7787907,0.033889429648811614,0.0
2025-05-19,1112388691.0286403,0.025070807347990737,0.0
2025-05-20,1108849851.0010715,-0.003181298098505843,-0.003181298098505869
2025-05-21,1103468155.4213405,-0.004853403348408609,-0.008019261324070825
2025-05-22,1068765965.9822932,-0.03144829261139555,-0.0392153618588198
2025-05-23,1117526660.064968,0.045623359682734045,0.0
2025-05-26,1152120959.0997338,0.03095612862851483,0.0
2025-05-27,1183228859.1251335,0.02700055040202321,0.0
2025-05-28,1143974052.6749165,-0.033176004918644045,-0.03317600491864403
2025-05-29,1133382181.9535937,-0.009258838254728029,-0.042127671909892306
2025-05-30,1104390222.4169402,-0.025580038223894184,-0.06663008267604775
2025-06-02,1104719718.4726634,0.00029835111633104964,-0.06635161071926432
2025-06-03,1113152397.1859925,0.007633319630600715,-0.059224774141288905
2025-06-04,1116754475.888019,0.00323592592634443,-0.056180495197070246
2025-06-05,1111441807.4254832,-0.0047572394624264555,-0.0606704705907265
2025-06-06,1109774688.1755548,-0.001499960896549455,-0.06207942815381462
2025-06-09,1068884931.0814937,-0.036845097955228084,-0.09663720349771088
2025-06-10,1114956298.223572,0.04310227022796873,-0.05770021612897569
2025-06-11,1127310901.0807571,0.011080795612231045,-0.04725878481845136
2025-06-12,1123291722.0170002,-0.0035652800482136216,-0.05065557406404897
2025-06-13,1086280968.1421747,-0.03294847914339508,-0.08193502908189798
2025-06-16,1122357978.043375,0.033211490359535106,-0.0514447231508246
2025-06-17,1105356979.283148,-0.015147572425925179,-0.065813032906891
2025-06-18,1095146504.6355221,-0.009237264376118269,-0.07444236489865408
2025-06-19,1105520992.5052936,0.009473150693408124,-0.06567441794590456
2025-06-20,1105084952.3951511,-0.0003944204706184098,-0.06604293508168924
2025-06-23,1124409955.4946811,0.01748734616071384,-0.04971050458821846
2025-06-24,1124648508.0171373,0.00021215796008424578,-0.04950889310738238
2025-06-25,1119388656.2528746,-0.004676885023869633,-0.05395423073052974
2025-06-26,1122264115.8610926,0.0025687767980814486,-0.05152405030850715
2025-06-27,1103496336.5983562,-0.01672313940853054,-0.06738554584083645
2025-06-30,1115853799.637313,0.0111984631295196,-0.05694169726187803
2025-07-01,1112804818.8827357,-0.0027324195656887786,-0.05951852821986492
2025-07-02,1117667228.6257453,0.004369508165763932,-0.05540908674917189
2025-07-03,1130955788.5741162,0.011889549597611628,-0.04417832623662288
2025-07-04,1127866829.6250768,-0.0027312817885957767,-0.04678894456731797
2025-07-07,1123310209.7139993,-0.004040033620451629,-0.05063994927865223
2025-07-08,1126980824.7075253,0.003267677051079719,-0.0475377472276981
2025-07-09,1115525325.009666,-0.010164768953218193,-0.05721930596379032
2025-07-10,1126270795.5237212,0.00963265492333143,-0.04813782486976059
2025-07-11,1118749493.2056117,-0.006678058552172678,-0.05449441620887874
2025-07-14,1155550704.9983308,0.03289495281671206,-0.02339205464213201
2025-07-15,1206656609.1700525,0.04422644887036395,0.0
2025-07-16,1256622977.3219962,0.041408937532203906,0.0
2025-07-17,1309939522.3375723,0.04242843396768029,0.0
2025-07-18,1345561935.159337,0.02719393698282873,0.0
2025-07-21,1283887360.0687342,-0.04583555277468485,-0.04583555277468487
2025-07-22,1325129552.2238042,0.032122905355857795,-0.015185018542541728
2025-07-23,1302048336.6124537,-0.017418082309473917,-0.03233860694917068
2025-07-24,1317138139.435207,0.011589280058536393,-0.021124108063271252
2025-07-25,1344557133.1250422,0.02081709797090278,-0.0007467527194694457
2025-07-28,1388873486.0966516,0.0329598139638801,0.0
2025-07-29,1305486040.6258016,-0.06003962657909582,-0.060039626579095784
2025-07-30,1336208913.4786124,0.02353366631027587,-0.037918912806125915
2025-07-31,1363399176.1266656,0.020348811008353136,-0.018341706588106854
2025-08-01,1324566438.8074336,-0.028482294840131442,-0.046301587533324695
2025-08-04,1318652890.032351,-0.0044645165405268914,-0.050559389870456384
2025-08-05,1317183149.8944466,-0.001114576966398146,-0.051617614505469755
2025-08-06,1330584704.6336744,0.010174404933969672,-0.041968388083204355
2025-08-07,1319589926.7369442,-0.008263117604194297,-0.04988471596100863
2025-08-08,1379034379.0382211,0.0450476705655597,-0.007084235646316994
2025-08-11,1391371552.9582465,0.008946241012954046,0.0
2025-08-12,1410212345.7283182,0.013541165715235186,0.0
2025-08-13,1436702349.3361468,0.01878440767312074,0.0
2025-08-14,1459018316.73418,0.015532770172154741,0.0
2025-08-15,1467307929.8602924,0.005681637462007788,0.0
2025-08-18,1498297167.0135348,0.021119791233046047,0.0
2025-08-19,1477137615.847291,-0.014122399502643289,-0.014122399502643268
2025-08-20,1462053391.7051854,-0.010211793390322146,-0.02418997786706889
2025-08-21,1438408935.851118,-0.01617208782402325,-0.03997086324456467
2025-08-22,1439079719.7350745,0.0004663374004691678,-0.039523165752555545
2025-08-25,1422997986.7350888,-0.011175011904793045,-0.05025650580954866
2025-08-26,1446915708.4003696,0.016807979974839866,-0.034293236177961095
2025-08-27,1475208211.786405,0.019553663853241372,-0.015410130737383398
2025-08-28,1470132506.0944538,-0.0034406707144104378,-0.018797780266260444
2025-08-29,1478389294.1221652,0.005616356344399411,-0.013286998954320062
2025-09-03,1514715376.2648466,0.024571391505003412,0.0
2025-09-04,1517085181.0339155,0.0015645214977038685,0.0
2025-09-05,1486066955.4053793,-0.020445935413723346,-0.020445935413723304
2025-09-08,1429707485.209988,-0.037925256321991944,-0.057595774394406885
2025-09-09,1457550593.9751818,0.019474689090757783,-0.039242745102921694
2025-09-10,1474152634.341053,0.011390369867431084,-0.02829936461682614
2025-09-11,1465960078.7197008,-0.005557467680417145,-0.03369955949300896
2025-09-12,1473220864.2053907,0.004952921700317446,-0.028913549072195566
2025-09-15,1503416507.9548268,0.020496345444932812,-0.009009825717085529
2025-09-16,1482915161.4515276,-0.013636504850667265,-0.02252346803565808
2025-09-17,1475583895.0685716,-0.004943820505402302,-0.02735593655793289
2025-09-18,1470071103.2600255,-0.0037360070321788667,-0.030989741618759448
2025-09-19,1469770111.9085832,-0.0002047461179087593,-0.031188142707376798
2025-09-22,1448256405.7762341,-0.014637463340720814,-0.04536909075255324
2025-09-23,1457088146.0255394,0.006098188286328778,-0.03954757172401302
2025-09-24,1465673855.625535,0.005892374887143667,-0.033888225955343465
2025-09-25,1470237525.9247327,0.003113701101838884,-0.030880042660001106
2025-09-26,1462323473.9438214,-0.005382839059242191,-0.03609665941946194
2025-09-29,1462555697.678957,0.00015880462789074853,-0.0359435871081385
2025-09-30,1432868672.8724504,-0.02029804735205591,-0.055512049827070586
2025-10-01,1446366826.0171013,0.009420370059170454,-0.046614623820014245
2025-10-02,1428772564.3556643,-0.012164453266594077,-0.058212035673609885
2025-10-03,1416839544.005918,-0.008351938333255775,-0.06607779067466646
2025-10-06,1455170088.9544747,0.0270535538838663,-0.04081187586134405
2025-10-07,1436374311.6641939,-0.012916550053461722,-0.05320127727746704
2025-10-08,1457323285.4639468,0.014584620199369422,-0.039392577501310866
2025-10-09,1469497205.5615964,0.008353616674541738,-0.031368031319037204
2025-10-10,1500020360.3972716,0.02077115541299055,-0.011248426159573999
2025-10-13,1547561999.339541,0.03169399575994968,0.0
2025-10-14,1555577369.626748,0.005179353260565895,0.0
2025-10-15,1553656934.1851006,-0.0012345483285786853,-0.0012345483285787218
2025-10-16,1548868366.3121164,-0.0030821269275226417,-0.0043128702214544345
2025-10-17,1550172389.2533064,0.0008419197974162947,-0.0034745815148613524
2025-10-20,1490237419.635221,-0.03866342223199777,-0.042003664534670526
2025-10-21,1483661711.9348695,-0.0044125235440411045,-0.04623084592001636
2025-10-22,1487270978.2485895,0.0024326747025189993,-0.04391063582684307
2025-10-23,1495230391.5166872,0.00535169003127503,-0.038793941907589446
2025-10-24,1483009536.185468,-0.00817322561162161,-0.0466500958796362
2025-10-27,1435974189.8385868,-0.031716145580468355,-0.07688668022784328
2025-10-28,1462550641.9733732,0.018507611294722323,-0.05980205772451941
2025-10-29,1447875402.2108088,-0.010034004527025188,-0.06923600813361142
2025-10-30,1429437097.544513,-0.01273473161995964,-0.08108903777155219
2025-10-31,1394591034.6623828,-0.02437747204265841,-0.1034897640629685
2025-11-03,1392895180.4111292,-0.0012160226253456125,-0.10457994079372179
2025-11-04,1406864104.3551564,0.010028697162915084,-0.0956000441863426
2025-11-05,1411319469.0003436,0.0031668763396513547,-0.09273592136469455
2025-11-06,1408047004.2993197,-0.0023187271010593705,-0.09483961917164396
2025-11-07,1376858196.34176,-0.022150402552136513,-0.11488928598123715
2025-11-10,1355889958.3238292,-0.015229046879077494,-0.12836867853820266
2025-11-11,1352701513.779254,-0.002351551115930393,-0.13041836414486607
2025-11-12,1387605334.9817193,0.025803047344087778,-0.10798050802534676
2025-11-13,1406003993.7302248,0.013259287986773258,-0.09615296469143964
2025-11-14,1407272920.209951,0.0009025056012533274,-0.09533723767939739
2025-11-17,1415921217.0332885,0.006145429716680199,-0.08977769625625842
2025-11-18,1420542275.6497912,0.0032636410563753283,-0.08680705737533179
2025-11-19,1416823909.7560904,-0.0026175679227849556,-0.08919740192925973
2025-11-20,1449361515.5313294,0.02296517270155359,-0.06828066296754154
2025-11-21,1438750702.5888414,-0.007321025726695992,-0.07510180420401624
2025-11-24,1454320296.4878273,0.01082160646105711,-0.06509291991257038
2025-11-25,1471131144.694624,0.011559247469346829,-0.0542860976129953
2025-11-26,1513582396.0617037,0.028856197844884676,-0.026996390141057924
2025-11-27,1547835121.4294326,0.022630235035009338,-0.004977089760037523
2025-11-28,1542357761.4967391,-0.003538723121643031,-0.00849820033906823
2025-12-01,1579484779.4995472,0.024071599294043938,0.0
2025-12-02,1606733318.4194684,0.017251536243707736,0.0
2025-12-03,1590414457.288396,-0.010156546169793295,-0.010156546169793335
2025-12-04,1594001437.9597847,0.0022553747892260414,-0.007924078198744189
2025-12-05,1628852377.9733584,0.02186380713569526,0.0
2025-12-08,1643886889.0849402,0.00923012503458905,0.0
2025-12-09,1661023738.6475918,0.010424591665300499,0.0
2025-12-10,1595450697.339621,-0.03947748595174229,-0.039477485951742275
2025-12-11,1570238646.8691165,-0.015802462910665345,-0.05465610735484894
2025-12-12,1526375793.1485746,-0.02793387731731076,-0.08106322767466756
2025-12-15,1533867936.7093475,0.004908452816405236,-0.07655266988644893
2025-12-16,1554015140.9489613,0.013134901484958456,-0.06442328017885957
2025-12-17,1534784902.322772,-0.012374550362775915,-0.07600062141652697
2025-12-18,1538897090.903111,0.0026793256658411823,-0.07352492616626694
2025-12-19,1560975990.6872973,0.014347223030507667,-0.0602325816497683
2025-12-22,1611379393.7958257,0.032289672236621506,-0.029887799732583376
2025-12-23,1651022771.027918,0.024602137389076916,-0.006020966098784664
2025-12-24,1646117990.261938,-0.0029707529490500695,-0.00897383224504067
2025-12-25,1587782678.1766732,-0.03543811101656348,-0.04409392759826036
2025-12-26,1577564300.6670976,-0.0064356272744516005,-0.050245782789622884
2025-12-29,1594668362.2824545,0.010842069390213892,-0.03994848166297971
2025-12-30,1606044072.2830992,0.007133589823254905,-0.03309986792197028
2025-12-31,1617906905.0952106,0.007386368168121045,-0.025957987564637186
2026-01-05,1606855944.1747158,-0.006830405931078258,-0.03261108990349504
2026-01-06,1601648901.6288903,-0.0032405160927477094,-0.0357459292346084
2026-01-07,1628789104.3449824,0.016945163630112878,-0.019406486224486486
2026-01-08,1629016158.3500366,0.0001394004935620841,-0.0192697910046824
2026-01-09,1620137929.601211,-0.005450055669072026,-0.024614825240047433
2026-01-12,1669359453.4993854,0.030381070030432483,0.0
2026-01-13,1690931549.958049,0.012922379547103121,0.0
2026-01-14,1689453554.122617,-0.0008740719489613407,-0.0008740719489613857
2026-01-15,1697717344.4633884,0.004891398358129511,0.0
2026-01-16,1694515366.9942403,-0.0018860486285249296,-0.0018860486285249278
2026-01-19,1709171291.4197412,0.008649036008152464,0.0
2026-01-20,1718159582.5109165,0.005258859153730051,0.0
2026-01-21,1704982984.8330245,-0.0076690185312331145,-0.0076690185312331405
2026-01-22,1732298969.356516,0.01602126517770882,0.0
2026-01-23,1715924612.95045,-0.009452384776369404,-0.009452384776369449
2026-01-26,1691765015.0625196,-0.01407963829272728,-0.023398936910441703
2026-01-27,1699025097.93355,0.00429142511305687,-0.01920792658286119
2026-01-28,1696588805.7216082,-0.0014339353873611845,-0.020614319044577334
2026-01-29,1699153662.158589,0.0015117725805633953,-0.019133710626312528
2026-01-30,1718740652.1819053,0.011527497753459952,-0.00782677667911269
2026-02-02,1711948273.2968822,-0.003951951026701052,-0.011747796667680999
2026-02-03,1715328154.9737258,0.0019742896029998867,-0.009796700617500265
2026-02-04,1717183003.0976074,0.0010813371881661848,-0.008725956966033177
2026-02-05,1714532825.3059273,-0.0015433286882641345,-0.010255818634579028
2026-02-06,1686226227.2356076,-0.01650980235112667,-0.026596299447099847
2026-02-09,1682551038.5981994,-0.0021795347374197506,-0.028717866625987742
2026-02-10,1671271428.5595064,-0.006703873927111564,-0.03522921959578307
2026-02-11,1702445215.7915192,0.018652737490332076,-0.017233603490560467
2026-02-12,1696396992.0686438,-0.003552668636131913,-0.02072504684408394
2026-02-13,1699265970.6983728,0.0016912188851682076,-0.01906887854953443
2026-02-23,1740374529.1135123,0.02419195059749501,0.0
2026-02-24,1781296006.2676432,0.023513029218472273,0.0
2026-02-25,1772920146.963111,-0.004702115355932483,-0.004702115355932457
2026-02-26,1764499134.7962828,-0.004749797773606874,-0.009429579032490532
2026-02-27,1744362053.97732,-0.011412349500124694,-0.02073431488105737
2026-03-02,1724987100.8545413,-0.011107185620440335,-0.03161120061740119
2026-03-03,1688848164.6943572,-0.020950264580112673,-0.051899202180884285
2026-03-04,1680040870.6788142,-0.00521497088942682,-0.05684352024175332
2026-03-05,1666749764.7080169,-0.007911180140175446,-0.06430500105349446
2026-03-06,1652583549.6302245,-0.008499305281302416,-0.07225775849972882
2026-03-09,1599744614.9424174,-0.031973533017214235,-0.10192095568980208
2026-03-10,1596178182.9137344,-0.002229375861228525,-0.10392311143266242
2026-03-11,1626167036.1451194,0.018787910743549952,-0.08708769883090128
2026-03-12,1614554836.824894,-0.007140840431590942,-0.09360665990158634
2026-03-13,1618273281.2183876,0.0023030771756295167,-0.09151916608786304
2026-03-16,1616727086.3789444,-0.0009554596602367967,-0.0923871828767644
2026-03-17,1634766241.347014,0.011157823184909118,-0.08226019954294606
2026-03-18,1661271682.06953,0.016213596814108493,-0.06738033643807506
2026-03-19,1669213481.545289,0.004780554295529512,-0.06292189749933874
2026-03-20,1639301320.297739,-0.01791991352709335,-0.0797142560642834
2026-03-23,1559343899.0398376,-0.04877530461781066,-0.12460147356017648
2026-03-24,1570205813.092548,0.006965695033275529,-0.1185037143924178
2026-03-25,1582553172.0113492,0.007863528981900129,-0.11157204280310529
2026-03-26,1586466426.4314747,0.002472747512901526,-0.1093751847815545
2026-03-27,1600789902.9029555,0.009028540555818393,-0.10133414251733652
2026-03-30,1596260928.023835,-0.0028292125474476755,-0.10387665923728928
2026-03-31,1604944540.8168762,0.005439970772066387,-0.09900177445537361
2026-04-01,1637163401.2353592,0.02007474999857904,-0.08091446032840188
2026-04-02,1631504910.1234825,-0.003456277551530276,-0.084091075047105
2026-04-03,1612315730.5763419,-0.011761643760966825,-0.094863669539891
2026-04-06,1598714299.8822484,-0.008435959803748531,-0.10249936324056497
2026-04-07,1609190995.302373,0.0065532005442724695,-0.0966178615792681
2026-04-08,1663546589.716341,0.03377821189196654,-0.06610322828827475
2026-04-09,1653319061.7153378,-0.006148026189484244,-0.0718448500990333
2026-04-10,1649503487.2364728,-0.0023078270657003164,-0.07398687167514384
2026-04-13,1658724499.639979,0.00559017454334373,-0.06881029665838012
2026-04-14,1653190670.2451982,-0.00333619561053191,-0.07191692765924096
2026-04-15,1682831483.34954,0.017929458251748707,-0.05527690095955262
2026-04-16,1712780826.5431538,0.017796994820896757,-0.0384636688587483
2026-04-17,1695750306.1312256,-0.00994319888920072,-0.04802441583847816
2026-04-20,1703810745.0355601,0.004753317086360466,-0.04349937402848514
2026-04-21,1708611256.5025783,0.0028175144927366546,-0.0408044196524987
2026-04-22,1752180014.188702,0.025499514603050437,-0.016345397944246165
2026-04-23,1748456323.7214222,-0.002125175745144007,-0.018435836846134368
2026-04-24,1737344355.9747624,-0.006355301871658421,-0.024673973409378935
2026-04-28,1784462854.4842799,0.02712098977239369,0.0
2026-04-29,1746555543.717258,-0.021242981142343437,-0.021242981142343464
2026-05-04,1733980216.6746078,-0.007200072787771579,-0.02829010291966083
2026-05-05,1771019377.0775864,0.021360774504112633,-0.007533626924713266
2026-05-06,1773736020.82175,0.0015339435464824392,-0.006011239536633628
2026-05-07,1806047284.4661443,0.018216500801187422,0.0
2026-05-08,1813643007.1624815,0.0042057164071329775,0.0
2026-05-11,1791430863.3986554,-0.012247252450512815,-0.012247252450512836
2026-05-12,1813344950.0819135,0.012232728111920116,-0.0001643416479378823
2026-05-13,1845068110.1904867,0.017494277692250544,0.0
2026-05-14,1860055241.3663392,0.00812280646610127,0.0
2026-05-15,1913701701.0876338,0.028841326068298707,0.0
2026-05-18,1950154178.345698,0.019048150104766515,0.0
2026-05-19,1895151860.3222876,-0.02820408695586758,-0.028204086955867624
2026-05-20,1935931402.3456273,0.021517822860066118,-0.007293154642847743
2026-05-21,1912635420.0421278,-0.012033475088669678,-0.019238867736804832
2026-05-22,1897988909.7109382,-0.007657763825615562,-0.026749304857019762
2026-05-25,1914090310.6894934,0.008483400980992787,-0.018492828955091856
2026-05-26,1887070800.2320986,-0.014116110565160258,-0.0323478927020594
2026-05-27,1866251701.2757478,-0.011032494887732976,-0.04302350962892798
2026-05-28,1890432765.013285,0.012957021671303637,-0.03062394450426198
2026-05-29,1878341822.0264478,-0.00639585983199576,-0.036823937879705615
