date,equity,portfolio_return,drawdown
2018-01-02,100000000.0,0.0,0.0
2018-01-03,100000000.0,0.0,0.0
2018-01-04,100000000.0,0.0,0.0
2018-01-05,100000000.0,0.0,0.0
2018-01-08,100000000.0,0.0,0.0
2018-01-09,100000000.0,0.0,0.0
2018-01-10,100000000.0,0.0,0.0
2018-01-11,100000000.0,0.0,0.0
2018-01-12,100000000.0,0.0,0.0
2018-01-15,100000000.0,0.0,0.0
2018-01-16,100000000.0,0.0,0.0
2018-01-17,100000000.0,0.0,0.0
2018-01-18,100000000.0,0.0,0.0
2018-01-19,100000000.0,0.0,0.0
2018-01-22,100000000.0,0.0,0.0
2018-01-23,100000000.0,0.0,0.0
2018-01-24,100000000.0,0.0,0.0
2018-01-25,100000000.0,0.0,0.0
2018-01-26,100000000.0,0.0,0.0
2018-01-29,100000000.0,0.0,0.0
2018-01-30,100000000.0,0.0,0.0
2018-01-31,100000000.0,0.0,0.0
2018-02-01,100000000.0,0.0,0.0
2018-02-02,100000000.0,0.0,0.0
2018-02-05,100000000.0,0.0,0.0
2018-02-06,100000000.0,0.0,0.0
2018-02-07,100000000.0,0.0,0.0
2018-02-08,100000000.0,0.0,0.0
2018-02-09,100000000.0,0.0,0.0
2018-02-12,100000000.0,0.0,0.0
2018-02-13,100000000.0,0.0,0.0
2018-02-21,100000000.0,0.0,0.0
2018-02-22,100000000.0,0.0,0.0
2018-02-23,100000000.0,0.0,0.0
2018-02-26,100000000.0,0.0,0.0
2018-02-27,100000000.0,0.0,0.0
2018-02-28,100000000.0,0.0,0.0
2018-03-01,100000000.0,0.0,0.0
2018-03-02,100000000.0,0.0,0.0
2018-03-05,100000000.0,0.0,0.0
2018-03-06,100000000.0,0.0,0.0
2018-03-07,100000000.0,0.0,0.0
2018-03-08,100000000.0,0.0,0.0
2018-03-09,100000000.0,0.0,0.0
2018-03-12,100000000.0,0.0,0.0
2018-03-13,100000000.0,0.0,0.0
2018-03-14,100000000.0,0.0,0.0
2018-03-15,100000000.0,0.0,0.0
2018-03-16,100000000.0,0.0,0.0
2018-03-19,100000000.0,0.0,0.0
2018-03-20,100000000.0,0.0,0.0
2018-03-21,100000000.0,0.0,0.0
2018-03-22,100000000.0,0.0,0.0
2018-03-23,100000000.0,0.0,0.0
2018-03-26,100000000.0,0.0,0.0
2018-03-27,100000000.0,0.0,0.0
2018-03-28,100000000.0,0.0,0.0
2018-03-29,100000000.0,0.0,0.0
2018-03-30,100000000.0,0.0,0.0
2018-04-02,100000000.0,0.0,0.0
2018-04-03,100000000.0,0.0,0.0
2018-04-04,100000000.0,0.0,0.0
2018-04-05,100000000.0,0.0,0.0
2018-04-06,100000000.0,0.0,0.0
2018-04-09,100000000.0,0.0,0.0
2018-04-10,100000000.0,0.0,0.0
2018-04-11,100000000.0,0.0,0.0
2018-04-12,100000000.0,0.0,0.0
2018-04-13,100000000.0,0.0,0.0
2018-04-16,100000000.0,0.0,0.0
2018-04-17,100000000.0,0.0,0.0
2018-04-18,100000000.0,0.0,0.0
2018-04-19,100000000.0,0.0,0.0
2018-04-20,100000000.0,0.0,0.0
2018-04-23,100000000.0,0.0,0.0
2018-04-24,100000000.0,0.0,0.0
2018-04-26,100000000.0,0.0,0.0
2018-04-27,100000000.0,0.0,0.0
2018-05-02,100000000.0,0.0,0.0
2018-05-03,100000000.0,0.0,0.0
2018-05-04,100000000.0,0.0,0.0
2018-05-07,100000000.0,0.0,0.0
2018-05-08,100000000.0,0.0,0.0
2018-05-09,100000000.0,0.0,0.0
2018-05-10,100000000.0,0.0,0.0
2018-05-11,100000000.0,0.0,0.0
2018-05-14,100000000.0,0.0,0.0
2018-05-15,100000000.0,0.0,0.0
2018-05-16,100000000.0,0.0,0.0
2018-05-17,100000000.0,0.0,0.0
2018-05-18,100000000.0,0.0,0.0
2018-05-21,100000000.0,0.0,0.0
2018-05-22,100000000.0,0.0,0.0
2018-05-23,100000000.0,0.0,0.0
2018-05-24,100000000.0,0.0,0.0
2018-05-25,100000000.0,0.0,0.0
2018-05-28,100000000.0,0.0,0.0
2018-05-29,100000000.0,0.0,0.0
2018-05-30,100000000.0,0.0,0.0
2018-05-31,100000000.0,0.0,0.0
2018-06-01,100000000.0,0.0,0.0
2018-06-04,100000000.0,0.0,0.0
2018-06-05,100000000.0,0.0,0.0
2018-06-06,100000000.0,0.0,0.0
2018-06-07,100000000.0,0.0,0.0
2018-06-08,100000000.0,0.0,0.0
2018-06-11,100000000.0,0.0,0.0
2018-06-12,100000000.0,0.0,0.0
2018-06-13,100000000.0,0.0,0.0
2018-06-14,100000000.0,0.0,0.0
2018-06-15,100000000.0,0.0,0.0
2018-06-18,100000000.0,0.0,0.0
2018-06-19,100000000.0,0.0,0.0
2018-06-20,100000000.0,0.0,0.0
2018-06-21,100000000.0,0.0,0.0
2018-06-22,100000000.0,0.0,0.0
2018-06-25,100000000.0,0.0,0.0
2018-06-26,100000000.0,0.0,0.0
2018-06-27,100000000.0,0.0,0.0
2018-06-28,100000000.0,0.0,0.0
2018-06-29,100000000.0,0.0,0.0
2018-07-02,100000000.0,0.0,0.0
2018-07-03,100000000.0,0.0,0.0
2018-07-04,100000000.0,0.0,0.0
2018-07-05,100000000.0,0.0,0.0
2018-07-06,100000000.0,0.0,0.0
2018-07-09,100000000.0,0.0,0.0
2018-07-10,100000000.0,0.0,0.0
2018-07-11,100000000.0,0.0,0.0
2018-07-12,100000000.0,0.0,0.0
2018-07-13,100000000.0,0.0,0.0
2018-07-16,100000000.0,0.0,0.0
2018-07-17,100000000.0,0.0,0.0
2018-07-18,100000000.0,0.0,0.0
2018-07-19,100000000.0,0.0,0.0
2018-07-20,100000000.0,0.0,0.0
2018-07-23,100000000.0,0.0,0.0
2018-07-24,100000000.0,0.0,0.0
2018-07-25,100000000.0,0.0,0.0
2018-07-26,100000000.0,0.0,0.0
2018-07-27,100000000.0,0.0,0.0
2018-07-30,100000000.0,0.0,0.0
2018-07-31,100000000.0,0.0,0.0
2018-08-01,100000000.0,0.0,0.0
2018-08-02,100000000.0,0.0,0.0
2018-08-03,100000000.0,0.0,0.0
2018-08-06,100000000.0,0.0,0.0
2018-08-07,100000000.0,0.0,0.0
2018-08-08,100000000.0,0.0,0.0
2018-08-09,100000000.0,0.0,0.0
2018-08-10,100000000.0,0.0,0.0
2018-08-13,100000000.0,0.0,0.0
2018-08-14,100000000.0,0.0,0.0
2018-08-15,100000000.0,0.0,0.0
2018-08-16,100000000.0,0.0,0.0
2018-08-17,100000000.0,0.0,0.0
2018-08-20,100000000.0,0.0,0.0
2018-08-21,100000000.0,0.0,0.0
2018-08-22,100000000.0,0.0,0.0
2018-08-23,100000000.0,0.0,0.0
2018-08-24,100000000.0,0.0,0.0
2018-08-27,100000000.0,0.0,0.0
2018-08-28,100000000.0,0.0,0.0
2018-08-29,100000000.0,0.0,0.0
2018-08-30,100000000.0,0.0,0.0
2018-08-31,100000000.0,0.0,0.0
2018-09-04,100000000.0,0.0,0.0
2018-09-05,100000000.0,0.0,0.0
2018-09-06,100000000.0,0.0,0.0
2018-09-07,100000000.0,0.0,0.0
2018-09-10,100000000.0,0.0,0.0
2018-09-11,100000000.0,0.0,0.0
2018-09-12,100000000.0,0.0,0.0
2018-09-13,100000000.0,0.0,0.0
2018-09-14,100000000.0,0.0,0.0
2018-09-17,100000000.0,0.0,0.0
2018-09-18,100000000.0,0.0,0.0
2018-09-19,100000000.0,0.0,0.0
2018-09-20,100000000.0,0.0,0.0
2018-09-21,100000000.0,0.0,0.0
2018-09-24,100000000.0,0.0,0.0
2018-09-25,100000000.0,0.0,0.0
2018-09-26,100000000.0,0.0,0.0
2018-09-27,100000000.0,0.0,0.0
2018-09-28,100000000.0,0.0,0.0
2018-10-01,100000000.0,0.0,0.0
2018-10-02,100000000.0,0.0,0.0
2018-10-03,100000000.0,0.0,0.0
2018-10-04,100000000.0,0.0,0.0
2018-10-05,100000000.0,0.0,0.0
2018-10-08,100000000.0,0.0,0.0
2018-10-09,100000000.0,0.0,0.0
2018-10-10,100000000.0,0.0,0.0
2018-10-11,100000000.0,0.0,0.0
2018-10-12,100000000.0,0.0,0.0
2018-10-15,100000000.0,0.0,0.0
2018-10-16,100000000.0,0.0,0.0
2018-10-17,100000000.0,0.0,0.0
2018-10-18,100000000.0,0.0,0.0
2018-10-19,100000000.0,0.0,0.0
2018-10-22,100000000.0,0.0,0.0
2018-10-23,100000000.0,0.0,0.0
2018-10-24,100000000.0,0.0,0.0
2018-10-25,100000000.0,0.0,0.0
2018-10-26,100000000.0,0.0,0.0
2018-10-29,100000000.0,0.0,0.0
2018-10-30,100000000.0,0.0,0.0
2018-10-31,100000000.0,0.0,0.0
2018-11-01,100000000.0,0.0,0.0
2018-11-02,100000000.0,0.0,0.0
2018-11-05,100000000.0,0.0,0.0
2018-11-06,100000000.0,0.0,0.0
2018-11-07,100000000.0,0.0,0.0
2018-11-08,100000000.0,0.0,0.0
2018-11-09,100000000.0,0.0,0.0
2018-11-12,100000000.0,0.0,0.0
2018-11-13,100000000.0,0.0,0.0
2018-11-14,100000000.0,0.0,0.0
2018-11-15,100000000.0,0.0,0.0
2018-11-16,100000000.0,0.0,0.0
2018-11-19,100000000.0,0.0,0.0
2018-11-20,100000000.0,0.0,0.0
2018-11-21,100000000.0,0.0,0.0
2018-11-22,100000000.0,0.0,0.0
2018-11-23,100000000.0,0.0,0.0
2018-11-26,100000000.0,0.0,0.0
2018-11-27,100000000.0,0.0,0.0
2018-11-28,100000000.0,0.0,0.0
2018-11-29,100000000.0,0.0,0.0
2018-11-30,100000000.0,0.0,0.0
2018-12-03,100000000.0,0.0,0.0
2018-12-04,100000000.0,0.0,0.0
2018-12-05,100000000.0,0.0,0.0
2018-12-06,100000000.0,0.0,0.0
2018-12-07,100000000.0,0.0,0.0
2018-12-10,100000000.0,0.0,0.0
2018-12-11,100000000.0,0.0,0.0
2018-12-12,100000000.0,0.0,0.0
2018-12-13,100000000.0,0.0,0.0
2018-12-14,100000000.0,0.0,0.0
2018-12-17,100000000.0,0.0,0.0
2018-12-18,100000000.0,0.0,0.0
2018-12-19,100000000.0,0.0,0.0
2018-12-20,100000000.0,0.0,0.0
2018-12-21,100000000.0,0.0,0.0
2018-12-24,100000000.0,0.0,0.0
2018-12-25,100000000.0,0.0,0.0
2018-12-26,100000000.0,0.0,0.0
2018-12-27,100000000.0,0.0,0.0
2018-12-28,100000000.0,0.0,0.0
2019-01-02,100000000.0,0.0,0.0
2019-01-03,100000000.0,0.0,0.0
2019-01-04,100000000.0,0.0,0.0
2019-01-07,100000000.0,0.0,0.0
2019-01-08,100000000.0,0.0,0.0
2019-01-09,100000000.0,0.0,0.0
2019-01-10,100000000.0,0.0,0.0
2019-01-11,100000000.0,0.0,0.0
2019-01-14,100000000.0,0.0,0.0
2019-01-15,100000000.0,0.0,0.0
2019-01-16,100000000.0,0.0,0.0
2019-01-17,100000000.0,0.0,0.0
2019-01-18,100000000.0,0.0,0.0
2019-01-21,100000000.0,0.0,0.0
2019-01-22,100000000.0,0.0,0.0
2019-01-23,100000000.0,0.0,0.0
2019-01-24,100000000.0,0.0,0.0
2019-01-25,100000000.0,0.0,0.0
2019-01-28,100000000.0,0.0,0.0
2019-01-29,100000000.0,0.0,0.0
2019-01-30,100000000.0,0.0,0.0
2019-01-31,100000000.0,0.0,0.0
2019-02-01,100000000.0,0.0,0.0
2019-02-11,100000000.0,0.0,0.0
2019-02-12,100000000.0,0.0,0.0
2019-02-13,100000000.0,0.0,0.0
2019-02-14,100000000.0,0.0,0.0
2019-02-15,100000000.0,0.0,0.0
2019-02-18,100000000.0,0.0,0.0
2019-02-19,100000000.0,0.0,0.0
2019-02-20,100000000.0,0.0,0.0
2019-02-21,100000000.0,0.0,0.0
2019-02-22,100000000.0,0.0,0.0
2019-02-25,100000000.0,0.0,0.0
2019-02-26,100000000.0,0.0,0.0
2019-02-27,100000000.0,0.0,0.0
2019-02-28,100000000.0,0.0,0.0
2019-03-01,100000000.0,0.0,0.0
2019-03-04,100000000.0,0.0,0.0
2019-03-05,100000000.0,0.0,0.0
2019-03-06,100000000.0,0.0,0.0
2019-03-07,100000000.0,0.0,0.0
2019-03-08,100000000.0,0.0,0.0
2019-03-11,100000000.0,0.0,0.0
2019-03-12,100000000.0,0.0,0.0
2019-03-13,100000000.0,0.0,0.0
2019-03-14,100000000.0,0.0,0.0
2019-03-15,100000000.0,0.0,0.0
2019-03-18,100000000.0,0.0,0.0
2019-03-19,100000000.0,0.0,0.0
2019-03-20,100000000.0,0.0,0.0
2019-03-21,100000000.0,0.0,0.0
2019-03-22,100000000.0,0.0,0.0
2019-03-25,100000000.0,0.0,0.0
2019-03-26,100000000.0,0.0,0.0
2019-03-27,100000000.0,0.0,0.0
2019-03-28,100000000.0,0.0,0.0
2019-03-29,100000000.0,0.0,0.0
2019-04-01,100000000.0,0.0,0.0
2019-04-02,100000000.0,0.0,0.0
2019-04-03,100000000.0,0.0,0.0
2019-04-04,100000000.0,0.0,0.0
2019-04-05,100000000.0,0.0,0.0
2019-04-08,100000000.0,0.0,0.0
2019-04-09,100000000.0,0.0,0.0
2019-04-10,100000000.0,0.0,0.0
2019-04-11,100000000.0,0.0,0.0
2019-04-12,100000000.0,0.0,0.0
2019-04-16,100000000.0,0.0,0.0
2019-04-17,100000000.0,0.0,0.0
2019-04-18,100000000.0,0.0,0.0
2019-04-19,100000000.0,0.0,0.0
2019-04-22,100000000.0,0.0,0.0
2019-04-23,100000000.0,0.0,0.0
2019-04-24,100000000.0,0.0,0.0
2019-04-25,100000000.0,0.0,0.0
2019-04-26,100000000.0,0.0,0.0
2019-05-02,100000000.0,0.0,0.0
2019-05-03,100000000.0,0.0,0.0
2019-05-06,100000000.0,0.0,0.0
2019-05-07,100000000.0,0.0,0.0
2019-05-08,100000000.0,0.0,0.0
2019-05-09,100000000.0,0.0,0.0
2019-05-10,100000000.0,0.0,0.0
2019-05-13,100000000.0,0.0,0.0
2019-05-14,100000000.0,0.0,0.0
2019-05-15,100000000.0,0.0,0.0
2019-05-16,100000000.0,0.0,0.0
2019-05-17,100000000.0,0.0,0.0
2019-05-20,100000000.0,0.0,0.0
2019-05-21,100000000.0,0.0,0.0
2019-05-22,100000000.0,0.0,0.0
2019-05-23,100000000.0,0.0,0.0
2019-05-24,100000000.0,0.0,0.0
2019-05-27,100000000.0,0.0,0.0
2019-05-28,100000000.0,0.0,0.0
2019-05-29,100000000.0,0.0,0.0
2019-05-30,100000000.0,0.0,0.0
2019-05-31,100000000.0,0.0,0.0
2019-06-03,100000000.0,0.0,0.0
2019-06-04,100000000.0,0.0,0.0
2019-06-05,100000000.0,0.0,0.0
2019-06-06,100000000.0,0.0,0.0
2019-06-07,100000000.0,0.0,0.0
2019-06-10,100000000.0,0.0,0.0
2019-06-11,100000000.0,0.0,0.0
2019-06-12,100000000.0,0.0,0.0
2019-06-13,100000000.0,0.0,0.0
2019-06-14,100000000.0,0.0,0.0
2019-06-17,100000000.0,0.0,0.0
2019-06-18,100000000.0,0.0,0.0
2019-06-19,100000000.0,0.0,0.0
2019-06-20,100000000.0,0.0,0.0
2019-06-21,100000000.0,0.0,0.0
2019-06-24,100000000.0,0.0,0.0
2019-06-25,100000000.0,0.0,0.0
2019-06-26,100000000.0,0.0,0.0
2019-06-27,100000000.0,0.0,0.0
2019-06-28,100000000.0,0.0,0.0
2019-07-01,100000000.0,0.0,0.0
2019-07-02,100000000.0,0.0,0.0
2019-07-03,100000000.0,0.0,0.0
2019-07-04,100000000.0,0.0,0.0
2019-07-05,100000000.0,0.0,0.0
2019-07-08,100000000.0,0.0,0.0
2019-07-09,100000000.0,0.0,0.0
2019-07-10,100000000.0,0.0,0.0
2019-07-11,100000000.0,0.0,0.0
2019-07-12,100000000.0,0.0,0.0
2019-07-15,100000000.0,0.0,0.0
2019-07-16,100000000.0,0.0,0.0
2019-07-17,100000000.0,0.0,0.0
2019-07-18,100000000.0,0.0,0.0
2019-07-19,100000000.0,0.0,0.0
2019-07-22,100000000.0,0.0,0.0
2019-07-23,100000000.0,0.0,0.0
2019-07-24,100000000.0,0.0,0.0
2019-07-25,100000000.0,0.0,0.0
2019-07-26,100000000.0,0.0,0.0
2019-07-29,100000000.0,0.0,0.0
2019-07-30,100000000.0,0.0,0.0
2019-07-31,100000000.0,0.0,0.0
2019-08-01,100000000.0,0.0,0.0
2019-08-02,100000000.0,0.0,0.0
2019-08-05,100000000.0,0.0,0.0
2019-08-06,100000000.0,0.0,0.0
2019-08-07,100000000.0,0.0,0.0
2019-08-08,100000000.0,0.0,0.0
2019-08-09,100000000.0,0.0,0.0
2019-08-12,100000000.0,0.0,0.0
2019-08-13,100000000.0,0.0,0.0
2019-08-14,100000000.0,0.0,0.0
2019-08-15,100000000.0,0.0,0.0
2019-08-16,100000000.0,0.0,0.0
2019-08-19,100000000.0,0.0,0.0
2019-08-20,100000000.0,0.0,0.0
2019-08-21,100000000.0,0.0,0.0
2019-08-22,100000000.0,0.0,0.0
2019-08-23,100000000.0,0.0,0.0
2019-08-26,100000000.0,0.0,0.0
2019-08-27,100000000.0,0.0,0.0
2019-08-28,100000000.0,0.0,0.0
2019-08-29,100000000.0,0.0,0.0
2019-08-30,100000000.0,0.0,0.0
2019-09-03,100000000.0,0.0,0.0
2019-09-04,100000000.0,0.0,0.0
2019-09-05,100000000.0,0.0,0.0
2019-09-06,100000000.0,0.0,0.0
2019-09-09,100000000.0,0.0,0.0
2019-09-10,100000000.0,0.0,0.0
2019-09-11,100000000.0,0.0,0.0
2019-09-12,100000000.0,0.0,0.0
2019-09-13,100000000.0,0.0,0.0
2019-09-16,100000000.0,0.0,0.0
2019-09-17,100000000.0,0.0,0.0
2019-09-18,100000000.0,0.0,0.0
2019-09-19,100000000.0,0.0,0.0
2019-09-20,100000000.0,0.0,0.0
2019-09-23,100000000.0,0.0,0.0
2019-09-24,100000000.0,0.0,0.0
2019-09-25,100000000.0,0.0,0.0
2019-09-26,100000000.0,0.0,0.0
2019-09-27,100000000.0,0.0,0.0
2019-09-30,100000000.0,0.0,0.0
2019-10-01,100000000.0,0.0,0.0
2019-10-02,100000000.0,0.0,0.0
2019-10-03,100000000.0,0.0,0.0
2019-10-04,100000000.0,0.0,0.0
2019-10-07,100000000.0,0.0,0.0
2019-10-08,100000000.0,0.0,0.0
2019-10-09,100000000.0,0.0,0.0
2019-10-10,100000000.0,0.0,0.0
2019-10-11,100000000.0,0.0,0.0
2019-10-14,100000000.0,0.0,0.0
2019-10-15,100000000.0,0.0,0.0
2019-10-16,100000000.0,0.0,0.0
2019-10-17,100000000.0,0.0,0.0
2019-10-18,100000000.0,0.0,0.0
2019-10-21,100000000.0,0.0,0.0
2019-10-22,100000000.0,0.0,0.0
2019-10-23,100000000.0,0.0,0.0
2019-10-24,100000000.0,0.0,0.0
2019-10-25,100000000.0,0.0,0.0
2019-10-28,100000000.0,0.0,0.0
2019-10-29,100000000.0,0.0,0.0
2019-10-30,100000000.0,0.0,0.0
2019-10-31,100000000.0,0.0,0.0
2019-11-01,100000000.0,0.0,0.0
2019-11-04,100000000.0,0.0,0.0
2019-11-05,100000000.0,0.0,0.0
2019-11-06,100000000.0,0.0,0.0
2019-11-07,100000000.0,0.0,0.0
2019-11-08,100000000.0,0.0,0.0
2019-11-11,100000000.0,0.0,0.0
2019-11-12,100000000.0,0.0,0.0
2019-11-13,100000000.0,0.0,0.0
2019-11-14,100000000.0,0.0,0.0
2019-11-15,100000000.0,0.0,0.0
2019-11-18,100000000.0,0.0,0.0
2019-11-19,100000000.0,0.0,0.0
2019-11-20,100000000.0,0.0,0.0
2019-11-21,100000000.0,0.0,0.0
2019-11-22,100000000.0,0.0,0.0
2019-11-25,100000000.0,0.0,0.0
2019-11-26,100000000.0,0.0,0.0
2019-11-27,100000000.0,0.0,0.0
2019-11-28,100000000.0,0.0,0.0
2019-11-29,100000000.0,0.0,0.0
2019-12-02,100000000.0,0.0,0.0
2019-12-03,100000000.0,0.0,0.0
2019-12-04,100000000.0,0.0,0.0
2019-12-05,100000000.0,0.0,0.0
2019-12-06,100000000.0,0.0,0.0
2019-12-09,100000000.0,0.0,0.0
2019-12-10,100000000.0,0.0,0.0
2019-12-11,100000000.0,0.0,0.0
2019-12-12,100000000.0,0.0,0.0
2019-12-13,100000000.0,0.0,0.0
2019-12-16,100000000.0,0.0,0.0
2019-12-17,100000000.0,0.0,0.0
2019-12-18,100000000.0,0.0,0.0
2019-12-19,100000000.0,0.0,0.0
2019-12-20,100000000.0,0.0,0.0
2019-12-23,100000000.0,0.0,0.0
2019-12-24,100000000.0,0.0,0.0
2019-12-25,100000000.0,0.0,0.0
2019-12-26,100000000.0,0.0,0.0
2019-12-27,100000000.0,0.0,0.0
2019-12-30,100000000.0,0.0,0.0
2019-12-31,100000000.0,0.0,0.0
2020-01-02,100000000.0,0.0,0.0
2020-01-03,100000000.0,0.0,0.0
2020-01-06,100000000.0,0.0,0.0
2020-01-07,100000000.0,0.0,0.0
2020-01-08,100000000.0,0.0,0.0
2020-01-09,100000000.0,0.0,0.0
2020-01-10,100000000.0,0.0,0.0
2020-01-13,100000000.0,0.0,0.0
2020-01-14,100000000.0,0.0,0.0
2020-01-15,100000000.0,0.0,0.0
2020-01-16,100000000.0,0.0,0.0
2020-01-17,100000000.0,0.0,0.0
2020-01-20,100000000.0,0.0,0.0
2020-01-21,100000000.0,0.0,0.0
2020-01-22,100000000.0,0.0,0.0
2020-01-30,100000000.0,0.0,0.0
2020-01-31,100000000.0,0.0,0.0
2020-02-03,100000000.0,0.0,0.0
2020-02-04,100000000.0,0.0,0.0
2020-02-05,100000000.0,0.0,0.0
2020-02-06,100000000.0,0.0,0.0
2020-02-07,100000000.0,0.0,0.0
2020-02-10,100000000.0,0.0,0.0
2020-02-11,100000000.0,0.0,0.0
2020-02-12,100000000.0,0.0,0.0
2020-02-13,100000000.0,0.0,0.0
2020-02-14,100000000.0,0.0,0.0
2020-02-17,100000000.0,0.0,0.0
2020-02-18,100000000.0,0.0,0.0
2020-02-19,100000000.0,0.0,0.0
2020-02-20,100000000.0,0.0,0.0
2020-02-21,100000000.0,0.0,0.0
2020-02-24,100000000.0,0.0,0.0
2020-02-25,100000000.0,0.0,0.0
2020-02-26,100000000.0,0.0,0.0
2020-02-27,100000000.0,0.0,0.0
2020-02-28,100000000.0,0.0,0.0
2020-03-02,100000000.0,0.0,0.0
2020-03-03,100000000.0,0.0,0.0
2020-03-04,100000000.0,0.0,0.0
2020-03-05,100000000.0,0.0,0.0
2020-03-06,100000000.0,0.0,0.0
2020-03-09,100000000.0,0.0,0.0
2020-03-10,100000000.0,0.0,0.0
2020-03-11,100000000.0,0.0,0.0
2020-03-12,100000000.0,0.0,0.0
2020-03-13,100000000.0,0.0,0.0
2020-03-16,100000000.0,0.0,0.0
2020-03-17,100000000.0,0.0,0.0
2020-03-18,100000000.0,0.0,0.0
2020-03-19,100000000.0,0.0,0.0
2020-03-20,100000000.0,0.0,0.0
2020-03-23,100000000.0,0.0,0.0
2020-03-24,100000000.0,0.0,0.0
2020-03-25,100000000.0,0.0,0.0
2020-03-26,100000000.0,0.0,0.0
2020-03-27,100000000.0,0.0,0.0
2020-03-30,100000000.0,0.0,0.0
2020-03-31,100000000.0,0.0,0.0
2020-04-01,100000000.0,0.0,0.0
2020-04-03,100000000.0,0.0,0.0
2020-04-06,100000000.0,0.0,0.0
2020-04-07,100000000.0,0.0,0.0
2020-04-08,100000000.0,0.0,0.0
2020-04-09,100000000.0,0.0,0.0
2020-04-10,100000000.0,0.0,0.0
2020-04-13,100000000.0,0.0,0.0
2020-04-14,100000000.0,0.0,0.0
2020-04-15,100000000.0,0.0,0.0
2020-04-16,100000000.0,0.0,0.0
2020-04-17,100000000.0,0.0,0.0
2020-04-20,100000000.0,0.0,0.0
2020-04-21,100000000.0,0.0,0.0
2020-04-22,100000000.0,0.0,0.0
2020-04-23,100000000.0,0.0,0.0
2020-04-24,100000000.0,0.0,0.0
2020-04-27,100000000.0,0.0,0.0
2020-04-28,100000000.0,0.0,0.0
2020-04-29,100000000.0,0.0,0.0
2020-05-04,100000000.0,0.0,0.0
2020-05-05,100000000.0,0.0,0.0
2020-05-06,100000000.0,0.0,0.0
2020-05-07,100000000.0,0.0,0.0
2020-05-08,100000000.0,0.0,0.0
2020-05-11,100000000.0,0.0,0.0
2020-05-12,100000000.0,0.0,0.0
2020-05-13,100000000.0,0.0,0.0
2020-05-14,100000000.0,0.0,0.0
2020-05-15,100000000.0,0.0,0.0
2020-05-18,100000000.0,0.0,0.0
2020-05-19,100000000.0,0.0,0.0
2020-05-20,100000000.0,0.0,0.0
2020-05-21,100000000.0,0.0,0.0
2020-05-22,100000000.0,0.0,0.0
2020-05-25,100000000.0,0.0,0.0
2020-05-26,100000000.0,0.0,0.0
2020-05-27,100000000.0,0.0,0.0
2020-05-28,100000000.0,0.0,0.0
2020-05-29,100000000.0,0.0,0.0
2020-06-01,100000000.0,0.0,0.0
2020-06-02,100000000.0,0.0,0.0
2020-06-03,100000000.0,0.0,0.0
2020-06-04,100000000.0,0.0,0.0
2020-06-05,100000000.0,0.0,0.0
2020-06-08,100000000.0,0.0,0.0
2020-06-09,100000000.0,0.0,0.0
2020-06-10,100000000.0,0.0,0.0
2020-06-11,100000000.0,0.0,0.0
2020-06-12,100000000.0,0.0,0.0
2020-06-15,100000000.0,0.0,0.0
2020-06-16,100000000.0,0.0,0.0
2020-06-17,100000000.0,0.0,0.0
2020-06-18,100000000.0,0.0,0.0
2020-06-19,100000000.0,0.0,0.0
2020-06-22,100000000.0,0.0,0.0
2020-06-23,100000000.0,0.0,0.0
2020-06-24,100000000.0,0.0,0.0
2020-06-25,100000000.0,0.0,0.0
2020-06-26,100000000.0,0.0,0.0
2020-06-29,100000000.0,0.0,0.0
2020-06-30,100000000.0,0.0,0.0
2020-07-01,100000000.0,0.0,0.0
2020-07-02,100000000.0,0.0,0.0
2020-07-03,100000000.0,0.0,0.0
2020-07-06,100000000.0,0.0,0.0
2020-07-07,100000000.0,0.0,0.0
2020-07-08,100000000.0,0.0,0.0
2020-07-09,100000000.0,0.0,0.0
2020-07-10,100000000.0,0.0,0.0
2020-07-13,100000000.0,0.0,0.0
2020-07-14,100000000.0,0.0,0.0
2020-07-15,100000000.0,0.0,0.0
2020-07-16,100000000.0,0.0,0.0
2020-07-17,100000000.0,0.0,0.0
2020-07-20,100000000.0,0.0,0.0
2020-07-21,100000000.0,0.0,0.0
2020-07-22,100000000.0,0.0,0.0
2020-07-23,100000000.0,0.0,0.0
2020-07-24,100000000.0,0.0,0.0
2020-07-27,100000000.0,0.0,0.0
2020-07-28,100000000.0,0.0,0.0
2020-07-29,100000000.0,0.0,0.0
2020-07-30,100000000.0,0.0,0.0
2020-07-31,100000000.0,0.0,0.0
2020-08-03,100000000.0,0.0,0.0
2020-08-04,100000000.0,0.0,0.0
2020-08-05,100000000.0,0.0,0.0
2020-08-06,100000000.0,0.0,0.0
2020-08-07,100000000.0,0.0,0.0
2020-08-10,100000000.0,0.0,0.0
2020-08-11,100000000.0,0.0,0.0
2020-08-12,100000000.0,0.0,0.0
2020-08-13,100000000.0,0.0,0.0
2020-08-14,100000000.0,0.0,0.0
2020-08-17,100000000.0,0.0,0.0
2020-08-18,100000000.0,0.0,0.0
2020-08-19,100000000.0,0.0,0.0
2020-08-20,100000000.0,0.0,0.0
2020-08-21,100000000.0,0.0,0.0
2020-08-24,100000000.0,0.0,0.0
2020-08-25,100000000.0,0.0,0.0
2020-08-26,100000000.0,0.0,0.0
2020-08-27,100000000.0,0.0,0.0
2020-08-28,100000000.0,0.0,0.0
2020-08-31,100000000.0,0.0,0.0
2020-09-01,100000000.0,0.0,0.0
2020-09-03,100000000.0,0.0,0.0
2020-09-04,100000000.0,0.0,0.0
2020-09-07,100000000.0,0.0,0.0
2020-09-08,100000000.0,0.0,0.0
2020-09-09,100000000.0,0.0,0.0
2020-09-10,100000000.0,0.0,0.0
2020-09-11,100000000.0,0.0,0.0
2020-09-14,100000000.0,0.0,0.0
2020-09-15,100000000.0,0.0,0.0
2020-09-16,100000000.0,0.0,0.0
2020-09-17,100000000.0,0.0,0.0
2020-09-18,100000000.0,0.0,0.0
2020-09-21,100000000.0,0.0,0.0
2020-09-22,100000000.0,0.0,0.0
2020-09-23,100000000.0,0.0,0.0
2020-09-24,100000000.0,0.0,0.0
2020-09-25,100000000.0,0.0,0.0
2020-09-28,100000000.0,0.0,0.0
2020-09-29,100000000.0,0.0,0.0
2020-09-30,100000000.0,0.0,0.0
2020-10-01,100000000.0,0.0,0.0
2020-10-02,100000000.0,0.0,0.0
2020-10-05,100000000.0,0.0,0.0
2020-10-06,100000000.0,0.0,0.0
2020-10-07,100000000.0,0.0,0.0
2020-10-08,100000000.0,0.0,0.0
2020-10-09,100000000.0,0.0,0.0
2020-10-12,100000000.0,0.0,0.0
2020-10-13,100000000.0,0.0,0.0
2020-10-14,100000000.0,0.0,0.0
2020-10-15,100000000.0,0.0,0.0
2020-10-16,100000000.0,0.0,0.0
2020-10-19,100000000.0,0.0,0.0
2020-10-20,100000000.0,0.0,0.0
2020-10-21,100000000.0,0.0,0.0
2020-10-22,100000000.0,0.0,0.0
2020-10-23,100000000.0,0.0,0.0
2020-10-26,100000000.0,0.0,0.0
2020-10-27,100000000.0,0.0,0.0
2020-10-28,100000000.0,0.0,0.0
2020-10-29,100000000.0,0.0,0.0
2020-10-30,100000000.0,0.0,0.0
2020-11-02,100000000.0,0.0,0.0
2020-11-03,100000000.0,0.0,0.0
2020-11-04,100000000.0,0.0,0.0
2020-11-05,100000000.0,0.0,0.0
2020-11-06,100000000.0,0.0,0.0
2020-11-09,100000000.0,0.0,0.0
2020-11-10,100000000.0,0.0,0.0
2020-11-11,100000000.0,0.0,0.0
2020-11-12,100000000.0,0.0,0.0
2020-11-13,100000000.0,0.0,0.0
2020-11-16,100000000.0,0.0,0.0
2020-11-17,100000000.0,0.0,0.0
2020-11-18,100000000.0,0.0,0.0
2020-11-19,100000000.0,0.0,0.0
2020-11-20,100000000.0,0.0,0.0
2020-11-23,100000000.0,0.0,0.0
2020-11-24,100000000.0,0.0,0.0
2020-11-25,100000000.0,0.0,0.0
2020-11-26,100000000.0,0.0,0.0
2020-11-27,100000000.0,0.0,0.0
2020-11-30,100000000.0,0.0,0.0
2020-12-01,100000000.0,0.0,0.0
2020-12-02,100000000.0,0.0,0.0
2020-12-03,100000000.0,0.0,0.0
2020-12-04,100000000.0,0.0,0.0
2020-12-07,100000000.0,0.0,0.0
2020-12-08,100000000.0,0.0,0.0
2020-12-09,100000000.0,0.0,0.0
2020-12-10,100000000.0,0.0,0.0
2020-12-11,100000000.0,0.0,0.0
2020-12-14,100000000.0,0.0,0.0
2020-12-15,100000000.0,0.0,0.0
2020-12-16,100000000.0,0.0,0.0
2020-12-17,100000000.0,0.0,0.0
2020-12-18,100000000.0,0.0,0.0
2020-12-21,100000000.0,0.0,0.0
2020-12-22,100000000.0,0.0,0.0
2020-12-23,100000000.0,0.0,0.0
2020-12-24,100000000.0,0.0,0.0
2020-12-25,100000000.0,0.0,0.0
2020-12-28,100000000.0,0.0,0.0
2020-12-29,100000000.0,0.0,0.0
2020-12-30,100000000.0,0.0,0.0
2020-12-31,100000000.0,0.0,0.0
2021-01-04,100000000.0,0.0,0.0
2021-01-05,99880000.0,-0.0012,-0.0011999999999999789
2021-01-06,100205423.51745832,0.003258144948521422,0.0
2021-01-07,102736780.11624363,0.025261672571487957,0.0
2021-01-08,104208665.15354653,0.014326758495229283,0.0
2021-01-11,106481917.5698779,0.021814427936312553,0.0
2021-01-12,106985427.85119969,0.004728598928464725,0.0
2021-01-13,106919215.62478557,-0.0006188901399376117,-0.0006188901399376556
2021-01-14,109178262.55585964,0.02112854006525638,0.0
2021-01-15,110121698.50481725,0.008641243475320103,0.0
2021-01-18,110121090.04077187,-5.5253783190509764e-06,-5.52537831910449e-06
2021-01-19,106571731.04215807,-0.03223141904334283,-0.03223676633087791
2021-01-20,106026373.05363366,-0.005117285636550956,-0.037189087226115025
2021-01-21,106541975.79974592,0.004862966932306913,-0.03250696959523136
2021-01-22,106541975.79974592,0.0,-0.03250696959523136
2021-01-25,106541975.79974592,0.0,-0.03250696959523136
2021-01-26,105768571.68057755,-0.007259149394995689,-0.03953014604155669
2021-01-27,103543764.94117932,-0.02103466752030245,-0.05973331008284599
2021-01-28,98180134.26138082,-0.051800614772366506,-0.10843970267053271
2021-01-29,99601729.8051212,0.014479462209286892,-0.09553038903805011
2021-02-01,99601729.8051212,0.0,-0.09553038903805011
2021-02-02,99601729.8051212,0.0,-0.09553038903805011
2021-02-03,99601729.8051212,0.0,-0.09553038903805011
2021-02-04,99601729.8051212,0.0,-0.09553038903805011
2021-02-05,99601729.8051212,0.0,-0.09553038903805011
2021-02-08,99522048.4212771,-0.0007999999999999552,-0.09625396472681957
2021-02-09,101315667.61155382,0.018022329913109477,-0.0799663555214617
2021-02-17,104376839.09458241,0.030214196433716253,-0.05216827826155923
2021-02-18,105299964.30463138,0.00884415755503452,-0.04378550517884483
2021-02-19,104470250.14454764,-0.007879529357516105,-0.051320025362870614
2021-02-22,104071502.89787948,-0.0038168497358477015,-0.054940994273468324
2021-02-23,103111971.77405947,-0.009219921852781832,-0.06365436445253458
2021-02-24,102584908.83844972,-0.00511155908030414,-0.0684405504882204
2021-02-25,103279039.2327911,0.006766398705237366,-0.062137247835192255
2021-02-26,105911035.63002715,0.02548432302224971,-0.03823645050848823
2021-03-01,110269821.66195503,0.04115516391657407,0.0
2021-03-02,110911323.92817126,0.005817568728666608,0.0
2021-03-03,111723638.48473775,0.007324000181375217,0.0
2021-03-04,109486312.46934862,-0.02002553842439319,-0.02002553842439314
2021-03-05,111628644.37359333,0.019567120820188962,-0.0008502597340436235
2021-03-08,113714655.98129143,0.018687063875081518,0.0
2021-03-09,113137255.22313707,-0.005077628324790057,-0.005077628324790084
2021-03-10,112516978.6170196,-0.005482514180621758,-0.010532304336117182
2021-03-11,112711732.05857101,0.0017308804763973482,-0.008819654019666778
2021-03-12,112190314.86423673,-0.004626112870515798,-0.013404966175208699
2021-03-15,112770000.36954102,0.0051669834959085234,-0.008307245918290684
2021-03-16,112300647.51948711,-0.0041620364327025205,-0.012434707290825853
2021-03-17,114910292.18724696,0.02323801977461447,0.0
2021-03-18,114488924.89743759,-0.003666923839361192,-0.0036669238393611803
2021-03-19,113089737.09735309,-0.012221162888357397,-0.01584327265417851
2021-03-22,112561963.59308948,-0.00466685587755215,-0.02043619026162491
2021-03-23,111171858.09202528,-0.012349691287275474,-0.03253350090808127
2021-03-24,109447785.22611067,-0.015508177118776487,-0.04753714273248133
2021-03-25,108437401.21415363,-0.009231653339258161,-0.056329949649294386
2021-03-26,108624493.46597616,0.00172534798628235,-0.05470179042820689
2021-03-29,109749054.36723381,0.010352737816079104,-0.04491536590650114
2021-03-30,111550678.65799952,0.016415852520580695,-0.029236837408549432
2021-03-31,112422984.89429149,0.007819820074482533,-0.021645644142148646
2021-04-01,113834138.78851762,0.01255218312832564,-0.009365161103025876
2021-04-02,114158802.88255316,0.0028520802062613287,-0.006539791087374902
2021-04-05,111473749.90239999,-0.02352033231213507,-0.02990630533988292
2021-04-06,111662584.0537186,0.001693978640567327,-0.028262987341779677
2021-04-07,111868504.66987583,0.001844132642122714,-0.02647097539717791
2021-04-08,112151005.06035404,0.002525289770448509,-0.024012532510113593
2021-04-09,113312406.62819709,0.010355694692330593,-0.013905504273247438
2021-04-12,114413115.26178129,0.009713928653866371,-0.00432665269578747
2021-04-13,113249027.4128134,-0.01017442664946602,-0.01445705813476239
2021-04-14,114254681.90840529,0.008880027657333422,-0.0057054095535094
2021-04-15,113590856.79701166,-0.005810047346031738,-0.011482308199906699
2021-04-16,114315916.22108416,0.006383079100883927,-0.005172521580523504
2021-04-19,115629229.53475446,0.01148845547570451,0.0
2021-04-20,115407249.28780092,-0.0019197589385200559,-0.001919758938520033
2021-04-22,112568132.74523811,-0.024600850987121833,-0.02647338222206419
2021-04-23,116712021.448545,0.03681227184149219,0.0
2021-04-26,116553726.67277884,-0.0013562851007249226,-0.001356285100724941
2021-04-27,116825084.5066589,0.0023281780997177473,0.0
2021-04-28,116919190.5822895,0.0008055297030428537,0.0
2021-04-29,119134573.6621628,0.01894798508987345,0.0
2021-05-04,120673202.39805296,0.012915047988112575,0.0
2021-05-05,120451113.55307677,-0.0018404156064708043,-0.0018404156064708577
2021-05-06,120152329.56328467,-0.0024805415323989463,-0.004316391911521
2021-05-07,123350555.70528571,0.026618095159915568,0.0
2021-05-10,127930138.3740369,0.03712656698274558,0.0
2021-05-11,125854745.03380355,-0.0162228648120851,-0.016222864812085125
2021-05-12,127449507.555101,0.012671453276307656,-0.003756978809251632
2021-05-13,127894456.65072954,0.00349117940244816,-0.0002789156938377557
2021-05-14,126836767.80328007,-0.00827001322143256,-0.008546622278794658
2021-05-17,126226995.4410508,-0.00480753627508871,-0.013313070357248602
2021-05-18,128272464.4888704,0.016204687758529852,0.0
2021-05-19,129267938.38702038,0.007760620349165854,0.0
2021-05-20,131453763.7055223,0.016909261072592423,0.0
2021-05-21,131383036.37996295,-0.0005380395628518368,-0.0005380395628518109
2021-05-24,130275483.99097162,-0.008429949706659674,-0.008963453623056505
2021-05-25,132223341.56393766,0.014951835244005156,0.0
2021-05-26,134160278.92486012,0.014648982078446672,0.0
2021-05-27,134945929.2086962,0.00585605732286894,0.0
2021-05-28,139597539.52214816,0.034470178839245906,0.0
2021-05-31,144075654.51470363,0.032078753020177576,0.0
2021-06-01,143881702.24182776,-0.0013461835278775808,-0.0013461835278776313
2021-06-02,147700758.67707908,0.02654303066857302,0.0
2021-06-03,154190377.9584161,0.043937616431107156,0.0
2021-06-04,154440272.56278285,0.001620688707528456,0.0
2021-06-07,147174601.41666642,-0.04704518468887579,-0.04704518468887575
2021-06-08,140949222.4380215,-0.04229927527386482,-0.08735448274527602
2021-06-09,147562934.11718118,0.04692265458979645,-0.04453073237620653
2021-06-10,145269927.1172336,-0.01553918003640859,-0.05937794134506813
2021-06-11,147825014.11830223,0.017588547414955698,-0.04283376566686259
2021-06-14,149099686.3247328,0.00862284515265111,-0.034580269442861744
2021-06-15,148511292.7475686,-0.0039463099599197455,-0.03839011494106248
2021-06-16,148930533.28987262,0.0028229539622728313,-0.03567553450587457
2021-06-17,153075702.17716968,0.027832901660461176,-0.008835586488999847
2021-06-18,153075702.17716968,0.0,-0.008835586488999847
2021-06-21,151839483.66666245,-0.008075863725755951,-0.01684009522233343
2021-06-22,150112840.70338953,-0.011371501809525892,-0.028020099858566017
2021-06-23,148674916.13189262,-0.009578957834380892,-0.037330654337886515
2021-06-24,146355854.6239696,-0.015598202899712546,-0.05234656611685773
2021-06-25,151399645.68244034,0.03446251652473814,-0.019688043991935134
2021-06-28,153188736.01327717,0.011817004741143427,-0.00810369295998814
2021-06-29,152441665.27040184,-0.004876799445688928,-0.01294097232034186
2021-06-30,150851178.967143,-0.010433409399179833,-0.023239363257280043
2021-07-01,156148309.39942122,0.03511494221355729,0.0
2021-07-02,161293342.47434545,0.032949655969463226,0.0
2021-07-05,158736154.6833581,-0.0158542674592665,-0.015854267459266547
2021-07-06,151653712.6054516,-0.0446176996792843,-0.05976458619441816
2021-07-07,153561510.69512132,0.01257996297547366,-0.04793645950051484
2021-07-08,152447658.9914917,-0.007253456276820805,-0.054842210764283084
2021-07-09,149357112.7152236,-0.02027283525843176,-0.07400323891868232
2021-07-12,146326181.03717798,-0.020293186062217545,-0.09279466348431631
2021-07-13,146448547.8440556,0.0008362605106636562,-0.0920360034863249
2021-07-14,144788919.63632903,-0.011332500268243069,-0.10232550572037113
2021-07-15,147421518.96380377,0.0181823259271989,-0.08600369548884557
2021-07-16,147942866.1598563,0.003536438911476195,-0.08277140339262679
2021-07-19,142987967.4631985,-0.03349197447144139,-0.11349120013467695
2021-07-20,146197165.07787526,0.022443829866332705,-0.0935945474554929
2021-07-21,147109018.94294035,0.006237151483610356,-0.08794115934240243
2021-07-22,148946034.74677342,0.01248744514124995,-0.07655187460409862
2021-07-23,148131266.41546082,-0.005470225056328644,-0.08160334367785893
2021-07-26,147740199.10010928,-0.0026400052116933035,-0.08402791563695111
2021-07-27,146369790.88571724,-0.00927579780411317,-0.09252428748571484
2021-07-28,143709994.53714934,-0.018171757522319764,-0.10901471609091884
2021-07-29,148133912.2199454,0.03078364658661558,-0.08158693999718636
2021-07-30,148627190.46583673,0.0033299481428595893,-0.078528672133652
2021-08-02,148859902.3520618,0.0015657423483259976,-0.07708588545284345
2021-08-03,152295163.69705224,0.023077143614308248,-0.05578766388776657
2021-08-04,151801738.0874335,-0.0032399296053831532,-0.058846845389304625
2021-08-05,152373080.4718306,0.0037637407291611,-0.055304588928917875
2021-08-06,151755465.5906344,-0.004053307049274889,-0.05913372949802986
2021-08-09,155859328.07703245,0.027042600873884513,-0.03369025846914486
2021-08-10,155906049.35923463,0.00029976571039169703,-0.03340059194301648
2021-08-11,153876750.25060636,-0.01301616657575881,-0.04598201085031606
2021-08-12,152266603.33210352,-0.010463873950291542,-0.0559647348350889
2021-08-13,156929266.29907316,0.030621704726676427,-0.02705676569363935
2021-08-16,158220615.01792163,0.008228858448795881,-0.01905055353981866
2021-08-17,158930463.17456406,0.0044864454392496995,-0.01464957736961281
2021-08-18,158527553.11689883,-0.002535134231772077,-0.017147572956314194
2021-08-19,158440560.8722954,-0.0005487515759438793,-0.017686914774574736
2021-08-20,155368486.52860948,-0.0193894437558956,-0.0367334190912334
2021-08-23,152543336.53246295,-0.018183545835250885,-0.05424902111675334
2021-08-24,152227418.71940115,-0.0020710036914301576,-0.05620767488519418
2021-08-25,153491089.9716483,0.00830120659522227,-0.04837305981143103
2021-08-26,153175172.1585865,-0.0020582159727978834,-0.05033171357987187
2021-08-27,153745484.98159623,0.003723271957019697,-0.04679584028057293
2021-08-30,155907508.85517406,0.014062356847985706,-0.03339154323761395
2021-08-31,156739890.3559019,0.005338944267918808,-0.028230874558060615
2021-09-01,157857991.66738057,0.007133482797135141,-0.02129877621893339
2021-09-06,160947451.14140382,0.019571131251517448,-0.0021444861122934533
2021-09-07,158439311.45245326,-0.015583593720580196,-0.017694661032560233
2021-09-08,159557412.76393193,0.007056969013742592,-0.01076256269343312
2021-09-09,159862892.90182468,0.0019145468242501291,-0.008868621299408463
2021-09-10,159721336.20755306,-0.0008854881311234444,-0.009746256371631845
2021-09-13,161711800.30639723,0.012462105227179058,0.0
2021-09-14,165058759.2388379,0.020697060610908705,0.0
2021-09-15,168378617.17753023,0.02011318850330469,0.0
2021-09-16,165112052.9954716,-0.019400112893281016,-0.01940011289328103
2021-09-17,168717823.16771132,0.021838321956656994,0.0
2021-09-20,167866056.5430268,-0.005048468553543553,-0.0050484685535435725
2021-09-21,170001974.41857988,0.01272394145391508,0.0
2021-09-22,170421315.7964268,0.002466685338691547,0.0
2021-09-23,168168913.08782494,-0.013216672445437649,-0.013216672445437672
2021-09-24,167126913.62183264,-0.006196147949461535,-0.01933092793702773
2021-09-27,163032819.53566572,-0.024496916728988682,-0.043354296534048875
2021-09-28,166519535.5458227,0.02138658964549295,-0.02289490743789868
2021-09-29,166455410.3427882,-0.00038509117158133215,-0.023271181982751465
2021-09-30,168195822.40952015,0.01045572542909756,-0.01305877364287611
2021-10-01,169689512.2388816,0.008880659507253573,-0.004294084657927244
2021-10-04,172395108.6125107,0.015944393604127406,0.0
2021-10-05,174769471.6728173,0.013772798308584211,0.0
2021-10-06,178579895.79359195,0.021802572750852515,0.0
2021-10-07,180735235.74182191,0.01206933142530879,0.0
2021-10-08,177818145.6197004,-0.016140129566591766,-0.01614012956659172
2021-10-11,180015050.05512378,0.012354782059879832,-0.003984755289925368
2021-10-12,182646993.1607878,0.014620683686492143,0.0
2021-10-13,186664614.01317507,0.02199664381471907,0.0
2021-10-14,188928311.22191405,0.012127082686272866,0.0
2021-10-15,190430143.2265308,0.007949216265701409,0.0
2021-10-18,187151074.04220033,-0.017219275944301355,-0.017219275944301393
2021-10-19,191671491.34547955,0.024153841095562834,0.0
2021-10-20,194319707.91877037,0.013816434330953942,0.0
2021-10-21,195965797.18669975,0.00847103613709359,0.0
2021-10-22,194754291.64660865,-0.0061822295394582385,-0.006182229539458239
2021-10-25,191103947.76795632,-0.018743329596433565,-0.024809683569992913
2021-10-26,192945709.60048914,0.009637487106070363,-0.015411299469434092
2021-10-27,194614400.12309545,0.008648497683941674,-0.006896086373260335
2021-10-28,199390967.03157324,0.024543748589295342,0.0
2021-10-29,200445822.3323366,0.005290386603101905,0.0
2021-11-01,201370719.8521333,0.00461420202743478,0.0
2021-11-02,201191916.56146792,-0.0008879309305577471,-0.0008879309305577232
2021-11-03,194327760.579991,-0.03411745411441405,-0.03497509110219177
2021-11-04,194841591.15784845,0.002644143977802528,-0.032423426300900116
2021-11-05,197670793.20678565,0.014520524248055227,-0.018373707200652234
2021-11-08,203665776.9241887,0.03032812091329868,0.0
2021-11-09,206511050.21960372,0.01397030634397708,0.0
2021-11-10,210198189.21829575,0.01785443924076283,0.0
2021-11-11,210275055.8375358,0.00036568640065789417,0.0
2021-11-12,214657216.7654785,0.02084013679363124,0.0
2021-11-15,219192204.6442508,0.0211266499543175,0.0
2021-11-16,218192141.39666015,-0.0045624945887731945,-0.004562494588773225
2021-11-17,225954436.46277606,0.03557550247423683,0.0
2021-11-18,231547870.85650462,0.024754700466569603,0.0
2021-11-19,229672638.81595865,-0.008098679696813509,-0.008098679696813549
2021-11-22,227619949.2082336,-0.008937458194007672,-0.016963756279604225
2021-11-23,222978955.1001419,-0.0203892238981477,-0.03700710235281346
2021-11-24,224248248.02850223,0.005692433744656584,-0.03152532908638206
2021-11-25,223840342.40161443,-0.0018189913654797117,-0.033286976150459724
2021-11-26,222978955.1001419,-0.003848221872029723,-0.03700710235281346
2021-11-29,223524156.12369633,0.0024450783855793014,-0.03465250923330998
2021-11-30,218747623.36706486,-0.021369201608743227,-0.05528121438599776
2021-12-01,217548810.35464466,-0.005480347598604828,-0.06045860171409434
2021-12-02,215817408.76376134,-0.007958681033745075,-0.06793611202105065
2021-12-03,210149211.5832988,-0.02626385523267531,-0.09241570304253433
2021-12-06,208972210.15152484,-0.005600789186436807,-0.09749889135871359
2021-12-07,212686658.038827,0.01777484137536197,-0.0814570773115264
2021-12-08,211282915.76976067,-0.006600048550342418,-0.0875195051968437
2021-12-09,212965045.38580558,0.007961503228580772,-0.08025478879145143
2021-12-10,214727256.34582022,0.00827464881301171,-0.07264422017125138
2021-12-13,219323186.56940535,0.0214035716834352,-0.052795494261638765
2021-12-14,222305288.72305158,0.013596839441791245,-0.03991650667857305
2021-12-15,222814780.41640902,0.0022918559260736424,-0.03771613363487891
2021-12-16,227257075.2582343,0.019937164103401316,-0.018530922277101958
2021-12-17,222553468.95512518,-0.02069729313274123,-0.038844675479453916
2021-12-20,225220421.60772556,0.011983424321002752,-0.027326743387333208
2021-12-21,229729451.34234738,0.0200205190205858,-0.007853319952504156
2021-12-22,234337386.327901,0.020058094243592593,0.0
2021-12-23,231838441.31873715,-0.010663876764705229,-0.01066387676470526
2021-12-24,224997548.2887731,-0.029507155892922143,-0.03985637198350833
2021-12-27,230164031.80506682,0.022962399170958128,-0.01780917073554167
2021-12-28,225199114.04067385,-0.0215712147786754,-0.038996220067250564
2021-12-29,229902720.34378296,0.02088643342646356,-0.01892427859510537
2021-12-30,228857474.49864763,-0.0045464701051485265,-0.023384710033359735
2021-12-31,223713442.68886727,-0.02247701029231954,-0.04533610195757665
2022-01-04,223118960.54527175,-0.002657337603186865,-0.04787296623224968
2022-01-05,231431549.39760917,0.03725630861681413,-0.012400227619786541
2022-01-06,228653503.95516908,-0.01200374559851947,-0.024255124040594378
2022-01-07,233575256.74118125,0.021524939267832763,-0.0032522748446691674
2022-01-10,235849438.2953361,0.009736397535783533,0.0
2022-01-11,240103023.27285057,0.018035171117041365,0.0
2022-01-12,233208218.705397,-0.02871602561879606,-0.02871602561879605
2022-01-13,223954559.06817847,-0.039679817840846884,-0.06725639679397599
2022-01-14,221281374.74913317,-0.011936279976472852,-0.07838988558810722
2022-01-17,214416137.6529094,-0.03102492066495382,-0.10698276627175518
2022-01-18,206799484.3179776,-0.035522761571525965,-0.13870520454474733
2022-01-19,206069673.2819798,-0.0035290757054095984,-0.1417447790825842
2022-01-20,208657185.13688105,0.012556490305881048,-0.1309681057211629
2022-01-21,207197563.06488547,-0.006995311812713569,-0.13704725479683644
2022-01-24,204411011.8365303,-0.013448764489003858,-0.14865290303221312
2022-01-25,205666953.1926655,0.0061441961705056254,-0.14342205945925257
2022-01-26,206742760.69538864,0.00523082335797214,-0.13894145155994841
2022-01-27,201850618.41319102,-0.023662943581398848,-0.1593166314119665
2022-01-28,203798196.2072579,0.009648609498337813,-0.15120520587671338
2022-02-07,207268262.3411999,0.01702697177168847,-0.13675280087722008
2022-02-08,214862126.4609285,0.036637852963845294,-0.1051252769243084
2022-02-09,219602315.13800973,0.0220615366475171,-0.08538296542623725
2022-02-10,220165262.82555553,0.002563487034241966,-0.08303835651681057
2022-02-11,222357898.83981955,0.009959046155257098,-0.07390629318676112
2022-02-14,221675599.77422044,-0.0030684723554193277,-0.0767479861246454
2022-02-15,221702385.41803193,0.00012083262135650314,-0.07663642716363617
2022-02-16,218300752.96394247,-0.015343237952426625,-0.09080381417826722
2022-02-17,220355060.98481688,0.009410448626412793,-0.08224787018026136
2022-02-18,226486110.60017204,0.02782350261416329,-0.056712791397067974
2022-02-21,228462260.0802874,0.008725256815434283,-0.04848236825129326
2022-02-22,231488198.06412348,0.013244804558847897,-0.03587970318448386
2022-02-23,236357828.85513347,0.02103619463857539,-0.015598280965671507
2022-02-24,243900165.1761537,0.03191066848749488,0.0
2022-02-25,243854308.72361666,-0.00018801320820718083,-0.0001880132082071606
2022-02-28,240207368.2638617,-0.014955407098787002,-0.015140608492925534
2022-03-01,242937016.41307345,0.011363715313733903,-0.003948946743781878
2022-03-02,245325415.13203114,0.0098313495169325,0.0
2022-03-03,246184203.71585667,0.003500609928096276,0.0
2022-03-04,247003305.66339505,0.003327191327367921,0.0
2022-03-07,241132853.3172914,-0.02376669547128906,-0.023766695471289068
2022-03-08,230968223.28470704,-0.04215365054055649,-0.06491849303644504
2022-03-09,230173464.37934375,-0.0034409880894464774,-0.06813609736456827
2022-03-10,235349496.08516514,0.022487525744022744,-0.047180783864128495
2022-03-11,234466619.0520877,-0.003751344480287159,-0.050755136971291304
2022-03-14,229751208.77052167,-0.02011122223124852,-0.06984561136353273
2022-03-15,231510317.4768992,0.007656580854530151,-0.06272380907974162
2022-03-16,238225074.98578188,0.029004139349222267,-0.03553891982958213
2022-03-17,242783464.9230219,0.019134803242320714,-0.017084146825645075
2022-03-18,244960614.5947953,0.00896745448650579,-0.008269893648239046
2022-03-21,248150519.4724667,0.01302211330155275,0.0
2022-03-22,249720557.31393433,0.0063269577061748645,0.0
2022-03-23,252866634.43794602,0.01259839060849375,0.0
2022-03-24,253519406.16682547,0.0025814862064755455,0.0
2022-03-25,258442540.61571187,0.01941916211986858,0.0
2022-03-28,260294446.90416637,0.007165640316189947,0.0
2022-03-29,259698734.51301748,-0.002288609681205457,-0.002288609681205478
2022-03-30,258158122.20606396,-0.005932305792103488,-0.00820733874084123
2022-03-31,256500694.55183095,-0.00642020340119315,-0.014574849357935737
2022-04-01,260728840.0960807,0.016483953587873676,0.0
2022-04-04,258398567.0654939,-0.008937534603874487,-0.008937534603874475
2022-04-05,259520691.33451155,0.0043426102619726304,-0.004633736571389324
2022-04-06,259863221.7450895,0.00131985780716207,-0.0033199946376173406
2022-04-07,250793570.16187572,-0.03490163603109089,-0.03810575742424094
2022-04-08,251619410.19796884,0.0032929075317205065,-0.03493832862814472
2022-04-12,246145428.72584152,-0.021755004782105264,-0.055933249903865834
2022-04-13,255645802.08458525,0.038596586611101796,-0.01949549581711907
2022-04-14,264625786.84662375,0.03512666622652893,0.0
2022-04-15,264514036.35457435,-0.0004222963052129393,-0.0004222963052129547
2022-04-18,262381230.00745144,-0.008063112175506388,-0.008482003458239129
2022-04-19,268710429.7349758,0.024122151296206002,0.0
2022-04-20,264617040.43501118,-0.015233458946874045,-0.015233458946874001
2022-04-21,264541597.0652849,-0.00028510397366037735,-0.0155142198008561
2022-04-22,252806515.5064214,-0.04436006166533983,-0.05918606971914031
2022-04-25,239365278.78832433,-0.0531680787228589,-0.10920733882787537
2022-04-26,240898342.26967296,0.006404702842070732,-0.10350207653917043
2022-04-27,241323654.0517243,0.0017655239054125188,-0.10191928802414774
2022-04-28,242727182.93249375,0.0058159606702648595,-0.09669608592457268
2022-04-29,245789427.76326352,0.012615994606675084,-0.08530000861640863
2022-05-04,246299801.90172514,0.0020764690455001814,-0.08340066239838129
2022-05-05,243886769.28798357,-0.009797135828409593,-0.09238071060909459
2022-05-06,241920040.20947373,-0.008064107307877398,-0.09969984995344228
2022-05-09,237872568.77254045,-0.016730616584837925,-0.11476242657514335
2022-05-10,237894829.86544356,9.358411109771133e-05,-0.114679582403724
2022-05-11,237894829.86544356,0.0,-0.114679582403724
2022-05-12,237894829.86544356,0.0,-0.114679582403724
2022-05-13,237894829.86544356,0.0,-0.114679582403724
2022-05-16,237894829.86544356,0.0,-0.114679582403724
2022-05-17,237704514.0015512,-0.0007999999999999655,-0.11538783873780101
2022-05-18,236448377.5765971,-0.005284444976698756,-0.12006252302970966
2022-05-19,236504630.35864002,0.00023790724478410763,-0.11985317952898145
2022-05-20,236350356.20591396,-0.000652309227485779,-0.12042730742151697
2022-05-23,233755404.5012973,-0.010979258699977939,-0.1300843635587723
2022-05-24,234613713.07892013,0.0036718234577462674,-0.12689018691862708
2022-05-25,239232015.6383623,0.01968470853146015,-0.10970327473216257
2022-05-26,240623356.52759475,0.005815864091266498,-0.10452542997710523
2022-05-27,243157617.8490286,0.010532067036240567,-0.09509423177637544
2022-05-30,243726221.53331953,0.0023384160830362283,-0.09297818557432902
2022-05-31,242330081.61921525,-0.0057283123060003546,-0.0981738897957144
2022-06-01,242662874.69114137,0.0013733048315852528,-0.09693540764132114
2022-06-02,237816295.64728934,-0.01997247848489681,-0.11497184578267694
2022-06-03,235104197.73277175,-0.011404171892997418,-0.1250648589835135
2022-06-06,233385359.65562928,-0.007310962942040588,-0.13146147737617409
2022-06-07,231025708.49243784,-0.010110536353579377,-0.14024286768364636
2022-06-08,234231439.31710002,0.013876078318647865,-0.1283128103806086
2022-06-09,237343348.43951952,0.013285616702404484,-0.1167319084949292
2022-06-10,230842481.4414897,-0.027390137708815532,-0.14092474315505576
2022-06-13,220230955.06500554,-0.04596868960262757,-0.1804153069822585
2022-06-14,221219966.09093785,0.004490790250809137,-0.17673472403314205
2022-06-15,219627604.5537915,-0.007198091407770041,-0.18266066274239456
2022-06-16,219627604.5537915,0.0,-0.18266066274239456
2022-06-17,219627604.5537915,0.0,-0.18266066274239456
2022-06-20,219539753.51196998,-0.00039999999999996814,-0.1829875984772975
2022-06-21,215841976.4195444,-0.016843314403302227,-0.1967487952275414
2022-06-22,219310776.29854763,0.01607101610421099,-0.18383973217991634
2022-06-23,219310776.29854763,0.0,-0.18383973217991634
2022-06-24,219310776.29854763,0.0,-0.18383973217991634
2022-06-27,219310776.29854763,0.0,-0.18383973217991634
2022-06-28,219310776.29854763,0.0,-0.18383973217991634
2022-06-29,219310776.29854763,0.0,-0.18383973217991634
2022-06-30,219223051.9880282,-0.0004000000000000365,-0.18416619628704445
2022-07-01,219631198.59404287,0.0018617868983821916,-0.18264728760003435
2022-07-04,219291076.42236397,-0.0015486059077953144,-0.18391304483920945
2022-07-05,219018978.68502086,-0.0012408062461193399,-0.18492565063054944
2022-07-06,216366025.74592555,-0.012112890650041,-0.19479855709611493
2022-07-07,217454416.69529796,0.005030322785752358,-0.19074813393075485
2022-07-08,217930587.73564842,0.0021897510640939916,-0.18897607379590964
2022-07-11,218134661.03865576,0.0009364142277029833,-0.18821661945240464
2022-07-12,219183415.2276478,0.004807829182205037,-0.1843137036257788
2022-07-13,220825324.66519797,0.0074910295372706045,-0.17820337348649273
2022-07-14,220989515.60895297,0.0007435331251247439,-0.17759234047256411
2022-07-15,221810470.32772803,0.0037149034718360384,-0.17453717540292113
2022-07-18,222138852.2152381,0.0014804616167346497,-0.17331510937506378
2022-07-19,222138852.2152381,0.0,-0.17331510937506378
2022-07-20,223452379.7652782,0.00591309236066176,-0.16842684526363494
2022-07-21,224109143.54029825,0.0029391666166632435,-0.16598271320792046
2022-07-22,224161825.1908031,0.0002350714016957739,-0.16578665959527572
2022-07-25,222101117.83176538,-0.009192945129188185,-0.17345553705965322
2022-07-26,222101117.83176538,0.0,-0.17345553705965322
2022-07-27,222263855.77963895,0.0007327200757126826,-0.1728499113381876
2022-07-28,224454193.22083688,0.009854672202616325,-0.16469861835206046
2022-07-29,225063747.87286842,0.0027157196008889433,-0.16243017401726956
2022-08-01,225949832.79094878,0.0039370397340973895,-0.15913262833229447
2022-08-02,226543549.67899537,0.0026276491587223514,-0.15692312389053475
2022-08-03,228740639.91315842,0.009698312917212824,-0.14874670053275885
2022-08-04,229926297.7638755,0.0051834158161279675,-0.14433430071676923
2022-08-05,231843861.3769423,0.008339905577203911,-0.13719812957909494
2022-08-08,230975827.20654565,-0.0037440463820837,-0.14042849980049943
2022-08-09,230868292.99618408,-0.0004655647807915836,-0.14082868601756449
2022-08-10,235733812.69221783,0.021074871879934443,-0.12272176065246976
2022-08-11,233816249.07915103,-0.00813444448705553,-0.12985793179014404
2022-08-12,238078898.50219548,0.018230766423771767,-0.11399457498911247
2022-08-15,236838960.61757937,-0.0052080965277343655,-0.11860897676666549
2022-08-16,237067354.05924633,0.0009643406687455638,-0.11775901555789436
2022-08-17,235986787.95714194,-0.004558055268269234,-0.12178031872491368
2022-08-18,233757320.90849477,-0.009447423171216109,-0.13007723169121
2022-08-19,237473132.51231223,0.01589602237643728,-0.1162489199004012
2022-08-22,240174855.11403683,0.011376961145634103,-0.10619451819969583
2022-08-23,243969231.98605713,0.015798393508840488,-0.09207382747785586
2022-08-24,245941573.19414252,0.008084385035069124,-0.08473380271577025
2022-08-25,246964032.13870308,0.004157324568113761,-0.08092874406743655
2022-08-26,250220174.62903336,0.013184683057415918,-0.06881108085078447
2022-08-29,247524057.00533244,-0.010774980985038778,-0.07884462374809609
2022-08-30,246543879.68680206,-0.003959927493064905,-0.08249233224790053
2022-08-31,248181810.85611358,0.0066435685663431415,-0.07639680714704389
2022-09-05,250684790.97995833,0.010085268195967334,-0.06708202124047002
2022-09-06,250039069.08014426,-0.0025758319732515932,-0.06948506119858011
2022-09-07,246321610.02046105,-0.014867512798536528,-0.08331950396043963
2022-09-08,243385745.42780554,-0.011918826742045238,-0.09424525997054722
2022-09-09,247881731.63978243,0.018472676795734985,-0.07751354540177824
2022-09-12,248713240.53705168,0.003354458159416055,-0.07441910318720046
2022-09-13,249700021.87129563,0.003967546448726154,-0.07074681798704208
2022-09-14,250253322.19668025,0.00221586013985136,-0.06868772290118952
2022-09-15,248947956.35771364,-0.0052161778613300045,-0.07354561338297716
2022-09-16,243214211.1508667,-0.023031903096276583,-0.09488362103866077
2022-09-19,236288995.58823764,-0.028473729104313346,-0.12065565962108293
2022-09-20,241305509.17811763,0.021230415650087556,-0.10198681377528651
2022-09-21,238111280.91866767,-0.01323727862794946,-0.11387406453291571
2022-09-22,240777284.84968117,0.01119646209422614,-0.10395258908574778
2022-09-23,238298310.33866832,-0.010295715862733862,-0.11317803862805931
2022-09-26,231377995.92938423,-0.02904055173303147,-0.1389318376752695
2022-09-27,228624209.62568206,-0.011901677567224767,-0.1491799933066612
2022-09-28,228624209.62568206,0.0,-0.1491799933066612
2022-09-29,228624209.62568206,0.0,-0.1491799933066612
2022-09-30,228532759.9418318,-0.00039999999999993773,-0.14952032130933857
2022-10-03,224556008.6829949,-0.017401230615029083,-0.16431971433163062
2022-10-04,223536712.75249457,-0.004539161238563274,-0.16811300189216793
2022-10-05,223536712.75249457,0.0,-0.16811300189216793
2022-10-06,223536712.75249457,0.0,-0.16811300189216793
2022-10-07,223536712.75249457,0.0,-0.16811300189216793
2022-10-10,223536712.75249457,0.0,-0.16811300189216793
2022-10-11,223536712.75249457,0.0,-0.16811300189216793
2022-10-12,223268468.6971916,-0.0011999999999999288,-0.16911126628989726
2022-10-13,225107626.82374647,0.008237428855434303,-0.1622668794591784
2022-10-14,227755050.87868652,0.011760703501231925,-0.152414548615336
2022-10-17,226837645.5382731,-0.004028035105584009,-0.15582865256849565
2022-10-18,227727197.67631477,0.003921536638818559,-0.15251820370010216
2022-10-19,227361981.05204538,-0.0016037461840131412,-0.15387734939693876
2022-10-20,226367451.5195469,-0.004374212117156128,-0.15757846934780695
2022-10-21,220516442.3732246,-0.025847395935440276,-0.17935287219511387
2022-10-24,215919903.84191608,-0.02084442539449666,-0.19645879002585076
2022-10-25,212998614.90926176,-0.01352950274928391,-0.20733030303535893
2022-10-26,214293791.49908808,0.006080680808079742,-0.2025103316218796
2022-10-27,220184578.64872164,0.027489303859083686,-0.18058789580335355
2022-10-28,219775670.02783293,-0.001857117439369245,-0.18210964031208743
2022-10-31,218636439.17378065,-0.005183607693736074,-0.1863492630731982
2022-11-01,221878543.13801906,0.01482874481715034,-0.17428384392502438
2022-11-02,221683910.2586469,-0.000877204603110625,-0.17500816593799617
2022-11-03,220718337.1842841,-0.004355629929281941,-0.1786015250618498
2022-11-04,212467230.73980433,-0.03738296758547378,-0.20930783762522032
2022-11-07,206994420.15315324,-0.025758374915486635,-0.22967478278640674
2022-11-08,208900664.0426262,0.009209155918611475,-0.22258073775304843
2022-11-09,210180520.6709016,0.006126627859901103,-0.21781777924214252
2022-11-10,206439389.97364,-0.01779960714399135,-0.23174031548664709
2022-11-11,206833193.2049307,0.001907597340512304,-0.2302747853556466
2022-11-14,205454881.89541325,-0.006663878694517905,-0.2354041408141484
2022-11-15,201650752.24436954,-0.01851564497250644,-0.24956112629028215
2022-11-16,211028079.9691103,0.046502815488518,-0.21466360581074784
2022-11-17,215237813.97905952,0.019948691238461803,-0.19899717256473948
2022-11-18,214631976.99381655,-0.002814733034325951,-0.20125178168371005
2022-11-21,213530934.12498373,-0.005129910669669446,-0.20534928869123026
2022-11-22,212912885.46168515,-0.0028944221399641395,-0.20764934330358065
2022-11-23,212925097.13974077,5.735527950379401e-05,-0.20760389781020072
2022-11-24,213288599.33088654,0.0017071833993679692,-0.20625113233881842
2022-11-25,217141774.6800478,0.01806554762537317,-0.1919116243674993
2022-11-28,224611058.73197094,0.03439819013604776,-0.1641148467757626
2022-11-29,226070335.6442518,0.006496905898218561,-0.15868417959354675
2022-11-30,228490332.8199035,0.010704620616213216,-0.14967821291767747
2022-12-01,233572661.96530402,0.02224308172112658,-0.13076443591835096
2022-12-02,240552008.281335,0.02988083561366323,-0.10479095091847734
2022-12-05,241749795.19110525,0.0049793261687069,-0.10033341307392252
2022-12-06,232362663.37747818,-0.038829947327179565,-0.1352674192562856
2022-12-07,228885639.09384364,-0.014963782188991534,-0.14820708924625903
2022-12-08,234355409.68693352,0.02389739528764083,-0.12785145735476666
2022-12-09,239897625.6311915,0.023648764718773124,-0.10722622166992868
2022-12-12,235865800.32865107,-0.016806441047227286,-0.12223057154394346
2022-12-13,243708664.75284946,0.03325138452997546,-0.0930435227496943
2022-12-14,245777346.8114794,0.008488340210340194,-0.08534496761482202
2022-12-15,245260861.7334966,-0.0021014348339391388,-0.08726705556091396
2022-12-16,246479592.40137437,0.004969120059612491,-0.08273157597763259
2022-12-19,240573722.1942081,-0.023960889214507453,-0.10471014306559834
2022-12-20,234548137.00945848,-0.025046730498210133,-0.1271342268300154
2022-12-21,239176592.4770751,0.019733499172623865,-0.10990953081735377
2022-12-22,242359305.9429107,0.013306960488370791,-0.09806513211286494
2022-12-23,250196453.87340438,0.032336897071077494,-0.0688993571251828
2022-12-26,250204951.33876628,3.396317266028385e-05,-0.06886773399328472
2022-12-27,249544580.27412844,-0.002639320529447585,-0.07132529049858727
2022-12-28,249376606.4738579,-0.0006731214121581238,-0.07195040133048236
2022-12-29,248621912.79364902,-0.0030263210767045466,-0.07475897739116322
2022-12-30,249522224.00577182,0.003621206200235606,-0.0714084888633797
2023-01-03,260205290.40886402,0.042814087785804165,-0.03165169038842386
2023-01-04,256833728.4439025,-0.012957315201638479,-0.04419888466103494
2023-01-05,259518168.54350287,0.010452054392796423,-0.03420879941481658
2023-01-06,257531902.50246084,-0.00765366853576987,-0.04160064513885875
2023-01-09,255384901.61314607,-0.008336834654084285,-0.04959066209291718
2023-01-10,255527276.6773005,0.0005574920962638353,-0.04906081639881865
2023-01-11,258191569.18954557,0.010426646215189513,-0.03914570995924793
2023-01-12,255611972.7586446,-0.009991017286111337,-0.048745621780479365
2023-01-13,255349024.44704446,-0.0010287010767231596,-0.04972417818359143
2023-01-16,255056550.2086042,-0.0011453900756959027,-0.05081261467907372
2023-01-17,257449213.39449066,0.009380912522848658,-0.04190837084958665
2023-01-18,261828982.19697803,0.017012166185088447,-0.02560915683393772
2023-01-19,261840545.46602458,4.416344191356861e-05,-0.025566124380534405
2023-01-27,261481240.97292522,-0.001372226338972333,-0.026903268210246356
2023-01-30,264730219.18799567,0.012425282222853103,-0.014812266687622588
2023-01-31,267541261.61350328,0.01061851734996438,-0.004351033648473113
2023-02-01,262013124.0055408,-0.020662747774392174,-0.024923877112028925
2023-02-02,257348506.1799122,-0.017802993049805916,-0.0422831505508352
2023-02-03,257315253.85446262,-0.00012921126274709842,-0.042406898354306666
2023-02-06,259874035.8492295,0.00994415199424647,-0.03288444700290005
2023-02-07,249486838.7096296,-0.03997012285454417,-0.07154017447073457
2023-02-08,245604815.3224976,-0.01556003277451506,-0.08598703978579048
2023-02-09,245291831.19184005,-0.0012743403676616924,-0.08715180339755735
2023-02-10,239232099.74592885,-0.024704171420906182,-0.10970296172768912
2023-02-13,234016606.0699306,-0.02180097771802881,-0.12911230762149084
2023-02-14,234316327.86445555,0.001280771478394028,-0.12799689950420812
2023-02-15,235142644.20075,0.003526499172402701,-0.12492178129197706
2023-02-16,236493473.67746305,0.005744723511571164,-0.11989469887450133
2023-02-17,235367435.54664367,-0.004761391988157377,-0.1240852252040151
2023-02-20,236720346.42470762,0.005748080123836143,-0.11905039689683583
2023-02-21,237932059.6389806,0.005118753975203306,-0.11454103261399773
2023-02-22,232749097.20246634,-0.021783371456450543,-0.1338293142100122
2023-02-23,237133587.2544753,0.018837839135397067,-0.11751253016730379
2023-02-24,235910279.35020489,-0.005158728961315975,-0.1220650438359282
2023-02-27,235459586.96442103,-0.0019104397952698186,-0.12374228571384249
2023-02-28,235266433.08479938,-0.0008203270977912703,-0.12446110366152008
2023-03-01,237262356.5075564,0.008483672730472432,-0.11703331820218543
2023-03-02,238228125.90566468,0.004070470395406005,-0.1134392284637975
2023-03-03,237489245.92840305,-0.003101564831829386,-0.11618895417407371
2023-03-06,236110033.09826797,-0.005807474880571538,-0.12132166462187943
2023-03-07,240574451.10122916,0.018908209635899367,-0.10470743045402686
2023-03-08,243632120.08000463,0.012709865759971588,-0.09332838207919747
2023-03-09,243494038.5884843,-0.0005667622621967974,-0.09384224933643992
2023-03-10,245272926.75362092,0.007305674403565317,-0.0872221558518248
2023-03-13,244582919.81728625,-0.002813220951319215,-0.08979000160688244
2023-03-14,242334314.2682202,-0.009193632780023518,-0.09815813808481455
2023-03-15,245048763.20375535,0.011201257006181797,-0.08805637561056912
2023-03-16,245558903.20817804,0.0020817897538153197,-0.08615790071725793
2023-03-17,247795298.96216384,0.009107369860215729,-0.07783520272525402
2023-03-20,243424051.9100489,-0.017640556824213137,-0.09410270323286818
2023-03-21,245251852.11546865,0.007508708326386604,-0.08730058465778168
2023-03-22,246296309.3757085,0.004258713038171437,-0.0834136597577324
2023-03-23,247601880.9510083,0.00530081664077328,-0.07855500363267065
2023-03-24,249475617.93407747,0.007567539373579832,-0.07158193234207277
2023-03-27,251794447.388374,0.009294813952156507,-0.06295245913337166
2023-03-28,249909322.63719842,-0.007486760612587772,-0.06996790975445422
2023-03-29,247991372.66470143,-0.007674583533969789,-0.07710551872031612
2023-03-30,242445728.04145786,-0.022362248184906012,-0.0977435141591726
2023-03-31,244430580.44859326,0.008186790599156238,-0.0903569292428631
2023-04-03,250875521.88203567,0.026367164949714073,-0.06637222035084522
2023-04-04,254795327.8544076,0.015624505503630084,-0.051784747969375156
2023-04-05,257383423.45938867,0.010157547341134632,-0.04215320665728817
2023-04-06,258169677.02180144,0.0030547948731314777,-0.03922718118373936
2023-04-07,262697083.67014354,0.017536554643323897,-0.022378536146747674
2023-04-10,260871748.2912882,-0.006948441731265414,-0.029171481923566445
2023-04-11,266112590.9032894,0.020089728559450255,-0.009667800517637604
2023-04-12,265427098.84912586,-0.0025759474658328617,-0.012218844237226856
2023-04-13,262740212.95002088,-0.010122877094144268,-0.022218031472925115
2023-04-14,259816952.89104745,-0.011126047384035201,-0.03309687998601263
2023-04-17,263869656.25017634,0.01559830224330422,-0.018014832880040577
2023-04-18,267724502.16286057,0.014608901862628079,-0.00366910794302866
2023-04-19,273543976.84974325,0.02173680272021799,0.0
2023-04-20,271003220.18515253,-0.009288293216510283,-0.009288293216510257
2023-04-21,270673883.27941537,-0.0012152508944807182,-0.010492256504351483
2023-04-24,268345994.9567871,-0.008600343315077766,-0.019002362811341933
2023-04-25,262842971.26374948,-0.020507195175108926,-0.03911987282349039
2023-04-26,266748392.87878883,0.014858383301109687,-0.02484274758748284
2023-04-27,266018106.6341588,-0.002737734374886685,-0.027512469118332605
2023-04-28,268888108.6384929,0.010788746828730197,-0.017020547353553406
2023-05-04,268593829.9928956,-0.0010944278907957308,-0.0180963474826088
2023-05-05,270735946.78910637,0.00797530157810187,-0.010265369733142848
2023-05-08,270052298.9194951,-0.0025251462826390045,-0.01276459445556033
2023-05-09,268410594.05905113,-0.00607921083068945,-0.018766206625386084
2023-05-10,268006830.46216267,-0.0015042759333099333,-0.02024225300570992
2023-05-11,272308070.02148503,0.01604899230331224,-0.004518128465088034
2023-05-12,276566958.9380296,0.015639965852677563,0.0
2023-05-15,273050406.0250187,-0.012715014571928132,-0.01271501457192814
2023-05-16,275537834.29256004,0.009109776849456266,-0.003721068667859706
2023-05-17,272070832.1544225,-0.012582671802727216,-0.016256919484783805
2023-05-18,274399212.716427,0.00855799404723752,-0.007838052057723477
2023-05-19,269262970.71230537,-0.018718136809778747,-0.026409475136763616
2023-05-22,272107922.061373,0.01056569843800514,-0.016122811248959534
2023-05-23,273598864.77411026,0.005479233024318143,-0.010731918864481549
2023-05-24,275998368.9607009,0.008770154030323772,-0.0020558854156401685
2023-05-25,278468027.12309444,0.008948089699563268,0.0
2023-05-26,275649691.7997667,-0.010120857868116754,-0.010120857868116784
2023-05-29,280621446.5625587,0.018036496722816937,0.0
2023-05-30,288592657.09687865,0.02840556426446516,0.0
2023-05-31,285620892.6388414,-0.010297436143843588,-0.010297436143843597
2023-06-01,289249426.3214536,0.012704020525558496,0.0
2023-06-02,288815833.34380084,-0.0014990279606323597,-0.001499027960632393
2023-06-05,285038819.54348046,-0.013077585659316337,-0.014557009953387823
2023-06-06,291385854.1854819,0.022267263989399377,0.0
2023-06-07,291374030.1057363,-4.0578770642942944e-05,-4.057877064289617e-05
2023-06-08,287976884.0081973,-0.0116590558750422,-0.011699161535530855
2023-06-09,294032663.0459054,0.021028698392110266,0.0
2023-06-12,296273150.34866124,0.007619858554306397,0.0
2023-06-13,294159973.51920426,-0.007132528975272138,-0.007132528975272168
2023-06-14,288528648.0117178,-0.019143751748804196,-0.02613973736003261
2023-06-15,289331466.3740453,0.002782456327507942,-0.023430013710141417
2023-06-16,289855706.12793255,0.0018119002418129776,-0.021660566315835572
2023-06-19,289827333.6201064,-9.788493800990343e-05,-0.02175633101065433
2023-06-20,294123877.4014492,0.014824494735111958,-0.007254362890065202
2023-06-21,303878886.86309445,0.03316632960176385,0.0
2023-06-22,304495564.565936,0.0020293535665062827,0.0
2023-06-23,310173423.124158,0.01864676934232486,0.0
2023-06-26,303142581.26144695,-0.022667454199958085,-0.02266745419995808
2023-06-27,299580845.29375935,-0.011749375336405705,-0.034150501109047715
2023-06-28,299436501.00604665,-0.000481820817252698,-0.03461586750394641
2023-06-29,289919614.0870386,-0.03178265470987419,-0.06529833804945995
2023-06-30,293320132.606813,0.011729177173758055,-0.05433505665183591
2023-07-03,294952973.6404527,0.005566754041491058,-0.049070772506556115
2023-07-04,304304494.5832152,0.031705125150431564,-0.0189214423396733
2023-07-05,301910236.7238223,-0.00786796745369184,-0.026640536500859735
2023-07-06,299076148.83844477,-0.009387187119362428,-0.0357776439191283
2023-07-07,301916417.7329371,0.009496808440002306,-0.02662060890986062
2023-07-10,306687902.31985056,0.015803991789324043,-0.011237329005174823
2023-07-11,310344929.1177441,0.011924261668722565,0.0
2023-07-12,308408521.7037831,-0.006239532959232999,-0.006239532959232963
2023-07-13,311445617.7813088,0.009847639944407153,0.0
2023-07-14,312404014.43250287,0.003077252003163531,0.0
2023-07-17,309416868.0898,-0.009561805241616895,-0.009561805241616872
2023-07-18,307337011.6480931,-0.006721858619237504,-0.016219390757875596
2023-07-19,308804009.0186808,0.004773253187830977,-0.011523556828684334
2023-07-20,308739350.41448116,-0.0002093839532884317,-0.01173052793408802
2023-07-21,313579457.42525744,0.015677000694205193,0.0
2023-07-24,309485607.83241034,-0.013055222515087391,-0.013055222515087395
2023-07-25,308512412.04723793,-0.0031445591024038782,-0.0161587286986975
2023-07-26,311344329.33394754,0.00917926532653084,-0.007127788630231446
2023-07-27,312878967.27269304,0.004929069824488269,-0.0022338521735958405
2023-07-28,317983495.72235405,0.01631470627174536,0.0
2023-07-31,320562883.20963085,0.00811170240586629,0.0
2023-08-01,315563021.4805317,-0.01559713239111814,-0.015597132391118151
2023-08-02,322804995.8198511,0.022949375707401107,0.0
2023-08-03,324584030.9900394,0.005511176076039233,0.0
2023-08-04,326550162.88063115,0.006057389467358226,0.0
2023-08-07,327404826.86305666,0.002617251741313414,0.0
2023-08-08,321019827.4250148,-0.019501848824948795,-0.019501848824948764
2023-08-09,325600773.1712285,0.014269977599074534,-0.005510162171746824
2023-08-10,320054129.1219083,-0.0170351071199801,-0.022451403088882715
2023-08-11,323788454.3899828,0.011667792814671394,-0.011045568593851085
2023-08-14,334862232.48644096,0.03420065770202068,0.0
2023-08-15,333076991.6303974,-0.005331269647185023,-0.005331269647185
2023-08-16,339889008.4817129,0.02045177848512133,0.0
2023-08-17,338760168.35097384,-0.003321202223577549,-0.0033212022235775684
2023-08-18,322390156.24851876,-0.04832330844013179,-0.05148401918426737
2023-08-21,323313192.9077479,0.002863104351479095,-0.048768318952146394
2023-08-22,333395465.05973643,0.031184227470931927,-0.019104893832793124
2023-08-23,331553462.6400475,-0.005524977429908645,-0.024524317155474762
2023-08-24,344157168.4964046,0.038014098106525784,0.0
2023-08-25,346989761.2546824,0.008230520871185705,0.0
2023-08-28,351366554.32852834,0.012613608707126833,0.0
2023-08-29,351379106.1438784,3.572285180654879e-05,0.0
2023-08-30,358794144.4394366,0.021102672771106643,0.0
2023-08-31,361369453.23295647,0.007177677878615878,0.0
2023-09-05,360644511.837665,-0.002006094839521798,-0.0020060948395217437
2023-09-06,365276191.4461446,0.012842784116910096,0.0
2023-09-07,363178326.8487849,-0.005743228402196482,-0.005743228402196432
2023-09-08,362599926.5558921,-0.0015926068549064049,-0.007326688552180216
2023-09-11,359625857.1086827,-0.00820206853172373,-0.015468663082288447
2023-09-12,373886550.8894058,0.03965425037948082,0.0
2023-09-13,370458992.20988685,-0.00916737623047799,-0.00916737623047803
2023-09-14,364362892.2626126,-0.016455532394852673,-0.0254720545687942
2023-09-15,364260932.5152088,-0.00027983021753574604,-0.02574475693575895
2023-09-18,359283614.1237386,-0.013664156507539767,-0.03905713305527991
2023-09-19,361663248.87243235,0.006623276584704498,-0.03269254266540611
2023-09-20,364771285.2928263,0.00859373030044926,-0.02437976325945934
2023-09-21,355205381.5031652,-0.026224388199805583,-0.04996480708332951
2023-09-22,344805166.87062836,-0.029279439935636656,-0.07778130545107409
2023-09-25,334356083.18168104,-0.0303043129654372,-0.10572850939326173
2023-09-26,335856392.2847247,0.004487159583779559,-0.10171577050368485
2023-09-27,341582702.94503284,0.017049878435702367,-0.08640013359006404
2023-09-28,339125354.6481374,-0.007194006826776819,-0.09297257726595953
2023-09-29,338513525.17432225,-0.001804139576794405,-0.09460898133655182
2023-10-02,339814366.07995605,0.0038428033413551825,-0.09112974170479904
2023-10-03,328756307.3306873,-0.032541469264036005,-0.12070571528010876
2023-10-04,336331616.82137346,0.023042324426239446,-0.10044473110545482
2023-10-05,332146121.8400705,-0.012444548094703517,-0.11163928991305694
2023-10-06,337579820.81491256,0.016359362995839573,-0.09710627458550292
2023-10-09,342358791.6635148,0.014156565511131182,-0.08432440041208322
2023-10-10,341420780.9945427,-0.002739846885234929,-0.0868332113514998
2023-10-11,352181721.1932152,0.03151811722568954,-0.058051913460269944
2023-10-12,352701102.27327836,0.0014747530857179823,-0.0566627726130593
2023-10-13,360446529.2867718,0.021960314168488593,-0.03594679073281115
2023-10-16,357675485.82546663,-0.007687807306088652,-0.0433582460384736
2023-10-17,341465034.3480375,-0.04532167319216083,-0.08671485097349352
2023-10-18,336066277.5961767,-0.015810569776693817,-0.10115440954819521
2023-10-19,327439871.8928682,-0.025668763212458073,-0.1242266641740647
2023-10-20,335137501.0464206,0.02350852725739785,-0.10363852283749841
2023-10-23,334170957.08829415,-0.0028840220957324254,-0.10622364914339844
2023-10-24,337449025.30016094,0.009809554488006179,-0.09745610132957927
2023-10-25,336415743.998827,-0.0030620367044025686,-0.10021972387464273
2023-10-26,321900523.9933738,-0.043146672723806234,-0.1390422489719595
2023-10-27,321828712.3651048,-0.00022308639755583298,-0.13923431693508415
2023-10-30,319760119.92687774,-0.006427619285504591,-0.1447669910398527
2023-10-31,316864090.5133598,-0.009056881183870621,-0.15251273478652894
2023-11-01,318680736.22819674,0.005733201613012569,-0.14765391943059947
2023-11-02,325043930.00633776,0.01996729972904465,-0.1306348697669938
2023-11-03,326948856.2864044,0.0058605194689513715,-0.12553993849563583
2023-11-06,328070142.91654897,0.003429547492169108,-0.12254093618470152
2023-11-07,325290155.12606764,-0.008473760415279464,-0.12997631406568777
2023-11-08,329579018.41440856,0.013184731295291609,-0.11850528554610462
2023-11-09,332977057.8025948,0.010310241848932155,-0.10941686185152966
2023-11-10,330613860.7808206,-0.007097176716526796,-0.11573748776372828
2023-11-13,330719883.5918094,0.0003206847127896774,-0.11545391829396112
2023-11-14,331820430.23545384,0.003327730500180027,-0.11251038731905316
2023-11-15,336998955.9847057,0.015606410206801471,-0.09865986036927898
2023-11-16,336674748.5157352,-0.0009620429476499368,-0.0995269882940445
2023-11-17,328401650.86076754,-0.024572967504811263,-0.12165428234965447
2023-11-20,328718557.85449004,0.0009649981749234796,-0.12080668033517006
2023-11-21,329861745.9103788,0.0034777107302679687,-0.1177491002933918
2023-11-22,329079267.6997008,-0.002372139905215426,-0.11984192285899808
2023-11-23,325286142.49585533,-0.011526478803601916,-0.12998704627898283
2023-11-24,324876189.60872805,-0.0012602838964543461,-0.13108350959426407
2023-11-27,326117750.57756966,0.003821643470815495,-0.12776282056202115
2023-11-28,329492734.7736242,0.010348974228104005,-0.11873606047122331
2023-11-29,330297577.00371444,0.0024426706423230304,-0.1165834229179985
2023-11-30,331261395.74620247,0.002918031525484632,-0.11400558549593742
2023-12-01,332969802.5421238,0.005157277056304592,-0.10943626683000163
2023-12-04,337700133.5869249,0.014206486620367578,-0.09678448507013748
2023-12-05,332946995.09445024,-0.01407502698322506,-0.1094972678144428
2023-12-06,339116921.7866986,0.01853125807757497,-0.09299513186552655
2023-12-07,337717425.0338191,-0.004126885634329304,-0.09673823722609753
2023-12-08,334229520.20846987,-0.010327879365418981,-0.10606701574742206
2023-12-11,340314571.9030324,0.0182062065935023,-0.08979188715537356
2023-12-12,341409209.6224352,0.003216546718177824,-0.08686416023714438
2023-12-13,342849670.5204928,0.004219162393570423,-0.08301149184179557
2023-12-14,339917776.5810994,-0.008551543698269812,-0.09085315914012171
2023-12-15,337674517.0550587,-0.006599418096350911,-0.09685299925393265
2023-12-18,336772873.9607145,-0.002670154390706313,-0.09926454118342798
2023-12-19,332182152.0076295,-0.01363150748780475,-0.1115429233348173
2023-12-20,333844238.44593143,0.005003539257773687,-0.10709749347287623
2023-12-21,340282437.40724605,0.01928503840978323,-0.08987783433830898
2023-12-22,340115384.29860955,-0.000490924862033274,-0.09032463593691986
2023-12-25,343299093.6018564,0.009360674201234216,-0.08180946122503618
2023-12-26,343307345.6758448,2.403756415957349e-05,-0.08178739016104974
2023-12-27,343225897.0080093,-0.00023724708737336164,-0.08200523342832344
2023-12-28,340566921.26411986,-0.007747013751201305,-0.08911695150848509
2023-12-29,337822459.89823097,-0.008058508312263485,-0.09645731012625391
2024-01-02,339775113.05906224,0.005780116459454796,-0.09123472815269462
2024-01-03,347339017.34928524,0.022261501797832345,-0.07100424841965824
2024-01-04,345596849.4253576,-0.005015756471078327,-0.07566386487225152
2024-01-05,344197352.6724781,-0.004049506687362801,-0.0794069702328225
2024-01-08,346903256.09046996,0.007861488175264051,-0.07216973901507728
2024-01-09,350277799.841326,0.009727622014524949,-0.06314415694257791
2024-01-10,343175758.80450547,-0.02027545291205357,-0.08213933347387092
2024-01-11,349962623.5158007,0.019776643708571132,-0.06398713009787205
2024-01-12,345121208.94816506,-0.01383409039227604,-0.07693601674843187
2024-01-15,338633296.8495861,-0.018798937678597933,-0.09428863904293638
2024-01-16,344786257.94752145,0.018169982559831783,-0.07783187941010505
2024-01-17,344023245.1132194,-0.002213002452140082,-0.07987263972225589
2024-01-18,344317441.1977829,0.0008551633900978774,-0.07908578048951898
2024-01-19,346392254.05947584,0.006025872097780695,-0.07353646918972123
2024-01-22,349175234.7758807,0.008034188651132526,-0.06609308640479716
2024-01-23,353469261.6113051,0.01229762711602545,-0.05460824742032522
2024-01-24,346741145.5678498,-0.01903451522993793,-0.07260332113306067
2024-01-25,349780111.7454889,0.008764365626877721,-0.06447527755831872
2024-01-26,351774226.81834507,0.005701053335780192,-0.0591418012187378
2024-01-29,352801785.3537889,0.0029210739647918265,-0.056393484829716845
2024-01-30,353489063.1806901,0.0019480565445891853,-0.0545552859823224
2024-01-31,347207911.61066985,-0.01776901246534344,-0.07135490489099561
2024-02-01,349220315.42354363,0.005795961859101654,-0.06597251333910203
2024-02-02,347100195.96902895,-0.006071008360276364,-0.07164300201934826
2024-02-05,343352366.2625918,-0.010797544196061422,-0.08166697773476717
2024-02-06,343997093.9864362,0.001877743645288668,-0.07994258373794993
2024-02-07,342174250.49776673,-0.005299008394359662,-0.08481797571001537
2024-02-15,343131851.8532107,0.0027985780755007583,-0.08225676736174503
2024-02-16,338689943.44954735,-0.01294519404034678,-0.0941371315874624
2024-02-19,341405715.43034875,0.008018460640258001,-0.08687350583162523
2024-02-20,345154911.2408904,0.010981643367673833,-0.07684587632309381
2024-02-21,346386255.4128163,0.003567511664542195,-0.07355251321870626
2024-02-22,345687225.4072139,-0.0020180650781575315,-0.07542214453852636
2024-02-23,341522692.02698565,-0.012047113905706317,-0.08656063927796442
2024-02-26,352907273.20732784,0.033334772318562765,-0.056111346161481834
2024-02-27,357423957.74656093,0.01279850227563772,-0.0440309850773809
2024-02-28,356541709.1172867,-0.0024683533662279745,-0.046390654413374866
2024-02-29,353503497.191957,-0.008521336628052809,-0.054516680658775574
2024-03-01,357523864.30044407,0.011372920325888481,-0.04376377419845123
2024-03-04,359904454.6502902,0.006658549505511059,-0.03739662794998866
2024-03-05,365224876.89139634,0.0147828740999493,-0.023166583492786663
2024-03-06,360458123.75530374,-0.013051556555141368,-0.035915780073282555
2024-03-07,360355156.59739006,-0.00028565636651758166,-0.03619117686856366
2024-03-08,358004587.8012533,-0.006522922603166548,-0.04247802722609906
2024-03-11,362275708.5859212,0.011930352096602256,-0.031054452950673217
2024-03-12,372872966.9815123,0.02925191544571286,-0.0027109397368864085
2024-03-13,382064613.6162751,0.024650879652582863,0.0
2024-03-14,380542293.63449967,-0.003984456889023327,-0.00398445688902338
2024-03-15,388908654.5712333,0.02198536424644894,0.0
2024-03-18,372349935.6340725,-0.042577398940675575,-0.04257739894067558
2024-03-19,372616570.45894474,0.0007160866683599783,-0.041891801380070426
2024-03-20,376636077.2900541,0.010787246595497874,-0.03155645197638901
2024-03-21,378216988.1015486,0.004197449227034727,-0.02749145935431052
2024-03-22,380958178.7624855,0.007247666675937099,-0.020443041612208557
2024-03-25,371776510.5032582,-0.024101512373492666,-0.04405184576533272
2024-03-26,381154399.56904805,0.0252245335594101,-0.019938499467784254
2024-03-27,378600316.37525237,-0.00670091489612465,-0.026505808175818824
2024-03-28,382674623.66395366,0.010761499957815718,-0.016029550471569065
2024-03-29,381932265.9420128,-0.0019399188658842915,-0.017938373310081968
2024-04-01,380941870.2530707,-0.002593118668566333,-0.020484975647934167
2024-04-02,390757009.47748613,0.025765451347983723,0.0
2024-04-03,383999207.34447074,-0.017294129008848278,-0.017294129008848302
2024-04-04,382043728.6409949,-0.005092402968742717,-0.022298463303684568
2024-04-05,371510835.82643545,-0.027569861837614878,-0.04925355958882571
2024-04-08,371761051.8026444,0.0006735092279403193,-0.04861322308777738
2024-04-09,377121358.34620404,0.014418687803813508,-0.03489547417080363
2024-04-10,373018596.9490759,-0.01087915416703012,-0.04539499509459799
2024-04-11,380950721.4806177,0.021264689204288412,-0.02509561635242641
2024-04-12,387241060.80816776,0.016512212663889386,-0.008997787842679683
2024-04-15,366748382.13917154,-0.05291969458566254,-0.061441322243760976
2024-04-16,368933807.86184144,0.005958923962861782,-0.0558485224483275
2024-04-17,356658966.79308105,-0.03327112020418873,-0.08726149974891151
2024-04-19,340219202.2111169,-0.046093792986009,-0.1293330792298456
2024-04-22,345463061.7188337,0.015413179131678735,-0.11591333401598802
2024-04-23,336981340.09158397,-0.024551746820772526,-0.1376192060068484
2024-04-24,346587807.53574884,0.028507416587381516,-0.11303495745552872
2024-04-25,346587807.53574884,0.0,-0.11303495745552872
2024-04-26,346310537.28972024,-0.0008000000000000088,-0.11374452948956437
2024-05-02,348913445.0382588,0.007516109006989253,-0.10708333676516735
2024-05-03,348913445.0382588,0.0,-0.10708333676516735
2024-05-06,353874930.987242,0.014219818753155698,-0.09438622365229543
2024-05-07,355502566.85452783,0.004599466435062414,-0.09022088348485413
2024-05-08,354695297.1164787,-0.0022707845549241436,-0.09228679585102917
2024-05-09,354757095.7123952,0.0001742300967024537,-0.09212864489169226
2024-05-10,353136008.04070324,-0.004569570817002586,-0.09627722734158772
2024-05-13,348606829.5408623,-0.01282559239702022,-0.10786800726360957
2024-05-14,348459127.3386026,-0.00042369279584755326,-0.1082459971618771
2024-05-15,351293173.65995824,0.008133081038803608,-0.10099328959011711
2024-05-16,351147310.56350005,-0.00041521756582548326,-0.10136657296807428
2024-05-17,355420606.50368226,0.012169524902026677,-0.0904306311000157
2024-05-20,352618233.6711314,-0.007884666170929653,-0.09760228193309517
2024-05-21,353322941.28904307,0.001998500220975358,-0.09579883989413085
2024-05-22,349191539.43493533,-0.011692990664673426,-0.1063716556182357
2024-05-23,349332895.1843723,0.0004048086321499014,-0.10600990715049607
2024-05-24,342801590.8440716,-0.018696505340138555,-0.12272439769548782
2024-05-27,343308955.18647736,0.0014800524733752434,-0.1214259837704652
2024-05-28,348239788.76770437,0.014362671019020437,-0.10880731420950096
2024-05-29,345233257.7465954,-0.008633508054171578,-0.116501433440092
2024-05-30,345889010.1801844,0.0018994474572619825,-0.11482327433434514
2024-05-31,343983674.4072437,-0.005508517810230935,-0.11969928609287639
2024-06-03,345999743.2380424,0.005860943355154272,-0.11453989347316484
2024-06-04,347143747.39990044,0.003306372863609223,-0.11161223220513594
2024-06-05,345572668.0421892,-0.0045257313993946535,-0.11563283662068335
2024-06-06,343858449.7309214,-0.004960514733354181,-0.1200197529643211
2024-06-07,345564390.1268028,0.004961170496802854,-0.11565402092495836
2024-06-10,350110000.4133618,0.0131541629184969,-0.10402118983988762
2024-06-11,347776663.0138192,-0.006664583693089846,-0.10999251560743473
2024-06-12,348390263.4918364,0.0017643520778529897,-0.108422229053042
2024-06-13,348731382.58838445,0.0009791292475543423,-0.10754925918103853
2024-06-14,339981386.63402915,-0.02509093357016027,-0.12994168143356744
2024-06-17,338329869.3506061,-0.004857669708844477,-0.1341681373725957
2024-06-18,340621001.9253,0.006771889750944965,-0.12830481945602756
2024-06-19,342272519.20872307,0.004848548016969466,-0.1240783635169993
2024-06-20,342346691.2099408,0.00021670451776028112,-0.1238885473411695
2024-06-21,343656707.9017569,0.0038265790949699482,-0.1205360375715614
2024-06-24,333072269.4865141,-0.03079945239500061,-0.1476230460154947
2024-06-25,332880313.03242254,-0.0005763207317963801,-0.14811428852538144
2024-06-26,335619701.6473861,0.008229350032775038,-0.14110382281773715
2024-06-27,335191292.91926974,-0.0012764707376041794,-0.14220017865455048
2024-06-28,327184425.219468,-0.02388745730853511,-0.16269083526620898
2024-07-01,327735445.5229751,0.0016841275471394382,-0.16128069983640847
2024-07-02,328238481.43668485,0.0015348840675656963,-0.15999336294542743
2024-07-03,328238481.43668485,0.0,-0.15999336294542743
2024-07-04,330250625.09152377,0.0061301272356362934,-0.15484401538150405
2024-07-05,330250625.09152377,0.0,-0.15484401538150405
2024-07-08,328598246.6839771,-0.005003407357938259,-0.15907267505354972
2024-07-09,328118384.26410973,-0.0014603316503051659,-0.16030070784177552
2024-07-10,326208154.56643546,-0.005821769791895258,-0.1651892438151381
2024-07-11,327761392.21388197,0.004761492395893436,-0.16121429874755377
2024-07-12,326904639.51776934,-0.002613952455857142,-0.16340684469128053
2024-07-15,325859441.683534,-0.0031972560431602483,-0.16608164721275775
2024-07-16,324371778.8045706,-0.0045653514634330875,-0.16988877758503873
2024-07-17,322820987.2747433,-0.004780907684208947,-0.1738574627070305
2024-07-18,325604552.9627316,0.008622629251856142,-0.16673394189876545
2024-07-19,324058891.8594219,-0.004747050031227929,-0.17068949756589613
2024-07-22,322794260.0476231,-0.003902475270906664,-0.17392586129354837
2024-07-23,322232201.4646014,-0.0017412285551136433,-0.17536424517250504
2024-07-24,324199406.5051774,0.006104930021378038,-0.1703299015961569
2024-07-25,323918377.2136665,-0.0008668408574227048,-0.17104909353563524
2024-07-26,322794260.0476231,-0.003470371689661493,-0.17392586129354837
2024-07-29,323215803.9848894,0.0013059214163352786,-0.17284707338433092
2024-07-30,322536024.63958496,-0.002103174835275721,-0.17458672060451363
2024-07-31,325089836.98122233,0.007917913493511642,-0.1680511696618645
2024-08-01,315644985.98376554,-0.029053049105322654,-0.19222181988279408
2024-08-02,315430926.7046951,-0.0006781646741616437,-0.19276962650910812
2024-08-05,306118273.0907944,-0.029523590826016823,-0.21660196575838597
2024-08-06,310597274.32216614,0.014631603615649866,-0.2051395962480833
2024-08-07,310597274.32216614,0.0,-0.2051395962480833
2024-08-08,310597274.32216614,0.0,-0.2051395962480833
2024-08-09,310473035.41243726,-0.00040000000000005873,-0.2054575404095842
2024-08-12,312561403.393821,0.006726406944195717,-0.20011312449193686
2024-08-13,311612145.22046477,-0.0030370294062193885,-0.20254240445450378
2024-08-14,310662887.04710853,-0.0030462810513519536,-0.2049716844170707
2024-08-15,309333925.60440975,-0.004277824928914842,-0.2083726763646646
2024-08-16,314649771.3752048,0.017184813338557606,-0.1947687085742894
2024-08-19,317307694.2606023,0.008447242385655663,-0.18796672467910192
2024-08-20,318256952.43395853,0.0029916014976195844,-0.185537444716535
2024-08-21,318717935.65341425,0.0014484623695734584,-0.18435772635378023
2024-08-22,317548446.1883168,-0.0036693556724375054,-0.18735060795726377
2024-08-23,316481174.3114284,-0.0033609733875235733,-0.1900819009373066
2024-08-26,315888913.5797467,-0.0018713932447018142,-0.1915975761966543
2024-08-27,316583391.89963746,0.0021984890575003206,-0.18982031231386587
2024-08-28,319667957.9438276,0.009743297099956623,-0.18192649091238977
2024-08-29,318549577.2728347,-0.0034985698228454723,-0.18478857820415306
2024-08-30,317058403.04484415,-0.004681137048608892,-0.18860469459317075
2024-09-04,312342643.7220876,-0.014873472134689144,-0.20067296005835678
2024-09-05,312291534.9279831,-0.00016363053566899902,-0.20080375437007714
2024-09-06,312342643.7220876,0.00016365731500311912,-0.20067296005835678
2024-09-09,310741856.1420491,-0.0051251009499134435,-0.20476959183005317
2024-09-10,309623100.2309953,-0.003600274275707361,-0.20763263941184773
2024-09-11,309250306.67399764,-0.0012040237201924953,-0.20858666850910212
2024-09-12,307211356.3837199,-0.006593203777893483,-0.21380461787616323
2024-09-13,308394945.894229,0.003852688014015734,-0.21077565235078022
2024-09-16,306351171.077573,-0.006627134600827577,-0.21600594833290188
2024-09-17,308294473.9480668,0.006343383195364689,-0.21103277364029094
2024-09-18,310859295.6334831,0.008319389097608001,-0.20446904829894397
2024-09-19,312769532.1445839,0.006145019749877522,-0.19958049488910212
2024-09-20,311566995.8995921,-0.0038447998331112483,-0.20265794766877154
2024-09-23,309388161.96168447,-0.006993147434042736,-0.20823387819608596
2024-09-24,310715523.5528383,0.004290279184367256,-0.20483698048482346
2024-09-25,311442170.55342996,0.0023386247081667506,-0.20297739260036485
2024-09-26,311198803.2545942,-0.0007814205070665058,-0.20360020241038246
2024-09-27,307364544.5886555,-0.012320929983788843,-0.21341258855558776
2024-09-30,304560759.4913902,-0.009122018614793505,-0.22058785356494592
2024-10-01,305266210.3144863,0.002316289282552959,-0.2187825095634668
2024-10-02,303171714.7736446,-0.00686120988852301,-0.22414260673393716
2024-10-03,301354939.0700525,-0.0059925633397184515,-0.2287919813056728
2024-10-04,301301122.06466174,-0.00017858345231319757,-0.22892970629610288
2024-10-07,302931395.7392638,0.005410778637100998,-0.2247576156232266
2024-10-08,300557473.1965511,-0.007836502178717548,-0.23083280425742947
2024-10-09,303200770.9398913,0.008794649872543999,-0.22406824807742698
2024-10-10,308708890.740323,0.018166575841338142,-0.20997222505842317
2024-10-11,308163365.6308409,-0.001767118232888827,-0.2113682975440111
2024-10-14,305550272.6754601,-0.008479570405883702,-0.21805555558929857
2024-10-15,300386085.6597972,-0.016901267900840802,-0.23127140812785796
2024-10-16,296953750.0209906,-0.011426413547975986,-0.24005521892474224
2024-10-17,302965187.59173274,0.020243682965166133,-0.2246711377056222
2024-10-18,301006522.4512882,-0.006464984165388528,-0.22968362652332397
2024-10-21,303569229.6937901,0.008513793062130662,-0.2231253123271727
2024-10-22,303522980.67415214,-0.00015235081528056598,-0.2232436698192104
2024-10-23,308585591.2940786,0.01667949691546233,-0.21028776500589408
2024-10-24,306595210.6467784,-0.006450011612510363,-0.21538141809214761
2024-10-25,309018034.31743443,0.007902353287075014,-0.2091810848623079
2024-10-28,309519439.7445391,0.0016225765859011008,-0.2078979206069178
2024-10-29,311498604.1865129,0.0063943138550758,-0.2028329713060203
2024-10-30,312094058.4445016,0.0019115792173250226,-0.2013091233812322
2024-10-31,309983834.79807556,-0.006761498943438792,-0.2067094708996241
2024-11-01,308557412.87504965,-0.0046016009962425355,-0.21035987738864226
2024-11-04,309169940.0309473,0.0019851318760755873,-0.20879233761061822
2024-11-05,312391452.51001966,0.010419876132685685,-0.20054805177328905
2024-11-06,313099712.86537045,0.002267220660680771,-0.19873551779904797
2024-11-07,318021614.97959524,0.01571991896505238,-0.18613970506927424
2024-11-08,324122396.5542583,0.019183543782250394,-0.17052698046883552
2024-11-11,321206212.2632183,-0.008997169964315726,-0.17798989020637157
2024-11-12,328738593.0496345,0.023450296099017182,-0.1587135097353254
2024-11-13,326682883.4539188,-0.00625332601397768,-0.1639743484301054
2024-11-14,326284612.60285556,-0.0012191359610043075,-0.1649935773662563
2024-11-15,331828549.31503844,0.016991106837547388,-0.15080589402924816
2024-11-18,330675422.36669266,-0.0034750685277866195,-0.15375690174088896
2024-11-19,325506297.5586988,-0.015632019975956188,-0.1669853907573905
2024-11-20,321521697.4019548,-0.012241238300544395,-0.1771825210969642
2024-11-21,329289945.45865464,0.02416088282523661,-0.15730252440263126
2024-11-22,330417700.31150186,0.003424808040453268,-0.1544164473125358
2024-11-25,337781740.134406,0.022287062151820705,-0.13557087411923285
2024-11-26,335284148.35294986,-0.007394099457425679,-0.1419625490498908
2024-11-27,336782838.2316619,0.004469909734994104,-0.13812719909489934
2024-11-28,340576022.4704685,0.011262997422087754,-0.12841992796013768
2024-11-29,343380234.46952367,0.008233732893801417,-0.12124357045140133
2024-12-02,345412647.6060971,0.00591884136753893,-0.1160423505441982
2024-12-03,350015713.09682477,0.01332627951706309,-0.1042624838263041
2024-12-04,355936326.0152697,0.016915277505861897,-0.0891108351678146
2024-12-05,347307503.4642556,-0.02424260161252535,-0.11119315830400722
2024-12-06,349610111.8530282,0.006629883794058565,-0.1053004722281986
2024-12-09,353007336.41735864,0.009717180508092999,-0.09660651541633436
2024-12-10,349599492.9560837,-0.009653746848042408,-0.10532764742067602
2024-12-11,348698745.64364374,-0.0025765120676337163,-0.10763278153367495
2024-12-12,342163763.1642546,-0.018741055312162275,-0.12435668493371266
2024-12-13,343950478.5757102,0.005221813657099231,-0.11978423871235189
2024-12-16,343812885.49259484,-0.000400037481224357,-0.12013635800843137
2024-12-17,346858545.50009465,0.008858481272847503,-0.11234210241318965
2024-12-18,346074999.81866795,-0.002258977590697676,-0.1143473017120441
2024-12-19,345378780.6024995,-0.0020117581926844164,-0.11612902078369791
2024-12-20,347292785.3204884,0.005541755387085459,-0.11123082402313755
2024-12-23,345553433.53301597,-0.005008315349445915,-0.11568206032929684
2024-12-24,346597762.35726863,0.0030221920053729824,-0.11300948172181613
2024-12-25,345415212.15960276,-0.003411880646958454,-0.11603578750516508
2024-12-26,341224268.097726,-0.012133061643910181,-0.12676097978637546
2024-12-27,337193557.1380812,-0.011812497927288121,-0.13707611390267604
2024-12-30,338919551.24821085,0.005118704297848899,-0.1326590616981932
2024-12-31,338696646.98218936,-0.0006576907859123303,-0.13322950384155885
2025-01-02,346131024.89207566,0.021949960166795637,-0.11420392597712736
2025-01-03,346431154.25217813,0.0008670975397136262,-0.11343585438065418
2025-01-06,353685163.3684815,0.02093925164427609,-0.09487186463673802
2025-01-07,358149860.78295046,0.012623366419861573,-0.08344610052712154
2025-01-08,355736698.7146429,-0.006737855664754892,-0.08962170841073802
2025-01-09,352947648.7264273,-0.007840208778832866,-0.09675926428451498
2025-01-10,351012707.9126267,-0.005482231772283095,-0.10171103934387482
2025-01-13,357397564.52252966,0.018189816111991827,-0.08537132833410765
2025-01-14,355067857.31550425,-0.006518531289203982,-0.09133336394836478
2025-01-15,357598701.640269,0.007127776487286724,-0.08485659126513401
2025-01-16,367033071.2662887,0.02638256118589139,-0.06071276429032124
2025-01-17,370489875.6082643,0.009418236700168251,-0.05186633477496072
2025-01-20,369821812.1330925,-0.0018031895583515973,-0.053575999500016125
2025-01-21,374137024.9916962,0.011668356805981701,-0.04253278657243775
2025-01-22,378623821.12454724,0.011992387369174828,-0.03105046885573004
2025-01-23,377426321.3895791,-0.0031627691343123696,-0.0341150325255396
2025-01-24,386050203.79931724,0.02284918120704295,-0.01204535187855682
2025-02-03,384117810.2164353,-0.005005549961803556,-0.016990608229724757
2025-02-04,393392141.4371146,0.024144496750758734,0.0
2025-02-05,404858985.0796791,0.029148634237263986,0.0
2025-02-06,405371607.72093475,0.001266175780080042,0.0
2025-02-07,403130394.52728856,-0.0055287867994669344,-0.005528786799466889
2025-02-10,392497991.31971467,-0.026374600754283155,-0.03175756800925855
2025-02-11,396440037.60052454,0.010043481413892972,-0.022033043139417008
2025-02-12,410679675.80493623,0.03591876918032268,0.0
2025-02-13,415861095.4179258,0.012616693540613889,0.0
2025-02-14,412755898.6041592,-0.007466908657675672,-0.0074669086576756305
2025-02-17,419251684.1558968,0.01573759593431562,0.0
2025-02-18,433078670.64208627,0.03298015728673372,0.0
2025-02-19,427769118.57987773,-0.012260017456727999,-0.012260017456728
2025-02-20,423953550.63154405,-0.008919690044481779,-0.021070351945555843
2025-02-21,432533154.07029366,0.02023713075635048,-0.0012596246566098923
2025-02-24,439053797.95894074,0.01507547763052487,0.0
2025-02-25,449150978.94444144,0.022997593990622893,0.0
2025-02-26,448851564.740894,-0.0006666226226447893,-0.0006666226226448302
2025-02-27,442434627.552627,-0.014296345813055729,-0.014953438168160416
2025-02-28,452056414.1588559,0.02174736335501766,0.0
2025-03-03,446540670.10382783,-0.0122014507089591,-0.01220145070895906
2025-03-04,453864778.7577828,0.016401884854635996,0.0
2025-03-05,454877703.7850301,0.0022317771165668806,0.0
2025-03-06,473043328.9344244,0.03993518477216711,0.0
2025-03-07,472265640.05749184,-0.0016440119316012349,-0.0016440119316012414
2025-03-10,466894983.6287896,-0.01137210919695202,-0.012997425245345973
2025-03-11,473089258.25061136,0.013266954752177403,0.0
2025-03-12,473164073.8105899,0.00015814258868442196,0.0
2025-03-13,464825746.10041595,-0.01762248693782242,-0.017622486937822424
2025-03-14,467795652.5902851,0.006389289996917664,-0.01134579212041742
2025-03-17,473091902.49569553,0.011321716813920638,-0.0001525291519137717
2025-03-18,466324632.1542038,-0.014304346165707901,-0.014454693487832349
2025-03-19,458403317.4487206,-0.016986695875125433,-0.031195851880711722
2025-03-20,462335681.63502675,0.008578393821824978,-0.02288506836192683
2025-03-21,460123166.0871809,-0.004785517613568979,-0.027561069077762124
2025-03-24,468055130.1544895,0.01723878442105154,-0.010797403984955767
2025-03-25,475610744.753806,0.016142574052810017,0.0
2025-03-26,474757693.19433546,-0.0017935918582161257,-0.001793591858216148
2025-03-27,466938023.1232368,-0.016470865418704888,-0.018234915266808205
2025-03-28,469071444.1983227,0.004568959839286581,-0.013749270023048488
2025-03-31,470882358.7939106,0.0038606370479083293,-0.009941713916372885
2025-04-01,473023598.4491353,0.00454729215320175,-0.005439629640852428
2025-04-02,474919598.72730625,0.004008257271703162,-0.0014531758042125587
2025-04-03,451027566.2344949,-0.05030753112071475,-0.051687601237933034
2025-04-04,455302229.2490562,0.009477609207457719,-0.04269986691587935
2025-04-08,440808046.5388477,-0.03183420106269682,-0.07317475182982569
2025-04-09,427199913.31913555,-0.030870882068875474,-0.10178666476454334
2025-04-10,439624443.11497575,0.02908364306375357,-0.07566334872745173
2025-04-11,452935022.4013123,0.03027715927718651,-0.047677060711131536
2025-04-14,467435817.4211514,0.032015177238802754,-0.017188273021220835
2025-04-15,482622923.20200753,0.03249024831824734,0.0
2025-04-16,485179740.98348725,0.005297754537882839,0.0
2025-04-17,501579049.22026014,0.03380048021694095,0.0
2025-04-18,512735203.54373324,0.022242066012956724,0.0
2025-04-21,503553896.6677605,-0.01790652721427511,-0.017906527214275103
2025-04-22,501341291.7162887,-0.004393978412467055,-0.022221824732720385
2025-04-23,496163480.5463344,-0.0103279168412971,-0.03232023641611603
2025-04-24,502756183.155866,0.013287359646607403,-0.019462327374632937
2025-04-25,520890987.78142655,0.03607077393205985,0.0
2025-04-28,535479808.50075835,0.02800743545490843,0.0
2025-04-29,531375723.51276195,-0.007664313243644158,-0.007664313243644139
2025-05-05,531937928.3773461,0.0010580175941565114,-0.00661440462774654
2025-05-06,531344093.4549616,-0.0011163613096662774,-0.007723381871999946
2025-05-07,529162031.27687365,-0.004106683794863541,-0.011798348179688167
2025-05-08,542248565.2280635,0.024730674496074235,0.0
2025-05-09,544494274.1178985,0.004141475024263976,0.0
2025-05-12,552440769.2941542,0.01459426766081118,0.0
2025-05-13,562749063.4886642,0.018659546448175333,0.0
2025-05-14,572976616.2494411,0.018174268824852548,0.0
2025-05-15,574167425.0220397,0.0020782851146583185,0.0
2025-05-16,598964268.0553457,0.04318747799451382,0.0
2025-05-19,619007572.2637681,0.033463271980308476,0.0
2025-05-20,614421594.575633,-0.007408597073156444,-0.007408597073156442
2025-05-21,614685493.9217598,0.00042950857921760394,-0.006982270549941716
2025-05-22,594916588.6142538,-0.03216100835791379,-0.038918722046341614
2025-05-23,618063686.3854046,0.03890813975294862,-0.0015248373697782647
2025-05-26,638882116.962925,0.03368330972374693,0.0
2025-05-27,657827632.1333697,0.029654164152389566,0.0
2025-05-28,636381834.9721684,-0.03260093695312158,-0.032600936953121606
2025-05-29,625833607.5277331,-0.016575311966433918,-0.04863587821915949
2025-05-30,604925654.2935445,-0.033408166296441735,-0.08041920900808208
2025-06-02,613708863.1611019,0.014519484841182304,-0.0670673696530324
2025-06-03,614831696.9513611,0.0018295870528504538,-0.06536048819136786
2025-06-04,614965786.7813417,0.00021809192766979215,-0.06515665085856126
2025-06-05,613837266.8452486,-0.001835093854569751,-0.06687217614355612
2025-06-06,615609327.6282938,0.0028868576066625783,-0.06417836898726759
2025-06-09,590864284.9275553,-0.04019601651598031,-0.10179467072346704
2025-06-10,616592964.023869,0.04354414330436008,-0.06268308914870979
2025-06-11,631991290.9726884,0.024973244664243867,-0.03927524460608722
2025-06-12,630148938.1352854,-0.002915155420207644,-0.04207590658410143
2025-06-13,617890677.3200896,-0.019452957980806908,-0.06071036372212346
2025-06-16,641250224.528914,0.03780530774495455,-0.025200229960991916
2025-06-17,632045776.4849973,-0.014353910052317922,-0.03919241817915198
2025-06-18,626003166.3978915,-0.009560399439278878,-0.04837812244564699
2025-06-19,631792766.0030577,0.009248514889278197,-0.0395770333421227
2025-06-20,633398286.1197529,0.0025412132001007993,-0.037136393821571634
2025-06-23,645564579.3517056,0.019207966769983424,-0.018641741670070044
2025-06-24,643143659.1880102,-0.003750082084934853,-0.02232191569353592
2025-06-25,636029220.4318686,-0.011061974497461225,-0.03313696572886082
2025-06-26,639623878.7184057,0.005651718774958753,-0.027672527765257082
2025-06-27,626165471.7414832,-0.02104112655063582,-0.04813139315720805
2025-06-30,635235704.8004829,0.014485361247680496,-0.034343232526763856
2025-07-01,634875895.5010777,-0.0005664185698098116,-0.034890198451923204
2025-07-02,646495178.5964129,0.018301660494079226,-0.017227086524482127
2025-07-03,634850914.5788128,-0.018011370236171886,-0.03492817332717102
2025-07-04,632916406.5924178,-0.0030471846885161006,-0.03786892542072673
2025-07-07,634412805.105478,0.0023642909197388764,-0.03559416765750034
2025-07-08,634714583.8913193,0.0004756820534085099,-0.03513541711085255
2025-07-09,632819907.8711401,-0.002985083482032569,-0.03801561843963319
2025-07-10,638800437.0698669,0.009450602176606265,-0.02892428674939751
2025-07-11,639290971.5423027,0.0007678994001411137,-0.028178598291700774
2025-07-14,655468291.9156146,0.02530509751183214,-0.0035865629573869073
2025-07-15,682656889.6680231,0.041479653688433156,0.0
2025-07-16,721302953.3794953,0.056611255663538064,0.0
2025-07-17,755372841.3928161,0.04723381188680063,0.0
2025-07-18,769600865.5419655,0.01883576343956802,0.0
2025-07-21,736781877.0272245,-0.042644167885166395,-0.04264416788516634
2025-07-22,758126035.2660301,0.02896943980886877,-0.01491010573104623
2025-07-23,743940587.683949,-0.018711199618811847,-0.03334231938518695
2025-07-24,753111054.2504884,0.01232688028904175,-0.021426445875765365
2025-07-25,766525387.0664046,0.017811892071171894,-0.003996199346001372
2025-07-28,790614083.4442844,0.031425829834639304,0.0
2025-07-29,749636280.0898337,-0.05183034834888375,-0.05183034834888378
2025-07-30,766233927.6593351,0.022140934224144537,-0.030836986458346316
2025-07-31,778309435.2076409,0.015759557378506577,-0.015563406337310348
2025-08-01,759183704.7996044,-0.024573427409284872,-0.03975438751072402
2025-08-04,753353828.2650993,-0.007679138129082992,-0.04712824620687517
2025-08-05,752133481.9398732,-0.00161988468026559,-0.04867178856310239
2025-08-06,756244497.853487,0.005465806286153922,-0.04347201284483504
2025-08-07,747863360.0814109,-0.011082576859554053,-0.054072807780796706
2025-08-08,783293864.0681622,0.04737563822206028,-0.009258903337810431
2025-08-11,792057445.7033949,0.011188114751362435,0.0
2025-08-12,808081995.1159878,0.020231549491163636,0.0
2025-08-13,822937104.4751148,0.01838317082784999,0.0
2025-08-14,838128719.376692,0.018460238114146935,0.0
2025-08-15,848639242.3263614,0.012540463900921964,0.0
2025-08-18,863388846.6474265,0.01738029964373579,0.0
2025-08-19,847037786.9065154,-0.018938233687408573,-0.018938233687408546
2025-08-20,838681546.2184402,-0.009865251370417829,-0.02861665462198837
2025-08-21,832254997.282012,-0.007662680746232077,-0.036060055079827014
2025-08-22,834397180.2608213,0.002573950274621748,-0.03357892159388087
2025-08-25,827542194.7286314,-0.008215494604196995,-0.04151854874890859
2025-08-26,837824673.0269164,0.012425322072739565,-0.02960910801636696
2025-08-27,839109982.8142021,0.0015341035286560402,-0.028120427924799185
2025-08-28,837824673.0269164,-0.001531753659961262,-0.02960910801636696
2025-08-29,839109982.8142021,0.0015341035286560402,-0.028120427924799185
2025-09-03,852633998.8680098,0.01611709588825409,-0.012456551669827731
2025-09-04,858481623.0719898,0.006858305218585587,-0.005683677284564981
2025-09-05,848342714.6711974,-0.011810280066929447,-0.01742683153095359
2025-09-08,837677669.737706,-0.012571623176636874,-0.029779371148420664
2025-09-09,851137469.6805974,0.016067994204866435,-0.014189871706591584
2025-09-10,847560611.4666165,-0.00420244477701491,-0.01833268433136659
2025-09-11,852727184.4423667,0.0060958153385750015,-0.012348621651136038
2025-09-12,854714327.8945783,0.002330339044498849,-0.010047059081816578
2025-09-15,859165591.141631,0.005207895903672852,-0.004891487215979873
2025-09-16,850704278.4639401,-0.00984829090565388,-0.014691605332569524
2025-09-17,849646614.3792288,-0.0012432805517577348,-0.01591662009714312
2025-09-18,852819606.6333629,0.0037344846674311994,-0.012241575803422
2025-09-19,845151542.0192056,-0.008991426269417267,-0.0211229328465814
2025-09-22,836910223.4711348,-0.009751290908587739,-0.03066824789213951
2025-09-23,836910223.4711348,0.0,-0.03066824789213951
2025-09-24,836910223.4711348,0.0,-0.03066824789213951
2025-09-25,836575459.3817463,-0.0004000000000000428,-0.031055980592982646
2025-09-26,834618842.5874715,-0.002338840773217044,-0.03332218637253659
2025-09-29,844004931.8469636,0.011245958970197175,-0.022450967343082273
2025-09-30,844396255.2058185,0.00046365055948019657,-0.02199772618717155
2025-10-01,846352872.0000933,0.00231717843632299,-0.01973152040761761
2025-10-02,839314722.893731,-0.008315856587961773,-0.02788329250160726
2025-10-03,832662225.7931967,-0.007926105570504355,-0.03558839215209053
2025-10-06,843222285.1292536,0.012682284615466255,-0.02335744965490394
2025-10-07,839860003.1938035,-0.003987420630059236,-0.02725173430834371
2025-10-08,852283119.8120557,0.01479188980426472,-0.012862949154943015
2025-10-09,857055744.1000836,0.005599810881013735,-0.007335168356569111
2025-10-10,872351499.4424664,0.017846861709611982,0.0
2025-10-13,891835938.5555326,0.022335536908595913,0.0
2025-10-14,888619907.9450829,-0.0036060787319902527,-0.0036060787319902587
2025-10-15,882679402.622366,-0.00668509142053126,-0.01026706318652848
2025-10-16,881654456.2814746,-0.0011611762298364867,-0.01141631754664263
2025-10-17,879730905.2602768,-0.0021817516006335347,-0.013573161578195436
2025-10-20,853713973.8327801,-0.029573738141891598,-0.04274549059381583
2025-10-21,859027906.3682679,0.006224488175624767,-0.036787071218953526
2025-10-22,858560753.9543923,-0.0005438151780779403,-0.037310881029345655
2025-10-23,872575326.370661,0.016323332218156777,-0.02159658671758302
2025-10-24,877246850.5094173,0.005353720186183513,-0.01635848861366207
2025-10-27,871407445.335972,-0.006656513124047582,-0.022906111243563232
2025-10-28,878531519.6475753,0.008175365438674458,-0.014918011635083772
2025-10-29,868376425.9199805,-0.011559168339991342,-0.026304740167287233
2025-10-30,846690778.4255916,-0.024972634962325928,-0.05062047645563672
2025-10-31,825189301.7680455,-0.02539472166866835,-0.07472970521397881
2025-11-03,827685833.2169641,0.0030254045266577354,-0.07193038827575116
2025-11-04,839457696.917218,0.014222623159442244,-0.05873080392246732
2025-11-05,843274999.3476676,0.004547343415240665,-0.05445052964171526
2025-11-06,844793244.6927634,0.001800415459097379,-0.0527481477579409
2025-11-07,816022130.6481935,-0.034056988766563254,-0.08500869344885498
2025-11-10,797043057.9910783,-0.023258036693244475,-0.10628959483062117
2025-11-11,810844869.6051668,0.017316268519890963,-0.0908138654756877
2025-11-12,831775894.7583203,0.025813846689744367,-0.06734427398663578
2025-11-13,827630857.7236501,-0.004983357970327585,-0.07199203133243615
2025-11-14,831542318.5513825,0.004726093512862348,-0.06760617889183174
2025-11-17,840501874.7621943,0.010774624467002525,-0.057559985614037745
2025-11-18,844741155.8382847,0.005043749696917556,-0.05280655407711554
2025-11-19,836299384.3142656,-0.009993323357901122,-0.062272164464707624
2025-11-20,848271779.7354119,0.014315920405660938,-0.048847727409011665
2025-11-21,846909730.0287797,-0.0016056760806742623,-0.05037496986218992
2025-11-24,856043130.7630179,0.010784385171637803,-0.040133847768555664
2025-11-25,850081363.1417844,-0.006964330892906709,-0.04681867326559663
2025-11-26,862823584.8569851,0.014989414269837836,-0.03253104348490099
2025-11-27,865291613.9011631,0.0028604098073965957,-0.02976368579333344
2025-11-28,877184303.5815847,0.013744140691256046,-0.01642862138711132
2025-12-01,885431234.7464356,0.009401594546526133,-0.0071814820778252075
2025-12-02,890772073.0985742,0.006031906423165652,-0.0011928936825326142
2025-12-03,883065737.1251918,-0.008651299480658011,-0.009833873082694455
2025-12-04,882730525.2351462,-0.0003796001542726824,-0.010209740297227765
2025-12-05,908820336.9579972,0.02955580551142842,0.0
2025-12-08,927848169.0375198,0.02093684670747197,0.0
2025-12-09,938296056.1504385,0.011260341359251256,0.0
2025-12-10,899060917.6438049,-0.04181530791848816,-0.0418153079184882
2025-12-11,876023120.8863465,-0.025624288972358262,-0.06636810935727488
2025-12-12,862327971.3058715,-0.01563331977655845,-0.08096387525728554
2025-12-15,858764509.334285,-0.004132374328748859,-0.08476167654636513
2025-12-16,871967970.8040965,0.015374950089689634,-0.07068993300309423
2025-12-17,863745666.2243683,-0.009429594727138684,-0.07945295031072519
2025-12-18,862215304.9585426,-0.0017717730179941866,-0.08108395073515884
2025-12-19,879913689.036005,0.02052664105552315,-0.062221690831740006
2025-12-22,910029284.3760817,0.034225624303072286,-0.030125642742576786
2025-12-23,930432943.6163899,0.02242088204260038,-0.00838020418236518
2025-12-24,935014363.1012378,0.004923965253251809,-0.003497502763322502
2025-12-25,906607092.9263117,-0.030381640428180538,-0.03377288332015127
2025-12-26,892644844.6649439,-0.015400550437236253,-0.048653312764404544
2025-12-29,906018623.1611683,0.014982194291666221,-0.03440005185750783
2025-12-30,913726637.9901162,0.008507567760642765,-0.026185144869012467
2025-12-31,932066491.9908744,0.020071488821973637,-0.006639230889578962
2026-01-05,938381043.7427853,0.006774786784173707,0.0
2026-01-06,941039065.8726605,0.0028325616204623156,0.0
2026-01-07,964305539.3651242,0.024724237639260856,0.0
2026-01-08,950102206.3524671,-0.014729079563317973,-0.014729079563317926
2026-01-09,951998195.7367408,0.0019955636052595344,-0.012762908773173987
2026-01-12,940597733.2988715,-0.01197529836602959,-0.024585367498626387
2026-01-13,950407933.9902596,0.010429751576140546,-0.014412035197904682
2026-01-14,929273025.3830982,-0.02223772324629816,-0.03632926759405586
2026-01-15,906780815.42086,-0.02420409217513405,-0.05965404282768827
2026-01-16,921010624.2215023,0.015692666362860618,-0.044897507456118424
2026-01-19,924022910.7914457,0.0032706317285857668,-0.041773718939952964
2026-01-20,921231993.5611889,-0.0030203983014515457,-0.04466794397167306
2026-01-21,929014662.3854907,0.008448109573590042,-0.03659719408318263
2026-01-22,962135083.8113003,0.03565112884307357,-0.0022507965216636006
2026-01-23,950766078.2959456,-0.011816433790480496,-0.014040633924069956
2026-01-26,928632238.6854885,-0.023280005582579866,-0.03699377347051458
2026-01-27,927351815.1355085,-0.0013788273728170472,-0.03832159281584668
2026-01-28,930854985.5709722,0.003777606705769772,-0.034688750016073855
2026-01-29,934808540.0047578,0.004247229154990783,-0.030588851931501515
2026-01-30,937549588.2514976,0.002932202830245767,-0.027746341819463227
2026-02-02,939354433.9479475,0.001925066918130549,-0.02587468846606844
2026-02-03,942317077.6895456,0.0031539146828174747,-0.022802380343117434
2026-02-04,942219856.4546667,-0.000103172527783613,-0.02290320029168158
2026-02-05,929400350.8831593,-0.013605641489815325,-0.03619722904935885
2026-02-06,907035339.8321354,-0.024063915006887582,-0.059390097012917864
2026-02-09,917046792.6251602,0.011037555377806551,-0.04900806311978467
2026-02-10,905310382.8996375,-0.012798048932624068,-0.06117890446250862
2026-02-11,938974289.5006073,0.037184933738578105,-0.02626890423256767
2026-02-12,933736631.7109175,-0.005578063050560653,-0.03170043767904995
2026-02-13,931367400.9402859,-0.0025373651307760404,-0.03415736722462881
2026-02-23,956193274.0119128,0.026655295264321366,-0.008412546669131826
2026-02-24,962714128.103169,0.006819598368326215,-0.001650318490343805
2026-02-25,961855050.9348712,-0.0008923491857239108,-0.00254119501570671
2026-02-26,956127322.6995854,-0.005954876703842971,-0.008480939216550687
2026-02-27,930927579.3125483,-0.026356054040885202,-0.034613469165127086
2026-03-02,943753277.0861987,0.01377733140436301,-0.021313018996506727
2026-03-03,943594939.8874707,-0.00016777393262869006,-0.021477217160122186
2026-03-04,943684926.8012278,9.536604103432059e-05,-0.021383899316260835
2026-03-05,914974777.342737,-0.030423448169092336,-0.051156775532851806
2026-03-06,917092185.5605851,0.002314171133763428,-0.048960989932322896
2026-03-09,884146589.5474801,-0.03592397420000541,-0.08312609079319289
2026-03-10,884448536.3338147,0.0003415121314771738,-0.08281296723016385
2026-03-11,903011293.3868661,0.02098794479325733,-0.06356309642129898
2026-03-12,899867708.5859469,-0.0034812242371064206,-0.06682304326655808
2026-03-13,893067194.4591951,-0.00755723764934083,-0.07387528329748139
2026-03-16,876829188.2217474,-0.018182289460627662,-0.09071435097320835
2026-03-17,860312679.5761212,-0.018836631886220024,-0.1078422300233487
2026-03-18,873502747.3775215,0.015331713822815087,-0.09416392240926574
2026-03-19,873239471.3863015,-0.0003014025909024548,-0.09443694374998446
2026-03-20,869473960.656721,-0.004312116954130151,-0.09834183755787407
2026-03-23,846767920.6394202,-0.026114686632076688,-0.1218883579193043
2026-03-24,869427626.8249227,0.026760232211432262,-0.09838988646966285
2026-03-25,890578610.3753983,0.024327480399624783,-0.07645598410465004
2026-03-26,873489367.7122445,-0.01918892107227938,-0.09417779733244191
2026-03-27,892845696.9984483,0.022159776640326936,-0.0741049796454798
2026-03-30,896564455.7843117,0.00416506323361926,-0.07024856833801008
2026-03-31,912191364.72763,0.017429766306816166,-0.05404321816071378
2026-04-01,913263044.0703877,0.0011748404821587991,-0.052931869839036305
2026-04-02,931357460.3727323,0.01981292949476884,-0.034167675749414594
2026-04-03,921461033.9577649,-0.010625808925186293,-0.04443042548066989
2026-04-06,906605753.0759543,-0.016121442290408818,-0.05983558523075383
2026-04-07,907401548.2187605,0.0008777742035125842,-0.05901033316040882
2026-04-08,946220486.3700889,0.042780330524595706,-0.018754484192781917
2026-04-09,943488824.0760922,-0.0028869194160823473,-0.021587260924309515
2026-04-10,950616940.7110307,0.007555062077093133,-0.01419529194357394
2026-04-13,953617212.3409617,0.0031561310360058038,-0.011083963109036477
2026-04-14,977280481.4834054,0.024814221929105613,0.0
2026-04-15,985151615.62893,0.008054119871070275,0.0
2026-04-16,999795821.0114571,0.014864925510149132,0.0
2026-04-17,991175861.4964832,-0.008621719889020319,-0.008621719889020274
2026-04-20,1011497259.0066063,0.02050231275753807,0.0
2026-04-21,999502406.0924236,-0.0118585125242583,-0.011858512524258291
2026-04-22,1001846074.2413862,0.002344834924535338,-0.009541483854042854
2026-04-23,990538578.9410207,-0.011286659289380021,-0.02072045166604719
2026-04-24,981070564.5116998,-0.009558450958511008,-0.03008084720347015
2026-04-28,997180563.4588649,0.016420836104876338,-0.014153963760417776
2026-04-29,985645939.1462187,-0.0115672374044644,-0.02555747890585125
2026-05-04,978424454.9562438,-0.007326651389879679,-0.03269687955738354
2026-05-05,988598565.7194225,0.010398463275975357,-0.02263841358272467
2026-05-06,987572360.479381,-0.001038040389320922,-0.02365295438439652
2026-05-07,990073907.385389,0.0025330264455697407,-0.02117984149779828
2026-05-08,987111265.1872078,-0.0029923444866908665,-0.024108808602554266
2026-05-11,972415750.5415474,-0.014887394323144882,-0.03863728558537172
2026-05-12,982408235.9436873,0.01027593948018118,-0.02875838051354429
2026-05-13,998769662.6952466,0.016654407152687095,-0.012582927138981681
2026-05-14,1014912329.1527033,0.016162551847935233,0.0
2026-05-15,1031999956.5582308,0.01683655515328406,0.0
2026-05-18,1040425367.5103592,0.008164158243017335,0.0
2026-05-19,1019054798.0273805,-0.020540223403161036,-0.020540223403161084
2026-05-20,1031485913.0666561,0.012198671811701377,-0.008592115035693904
2026-05-21,1013013330.7668499,-0.017908710207089867,-0.026346951544543473
2026-05-22,1003585717.9658055,-0.009306504183817258,-0.03540825771358058
2026-05-25,1014025039.931818,0.010402023244384362,-0.02537455198897609
2026-05-26,996362202.4605281,-0.017418541728000628,-0.042351106024327456
2026-05-27,982866084.8280145,-0.013545393029949171,-0.05532283667792404
2026-05-28,998017393.8488361,0.015415435789986387,-0.04076022652446609
2026-05-29,992785501.8420377,-0.00524228539406682,-0.04578883517836485
